48000     
200.0
-95826
-95827
-95825
-95818
-95834
-95862
-95844
-95828
-95838
-95828
-95828
-95831
-95825
-95828
-95824
-95827
-95831
-95836
-95842
-95833
-95837
-95839
-95831
-95834
-95830
-95825
-95834
-95839
-95833
-95830
-95825
-95821
-95828
-95832
-95833
-95827
-95820
-95825
-95846
-95852
-95835
-95829
-95820
-95818
-95844
-95856
-95861
-95867
-95852
-95844
-95837
-95819
-95820
-95839
-95855
-95856
-95853
-95848
-95842
-95835
-95831
-95837
-95835
-95829
-95833
-95830
-95843
-95851
-95841
-95846
-95837
-95815
-95820
-95819
-95805
-95817
-95830
-95828
-95836
-95828
-95840
-95859
-95847
-95854
-95859
-95854
-95845
-95822
-95823
-95828
-95815
-95807
-95814
-95831
-95830
-95825
-95835
-95840
-95843
-95840
-95833
-95841
-95855
-95862
-95867
-95861
-95845
-95828
-95816
-95820
-95823
-95828
-95846
-95856
-95858
-95864
-95875
-95865
-95849
-95838
-95816
-95804
-95808
-95825
-95842
-95845
-95848
-95860
-95859
-95837
-95829
-95829
-95815
-95811
-95830
-95837
-95826
-95833
-95831
-95823
-95845
-95852
-95834
-95827
-95828
-95814
-95812
-95821
-95832
-95840
-95823
-95815
-95839
-95859
-95862
-95857
-95845
-95827
-95822
-95828
-95830
-95836
-95857
-95870
-95862
-95850
-95833
-95819
-95824
-95815
-95820
-95849
-95849
-95848
-95852
-95843
-95844
-95850
-95835
-95815
-95816
-95830
-95843
-95854
-95862
-95842
-95830
-95843
-95834
-95842
-95848
-95813
-95814
-95836
-95821
-95808
-95821
-95834
-95832
-95840
-95836
-95817
-95832
-95839
-95822
-95834
-95844
-95817
-95819
-95843
-95836
-95833
-95843
-95859
-95863
-95852
-95867
-95868
-95845
-95830
-95809
-95786
-95788
-95821
-95851
-95863
-95872
-95865
-95860
-95853
-95833
-95824
-95808
-95787
-95793
-95815
-95834
-95857
-95869
-95876
-95882
-95864
-95843
-95838
-95824
-95815
-95823
-95828
-95833
-95841
-95841
-95837
-95831
-95820
-95819
-95832
-95832
-95828
-95830
-95823
-95829
-95835
-95829
-95831
-95842
-95861
-95870
-95864
-95839
-95825
-95841
-95837
-95822
-95826
-95825
-95822
-95830
-95841
-95841
-95853
-95855
-95845
-95845
-95839
-95844
-95839
-95823
-95831
-95832
-95832
-95834
-95826
-95836
-95847
-95842
-95841
-95844
-95853
-95846
-95829
-95821
-95807
-95801
-95809
-95820
-95834
-95867
-95894
-95887
-95877
-95853
-95828
-95825
-95809
-95805
-95816
-95824
-95838
-95835
-95845
-95865
-95855
-95837
-95835
-95848
-95844
-95818
-95807
-95826
-95849
-95843
-95831
-95839
-95844
-95855
-95857
-95837
-95828
-95834
-95835
-95831
-95840
-95841
-95826
-95822
-95827
-95827
-95826
-95831
-95834
-95836
-95850
-95863
-95852
-95834
-95835
-95835
-95843
-95844
-95828
-95833
-95841
-95852
-95851
-95835
-95833
-95825
-95814
-95812
-95815
-95823
-95836
-95855
-95861
-95868
-95862
-95829
-95826
-95830
-95821
-95829
-95827
-95814
-95830
-95853
-95834
-95827
-95840
-95828
-95826
-95827
-95828
-95847
-95858
-95852
-95840
-95833
-95827
-95817
-95819
-95832
-95840
-95840
-95844
-95846
-95842
-95848
-95848
-95836
-95828
-95829
-95841
-95853
-95847
-95836
-95836
-95834
-95835
-95832
-95821
-95834
-95840
-95815
-95807
-95829
-95852
-95877
-95875
-95844
-95836
-95830
-95815
-95829
-95847
-95847
-95848
-95842
-95830
-95818
-95808
-95822
-95836
-95834
-95852
-95846
-95827
-95836
-95822
-95806
-95816
-95824
-95824
-95831
-95848
-95851
-95854
-95865
-95851
-95833
-95830
-95814
-95809
-95830
-95839
-95839
-95835
-95837
-95846
-95831
-95822
-95821
-95830
-95842
-95834
-95831
-95835
-95836
-95834
-95829
-95828
-95839
-95849
-95852
-95862
-95858
-95846
-95847
-95831
-95807
-95807
-95827
-95845
-95859
-95874
-95871
-95842
-95814
-95812
-95824
-95836
-95851
-95846
-95828
-95820
-95821
-95829
-95837
-95830
-95831
-95855
-95857
-95830
-95808
-95814
-95836
-95848
-95847
-95827
-95831
-95841
-95814
-95800
-95811
-95837
-95852
-95845
-95843
-95848
-95857
-95864
-95855
-95840
-95854
-95856
-95830
-95820
-95800
-95796
-95826
-95836
-95835
-95845
-95856
-95856
-95850
-95830
-95806
-95813
-95825
-95830
-95841
-95842
-95843
-95839
-95831
-95841
-95841
-95847
-95857
-95842
-95833
-95819
-95809
-95815
-95831
-95853
-95851
-95842
-95834
-95834
-95851
-95839
-95822
-95826
-95825
-95827
-95833
-95835
-95832
-95827
-95831
-95831
-95833
-95849
-95857
-95857
-95863
-95854
-95833
-95822
-95822
-95828
-95835
-95842
-95832
-95817
-95821
-95827
-95839
-95852
-95848
-95842
-95832
-95825
-95835
-95844
-95837
-95836
-95841
-95839
-95834
-95825
-95823
-95821
-95820
-95831
-95846
-95871
-95869
-95842
-95838
-95832
-95815
-95814
-95829
-95843
-95849
-95844
-95838
-95842
-95838
-95831
-95832
-95812
-95802
-95829
-95834
-95821
-95826
-95829
-95833
-95861
-95876
-95859
-95852
-95851
-95839
-95829
-95829
-95836
-95836
-95846
-95855
-95847
-95859
-95859
-95821
-95798
-95795
-95804
-95841
-95867
-95871
-95864
-95845
-95827
-95822
-95827
-95832
-95844
-95842
-95827
-95840
-95852
-95843
-95842
-95841
-95823
-95808
-95811
-95821
-95840
-95853
-95836
-95824
-95836
-95847
-95835
-95831
-95856
-95853
-95839
-95841
-95831
-95831
-95839
-95841
-95831
-95820
-95834
-95848
-95847
-95835
-95827
-95836
-95841
-95845
-95843
-95834
-95835
-95836
-95830
-95830
-95825
-95824
-95842
-95850
-95834
-95824
-95829
-95817
-95818
-95845
-95836
-95838
-95860
-95848
-95836
-95816
-95798
-95814
-95844
-95851
-95852
-95877
-95867
-95847
-95845
-95814
-95790
-95796
-95815
-95822
-95824
-95847
-95840
-95829
-95853
-95850
-95834
-95835
-95837
-95831
-95842
-95847
-95824
-95821
-95821
-95807
-95807
-95823
-95850
-95860
-95861
-95849
-95834
-95850
-95858
-95846
-95840
-95841
-95850
-95850
-95833
-95833
-95841
-95839
-95838
-95831
-95823
-95824
-95823
-95820
-95812
-95818
-95841
-95851
-95845
-95854
-95855
-95841
-95851
-95845
-95822
-95831
-95843
-95823
-95814
-95827
-95833
-95854
-95865
-95851
-95846
-95835
-95825
-95829
-95818
-95805
-95823
-95840
-95836
-95847
-95873
-95866
-95855
-95857
-95832
-95815
-95815
-95810
-95818
-95827
-95829
-95823
-95824
-95835
-95841
-95854
-95852
-95843
-95843
-95831
-95831
-95826
-95815
-95817
-95819
-95826
-95838
-95849
-95845
-95825
-95814
-95812
-95805
-95810
-95826
-95840
-95839
-95838
-95850
-95859
-95854
-95848
-95845
-95826
-95807
-95817
-95819
-95818
-95844
-95849
-95836
-95842
-95846
-95843
-95849
-95854
-95849
-95841
-95833
-95829
-95834
-95842
-95851
-95841
-95817
-95813
-95810
-95810
-95819
-95826
-95829
-95827
-95836
-95840
-95847
-95869
-95880
-95880
-95862
-95835
-95828
-95835
-95835
-95831
-95823
-95813
-95811
-95806
-95814
-95835
-95833
-95829
-95822
-95807
-95828
-95850
-95845
-95855
-95861
-95837
-95811
-95804
-95806
-95818
-95843
-95851
-95850
-95863
-95860
-95855
-95853
-95830
-95827
-95836
-95835
-95837
-95844
-95858
-95854
-95834
-95829
-95831
-95830
-95828
-95821
-95825
-95838
-95838
-95849
-95874
-95870
-95839
-95818
-95819
-95825
-95827
-95836
-95835
-95830
-95847
-95857
-95854
-95853
-95842
-95825
-95815
-95822
-95836
-95842
-95841
-95821
-95810
-95817
-95817
-95835
-95845
-95835
-95840
-95845
-95857
-95868
-95843
-95805
-95797
-95819
-95829
-95815
-95824
-95843
-95841
-95836
-95819
-95808
-95831
-95849
-95841
-95839
-95851
-95851
-95832
-95832
-95836
-95828
-95823
-95825
-95843
-95857
-95862
-95865
-95848
-95845
-95854
-95851
-95853
-95837
-95820
-95833
-95844
-95835
-95831
-95831
-95821
-95832
-95845
-95840
-95858
-95871
-95858
-95845
-95830
-95829
-95825
-95806
-95801
-95804
-95839
-95894
-95886
-95851
-95830
-95789
-95784
-95832
-95855
-95836
-95823
-95822
-95814
-95840
-95865
-95827
-95807
-95819
-95801
-95810
-95857
-95864
-95846
-95844
-95845
-95849
-95878
-95890
-95856
-95823
-95809
-95813
-95836
-95850
-95842
-95828
-95833
-95843
-95838
-95834
-95822
-95810
-95825
-95841
-95836
-95824
-95828
-95843
-95844
-95836
-95839
-95849
-95849
-95844
-95831
-95815
-95819
-95810
-95791
-95811
-95829
-95827
-95842
-95852
-95855
-95855
-95846
-95846
-95835
-95820
-95824
-95825
-95815
-95807
-95819
-95849
-95857
-95848
-95846
-95831
-95835
-95851
-95837
-95841
-95862
-95862
-95847
-95815
-95810
-95862
-95884
-95849
-95821
-95801
-95801
-95843
-95872
-95858
-95835
-95823
-95821
-95837
-95842
-95823
-95821
-95827
-95830
-95843
-95853
-95851
-95830
-95813
-95822
-95844
-95868
-95871
-95840
-95811
-95807
-95824
-95847
-95857
-95849
-95826
-95815
-95829
-95840
-95834
-95829
-95830
-95837
-95854
-95870
-95859
-95835
-95819
-95814
-95826
-95839
-95834
-95835
-95838
-95820
-95825
-95851
-95851
-95841
-95834
-95834
-95841
-95838
-95843
-95854
-95854
-95840
-95826
-95836
-95844
-95838
-95829
-95812
-95817
-95831
-95827
-95847
-95867
-95837
-95835
-95861
-95858
-95852
-95839
-95814
-95794
-95795
-95806
-95814
-95834
-95847
-95843
-95841
-95841
-95846
-95854
-95854
-95848
-95837
-95826
-95813
-95804
-95818
-95839
-95836
-95837
-95856
-95873
-95879
-95881
-95863
-95827
-95808
-95795
-95786
-95797
-95796
-95803
-95838
-95860
-95869
-95875
-95865
-95850
-95844
-95831
-95824
-95845
-95836
-95820
-95849
-95858
-95851
-95861
-95847
-95823
-95818
-95801
-95783
-95797
-95824
-95850
-95860
-95850
-95850
-95861
-95857
-95837
-95828
-95837
-95830
-95827
-95839
-95830
-95837
-95858
-95850
-95844
-95842
-95831
-95837
-95840
-95825
-95821
-95828
-95823
-95826
-95831
-95833
-95863
-95875
-95853
-95839
-95822
-95816
-95826
-95830
-95838
-95852
-95853
-95845
-95837
-95830
-95838
-95840
-95824
-95819
-95831
-95847
-95845
-95836
-95851
-95855
-95837
-95831
-95829
-95833
-95837
-95827
-95825
-95844
-95840
-95814
-95818
-95820
-95816
-95842
-95855
-95857
-95871
-95864
-95845
-95833
-95818
-95823
-95837
-95837
-95847
-95851
-95837
-95831
-95821
-95807
-95807
-95821
-95840
-95837
-95834
-95851
-95852
-95848
-95833
-95815
-95832
-95845
-95840
-95849
-95865
-95856
-95849
-95852
-95822
-95805
-95813
-95797
-95801
-95825
-95837
-95844
-95850
-95858
-95854
-95847
-95844
-95841
-95832
-95842
-95862
-95851
-95848
-95852
-95834
-95830
-95836
-95838
-95842
-95835
-95822
-95813
-95814
-95822
-95841
-95863
-95860
-95848
-95852
-95854
-95830
-95808
-95811
-95811
-95812
-95824
-95831
-95848
-95853
-95832
-95826
-95827
-95831
-95837
-95820
-95811
-95826
-95839
-95850
-95863
-95857
-95832
-95817
-95819
-95830
-95843
-95837
-95827
-95838
-95845
-95850
-95861
-95863
-95847
-95823
-95816
-95822
-95818
-95818
-95826
-95826
-95828
-95832
-95835
-95847
-95843
-95829
-95834
-95833
-95833
-95853
-95853
-95837
-95838
-95830
-95807
-95817
-95842
-95842
-95832
-95835
-95843
-95843
-95846
-95846
-95846
-95855
-95846
-95835
-95848
-95848
-95837
-95842
-95830
-95807
-95805
-95801
-95809
-95833
-95835
-95845
-95865
-95857
-95853
-95850
-95845
-95852
-95859
-95851
-95828
-95822
-95813
-95794
-95795
-95807
-95830
-95841
-95848
-95858
-95836
-95830
-95820
-95792
-95809
-95825
-95829
-95873
-95899
-95867
-95847
-95854
-95834
-95812
-95812
-95801
-95807
-95848
-95863
-95849
-95849
-95860
-95838
-95809
-95809
-95813
-95830
-95853
-95854
-95851
-95851
-95842
-95831
-95835
-95841
-95837
-95830
-95815
-95811
-95823
-95816
-95813
-95836
-95845
-95849
-95850
-95843
-95856
-95853
-95837
-95843
-95840
-95836
-95836
-95825
-95825
-95818
-95805
-95819
-95838
-95848
-95849
-95833
-95826
-95837
-95833
-95817
-95827
-95839
-95842
-95856
-95864
-95863
-95861
-95852
-95833
-95808
-95805
-95809
-95814
-95831
-95839
-95833
-95831
-95845
-95846
-95844
-95850
-95837
-95827
-95833
-95832
-95843
-95849
-95834
-95833
-95838
-95841
-95847
-95836
-95823
-95820
-95819
-95829
-95833
-95835
-95846
-95844
-95836
-95833
-95833
-95832
-95823
-95824
-95827
-95829
-95836
-95831
-95827
-95829
-95828
-95827
-95828
-95841
-95838
-95820
-95828
-95835
-95845
-95859
-95848
-95839
-95838
-95836
-95829
-95822
-95824
-95817
-95829
-95867
-95869
-95847
-95837
-95824
-95823
-95851
-95860
-95838
-95821
-95821
-95847
-95853
-95836
-95848
-95848
-95822
-95814
-95823
-95812
-95817
-95853
-95850
-95836
-95835
-95824
-95829
-95846
-95852
-95844
-95839
-95836
-95827
-95832
-95836
-95833
-95847
-95849
-95834
-95835
-95827
-95821
-95846
-95861
-95848
-95842
-95857
-95851
-95832
-95830
-95824
-95825
-95837
-95838
-95830
-95830
-95836
-95832
-95832
-95835
-95827
-95825
-95825
-95824
-95831
-95841
-95845
-95837
-95836
-95857
-95869
-95851
-95841
-95839
-95827
-95819
-95819
-95822
-95831
-95854
-95856
-95843
-95840
-95828
-95824
-95824
-95824
-95826
-95821
-95822
-95826
-95837
-95849
-95850
-95846
-95844
-95837
-95822
-95824
-95831
-95832
-95825
-95808
-95807
-95823
-95844
-95860
-95853
-95846
-95861
-95865
-95851
-95854
-95858
-95838
-95827
-95826
-95825
-95837
-95835
-95823
-95832
-95847
-95838
-95827
-95833
-95828
-95826
-95844
-95848
-95846
-95856
-95845
-95831
-95820
-95814
-95822
-95826
-95836
-95830
-95829
-95846
-95851
-95852
-95837
-95830
-95830
-95818
-95829
-95844
-95848
-95846
-95835
-95838
-95840
-95832
-95817
-95809
-95824
-95842
-95849
-95859
-95863
-95850
-95838
-95840
-95834
-95835
-95844
-95824
-95814
-95825
-95823
-95833
-95865
-95873
-95858
-95858
-95845
-95820
-95834
-95843
-95839
-95845
-95845
-95846
-95855
-95870
-95864
-95841
-95827
-95810
-95799
-95817
-95846
-95854
-95856
-95858
-95846
-95844
-95839
-95830
-95834
-95817
-95805
-95823
-95839
-95834
-95826
-95827
-95825
-95835
-95856
-95859
-95857
-95855
-95850
-95839
-95824
-95819
-95824
-95834
-95829
-95825
-95835
-95843
-95854
-95861
-95860
-95855
-95850
-95852
-95837
-95819
-95836
-95851
-95840
-95852
-95859
-95824
-95816
-95837
-95826
-95812
-95817
-95811
-95820
-95857
-95869
-95857
-95845
-95828
-95824
-95846
-95847
-95829
-95833
-95825
-95828
-95851
-95839
-95822
-95830
-95827
-95823
-95836
-95835
-95835
-95852
-95867
-95860
-95841
-95825
-95825
-95839
-95833
-95819
-95822
-95827
-95857
-95865
-95838
-95831
-95828
-95833
-95849
-95845
-95831
-95830
-95838
-95825
-95824
-95855
-95846
-95833
-95845
-95839
-95842
-95853
-95838
-95818
-95815
-95826
-95836
-95822
-95811
-95834
-95844
-95831
-95838
-95844
-95832
-95833
-95846
-95844
-95844
-95856
-95852
-95853
-95853
-95836
-95832
-95835
-95845
-95854
-95838
-95828
-95828
-95839
-95853
-95826
-95813
-95849
-95851
-95835
-95844
-95831
-95816
-95836
-95840
-95826
-95828
-95843
-95850
-95841
-95831
-95827
-95837
-95851
-95843
-95844
-95863
-95853
-95834
-95825
-95800
-95793
-95827
-95841
-95837
-95854
-95852
-95839
-95840
-95844
-95854
-95854
-95838
-95825
-95819
-95815
-95824
-95839
-95841
-95843
-95847
-95857
-95851
-95837
-95842
-95826
-95823
-95844
-95840
-95839
-95842
-95841
-95840
-95831
-95833
-95837
-95849
-95862
-95851
-95846
-95845
-95840
-95847
-95847
-95824
-95807
-95808
-95816
-95826
-95827
-95832
-95856
-95854
-95837
-95844
-95854
-95853
-95855
-95850
-95821
-95801
-95808
-95811
-95825
-95854
-95864
-95860
-95859
-95856
-95833
-95819
-95840
-95841
-95833
-95840
-95815
-95817
-95853
-95847
-95836
-95858
-95864
-95855
-95859
-95854
-95848
-95847
-95832
-95822
-95811
-95818
-95843
-95842
-95840
-95863
-95874
-95853
-95838
-95840
-95829
-95824
-95829
-95823
-95822
-95825
-95821
-95824
-95832
-95854
-95877
-95886
-95876
-95852
-95834
-95824
-95830
-95838
-95846
-95852
-95837
-95825
-95823
-95830
-95840
-95837
-95820
-95809
-95822
-95829
-95833
-95848
-95843
-95826
-95829
-95831
-95832
-95842
-95843
-95847
-95853
-95850
-95847
-95850
-95858
-95858
-95849
-95840
-95842
-95835
-95812
-95809
-95831
-95847
-95848
-95852
-95847
-95844
-95842
-95824
-95831
-95848
-95845
-95838
-95831
-95822
-95812
-95820
-95827
-95819
-95826
-95839
-95847
-95850
-95835
-95833
-95855
-95853
-95831
-95818
-95819
-95826
-95835
-95848
-95830
-95818
-95841
-95835
-95821
-95827
-95829
-95840
-95842
-95834
-95834
-95836
-95850
-95857
-95853
-95854
-95843
-95826
-95819
-95838
-95854
-95846
-95839
-95822
-95820
-95838
-95825
-95817
-95830
-95838
-95849
-95857
-95850
-95848
-95846
-95836
-95835
-95832
-95832
-95840
-95845
-95844
-95844
-95848
-95835
-95832
-95829
-95805
-95809
-95825
-95832
-95848
-95865
-95865
-95847
-95837
-95822
-95808
-95814
-95818
-95817
-95835
-95847
-95847
-95871
-95886
-95868
-95848
-95820
-95797
-95810
-95849
-95860
-95823
-95801
-95814
-95824
-95844
-95859
-95848
-95853
-95862
-95855
-95849
-95835
-95822
-95811
-95810
-95828
-95837
-95853
-95861
-95835
-95822
-95820
-95813
-95824
-95832
-95815
-95810
-95836
-95832
-95816
-95844
-95864
-95855
-95833
-95811
-95811
-95806
-95808
-95836
-95846
-95834
-95842
-95856
-95844
-95838
-95843
-95835
-95830
-95841
-95854
-95847
-95850
-95848
-95834
-95838
-95840
-95839
-95830
-95808
-95819
-95848
-95849
-95849
-95844
-95825
-95817
-95814
-95827
-95838
-95841
-95849
-95847
-95837
-95839
-95856
-95841
-95810
-95821
-95829
-95825
-95839
-95837
-95827
-95831
-95824
-95820
-95831
-95840
-95861
-95865
-95836
-95828
-95830
-95818
-95810
-95799
-95806
-95826
-95842
-95864
-95854
-95837
-95846
-95833
-95809
-95807
-95806
-95810
-95837
-95856
-95855
-95872
-95869
-95838
-95838
-95825
-95797
-95813
-95828
-95827
-95826
-95826
-95853
-95864
-95844
-95846
-95845
-95824
-95831
-95846
-95839
-95837
-95834
-95817
-95806
-95820
-95834
-95822
-95823
-95845
-95851
-95834
-95815
-95811
-95819
-95837
-95844
-95835
-95830
-95824
-95822
-95827
-95833
-95849
-95861
-95861
-95857
-95841
-95840
-95845
-95810
-95787
-95788
-95792
-95829
-95858
-95855
-95857
-95855
-95842
-95843
-95850
-95846
-95845
-95839
-95821
-95815
-95823
-95835
-95833
-95814
-95826
-95846
-95836
-95838
-95831
-95815
-95828
-95833
-95845
-95852
-95829
-95832
-95845
-95842
-95849
-95850
-95832
-95830
-95830
-95807
-95820
-95848
-95846
-95851
-95855
-95847
-95845
-95834
-95822
-95820
-95813
-95815
-95829
-95836
-95848
-95844
-95830
-95835
-95829
-95822
-95827
-95824
-95834
-95858
-95854
-95841
-95842
-95836
-95826
-95812
-95805
-95813
-95821
-95831
-95836
-95830
-95830
-95827
-95828
-95855
-95863
-95836
-95849
-95861
-95830
-95829
-95823
-95809
-95827
-95824
-95820
-95833
-95825
-95822
-95829
-95822
-95823
-95831
-95835
-95840
-95837
-95839
-95844
-95844
-95851
-95848
-95830
-95812
-95808
-95807
-95809
-95821
-95826
-95842
-95845
-95838
-95848
-95843
-95836
-95835
-95826
-95821
-95817
-95816
-95824
-95831
-95842
-95844
-95830
-95834
-95839
-95836
-95847
-95844
-95828
-95818
-95821
-95819
-95808
-95818
-95825
-95819
-95828
-95837
-95827
-95817
-95826
-95841
-95842
-95840
-95847
-95846
-95841
-95841
-95835
-95829
-95838
-95848
-95826
-95816
-95836
-95845
-95848
-95841
-95836
-95849
-95855
-95856
-95856
-95841
-95821
-95819
-95822
-95822
-95842
-95838
-95817
-95821
-95812
-95808
-95830
-95844
-95838
-95828
-95823
-95815
-95827
-95841
-95837
-95831
-95838
-95839
-95823
-95823
-95827
-95823
-95828
-95833
-95834
-95837
-95843
-95837
-95818
-95813
-95815
-95801
-95813
-95826
-95816
-95835
-95852
-95849
-95839
-95834
-95835
-95827
-95834
-95836
-95830
-95841
-95838
-95830
-95829
-95837
-95836
-95817
-95816
-95810
-95800
-95805
-95816
-95842
-95865
-95868
-95859
-95850
-95846
-95838
-95830
-95828
-95831
-95835
-95839
-95841
-95825
-95808
-95811
-95822
-95831
-95831
-95825
-95820
-95824
-95829
-95831
-95841
-95843
-95833
-95837
-95841
-95834
-95821
-95817
-95824
-95842
-95848
-95826
-95821
-95826
-95818
-95819
-95817
-95805
-95818
-95840
-95850
-95861
-95844
-95833
-95843
-95825
-95809
-95809
-95800
-95795
-95820
-95847
-95851
-95860
-95864
-95848
-95833
-95831
-95830
-95830
-95844
-95842
-95822
-95826
-95834
-95823
-95835
-95854
-95840
-95826
-95825
-95814
-95807
-95810
-95815
-95834
-95838
-95841
-95842
-95825
-95822
-95819
-95819
-95824
-95826
-95849
-95864
-95862
-95861
-95844
-95831
-95828
-95820
-95814
-95819
-95828
-95820
-95815
-95830
-95841
-95846
-95841
-95828
-95821
-95827
-95833
-95823
-95838
-95858
-95850
-95840
-95821
-95803
-95806
-95815
-95814
-95821
-95838
-95853
-95869
-95861
-95842
-95836
-95838
-95839
-95828
-95817
-95810
-95823
-95847
-95848
-95851
-95851
-95840
-95825
-95808
-95798
-95798
-95826
-95831
-95821
-95846
-95849
-95838
-95841
-95835
-95837
-95841
-95826
-95820
-95826
-95823
-95821
-95831
-95827
-95827
-95842
-95839
-95845
-95866
-95858
-95836
-95836
-95835
-95820
-95821
-95824
-95823
-95835
-95827
-95812
-95817
-95829
-95842
-95845
-95836
-95833
-95828
-95818
-95818
-95826
-95841
-95847
-95832
-95827
-95834
-95824
-95824
-95834
-95825
-95825
-95835
-95828
-95828
-95844
-95846
-95840
-95852
-95845
-95821
-95821
-95829
-95828
-95827
-95839
-95852
-95837
-95833
-95833
-95816
-95815
-95813
-95817
-95829
-95823
-95819
-95830
-95837
-95840
-95847
-95839
-95836
-95843
-95823
-95799
-95808
-95822
-95812
-95813
-95831
-95845
-95854
-95846
-95831
-95825
-95828
-95823
-95821
-95840
-95853
-95858
-95859
-95844
-95836
-95833
-95817
-95814
-95832
-95839
-95825
-95824
-95842
-95851
-95851
-95835
-95827
-95827
-95811
-95806
-95810
-95832
-95840
-95829
-95841
-95849
-95842
-95838
-95831
-95821
-95816
-95826
-95832
-95835
-95843
-95832
-95821
-95824
-95818
-95819
-95832
-95849
-95858
-95854
-95863
-95845
-95819
-95813
-95809
-95816
-95821
-95830
-95836
-95842
-95855
-95853
-95847
-95851
-95855
-95835
-95827
-95839
-95824
-95823
-95836
-95829
-95825
-95832
-95839
-95844
-95844
-95838
-95833
-95834
-95835
-95821
-95814
-95819
-95811
-95811
-95828
-95841
-95856
-95872
-95862
-95842
-95842
-95820
-95798
-95806
-95803
-95817
-95844
-95842
-95835
-95830
-95820
-95827
-95837
-95835
-95834
-95847
-95853
-95842
-95830
-95824
-95837
-95834
-95811
-95822
-95834
-95835
-95850
-95840
-95812
-95809
-95817
-95822
-95842
-95851
-95845
-95848
-95831
-95816
-95826
-95827
-95810
-95820
-95845
-95850
-95846
-95818
-95806
-95830
-95827
-95816
-95830
-95842
-95829
-95827
-95840
-95829
-95835
-95851
-95845
-95854
-95867
-95850
-95842
-95853
-95837
-95823
-95837
-95839
-95829
-95827
-95831
-95831
-95828
-95826
-95820
-95833
-95844
-95836
-95855
-95864
-95831
-95818
-95833
-95832
-95826
-95845
-95838
-95808
-95813
-95831
-95838
-95845
-95855
-95852
-95836
-95836
-95837
-95820
-95815
-95830
-95834
-95841
-95846
-95825
-95816
-95829
-95837
-95835
-95829
-95834
-95848
-95835
-95815
-95820
-95824
-95834
-95844
-95838
-95841
-95848
-95857
-95856
-95839
-95830
-95822
-95831
-95854
-95840
-95821
-95837
-95833
-95805
-95812
-95824
-95801
-95804
-95844
-95832
-95822
-95864
-95866
-95842
-95860
-95881
-95863
-95821
-95807
-95823
-95819
-95818
-95832
-95824
-95805
-95821
-95851
-95834
-95824
-95853
-95851
-95820
-95825
-95839
-95807
-95798
-95818
-95822
-95836
-95843
-95847
-95865
-95867
-95854
-95833
-95828
-95830
-95824
-95815
-95823
-95836
-95827
-95834
-95852
-95849
-95839
-95844
-95868
-95865
-95840
-95829
-95814
-95791
-95795
-95827
-95828
-95825
-95844
-95833
-95821
-95833
-95843
-95848
-95840
-95835
-95835
-95834
-95841
-95838
-95827
-95822
-95824
-95829
-95837
-95850
-95852
-95859
-95861
-95844
-95834
-95834
-95824
-95804
-95804
-95823
-95825
-95828
-95847
-95856
-95857
-95849
-95825
-95825
-95847
-95852
-95847
-95834
-95825
-95837
-95833
-95821
-95818
-95806
-95794
-95807
-95834
-95842
-95848
-95866
-95882
-95870
-95829
-95824
-95842
-95832
-95821
-95828
-95828
-95832
-95843
-95832
-95828
-95850
-95849
-95832
-95825
-95832
-95828
-95805
-95797
-95808
-95829
-95856
-95870
-95857
-95853
-95862
-95841
-95823
-95822
-95817
-95819
-95822
-95817
-95815
-95830
-95827
-95803
-95812
-95850
-95862
-95841
-95840
-95851
-95848
-95839
-95825
-95821
-95822
-95829
-95838
-95835
-95833
-95823
-95817
-95838
-95861
-95851
-95819
-95807
-95822
-95827
-95827
-95842
-95851
-95849
-95843
-95827
-95818
-95835
-95856
-95852
-95838
-95828
-95822
-95833
-95841
-95829
-95821
-95835
-95849
-95853
-95841
-95826
-95826
-95819
-95811
-95802
-95799
-95824
-95845
-95845
-95849
-95861
-95856
-95843
-95839
-95833
-95842
-95844
-95818
-95800
-95799
-95809
-95823
-95825
-95836
-95874
-95897
-95874
-95845
-95839
-95836
-95825
-95818
-95815
-95813
-95825
-95851
-95853
-95831
-95843
-95852
-95836
-95832
-95818
-95811
-95830
-95838
-95830
-95827
-95830
-95834
-95843
-95854
-95857
-95840
-95824
-95820
-95823
-95835
-95831
-95832
-95846
-95836
-95835
-95837
-95822
-95826
-95838
-95836
-95837
-95839
-95828
-95820
-95821
-95824
-95823
-95816
-95813
-95828
-95850
-95854
-95862
-95859
-95840
-95854
-95858
-95829
-95804
-95791
-95800
-95813
-95810
-95821
-95845
-95857
-95859
-95861
-95868
-95863
-95839
-95835
-95825
-95803
-95818
-95831
-95829
-95832
-95822
-95832
-95839
-95807
-95800
-95828
-95850
-95854
-95860
-95855
-95823
-95821
-95833
-95821
-95822
-95836
-95830
-95808
-95810
-95808
-95802
-95850
-95880
-95852
-95835
-95830
-95823
-95832
-95845
-95844
-95838
-95843
-95841
-95845
-95864
-95853
-95826
-95816
-95819
-95818
-95815
-95822
-95831
-95834
-95837
-95840
-95829
-95821
-95820
-95828
-95848
-95847
-95835
-95841
-95845
-95835
-95844
-95859
-95837
-95825
-95843
-95842
-95826
-95829
-95847
-95842
-95817
-95823
-95838
-95837
-95834
-95814
-95808
-95820
-95832
-95836
-95820
-95817
-95840
-95844
-95831
-95842
-95867
-95859
-95821
-95808
-95834
-95847
-95838
-95825
-95815
-95823
-95835
-95841
-95856
-95867
-95847
-95834
-95837
-95831
-95834
-95840
-95840
-95831
-95807
-95814
-95828
-95823
-95829
-95832
-95835
-95832
-95824
-95837
-95836
-95823
-95830
-95849
-95857
-95845
-95841
-95834
-95828
-95833
-95820
-95804
-95799
-95821
-95848
-95844
-95835
-95825
-95828
-95834
-95830
-95832
-95834
-95841
-95832
-95829
-95844
-95823
-95800
-95822
-95840
-95831
-95838
-95843
-95832
-95843
-95857
-95853
-95855
-95861
-95846
-95821
-95812
-95792
-95779
-95795
-95796
-95827
-95869
-95859
-95847
-95848
-95840
-95817
-95800
-95806
-95827
-95855
-95850
-95844
-95860
-95850
-95836
-95832
-95821
-95818
-95820
-95823
-95820
-95816
-95815
-95820
-95842
-95857
-95846
-95824
-95811
-95805
-95824
-95841
-95831
-95835
-95845
-95837
-95830
-95830
-95834
-95840
-95844
-95836
-95828
-95836
-95833
-95827
-95829
-95816
-95818
-95846
-95856
-95843
-95845
-95843
-95825
-95825
-95833
-95832
-95842
-95847
-95832
-95824
-95827
-95831
-95837
-95843
-95850
-95847
-95840
-95827
-95805
-95811
-95824
-95827
-95835
-95830
-95821
-95837
-95847
-95849
-95844
-95819
-95810
-95826
-95833
-95828
-95819
-95819
-95828
-95827
-95822
-95837
-95859
-95858
-95858
-95850
-95819
-95820
-95845
-95848
-95836
-95831
-95844
-95850
-95833
-95815
-95815
-95830
-95841
-95828
-95812
-95834
-95847
-95829
-95838
-95856
-95858
-95855
-95839
-95826
-95819
-95816
-95826
-95839
-95840
-95848
-95852
-95835
-95836
-95837
-95811
-95811
-95830
-95816
-95825
-95863
-95861
-95869
-95898
-95864
-95824
-95820
-95814
-95825
-95825
-95806
-95819
-95832
-95840
-95859
-95849
-95832
-95840
-95832
-95821
-95834
-95830
-95829
-95844
-95834
-95810
-95815
-95841
-95852
-95848
-95846
-95854
-95858
-95856
-95851
-95839
-95837
-95842
-95825
-95809
-95820
-95832
-95832
-95847
-95860
-95843
-95824
-95828
-95839
-95831
-95813
-95820
-95836
-95837
-95849
-95852
-95836
-95832
-95836
-95830
-95827
-95831
-95823
-95822
-95833
-95836
-95832
-95819
-95813
-95807
-95801
-95821
-95844
-95846
-95850
-95867
-95861
-95834
-95830
-95829
-95820
-95825
-95837
-95838
-95835
-95840
-95842
-95845
-95833
-95822
-95835
-95840
-95844
-95849
-95824
-95817
-95851
-95854
-95823
-95817
-95826
-95817
-95822
-95842
-95829
-95820
-95842
-95864
-95868
-95857
-95842
-95823
-95811
-95812
-95826
-95832
-95830
-95839
-95835
-95819
-95827
-95842
-95838
-95830
-95832
-95841
-95845
-95853
-95860
-95848
-95830
-95805
-95792
-95811
-95832
-95840
-95851
-95851
-95829
-95823
-95843
-95861
-95862
-95862
-95869
-95846
-95821
-95830
-95822
-95799
-95806
-95829
-95848
-95859
-95873
-95882
-95872
-95841
-95815
-95805
-95782
-95791
-95829
-95840
-95854
-95863
-95851
-95853
-95860
-95838
-95814
-95813
-95801
-95799
-95822
-95822
-95826
-95862
-95863
-95833
-95838
-95843
-95825
-95831
-95838
-95827
-95832
-95828
-95814
-95832
-95856
-95849
-95838
-95836
-95817
-95808
-95817
-95805
-95808
-95847
-95854
-95848
-95870
-95872
-95858
-95871
-95872
-95824
-95806
-95828
-95830
-95832
-95823
-95801
-95813
-95829
-95818
-95820
-95844
-95854
-95851
-95862
-95858
-95824
-95813
-95828
-95818
-95809
-95817
-95812
-95804
-95812
-95831
-95846
-95852
-95852
-95855
-95858
-95844
-95835
-95829
-95811
-95807
-95808
-95809
-95816
-95833
-95852
-95853
-95858
-95860
-95853
-95849
-95841
-95836
-95840
-95842
-95837
-95834
-95828
-95818
-95822
-95833
-95842
-95843
-95841
-95849
-95855
-95847
-95850
-95855
-95838
-95838
-95836
-95820
-95816
-95810
-95821
-95827
-95818
-95829
-95836
-95815
-95797
-95822
-95852
-95837
-95828
-95844
-95856
-95884
-95857
-95795
-95825
-95853
-95813
-95797
-95804
-95797
-95808
-95856
-95868
-95847
-95838
-95824
-95865
-95894
-95844
-95841
-95839
-95803
-95843
-95873
-95828
-95825
-95853
-95837
-95837
-95853
-95833
-95822
-95819
-95805
-95795
-95808
-95834
-95839
-95850
-95862
-95844
-95827
-95837
-95841
-95828
-95834
-95844
-95838
-95844
-95833
-95813
-95820
-95827
-95833
-95838
-95833
-95838
-95832
-95816
-95823
-95850
-95867
-95859
-95836
-95834
-95834
-95801
-95785
-95804
-95823
-95827
-95839
-95875
-95879
-95838
-95801
-95802
-95836
-95861
-95859
-95836
-95794
-95795
-95823
-95811
-95811
-95827
-95826
-95844
-95863
-95864
-95866
-95847
-95804
-95796
-95812
-95832
-95854
-95857
-95840
-95802
-95779
-95795
-95820
-95833
-95835
-95842
-95855
-95854
-95823
-95807
-95842
-95859
-95856
-95866
-95847
-95816
-95803
-95799
-95817
-95841
-95852
-95860
-95852
-95841
-95840
-95820
-95799
-95802
-95810
-95825
-95844
-95842
-95856
-95871
-95849
-95843
-95838
-95808
-95824
-95848
-95819
-95807
-95829
-95832
-95819
-95801
-95798
-95834
-95865
-95852
-95845
-95872
-95869
-95839
-95820
-95807
-95811
-95840
-95863
-95860
-95850
-95823
-95794
-95812
-95849
-95850
-95826
-95816
-95814
-95814
-95823
-95822
-95824
-95846
-95857
-95837
-95820
-95833
-95840
-95839
-95843
-95842
-95848
-95851
-95834
-95833
-95850
-95831
-95805
-95810
-95807
-95807
-95823
-95824
-95831
-95850
-95855
-95844
-95840
-95841
-95825
-95819
-95844
-95846
-95826
-95831
-95832
-95818
-95835
-95862
-95865
-95856
-95855
-95851
-95827
-95817
-95834
-95836
-95826
-95833
-95850
-95853
-95840
-95831
-95829
-95823
-95812
-95809
-95804
-95807
-95827
-95843
-95835
-95828
-95839
-95836
-95833
-95835
-95835
-95830
-95817
-95825
-95832
-95832
-95837
-95825
-95823
-95834
-95849
-95859
-95849
-95850
-95853
-95840
-95837
-95838
-95832
-95821
-95829
-95845
-95840
-95844
-95851
-95847
-95854
-95854
-95840
-95833
-95820
-95803
-95802
-95799
-95793
-95796
-95819
-95854
-95867
-95864
-95871
-95863
-95842
-95833
-95826
-95818
-95826
-95842
-95824
-95805
-95823
-95828
-95817
-95821
-95829
-95823
-95827
-95852
-95856
-95842
-95846
-95851
-95849
-95843
-95834
-95827
-95823
-95839
-95853
-95835
-95827
-95843
-95857
-95854
-95843
-95841
-95837
-95835
-95831
-95818
-95827
-95837
-95827
-95842
-95850
-95832
-95829
-95831
-95821
-95820
-95830
-95834
-95833
-95842
-95847
-95844
-95836
-95822
-95827
-95839
-95839
-95844
-95833
-95800
-95798
-95826
-95845
-95851
-95856
-95860
-95856
-95859
-95864
-95844
-95834
-95845
-95830
-95791
-95786
-95810
-95821
-95836
-95849
-95840
-95839
-95857
-95847
-95831
-95843
-95846
-95833
-95828
-95839
-95846
-95837
-95832
-95834
-95822
-95812
-95829
-95840
-95842
-95843
-95841
-95847
-95863
-95877
-95860
-95831
-95829
-95832
-95832
-95829
-95827
-95838
-95838
-95839
-95845
-95828
-95810
-95814
-95824
-95832
-95837
-95842
-95840
-95832
-95829
-95837
-95847
-95839
-95837
-95838
-95816
-95812
-95817
-95809
-95817
-95835
-95843
-95844
-95852
-95872
-95871
-95854
-95851
-95847
-95836
-95831
-95827
-95829
-95837
-95833
-95836
-95837
-95817
-95829
-95851
-95840
-95838
-95843
-95833
-95834
-95839
-95848
-95857
-95843
-95826
-95819
-95809
-95808
-95825
-95845
-95853
-95865
-95858
-95829
-95827
-95838
-95845
-95845
-95844
-95839
-95829
-95835
-95837
-95829
-95829
-95826
-95822
-95821
-95835
-95856
-95845
-95829
-95831
-95831
-95827
-95822
-95825
-95836
-95841
-95838
-95831
-95825
-95821
-95830
-95836
-95845
-95862
-95856
-95853
-95855
-95841
-95832
-95833
-95831
-95833
-95836
-95830
-95838
-95838
-95821
-95828
-95835
-95818
-95825
-95844
-95830
-95828
-95831
-95811
-95821
-95828
-95821
-95837
-95843
-95843
-95856
-95864
-95862
-95844
-95821
-95814
-95817
-95810
-95807
-95815
-95835
-95859
-95857
-95838
-95831
-95835
-95848
-95845
-95824
-95812
-95806
-95818
-95846
-95866
-95864
-95840
-95826
-95827
-95830
-95840
-95844
-95839
-95841
-95841
-95832
-95834
-95849
-95861
-95864
-95854
-95834
-95830
-95827
-95817
-95823
-95831
-95828
-95839
-95850
-95850
-95862
-95862
-95856
-95857
-95837
-95823
-95830
-95832
-95839
-95841
-95827
-95819
-95810
-95802
-95820
-95849
-95868
-95872
-95861
-95852
-95832
-95811
-95816
-95818
-95808
-95809
-95817
-95835
-95841
-95847
-95862
-95854
-95829
-95815
-95816
-95820
-95855
-95875
-95846
-95854
-95877
-95861
-95853
-95838
-95814
-95822
-95842
-95842
-95830
-95826
-95825
-95806
-95792
-95810
-95832
-95835
-95840
-95839
-95829
-95839
-95850
-95854
-95850
-95839
-95840
-95835
-95826
-95814
-95799
-95801
-95818
-95830
-95825
-95835
-95844
-95837
-95839
-95837
-95841
-95837
-95804
-95789
-95801
-95821
-95836
-95838
-95846
-95842
-95841
-95844
-95823
-95832
-95850
-95833
-95828
-95836
-95843
-95858
-95869
-95860
-95840
-95840
-95836
-95824
-95828
-95832
-95847
-95844
-95825
-95834
-95841
-95835
-95834
-95839
-95840
-95842
-95852
-95850
-95845
-95835
-95812
-95805
-95812
-95811
-95806
-95805
-95821
-95843
-95852
-95851
-95828
-95808
-95815
-95829
-95843
-95843
-95824
-95819
-95827
-95833
-95837
-95837
-95853
-95860
-95842
-95836
-95826
-95818
-95825
-95835
-95839
-95842
-95854
-95847
-95847
-95844
-95821
-95827
-95832
-95828
-95844
-95844
-95836
-95830
-95822
-95827
-95837
-95857
-95867
-95855
-95839
-95823
-95805
-95795
-95810
-95828
-95830
-95845
-95850
-95844
-95842
-95829
-95816
-95810
-95824
-95835
-95830
-95835
-95835
-95845
-95856
-95849
-95834
-95819
-95823
-95826
-95829
-95831
-95837
-95862
-95861
-95851
-95850
-95840
-95835
-95821
-95806
-95817
-95832
-95833
-95822
-95807
-95807
-95826
-95844
-95836
-95822
-95842
-95874
-95889
-95884
-95867
-95846
-95823
-95813
-95821
-95816
-95811
-95833
-95841
-95840
-95858
-95863
-95853
-95844
-95834
-95824
-95825
-95827
-95829
-95849
-95848
-95825
-95812
-95820
-95836
-95836
-95836
-95832
-95822
-95823
-95820
-95823
-95829
-95818
-95823
-95842
-95846
-95836
-95836
-95843
-95842
-95833
-95813
-95810
-95818
-95808
-95827
-95861
-95870
-95867
-95853
-95838
-95820
-95808
-95818
-95822
-95824
-95840
-95840
-95830
-95845
-95857
-95844
-95851
-95858
-95832
-95807
-95809
-95814
-95815
-95835
-95850
-95845
-95843
-95843
-95848
-95851
-95832
-95809
-95814
-95820
-95809
-95820
-95832
-95827
-95830
-95844
-95850
-95838
-95833
-95831
-95829
-95839
-95840
-95853
-95870
-95856
-95842
-95836
-95835
-95839
-95831
-95829
-95824
-95817
-95829
-95830
-95836
-95848
-95833
-95832
-95836
-95825
-95830
-95835
-95829
-95829
-95839
-95849
-95850
-95852
-95854
-95837
-95814
-95807
-95816
-95834
-95853
-95849
-95821
-95804
-95812
-95845
-95868
-95847
-95840
-95847
-95844
-95845
-95828
-95814
-95802
-95784
-95802
-95840
-95855
-95859
-95858
-95839
-95840
-95862
-95847
-95829
-95823
-95803
-95806
-95831
-95843
-95856
-95876
-95868
-95845
-95846
-95845
-95838
-95837
-95816
-95789
-95801
-95833
-95836
-95833
-95847
-95853
-95854
-95861
-95857
-95833
-95819
-95816
-95813
-95833
-95846
-95825
-95819
-95835
-95841
-95840
-95823
-95812
-95819
-95826
-95832
-95825
-95827
-95854
-95862
-95858
-95848
-95834
-95835
-95836
-95843
-95842
-95833
-95829
-95834
-95846
-95852
-95847
-95835
-95835
-95846
-95839
-95835
-95834
-95816
-95812
-95834
-95836
-95825
-95835
-95844
-95858
-95862
-95841
-95833
-95838
-95837
-95838
-95841
-95832
-95829
-95833
-95816
-95817
-95839
-95836
-95838
-95864
-95862
-95848
-95839
-95815
-95809
-95822
-95813
-95803
-95822
-95842
-95845
-95850
-95859
-95860
-95847
-95825
-95816
-95830
-95844
-95842
-95823
-95819
-95836
-95840
-95848
-95834
-95796
-95803
-95829
-95844
-95842
-95840
-95856
-95857
-95861
-95852
-95833
-95830
-95827
-95823
-95814
-95823
-95836
-95823
-95832
-95848
-95853
-95859
-95851
-95843
-95853
-95865
-95863
-95853
-95831
-95809
-95814
-95817
-95804
-95807
-95824
-95842
-95855
-95861
-95850
-95822
-95821
-95835
-95826
-95822
-95843
-95856
-95850
-95838
-95813
-95790
-95809
-95834
-95831
-95828
-95817
-95815
-95851
-95863
-95850
-95855
-95860
-95857
-95859
-95845
-95808
-95808
-95836
-95832
-95834
-95856
-95850
-95834
-95819
-95810
-95824
-95846
-95854
-95833
-95804
-95793
-95821
-95864
-95868
-95861
-95862
-95852
-95827
-95804
-95796
-95810
-95833
-95837
-95847
-95851
-95838
-95854
-95876
-95855
-95832
-95830
-95803
-95789
-95827
-95847
-95851
-95853
-95837
-95826
-95827
-95831
-95832
-95831
-95840
-95848
-95837
-95822
-95816
-95813
-95809
-95820
-95838
-95841
-95837
-95830
-95830
-95824
-95820
-95835
-95831
-95827
-95847
-95853
-95838
-95834
-95832
-95819
-95832
-95844
-95828
-95817
-95824
-95824
-95810
-95822
-95843
-95852
-95853
-95842
-95839
-95837
-95829
-95827
-95830
-95832
-95835
-95853
-95860
-95844
-95833
-95816
-95802
-95803
-95811
-95817
-95839
-95869
-95859
-95838
-95832
-95829
-95839
-95844
-95840
-95837
-95845
-95868
-95873
-95851
-95834
-95831
-95814
-95797
-95797
-95799
-95819
-95841
-95847
-95847
-95836
-95822
-95820
-95844
-95846
-95829
-95833
-95837
-95847
-95866
-95858
-95831
-95831
-95848
-95841
-95831
-95836
-95841
-95854
-95874
-95863
-95862
-95891
-95897
-95882
-95862
-95842
-95832
-95850
-95873
-95861
-95863
-95871
-95856
-95863
-95873
-95864
-95856
-95853
-95861
-95871
-95870
-95876
-95878
-95879
-95878
-95847
-95825
-95848
-95864
-95863
-95886
-95892
-95862
-95850
-95857
-95860
-95868
-95887
-95892
-95886
-95885
-95885
-95901
-95933
-95948
-95934
-95926
-95925
-95912
-95909
-95913
-95916
-95921
-95921
-95921
-95900
-95857
-95846
-95833
-95804
-95804
-95806
-95804
-95811
-95799
-95759
-95747
-95766
-95767
-95777
-95800
-95828
-95852
-95849
-95841
-95839
-95842
-95857
-95874
-95889
-95893
-95873
-95853
-95840
-95830
-95838
-95832
-95820
-95819
-95798
-95777
-95766
-95745
-95732
-95733
-95727
-95729
-95750
-95761
-95762
-95772
-95787
-95795
-95805
-95810
-95802
-95830
-95865
-95884
-95914
-95924
-95917
-95895
-95853
-95825
-95805
-95777
-95748
-95715
-95687
-95683
-95696
-95710
-95726
-95736
-95729
-95714
-95676
-95624
-95613
-95622
-95632
-95679
-95741
-95791
-95851
-95906
-95938
-95985
-96040
-96049
-96025
-95999
-95976
-95975
-95967
-95952
-95957
-95968
-95977
-95958
-95917
-95877
-95827
-95765
-95718
-95705
-95674
-95637
-95621
-95603
-95610
-95638
-95644
-95634
-95632
-95638
-95652
-95686
-95714
-95731
-95755
-95790
-95825
-95846
-95870
-95917
-95967
-96011
-96057
-96085
-96107
-96113
-96066
-96043
-96055
-96024
-96007
-96018
-96008
-96007
-96016
-96012
-96009
-96011
-95988
-95943
-95892
-95823
-95765
-95708
-95641
-95611
-95599
-95603
-95627
-95651
-95689
-95747
-95803
-95847
-95893
-95917
-95928
-95940
-95933
-95936
-95959
-95968
-95968
-95948
-95910
-95873
-95840
-95826
-95807
-95756
-95704
-95649
-95603
-95586
-95567
-95550
-95561
-95595
-95645
-95720
-95801
-95885
-96019
-96153
-96249
-96339
-96417
-96472
-96495
-96493
-96472
-96428
-96384
-96343
-96294
-96231
-96143
-96021
-95887
-95768
-95663
-95559
-95465
-95397
-95326
-95246
-95209
-95210
-95217
-95245
-95281
-95327
-95426
-95537
-95641
-95729
-95788
-95868
-95951
-96009
-96053
-96096
-96120
-96113
-96119
-96126
-96122
-96130
-96104
-96047
-95992
-95928
-95868
-95825
-95785
-95759
-95745
-95717
-95704
-95701
-95683
-95683
-95699
-95699
-95698
-95711
-95723
-95756
-95813
-95862
-95933
-96016
-96073
-96122
-96168
-96230
-96298
-96332
-96347
-96354
-96339
-96291
-96223
-96168
-96126
-96096
-96079
-96045
-95980
-95898
-95821
-95731
-95632
-95559
-95504
-95467
-95430
-95379
-95361
-95367
-95378
-95402
-95440
-95500
-95562
-95630
-95695
-95741
-95796
-95844
-95866
-95893
-95928
-95946
-95984
-96043
-96082
-96124
-96153
-96141
-96112
-96082
-96067
-96092
-96151
-96238
-96350
-96446
-96496
-96515
-96529
-96499
-96394
-96281
-96191
-96112
-96055
-96004
-95926
-95849
-95785
-95685
-95571
-95481
-95394
-95305
-95245
-95198
-95135
-95083
-95029
-94956
-94902
-94914
-95014
-95168
-95362
-95559
-95693
-95792
-95877
-95922
-95946
-95970
-95979
-95972
-95909
-95773
-95636
-95506
-95390
-95324
-95290
-95324
-95439
-95561
-95653
-95708
-95688
-95579
-95447
-95331
-95231
-95186
-95220
-95351
-95568
-95818
-96066
-96273
-96405
-96443
-96392
-96282
-96107
-95878
-95657
-95451
-95306
-95258
-95267
-95353
-95468
-95554
-95647
-95710
-95717
-95690
-95621
-95523
-95427
-95356
-95325
-95330
-95356
-95419
-95516
-95601
-95657
-95709
-95759
-95795
-95853
-95906
-95940
-95981
-95996
-96005
-96022
-96036
-96076
-96134
-96210
-96301
-96353
-96333
-96248
-96111
-95933
-95740
-95558
-95434
-95384
-95393
-95460
-95561
-95680
-95783
-95832
-95853
-95839
-95797
-95750
-95664
-95580
-95555
-95583
-95681
-95853
-96081
-96315
-96524
-96719
-96854
-96885
-96827
-96700
-96503
-96249
-95956
-95657
-95403
-95232
-95151
-95149
-95241
-95408
-95596
-95831
-96094
-96339
-96544
-96680
-96780
-96821
-96769
-96712
-96655
-96575
-96515
-96488
-96491
-96495
-96484
-96439
-96335
-96168
-95922
-95631
-95355
-95136
-95011
-94987
-95063
-95222
-95438
-95680
-95921
-96156
-96350
-96498
-96614
-96649
-96618
-96556
-96454
-96335
-96244
-96189
-96144
-96121
-96114
-96103
-96098
-96048
-95948
-95838
-95701
-95562
-95442
-95341
-95317
-95380
-95483
-95609
-95771
-95938
-96049
-96087
-96090
-96048
-95914
-95736
-95579
-95427
-95304
-95229
-95183
-95198
-95306
-95487
-95732
-96006
-96252
-96436
-96509
-96467
-96341
-96147
-95917
-95715
-95554
-95437
-95385
-95409
-95514
-95651
-95808
-95957
-96055
-96116
-96116
-96060
-95956
-95789
-95579
-95391
-95292
-95294
-95384
-95551
-95782
-96032
-96234
-96351
-96337
-96201
-95964
-95651
-95384
-95205
-95126
-95212
-95439
-95734
-96030
-96286
-96455
-96497
-96433
-96295
-96157
-96047
-95927
-95807
-95684
-95539
-95358
-95121
-94889
-94712
-94608
-94629
-94751
-94941
-95214
-95507
-95801
-96118
-96412
-96655
-96842
-96935
-96914
-96822
-96717
-96611
-96549
-96564
-96609
-96713
-96856
-96935
-96955
-96925
-96810
-96656
-96494
-96317
-96172
-96090
-96026
-95989
-95973
-95916
-95848
-95781
-95654
-95480
-95290
-95065
-94838
-94667
-94562
-94574
-94745
-94994
-95252
-95494
-95659
-95694
-95614
-95466
-95268
-95105
-95058
-95104
-95227
-95392
-95537
-95631
-95711
-95800
-95872
-95977
-96078
-96091
-96039
-95924
-95746
-95550
-95358
-95192
-95068
-95015
-95064
-95190
-95376
-95613
-95866
-96107
-96323
-96477
-96510
-96438
-96269
-95993
-95701
-95463
-95306
-95254
-95309
-95436
-95588
-95751
-95880
-95942
-95931
-95861
-95763
-95655
-95557
-95483
-95451
-95454
-95482
-95543
-95627
-95727
-95801
-95853
-95895
-95880
-95818
-95756
-95698
-95653
-95666
-95743
-95856
-95969
-96058
-96127
-96127
-96061
-95978
-95863
-95733
-95624
-95583
-95641
-95771
-95973
-96246
-96513
-96710
-96805
-96779
-96647
-96445
-96216
-95959
-95698
-95460
-95214
-94958
-94730
-94573
-94501
-94550
-94740
-95001
-95295
-95604
-95887
-96133
-96348
-96548
-96735
-96926
-97143
-97353
-97490
-97508
-97389
-97177
-96891
-96540
-96209
-95923
-95678
-95480
-95317
-95209
-95143
-95101
-95085
-95067
-95042
-95033
-95002
-94969
-94985
-95005
-95021
-95076
-95188
-95317
-95454
-95627
-95817
-96035
-96291
-96534
-96750
-96937
-97036
-97025
-96939
-96789
-96616
-96505
-96460
-96451
-96519
-96653
-96785
-96939
-97105
-97220
-97291
-97338
-97314
-97186
-96990
-96694
-96240
-95681
-95105
-94568
-94118
-93793
-93626
-93613
-93743
-94034
-94426
-94834
-95213
-95542
-95804
-95987
-96118
-96228
-96363
-96530
-96675
-96814
-96975
-97113
-97193
-97243
-97269
-97245
-97192
-97114
-96960
-96769
-96591
-96421
-96299
-96216
-96123
-96005
-95824
-95547
-95178
-94780
-94393
-94026
-93795
-93730
-93751
-93867
-94091
-94338
-94531
-94683
-94768
-94816
-94892
-94968
-95056
-95173
-95320
-95452
-95552
-95681
-95829
-96018
-96283
-96556
-96818
-97035
-97152
-97184
-97132
-97034
-96926
-96823
-96742
-96635
-96491
-96358
-96246
-96154
-96105
-96113
-96128
-96115
-96075
-95946
-95727
-95474
-95194
-94916
-94693
-94558
-94509
-94529
-94602
-94696
-94762
-94801
-94847
-94912
-95038
-95239
-95513
-95856
-96216
-96548
-96789
-96923
-96985
-96970
-96927
-96900
-96833
-96732
-96633
-96492
-96318
-96141
-95962
-95818
-95733
-95700
-95713
-95779
-95879
-96002
-96153
-96279
-96350
-96390
-96378
-96308
-96236
-96140
-95987
-95834
-95706
-95606
-95537
-95478
-95407
-95321
-95233
-95161
-95098
-95050
-95053
-95112
-95211
-95341
-95499
-95658
-95798
-95911
-95976
-96016
-96040
-96028
-95996
-95947
-95894
-95890
-95916
-95908
-95865
-95804
-95712
-95558
-95384
-95243
-95134
-95080
-95101
-95221
-95445
-95699
-95952
-96196
-96390
-96561
-96734
-96850
-96901
-96925
-96900
-96828
-96761
-96683
-96584
-96487
-96367
-96239
-96127
-95975
-95824
-95723
-95629
-95571
-95557
-95569
-95627
-95715
-95779
-95796
-95797
-95741
-95603
-95461
-95311
-95130
-94985
-94901
-94857
-94906
-95042
-95164
-95238
-95270
-95261
-95217
-95159
-95105
-95054
-95012
-94996
-94993
-94979
-94982
-95029
-95117
-95261
-95480
-95728
-95961
-96174
-96355
-96505
-96606
-96681
-96785
-96900
-96996
-97064
-97077
-96993
-96810
-96556
-96219
-95816
-95401
-95014
-94694
-94456
-94315
-94284
-94343
-94490
-94706
-94914
-95090
-95221
-95273
-95254
-95224
-95229
-95301
-95504
-95830
-96204
-96582
-96893
-97032
-97005
-96866
-96638
-96396
-96191
-96021
-95892
-95788
-95709
-95705
-95771
-95876
-96015
-96164
-96285
-96324
-96266
-96130
-95977
-95883
-95854
-95870
-95882
-95842
-95723
-95517
-95267
-94983
-94672
-94403
-94251
-94218
-94324
-94577
-94884
-95201
-95515
-95783
-95998
-96178
-96355
-96579
-96864
-97196
-97540
-97833
-98033
-98114
-98043
-97886
-97701
-97483
-97287
-97141
-97072
-97116
-97184
-97228
-97259
-97220
-97043
-96740
-96326
-95828
-95341
-94912
-94573
-94349
-94216
-94175
-94198
-94270
-94389
-94551
-94773
-95022
-95242
-95402
-95493
-95523
-95511
-95528
-95604
-95700
-95829
-96011
-96208
-96386
-96520
-96615
-96661
-96631
-96522
-96309
-96025
-95765
-95590
-95563
-95678
-95888
-96172
-96457
-96677
-96798
-96774
-96582
-96261
-95865
-95427
-95018
-94701
-94494
-94412
-94463
-94641
-94913
-95237
-95552
-95805
-95968
-96051
-96106
-96187
-96339
-96562
-96814
-97042
-97188
-97206
-97079
-96840
-96519
-96174
-95870
-95610
-95418
-95307
-95251
-95217
-95205
-95238
-95290
-95346
-95411
-95476
-95546
-95627
-95717
-95804
-95867
-95880
-95830
-95747
-95647
-95521
-95398
-95293
-95225
-95206
-95177
-95099
-94990
-94868
-94757
-94656
-94587
-94561
-94520
-94470
-94446
-94464
-94546
-94735
-95049
-95412
-95820
-96255
-96637
-96942
-97113
-97124
-97024
-96869
-96710
-96587
-96502
-96437
-96407
-96379
-96319
-96269
-96226
-96163
-96120
-96120
-96150
-96201
-96254
-96278
-96237
-96168
-96113
-96077
-96095
-96156
-96222
-96272
-96296
-96283
-96201
-96057
-95877
-95662
-95477
-95392
-95430
-95633
-95992
-96446
-96944
-97429
-97847
-98139
-98224
-98048
-97604
-96922
-96122
-95317
-94593
-94092
-93849
-93820
-93994
-94272
-94525
-94707
-94777
-94714
-94607
-94546
-94535
-94604
-94796
-95081
-95457
-95943
-96466
-96955
-97400
-97726
-97853
-97800
-97597
-97276
-96928
-96610
-96337
-96151
-96053
-96004
-95992
-95974
-95927
-95885
-95846
-95814
-95815
-95839
-95852
-95805
-95656
-95392
-95042
-94700
-94424
-94254
-94234
-94320
-94460
-94628
-94782
-94897
-94984
-95063
-95159
-95285
-95450
-95672
-95970
-96367
-96814
-97250
-97669
-97995
-98185
-98262
-98255
-98167
-98010
-97858
-97680
-97416
-97099
-96680
-96157
-95660
-95222
-94854
-94597
-94451
-94427
-94529
-94692
-94839
-94949
-94987
-94911
-94757
-94596
-94439
-94333
-94341
-94430
-94607
-94911
-95281
-95666
-96052
-96413
-96745
-97033
-97274
-97518
-97767
-97962
-98069
-98061
-97909
-97641
-97295
-96891
-96487
-96139
-95863
-95659
-95522
-95420
-95347
-95335
-95333
-95291
-95197
-95012
-94783
-94589
-94449
-94405
-94459
-94545
-94656
-94808
-94961
-95141
-95346
-95493
-95588
-95655
-95665
-95631
-95573
-95483
-95410
-95386
-95377
-95411
-95528
-95700
-95911
-96131
-96360
-96625
-96873
-97085
-97218
-97225
-97138
-96944
-96681
-96439
-96223
-96056
-95971
-95919
-95860
-95746
-95504
-95155
-94753
-94359
-94029
-93790
-93655
-93619
-93663
-93752
-93931
-94237
-94646
-95171
-95739
-96263
-96681
-96911
-96986
-96965
-96916
-96954
-97129
-97430
-97797
-98155
-98452
-98668
-98796
-98842
-98816
-98696
-98437
-97997
-97365
-96595
-95797
-95025
-94330
-93823
-93503
-93303
-93236
-93259
-93276
-93288
-93310
-93305
-93305
-93327
-93390
-93480
-93517
-93522
-93501
-93454
-93450
-93521
-93684
-93960
-94311
-94638
-94897
-95101
-95263
-95450
-95744
-96174
-96728
-97351
-97954
-98484
-98846
-98990
-99020
-98956
-98795
-98619
-98406
-98127
-97813
-97451
-97017
-96547
-96083
-95644
-95223
-94841
-94552
-94317
-94073
-93822
-93581
-93416
-93393
-93532
-93847
-94291
-94730
-95082
-95350
-95545
-95714
-95905
-96103
-96290
-96436
-96473
-96378
-96165
-95876
-95600
-95398
-95326
-95388
-95541
-95780
-96050
-96292
-96491
-96636
-96735
-96819
-96962
-97172
-97392
-97576
-97659
-97636
-97535
-97396
-97308
-97280
-97273
-97282
-97281
-97199
-96944
-96485
-95848
-95093
-94323
-93609
-93039
-92731
-92700
-92894
-93246
-93671
-94136
-94624
-95111
-95627
-96188
-96771
-97361
-97942
-98447
-98782
-98931
-98893
-98664
-98315
-97876
-97330
-96725
-96083
-95405
-94785
-94304
-93960
-93732
-93615
-93597
-93660
-93822
-94093
-94477
-94943
-95408
-95863
-96323
-96797
-97295
-97773
-98225
-98635
-98986
-99300
-99566
-99735
-99784
-99723
-99510
-99092
-98514
-97803
-96962
-96083
-95217
-94368
-93628
-93040
-92555
-92178
-91922
-91760
-91723
-91848
-92092
-92456
-92949
-93485
-93984
-94448
-94851
-95178
-95471
-95746
-96019
-96292
-96504
-96595
-96589
-96521
-96396
-96258
-96091
-95886
-95753
-95706
-95703
-95785
-95957
-96169
-96415
-96719
-97066
-97458
-97875
-98284
-98692
-99041
-99273
-99406
-99465
-99459
-99403
-99287
-99066
-98766
-98384
-97888
-97340
-96754
-96124
-95501
-94921
-94404
-93962
-93589
-93304
-93129
-93080
-93194
-93439
-93764
-94198
-94770
-95437
-96143
-96872
-97540
-98023
-98298
-98316
-97978
-97390
-96677
-95879
-95167
-94637
-94256
-94023
-93915
-93880
-93849
-93799
-93733
-93692
-93713
-93753
-93835
-94026
-94353
-94819
-95409
-96146
-97002
-97888
-98702
-99373
-99881
-100194
-100275
-100115
-99763
-99312
-98792
-98228
-97666
-97057
-96399
-95718
-94947
-94143
-93419
-92818
-92421
-92288
-92377
-92613
-93010
-93517
-94021
-94526
-94984
-95282
-95369
-95212
-94816
-94273
-93743
-93337
-93093
-93056
-93237
-93597
-94118
-94763
-95415
-95977
-96422
-96708
-96816
-96840
-96883
-96951
-97012
-97045
-96976
-96762
-96423
-96013
-95665
-95462
-95430
-95565
-95809
-96117
-96435
-96755
-97017
-97134
-97180
-97191
-97178
-97248
-97387
-97523
-97628
-97644
-97535
-97318
-96989
-96543
-96054
-95572
-95103
-94668
-94287
-93957
-93662
-93443
-93330
-93347
-93511
-93744
-93979
-94204
-94393
-94533
-94674
-94807
-94844
-94812
-94747
-94638
-94568
-94548
-94504
-94418
-94268
-94047
-93790
-93573
-93434
-93395
-93519
-93787
-94146
-94600
-95152
-95758
-96380
-97020
-97613
-98124
-98567
-98911
-99142
-99225
-99118
-98817
-98361
-97808
-97258
-96857
-96627
-96548
-96587
-96638
-96641
-96547
-96351
-96161
-96077
-96081
-96152
-96338
-96568
-96730
-96851
-96926
-96914
-96877
-96826
-96708
-96533
-96331
-96103
-95842
-95610
-95439
-95293
-95200
-95171
-95177
-95241
-95401
-95650
-95929
-96181
-96332
-96350
-96303
-96270
-96335
-96557
-96944
-97460
-98026
-98558
-98978
-99218
-99289
-99202
-98975
-98677
-98362
-98051
-97755
-97474
-97197
-96942
-96716
-96479
-96195
-95817
-95365
-94959
-94654
-94472
-94468
-94605
-94839
-95190
-95624
-96094
-96551
-96941
-97213
-97318
-97230
-96963
-96604
-96250
-95977
-95808
-95740
-95740
-95797
-95938
-96083
-96152
-96165
-96109
-95905
-95586
-95242
-94845
-94411
-94021
-93698
-93432
-93249
-93156
-93043
-92850
-92654
-92534
-92510
-92601
-92809
-93109
-93461
-93813
-94147
-94466
-94810
-95249
-95771
-96329
-96876
-97314
-97547
-97561
-97395
-97094
-96742
-96449
-96227
-96131
-96211
-96343
-96494
-96627
-96604
-96402
-96039
-95503
-94881
-94336
-93946
-93783
-93919
-94284
-94794
-95353
-95846
-96250
-96524
-96652
-96671
-96562
-96330
-96072
-95860
-95714
-95658
-95647
-95634
-95665
-95751
-95896
-96139
-96437
-96715
-96930
-97032
-97002
-96921
-96900
-96979
-97132
-97325
-97510
-97667
-97812
-97933
-98016
-98050
-98003
-97842
-97525
-97062
-96517
-95970
-95470
-95068
-94874
-94879
-95015
-95262
-95539
-95806
-96011
-96081
-96028
-95865
-95614
-95315
-95029
-94817
-94678
-94611
-94587
-94566
-94544
-94510
-94476
-94457
-94426
-94375
-94306
-94208
-94054
-93850
-93655
-93481
-93325
-93216
-93167
-93137
-93073
-92988
-92898
-92791
-92697
-92628
-92613
-92711
-92956
-93389
-94012
-94771
-95618
-96478
-97245
-97857
-98315
-98625
-98847
-99036
-99170
-99272
-99330
-99322
-99306
-99279
-99269
-99320
-99360
-99320
-99155
-98853
-98403
-97788
-97061
-96245
-95356
-94442
-93505
-92555
-91652
-90842
-90091
-89400
-88805
-88312
-87980
-87860
-87985
-88332
-88814
-89392
-89995
-90536
-91042
-91537
-92031
-92606
-93298
-94068
-94903
-95783
-96649
-97453
-98148
-98688
-99001
-99031
-98837
-98501
-98078
-97659
-97339
-97097
-96869
-96615
-96251
-95724
-95058
-94294
-93531
-92824
-92182
-91661
-91283
-91036
-90905
-90874
-90954
-91179
-91581
-92123
-92745
-93402
-94070
-94766
-95541
-96433
-97412
-98472
-99618
-100795
-101971
-103132
-104241
-105189
-105905
-106349
-106386
-105981
-105250
-104213
-102922
-101544
-100125
-98661
-97270
-95993
-94809
-93831
-93122
-92629
-92371
-92337
-92476
-92780
-93175
-93547
-93821
-93960
-93960
-93848
-93674
-93539
-93552
-93783
-94221
-94785
-95386
-95900
-96231
-96349
-96245
-96007
-95795
-95747
-95974
-96520
-97359
-98397
-99496
-100507
-101229
-101511
-101299
-100590
-99491
-98247
-97092
-96140
-95458
-95052
-94906
-94992
-95206
-95432
-95562
-95534
-95369
-95092
-94714
-94338
-94073
-93943
-93993
-94204
-94550
-95031
-95604
-96279
-97111
-98119
-99242
-100353
-101312
-102007
-102431
-102646
-102692
-102618
-102458
-102204
-101875
-101473
-100932
-100200
-99273
-98218
-97077
-95861
-94684
-93647
-92749
-91974
-91294
-90691
-90210
-89917
-89858
-90066
-90501
-91047
-91575
-91990
-92276
-92430
-92449
-92387
-92321
-92277
-92290
-92415
-92638
-92940
-93343
-93854
-94463
-95145
-95834
-96497
-97061
-97405
-97481
-97282
-96861
-96348
-95859
-95469
-95210
-95089
-95078
-95113
-95080
-94913
-94594
-94154
-93727
-93411
-93218
-93170
-93316
-93644
-94127
-94760
-95490
-96232
-96922
-97547
-98113
-98601
-99009
-99326
-99504
-99489
-99293
-98944
-98491
-98095
-97877
-97885
-98121
-98493
-98901
-99241
-99505
-99680
-99676
-99562
-99384
-99110
-98796
-98451
-98065
-97736
-97477
-97214
-96938
-96577
-96049
-95361
-94493
-93468
-92395
-91382
-90502
-89863
-89565
-89645
-90111
-90888
-91879
-92948
-93933
-94732
-95245
-95447
-95423
-95282
-95122
-95061
-95172
-95442
-95850
-96367
-96958
-97530
-97974
-98303
-98440
-98302
-98035
-97665
-97160
-96727
-96434
-96172
-96036
-96093
-96219
-96390
-96624
-96832
-96971
-97049
-97035
-96902
-96681
-96434
-96206
-96040
-95938
-95922
-96027
-96283
-96750
-97405
-98142
-98879
-99513
-99931
-100064
-99880
-99344
-98474
-97470
-96568
-95893
-95589
-95717
-96128
-96649
-97190
-97653
-97899
-97848
-97553
-97118
-96615
-96091
-95622
-95255
-94983
-94832
-94742
-94633
-94504
-94325
-94087
-93826
-93561
-93292
-93025
-92777
-92567
-92478
-92569
-92822
-93218
-93707
-94222
-94674
-94980
-95151
-95235
-95266
-95268
-95286
-95354
-95470
-95607
-95701
-95751
-95746
-95636
-95444
-95205
-94913
-94604
-94399
-94319
-94285
-94312
-94403
-94548
-94816
-95176
-95531
-95861
-96130
-96268
-96242
-96069
-95782
-95435
-95148
-94988
-94918
-94918
-94971
-95052
-95197
-95459
-95832
-96347
-97046
-97885
-98745
-99495
-100025
-100246
-100132
-99661
-98862
-97911
-96917
-95887
-94942
-94210
-93691
-93426
-93456
-93707
-94087
-94494
-94791
-94915
-94885
-94712
-94396
-94008
-93642
-93341
-93162
-93123
-93182
-93373
-93655
-93938
-94251
-94604
-94932
-95228
-95512
-95716
-95828
-95917
-95974
-96035
-96174
-96376
-96614
-96872
-97101
-97308
-97522
-97730
-98029
-98460
-98943
-99417
-99810
-100050
-100084
-99894
-99448
-98751
-97945
-97140
-96387
-95797
-95424
-95248
-95288
-95508
-95835
-96195
-96463
-96576
-96497
-96239
-95951
-95746
-95662
-95710
-95855
-95997
-96021
-95894
-95610
-95162
-94619
-94076
-93598
-93289
-93259
-93516
-93986
-94535
-94967
-95161
-95059
-94612
-93955
-93324
-92821
-92506
-92448
-92642
-93046
-93621
-94249
-94801
-95273
-95688
-96000
-96191
-96249
-96164
-95992
-95840
-95783
-95884
-96194
-96658
-97197
-97759
-98240
-98544
-98625
-98462
-98071
-97547
-97009
-96513
-96063
-95612
-95125
-94590
-93989
-93349
-92703
-92074
-91521
-91076
-90732
-90500
-90447
-90625
-91018
-91635
-92421
-93202
-93883
-94439
-94802
-95000
-95130
-95265
-95451
-95688
-96018
-96476
-97032
-97705
-98533
-99474
-100450
-101377
-102142
-102708
-103076
-103238
-103228
-103038
-102599
-101952
-101203
-100417
-99676
-99059
-98614
-98255
-97879
-97522
-97188
-96912
-96761
-96745
-96896
-97181
-97484
-97739
-97898
-97913
-97836
-97761
-97705
-97651
-97534
-97246
-96787
-96221
-95612
-95043
-94530
-94114
-93814
-93575
-93411
-93317
-93221
-93099
-92968
-92853
-92776
-92791
-92988
-93391
-93943
-94520
-94987
-95289
-95359
-95205
-94968
-94705
-94449
-94275
-94181
-94154
-94257
-94541
-94982
-95502
-96051
-96615
-97142
-97596
-97948
-98184
-98325
-98403
-98500
-98689
-98960
-99249
-99455
-99507
-99478
-99429
-99342
-99254
-99215
-99245
-99324
-99439
-99566
-99671
-99761
-99855
-99956
-100007
-99965
-99850
-99639
-99314
-98859
-98275
-97547
-96607
-95491
-94312
-93133
-92041
-91158
-90575
-90373
-90572
-91077
-91781
-92573
-93310
-93853
-94134
-94180
-94060
-93875
-93745
-93739
-93900
-94261
-94735
-95232
-95717
-96087
-96315
-96424
-96394
-96261
-96101
-95945
-95764
-95555
-95337
-95078
-94820
-94677
-94687
-94892
-95314
-95857
-96459
-97107
-97749
-98297
-98741
-99141
-99487
-99779
-100110
-100489
-100906
-101383
-101849
-102234
-102530
-102666
-102561
-102222
-101656
-100889
-100102
-99455
-99005
-98827
-98940
-99258
-99669
-100065
-100365
-100494
-100329
-99816
-99023
-98085
-97136
-96237
-95481
-94966
-94681
-94596
-94700
-94947
-95252
-95480
-95512
-95362
-95038
-94604
-94224
-93994
-93983
-94222
-94629
-95041
-95316
-95422
-95325
-95016
-94579
-94169
-93927
-93865
-93914
-93976
-93975
-93898
-93761
-93569
-93314
-93053
-92846
-92740
-92785
-92944
-93134
-93282
-93297
-93143
-92929
-92751
-92625
-92575
-92549
-92504
-92476
-92462
-92447
-92461
-92618
-92998
-93558
-94251
-95046
-95904
-96772
-97565
-98177
-98624
-99022
-99410
-99800
-100178
-100523
-100832
-101020
-100991
-100721
-100172
-99322
-98230
-96962
-95608
-94294
-93117
-92176
-91559
-91300
-91338
-91494
-91611
-91603
-91404
-91037
-90619
-90270
-90076
-90082
-90248
-90505
-90774
-90926
-90941
-90922
-90957
-91169
-91669
-92392
-93139
-93719
-93937
-93648
-92963
-92180
-91537
-91231
-91381
-91878
-92528
-93160
-93611
-93843
-93921
-93835
-93500
-92927
-92166
-91257
-90292
-89321
-88395
-87653
-87158
-86896
-86862
-87087
-87579
-88304
-89200
-90205
-91297
-92439
-93552
-94551
-95380
-96033
-96542
-96957
-97316
-97674
-98134
-98700
-99396
-100219
-100960
-101517
-101891
-101986
-101849
-101533
-100925
-100023
-98873
-97486
-96067
-94826
-93842
-93238
-93048
-93138
-93345
-93554
-93679
-93670
-93604
-93605
-93764
-94216
-94944
-95769
-96549
-97081
-97178
-96807
-96011
-94934
-93775
-92668
-91701
-90935
-90405
-90153
-90261
-90756
-91588
-92647
-93737
-94686
-95393
-95787
-95911
-95899
-95870
-95966
-96292
-96863
-97640
-98534
-99518
-100504
-101297
-101805
-101934
-101647
-101074
-100312
-99367
-98294
-97257
-96481
-96199
-96564
-97608
-99281
-101413
-103677
-105698
-107235
-108099
-108097
-107229
-105663
-103694
-101679
-99819
-98203
-96939
-96104
-95628
-95402
-95321
-95128
-94596
-93707
-92506
-91076
-89605
-88308
-87289
-86568
-86137
-85958
-86014
-86268
-86637
-87120
-87678
-88258
-88940
-89806
-90845
-92021
-93322
-94671
-95898
-96912
-97737
-98465
-99116
-99573
-99828
-99917
-99826
-99655
-99518
-99415
-99292
-99104
-98804
-98387
-97936
-97499
-97019
-96443
-95814
-95202
-94596
-93951
-93248
-92454
-91623
-90881
-90232
-89700
-89506
-89870
-90811
-92218
-93917
-95694
-97378
-98856
-100019
-100732
-100911
-100525
-99629
-98473
-97340
-96437
-95881
-95616
-95518
-95506
-95468
-95273
-94874
-94375
-93899
-93554
-93408
-93415
-93520
-93696
-93824
-93760
-93423
-92818
-92152
-91705
-91608
-91896
-92548
-93467
-94477
-95405
-96186
-96900
-97673
-98527
-99416
-100303
-101181
-101942
-102483
-102867
-103164
-103436
-103648
-103643
-103359
-102859
-102337
-102035
-102091
-102597
-103551
-104852
-106338
-107698
-108561
-108672
-107911
-106352
-104269
-101953
-99578
-97294
-95293
-93725
-92741
-92402
-92613
-93213
-93929
-94450
-94543
-94123
-93322
-92314
-91315
-90509
-89983
-89882
-90160
-90627
-91187
-91645
-91806
-91638
-91250
-90847
-90691
-91073
-92109
-93728
-95773
-97973
-100037
-101763
-103042
-103847
-104245
-104379
-104286
-103956
-103493
-102967
-102386
-101811
-101244
-100571
-99770
-98817
-97666
-96491
-95489
-94672
-94047
-93590
-93056
-92311
-91454
-90592
-89964
-89780
-90031
-90606
-91329
-92040
-92681
-93317
-94050
-94911
-95844
-96694
-97305
-97599
-97543
-97142
-96467
-95627
-94659
-93683
-92874
-92322
-92111
-92257
-92760
-93533
-94414
-95381
-96371
-97223
-97872
-98302
-98446
-98337
-98152
-98017
-97973
-98017
-98129
-98210
-98165
-98033
-97870
-97788
-97974
-98420
-98981
-99581
-100134
-100614
-101096
-101561
-101972
-102327
-102549
-102594
-102529
-102423
-102258
-101996
-101622
-100991
-99958
-98671
-97299
-95884
-94631
-93611
-92636
-91688
-90850
-90124
-89661
-89641
-89975
-90469
-90945
-91138
-90893
-90237
-89224
-87990
-86805
-85897
-85303
-85066
-85219
-85658
-86326
-87246
-88387
-89691
-91111
-92539
-93928
-95248
-96353
-97196
-97770
-98037
-98152
-98316
-98605
-99107
-99848
-100708
-101514
-102088
-102344
-102346
-102221
-102041
-101883
-101823
-101788
-101680
-101506
-101269
-100892
-100313
-99556
-98709
-97896
-97182
-96506
-95792
-95016
-94217
-93415
-92517
-91428
-90161
-88753
-87294
-85990
-85062
-84669
-84860
-85540
-86499
-87543
-88591
-89492
-90091
-90322
-90175
-89817
-89463
-89217
-89132
-89273
-89672
-90264
-91000
-91799
-92491
-93044
-93467
-93623
-93447
-93042
-92536
-92046
-91701
-91572
-91668
-91972
-92393
-92839
-93375
-94087
-94922
-95828
-96738
-97534
-98226
-98876
-99563
-100540
-101931
-103495
-104957
-106094
-106832
-107339
-107671
-107835
-107953
-107963
-107675
-107099
-106314
-105257
-104038
-102786
-101447
-100157
-99018
-97977
-97091
-96386
-95768
-95148
-94486
-93670
-92712
-91804
-90980
-90224
-89631
-89223
-88926
-88746
-88655
-88450
-87993
-87355
-86712
-86183
-85854
-85817
-86037
-86508
-87258
-88198
-89214
-90209
-91088
-91799
-92355
-92764
-93021
-93263
-93655
-94241
-94980
-95762
-96466
-96993
-97283
-97288
-96966
-96437
-95924
-95546
-95324
-95320
-95542
-95888
-96266
-96540
-96613
-96498
-96142
-95477
-94592
-93676
-92871
-92302
-92087
-92255
-92831
-93793
-94983
-96319
-97824
-99377
-100761
-101937
-102894
-103490
-103742
-103741
-103506
-103126
-102687
-102183
-101650
-101179
-100776
-100399
-99914
-99158
-98220
-97212
-96173
-95215
-94473
-94019
-93772
-93700
-93805
-93963
-94158
-94450
-94751
-94962
-95105
-95169
-95157
-95147
-95020
-94736
-94470
-94263
-94263
-94663
-95408
-96474
-97851
-99332
-100761
-102087
-103184
-104094
-104932
-105567
-105983
-106319
-106550
-106557
-106307
-105780
-104897
-103768
-102630
-101577
-100667
-99980
-99433
-98854
-98172
-97270
-96081
-94658
-92956
-91036
-89141
-87435
-85969
-84872
-84257
-84008
-84070
-84450
-84946
-85354
-85575
-85539
-85383
-85341
-85461
-85826
-86515
-87487
-88745
-90249
-91887
-93590
-95386
-97191
-98812
-100317
-101753
-103024
-104276
-105619
-106960
-108381
-109939
-111344
-112336
-112944
-113173
-112983
-112507
-111848
-111054
-110201
-109271
-108305
-107343
-106293
-105118
-103907
-102785
-101794
-100941
-100251
-99696
-99346
-99326
-99603
-100147
-100967
-101861
-102594
-103160
-103507
-103547
-103379
-103096
-102697
-102223
-101732
-101213
-100646
-99980
-99086
-97924
-96629
-95388
-94286
-93392
-92821
-92572
-92532
-92542
-92416
-92098
-91632
-91065
-90597
-90386
-90382
-90614
-91081
-91540
-91799
-91830
-91635
-91299
-90996
-90758
-90568
-90552
-90803
-91379
-92363
-93703
-95236
-96871
-98545
-100120
-101517
-102722
-103747
-104650
-105469
-106207
-106852
-107363
-107663
-107660
-107330
-106639
-105561
-104124
-102334
-100243
-97894
-95259
-92349
-89242
-85990
-82664
-79481
-76571
-73910
-71576
-69647
-68078
-66929
-66331
-66282
-66799
-67868
-69325
-71077
-73099
-75239
-77319
-79329
-81278
-83061
-84614
-85969
-87241
-88593
-90124
-91811
-93615
-95471
-97262
-98925
-100445
-101783
-102987
-104174
-105330
-106423
-107501
-108453
-109195
-109756
-110056
-110135
-109968
-109372
-108445
-107304
-105970
-104550
-103139
-101745
-100284
-98739
-97249
-96027
-95173
-94688
-94593
-94856
-95365
-96031
-96812
-97644
-98479
-99367
-100274
-101094
-101816
-102367
-102630
-102582
-102277
-101793
-101131
-100319
-99421
-98421
-97359
-96363
-95531
-94954
-94698
-94735
-94974
-95356
-95713
-95840
-95732
-95401
-94861
-94236
-93594
-93024
-92668
-92545
-92552
-92553
-92484
-92325
-92136
-92021
-91926
-91739
-91446
-91003
-90364
-89698
-89184
-88871
-88835
-89142
-89819
-90807
-91925
-93055
-94228
-95407
-96564
-97856
-99405
-101187
-103071
-104907
-106520
-107677
-108296
-108467
-108327
-107993
-107585
-107243
-107004
-106850
-106791
-106652
-106205
-105452
-104352
-102847
-101095
-99209
-97142
-94964
-92898
-91061
-89515
-88380
-87708
-87521
-87803
-88344
-88897
-89301
-89440
-89409
-89501
-89946
-90751
-91789
-92933
-93985
-94783
-95278
-95418
-95313
-95153
-94890
-94395
-93673
-92783
-91797
-90770
-89667
-88416
-87059
-85665
-84263
-83003
-82116
-81750
-81834
-82187
-82687
-83210
-83726
-84416
-85467
-86922
-88744
-90836
-93039
-95173
-97073
-98714
-100091
-101142
-101973
-102673
-103099
-103181
-103030
-102744
-102326
-101829
-101410
-101121
-100908
-100758
-100594
-100327
-99965
-99536
-99115
-98783
-98584
-98478
-98322
-98048
-97655
-97113
-96390
-95526
-94641
-93853
-93254
-92866
-92602
-92345
-91958
-91316
-90408
-89348
-88274
-87392
-86870
-86678
-86869
-87539
-88453
-89450
-90630
-91893
-93075
-94225
-95304
-96177
-96859
-97436
-97975
-98559
-99189
-99807
-100391
-100857
-101119
-101157
-100902
-100286
-99465
-98758
-98329
-98215
-98304
-98357
-98349
-98338
-98207
-97798
-97165
-96475
-95768
-95093
-94587
-94271
-94048
-93970
-94089
-94245
-94310
-94263
-94117
-93858
-93553
-93323
-93152
-93059
-93057
-93148
-93457
-94012
-94781
-95838
-97200
-98687
-100117
-101434
-102571
-103535
-104438
-105342
-106229
-106981
-107465
-107638
-107497
-107079
-106381
-105450
-104419
-103376
-102393
-101539
-100850
-100289
-99780
-99226
-98608
-98029
-97532
-97183
-97035
-96983
-97027
-97132
-97081
-96796
-96300
-95584
-94714
-93824
-93038
-92459
-92066
-91779
-91666
-91762
-91966
-92179
-92362
-92448
-92480
-92617
-92831
-93165
-93817
-94669
-95546
-96544
-97554
-98406
-99141
-99631
-99923
-100322
-100762
-100963
-100857
-100522
-100013
-99397
-98715
-98006
-97365
-96797
-96375
-96217
-96247
-96385
-96669
-97187
-97972
-98886
-99756
-100422
-100743
-100720
-100454
-99999
-99402
-98799
-98268
-97761
-97261
-96787
-96335
-95877
-95379
-94883
-94453
-94162
-94158
-94470
-94984
-95625
-96328
-97018
-97632
-98168
-98647
-98966
-99031
-98839
-98377
-97674
-96760
-95643
-94364
-92907
-91300
-89654
-88098
-86739
-85664
-84892
-84315
-83986
-84116
-84689
-85631
-86871
-88212
-89503
-90691
-91628
-92200
-92518
-92749
-92976
-93247
-93601
-94005
-94369
-94664
-94800
-94725
-94577
-94432
-94327
-94370
-94544
-94822
-95225
-95724
-96269
-96885
-97592
-98228
-98758
-99165
-99281
-99104
-98624
-97805
-96636
-95094
-93291
-91424
-89665
-88103
-86835
-85890
-85198
-84722
-84377
-84123
-83996
-84069
-84479
-85296
-86484
-88002
-89763
-91574
-93286
-94788
-95963
-96773
-97256
-97470
-97474
-97359
-97232
-97204
-97298
-97449
-97620
-97842
-98199
-98660
-99150
-99664
-100097
-100295
-100230
-99894
-99153
-98028
-96815
-95730
-94899
-94429
-94230
-94107
-94030
-93991
-93845
-93536
-93184
-92850
-92589
-92574
-92833
-93268
-93819
-94496
-95356
-96315
-97294
-98261
-99054
-99570
-99773
-99706
-99536
-99309
-99000
-98666
-98290
-97712
-96980
-96406
-96076
-95953
-96109
-96512
-97078
-97794
-98678
-99700
-100574
-100924
-100710
-100206
-99640
-99103
-98674
-98403
-98270
-98306
-98491
-98710
-98929
-99150
-99314
-99342
-99291
-99352
-99643
-100238
-101119
-102093
-103066
-104033
-104923
-105709
-106358
-106842
-107184
-107392
-107577
-107827
-108049
-108204
-108349
-108510
-108612
-108677
-108718
-108546
-108054
-107172
-105850
-104102
-101955
-99607
-97297
-95262
-93672
-92507
-91718
-91313
-91270
-91406
-91618
-91885
-92075
-92204
-92354
-92571
-92968
-93595
-94352
-95163
-96082
-97100
-98109
-98969
-99568
-99802
-99574
-98847
-97655
-96135
-94377
-92508
-90780
-89369
-88368
-87831
-87698
-87845
-88220
-88744
-89233
-89565
-89642
-89370
-88791
-87972
-86916
-85703
-84513
-83505
-82775
-82483
-82746
-83499
-84716
-86296
-87982
-89698
-91402
-92923
-94210
-95301
-96127
-96658
-97079
-97531
-97936
-98264
-98564
-98761
-98826
-98810
-98601
-98200
-97772
-97302
-96744
-96177
-95678
-95206
-94711
-94230
-93726
-93254
-92944
-92761
-92690
-92674
-92602
-92394
-92043
-91724
-91566
-91579
-91710
-91933
-92266
-92615
-92922
-93057
-92930
-92720
-92500
-92235
-92047
-92029
-92091
-92073
-91933
-91676
-91345
-91165
-91298
-91688
-92225
-92871
-93590
-94197
-94581
-94813
-94944
-94982
-94973
-94963
-94991
-95064
-95064
-94959
-94758
-94398
-93930
-93441
-92991
-92567
-92198
-92007
-91952
-91919
-91939
-92100
-92454
-92996
-93712
-94548
-95386
-96132
-96651
-96906
-97082
-97334
-97754
-98396
-99242
-100197
-101063
-101683
-101984
-102045
-101989
-101924
-101997
-102190
-102759
-103646
-104724
-106036
-107239
-108516
-109179
-109520
-109805
-108748
-107898
-107077
-105210
-103933
-102785
-101166
-99921
-98933
-97655
-96398
-95407
-94215
-93106
-92428
-91831
-91343
-91137
-91003
-90899
-91028
-91434
-92151
-93309
-94797
-96451
-98215
-99860
-101268
-102513
-103529
-104215
-104667
-104998
-105166
-105300
-105453
-105465
-105377
-105218
-104924
-104573
-104144
-103440
-102413
-101094
-99474
-97691
-95955
-94380
-93044
-92030
-91265
-90653
-90153
-89761
-89496
-89281
-89175
-89305
-89607
-90004
-90407
-90730
-90946
-91059
-91165
-91359
-91674
-92149
-92846
-93792
-94973
-96388
-97889
-99259
-100444
-101337
-101800
-101890
-101673
-101242
-100777
-100299
-99801
-99354
-98880
-98243
-97407
-96349
-94990
-93369
-91628
-89771
-87923
-86285
-84838
-83617
-82736
-82167
-81774
-81444
-81152
-80900
-80722
-80631
-80615
-80765
-81157
-81778
-82734
-84073
-85590
-87181
-88827
-90311
-91517
-92518
-93306
-93920
-94493
-95075
-95728
-96533
-97416
-98227
-98870
-99316
-99539
-99506
-99253
-98819
-98269
-97731
-97283
-96910
-96690
-96736
-96905
-97035
-96998
-96720
-96140
-95296
-94437
-93547
-92881
-92309
-91584
-91312
-91282
-91306
-91830
-92745
-93714
-94646
-95614
-96335
-96802
-97279
-97638
-97954
-98400
-98945
-99564
-100319
-101183
-101877
-102203
-102082
-101368
-100159
-98742
-97284
-95992
-95053
-94403
-94013
-93982
-94177
-94386
-94558
-94594
-94411
-94015
-93320
-92250
-90957
-89683
-88618
-87985
-87890
-88318
-89298
-90712
-92300
-93882
-95330
-96532
-97557
-98552
-99508
-100462
-101451
-102309
-102897
-103176
-103175
-102929
-102388
-101522
-100367
-98971
-97400
-95769
-94212
-92766
-91369
-89969
-88535
-87088
-85709
-84399
-83224
-82335
-81706
-81256
-81051
-81123
-81360
-81703
-82192
-82836
-83590
-84428
-85304
-86161
-86957
-87685
-88389
-89092
-89854
-90743
-91843
-93262
-95074
-97339
-99960
-102662
-105213
-107494
-109374
-110704
-111484
-111778
-111632
-111229
-110747
-110245
-109834
-109610
-109528
-109572
-109785
-110145
-110649
-111242
-111848
-112520
-113175
-113647
-113981
-114207
-114290
-114344
-114386
-114265
-113980
-113524
-112827
-111931
-110904
-109771
-108687
-107892
-107389
-107159
-107166
-107052
-106473
-105376
-103860
-101882
-99370
-96535
-93615
-90704
-87961
-85613
-83687
-82145
-81046
-80402
-80202
-80374
-80838
-81546
-82427
-83439
-84516
-85628
-86844
-88164
-89488
-90881
-92415
-94046
-95871
-97900
-100047
-102232
-104250
-105902
-107054
-107696
-107818
-107367
-106380
-104912
-103056
-101055
-99247
-97882
-97095
-96915
-97216
-97783
-98341
-98630
-98552
-98147
-97534
-96886
-96403
-96173
-96123
-96182
-96235
-96125
-95745
-95043
-93992
-92529
-90643
-88379
-85917
-83548
-81434
-79740
-78610
-78051
-77922
-78080
-78531
-79033
-79313
-79395
-79228
-78879
-78611
-78551
-78711
-79142
-79855
-80657
-81461
-82376
-83346
-84284
-85254
-86251
-87190
-88184
-89284
-90357
-91462
-92671
-93836
-94927
-96006
-96948
-97718
-98526
-99435
-100417
-101546
-102780
-104012
-105147
-106003
-106506
-106732
-106658
-106201
-105448
-104543
-103586
-102760
-102208
-101901
-101853
-101954
-101805
-101192
-100168
-98782
-97228
-95799
-94655
-93882
-93567
-93602
-93736
-93909
-94170
-94498
-94852
-95222
-95570
-95817
-95984
-96251
-96675
-97132
-97604
-98200
-98983
-99967
-101048
-102057
-102946
-103663
-104071
-104156
-103986
-103528
-102868
-102292
-101942
-101835
-101986
-102342
-102818
-103331
-103795
-104165
-104356
-104286
-103974
-103403
-102593
-101733
-100974
-100378
-99967
-99682
-99469
-99265
-98916
-98384
-97842
-97437
-97208
-97165
-97241
-97332
-97393
-97456
-97554
-97673
-97855
-98075
-98138
-98032
-97908
-97753
-97536
-97288
-97007
-96739
-96460
-96103
-95718
-95312
-94866
-94437
-94014
-93521
-92888
-92116
-91277
-90428
-89650
-88906
-88149
-87460
-86780
-86154
-85720
-85457
-85437
-85679
-86080
-86628
-87383
-88339
-89483
-90861
-92402
-94044
-95693
-97089
-98119
-98769
-98989
-98880
-98660
-98470
-98306
-98131
-97885
-97470
-96905
-96318
-95775
-95285
-94870
-94499
-94058
-93429
-92550
-91437
-90216
-89106
-88320
-87887
-87737
-87833
-88123
-88536
-89051
-89719
-90486
-91268
-92076
-92945
-94031
-95477
-97279
-99341
-101446
-103448
-105325
-107010
-108461
-109734
-110838
-111735
-112450
-112974
-113266
-113310
-113121
-112727
-112164
-111437
-110474
-109253
-107821
-106231
-104537
-102831
-101184
-99590
-98073
-96623
-95201
-93955
-92986
-92224
-91674
-91326
-91054
-90809
-90561
-90211
-89773
-89360
-88920
-88491
-88324
-88380
-88605
-89100
-89784
-90616
-91609
-92681
-93674
-94549
-95425
-96227
-96873
-97429
-97870
-98225
-98639
-99136
-99625
-100127
-100659
-101107
-101391
-101461
-101289
-100915
-100451
-99987
-99513
-98996
-98397
-97697
-96879
-95873
-94664
-93338
-92026
-90829
-89875
-89347
-89267
-89610
-90428
-91711
-93326
-95122
-96974
-98661
-100003
-101017
-101732
-102150
-102364
-102532
-102769
-103154
-103665
-104173
-104541
-104657
-104475
-103987
-103191
-102106
-100740
-99176
-97555
-95950
-94395
-92914
-91652
-90709
-89847
-88920
-87895
-86692
-85381
-83985
-82605
-81369
-80258
-79297
-78387
-77483
-76708
-76033
-75432
-75098
-75212
-75739
-76626
-77824
-79102
-80288
-81354
-82216
-82840
-83246
-83443
-83503
-83502
-83453
-83328
-83107
-82759
-82240
-81554
-80757
-80009
-79502
-79247
-79205
-79412
-79832
-80340
-80855
-81461
-82190
-82967
-83897
-85006
-86214
-87503
-88776
-89951
-91039
-92105
-93123
-94020
-94883
-95786
-96783
-97991
-99453
-101171
-103154
-105387
-107729
-110004
-112133
-114012
-115521
-116608
-117323
-117749
-117936
-118027
-118165
-118404
-118772
-119192
-119474
-119417
-118959
-118083
-116779
-115219
-113629
-112154
-110884
-109830
-109031
-108581
-108520
-108780
-109244
-109842
-110536
-111234
-111774
-112018
-111850
-111255
-110310
-108944
-107110
-105014
-103040
-101477
-100354
-99678
-99347
-99219
-99202
-99084
-98886
-98692
-98465
-98331
-98286
-98162
-97920
-97596
-97169
-96672
-96223
-95890
-95742
-95691
-95556
-95317
-94971
-94506
-93911
-93183
-92431
-91733
-91128
-90604
-90108
-89720
-89465
-89315
-89379
-89717
-90390
-91542
-93193
-95134
-97159
-99289
-101421
-103319
-104921
-106165
-106979
-107456
-107813
-108092
-108283
-108409
-108212
-107516
-106333
-104704
-102837
-101002
-99336
-97902
-96878
-96384
-96355
-96693
-97302
-98043
-98782
-99415
-99814
-99854
-99490
-98810
-97891
-96795
-95665
-94581
-93571
-92578
-91478
-90117
-88411
-86434
-84172
-81732
-79326
-77017
-74961
-73240
-71754
-70425
-69155
-67941
-66955
-66249
-65698
-65358
-65415
-65898
-66749
-67890
-69165
-70457
-71809
-73338
-75061
-77011
-79302
-81925
-84745
-87592
-90335
-92797
-94837
-96445
-97569
-98250
-98626
-98756
-98621
-98212
-97553
-96606
-95419
-94169
-92921
-91710
-90681
-89884
-89284
-88890
-88730
-88906
-89377
-89844
-90064
-89980
-89692
-89389
-89223
-89253
-89470
-89804
-90029
-90043
-90020
-89960
-89792
-89742
-89972
-90374
-90920
-91673
-92514
-93299
-94032
-94626
-94962
-95201
-95467
-95708
-95985
-96297
-96570
-96822
-97039
-97126
-96983
-96631
-96124
-95483
-94739
-93845
-92748
-91548
-90293
-88978
-87805
-86941
-86428
-86399
-86860
-87685
-88869
-90333
-91785
-93110
-94373
-95457
-96334
-97128
-97809
-98361
-98827
-99132
-99207
-99165
-99044
-98758
-98401
-98076
-97738
-97372
-96993
-96590
-96166
-95679
-95072
-94367
-93595
-92798
-91991
-91147
-90219
-89144
-88062
-87131
-86338
-85811
-85708
-86019
-86708
-87707
-88873
-90119
-91419
-92692
-93942
-95143
-96217
-97225
-98178
-99049
-99824
-100455
-100941
-101263
-101426
-101484
-101444
-101359
-101374
-101601
-102029
-102586
-103227
-103942
-104757
-105621
-106401
-107153
-107979
-108643
-108873
-108900
-109038
-109303
-109758
-110436
-111171
-111895
-112559
-113027
-113278
-113271
-112957
-112403
-111767
-111210
-110750
-110455
-110367
-110362
-110404
-110508
-110613
-110561
-110200
-109517
-108441
-107043
-105430
-103596
-101801
-99827
-97518
-95459
-93404
-90992
-88846
-87120
-85439
-84013
-83060
-82210
-81359
-80729
-80222
-79870
-79931
-80415
-81190
-82150
-83184
-84190
-85066
-85772
-86403
-86973
-87501
-88157
-88973
-89944
-91130
-92548
-94085
-95599
-97173
-98758
-100198
-101538
-102783
-103762
-104372
-104738
-104872
-104727
-104422
-103975
-103462
-103082
-102908
-102851
-102836
-102845
-102741
-102487
-102142
-101637
-100937
-100173
-99470
-98784
-98136
-97582
-97058
-96530
-95967
-95332
-94627
-93893
-93230
-92764
-92558
-92557
-92729
-93016
-93245
-93360
-93381
-93280
-93108
-92984
-92966
-92968
-92845
-92564
-92145
-91585
-90852
-89997
-89100
-88151
-87213
-86332
-85463
-84648
-84060
-83834
-83936
-84349
-85144
-86268
-87595
-89072
-90660
-92220
-93586
-94660
-95478
-96131
-96631
-97015
-97341
-97618
-97750
-97642
-97295
-96644
-95653
-94400
-92971
-91369
-89624
-87853
-86127
-84587
-83343
-82401
-81807
-81531
-81475
-81576
-81736
-81845
-81855
-81704
-81292
-80616
-79777
-78860
-78019
-77447
-77091
-76891
-77011
-77532
-78348
-79446
-80948
-82853
-84970
-87173
-89392
-91464
-93339
-95081
-96641
-98039
-99392
-100718
-102052
-103474
-104968
-106460
-107874
-109082
-109916
-110370
-110549
-110447
-110244
-110188
-110298
-110566
-110926
-111324
-111658
-111725
-111602
-111458
-111269
-110998
-110845
-111032
-111374
-111765
-112349
-113006
-113573
-114142
-114744
-115269
-115779
-116322
-116835
-117319
-117671
-117819
-117740
-117421
-117001
-116485
-115863
-115257
-114637
-113917
-113105
-112248
-111361
-110387
-109357
-108345
-107180
-105746
-104111
-102246
-100358
-98424
-96277
-94539
-93539
-93046
-93109
-93782
-94858
-96180
-97806
-99523
-101166
-102926
-104890
-107072
-109388
-111817
-114365
-116885
-119288
-121455
-123264
-124715
-125868
-126740
-127255
-127490
-127652
-127770
-127871
-128031
-128098
-127865
-127272
-126338
-125115
-123788
-122579
-121477
-120455
-119575
-118805
-118091
-117518
-117238
-117161
-117194
-117415
-117683
-117798
-117664
-117260
-116568
-115555
-114343
-112995
-111537
-110021
-108286
-106219
-103915
-101266
-98128
-94657
-90952
-87040
-83121
-79483
-76311
-73642
-71548
-70034
-69025
-68506
-68335
-68304
-68404
-68720
-69299
-70161
-71311
-72683
-74109
-75557
-77125
-78778
-80428
-82000
-83405
-84587
-85539
-86306
-86878
-87279
-87579
-87742
-87749
-87615
-87399
-87155
-86918
-86783
-86705
-86642
-86657
-86686
-86749
-86928
-87202
-87671
-88401
-89292
-90255
-91249
-92215
-93063
-93832
-94534
-95133
-95679
-96047
-96255
-96494
-96695
-96785
-96812
-96800
-96700
-96647
-96704
-96455
-95829
-94896
-93391
-91349
-88978
-86397
-83692
-81075
-78833
-77125
-76073
-75588
-75512
-75790
-76312
-77007
-77806
-78609
-79421
-80335
-81440
-82759
-84213
-85763
-87435
-89141
-90792
-92363
-93871
-95417
-96956
-98361
-99584
-100569
-101301
-101877
-102380
-102786
-103085
-103267
-103294
-103211
-103093
-103026
-103125
-103342
-103502
-103458
-103078
-102306
-101144
-99528
-97491
-95232
-92959
-90824
-89052
-87815
-87072
-86906
-87411
-88449
-89870
-91598
-93573
-95642
-97730
-99842
-101871
-103865
-105895
-107788
-109456
-110986
-112383
-113508
-114384
-115193
-115946
-116605
-117341
-118229
-119145
-120173
-121330
-122601
-124089
-125696
-127369
-128802
-129741
-130300
-130484
-130407
-130021
-129287
-128423
-127388
-126180
-124826
-123187
-121247
-119074
-116871
-114883
-113242
-112011
-111089
-110297
-109535
-108830
-108226
-107658
-107071
-106331
-105284
-103871
-102121
-100210
-98183
-95899
-93261
-90308
-87141
-83789
-80411
-77290
-74535
-72074
-69902
-68043
-66385
-64863
-63482
-62251
-61173
-60278
-59611
-59098
-58604
-58087
-57543
-56905
-56154
-55382
-54661
-54063
-53699
-53665
-54005
-54768
-55980
-57573
-59453
-61613
-64051
-66652
-69328
-72146
-75111
-78002
-80702
-83255
-85532
-87440
-89100
-90552
-91620
-92222
-92587
-92788
-92758
-92644
-92430
-91940
-91300
-90658
-89871
-88948
-88006
-86934
-85719
-84431
-82999
-81349
-79505
-77514
-75352
-73036
-70626
-68086
-65345
-62356
-59247
-56226
-53246
-50251
-47438
-45065
-43163
-41746
-40874
-40471
-40581
-41136
-42010
-43243
-44635
-46009
-47485
-49008
-50450
-51871
-53218
-54459
-55727
-57049
-58394
-59862
-61524
-63215
-64811
-66375
-67909
-69302
-70604
-71954
-73370
-74899
-76534
-78200
-79904
-81674
-83507
-85407
-87379
-89391
-91339
-93108
-94788
-96509
-98365
-100366
-102346
-104399
-106613
-108794
-110869
-112785
-114417
-115771
-117063
-118458
-119785
-120890
-121722
-122121
-122113
-121829
-121419
-121128
-120882
-120528
-120182
-119867
-119582
-119363
-119034
-118344
-117148
-115495
-113592
-111596
-109552
-107586
-105960
-104637
-103410
-102313
-101432
-100699
-100082
-99809
-99993
-100578
-101618
-103089
-104870
-106853
-109008
-111278
-113515
-115814
-118359
-121133
-124099
-127126
-130025
-132811
-135442
-137795
-139884
-141758
-143485
-145070
-146534
-147828
-148802
-149428
-149660
-149540
-149147
-148558
-147897
-147123
-146335
-145621
-144857
-143996
-142953
-141593
-139966
-138241
-136358
-134288
-132195
-130058
-127807
-125479
-123153
-120920
-118813
-116896
-115223
-113730
-112343
-111078
-109965
-108965
-108126
-107552
-107250
-107189
-107327
-107661
-108192
-108929
-109870
-110972
-112307
-113947
-115812
-117696
-119429
-121029
-122444
-123579
-124515
-125311
-125945
-126365
-126497
-126324
-125930
-125431
-124839
-124159
-123359
-122387
-121332
-120275
-119291
-118462
-117786
-117274
-116863
-116414
-115857
-115137
-114356
-113805
-113406
-113002
-112807
-112781
-112757
-112800
-112757
-112437
-111835
-110857
-109433
-107567
-105404
-103206
-101102
-99116
-97077
-94827
-92412
-89837
-87129
-84459
-81892
-79250
-76545
-73913
-71342
-68974
-66997
-65348
-63887
-62532
-61146
-59618
-58078
-56633
-55228
-53911
-52819
-52078
-51764
-51929
-52784
-54441
-56712
-59331
-62017
-64521
-66746
-68622
-70034
-70925
-71336
-71405
-71216
-70812
-70389
-70136
-70037
-70009
-70092
-70211
-70163
-69931
-69593
-69173
-68762
-68534
-68626
-69099
-69936
-71033
-72234
-73331
-74252
-75054
-75655
-76130
-76610
-76986
-77256
-77394
-77365
-77227
-76971
-76697
-76435
-76169
-75938
-75773
-75657
-75466
-75201
-74854
-74268
-73491
-72651
-71683
-70581
-69477
-68443
-67421
-66374
-65389
-64455
-63555
-62741
-62007
-61361
-60673
-59976
-59622
-59729
-60248
-61364
-63135
-65252
-67611
-70159
-72630
-75084
-77701
-80343
-82909
-85544
-88102
-90184
-91803
-93248
-94677
-96102
-97485
-98801
-100083
-101358
-102535
-103521
-104314
-104965
-105563
-106154
-106708
-107171
-107551
-107887
-108183
-108446
-108759
-109169
-109675
-110380
-111284
-112216
-113124
-114059
-115003
-115942
-116952
-118041
-119069
-120071
-121167
-122240
-123226
-124085
-124808
-125425
-125821
-126153
-126529
-126686
-126543
-126244
-125891
-125518
-125200
-124944
-124625
-124171
-123610
-122976
-122333
-121781
-121410
-121257
-121259
-121435
-121851
-122534
-123505
-124654
-125877
-127026
-127941
-128637
-129119
-129370
-129442
-129322
-128873
-128070
-127020
-125757
-124311
-122768
-121187
-119471
-117617
-115819
-114087
-112383
-110873
-109660
-108568
-107455
-106342
-105131
-103785
-102457
-101108
-99628
-98148
-96669
-94990
-93150
-91326
-89586
-88082
-86958
-86101
-85398
-84794
-84183
-83578
-82988
-82276
-81465
-80723
-80085
-79504
-79024
-78714
-78586
-78651
-78847
-79093
-79427
-79945
-80579
-81337
-82370
-83357
-84138
-85127
-86263
-87055
-87637
-88195
-88461
-88713
-88913
-88810
-88668
-88336
-87833
-87191
-86328
-85372
-84181
-82866
-81705
-80691
-79823
-79212
-78807
-78515
-78420
-78479
-78426
-78175
-77893
-77614
-77479
-77477
-77450
-77585
-77783
-77811
-77518
-76912
-76254
-75514
-74802
-74305
-73845
-73365
-73021
-73038
-73025
-72541
-72339
-72704
-73041
-72997
-72904
-73471
-74172
-74863
-76133
-77373
-78783
-80841
-82786
-84504
-86257
-87729
-88472
-88702
-89281
-90032
-90325
-90675
-91554
-92391
-92787
-93256
-93885
-94170
-94218
-94408
-94784
-95179
-95665
-96484
-97457
-98378
-99406
-100553
-101734
-103126
-104893
-106900
-108870
-110727
-112466
-113851
-114847
-115527
-115788
-115603
-114990
-114152
-113295
-112392
-111436
-110492
-109544
-108406
-107056
-105478
-103668
-101951
-100543
-99528
-98948
-98741
-98874
-99239
-99660
-99917
-99832
-99436
-98768
-97981
-97229
-96422
-95641
-94903
-94104
-93361
-92901
-92668
-92181
-91298
-90370
-89771
-89669
-90001
-90608
-91293
-91937
-92384
-92507
-92488
-92532
-92606
-92634
-92568
-92310
-91927
-91702
-91857
-92275
-92676
-92899
-92970
-92933
-92627
-91881
-90704
-89224
-87713
-86637
-86325
-86541
-87013
-87764
-88548
-89066
-89500
-90121
-90990
-92188
-93748
-95522
-97341
-99238
-101359
-103653
-106126
-108959
-111952
-114718
-117164
-119279
-120957
-122103
-122734
-122866
-122587
-122131
-121618
-121012
-120296
-119620
-118941
-118113
-117220
-116073
-114609
-113062
-111458
-109816
-108102
-106384
-104727
-102905
-100988
-99365
-98087
-97100
-96704
-97019
-97704
-98341
-98909
-99720
-100759
-101837
-102973
-104246
-105709
-107360
-109154
-110869
-112374
-113664
-114560
-115061
-115208
-114802
-113803
-112451
-110895
-109009
-106759
-104413
-102081
-99623
-97108
-94597
-92000
-89365
-86911
-84857
-83256
-82059
-81181
-80538
-80062
-79780
-79777
-79967
-80163
-80326
-80453
-80412
-80243
-80035
-79805
-79647
-79535
-79428
-79350
-79501
-80031
-80848
-81962
-83264
-84626
-86081
-87555
-88734
-89167
-88817
-87966
-86785
-85397
-83935
-82454
-80915
-79455
-78365
-77654
-77016
-76377
-75848
-75322
-74792
-74450
-74369
-74444
-74661
-75195
-76049
-77153
-78652
-80473
-82250
-83858
-85479
-87070
-88336
-89261
-89947
-90383
-90608
-90637
-90416
-89895
-89065
-87979
-86858
-85935
-85257
-84862
-84697
-84685
-84897
-85338
-85984
-86853
-87988
-89451
-91032
-92525
-93832
-94876
-95686
-96182
-96486
-96808
-97221
-97744
-98179
-98405
-98320
-97860
-97213
-96569
-95938
-95339
-94851
-94446
-94087
-93669
-93115
-92539
-92027
-91580
-91297
-91372
-91897
-92925
-94382
-96060
-97895
-99881
-101948
-103995
-105938
-107839
-109750
-111593
-113312
-114932
-116496
-117940
-119158
-120084
-120654
-120838
-120610
-120034
-119308
-118612
-118031
-117511
-117088
-116936
-117024
-117223
-117526
-117944
-118418
-118877
-119267
-119533
-119672
-119675
-119497
-119244
-119130
-119221
-119360
-119447
-119464
-119287
-118728
-117785
-116686
-115492
-114262
-113148
-112212
-111507
-110939
-110566
-110480
-110536
-110735
-110975
-110979
-110693
-110197
-109576
-108830
-108039
-107503
-107318
-107366
-107530
-107590
-107433
-107041
-106312
-105317
-104112
-102695
-101251
-99822
-98383
-96965
-95456
-93781
-92087
-90553
-89175
-87979
-87043
-86267
-85538
-84863
-84320
-83853
-83462
-83429
-83835
-84569
-85654
-86956
-88144
-89124
-90028
-90839
-91532
-92167
-92637
-92860
-92909
-92814
-92467
-91823
-91038
-90251
-89457
-88696
-88078
-87593
-87166
-86806
-86543
-86343
-86189
-86083
-85928
-85613
-85164
-84727
-84370
-84044
-83725
-83490
-83454
-83617
-83965
-84512
-85130
-85776
-86477
-87078
-87489
-87660
-87568
-87345
-87056
-86859
-86902
-87134
-87518
-87931
-88257
-88465
-88630
-88894
-89171
-89379
-89579
-89800
-89998
-90105
-90293
-90669
-91071
-91421
-91685
-91772
-91548
-90863
-89685
-88106
-86280
-84318
-82202
-80093
-78258
-76724
-75574
-74786
-74221
-74048
-74325
-74853
-75445
-76077
-76967
-78186
-79713
-81568
-83597
-85600
-87408
-88976
-90333
-91385
-92079
-92462
-92637
-92682
-92646
-92620
-92643
-92705
-92760
-92751
-92699
-92655
-92623
-92558
-92460
-92383
-92354
-92472
-92889
-93513
-94149
-94753
-95351
-95918
-96283
-96356
-96197
-95833
-95331
-94839
-94544
-94571
-94910
-95573
-96614
-97921
-99329
-100754
-102132
-103464
-104735
-105881
-106859
-107602
-108037
-108139
-107947
-107510
-106819
-105859
-104801
-103936
-103414
-103225
-103234
-103305
-103389
-103416
-103166
-102540
-101770
-100985
-100099
-99296
-98755
-98312
-97941
-97716
-97547
-97338
-96973
-96465
-95927
-95445
-95184
-95284
-95830
-96804
-98002
-99223
-100355
-101347
-102226
-103079
-104005
-105073
-106256
-107467
-108607
-109549
-110189
-110402
-110136
-109555
-108860
-108094
-107278
-106607
-106163
-105825
-105613
-105615
-105763
-105968
-106273
-106698
-107170
-107636
-108084
-108456
-108643
-108640
-108451
-108023
-107350
-106522
-105604
-104579
-103550
-102669
-101929
-101287
-100721
-100134
-99437
-98738
-98152
-97679
-97322
-97130
-97047
-96877
-96548
-96001
-95146
-94106
-93059
-92129
-91356
-90738
-90297
-89896
-89326
-88504
-87523
-86584
-85759
-85093
-84689
-84603
-84794
-85188
-85708
-86192
-86493
-86455
-86001
-85194
-84139
-83006
-81943
-81047
-80298
-79702
-79440
-79535
-79823
-80086
-80178
-80090
-79864
-79535
-79080
-78622
-78375
-78313
-78439
-78831
-79433
-80220
-81122
-82142
-83311
-84472
-85595
-86706
-87712
-88521
-89107
-89514
-89824
-90205
-90767
-91471
-92219
-92923
-93557
-94116
-94604
-95066
-95648
-96441
-97390
-98537
-99950
-101610
-103430
-105296
-107142
-108875
-110386
-111639
-112623
-113312
-113751
-114076
-114335
-114449
-114323
-113900
-113228
-112338
-111268
-110167
-109007
-107772
-106641
-105666
-104846
-104209
-103759
-103511
-103417
-103515
-103908
-104523
-105098
-105484
-105731
-105791
-105571
-105068
-104277
-103168
-101740
-100048
-98175
-96210
-94302
-92566
-91100
-90010
-89328
-89041
-89042
-89221
-89506
-89708
-89692
-89524
-89322
-89127
-88976
-88964
-89151
-89533
-90118
-90937
-91876
-92780
-93578
-94085
-94160
-93791
-92954
-91700
-90146
-88385
-86522
-84729
-83263
-82333
-81891
-81764
-81883
-82159
-82468
-82747
-82946
-83042
-83061
-83131
-83413
-84026
-85097
-86645
-88524
-90604
-92862
-95254
-97684
-99993
-102027
-103803
-105247
-106167
-106598
-106677
-106476
-106080
-105651
-105361
-105222
-105165
-105236
-105403
-105630
-106003
-106489
-107148
-107824
-108531
-109407
-109836
-109701
-109225
-108378
-107410
-106453
-105687
-105239
-105076
-105188
-105521
-105980
-106401
-106755
-107052
-107286
-107590
-108080
-108666
-109143
-109415
-109456
-109285
-108974
-108578
-108148
-107675
-107201
-106829
-106569
-106409
-106359
-106403
-106498
-106671
-106966
-107302
-107563
-107651
-107558
-107375
-107109
-106722
-106201
-105499
-104646
-103695
-102606
-101287
-99723
-97922
-95864
-93666
-91492
-89453
-87558
-85761
-84066
-82470
-81044
-79925
-79231
-79079
-79585
-80723
-82318
-84268
-86425
-88529
-90429
-92142
-93634
-94728
-95358
-95516
-95182
-94498
-93641
-92704
-91812
-91079
-90548
-90181
-89878
-89607
-89375
-89113
-88803
-88611
-88707
-89147
-89918
-90951
-92163
-93331
-94155
-94459
-94125
-93124
-91557
-89626
-87500
-85228
-82881
-80558
-78353
-76322
-74491
-72932
-71586
-70348
-69235
-68259
-67514
-67125
-67191
-67709
-68602
-69855
-71320
-72825
-74237
-75469
-76530
-77450
-78306
-79088
-79734
-80196
-80382
-80404
-80396
-80338
-80282
-80193
-79965
-79696
-79472
-79269
-79239
-79637
-80513
-81793
-83427
-85397
-87696
-90167
-92577
-94750
-96653
-98435
-100128
-101650
-102976
-104077
-104911
-105415
-105637
-105729
-105816
-106000
-106293
-106711
-107238
-107704
-107988
-108086
-108036
-107823
-107410
-106837
-106106
-105249
-104400
-103604
-102925
-102526
-102507
-102788
-103244
-103796
-104253
-104472
-104473
-104300
-103992
-103636
-103405
-103418
-103779
-104569
-105762
-107291
-108977
-110651
-112121
-113274
-114232
-114999
-115576
-116075
-116604
-117133
-117490
-117719
-117949
-118227
-118617
-119120
-119678
-120177
-120610
-121016
-121315
-121606
-121967
-122343
-122779
-123270
-123787
-124138
-124132
-123886
-123365
-122477
-121334
-119954
-118344
-116606
-114834
-113185
-111707
-110305
-109001
-107927
-107223
-106962
-107118
-107550
-108100
-108643
-109050
-109277
-109302
-109015
-108342
-107331
-106110
-104842
-103711
-102755
-101843
-100904
-99886
-98746
-97551
-96412
-95491
-94903
-94745
-94985
-95526
-96457
-97642
-98945
-100358
-101792
-103328
-104746
-105888
-106929
-107863
-108888
-110041
-111221
-112459
-113481
-114181
-114662
-115118
-115717
-116367
-117155
-118159
-119280
-120413
-121521
-122689
-123885
-125014
-126064
-126998
-127721
-128095
-127911
-127106
-125710
-123621
-120786
-117249
-113109
-108485
-103558
-98645
-94112
-90222
-86925
-83994
-81211
-78403
-75509
-72529
-69503
-66458
-63434
-60568
-58046
-56123
-55021
-54704
-54822
-54893
-54721
-54375
-53919
-53423
-53020
-52842
-53007
-53634
-54801
-56424
-58210
-59881
-61317
-62487
-63498
-64496
-65506
-66551
-67621
-68671
-69666
-70471
-71010
-71370
-71547
-71453
-71148
-70941
-71069
-71468
-72132
-73100
-74264
-75655
-77298
-79174
-81320
-83355
-84932
-86195
-87413
-88872
-90601
-92381
-93977
-95214
-95931
-95817
-94813
-93264
-91741
-90822
-90303
-89550
-88635
-87978
-87633
-87459
-87355
-87244
-86931
-86266
-85455
-84592
-83502
-82212
-80834
-79549
-78498
-77629
-76970
-76469
-76009
-75580
-75060
-74426
-73669
-72720
-71781
-70994
-70480
-70365
-70597
-71200
-72200
-73527
-75128
-76917
-78679
-80236
-81569
-82674
-83584
-84402
-85205
-85928
-86516
-87177
-88113
-89240
-90428
-91571
-92494
-93095
-93455
-93697
-93872
-94073
-94491
-95296
-96444
-97826
-99446
-101206
-102931
-104501
-105883
-107008
-107741
-108083
-108137
-107986
-107573
-106823
-105826
-104667
-103247
-101490
-99506
-97559
-95799
-94407
-93647
-93443
-93876
-94778
-96129
-98083
-99873
-101543
-103368
-104974
-106374
-107575
-108701
-109837
-110979
-112179
-113339
-114327
-114998
-115463
-115946
-116535
-117337
-118377
-119661
-121187
-122832
-124573
-126412
-128212
-129884
-131380
-132601
-133399
-133589
-133123
-132166
-130849
-129224
-127391
-125473
-123545
-121692
-120144
-119035
-118181
-117360
-116549
-115899
-115479
-115277
-115467
-116206
-117443
-119037
-120866
-122766
-124504
-125898
-126789
-127123
-126920
-126041
-124409
-122091
-119205
-115904
-112348
-108859
-105795
-103403
-101778
-100799
-100330
-100189
-100148
-100179
-100343
-100653
-101100
-101614
-102076
-102357
-102349
-102041
-101538
-101075
-100729
-100377
-100007
-99581
-99096
-98617
-98164
-97763
-97346
-96900
-96479
-96107
-95869
-95767
-95664
-95506
-95285
-94948
-94521
-94090
-93594
-92954
-92248
-91535
-90789
-89970
-89019
-87871
-86518
-85038
-83477
-81912
-80523
-79541
-78929
-78305
-77560
-76938
-76399
-75623
-74635
-73664
-72753
-72033
-71642
-71568
-71653
-71687
-71725
-71836
-71940
-72011
-72004
-71917
-71794
-71581
-71237
-70785
-70264
-69772
-69405
-69194
-69103
-69069
-69032
-68953
-68831
-68615
-68264
-67723
-66878
-65730
-64333
-62765
-61134
-59537
-58197
-57343
-57017
-57183
-57761
-58620
-59771
-61114
-62519
-64094
-65819
-67693
-69608
-71258
-72726
-74145
-75306
-75992
-76102
-75799
-75411
-75112
-74939
-74888
-74994
-75275
-75686
-76164
-76691
-77285
-77817
-78240
-78640
-79075
-79711
-80577
-81567
-82661
-83835
-85037
-86205
-87363
-88620
-90092
-91821
-93751
-95820
-97958
-100107
-102260
-104459
-106682
-108842
-111022
-113351
-115820
-118327
-120825
-123351
-125884
-128426
-130950
-133321
-135448
-137213
-138420
-138920
-138574
-137550
-136404
-135380
-134266
-132965
-131700
-130689
-129901
-129245
-128747
-128434
-128291
-128235
-128241
-128311
-128365
-128362
-128208
-127958
-127725
-127372
-126858
-126292
-125871
-125709
-125710
-125847
-126101
-126375
-126629
-126944
-127260
-127410
-127374
-127085
-126537
-125756
-124677
-123312
-121786
-120333
-119016
-117717
-116357
-114882
-113330
-111754
-110192
-108703
-107283
-105945
-104810
-103963
-103315
-102719
-102125
-101691
-101507
-101574
-101952
-102528
-103216
-103975
-104714
-105390
-105955
-106396
-106658
-106824
-107021
-107260
-107618
-108115
-108725
-109311
-109639
-109573
-109079
-108194
-106859
-105004
-102683
-100090
-97455
-94866
-92371
-89961
-87669
-85620
-83795
-82134
-80641
-79352
-78317
-77640
-77401
-77510
-77818
-78157
-78372
-78337
-77998
-77509
-77044
-76683
-76455
-76357
-76484
-76868
-77421
-78041
-78660
-79275
-79795
-80120
-80172
-79834
-79132
-78234
-77412
-76872
-76640
-76624
-76636
-76545
-76344
-76098
-75890
-75693
-75325
-74652
-73758
-72816
-72002
-71430
-71114
-71044
-71163
-71463
-71955
-72545
-73118
-73595
-74031
-74558
-75181
-75805
-76378
-76877
-77280
-77642
-77995
-78311
-78543
-78651
-78739
-78911
-79219
-79686
-80219
-80789
-81351
-81813
-82122
-82164
-82039
-82018
-82220
-82638
-83203
-83830
-84358
-84566
-84367
-83813
-83000
-82094
-81241
-80502
-79887
-79421
-79156
-79155
-79542
-80239
-80994
-81668
-82218
-82729
-83279
-83920
-84836
-86118
-87699
-89579
-91720
-93884
-95809
-97405
-98678
-99637
-100270
-100571
-100652
-100576
-100360
-100124
-99850
-99435
-98872
-98216
-97605
-97160
-96945
-97013
-97315
-97755
-98294
-98909
-99617
-100509
-101634
-102945
-104443
-106128
-107894
-109651
-111370
-113034
-114714
-116557
-118537
-120455
-122116
-123411
-124334
-124893
-125124
-125071
-124808
-124489
-124174
-123922
-123737
-123475
-123169
-122884
-122587
-122234
-121732
-121102
-120508
-120091
-119850
-119723
-119537
-119108
-118501
-117738
-116709
-115377
-113833
-112322
-111003
-109942
-109172
-108638
-108215
-107747
-107167
-106382
-105356
-104208
-103065
-102091
-101290
-100560
-99876
-99231
-98683
-98245
-97939
-97919
-98338
-99184
-100293
-101515
-102648
-103416
-103663
-103338
-102439
-101033
-99189
-97020
-94752
-92663
-90885
-89388
-88165
-87232
-86466
-85769
-85203
-84760
-84403
-84180
-84171
-84471
-85090
-85981
-87117
-88489
-90045
-91666
-93240
-94732
-96135
-97307
-98054
-98367
-98409
-98276
-97945
-97506
-97085
-96686
-96183
-95498
-94830
-94301
-93919
-93723
-93660
-93642
-93535
-93325
-93069
-92746
-92377
-91894
-91254
-90478
-89601
-88761
-88008
-87387
-86984
-86741
-86561
-86336
-86044
-85819
-85764
-85911
-86241
-86685
-87200
-87777
-88395
-89042
-89748
-90483
-91141
-91686
-92090
-92296
-92236
-91772
-90868
-89659
-88383
-87242
-86332
-85807
-85801
-86297
-87044
-87745
-88320
-88698
-88859
-88947
-89184
-89729
-90546
-91611
-92890
-94160
-95204
-95977
-96576
-97167
-97806
-98444
-99065
-99670
-100187
-100440
-100310
-99850
-99216
-98565
-97976
-97413
-96799
-96070
-95275
-94592
-94062
-93596
-93206
-93031
-93204
-93751
-94614
-95701
-96935
-98285
-99662
-100921
-101918
-102570
-102850
-102817
-102623
-102332
-102000
-101669
-101194
-100453
-99462
-98400
-97447
-96653
-96053
-95607
-95207
-94745
-94150
-93394
-92493
-91516
-90532
-89554
-88517
-87415
-86394
-85615
-85130
-84864
-84670
-84448
-84144
-83761
-83352
-82940
-82650
-82668
-83038
-83685
-84479
-85386
-86356
-87254
-87986
-88555
-89070
-89486
-89760
-89991
-90262
-90677
-91250
-91892
-92488
-92981
-93379
-93640
-93701
-93592
-93433
-93324
-93321
-93395
-93478
-93561
-93485
-93199
-92776
-92140
-91315
-90265
-89118
-88037
-86918
-85979
-85441
-85238
-85314
-85698
-86413
-87356
-88465
-89673
-90882
-92096
-93283
-94370
-95385
-96363
-97360
-98362
-99269
-100098
-100962
-102084
-103559
-105234
-107007
-108713
-110122
-111149
-111898
-112514
-113024
-113346
-113343
-113053
-112667
-112351
-112175
-112113
-112138
-112211
-112289
-112301
-112131
-111729
-111166
-110588
-110104
-109801
-109750
-109946
-110419
-111090
-111753
-112312
-112651
-112627
-112225
-111535
-110690
-109762
-108847
-108088
-107584
-107418
-107559
-107830
-108020
-107930
-107509
-106867
-106127
-105411
-104771
-104224
-103786
-103389
-102969
-102532
-102128
-101736
-101235
-100607
-99968
-99391
-98868
-98356
-97780
-97117
-96397
-95596
-94786
-94128
-93632
-93247
-92894
-92473
-91993
-91496
-90950
-90305
-89564
-88820
-88228
-87922
-87991
-88481
-89230
-89984
-90618
-91007
-91040
-90726
-90214
-89656
-89144
-88733
-88410
-88136
-87832
-87463
-87075
-86708
-86394
-86127
-85954
-85920
-85985
-86074
-86103
-86007
-85770
-85445
-85045
-84589
-84157
-83748
-83381
-83114
-82878
-82565
-82126
-81581
-81090
-80805
-80731
-80797
-80974
-81284
-81656
-82059
-82499
-82874
-83101
-83047
-82641
-81961
-81095
-80169
-79262
-78405
-77681
-77250
-77276
-77722
-78432
-79274
-80199
-81260
-82485
-83827
-85137
-86291
-87332
-88255
-88960
-89444
-89816
-90264
-90972
-91942
-93079
-94305
-95536
-96662
-97631
-98523
-99479
-100600
-101926
-103478
-105213
-106997
-108685
-110126
-111254
-112045
-112370
-112105
-111300
-110201
-109061
-107917
-106741
-105590
-104566
-103853
-103588
-103734
-104199
-104863
-105665
-106585
-107580
-108591
-109599
-110726
-111982
-113215
-114273
-114972
-115258
-115088
-114422
-113384
-112116
-110755
-109365
-107962
-106618
-105308
-103907
-102356
-100674
-99024
-97612
-96511
-95812
-95518
-95477
-95711
-96246
-96962
-97787
-98687
-99654
-100536
-101173
-101561
-101641
-101436
-100978
-100238
-99350
-98463
-97651
-96990
-96548
-96379
-96397
-96371
-96198
-95902
-95493
-95000
-94557
-94355
-94491
-94926
-95558
-96320
-97208
-98148
-99025
-99697
-100002
-99886
-99364
-98593
-97666
-96617
-95563
-94557
-93769
-93151
-92552
-91903
-91013
-89984
-88989
-88168
-87609
-87221
-86963
-86665
-86188
-85535
-84813
-84292
-84106
-84238
-84614
-85103
-85603
-86169
-86930
-87888
-88995
-90230
-91611
-93167
-94948
-96890
-98773
-100449
-101714
-102470
-102827
-102827
-102531
-101965
-101158
-100157
-99039
-97913
-96745
-95598
-94518
-93448
-92470
-91661
-91080
-90731
-90514
-90283
-89931
-89492
-89096
-88884
-88932
-89304
-90117
-91443
-93214
-95252
-97324
-99247
-100922
-102232
-103142
-103638
-103662
-103275
-102547
-101588
-100531
-99467
-98497
-97712
-97237
-97165
-97565
-98438
-99660
-101078
-102501
-103777
-104807
-105484
-105822
-105849
-105546
-105035
-104365
-103453
-102300
-100870
-99180
-97351
-95524
-93881
-92532
-91524
-90916
-90760
-91048
-91720
-92642
-93585
-94403
-95160
-96005
-97013
-98110
-99172
-100163
-101171
-102306
-103503
-104601
-105538
-106252
-106559
-106250
-105229
-103704
-101952
-100058
-98086
-96045
-94128
-92419
-90727
-89205
-87968
-87045
-86496
-86149
-85887
-85674
-85520
-85455
-85452
-85549
-85818
-86330
-87156
-88286
-89619
-90933
-91992
-92704
-93034
-93004
-92713
-92190
-91467
-90634
-89702
-88628
-87417
-86123
-84811
-83569
-82456
-81496
-80658
-79892
-79145
-78442
-78020
-78121
-78964
-80638
-82956
-85703
-88702
-91734
-94591
-97123
-99240
-100919
-102163
-102949
-103268
-103141
-102600
-101675
-100409
-98862
-97064
-95061
-92951
-90865
-88974
-87394
-86132
-85125
-84280
-83574
-83104
-82952
-83117
-83566
-84255
-85106
-86014
-86884
-87605
-88116
-88415
-88534
-88544
-88417
-88154
-87817
-87427
-87084
-86837
-86623
-86464
-86425
-86577
-86981
-87607
-88372
-89271
-90346
-91606
-93043
-94604
-96230
-97773
-99111
-100333
-101482
-102561
-103618
-104561
-105286
-105800
-106180
-106500
-106785
-107054
-107278
-107345
-107163
-106748
-106187
-105619
-105114
-104696
-104385
-104107
-103824
-103486
-103000
-102483
-102180
-102214
-102624
-103263
-103946
-104547
-104938
-105207
-105379
-105458
-105541
-105645
-105760
-105783
-105749
-105660
-105460
-105259
-105092
-105058
-105222
-105504
-105891
-106412
-107018
-107643
-108275
-108872
-109479
-110159
-110856
-111455
-111860
-112023
-111870
-111440
-110851
-110109
-109234
-108385
-107708
-107238
-106901
-106533
-106010
-105337
-104613
-103899
-103250
-102674
-102080
-101458
-100888
-100540
-100571
-100967
-101641
-102410
-103112
-103723
-104268
-104905
-105797
-106949
-108219
-109387
-110381
-111152
-111805
-112385
-112743
-112833
-112383
-111552
-110684
-109606
-108316
-106847
-105340
-104008
-102868
-101929
-101178
-100628
-100155
-99537
-98633
-97375
-95835
-94164
-92534
-91155
-90166
-89542
-89194
-89012
-88805
-88467
-88015
-87494
-87017
-86719
-86726
-87137
-87906
-88887
-90002
-91182
-92351
-93355
-94074
-94448
-94280
-93737
-92981
-92028
-91215
-90540
-89962
-89454
-88865
-88238
-87449
-86452
-85331
-84116
-82905
-81725
-80571
-79487
-78511
-77698
-77155
-76933
-77012
-77375
-77943
-78696
-79686
-80888
-82260
-83690
-85043
-86286
-87462
-88634
-89839
-91094
-92318
-93395
-94273
-94908
-95331
-95608
-95741
-95666
-95322
-94673
-93725
-92589
-91357
-90030
-88614
-87101
-85508
-83851
-82109
-80362
-78667
-77051
-75502
-73961
-72494
-71137
-69991
-69216
-68811
-68792
-69114
-69653
-70267
-70793
-71200
-71558
-71994
-72685
-73720
-75093
-76738
-78547
-80496
-82565
-84707
-86864
-89018
-91240
-93432
-95525
-97564
-99525
-101458
-103416
-105352
-107217
-108971
-110576
-112026
-113409
-114842
-116317
-117766
-119074
-120061
-120680
-121081
-121455
-121927
-122570
-123361
-124181
-124920
-125512
-125995
-126368
-126488
-126232
-125461
-124123
-122342
-120325
-118305
-116463
-114861
-113374
-111828
-110077
-108149
-106347
-104813
-103616
-102878
-102414
-102033
-101803
-101790
-102020
-102454
-102885
-103065
-102897
-102441
-101956
-101631
-101287
-100649
-99564
-98095
-96361
-94531
-92798
-91084
-89434
-87837
-86158
-84683
-83700
-83382
-83780
-84646
-85744
-86924
-88153
-89510
-91083
-92871
-94760
-96531
-98009
-99190
-100114
-100838
-101395
-101780
-102027
-102198
-102445
-102957
-103800
-104859
-105982
-107032
-107899
-108537
-108934
-109178
-109388
-109591
-109785
-109959
-110069
-110104
-110065
-109941
-109714
-109327
-108752
-107993
-106992
-105704
-104116
-102243
-100139
-97896
-95593
-93250
-90911
-88620
-86383
-84193
-82030
-79827
-77510
-75107
-72702
-70398
-68315
-66563
-65242
-64413
-64092
-64301
-65045
-66266
-67936
-69988
-72356
-75050
-77968
-81033
-84262
-87576
-90929
-94268
-97414
-100234
-102656
-104673
-106360
-107721
-108668
-109083
-108871
-108038
-106759
-105308
-103860
-102498
-101233
-100084
-99147
-98503
-98194
-98221
-98514
-98951
-99409
-99687
-99602
-99135
-98438
-97700
-96986
-96347
-95816
-95381
-95090
-94898
-94726
-94571
-94418
-94253
-94063
-93834
-93585
-93355
-93198
-93147
-93201
-93355
-93559
-93789
-94003
-94039
-93760
-93078
-91936
-90414
-88683
-86927
-85377
-84141
-83215
-82578
-82122
-81732
-81303
-80789
-80301
-79958
-79734
-79469
-79011
-78275
-77306
-76286
-75424
-74861
-74568
-74425
-74391
-74517
-74874
-75477
-76181
-76732
-77012
-77052
-76949
-76817
-76741
-76821
-77147
-77807
-78838
-80152
-81605
-83059
-84415
-85632
-86801
-88036
-89400
-90963
-92699
-94530
-96331
-97939
-99252
-100207
-100847
-101245
-101474
-101617
-101646
-101562
-101407
-101173
-100834
-100351
-99726
-99077
-98503
-97991
-97642
-97586
-97859
-98513
-99454
-100531
-101605
-102531
-103291
-103884
-104262
-104444
-104413
-104162
-103860
-103614
-103475
-103524
-103718
-103987
-104272
-104541
-104767
-104861
-104781
-104447
-103794
-102914
-101941
-100991
-100229
-99810
-99762
-100034
-100535
-101128
-101715
-102150
-102315
-102259
-102032
-101786
-101756
-101972
-102401
-103061
-103981
-105156
-106516
-107913
-109103
-109921
-110304
-110240
-109793
-109055
-108181
-107283
-106431
-105682
-105011
-104424
-103863
-103205
-102437
-101619
-100843
-100280
-100158
-100584
-101502
-102714
-103900
-104854
-105390
-105349
-104816
-103915
-102826
-101778
-100863
-100058
-99178
-98015
-96456
-94471
-92202
-89819
-87434
-85204
-83316
-81885
-80935
-80493
-80529
-80905
-81493
-82185
-82907
-83640
-84372
-85128
-85943
-86850
-87831
-88799
-89721
-90589
-91367
-92056
-92700
-93331
-93937
-94533
-95181
-96050
-97318
-98902
-100597
-102153
-103293
-103914
-103978
-103540
-102733
-101761
-100810
-99831
-98841
-97753
-96483
-95132
-93607
-92002
-90342
-88575
-86970
-85716
-85001
-84889
-85280
-86073
-87105
-88252
-89344
-90325
-91242
-92153
-93197
-94424
-95762
-97169
-98625
-100003
-101233
-102283
-103062
-103607
-103991
-104364
-104829
-105316
-105794
-106171
-106307
-106063
-105332
-104169
-102731
-101169
-99570
-97950
-96288
-94544
-92762
-91079
-89613
-88468
-87623
-86854
-86039
-85161
-84245
-83494
-83106
-83134
-83523
-84115
-84781
-85452
-86125
-86809
-87384
-87691
-87599
-87133
-86521
-86002
-85750
-85797
-86106
-86683
-87539
-88665
-89957
-91302
-92596
-93736
-94658
-95267
-95527
-95546
-95431
-95226
-95029
-94841
-94567
-94212
-93711
-93041
-92298
-91570
-90965
-90534
-90316
-90334
-90494
-90699
-90899
-91119
-91460
-91987
-92750
-93708
-94756
-95846
-96931
-98024
-99144
-100245
-101257
-102083
-102643
-102886
-102813
-102543
-102212
-101880
-101579
-101271
-100894
-100440
-99946
-99464
-98976
-98503
-98057
-97569
-97094
-96704
-96416
-96311
-96350
-96326
-96123
-95790
-95448
-95197
-94978
-94633
-94210
-93940
-93968
-94295
-94770
-95269
-95830
-96557
-97508
-98649
-99953
-101405
-102987
-104658
-106305
-107814
-109059
-109997
-110716
-111297
-111829
-112419
-113095
-113866
-114667
-115380
-115978
-116430
-116725
-116882
-116979
-117089
-117146
-117110
-116964
-116672
-116253
-115709
-114997
-114148
-113180
-112027
-110695
-109198
-107468
-105442
-103100
-100432
-97509
-94574
-91892
-89600
-87786
-86414
-85266
-84179
-83167
-82367
-81849
-81475
-81087
-80604
-80100
-79819
-79922
-80457
-81342
-82362
-83387
-84380
-85371
-86439
-87656
-89068
-90664
-92405
-94202
-95930
-97469
-98726
-99681
-100359
-100731
-100735
-100360
-99646
-98687
-97613
-96549
-95573
-94684
-93804
-92852
-91839
-90763
-89616
-88412
-87137
-85875
-84774
-83962
-83508
-83371
-83433
-83513
-83489
-83367
-83171
-82954
-82793
-82663
-82470
-82197
-81917
-81671
-81499
-81544
-81916
-82608
-83600
-84924
-86593
-88500
-90489
-92342
-93837
-94907
-95571
-95982
-96326
-96693
-97148
-97681
-98240
-98850
-99498
-100078
-100500
-100653
-100435
-99865
-99064
-98187
-97411
-96875
-96569
-96431
-96373
-96225
-95912
-95431
-94827
-94204
-93611
-93094
-92659
-92293
-92013
-91758
-91473
-91076
-90445
-89529
-88414
-87323
-86430
-85891
-85732
-85810
-86010
-86237
-86490
-86813
-87272
-87959
-88767
-89537
-90165
-90594
-90938
-91352
-91989
-93000
-94327
-95778
-97162
-98321
-99225
-99905
-100398
-100693
-100698
-100292
-99487
-98365
-96979
-95637
-94452
-93359
-92545
-92043
-91892
-92154
-92806
-93833
-95093
-96599
-98345
-100189
-102084
-103969
-105856
-107709
-109482
-111141
-112541
-113670
-114567
-115305
-115962
-116566
-117099
-117393
-117339
-116870
-115964
-114633
-112871
-110832
-108649
-106458
-104372
-102411
-100572
-98827
-97206
-95651
-94122
-92673
-91298
-89970
-88620
-87275
-86092
-85263
-84966
-85289
-86233
-87521
-88820
-89945
-90682
-91155
-91562
-91907
-92280
-92692
-93245
-93856
-94485
-95380
-96253
-96979
-98020
-99675
-101917
-104389
-106629
-108467
-109978
-111261
-112418
-113529
-114551
-115405
-116088
-116628
-117115
-117656
-118224
-118738
-119058
-119013
-118501
-117483
-115974
-114032
-111803
-109487
-107204
-105053
-103104
-101313
-99542
-97624
-95441
-92919
-90091
-87156
-84400
-82059
-80242
-78953
-78069
-77471
-77136
-76990
-77001
-77215
-77640
-78255
-79024
-79925
-80991
-82261
-83743
-85467
-87419
-89538
-91791
-94056
-96206
-98172
-99904
-101460
-102911
-104323
-105857
-107620
-109557
-111531
-113398
-115058
-116543
-117955
-119375
-120898
-122435
-123794
-124885
-125542
-125768
-125796
-125774
-125780
-125655
-125167
-124219
-122742
-120807
-118592
-116283
-114024
-111914
-109982
-108234
-106774
-105642
-104760
-103995
-103237
-102440
-101574
-100764
-100099
-99514
-98989
-98465
-97867
-97178
-96468
-95785
-95068
-94191
-93031
-91523
-89722
-87852
-86189
-85010
-84428
-84336
-84576
-84919
-85240
-85674
-86392
-87453
-88796
-90251
-91584
-92675
-93575
-94362
-95128
-95912
-96658
-97384
-98073
-98614
-98899
-98894
-98680
-98272
-97687
-96990
-96181
-95321
-94517
-93877
-93551
-93586
-93833
-94095
-94231
-94120
-93845
-93662
-93807
-94368
-95282
-96436
-97572
-98422
-98955
-99184
-99072
-98724
-98212
-97445
-96424
-95241
-94062
-93119
-92575
-92514
-92881
-93538
-94421
-95475
-96680
-98131
-99876
-101835
-103840
-105678
-107178
-108233
-108801
-108985
-108934
-108610
-108019
-107159
-105862
-104091
-101977
-99764
-97626
-95741
-94262
-93137
-92346
-91839
-91539
-91409
-91369
-91383
-91392
-91400
-91539
-91853
-92359
-93014
-93631
-94064
-94179
-93952
-93579
-93232
-93010
-92923
-92916
-92908
-92775
-92584
-92348
-92101
-92008
-91898
-91628
-90982
-89911
-88888
-88131
-87796
-87804
-87743
-87436
-86801
-86032
-85458
-85126
-84998
-85027
-85068
-84951
-84607
-84180
-83935
-83913
-83970
-84073
-84212
-84283
-84316
-84425
-84632
-84993
-85465
-85817
-85859
-85600
-85212
-84848
-84537
-84234
-83904
-83608
-83503
-83526
-83381
-82988
-82318
-81471
-80930
-80787
-80608
-80120
-79171
-78079
-77347
-76711
-76119
-75788
-75398
-74827
-74205
-73643
-73300
-73191
-73339
-73803
-74587
-75641
-76888
-78241
-79520
-80759
-82198
-83907
-85840
-87880
-89839
-91656
-93403
-95177
-97020
-98832
-100457
-101617
-102056
-101847
-101180
-100257
-99206
-98054
-96856
-95626
-94435
-93307
-92165
-90957
-89584
-88064
-86519
-85084
-83952
-83197
-82777
-82534
-82220
-81650
-80735
-79478
-77938
-76269
-74672
-73339
-72421
-71949
-71814
-71846
-71945
-72063
-72250
-72643
-73268
-74038
-74756
-75218
-75334
-75115
-74740
-74452
-74424
-74668
-75009
-75355
-75767
-76355
-77231
-78469
-79988
-81473
-82758
-83758
-84419
-84935
-85496
-86336
-87373
-88440
-89564
-90512
-91251
-91959
-92799
-93911
-95307
-96826
-98221
-99433
-100306
-100820
-101092
-101086
-100848
-100388
-99721
-98954
-98255
-97769
-97546
-97607
-97805
-97981
-98033
-97829
-97285
-96342
-95044
-93493
-91828
-90232
-88854
-87870
-87410
-87514
-88150
-89155
-90325
-91684
-93432
-95695
-98350
-101164
-104032
-106869
-109706
-112655
-115762
-119117
-122660
-126134
-129307
-132036
-134289
-136057
-137342
-138177
-138530
-138363
-137657
-136444
-134822
-132817
-130455
-127859
-125145
-122390
-119678
-117167
-114928
-112947
-111189
-109592
-108279
-107417
-107107
-107414
-108225
-109299
-110383
-111309
-111987
-112426
-112694
-112796
-112713
-112456
-112081
-111675
-111382
-111320
-111518
-111863
-112126
-112158
-111926
-111554
-111288
-111277
-111582
-112120
-112717
-113286
-113740
-114115
-114536
-114973
-115409
-115743
-115825
-115714
-115545
-115481
-115544
-115542
-115303
-114681
-113603
-112280
-111032
-110056
-109530
-109413
-109421
-109355
-109028
-108315
-107253
-105992
-104765
-103652
-102675
-101870
-101107
-100336
-99612
-98947
-98322
-97665
-96926
-96096
-95175
-94171
-93162
-92153
-91094
-90073
-89139
-88284
-87562
-87025
-86705
-86518
-86328
-86033
-85559
-84952
-84322
-83775
-83419
-83348
-83575
-84015
-84616
-85374
-86185
-86884
-87389
-87652
-87695
-87607
-87460
-87348
-87303
-87302
-87339
-87397
-87544
-87846
-88303
-88922
-89620
-90231
-90598
-90707
-90672
-90651
-90855
-91360
-92138
-93117
-94157
-95177
-96112
-96937
-97565
-97864
-97791
-97187
-96021
-94513
-92909
-91414
-90099
-88981
-87978
-86919
-85717
-84309
-82685
-80858
-78856
-76689
-74394
-72225
-70428
-68956
-67701
-66861
-66713
-67293
-68416
-69772
-71151
-72503
-73864
-75341
-77022
-78911
-80906
-82859
-84722
-86523
-88300
-90067
-91721
-93117
-94152
-94742
-94883
-94707
-94420
-94181
-94120
-94327
-94840
-95619
-96647
-98040
-99899
-102286
-105144
-108233
-111225
-113837
-115904
-117357
-118303
-118897
-119255
-119536
-119851
-120239
-120739
-121362
-122064
-122831
-123593
-124206
-124617
-124800
-124789
-124691
-124565
-124489
-124553
-124843
-125473
-126540
-127966
-129523
-130960
-132019
-132626
-132792
-132602
-132299
-131997
-131675
-131333
-130971
-130601
-130209
-129787
-129341
-128859
-128364
-127845
-127227
-126489
-125551
-124082
-121870
-119028
-115677
-112155
-108957
-106188
-103716
-101485
-99294
-96846
-94017
-90847
-87577
-84535
-81882
-79666
-77816
-76183
-74705
-73480
-72739
-72638
-73217
-74360
-75778
-77255
-78582
-79660
-80611
-81584
-82741
-84138
-85637
-87083
-88346
-89359
-90161
-90868
-91541
-92090
-92436
-92468
-92055
-91226
-90119
-88916
-87740
-86649
-85606
-84490
-83230
-81827
-80480
-79445
-78881
-78901
-79455
-80428
-81582
-82641
-83510
-84149
-84623
-85011
-85303
-85548
-85749
-85802
-85634
-85279
-84709
-83871
-82810
-81598
-80262
-78767
-77113
-75306
-73417
-71625
-70105
-69011
-68417
-68264
-68383
-68621
-68807
-68769
-68463
-67851
-67006
-66110
-65294
-64685
-64398
-64569
-65247
-66497
-68360
-70655
-73244
-75988
-78602
-80778
-82406
-83449
-83849
-83798
-83460
-82985
-82376
-81573
-80718
-79709
-78489
-77119
-75605
-74017
-72416
-70953
-69773
-68964
-68500
-68279
-68192
-68076
-67883
-67705
-67664
-67870
-68355
-69054
-69863
-70707
-71573
-72428
-73220
-73979
-74701
-75391
-76087
-76852
-77805
-78953
-80266
-81654
-82912
-83936
-84724
-85410
-86192
-87218
-88532
-90041
-91705
-93415
-95034
-96536
-97861
-98960
-99871
-100807
-102005
-103661
-105788
-108124
-110451
-112500
-114149
-115533
-116742
-117928
-119103
-120097
-120857
-121366
-121634
-121824
-122076
-122452
-122979
-123494
-123778
-123755
-123436
-122986
-122714
-122798
-123310
-124200
-125243
-126252
-127021
-127537
-127972
-128454
-129109
-129925
-130850
-131810
-132749
-133627
-134373
-135013
-135496
-135765
-135756
-135349
-134569
-133502
-132311
-131092
-129802
-128436
-126865
-124985
-122861
-120531
-118179
-115944
-113758
-111583
-109282
-106776
-104180
-101707
-99638
-98102
-97103
-96552
-96203
-95955
-95904
-96132
-96790
-97948
-99574
-101720
-104318
-107219
-110262
-113174
-115712
-117900
-119825
-121510
-123008
-124185
-124926
-125147
-124710
-123746
-122491
-121075
-119448
-117538
-115356
-112908
-110342
-107783
-105312
-103022
-100805
-98637
-96625
-94874
-93643
-93004
-92749
-92666
-92509
-92060
-91237
-90131
-88865
-87581
-86463
-85607
-85016
-84660
-84546
-84669
-85054
-85670
-86367
-86955
-87186
-87034
-86743
-86570
-86712
-87262
-88267
-89552
-90838
-92042
-93143
-94185
-95221
-96238
-97081
-97659
-98103
-98384
-98684
-99123
-99444
-99525
-99223
-98602
-97811
-96933
-96158
-95548
-95211
-95090
-95040
-95131
-95357
-95677
-95981
-96158
-96217
-96118
-95988
-96064
-96338
-96715
-97035
-97025
-96591
-95687
-94395
-92974
-91533
-90035
-88282
-86173
-83861
-81530
-79400
-77500
-75702
-73960
-72211
-70341
-68320
-66284
-64391
-62692
-61226
-60075
-59298
-58874
-58768
-58943
-59215
-59423
-59482
-59325
-59060
-58785
-58599
-58525
-58436
-58222
-57734
-57055
-56500
-56334
-56683
-57391
-58246
-59056
-59692
-60279
-60959
-61940
-63416
-65262
-67339
-69360
-70918
-71944
-72625
-73240
-73994
-74931
-75820
-76280
-76143
-75396
-74135
-72678
-71394
-70391
-69594
-68928
-68285
-67776
-67705
-68253
-69542
-71512
-73902
-76405
-78732
-80838
-82793
-84686
-86730
-88981
-91354
-93724
-95927
-97833
-99304
-100308
-100917
-101289
-101667
-102185
-102894
-103746
-104637
-105486
-106213
-106742
-107079
-107398
-107915
-108757
-109909
-111299
-112884
-114564
-116218
-117821
-119328
-120739
-122219
-123713
-125033
-126160
-127043
-127541
-127563
-127152
-126332
-125199
-124077
-123138
-122397
-122009
-121995
-122233
-122767
-123531
-124332
-125115
-125842
-126434
-126905
-127359
-127926
-128749
-129862
-131091
-132165
-132881
-133047
-132572
-131554
-130099
-128347
-126377
-124304
-122298
-120424
-118854
-117680
-116843
-116183
-115463
-114644
-113761
-112994
-112486
-112244
-112327
-112492
-112624
-112731
-112648
-112456
-112203
-111869
-111505
-111080
-110681
-110470
-110523
-110877
-111539
-112366
-113140
-113743
-114127
-114344
-114439
-114332
-113987
-113334
-112339
-111152
-109863
-108589
-107425
-106345
-105327
-104441
-103849
-103563
-103533
-103683
-103897
-104162
-104482
-104952
-105678
-106619
-107663
-108686
-109453
-109748
-109532
-108805
-107624
-106044
-104114
-101847
-99175
-96142
-92886
-89611
-86505
-83685
-81104
-78599
-76109
-73540
-70934
-68386
-65934
-63706
-61790
-60130
-58661
-57619
-57078
-57024
-57573
-58397
-59266
-60168
-61052
-62005
-62975
-63995
-65037
-66045
-67083
-67939
-68469
-68610
-68403
-67972
-67339
-66734
-66196
-65588
-64926
-64077
-62978
-61682
-60265
-58971
-57918
-57192
-56918
-56979
-57306
-57838
-58373
-58817
-59126
-59344
-59640
-60108
-60818
-61848
-63281
-65076
-67100
-69323
-71652
-74049
-76495
-78923
-81374
-83792
-86085
-88168
-90017
-91697
-93248
-94790
-96358
-97913
-99389
-100729
-102011
-103274
-104581
-105858
-106906
-107581
-107794
-107604
-107092
-106469
-105941
-105536
-105343
-105330
-105346
-105288
-105112
-104816
-104379
-103841
-103158
-102286
-101326
-100363
-99518
-98974
-98773
-98777
-98841
-98913
-99115
-99684
-100867
-102811
-105221
-107651
-109795
-111435
-112660
-113767
-115065
-116619
-118241
-119700
-120755
-121325
-121426
-121170
-120735
-120131
-119301
-118178
-116740
-115222
-113910
-112975
-112611
-112839
-113462
-114274
-115117
-115913
-116672
-117399
-118019
-118502
-118795
-118758
-118445
-117963
-117317
-116586
-115860
-115196
-114738
-114539
-114574
-114848
-115269
-115797
-116369
-116933
-117554
-118242
-119097
-120073
-121028
-121923
-122489
-122554
-122119
-121148
-119777
-118168
-116391
-114513
-112571
-110553
-108420
-106129
-103679
-101087
-98403
-95694
-93052
-90703
-88838
-87533
-86839
-86665
-86784
-87083
-87525
-88053
-88649
-89251
-89816
-90291
-90735
-91319
-92058
-93044
-94236
-95346
-96241
-96795
-96958
-96823
-96435
-95834
-95058
-94103
-92998
-91942
-91097
-90514
-90249
-90119
-89805
-89153
-88182
-87085
-86135
-85582
-85574
-86118
-87124
-88522
-90375
-92753
-95647
-98845
-101906
-104501
-106466
-107758
-108597
-109244
-109784
-110089
-109906
-109123
-107765
-106053
-104358
-102947
-102021
-101481
-100999
-100387
-99439
-98140
-96758
-95456
-94254
-93125
-91946
-90638
-89297
-87966
-86684
-85546
-84480
-83217
-81449
-79063
-76143
-72979
-69958
-67395
-65487
-64198
-63448
-63098
-62978
-63033
-63207
-63551
-64096
-64777
-65611
-66519
-67379
-68221
-69046
-69885
-70765
-71570
-72304
-72989
-73577
-74083
-74412
-74473
-74301
-74058
-73948
-74057
-74500
-75167
-75814
-76248
-76269
-76042
-75827
-75797
-76044
-76423
-76638
-76464
-75934
-75160
-74329
-73576
-72920
-72243
-71419
-70632
-70052
-69904
-70326
-71109
-72171
-73455
-74853
-76438
-78346
-80468
-82517
-84305
-85710
-86783
-87730
-88755
-89987
-91448
-92945
-94057
-94765
-95159
-95233
-95253
-95235
-95125
-95020
-94911
-94847
-94833
-94829
-94813
-94678
-94380
-93863
-93063
-92080
-91056
-90129
-89463
-89271
-89624
-90408
-91494
-92621
-93651
-94674
-95710
-96845
-98273
-100007
-101878
-103691
-105185
-106183
-106778
-107309
-108103
-109366
-111183
-113374
-115631
-117645
-119279
-120627
-121794
-122926
-124097
-125263
-126362
-127304
-128112
-128902
-129847
-131108
-132719
-134702
-136968
-139305
-141553
-143703
-145829
-147968
-150157
-152375
-154547
-156572
-158339
-159784
-160856
-161581
-162070
-162423
-162713
-162923
-162883
-162416
-161442
-159956
-158049
-155753
-153058
-150035
-146662
-142871
-138630
-134014
-129241
-124469
-119841
-115373
-110944
-106530
-102196
-98015
-94029
-90481
-87859
-86532
-86400
-87033
-88046
-88958
-89551
-89997
-90336
-90629
-90873
-90924
-90732
-90310
-89668
-88910
-88264
-87723
-87230
-86718
-86112
-85759
-85899
-86476
-87359
-88185
-88665
-88901
-89136
-89561
-90310
-91246
-92164
-92918
-93374
-93675
-94050
-94589
-95185
-95629
-95876
-96011
-96222
-96623
-97240
-97976
-98507
-98719
-98642
-98418
-98356
-98508
-98858
-99252
-99386
-99229
-98716
-97925
-97120
-96339
-95551
-94582
-93287
-91702
-89882
-87972
-86096
-84288
-82448
-80439
-78169
-75597
-72845
-69973
-67069
-64224
-61406
-58621
-55841
-53184
-50789
-48730
-47146
-46037
-45313
-44838
-44480
-44201
-44021
-44052
-44422
-45210
-46458
-48068
-49859
-51781
-53776
-55788
-57893
-60073
-62312
-64687
-67242
-70114
-73461
-77305
-81611
-86309
-91246
-96156
-100775
-104802
-107935
-110126
-111467
-112121
-112315
-112194
-111836
-111213
-110209
-108770
-106879
-104661
-102353
-100161
-98200
-96372
-94676
-93100
-91553
-90179
-89030
-88174
-87666
-87297
-86908
-86313
-85415
-84269
-82875
-81299
-79580
-77672
-75607
-73426
-71125
-68771
-66480
-64306
-62296
-60497
-58896
-57455
-56185
-55110
-54209
-53545
-53201
-53250
-53725
-54556
-55678
-57001
-58497
-60170
-61944
-63819
-65774
-67760
-69760
-71791
-73927
-76185
-78596
-81123
-83663
-86232
-88786
-91412
-94233
-97102
-99954
-102813
-105659
-108504
-111398
-114425
-117573
-120661
-123553
-126188
-128525
-130616
-132509
-134192
-135594
-136682
-137454
-137888
-138080
-138139
-138126
-138033
-137764
-137194
-136186
-134737
-132882
-130676
-128305
-125918
-123619
-121526
-119656
-117983
-116561
-115333
-114367
-113910
-113910
-114257
-114865
-115572
-116329
-117145
-118107
-119318
-120787
-122399
-123930
-125122
-125771
-125876
-125507
-124676
-123482
-122028
-120334
-118471
-116552
-114636
-112678
-110621
-108586
-106713
-105125
-104020
-103512
-103497
-103815
-104378
-105137
-106158
-107570
-109437
-111700
-114181
-116663
-118937
-120948
-122744
-124433
-126138
-127796
-129286
-130390
-130916
-130957
-130685
-130335
-130115
-129979
-129810
-129491
-128904
-128101
-127130
-126010
-124789
-123424
-121966
-120449
-118922
-117509
-116222
-115045
-113885
-112684
-111327
-109622
-107578
-105153
-102372
-99436
-96472
-93625
-90956
-88492
-86265
-84095
-81856
-79515
-77080
-74715
-72587
-70868
-69519
-68450
-67649
-66904
-66269
-65904
-65888
-66468
-67634
-69232
-71025
-72671
-73945
-74764
-75227
-75489
-75671
-75782
-75706
-75347
-74651
-73584
-72249
-70853
-69477
-68099
-66629
-64978
-63086
-61006
-59005
-57251
-55937
-55256
-55112
-55416
-56012
-56821
-57946
-59378
-61026
-62839
-64775
-66647
-68417
-70171
-71984
-74093
-76551
-79309
-82318
-85431
-88555
-91531
-94232
-96595
-98549
-100034
-100989
-101374
-101206
-100602
-99566
-98242
-96904
-95505
-94146
-92946
-91821
-90792
-89767
-88665
-87497
-86168
-84699
-83268
-82006
-81107
-80818
-81153
-81977
-83149
-84427
-85457
-86040
-86184
-85916
-85411
-84823
-84188
-83582
-82956
-82252
-81383
-80211
-78741
-76992
-75069
-73085
-71080
-69142
-67372
-65861
-64628
-63709
-63179
-63051
-63335
-63982
-65103
-66624
-67734
-67996
-67738
-67240
-66826
-66800
-67342
-68465
-69761
-70886
-71724
-72322
-72965
-73769
-74743
-75903
-77106
-78258
-79445
-80834
-82681
-85213
-88325
-91813
-95500
-99274
-103198
-107129
-110911
-114488
-117709
-120598
-123081
-125064
-126683
-128017
-129169
-130158
-130980
-131593
-132006
-132342
-132631
-132905
-133030
-133252
-133665
-133828
-133703
-133268
-132681
-132199
-131876
-131853
-131959
-131985
-131860
-131398
-130641
-129660
-128481
-127224
-125800
-124151
-122295
-120227
-118049
-115974
-114226
-112840
-111805
-110944
-109971
-108763
-107440
-106381
-105728
-105433
-105530
-105739
-105776
-105760
-105831
-106103
-106683
-107411
-108022
-108364
-108324
-107829
-107115
-106586
-106384
-106665
-107438
-108399
-109431
-110379
-111137
-111851
-112652
-113616
-114751
-116025
-117391
-118850
-120414
-122036
-123519
-124573
-125039
-124840
-124068
-123059
-122251
-121996
-122356
-123092
-123786
-123980
-123355
-121908
-120000
-118143
-116568
-115217
-113997
-112493
-110624
-109024
-107671
-106235
-104969
-103937
-102984
-102010
-100864
-99560
-98143
-96652
-95203
-93867
-92765
-91952
-91501
-91325
-91055
-90599
-89959
-89057
-87946
-86629
-85116
-83446
-81583
-79492
-77238
-75043
-73173
-71785
-71027
-70957
-71511
-72594
-73991
-75504
-77003
-78413
-79844
-81350
-82874
-84376
-85791
-87075
-88086
-88637
-88713
-88373
-87740
-86961
-85983
-84699
-83134
-81508
-80135
-79145
-78546
-78172
-77738
-77135
-76252
-75123
-73964
-72784
-71536
-70168
-68661
-66980
-65207
-63794
-62878
-62436
-62437
-62365
-61926
-61018
-59808
-58672
-57747
-57397
-57418
-57596
-58046
-58490
-59170
-60211
-61612
-63279
-64912
-66586
-68183
-69928
-72222
-75092
-78459
-82040
-85541
-88696
-91291
-93328
-94902
-96101
-97076
-97915
-98589
-99084
-99324
-99292
-99072
-98631
-98077
-97637
-97386
-97360
-97489
-97690
-97936
-98121
-98155
-98045
-97879
-97762
-97788
-98046
-98596
-99301
-100002
-100583
-100889
-101039
-101083
-101069
-101250
-101615
-102186
-102982
-103857
-104766
-105657
-106546
-107439
-108377
-109355
-110185
-110829
-111259
-111385
-111177
-110716
-110223
-109800
-109468
-109356
-109415
-109400
-109188
-108710
-107920
-106916
-105750
-104450
-103211
-102120
-101376
-101116
-100899
-100581
-100152
-99368
-98480
-97742
-97238
-97126
-97287
-97549
-97739
-97697
-97507
-97282
-97100
-97066
-97197
-97433
-97797
-98314
-99066
-100143
-101423
-102843
-104273
-105507
-106531
-107341
-108026
-108708
-109508
-110403
-111154
-111800
-112430
-113058
-113777
-114613
-115635
-116908
-118313
-119686
-120785
-121208
-120762
-119589
-118033
-116441
-114992
-113692
-112465
-111269
-109945
-108387
-106669
-104868
-103228
-101942
-100941
-100227
-99751
-99433
-99181
-98880
-98742
-98934
-99562
-100676
-101904
-103103
-104241
-105109
-105767
-106342
-106884
-107412
-107941
-108494
-109095
-109645
-110050
-110377
-110355
-109759
-108594
-106844
-104794
-102557
-100314
-98329
-96479
-94936
-93822
-93158
-93224
-93901
-94890
-95981
-96754
-96693
-95727
-94253
-92601
-91142
-90124
-89456
-89022
-88743
-88546
-88491
-88754
-89331
-90171
-91109
-91830
-92145
-91961
-91489
-91052
-90905
-91227
-91823
-92488
-93041
-93226
-92900
-92121
-91291
-90520
-89817
-89317
-88776
-88170
-87420
-86399
-85351
-84361
-83578
-83146
-82906
-82730
-82634
-82653
-82811
-83018
-83259
-83723
-84451
-85316
-86109
-86772
-87400
-87963
-88435
-88825
-89128
-89301
-89315
-89182
-88917
-88578
-88190
-87886
-87686
-87300
-86677
-85800
-84705
-83732
-83111
-83099
-83786
-84941
-86423
-88053
-89673
-91219
-92685
-94063
-95269
-96342
-97342
-98239
-98886
-99241
-99374
-99212
-99029
-99022
-99181
-99610
-100129
-100637
-101161
-101832
-102809
-104036
-105475
-106971
-108323
-109386
-110165
-110865
-111557
-112256
-112873
-113244
-113363
-113188
-112692
-112002
-111275
-110699
-110380
-110247
-110282
-110395
-110463
-110564
-110794
-111242
-111934
-112777
-113658
-114443
-115056
-115397
-115413
-115237
-114876
-114397
-113860
-113182
-112550
-112124
-111960
-112081
-112278
-112341
-112101
-111477
-110447
-109041
-107459
-105838
-104300
-102892
-101599
-100452
-99305
-98076
-96745
-95201
-93554
-91859
-90049
-88171
-86308
-84587
-82821
-80875
-78918
-76973
-75210
-73677
-72367
-71354
-70506
-69866
-69490
-69372
-69576
-70092
-70894
-71863
-72926
-74098
-75379
-76660
-77688
-78307
-78560
-78694
-78889
-79063
-79078
-78799
-78262
-77595
-77057
-76943
-77265
-78064
-79288
-80628
-81915
-83270
-84772
-86323
-87967
-89771
-91652
-93445
-95201
-97150
-99337
-101742
-104116
-106289
-107920
-108774
-109007
-108409
-107673
-106864
-105728
-105052
-104239
-103171
-102047
-100598
-99146
-97542
-96101
-94815
-93435
-92392
-91461
-90578
-89849
-89028
-88111
-87118
-86054
-84887
-83777
-82872
-82021
-81276
-80519
-79563
-78498
-77367
-76439
-75940
-75846
-76186
-76740
-77235
-77627
-77903
-78150
-78576
-79376
-80678
-82540
-84811
-87235
-89719
-92191
-94556
-96744
-98547
-99860
-100797
-101478
-102177
-103180
-104544
-106260
-108184
-110040
-111705
-113149
-114292
-115214
-115914
-116245
-116265
-116011
-115547
-115029
-114512
-114039
-113520
-112846
-112006
-110982
-109905
-108895
-108019
-107333
-106801
-106315
-105750
-105114
-104452
-103794
-103189
-102650
-102163
-101768
-101532
-101385
-101316
-101298
-101198
-100974
-100483
-99632
-98467
-97039
-95424
-93693
-91928
-90257
-88779
-87535
-86514
-85618
-84840
-84223
-83650
-83135
-82799
-82619
-82605
-82745
-82884
-82967
-83161
-83386
-83601
-83986
-84313
-84476
-84540
-84392
-84108
-83792
-83480
-83192
-82926
-82619
-82132
-81454
-80675
-79976
-79584
-79546
-79825
-80189
-80465
-80564
-80279
-79891
-79478
-78973
-78686
-78546
-78531
-78588
-78602
-78648
-78547
-78287
-77900
-77338
-76732
-76159
-75693
-75388
-75180
-74951
-74662
-74267
-73818
-73314
-72724
-72340
-72099
-71926
-71932
-71944
-72048
-72258
-72721
-73643
-74819
-76330
-78047
-79786
-81698
-83682
-85646
-87505
-89222
-90867
-92494
-94186
-95881
-97453
-98798
-99804
-100449
-100834
-101053
-101222
-101438
-101740
-102040
-102161
-102117
-101884
-101698
-101873
-102257
-102781
-103264
-103397
-103074
-102304
-101197
-99884
-98614
-97483
-96543
-95936
-95597
-95533
-95875
-96689
-97965
-99663
-101738
-104006
-106347
-108727
-111080
-113475
-115871
-118079
-120010
-121521
-122522
-123028
-123088
-122846
-122481
-122077
-121619
-121145
-120556
-119702
-118600
-117307
-116020
-114778
-113629
-112701
-111907
-111457
-111195
-110659
-109969
-109278
-108638
-107993
-107249
-106268
-105145
-104328
-103525
-102278
-100590
-98365
-95720
-92939
-90451
-88731
-87750
-87108
-86447
-85610
-84595
-83512
-82581
-82074
-82127
-82544
-83039
-83568
-84127
-84651
-85211
-85740
-86084
-86195
-86011
-85692
-85457
-85461
-85781
-86252
-86712
-86950
-86756
-86101
-85129
-84211
-83548
-83184
-83214
-83488
-83833
-84280
-84866
-85561
-86292
-87053
-87802
-88516
-89293
-90287
-91655
-93381
-95410
-97629
-99836
-101952
-103901
-105637
-107156
-108538
-109924
-111456
-113232
-115190
-117300
-119437
-121491
-123419
-125044
-126422
-127634
-128649
-129541
-130243
-130679
-130902
-130920
-130820
-130730
-130639
-130504
-130330
-130083
-129658
-129064
-128395
-127714
-127036
-126369
-125633
-124693
-123615
-122480
-121331
-120267
-119391
-118701
-118022
-117240
-116247
-114969
-113605
-112318
-111108
-110040
-109098
-108160
-107212
-106257
-105303
-104518
-104004
-103823
-104033
-104652
-105559
-106266
-106913
-107720
-108405
-109255
-110220
-111056
-111797
-112160
-112180
-112102
-112077
-112268
-112530
-112645
-112444
-111818
-110821
-109471
-107920
-106358
-104883
-103349
-101675
-100044
-98407
-96921
-95814
-95133
-94956
-95100
-95371
-95790
-96136
-96367
-96769
-97216
-97741
-98224
-98474
-98540
-98353
-98224
-98041
-97895
-98009
-98027
-97938
-97660
-97383
-97154
-96878
-96654
-95973
-94955
-93708
-92097
-90667
-89578
-88926
-88583
-88221
-87799
-87037
-86113
-85251
-84360
-83786
-83425
-82835
-82052
-80941
-79280
-77338
-75335
-73246
-71358
-69682
-68009
-66409
-64691
-62885
-61277
-59881
-58719
-57948
-57479
-56967
-56428
-55836
-54966
-53974
-52993
-51963
-50948
-50019
-49174
-48475
-48020
-47855
-48041
-48598
-49318
-49945
-50458
-50813
-50972
-51110
-51272
-51487
-51867
-52398
-53102
-54011
-55132
-56407
-57755
-59058
-60126
-61048
-61902
-62733
-63765
-64946
-66215
-67654
-69264
-71070
-72999
-75009
-77104
-79251
-81456
-83655
-85943
-88505
-91201
-93763
-96109
-98334
-100590
-102957
-105459
-108118
-110803
-113239
-115229
-116666
-117581
-118294
-119059
-119752
-120149
-120180
-119901
-119452
-119108
-119143
-119716
-120677
-121523
-121951
-121949
-121640
-121227
-120872
-120758
-120874
-121050
-121123
-121096
-121124
-121253
-121624
-122170
-122591
-122790
-122644
-122171
-121640
-121229
-121042
-121129
-121323
-121510
-121631
-121721
-122071
-122818
-123880
-124857
-125330
-125301
-124810
-123928
-122800
-121504
-120168
-118899
-117745
-116695
-115702
-114883
-114280
-113800
-113391
-112860
-112085
-111176
-110255
-109551
-109323
-109639
-110430
-111593
-113007
-114483
-115934
-117403
-118864
-120266
-121532
-122548
-123204
-123496
-123560
-123548
-123655
-123984
-124535
-125142
-125547
-125656
-125281
-124364
-122886
-120927
-118884
-117070
-115907
-115287
-114731
-114071
-112966
-111495
-110022
-108736
-107916
-107544
-107479
-107580
-107608
-107445
-107068
-106588
-106115
-105702
-105438
-105303
-105223
-105056
-104688
-104175
-103445
-102409
-101159
-99768
-98324
-96814
-95250
-93692
-91970
-90136
-88325
-86536
-84921
-83512
-82179
-80736
-79067
-77180
-75032
-72726
-70375
-68058
-65751
-63534
-61478
-59364
-57380
-55605
-54105
-53086
-52472
-52271
-52354
-52650
-53089
-53729
-54815
-56447
-58756
-61746
-65227
-68979
-72768
-76347
-79685
-82787
-85559
-88012
-90260
-92301
-94189
-96107
-97982
-99838
-101584
-103172
-104700
-105972
-107068
-107927
-108535
-109098
-109524
-109937
-110337
-110501
-110544
-110537
-110461
-110438
-110477
-110547
-110684
-110897
-111026
-110903
-110468
-109523
-108075
-106142
-103793
-101238
-98483
-95846
-93236
-90728
-88553
-86232
-83901
-81505
-79033
-76846
-74904
-73500
-72657
-72326
-72447
-72691
-73081
-73567
-74114
-74799
-75552
-76308
-76916
-77317
-77550
-77595
-77650
-77890
-78385
-79211
-80210
-81247
-82173
-82921
-83567
-84048
-84425
-84728
-84936
-85061
-85090
-85100
-85127
-85212
-85380
-85700
-86149
-86586
-87019
-87293
-87411
-87580
-87846
-88273
-88837
-89535
-90438
-91572
-92884
-93987
-94468
-94569
-94722
-95020
-95575
-96510
-97665
-98602
-98969
-98586
-97435
-95867
-94310
-92848
-91277
-89505
-87497
-85197
-82749
-80244
-77829
-75713
-73909
-72341
-70914
-69586
-68293
-67073
-66090
-65373
-64854
-64559
-64479
-64363
-64148
-63943
-63808
-63989
-64553
-65526
-67080
-69102
-71404
-73787
-76241
-78913
-81672
-84542
-87459
-90104
-92559
-95046
-97532
-99919
-102305
-104681
-106728
-108457
-109993
-111287
-112507
-113793
-115186
-116636
-118050
-119398
-120516
-121451
-122359
-123158
-123870
-124530
-125070
-125492
-125703
-125550
-124940
-123919
-122638
-121101
-119420
-117691
-115875
-113957
-111844
-109562
-107095
-104588
-102290
-100161
-98290
-96771
-95606
-94782
-94260
-93922
-93514
-93017
-92488
-91965
-91593
-91405
-91371
-91324
-91016
-90348
-89478
-88641
-87931
-87488
-87190
-86769
-86303
-85723
-85036
-84656
-84812
-85649
-87192
-89127
-91228
-93251
-95024
-96659
-98168
-99614
-100921
-101983
-102917
-103630
-104311
-105093
-105954
-107063
-108088
-108921
-109669
-110224
-110763
-111452
-112509
-113898
-115360
-116806
-118022
-118936
-119716
-120417
-120960
-121308
-121516
-121573
-121396
-120986
-120290
-119112
-117391
-115189
-112568
-109509
-106104
-102584
-98988
-95453
-92176
-89247
-86821
-85047
-84045
-83713
-83783
-84143
-84524
-84648
-84580
-84285
-83860
-83558
-83453
-83608
-83875
-84077
-84146
-83958
-83508
-82944
-82337
-81581
-80745
-79942
-79125
-78328
-77552
-76800
-76157
-75716
-75503
-75545
-75924
-76502
-77148
-77875
-78681
-79651
-80870
-82425
-84254
-86138
-87940
-89513
-90858
-92130
-93584
-95438
-97606
-100032
-102581
-104937
-106995
-108715
-110130
-111394
-112647
-113929
-115172
-116253
-116977
-117259
-117096
-116468
-115487
-114216
-112644
-110863
-108876
-106702
-104443
-102109
-99839
-97634
-95442
-93371
-91286
-89153
-86963
-84529
-81889
-78964
-75668
-72202
-68776
-65651
-63008
-60877
-59277
-58054
-56979
-55930
-54884
-53913
-53039
-52423
-52236
-52485
-53311
-54736
-56773
-59410
-62350
-65366
-68289
-70948
-73367
-75800
-78390
-80919
-83433
-86109
-88700
-91030
-93097
-95033
-96923
-98729
-100759
-102978
-104937
-106685
-108330
-109679
-110588
-111046
-111216
-111358
-111791
-112766
-114098
-115540
-117096
-118654
-120038
-121076
-121595
-121625
-121202
-120406
-119564
-118951
-118593
-118367
-118184
-118066
-118118
-118483
-119308
-120572
-121997
-123343
-124385
-124833
-124630
-123875
-122715
-121381
-120034
-118701
-117254
-115671
-114086
-112486
-110891
-109446
-108223
-107160
-106201
-105275
-104299
-103375
-102506
-101635
-100867
-100231
-99720
-99355
-99103
-98910
-98794
-98737
-98769
-99018
-99447
-99971
-100471
-100840
-101087
-101291
-101458
-101548
-101627
-101616
-101505
-101356
-101122
-100899
-100773
-100743
-100827
-101141
-101656
-102292
-103186
-104280
-105436
-106600
-107738
-108911
-110145
-111529
-113036
-114629
-116303
-117767
-118944
-119919
-120551
-120771
-120659
-120215
-119389
-118211
-116616
-114577
-112148
-109330
-106312
-103237
-100219
-97467
-94896
-92534
-90349
-88176
-86130
-84108
-82334
-81127
-80311
-79947
-79893
-79775
-79408
-78824
-78107
-77123
-76077
-75092
-74029
-72989
-71929
-70813
-69670
-68593
-67833
-67417
-67332
-67629
-68247
-69085
-70056
-71088
-72156
-73307
-74569
-75894
-77298
-78736
-80139
-81664
-83536
-86093
-88892
-90812
-91884
-92362
-92234
-92040
-92207
-92949
-94157
-95612
-97169
-98449
-99405
-100387
-101578
-102819
-103985
-105146
-106154
-106629
-106502
-106021
-105429
-105046
-105055
-105364
-105837
-106323
-106774
-107269
-107768
-108082
-108282
-108527
-108640
-108490
-108153
-107843
-107696
-107733
-107991
-108270
-108350
-108033
-107162
-105786
-104073
-102356
-100805
-99523
-98620
-97974
-97482
-97060
-96631
-96260
-96056
-96081
-96380
-96930
-97637
-98484
-99473
-100590
-101800
-103024
-104207
-105225
-105968
-106412
-106515
-106320
-105953
-105523
-105150
-105027
-105229
-105633
-106166
-106754
-107263
-107737
-108296
-108911
-109614
-110472
-111400
-112334
-113200
-113919
-114412
-114604
-114593
-114362
-113896
-113232
-112263
-111135
-109907
-108501
-107086
-105598
-104039
-102433
-100547
-98434
-96140
-93781
-91534
-89421
-87610
-85980
-84338
-82795
-81363
-80029
-78872
-77967
-77356
-77017
-76853
-76785
-76720
-76543
-76251
-75768
-75066
-74195
-73131
-71955
-70771
-69708
-68860
-68210
-67708
-67368
-67265
-67327
-67512
-67872
-68436
-69286
-70385
-71703
-73396
-75514
-77925
-80449
-82882
-85094
-86989
-88598
-90158
-91744
-93250
-94616
-95772
-96691
-97321
-97619
-97697
-97664
-97537
-97240
-96675
-95879
-94986
-94049
-93139
-92322
-91480
-90524
-89442
-88254
-87067
-85843
-84571
-83292
-81876
-80344
-78779
-77263
-75843
-74388
-72945
-71635
-70474
-69548
-68972
-68846
-69252
-70143
-71421
-73031
-74835
-76684
-78414
-79969
-81481
-83009
-84604
-86299
-88203
-90451
-92878
-95413
-98059
-100667
-103180
-105661
-108193
-110796
-113515
-116358
-119195
-121905
-124439
-126711
-128684
-130436
-131978
-133265
-134265
-134867
-135014
-134791
-134220
-133464
-132719
-131928
-130991
-129739
-128071
-126050
-123802
-121535
-119345
-117236
-115305
-113545
-111807
-110030
-108213
-106326
-104456
-102739
-101175
-99809
-98731
-97839
-96989
-96161
-95432
-94820
-94214
-93553
-92872
-92230
-91704
-91284
-90978
-90833
-90861
-91130
-91607
-92171
-92780
-93393
-93853
-94129
-94306
-94334
-94262
-94169
-94106
-94153
-94290
-94550
-94966
-95600
-96542
-97814
-99516
-101656
-104022
-106453
-108932
-111341
-113481
-115376
-117102
-118667
-120126
-121462
-122613
-123515
-124074
-124113
-123513
-122397
-120888
-119370
-118153
-116972
-115649
-114164
-112436
-110503
-108511
-106680
-105180
-103972
-102934
-101977
-100935
-99532
-97637
-95391
-92992
-90530
-88035
-85591
-83304
-81201
-79297
-77590
-76147
-75054
-74289
-73712
-73186
-72720
-72173
-71520
-70935
-70462
-70282
-70628
-71475
-72777
-74635
-76905
-79327
-81670
-83717
-85482
-86955
-88338
-89951
-91817
-93844
-95909
-97912
-99611
-100810
-101499
-101804
-101899
-101928
-102089
-102487
-103264
-104317
-105396
-106395
-107108
-107493
-107575
-107460
-107349
-107345
-107481
-107696
-107994
-108355
-108792
-109309
-109933
-110809
-111806
-112885
-114046
-114892
-115213
-114928
-113955
-112369
-110285
-107925
-105513
-103164
-100876
-98652
-96422
-94109
-91752
-89347
-87036
-85024
-83399
-82282
-81652
-81331
-81254
-81271
-81270
-81373
-81515
-81664
-81961
-82328
-82636
-82805
-82704
-82338
-81803
-81187
-80668
-80287
-79970
-79804
-79824
-79913
-80139
-80650
-81418
-82392
-83421
-84333
-85075
-85574
-86073
-86783
-87779
-89292
-90894
-92126
-93051
-93532
-94181
-95208
-95324
-94686
-94306
-94133
-94531
-96027
-98492
-101297
-103316
-104078
-103999
-103401
-102777
-102750
-103386
-104424
-105229
-105047
-103861
-101998
-99939
-98331
-97331
-96849
-96633
-95998
-94554
-92555
-90380
-88402
-86955
-86136
-85703
-85196
-84411
-83406
-82399
-81716
-81499
-81865
-82581
-83174
-83458
-83293
-82688
-81811
-80914
-80308
-80120
-80267
-80543
-80764
-80853
-80753
-80520
-80328
-80145
-79859
-79521
-79042
-78341
-77606
-76964
-76496
-76277
-76205
-76261
-76525
-76915
-77395
-77961
-78511
-78994
-79413
-79822
-80334
-81106
-82188
-83471
-84862
-86279
-87686
-89086
-90534
-92097
-93827
-95727
-97719
-99661
-101385
-102900
-104205
-105147
-105689
-105917
-105892
-105691
-105441
-105254
-105246
-105449
-105831
-106318
-106767
-107119
-107330
-107317
-107158
-106938
-106653
-106340
-105978
-105564
-105129
-104678
-104276
-104004
-103920
-103888
-103694
-103321
-102720
-101816
-100649
-99367
-98103
-96971
-96044
-95227
-94438
-93491
-92223
-90560
-88498
-86333
-84193
-82189
-80527
-79221
-78235
-77463
-76892
-76494
-76204
-76071
-76146
-76473
-77033
-77720
-78386
-78947
-79375
-79577
-79487
-79169
-78757
-78364
-78097
-77936
-77660
-77169
-76584
-76134
-76081
-76657
-77993
-79973
-82368
-84897
-87230
-89236
-91041
-92809
-94666
-96703
-98909
-101218
-103518
-105733
-107779
-109510
-110957
-112265
-113515
-114666
-115572
-116151
-116458
-116604
-116708
-116880
-117242
-117973
-119122
-120663
-122586
-124718
-126916
-129137
-131245
-133086
-134534
-135541
-136124
-136349
-136381
-136302
-136088
-135753
-135282
-134627
-133833
-132983
-132108
-131193
-130191
-129023
-127587
-125878
-124053
-122265
-120609
-119170
-117941
-116809
-115645
-114338
-112945
-111653
-110658
-110095
-109942
-110088
-110309
-110366
-110137
-109584
-108776
-107750
-106604
-105446
-104312
-103208
-102055
-100843
-99728
-98906
-98329
-97926
-97643
-97232
-96585
-95638
-94441
-93217
-92150
-91400
-90996
-90766
-90525
-90208
-89616
-88688
-87613
-86492
-85587
-85111
-84909
-84745
-84534
-84217
-83774
-83432
-83199
-82996
-82801
-82428
-81855
-80995
-79914
-78789
-77669
-76800
-76220
-75828
-75586
-75447
-75431
-75521
-75519
-75226
-74823
-74602
-74665
-75083
-75851
-76794
-77759
-78550
-78942
-79027
-78980
-78963
-79152
-79568
-80248
-81072
-81813
-82445
-82950
-83410
-83973
-84666
-85557
-86687
-87990
-89412
-90798
-92019
-93155
-94281
-95293
-96163
-96964
-97547
-97780
-97628
-96979
-96000
-94926
-93804
-92765
-91881
-91163
-90627
-90219
-89910
-89665
-89545
-89613
-89869
-90442
-91230
-92063
-92906
-93575
-94003
-94209
-94235
-94181
-94110
-94057
-93979
-93883
-93778
-93611
-93351
-92967
-92460
-91883
-91342
-90834
-90276
-89665
-88897
-87871
-86683
-85366
-84027
-82724
-81370
-80093
-78944
-77979
-77340
-77072
-77281
-77947
-78972
-80274
-81783
-83487
-85380
-87510
-89803
-92050
-94127
-95940
-97420
-98703
-100096
-101772
-103742
-105852
-107833
-109525
-110769
-111519
-111967
-112322
-112792
-113517
-114458
-115447
-116292
-116827
-117083
-117215
-117324
-117605
-118026
-118397
-118652
-118531
-117888
-116814
-115486
-114183
-113032
-112126
-111443
-110837
-110394
-110178
-110162
-110563
-111466
-112664
-114040
-115403
-116580
-117523
-118074
-118300
-118354
-118214
-117800
-117046
-115980
-114729
-113586
-112709
-112086
-111766
-111640
-111541
-111346
-111064
-110890
-110943
-111386
-112358
-113581
-114741
-115749
-116357
-116362
-115817
-114731
-113227
-111592
-109997
-108448
-106873
-105195
-103381
-101554
-99869
-98453
-97614
-97488
-97848
-98378
-98714
-98522
-97735
-96708
-95827
-95292
-95348
-96044
-97111
-98241
-99128
-99612
-99735
-99613
-99406
-99262
-99293
-99514
-99821
-100127
-100359
-100391
-100168
-99686
-98890
-97870
-96779
-95736
-94908
-94337
-93963
-93728
-93388
-92766
-91892
-90710
-89386
-88089
-86880
-85823
-84818
-83927
-83034
-82039
-81161
-80379
-79758
-79413
-79229
-79162
-79118
-78989
-78783
-78529
-78253
-78000
-77858
-77794
-77747
-77595
-77181
-76608
-75852
-74969
-74079
-73165
-72429
-71689
-70798
-69993
-69174
-68262
-67370
-66574
-65879
-65253
-64633
-63953
-63273
-62620
-62071
-61681
-61477
-61633
-62058
-62576
-63056
-63290
-63322
-63157
-62855
-62608
-62545
-62836
-63399
-64083
-64747
-65137
-65197
-65047
-64906
-64998
-65414
-66182
-67215
-68353
-69429
-70388
-71402
-72573
-73972
-75703
-77663
-79706
-81734
-83586
-85223
-86731
-88128
-89462
-90817
-92172
-93422
-94541
-95497
-96220
-96762
-97180
-97548
-97898
-98190
-98413
-98489
-98369
-98081
-97648
-97085
-96458
-95843
-95247
-94629
-93932
-93182
-92387
-91623
-91037
-90635
-90553
-90782
-90906
-90607
-89935
-89372
-89486
-90435
-91728
-92799
-93488
-93699
-93795
-94288
-95221
-96754
-98784
-100871
-102779
-104308
-105516
-106783
-108454
-110605
-113076
-115669
-118248
-120745
-123077
-125282
-127458
-129546
-131460
-133074
-134254
-135013
-135431
-135611
-135670
-135680
-135651
-135497
-135211
-134883
-134519
-134120
-133713
-133290
-132848
-132280
-131499
-130535
-129428
-128298
-127203
-126168
-125277
-124496
-123833
-123313
-122891
-122505
-122036
-121392
-120547
-119485
-118213
-116848
-115474
-114134
-112942
-111958
-111176
-110602
-110164
-109736
-109268
-108705
-107990
-107170
-106297
-105443
-104695
-104037
-103457
-102929
-102387
-101829
-101313
-100946
-100808
-100870
-100990
-101009
-100769
-100282
-99707
-99137
-98791
-98833
-99247
-99935
-100674
-101371
-101999
-102564
-103152
-103743
-104328
-104930
-105521
-106085
-106681
-107384
-108134
-108948
-109811
-110394
-110582
-110463
-110085
-109717
-109539
-109458
-109367
-109123
-108537
-107554
-106372
-105231
-104396
-103966
-103734
-103432
-102683
-101326
-99556
-97908
-97006
-96636
-96255
-95435
-93808
-91665
-89401
-87342
-86112
-85842
-86005
-85900
-84871
-82767
-79990
-77203
-75004
-73472
-72450
-71700
-70797
-69585
-68213
-66977
-66231
-66231
-66900
-67871
-68878
-69664
-70070
-70184
-70307
-70688
-71376
-72383
-73437
-74284
-74870
-75146
-75186
-75150
-75267
-75559
-75988
-76512
-76951
-77226
-77399
-77574
-77799
-78153
-78659
-79307
-80078
-80869
-81681
-82540
-83423
-84354
-85387
-86592
-88010
-89574
-91257
-93024
-94739
-96301
-97627
-98782
-99842
-100811
-101739
-102646
-103543
-104429
-105307
-106181
-107131
-108257
-109461
-110593
-111586
-112352
-112779
-112896
-112763
-112315
-111585
-110618
-109466
-108215
-106974
-105896
-104930
-104004
-103132
-102225
-101300
-100527
-100032
-99889
-100182
-100802
-101512
-102247
-102909
-103452
-104031
-104726
-105563
-106526
-107487
-108319
-108964
-109385
-109585
-109715
-109724
-109378
-108635
-107511
-106136
-104830
-103746
-102914
-102342
-101855
-101328
-100679
-99703
-98334
-97043
-96467
-96232
-95720
-95036
-94056
-92724
-91553
-91014
-91471
-92791
-94139
-94724
-94096
-92420
-90536
-89318
-89169
-90017
-91359
-92372
-92633
-92117
-90972
-89959
-89873
-90801
-92456
-94399
-96013
-96942
-97255
-97161
-97020
-97229
-97808
-98646
-99655
-100470
-100934
-101152
-101166
-101136
-101167
-101300
-101550
-101860
-102248
-102661
-102995
-103191
-103093
-102646
-101943
-101053
-100058
-99095
-98312
-97740
-97372
-97201
-97105
-96999
-96904
-96880
-96891
-96877
-96793
-96473
-95820
-94843
-93620
-92293
-90978
-89791
-88757
-87821
-86930
-85904
-84701
-83478
-82241
-81017
-79954
-79094
-78329
-77595
-76907
-76217
-75582
-75136
-74986
-75226
-75841
-76727
-77778
-78920
-79995
-80948
-81870
-82692
-83453
-84252
-85042
-85915
-86886
-87958
-89223
-90630
-92168
-93727
-95179
-96540
-97757
-98878
-99977
-101062
-102118
-103015
-103711
-104166
-104271
-104036
-103480
-102640
-101617
-100464
-99200
-97873
-96650
-95662
-94877
-94145
-93302
-92402
-91564
-90866
-90370
-89967
-89568
-89113
-88449
-87523
-86455
-85310
-84195
-83355
-82734
-82187
-81597
-80664
-79417
-78134
-77110
-76504
-75999
-75335
-74419
-73240
-72068
-71167
-70793
-71135
-72167
-73616
-75073
-76427
-77695
-78900
-80249
-81867
-83708
-85580
-87285
-88686
-89646
-90238
-90717
-91254
-91845
-92442
-93027
-93623
-94256
-94944
-95814
-96900
-98169
-99629
-101198
-102792
-104345
-105768
-106917
-107674
-107999
-107907
-107478
-106817
-106024
-105181
-104353
-103544
-102690
-101791
-100893
-100046
-99296
-98645
-98029
-97358
-96598
-95696
-94788
-94067
-93566
-93441
-93690
-94308
-95183
-96151
-97376
-98595
-99712
-100998
-102323
-103688
-105179
-106686
-108095
-109296
-110194
-110745
-110987
-111021
-110938
-110753
-110440
-110064
-109651
-109162
-108737
-108399
-108083
-107856
-107637
-107519
-107612
-107857
-108282
-108875
-109561
-110135
-110608
-111039
-111260
-111246
-111014
-110619
-110032
-109200
-108165
-106974
-105734
-104456
-103201
-101989
-100762
-99511
-98166
-96742
-95288
-93858
-92567
-91443
-90510
-89801
-89314
-88982
-88681
-88442
-88255
-87993
-87625
-87190
-86671
-86049
-85399
-84764
-84211
-83800
-83512
-83377
-83363
-83495
-83851
-84390
-85136
-86138
-87356
-88729
-90209
-91753
-93280
-94707
-95949
-96941
-97594
-97910
-97984
-97838
-97605
-97474
-97470
-97579
-97813
-98087
-98281
-98472
-98726
-99084
-99582
-100081
-100506
-100863
-101059
-101128
-101221
-101436
-101860
-102419
-102920
-103196
-103027
-102332
-101190
-99755
-98269
-96798
-95317
-93827
-92323
-90808
-89168
-87440
-85772
-84178
-82734
-81465
-80332
-79302
-78265
-77201
-76088
-74887
-73605
-72278
-71024
-69873
-68847
-68020
-67425
-67101
-67049
-67301
-67927
-68973
-70462
-72324
-74494
-76940
-79627
-82538
-85696
-89057
-92528
-96057
-99529
-102837
-105904
-108703
-111267
-113599
-115740
-117643
-119256
-120589
-121598
-122309
-122763
-123017
-123166
-123269
-123332
-123350
-123380
-123411
-123507
-123842
-124489
-125459
-126677
-128085
-129633
-131226
-132818
-134348
-135780
-137084
-138179
-138925
-139183
-138967
-138252
-137009
-135383
-133457
-131295
-128966
-126507
-124029
-121598
-119278
-117118
-115075
-113053
-110987
-108922
-106853
-104734
-102546
-100296
-98015
-95619
-93095
-90538
-87972
-85437
-82986
-80671
-78506
-76440
-74472
-72577
-70788
-69065
-67320
-65676
-64148
-62795
-61802
-61146
-60860
-60960
-61218
-61512
-61865
-62169
-62461
-62843
-63220
-63589
-63945
-64280
-64646
-65078
-65655
-66306
-66925
-67428
-67675
-67692
-67457
-66993
-66491
-65986
-65657
-65599
-65683
-65975
-66439
-66948
-67451
-67932
-68477
-69075
-69627
-70140
-70573
-70868
-71125
-71408
-71771
-72290
-73025
-73956
-74883
-75677
-76225
-76443
-76502
-76538
-76584
-76775
-77231
-77905
-78693
-79520
-80247
-80891
-81666
-82670
-83938
-85472
-87213
-88879
-90230
-91192
-91711
-92038
-92421
-92908
-93508
-94112
-94557
-94736
-94690
-94555
-94478
-94689
-95263
-96110
-97138
-98098
-98973
-99812
-100586
-101494
-102601
-103948
-105457
-106851
-107958
-108694
-109096
-109140
-108949
-108736
-108464
-108145
-107798
-107295
-106655
-105922
-105012
-104040
-103121
-102251
-101512
-100853
-100282
-99873
-99529
-99171
-98819
-98471
-98180
-98097
-98193
-98371
-98599
-98842
-99060
-99215
-99371
-99502
-99665
-99918
-100195
-100607
-101144
-101794
-102526
-103123
-103434
-103356
-102849
-102012
-101019
-99963
-99044
-98367
-97789
-97093
-96096
-95202
-95168
-96382
-98393
-100783
-103661
-106393
-108342
-109704
-110987
-112671
-114764
-117063
-119490
-121932
-123868
-124807
-125007
-124771
-124223
-123816
-123635
-123302
-122803
-122159
-121197
-119902
-118380
-116807
-115428
-114421
-113810
-113489
-113353
-113357
-113268
-112848
-112099
-111173
-110233
-109480
-109173
-109233
-109521
-109895
-110000
-109737
-109147
-108366
-107679
-107189
-106851
-106502
-105955
-105183
-104150
-102926
-101715
-100657
-99851
-99242
-98680
-97969
-96974
-95704
-94281
-92861
-91461
-90163
-89062
-88143
-87447
-87018
-86855
-86966
-87340
-87795
-88223
-88655
-88999
-89310
-89652
-90078
-90740
-91592
-92644
-93878
-95194
-96503
-97591
-98416
-98924
-99132
-99253
-99320
-99443
-99761
-100234
-100771
-101318
-101891
-102506
-103204
-103940
-104638
-105260
-105693
-105853
-105784
-105575
-105363
-105217
-105093
-105027
-104955
-104819
-104722
-104659
-104770
-105144
-105707
-106446
-107152
-107729
-108307
-108879
-109421
-109957
-110468
-110738
-110583
-110078
-109357
-108548
-107704
-107043
-106808
-106926
-107378
-108006
-108463
-108710
-108865
-109079
-109445
-109980
-110667
-111305
-111659
-111653
-111372
-110878
-110339
-110023
-109847
-109671
-109462
-109022
-108327
-107449
-106399
-105327
-104312
-103387
-102560
-101650
-100599
-99538
-98592
-97791
-97288
-97169
-97142
-97119
-97078
-96779
-96272
-95835
-95655
-95752
-96277
-97513
-98686
-98741
-97937
-96657
-95291
-94669
-95249
-96822
-98574
-99655
-99726
-99257
-98917
-98979
-99768
-101223
-102938
-104882
-106677
-107941
-108902
-109588
-110226
-110917
-111302
-111427
-111261
-110667
-109861
-109207
-108907
-108875
-108955
-108894
-108401
-107343
-105824
-104147
-102577
-101366
-100605
-100064
-99429
-98417
-96843
-94682
-92142
-89577
-87228
-85204
-83611
-82466
-81681
-81136
-80572
-79898
-79090
-77987
-76607
-75050
-73544
-72347
-71531
-71148
-71102
-71182
-71238
-71190
-71142
-71269
-71633
-72326
-73313
-74279
-74949
-75130
-74766
-74050
-73280
-72585
-71897
-71211
-70456
-69572
-68588
-67438
-66292
-65348
-64576
-63993
-63637
-63577
-63794
-64237
-64979
-66036
-67373
-68942
-70637
-72353
-73988
-75522
-76945
-78203
-79349
-80325
-81023
-81458
-81558
-81311
-80812
-80112
-79335
-78597
-77921
-77346
-76933
-76712
-76750
-77018
-77320
-77575
-77798
-77946
-78069
-78206
-78476
-79085
-79931
-80860
-81780
-82535
-83141
-83676
-84185
-84764
-85428
-86113
-86712
-87127
-87368
-87482
-87538
-87710
-88221
-89133
-90361
-91836
-93487
-95209
-96918
-98540
-100027
-101400
-102674
-103865
-104957
-105972
-106972
-107847
-108499
-108926
-109175
-109302
-109307
-109243
-109153
-109095
-109034
-108872
-108672
-108416
-108084
-107650
-107087
-106551
-106040
-105507
-104936
-104306
-103779
-103445
-103234
-103226
-103521
-104043
-104687
-105302
-105813
-106225
-106562
-106922
-107329
-107715
-107995
-108186
-108221
-108048
-107730
-107219
-106597
-105833
-104820
-103659
-102347
-100953
-99618
-98300
-96988
-95763
-94614
-93507
-92499
-91641
-91024
-90766
-90829
-91132
-91624
-92177
-92639
-92951
-93176
-93390
-93657
-94072
-94613
-95176
-95741
-96274
-96687
-97008
-97218
-97327
-97553
-97915
-98358
-98897
-99437
-99984
-100527
-101049
-101689
-102532
-103590
-104791
-105997
-107026
-107685
-107919
-107704
-107178
-106581
-106000
-105394
-104661
-103753
-102662
-101466
-100253
-99113
-98158
-97337
-96669
-96131
-95508
-94725
-93856
-92964
-92034
-91053
-90042
-88963
-87794
-86524
-85115
-83549
-81870
-80199
-78600
-77108
-75771
-74591
-73603
-72834
-72266
-71929
-71878
-72075
-72490
-73087
-73709
-74296
-74893
-75474
-76047
-76649
-77317
-78056
-78778
-79409
-79901
-80268
-80588
-80911
-81350
-81995
-82811
-83744
-84666
-85502
-86313
-87137
-88030
-89023
-90154
-91482
-92868
-94151
-95298
-96322
-97214
-97914
-98473
-98928
-99280
-99527
-99593
-99512
-99367
-99210
-99128
-99215
-99499
-99914
-100405
-100921
-101357
-101663
-101921
-102109
-102262
-102501
-102780
-103136
-103598
-104156
-104792
-105468
-106230
-107073
-107990
-108975
-110024
-111191
-112510
-113980
-115585
-117205
-118749
-120261
-121768
-123258
-124613
-125730
-126568
-127135
-127566
-127910
-128237
-128601
-128909
-129059
-128904
-128350
-127429
-126293
-125042
-123683
-122399
-121212
-119938
-118590
-117281
-116007
-114796
-113783
-113104
-112788
-112748
-112935
-113132
-113163
-113039
-112625
-111977
-111196
-110291
-109371
-108414
-107447
-106476
-105396
-104173
-102813
-101413
-100058
-98918
-98103
-97551
-97321
-97052
-96308
-95274
-94228
-93414
-93149
-93636
-94674
-95753
-96377
-96245
-95359
-93885
-92400
-91510
-91358
-91990
-93032
-93788
-93780
-92823
-91148
-89191
-87417
-86046
-85109
-84500
-83920
-83301
-82440
-81322
-80274
-79383
-78776
-78411
-78169
-77917
-77461
-76820
-76079
-75446
-75090
-75079
-75493
-76239
-76941
-77274
-77163
-76678
-76046
-75429
-74984
-74823
-74832
-74848
-74776
-74587
-74352
-74437
-75049
-76258
-78046
-80022
-82020
-83854
-85463
-87016
-88395
-89775
-91262
-92681
-93982
-94937
-95386
-95380
-94988
-94323
-93525
-92748
-92020
-91295
-90478
-89336
-87977
-86756
-85785
-85137
-84857
-84779
-84746
-84657
-84395
-84014
-83616
-83281
-83086
-82978
-82994
-83060
-83099
-83165
-83091
-82923
-82657
-82206
-81714
-81076
-80290
-79419
-78561
-77931
-77499
-77237
-77182
-77232
-77220
-77130
-76990
-76832
-76715
-76680
-76773
-76859
-76794
-76680
-76650
-76736
-77019
-77599
-78475
-79673
-81128
-82595
-83919
-85014
-85789
-86336
-86824
-87405
-88193
-89333
-90797
-92083
-93044
-93854
-94503
-95315
-96485
-97850
-99176
-100147
-100752
-101028
-101029
-101117
-101497
-102106
-102877
-103933
-105400
-106701
-107131
-106899
-106377
-105547
-104576
-103774
-103406
-103716
-104525
-105293
-105495
-104688
-102972
-101016
-99444
-98517
-98197
-98393
-98845
-99178
-99153
-98811
-98570
-98803
-99593
-100764
-101885
-102712
-103137
-103050
-102711
-102512
-102625
-103016
-103518
-103913
-104033
-103867
-103494
-103198
-103252
-103699
-104534
-105665
-106918
-108024
-108773
-109178
-109347
-109558
-110053
-110865
-112009
-113313
-114597
-115792
-116838
-117823
-118861
-120111
-121660
-123491
-125560
-127636
-129594
-131385
-133017
-134571
-136084
-137651
-139203
-140762
-142345
-143752
-144993
-145981
-146654
-147111
-147373
-147549
-147633
-147534
-147216
-146656
-145861
-144798
-143436
-141761
-139800
-137570
-135102
-132530
-129916
-127324
-124881
-122581
-120343
-118132
-115876
-113465
-110940
-108352
-105654
-102914
-100228
-97597
-95013
-92470
-89944
-87454
-85025
-82719
-80679
-78911
-77370
-76095
-74990
-73982
-73063
-72146
-71357
-70805
-70437
-70336
-70517
-70985
-71827
-72969
-74238
-75515
-76819
-78180
-79586
-81070
-82592
-84105
-85643
-87206
-88719
-90084
-91280
-92282
-93030
-93541
-93803
-93830
-93712
-93483
-93195
-92964
-92745
-92381
-91860
-91189
-90386
-89516
-88681
-88018
-87457
-86940
-86336
-85425
-84239
-82840
-81373
-80001
-78840
-77977
-77313
-76741
-76148
-75535
-74956
-74425
-74091
-73968
-73986
-74117
-74266
-74456
-74714
-75025
-75401
-75860
-76504
-77209
-77788
-78294
-78789
-79310
-79870
-80561
-81425
-82407
-83463
-84462
-85411
-86277
-86934
-87518
-88146
-88824
-89581
-90410
-91326
-92262
-93071
-93693
-94212
-94729
-95271
-95893
-96620
-97377
-98099
-98756
-99263
-99545
-99630
-99509
-99171
-98664
-98056
-97331
-96423
-95386
-94302
-93229
-92264
-91502
-90988
-90760
-90803
-91037
-91454
-91993
-92633
-93459
-94441
-95563
-96826
-98110
-99301
-100351
-101195
-101822
-102339
-102820
-103343
-103990
-104755
-105608
-106470
-107338
-108224
-109110
-110048
-111017
-111948
-112815
-113631
-114457
-115316
-116222
-117193
-118181
-119140
-120073
-120973
-121842
-122674
-123406
-124034
-124605
-125141
-125610
-125965
-126169
-126128
-125909
-125602
-125167
-124722
-124405
-124176
-123993
-123913
-123842
-123647
-123395
-123129
-122830
-122460
-121967
-121263
-120236
-118881
-117167
-115055
-112593
-109844
-106875
-103674
-100261
-96673
-92897
-89070
-85364
-81952
-78966
-76395
-74088
-71930
-69879
-67812
-65820
-64138
-62993
-62645
-63032
-63856
-64854
-65784
-66599
-67371
-68107
-68915
-69857
-70928
-71945
-72609
-72986
-73132
-73139
-73232
-73384
-73650
-74013
-74229
-74241
-74118
-73907
-73732
-73723
-73954
-74372
-74773
-75070
-75185
-75053
-74821
-74614
-74526
-74596
-74685
-74690
-74560
-74264
-73859
-73372
-72853
-72440
-72069
-71666
-71290
-70851
-70337
-69846
-69404
-69027
-68735
-68499
-68262
-68067
-67918
-67844
-67981
-68350
-68913
-69607
-70299
-70904
-71400
-71736
-71922
-72025
-72054
-72057
-72056
-72039
-72114
-72392
-72907
-73633
-74526
-75558
-76707
-77967
-79409
-81089
-83002
-85159
-87477
-89863
-92316
-94782
-97238
-99679
-102049
-104406
-106791
-109144
-111539
-113899
-116099
-118141
-119934
-121549
-123025
-124333
-125514
-126522
-127345
-127844
-127932
-127650
-126937
-125894
-124689
-123393
-122061
-120669
-119217
-117742
-116254
-114828
-113525
-112388
-111476
-110825
-110436
-110293
-110370
-110594
-110963
-111489
-112113
-112780
-113450
-114156
-114913
-115851
-117150
-118670
-120205
-121621
-122788
-123733
-124542
-125216
-125801
-126298
-126654
-126972
-127264
-127285
-126891
-126186
-125345
-124560
-124109
-124113
-124392
-124712
-124902
-124817
-124405
-123802
-123234
-122858
-122804
-123121
-123691
-124367
-124971
-125362
-125471
-125324
-124999
-124572
-124159
-123574
-122712
-121729
-120493
-118930
-117169
-115378
-113653
-111961
-110429
-109091
-107743
-106384
-105025
-103560
-102103
-100702
-99324
-98018
-96779
-95496
-94093
-92643
-90997
-89148
-87380
-85685
-84106
-82748
-81461
-80212
-78927
-77503
-76106
-74835
-73776
-73002
-72486
-72152
-71901
-71774
-71732
-71873
-72308
-73002
-73952
-74934
-75864
-76675
-77207
-77532
-77728
-77957
-78258
-78571
-78883
-79051
-79054
-78904
-78679
-78526
-78485
-78582
-78683
-78676
-78505
-78074
-77465
-76811
-76205
-75736
-75400
-75112
-74738
-74143
-73354
-72447
-71541
-70796
-70235
-69803
-69430
-69116
-68843
-68664
-68747
-69102
-69691
-70347
-70848
-71143
-71264
-71298
-71285
-71351
-71654
-72087
-72479
-72768
-72947
-73054
-73247
-73698
-74344
-75071
-75778
-76274
-76537
-76665
-76720
-76769
-76847
-76961
-77040
-77097
-77172
-77266
-77592
-78174
-78997
-80129
-81420
-82833
-84384
-86034
-87745
-89521
-91344
-93211
-95215
-97210
-99179
-101203
-103120
-104906
-106537
-107926
-109109
-110119
-110996
-111791
-112520
-113141
-113544
-113637
-113403
-112849
-112030
-111026
-109808
-108541
-107368
-106188
-105173
-104303
-103520
-102832
-101956
-101017
-100036
-98978
-98022
-97149
-96537
-96087
-95563
-95085
-94770
-94620
-94597
-94777
-95138
-95679
-96534
-97702
-99066
-100350
-101432
-102372
-103130
-103818
-104575
-105364
-106084
-106675
-107084
-107196
-107042
-106760
-106580
-106677
-106837
-106774
-106369
-105691
-104904
-104080
-103376
-102912
-102646
-102556
-102526
-102396
-102229
-102156
-102268
-102686
-103479
-104522
-105592
-106563
-107324
-107817
-108208
-108706
-109228
-109700
-110268
-110831
-111387
-112035
-112676
-113267
-113614
-113615
-113202
-112289
-111135
-109964
-108996
-108371
-107979
-107565
-106791
-105631
-104127
-102445
-100892
-99583
-98712
-98151
-97704
-97372
-96921
-96355
-95871
-95606
-95598
-95865
-96432
-97113
-97936
-98820
-99625
-100507
-101391
-102343
-103395
-104433
-105500
-106442
-107205
-107701
-107869
-107820
-107540
-107188
-106802
-106433
-106193
-105880
-105488
-104997
-104288
-103488
-102632
-101716
-100739
-99635
-98338
-96838
-95216
-93570
-91935
-90274
-88622
-86984
-85260
-83495
-81787
-80179
-78781
-77620
-76669
-75902
-75250
-74739
-74410
-74309
-74433
-74764
-75278
-75946
-76854
-77857
-78930
-80202
-81559
-82918
-84081
-84928
-85482
-85726
-85786
-85766
-85779
-85875
-85925
-85904
-85808
-85686
-85646
-85703
-85938
-86318
-86779
-87248
-87671
-88248
-88927
-89815
-91049
-92229
-93451
-94827
-96112
-97360
-98486
-99432
-100193
-100755
-101280
-101689
-102021
-102435
-102758
-102907
-102954
-102779
-102346
-101793
-101075
-100343
-99799
-99289
-98855
-98542
-98244
-97951
-97626
-97297
-96978
-96630
-96341
-96117
-95878
-95683
-95538
-95438
-95482
-95637
-95872
-96133
-96373
-96660
-96874
-97021
-97219
-97440
-97796
-98292
-98866
-99490
-100031
-100457
-100787
-101065
-101276
-101372
-101474
-101681
-102023
-102592
-103325
-104007
-104503
-104656
-104487
-104082
-103496
-102914
-102349
-101940
-101722
-101474
-101203
-100805
-100184
-99513
-98976
-98582
-98383
-98372
-98319
-98276
-98225
-97992
-97658
-97351
-97100
-96887
-96765
-96644
-96517
-96426
-96270
-96146
-96042
-95937
-95812
-95539
-95219
-95024
-94977
-95014
-95198
-95568
-96059
-96651
-97253
-97868
-98555
-99237
-99867
-100447
-100977
-101440
-101854
-102297
-102789
-103350
-103897
-104355
-104770
-105053
-105173
-105326
-105580
-105899
-106334
-106836
-107326
-107735
-108056
-108303
-108453
-108723
-109132
-109642
-110266
-110836
-111351
-111630
-111588
-111349
-111012
-110798
-110674
-110659
-110799
-110831
-110625
-110190
-109473
-108510
-107437
-106363
-105321
-104275
-103169
-101928
-100542
-99071
-97487
-95840
-94282
-92830
-91538
-90460
-89514
-88702
-87998
-87354
-86833
-86461
-86244
-86126
-86078
-86107
-86153
-86245
-86399
-86630
-86976
-87389
-87839
-88318
-88803
-89256
-89683
-90079
-90394
-90673
-90896
-91042
-91159
-91237
-91291
-91335
-91351
-91280
-91147
-91043
-90829
-90458
-90010
-89408
-88738
-88136
-87604
-87216
-87021
-86968
-86952
-86889
-86737
-86499
-86215
-85875
-85540
-85270
-85031
-84772
-84435
-84038
-83589
-83116
-82724
-82439
-82226
-82011
-81740
-81391
-80964
-80490
-80010
-79585
-79226
-78869
-78490
-78088
-77622
-77173
-76833
-76604
-76495
-76456
-76491
-76610
-76758
-77006
-77359
-77741
-78194
-78680
-79115
-79523
-79913
-80277
-80658
-81151
-81781
-82533
-83454
-84491
-85557
-86650
-87771
-88833
-89805
-90759
-91663
-92546
-93514
-94540
-95562
-96575
-97587
-98590
-99575
-100528
-101511
-102642
-103922
-105341
-106850
-108283
-109503
-110375
-110921
-111283
-111500
-111732
-112081
-112535
-113046
-113392
-113481
-113355
-113040
-112609
-112145
-111709
-111312
-110932
-110527
-110134
-109794
-109500
-109310
-109194
-109087
-108989
-108864
-108697
-108535
-108432
-108394
-108449
-108588
-108724
-108848
-108987
-109146
-109386
-109739
-110164
-110620
-111024
-111301
-111405
-111324
-111101
-110800
-110468
-110090
-109684
-109217
-108669
-108072
-107396
-106699
-106053
-105502
-105086
-104789
-104628
-104576
-104572
-104661
-104819
-104980
-105208
-105473
-105717
-105950
-106091
-106095
-105936
-105602
-105083
-104358
-103463
-102394
-101135
-99690
-98110
-96437
-94713
-93013
-91373
-89809
-88258
-86764
-85249
-83727
-82436
-81213
-80138
-79237
-78349
-77492
-76586
-75879
-75158
-74437
-74100
-73768
-73605
-73739
-73947
-74326
-74756
-75307
-75858
-76309
-76844
-77326
-77802
-78372
-78973
-79599
-80258
-80998
-81690
-82342
-83185
-84095
-85009
-85943
-86740
-87413
-87922
-88255
-88510
-88737
-89032
-89322
-89545
-89782
-89966
-90038
-90017
-89935
-89854
-89738
-89639
-89541
-89266
-88911
-88632
-88529
-88726
-89059
-89297
-89454
-89495
-89394
-89364
-89487
-89726
-90228
-90895
-91466
-91901
-92163
-92264
-92311
-92402
-92638
-93022
-93439
-93881
-94331
-94639
-94858
-95066
-95257
-95473
-95683
-95908
-96147
-96356
-96672
-97130
-97655
-98296
-98956
-99550
-100096
-100506
-100767
-100914
-100990
-101046
-101064
-101082
-101129
-101169
-101204
-101272
-101358
-101453
-101584
-101738
-101943
-102226
-102543
-102916
-103358
-103845
-104346
-104832
-105316
-105783
-106282
-106878
-107550
-108284
-109039
-109760
-110433
-111030
-111544
-111980
-112362
-112699
-112987
-113206
-113309
-113285
-113150
-112938
-112662
-112357
-112074
-111804
-111580
-111380
-111132
-110840
-110477
-110034
-109507
-108897
-108253
-107588
-106946
-106329
-105737
-105218
-104757
-104412
-104206
-104122
-104128
-104145
-104151
-104145
-104141
-104133
-104110
-104043
-103885
-103656
-103324
-102920
-102498
-102038
-101567
-101050
-100486
-99915
-99329
-98765
-98289
-97935
-97638
-97351
-97061
-96726
-96347
-95956
-95637
-95454
-95430
-95561
-95786
-96098
-96459
-96773
-97063
-97322
-97563
-97854
-98149
-98477
-98849
-99254
-99719
-100180
-100643
-101079
-101416
-101676
-101857
-101993
-102117
-102207
-102291
-102384
-102449
-102458
-102402
-102298
-102176
-102077
-102004
-101919
-101786
-101537
-101194
-100739
-100173
-99669
-99210
-98795
-98496
-98278
-98106
-97916
-97718
-97446
-97075
-96679
-96232
-95772
-95327
-94893
-94490
-94087
-93704
-93365
-93055
-92787
-92528
-92231
-91911
-91567
-91229
-90910
-90611
-90375
-90164
-89974
-89813
-89620
-89367
-89023
-88600
-88084
-87482
-86829
-86144
-85467
-84735
-83979
-83304
-82734
-82346
-82129
-82060
-82149
-82332
-82601
-82951
-83378
-83897
-84484
-85128
-85794
-86413
-86976
-87494
-87972
-88469
-89025
-89611
-90191
-90730
-91208
-91591
-91888
-92171
-92456
-92738
-92996
-93169
-93201
-93050
-92762
-92459
-92261
-92226
-92325
-92460
-92486
-92299
-91891
-91351
-90786
-90270
-89865
-89565
-89316
-89054
-88686
-88214
-87691
-87137
-86629
-86228
-85952
-85803
-85748
-85750
-85803
-85925
-86117
-86342
-86576
-86828
-87072
-87295
-87510
-87719
-87977
-88305
-88668
-89042
-89383
-89644
-89778
-89777
-89682
-89512
-89276
-88997
-88709
-88408
-88089
-87773
-87470
-87185
-86909
-86646
-86386
-86146
-85975
-85897
-85942
-86143
-86480
-86949
-87527
-88147
-88781
-89438
-90117
-90809
-91485
-92114
-92680
-93156
-93517
-93801
-94040
-94233
-94414
-94585
-94712
-94778
-94774
-94728
-94653
-94557
-94452
-94334
-94205
-94062
-93922
-93796
-93711
-93741
-93900
-94201
-94636
-95142
-95679
-96217
-96746
-97280
-97816
-98338
-98848
-99320
-99743
-100127
-100453
-100761
-101050
-101297
-101484
-101577
-101582
-101456
-101224
-100956
-100618
-100242
-99861
-99503
-99238
-99047
-98896
-98732
-98487
-98130
-97691
-97253
-96859
-96539
-96347
-96298
-96340
-96383
-96341
-96140
-95774
-95293
-94732
-94133
-93535
-92953
-92412
-91969
-91651
-91434
-91337
-91341
-91393
-91461
-91469
-91437
-91375
-91272
-91175
-91091
-91043
-91032
-91051
-91133
-91281
-91505
-91796
-92095
-92397
-92692
-92943
-93143
-93311
-93520
-93773
-94035
-94357
-94684
-94988
-95338
-95682
-96012
-96360
-96687
-96993
-97278
-97548
-97836
-98172
-98566
-99032
-99587
-100188
-100774
-101345
-101879
-102330
-102733
-103070
-103303
-103497
-103609
-103574
-103457
-103241
-102908
-102570
-102230
-101871
-101543
-101206
-100882
-100590
-100300
-100039
-99835
-99691
-99589
-99545
-99537
-99570
-99708
-99868
-100028
-100226
-100393
-100512
-100573
-100543
-100436
-100326
-100248
-100176
-100146
-100134
-100085
-99991
-99828
-99650
-99490
-99313
-99174
-99077
-98975
-98874
-98746
-98550
-98312
-98049
-97754
-97455
-97189
-96935
-96700
-96534
-96449
-96478
-96644
-96925
-97304
-97734
-98155
-98526
-98822
-99049
-99217
-99371
-99536
-99714
-99928
-100182
-100463
-100754
-101033
-101275
-101429
-101452
-101352
-101144
-100849
-100512
-100188
-99918
-99668
-99393
-99088
-98715
-98239
-97679
-97056
-96402
-95756
-95108
-94465
-93854
-93251
-92645
-92063
-91543
-91091
-90690
-90358
-90100
-89893
-89772
-89736
-89742
-89836
-90011
-90204
-90430
-90699
-91023
-91387
-91782
-92237
-92670
-93027
-93320
-93543
-93724
-93857
-93982
-94102
-94158
-94171
-94108
-93992
-93879
-93766
-93693
-93642
-93628
-93610
-93543
-93532
-93526
-93518
-93586
-93687
-93856
-94057
-94234
-94430
-94568
-94662
-94785
-94905
-95048
-95183
-95282
-95412
-95568
-95785
-96123
-96544
-97028
-97554
-98072
-98555
-99001
-99428
-99861
-100306
-100782
-101274
-101753
-102196
-102567
-102837
-102991
-103033
-102996
-102888
-102741
-102620
-102536
-102493
-102525
-102601
-102701
-102812
-102924
-103059
-103211
-103392
-103622
-103900
-104224
-104571
-104892
-105162
-105362
-105488
-105528
-105491
-105432
-105341
-105237
-105154
-105067
-104974
-104868
-104746
-104617
-104507
-104429
-104381
-104387
-104453
-104566
-104679
-104737
-104725
-104617
-104429
-104213
-103974
-103756
-103561
-103355
-103151
-102931
-102676
-102401
-102143
-101880
-101561
-101207
-100826
-100431
-100077
-99806
-99631
-99547
-99539
-99556
-99573
-99621
-99712
-99867
-100134
-100516
-100937
-101347
-101716
-101974
-102116
-102195
-102206
-102145
-102033
-101860
-101603
-101253
-100829
-100374
-99906
-99432
-98936
-98390
-97814
-97215
-96582
-95906
-95153
-94333
-93428
-92413
-91321
-90169
-88998
-87843
-86704
-85601
-84561
-83583
-82663
-81842
-81129
-80521
-80026
-79650
-79355
-79098
-78923
-78843
-78871
-79034
-79303
-79651
-80048
-80492
-80999
-81584
-82269
-83051
-83875
-84659
-85384
-86028
-86585
-87099
-87563
-87985
-88357
-88649
-88902
-89132
-89346
-89572
-89793
-90006
-90211
-90367
-90464
-90539
-90624
-90720
-90845
-90990
-91129
-91253
-91338
-91411
-91488
-91578
-91723
-91896
-92089
-92304
-92500
-92695
-92910
-93149
-93435
-93780
-94140
-94475
-94789
-95056
-95262
-95450
-95592
-95653
-95672
-95631
-95529
-95414
-95280
-95166
-95077
-94983
-94918
-94859
-94777
-94685
-94572
-94450
-94348
-94289
-94289
-94354
-94502
-94706
-94937
-95201
-95465
-95735
-96008
-96253
-96469
-96635
-96769
-96896
-97031
-97197
-97382
-97575
-97778
-97958
-98112
-98261
-98396
-98546
-98730
-98929
-99149
-99358
-99501
-99538
-99426
-99182
-98813
-98342
-97817
-97231
-96609
-95951
-95224
-94447
-93637
-92811
-91979
-91186
-90470
-89818
-89250
-88758
-88334
-87978
-87684
-87460
-87322
-87279
-87311
-87415
-87595
-87818
-88063
-88357
-88707
-89096
-89554
-90069
-90599
-91100
-91555
-91983
-92357
-92706
-93070
-93450
-93824
-94188
-94541
-94849
-95141
-95422
-95716
-96062
-96398
-96716
-97016
-97261
-97465
-97626
-97777
-97975
-98228
-98524
-98836
-99127
-99376
-99560
-99662
-99704
-99700
-99669
-99648
-99619
-99574
-99490
-99325
-99114
-98874
-98620
-98420
-98291
-98225
-98213
-98213
-98199
-98164
-98127
-98103
-98121
-98204
-98313
-98456
-98613
-98736
-98841
-98930
-99017
-99086
-99136
-99162
-99155
-99128
-99110
-99135
-99189
-99316
-99498
-99658
-99801
-99867
-99862
-99824
-99745
-99678
-99643
-99598
-99511
-99390
-99231
-99004
-98730
-98464
-98247
-98065
-97886
-97671
-97366
-96974
-96524
-96041
-95578
-95146
-94767
-94448
-94116
-93788
-93470
-93161
-92934
-92759
-92607
-92469
-92304
-92082
-91787
-91450
-91077
-90700
-90365
-90075
-89842
-89672
-89583
-89573
-89619
-89733
-89888
-90050
-90238
-90442
-90642
-90841
-91048
-91267
-91494
-91713
-91912
-92067
-92168
-92206
-92185
-92118
-92017
-91900
-91773
-91662
-91564
-91470
-91392
-91317
-91283
-91300
-91342
-91419
-91506
-91607
-91730
-91874
-92058
-92279
-92549
-92857
-93176
-93537
-93952
-94384
-94869
-95388
-95868
-96299
-96637
-96855
-96953
-96925
-96798
-96580
-96299
-96000
-95703
-95449
-95239
-95050
-94908
-94810
-94760
-94775
-94852
-95014
-95259
-95592
-96000
-96471
-97010
-97601
-98240
-98906
-99574
-100218
-100794
-101309
-101757
-102151
-102524
-102862
-103180
-103468
-103727
-103992
-104245
-104493
-104770
-105080
-105422
-105778
-106116
-106415
-106661
-106864
-107037
-107182
-107322
-107442
-107524
-107564
-107555
-107513
-107427
-107310
-107183
-107041
-106908
-106778
-106668
-106591
-106521
-106471
-106420
-106350
-106265
-106153
-106009
-105823
-105597
-105336
-105036
-104726
-104428
-104154
-103912
-103711
-103551
-103418
-103300
-103202
-103119
-103032
-102963
-102894
-102800
-102665
-102436
-102129
-101785
-101391
-100978
-100564
-100136
-99680
-99159
-98599
-98005
-97387
-96792
-96203
-95634
-95083
-94562
-94087
-93648
-93288
-92991
-92765
-92636
-92536
-92425
-92297
-92158
-92020
-91857
-91685
-91517
-91375
-91290
-91216
-91150
-91080
-90966
-90833
-90689
-90548
-90412
-90329
-90264
-90060
-89769
-89447
-89083
-88723
-88343
-87949
-87539
-87088
-86590
-86046
-85475
-84893
-84337
-83848
-83444
-83114
-82823
-82570
-82340
-82125
-81937
-81756
-81618
-81555
-81536
-81547
-81582
-81613
-81627
-81641
-81643
-81670
-81747
-81870
-82053
-82272
-82544
-82829
-83097
-83412
-83733
-84119
-84609
-85126
-85696
-86253
-86770
-87284
-87748
-88198
-88638
-89056
-89453
-89813
-90137
-90393
-90623
-90851
-91052
-91256
-91459
-91682
-91948
-92254
-92593
-92937
-93297
-93666
-94050
-94450
-94865
-95329
-95795
-96236
-96672
-97088
-97530
-98008
-98502
-99018
-99541
-100028
-100429
-100771
-101045
-101245
-101443
-101635
-101851
-102126
-102405
-102674
-102920
-103130
-103328
-103532
-103780
-104113
-104524
-104999
-105527
-106083
-106658
-107222
-107758
-108286
-108822
-109377
-109906
-110408
-110840
-111109
-111275
-111376
-111427
-111495
-111609
-111754
-111897
-112004
-112051
-112033
-111976
-111894
-111815
-111755
-111663
-111515
-111301
-111000
-110620
-110157
-109656
-109170
-108713
-108326
-108037
-107860
-107777
-107764
-107822
-107925
-108036
-108124
-108176
-108170
-108096
-107966
-107799
-107609
-107392
-107144
-106856
-106525
-106177
-105815
-105421
-105015
-104614
-104196
-103764
-103332
-102916
-102526
-102155
-101817
-101477
-101119
-100753
-100349
-99954
-99566
-99160
-98789
-98436
-98057
-97652
-97235
-96803
-96354
-95919
-95497
-95072
-94656
-94248
-93861
-93519
-93215
-92957
-92741
-92553
-92359
-92128
-91874
-91593
-91299
-90991
-90650
-90257
-89795
-89279
-88736
-88212
-87736
-87302
-86882
-86454
-86028
-85598
-85179
-84799
-84452
-84147
-83869
-83607
-83338
-83026
-82679
-82268
-81801
-81328
-80851
-80374
-79920
-79521
-79170
-78849
-78593
-78397
-78253
-78184
-78132
-78059
-77982
-77890
-77800
-77724
-77661
-77608
-77555
-77518
-77488
-77456
-77438
-77434
-77428
-77403
-77334
-77252
-77196
-77171
-77190
-77241
-77342
-77482
-77622
-77775
-77939
-78096
-78268
-78479
-78735
-79082
-79512
-80026
-80647
-81298
-81982
-82710
-83423
-84128
-84820
-85493
-86137
-86751
-87361
-87955
-88515
-89010
-89450
-89833
-90179
-90532
-90879
-91212
-91510
-91761
-91955
-92097
-92242
-92420
-92655
-92955
-93300
-93670
-94048
-94451
-94892
-95387
-95960
-96596
-97287
-98030
-98782
-99541
-100316
-101112
-101947
-102793
-103636
-104444
-105164
-105788
-106334
-106829
-107313
-107831
-108370
-108900
-109389
-109798
-110091
-110264
-110363
-110426
-110480
-110521
-110543
-110542
-110473
-110364
-110269
-110220
-110269
-110408
-110611
-110846
-111062
-111268
-111463
-111670
-111947
-112293
-112689
-113104
-113508
-113890
-114262
-114653
-115073
-115547
-116070
-116582
-117049
-117435
-117721
-117909
-117993
-117971
-117850
-117630
-117295
-116862
-116354
-115772
-115138
-114440
-113691
-112914
-112090
-111215
-110305
-109382
-108434
-107466
-106500
-105560
-104700
-103929
-103223
-102604
-102059
-101537
-101059
-100611
-100175
-99780
-99403
-99043
-98699
-98352
-97987
-97568
-97110
-96636
-96152
-95677
-95211
-94761
-94272
-93682
-93039
-92383
-91724
-91113
-90559
-90039
-89540
-89039
-88503
-87942
-87385
-86844
-86351
-85933
-85574
-85250
-84958
-84692
-84465
-84323
-84249
-84223
-84245
-84283
-84352
-84439
-84545
-84708
-84919
-85156
-85380
-85588
-85756
-85877
-85979
-86061
-86152
-86258
-86356
-86437
-86472
-86473
-86466
-86417
-86331
-86237
-86107
-85964
-85842
-85757
-85731
-85762
-85838
-85927
-86013
-86106
-86190
-86264
-86361
-86469
-86597
-86731
-86827
-86912
-86998
-87072
-87134
-87193
-87289
-87410
-87536
-87688
-87821
-87908
-87969
-88016
-88085
-88209
-88408
-88641
-88868
-89096
-89286
-89409
-89488
-89554
-89614
-89673
-89726
-89746
-89737
-89710
-89676
-89668
-89705
-89807
-89958
-90144
-90354
-90571
-90838
-91176
-91579
-92051
-92595
-93202
-93865
-94584
-95357
-96201
-97092
-98010
-98958
-99900
-100830
-101745
-102618
-103450
-104218
-104910
-105532
-106102
-106648
-107179
-107710
-108262
-108823
-109350
-109854
-110331
-110762
-111180
-111571
-111940
-112294
-112616
-112894
-113137
-113372
-113586
-113801
-114039
-114264
-114463
-114600
-114657
-114632
-114512
-114317
-114077
-113803
-113505
-113169
-112779
-112345
-111873
-111369
-110829
-110258
-109670
-109042
-108392
-107753
-107116
-106502
-105936
-105412
-104935
-104479
-104020
-103571
-103090
-102558
-101997
-101404
-100801
-100209
-99640
-99091
-98539
-97987
-97422
-96836
-96238
-95636
-95041
-94452
-93888
-93340
-92789
-92244
-91693
-91150
-90614
-90101
-89648
-89221
-88831
-88492
-88154
-87864
-87651
-87474
-87354
-87285
-87235
-87197
-87160
-87140
-87162
-87208
-87261
-87331
-87398
-87460
-87568
-87680
-87758
-87859
-87965
-88044
-88138
-88236
-88346
-88486
-88610
-88701
-88782
-88835
-88882
-88941
-89000
-89050
-89058
-89011
-88897
-88736
-88547
-88348
-88209
-88127
-88063
-88042
-88045
-88024
-88012
-88017
-88036
-88095
-88179
-88261
-88309
-88313
-88279
-88225
-88165
-88098
-88023
-87910
-87747
-87543
-87327
-87160
-87050
-87023
-87081
-87176
-87293
-87415
-87562
-87776
-88075
-88454
-88888
-89350
-89806
-90235
-90634
-91027
-91447
-91872
-92285
-92695
-93055
-93349
-93581
-93747
-93864
-93957
-94057
-94138
-94202
-94245
-94251
-94259
-94289
-94363
-94477
-94619
-94816
-95011
-95249
-95569
-95873
-96200
-96548
-96842
-97065
-97208
-97268
-97260
-97239
-97217
-97205
-97204
-97178
-97131
-97067
-96972
-96883
-96817
-96747
-96704
-96685
-96654
-96631
-96622
-96667
-96787
-96951
-97181
-97467
-97776
-98123
-98481
-98834
-99194
-99544
-99875
-100161
-100364
-100507
-100598
-100635
-100640
-100625
-100611
-100580
-100525
-100460
-100376
-100282
-100200
-100137
-100126
-100185
-100299
-100441
-100564
-100620
-100590
-100504
-100403
-100313
-100261
-100241
-100257
-100306
-100352
-100425
-100550
-100721
-100948
-101209
-101506
-101820
-102112
-102368
-102571
-102744
-102896
-103012
-103079
-103093
-103046
-102933
-102779
-102582
-102348
-102114
-101853
-101542
-101207
-100860
-100486
-100112
-99791
-99484
-99177
-98876
-98555
-98249
-97946
-97654
-97380
-97128
-96955
-96852
-96834
-96876
-96931
-96987
-96996
-96982
-96937
-96883
-96895
-96974
-97134
-97363
-97638
-97935
-98222
-98514
-98820
-99146
-99498
-99854
-100185
-100502
-100818
-101096
-101347
-101585
-101776
-101927
-102021
-102027
-101962
-101854
-101734
-101609
-101495
-101377
-101201
-100966
-100673
-100324
-99955
-99609
-99296
-99027
-98820
-98675
-98575
-98498
-98484
-98522
-98576
-98643
-98682
-98713
-98720
-98711
-98734
-98769
-98812
-98846
-98852
-98799
-98655
-98415
-98088
-97697
-97264
-96836
-96406
-95953
-95484
-94998
-94499
-93979
-93452
-92918
-92356
-91803
-91271
-90756
-90298
-89910
-89588
-89338
-89179
-89087
-89053
-89112
-89217
-89372
-89612
-89936
-90330
-90747
-91223
-91745
-92258
-92775
-93275
-93769
-94209
-94584
-94933
-95185
-95383
-95542
-95581
-95542
-95444
-95248
-94980
-94696
-94372
-94023
-93718
-93416
-93103
-92808
-92522
-92273
-92095
-91982
-91926
-91908
-91926
-91970
-92001
-92050
-92133
-92228
-92360
-92506
-92645
-92792
-92922
-93040
-93172
-93326
-93482
-93611
-93698
-93713
-93664
-93585
-93490
-93421
-93392
-93382
-93403
-93432
-93422
-93409
-93391
-93325
-93238
-93137
-93013
-92888
-92778
-92684
-92580
-92472
-92370
-92271
-92172
-92068
-91955
-91832
-91719
-91625
-91555
-91521
-91517
-91514
-91503
-91495
-91494
-91533
-91638
-91808
-92023
-92256
-92479
-92688
-92897
-93105
-93337
-93612
-93915
-94208
-94470
-94693
-94889
-95090
-95278
-95474
-95668
-95819
-95941
-95999
-96017
-96027
-96020
-96024
-96018
-96005
-95974
-95911
-95864
-95840
-95845
-95877
-95910
-95943
-95952
-95936
-95921
-95914
-95941
-96023
-96165
-96344
-96547
-96792
-97050
-97344
-97695
-98040
-98378
-98698
-98935
-99117
-99269
-99350
-99389
-99445
-99470
-99415
-99310
-99104
-98792
-98400
-97924
-97422
-96876
-96375
-95940
-95472
-95094
-94777
-94430
-94145
-93906
-93672
-93504
-93395
-93317
-93296
-93331
-93413
-93527
-93696
-93922
-94145
-94391
-94682
-94943
-95189
-95431
-95559
-95648
-95758
-95792
-95795
-95778
-95747
-95632
-95455
-95285
-95061
-94899
-94758
-94578
-94473
-94337
-94087
-93849
-93658
-93454
-93307
-93226
-93093
-92963
-92868
-92704
-92535
-92453
-92408
-92397
-92424
-92457
-92500
-92586
-92739
-92908
-93119
-93430
-93749
-94080
-94451
-94782
-95121
-95466
-95798
-96146
-96453
-96711
-96909
-97094
-97284
-97388
-97453
-97517
-97612
-97712
-97803
-97965
-98135
-98296
-98459
-98593
-98745
-98931
-99132
-99300
-99430
-99534
-99578
-99608
-99657
-99695
-99717
-99710
-99686
-99656
-99631
-99633
-99671
-99768
-99867
-99953
-100054
-100154
-100279
-100418
-100541
-100641
-100698
-100710
-100724
-100770
-100841
-100979
-101138
-101264
-101383
-101463
-101506
-101549
-101586
-101606
-101579
-101459
-101227
-100931
-100553
-100100
-99629
-99128
-98614
-98074
-97497
-96890
-96249
-95618
-95008
-94431
-93885
-93378
-92927
-92507
-92141
-91844
-91586
-91373
-91216
-91090
-90999
-90944
-90896
-90860
-90817
-90754
-90675
-90587
-90522
-90464
-90426
-90427
-90432
-90438
-90428
-90371
-90290
-90204
-90125
-90073
-90049
-90048
-90089
-90161
-90247
-90364
-90513
-90709
-90946
-91175
-91387
-91565
-91697
-91804
-91868
-91906
-91959
-92052
-92184
-92345
-92557
-92794
-93020
-93244
-93449
-93611
-93764
-93927
-94081
-94247
-94425
-94591
-94738
-94849
-94921
-94969
-94995
-94987
-94940
-94840
-94677
-94468
-94220
-93956
-93694
-93433
-93181
-92939
-92684
-92413
-92145
-91892
-91682
-91543
-91473
-91469
-91520
-91592
-91664
-91743
-91856
-92016
-92216
-92463
-92735
-92999
-93270
-93553
-93858
-94206
-94600
-95026
-95448
-95839
-96171
-96474
-96768
-97033
-97322
-97650
-97982
-98318
-98657
-99002
-99356
-99704
-100036
-100375
-100713
-101038
-101349
-101592
-101791
-101992
-102181
-102396
-102656
-102955
-103265
-103564
-103841
-104044
-104195
-104290
-104313
-104298
-104240
-104146
-104003
-103848
-103709
-103536
-103360
-103174
-102941
-102679
-102364
-102021
-101658
-101284
-100949
-100625
-100319
-100048
-99772
-99491
-99202
-98924
-98692
-98503
-98341
-98213
-98128
-98056
-98012
-98024
-98084
-98203
-98343
-98474
-98594
-98710
-98854
-99022
-99226
-99461
-99694
-99929
-100136
-100308
-100458
-100578
-100676
-100745
-100789
-100818
-100822
-100817
-100800
-100747
-100682
-100590
-100465
-100351
-100235
-100116
-100024
-99945
-99880
-99824
-99755
-99665
-99556
-99417
-99260
-99114
-98984
-98860
-98737
-98608
-98462
-98304
-98129
-97926
-97700
-97473
-97250
-97016
-96799
-96608
-96442
-96306
-96167
-96031
-95897
-95745
-95575
-95387
-95190
-94991
-94808
-94629
-94458
-94318
-94170
-93980
-93760
-93522
-93280
-93031
-92779
-92519
-92249
-91988
-91735
-91481
-91244
-91044
-90869
-90691
-90514
-90338
-90170
-90023
-89892
-89772
-89673
-89617
-89594
-89587
-89595
-89577
-89516
-89418
-89286
-89153
-89048
-89008
-89031
-89082
-89170
-89286
-89407
-89534
-89654
-89750
-89821
-89866
-89902
-89943
-89998
-90066
-90130
-90186
-90225
-90234
-90214
-90183
-90118
-90018
-89921
-89813
-89690
-89568
-89448
-89348
-89288
-89272
-89298
-89371
-89484
-89619
-89762
-89926
-90124
-90348
-90624
-90958
-91342
-91777
-92242
-92713
-93179
-93645
-94088
-94480
-94834
-95142
-95390
-95599
-95779
-95930
-96065
-96183
-96268
-96307
-96302
-96243
-96111
-95934
-95747
-95578
-95449
-95364
-95326
-95319
-95324
-95341
-95366
-95396
-95436
-95462
-95472
-95486
-95480
-95461
-95457
-95471
-95511
-95564
-95624
-95677
-95725
-95786
-95864
-95963
-96075
-96200
-96338
-96470
-96601
-96726
-96838
-96946
-97046
-97142
-97221
-97281
-97347
-97421
-97517
-97652
-97811
-97980
-98134
-98234
-98285
-98303
-98292
-98275
-98263
-98256
-98259
-98266
-98277
-98312
-98365
-98443
-98547
-98658
-98775
-98872
-98961
-99055
-99151
-99256
-99346
-99434
-99493
-99505
-99505
-99475
-99430
-99397
-99375
-99355
-99332
-99313
-99303
-99315
-99361
-99447
-99552
-99658
-99754
-99818
-99858
-99868
-99868
-99871
-99863
-99874
-99879
-99874
-99881
-99860
-99833
-99787
-99691
-99563
-99397
-99210
-99012
-98797
-98589
-98384
-98191
-98002
-97815
-97672
-97552
-97453
-97389
-97313
-97237
-97167
-97078
-97000
-96946
-96899
-96855
-96815
-96786
-96754
-96693
-96614
-96525
-96431
-96350
-96279
-96209
-96121
-95998
-95841
-95639
-95430
-95247
-95086
-94962
-94851
-94751
-94651
-94532
-94419
-94309
-94210
-94131
-94062
-94021
-93996
-93982
-93984
-93992
-94005
-94040
-94082
-94116
-94149
-94152
-94110
-94023
-93893
-93741
-93572
-93402
-93225
-93024
-92815
-92578
-92299
-92015
-91737
-91461
-91210
-90991
-90793
-90616
-90443
-90266
-90084
-89896
-89709
-89510
-89297
-89057
-88793
-88504
-88184
-87873
-87582
-87336
-87150
-87005
-86927
-86900
-86887
-86904
-86956
-87046
-87183
-87362
-87567
-87795
-88034
-88242
-88415
-88596
-88799
-89026
-89292
-89587
-89894
-90206
-90510
-90825
-91144
-91467
-91837
-92248
-92685
-93136
-93597
-94081
-94558
-95021
-95485
-95912
-96317
-96721
-97097
-97452
-97798
-98133
-98465
-98793
-99114
-99437
-99744
-100028
-100297
-100547
-100802
-101073
-101332
-101580
-101798
-101967
-102086
-102157
-102196
-102196
-102179
-102146
-102057
-101955
-101857
-101747
-101667
-101626
-101611
-101622
-101639
-101664
-101683
-101698
-101744
-101804
-101877
-101979
-102110
-102272
-102445
-102631
-102809
-102950
-103073
-103163
-103213
-103257
-103316
-103390
-103491
-103630
-103777
-103921
-104044
-104128
-104188
-104212
-104197
-104173
-104149
-104110
-104051
-103981
-103900
-103792
-103642
-103443
-103205
-102914
-102565
-102193
-101802
-101411
-101033
-100644
-100242
-99812
-99364
-98910
-98447
-97999
-97573
-97174
-96808
-96468
-96159
-95887
-95673
-95518
-95409
-95334
-95276
-95225
-95148
-95066
-95029
-95019
-95039
-95092
-95150
-95201
-95243
-95278
-95299
-95333
-95363
-95367
-95369
-95333
-95265
-95197
-95139
-95113
-95119
-95182
-95272
-95349
-95451
-95554
-95657
-95780
-95909
-96055
-96185
-96299
-96400
-96468
-96529
-96555
-96528
-96469
-96362
-96224
-96065
-95874
-95676
-95497
-95322
-95149
-94989
-94842
-94699
-94549
-94394
-94207
-93987
-93745
-93474
-93204
-92954
-92721
-92500
-92306
-92144
-91992
-91881
-91839
-91854
-91919
-92016
-92128
-92245
-92350
-92450
-92570
-92683
-92779
-92893
-92995
-93055
-93103
-93136
-93149
-93175
-93193
-93190
-93192
-93185
-93205
-93259
-93317
-93425
-93558
-93704
-93879
-94047
-94209
-94351
-94454
-94540
-94607
-94668
-94748
-94862
-95007
-95166
-95330
-95487
-95632
-95754
-95853
-95956
-96050
-96144
-96253
-96364
-96480
-96568
-96617
-96644
-96635
-96602
-96533
-96402
-96231
-96015
-95760
-95481
-95176
-94867
-94577
-94329
-94124
-93948
-93829
-93742
-93661
-93625
-93614
-93635
-93704
-93802
-93941
-94099
-94231
-94320
-94368
-94378
-94356
-94335
-94310
-94289
-94294
-94306
-94333
-94376
-94404
-94427
-94445
-94458
-94479
-94497
-94507
-94503
-94467
-94399
-94304
-94184
-94034
-93885
-93752
-93616
-93506
-93433
-93378
-93367
-93406
-93486
-93607
-93733
-93863
-94000
-94115
-94204
-94278
-94334
-94382
-94428
-94469
-94496
-94503
-94489
-94478
-94471
-94473
-94500
-94522
-94543
-94551
-94550
-94580
-94638
-94727
-94844
-94980
-95115
-95242
-95363
-95484
-95607
-95701
-95796
-95890
-95970
-96050
-96105
-96138
-96141
-96109
-96076
-96036
-96005
-96006
-96016
-96054
-96114
-96175
-96270
-96365
-96460
-96573
-96673
-96769
-96868
-96969
-97074
-97178
-97268
-97335
-97408
-97469
-97509
-97548
-97555
-97547
-97523
-97459
-97393
-97322
-97244
-97176
-97103
-97052
-97029
-97015
-97035
-97080
-97147
-97238
-97347
-97506
-97716
-97970
-98262
-98565
-98875
-99198
-99519
-99844
-100158
-100444
-100712
-100946
-101142
-101302
-101427
-101516
-101555
-101563
-101562
-101536
-101478
-101414
-101345
-101259
-101186
-101098
-100988
-100864
-100694
-100499
-100269
-100005
-99726
-99434
-99156
-98877
-98596
-98333
-98075
-97825
-97597
-97404
-97254
-97158
-97132
-97151
-97176
-97226
-97282
-97322
-97346
-97340
-97307
-97246
-97143
-96994
-96813
-96610
-96389
-96164
-95948
-95747
-95551
-95359
-95151
-94927
-94697
-94444
-94186
-93929
-93692
-93471
-93243
-93037
-92847
-92652
-92474
-92301
-92149
-92032
-91929
-91853
-91802
-91774
-91768
-91765
-91787
-91824
-91866
-91926
-91979
-92047
-92120
-92164
-92197
-92206
-92188
-92160
-92119
-92070
-92033
-92016
-91993
-91960
-91929
-91896
-91858
-91821
-91805
-91825
-91892
-91981
-92091
-92236
-92409
-92632
-92896
-93199
-93567
-93975
-94410
-94863
-95307
-95747
-96169
-96577
-96983
-97358
-97721
-98069
-98390
-98700
-98978
-99222
-99423
-99584
-99721
-99825
-99911
-99992
-100055
-100076
-100050
-99998
-99929
-99848
-99773
-99703
-99630
-99578
-99533
-99488
-99478
-99492
-99519
-99546
-99556
-99557
-99543
-99528
-99524
-99513
-99485
-99434
-99350
-99275
-99217
-99184
-99185
-99178
-99183
-99189
-99167
-99167
-99188
-99225
-99271
-99290
-99290
-99265
-99214
-99172
-99128
-99079
-99038
-98997
-98938
-98874
-98827
-98783
-98743
-98697
-98631
-98560
-98487
-98417
-98348
-98291
-98245
-98173
-98092
-98027
-98001
-98027
-98088
-98180
-98250
-98256
-98208
-98096
-97942
-97785
-97628
-97470
-97291
-97081
-96826
-96525
-96205
-95867
-95507
-95108
-94652
-94152
-93630
-93088
-92555
-92055
-91582
-91138
-90702
-90276
-89858
-89445
-89049
-88654
-88304
-88011
-87728
-87477
-87245
-86979
-86698
-86417
-86147
-85908
-85688
-85481
-85287
-85088
-84884
-84690
-84501
-84327
-84172
-84012
-83861
-83739
-83639
-83580
-83593
-83645
-83730
-83853
-83972
-84084
-84212
-84363
-84541
-84732
-84928
-85129
-85314
-85489
-85680
-85879
-86093
-86334
-86569
-86778
-86957
-87106
-87277
-87497
-87775
-88120
-88498
-88886
-89252
-89581
-89908
-90242
-90578
-90913
-91230
-91499
-91705
-91865
-91991
-92102
-92243
-92412
-92572
-92722
-92872
-93016
-93167
-93356
-93580
-93817
-94062
-94293
-94486
-94649
-94806
-94972
-95145
-95329
-95507
-95635
-95706
-95752
-95782
-95800
-95841
-95899
-95964
-96025
-96075
-96140
-96213
-96295
-96382
-96470
-96557
-96646
-96753
-96879
-97052
-97288
-97563
-97859
-98169
-98485
-98783
-99076
-99359
-99617
-99857
-100064
-100244
-100396
-100543
-100693
-100828
-100963
-101078
-101164
-101235
-101279
-101325
-101398
-101495
-101620
-101783
-101972
-102165
-102378
-102610
-102851
-103115
-103386
-103645
-103886
-104117
-104338
-104556
-104787
-105002
-105194
-105358
-105467
-105522
-105525
-105503
-105473
-105425
-105365
-105300
-105225
-105143
-105065
-104997
-104971
-104997
-105032
-105064
-105068
-105019
-104939
-104841
-104738
-104658
-104596
-104530
-104451
-104346
-104213
-104062
-103895
-103742
-103612
-103491
-103392
-103313
-103245
-103173
-103108
-103062
-103019
-102989
-102976
-102955
-102927
-102896
-102843
-102788
-102742
-102687
-102642
-102597
-102544
-102481
-102416
-102337
-102214
-102075
-101933
-101779
-101628
-101476
-101346
-101246
-101155
-101079
-101014
-100932
-100847
-100753
-100621
-100465
-100300
-100138
-99953
-99747
-99531
-99284
-99033
-98764
-98470
-98199
-97950
-97685
-97399
-97130
-96871
-96613
-96380
-96182
-95997
-95799
-95600
-95398
-95199
-95018
-94854
-94713
-94577
-94432
-94269
-94072
-93854
-93636
-93438
-93256
-93089
-92949
-92828
-92707
-92592
-92490
-92396
-92322
-92254
-92192
-92153
-92117
-92087
-92050
-92009
-91977
-91926
-91863
-91788
-91695
-91599
-91485
-91354
-91227
-91085
-90920
-90749
-90567
-90399
-90235
-90053
-89872
-89695
-89525
-89356
-89218
-89113
-89028
-88980
-88963
-88952
-88962
-89007
-89075
-89141
-89182
-89225
-89275
-89318
-89381
-89448
-89512
-89593
-89684
-89768
-89860
-89960
-90049
-90140
-90240
-90318
-90381
-90442
-90481
-90491
-90483
-90456
-90407
-90343
-90281
-90229
-90173
-90126
-90084
-90043
-90052
-90092
-90135
-90198
-90273
-90347
-90410
-90484
-90566
-90633
-90703
-90759
-90780
-90784
-90793
-90801
-90829
-90902
-90998
-91122
-91281
-91457
-91647
-91855
-92084
-92324
-92581
-92857
-93120
-93368
-93613
-93861
-94108
-94363
-94631
-94891
-95145
-95376
-95584
-95790
-95977
-96160
-96340
-96496
-96656
-96810
-96950
-97106
-97258
-97413
-97573
-97712
-97843
-97951
-98034
-98104
-98145
-98159
-98151
-98125
-98092
-98055
-98013
-97959
-97881
-97790
-97689
-97578
-97467
-97371
-97310
-97272
-97254
-97256
-97258
-97259
-97247
-97215
-97185
-97155
-97122
-97102
-97090
-97069
-97045
-97010
-96961
-96897
-96823
-96758
-96704
-96671
-96670
-96692
-96721
-96762
-96802
-96827
-96841
-96838
-96831
-96829
-96825
-96822
-96835
-96880
-96949
-97047
-97189
-97361
-97556
-97768
-98006
-98284
-98593
-98933
-99305
-99703
-100117
-100531
-100937
-101330
-101684
-101993
-102259
-102474
-102648
-102791
-102898
-102970
-103004
-103015
-102974
-102875
-102738
-102550
-102332
-102094
-101823
-101556
-101293
-101010
-100714
-100390
-100054
-99741
-99449
-99188
-98965
-98777
-98609
-98440
-98274
-98118
-97983
-97871
-97766
-97670
-97588
-97498
-97393
-97262
-97103
-96950
-96779
-96587
-96400
-96207
-96013
-95793
-95551
-95300
-95041
-94782
-94514
-94236
-93958
-93684
-93397
-93123
-92885
-92641
-92409
-92204
-92005
-91824
-91668
-91534
-91419
-91324
-91250
-91184
-91146
-91153
-91200
-91280
-91376
-91501
-91643
-91784
-91936
-92088
-92257
-92453
-92651
-92858
-93073
-93288
-93503
-93696
-93871
-94035
-94171
-94268
-94345
-94410
-94470
-94533
-94581
-94639
-94711
-94743
-94728
-94693
-94639
-94557
-94477
-94402
-94335
-94291
-94230
-94151
-94080
-94017
-93963
-93913
-93885
-93872
-93863
-93861
-93848
-93845
-93835
-93810
-93789
-93752
-93713
-93678
-93640
-93603
-93566
-93530
-93494
-93469
-93441
-93417
-93406
-93392
-93388
-93385
-93372
-93353
-93329
-93310
-93294
-93289
-93293
-93301
-93311
-93304
-93293
-93292
-93310
-93356
-93430
-93537
-93666
-93806
-93963
-94137
-94322
-94512
-94730
-94964
-95200
-95456
-95720
-95994
-96293
-96594
-96889
-97173
-97434
-97680
-97924
-98152
-98363
-98572
-98772
-98962
-99132
-99260
-99374
-99467
-99531
-99608
-99680
-99738
-99813
-99868
-99901
-99933
-99956
-99978
-99973
-99952
-99916
-99849
-99782
-99701
-99615
-99542
-99459
-99367
-99264
-99157
-99060
-98954
-98859
-98788
-98714
-98635
-98552
-98453
-98339
-98225
-98119
-98014
-97922
-97855
-97793
-97733
-97685
-97621
-97557
-97492
-97390
-97292
-97191
-97077
-96985
-96903
-96840
-96794
-96761
-96745
-96732
-96733
-96736
-96746
-96797
-96858
-96921
-97006
-97098
-97187
-97270
-97353
-97450
-97557
-97666
-97784
-97915
-98066
-98215
-98345
-98469
-98560
-98621
-98652
-98640
-98605
-98548
-98469
-98392
-98315
-98234
-98164
-98080
-97986
-97899
-97778
-97628
-97462
-97276
-97081
-96875
-96683
-96511
-96339
-96170
-95979
-95765
-95542
-95299
-95052
-94819
-94605
-94399
-94199
-94007
-93820
-93669
-93549
-93466
-93436
-93440
-93480
-93531
-93573
-93623
-93672
-93705
-93730
-93743
-93746
-93766
-93776
-93770
-93772
-93766
-93757
-93744
-93730
-93729
-93719
-93701
-93649
-93565
-93489
-93409
-93344
-93291
-93235
-93194
-93163
-93142
-93115
-93085
-93088
-93107
-93135
-93199
-93267
-93326
-93391
-93452
-93511
-93549
-93574
-93591
-93589
-93591
-93604
-93631
-93674
-93725
-93786
-93830
-93849
-93853
-93837
-93800
-93771
-93738
-93670
-93592
-93477
-93317
-93158
-92987
-92832
-92719
-92630
-92557
-92486
-92442
-92417
-92399
-92421
-92466
-92533
-92622
-92723
-92852
-92993
-93156
-93348
-93548
-93777
-94015
-94225
-94435
-94628
-94806
-94991
-95152
-95299
-95421
-95510
-95561
-95569
-95580
-95596
-95612
-95639
-95657
-95665
-95645
-95579
-95504
-95422
-95315
-95229
-95151
-95056
-94967
-94862
-94742
-94628
-94500
-94369
-94248
-94131
-94035
-93977
-93951
-93965
-94027
-94121
-94242
-94373
-94509
-94650
-94783
-94912
-95034
-95148
-95267
-95381
-95477
-95557
-95621
-95665
-95708
-95738
-95752
-95772
-95779
-95772
-95753
-95721
-95675
-95613
-95533
-95436
-95361
-95298
-95240
-95216
-95211
-95229
-95278
-95336
-95412
-95493
-95564
-95623
-95674
-95729
-95798
-95878
-95937
-96008
-96098
-96157
-96213
-96278
-96334
-96391
-96446
-96476
-96493
-96514
-96525
-96534
-96540
-96537
-96548
-96563
-96585
-96633
-96680
-96724
-96765
-96778
-96797
-96831
-96873
-96946
-97040
-97137
-97239
-97352
-97475
-97613
-97770
-97947
-98132
-98306
-98487
-98647
-98777
-98912
-99028
-99128
-99213
-99277
-99338
-99380
-99419
-99464
-99519
-99599
-99689
-99793
-99898
-99989
-100086
-100185
-100298
-100432
-100573
-100714
-100848
-100965
-101069
-101166
-101255
-101347
-101444
-101527
-101610
-101680
-101735
-101776
-101796
-101801
-101782
-101750
-101705
-101652
-101605
-101549
-101491
-101440
-101389
-101355
-101328
-101312
-101323
-101333
-101342
-101360
-101358
-101336
-101306
-101252
-101189
-101135
-101084
-101050
-101018
-100967
-100899
-100810
-100695
-100556
-100411
-100257
-100097
-99947
-99793
-99652
-99548
-99452
-99358
-99276
-99188
-99097
-98994
-98864
-98716
-98547
-98361
-98159
-97951
-97749
-97541
-97338
-97143
-96937
-96730
-96538
-96343
-96152
-95988
-95812
-95614
-95413
-95196
-94946
-94669
-94382
-94077
-93760
-93445
-93124
-92805
-92478
-92143
-91803
-91473
-91177
-90880
-90602
-90355
-90090
-89828
-89557
-89272
-89001
-88724
-88460
-88218
-87973
-87760
-87577
-87403
-87256
-87123
-87021
-86956
-86929
-86951
-87004
-87074
-87166
-87284
-87425
-87605
-87826
-88078
-88367
-88665
-88963
-89279
-89603
-89929
-90264
-90616
-90969
-91307
-91652
-91993
-92335
-92704
-93083
-93460
-93853
-94248
-94598
-94934
-95264
-95546
-95815
-96071
-96302
-96524
-96719
-96889
-97020
-97139
-97269
-97365
-97459
-97547
-97601
-97655
-97694
-97713
-97735
-97753
-97772
-97799
-97833
-97878
-97936
-98007
-98070
-98113
-98153
-98198
-98252
-98339
-98463
-98608
-98767
-98920
-99058
-99190
-99329
-99472
-99606
-99743
-99880
-100003
-100113
-100218
-100328
-100434
-100531
-100623
-100704
-100773
-100836
-100898
-100967
-101055
-101166
-101293
-101414
-101519
-101597
-101648
-101698
-101747
-101811
-101886
-101945
-101985
-102001
-102001
-101977
-101944
-101901
-101819
-101704
-101554
-101366
-101152
-100943
-100754
-100563
-100379
-100198
-99988
-99754
-99519
-99284
-99057
-98865
-98702
-98554
-98416
-98267
-98096
-97918
-97726
-97512
-97296
-97071
-96817
-96544
-96253
-95950
-95660
-95379
-95103
-94836
-94582
-94336
-94095
-93863
-93636
-93404
-93169
-92950
-92742
-92540
-92361
-92179
-92002
-91831
-91664
-91520
-91378
-91274
-91203
-91151
-91134
-91133
-91164
-91214
-91286
-91390
-91490
-91610
-91751
-91901
-92071
-92261
-92463
-92665
-92848
-92998
-93109
-93197
-93282
-93345
-93392
-93442
-93474
-93488
-93482
-93458
-93422
-93369
-93319
-93268
-93227
-93211
-93195
-93190
-93189
-93176
-93171
-93161
-93148
-93142
-93148
-93164
-93169
-93175
-93182
-93182
-93195
-93250
-93344
-93473
-93643
-93831
-94039
-94260
-94474
-94693
-94920
-95160
-95406
-95645
-95880
-96107
-96318
-96512
-96673
-96803
-96905
-96962
-96988
-96984
-96960
-96915
-96823
-96714
-96570
-96383
-96184
-95957
-95721
-95496
-95274
-95048
-94816
-94588
-94368
-94170
-94018
-93915
-93843
-93823
-93834
-93849
-93882
-93914
-93960
-94025
-94089
-94166
-94256
-94346
-94441
-94554
-94658
-94734
-94805
-94855
-94872
-94874
-94871
-94872
-94882
-94883
-94871
-94860
-94845
-94827
-94814
-94800
-94797
-94802
-94791
-94771
-94755
-94731
-94711
-94704
-94705
-94700
-94691
-94691
-94697
-94717
-94750
-94785
-94845
-94916
-94991
-95092
-95206
-95346
-95512
-95686
-95879
-96085
-96300
-96493
-96663
-96830
-96977
-97130
-97282
-97426
-97574
-97687
-97776
-97842
-97879
-97918
-97948
-97968
-97972
-97960
-97934
-97880
-97818
-97765
-97734
-97728
-97742
-97794
-97867
-97948
-98036
-98118
-98213
-98322
-98421
-98545
-98678
-98794
-98924
-99051
-99171
-99290
-99384
-99472
-99560
-99634
-99707
-99757
-99778
-99777
-99753
-99729
-99695
-99655
-99625
-99568
-99502
-99409
-99284
-99165
-99012
-98854
-98711
-98557
-98397
-98222
-98046
-97860
-97678
-97504
-97329
-97167
-97004
-96858
-96721
-96592
-96492
-96404
-96339
-96299
-96281
-96306
-96367
-96435
-96511
-96616
-96720
-96803
-96885
-96972
-97043
-97091
-97137
-97163
-97172
-97182
-97172
-97157
-97136
-97079
-96995
-96875
-96714
-96512
-96269
-96013
-95751
-95475
-95186
-94885
-94574
-94251
-93931
-93636
-93379
-93160
-92970
-92800
-92642
-92511
-92401
-92316
-92283
-92294
-92317
-92339
-92368
-92370
-92350
-92331
-92305
-92267
-92220
-92159
-92082
-92019
-91955
-91883
-91819
-91755
-91694
-91617
-91520
-91405
-91268
-91123
-90963
-90811
-90678
-90555
-90446
-90346
-90261
-90181
-90108
-90060
-90019
-89994
-89995
-90014
-90048
-90087
-90137
-90187
-90227
-90273
-90316
-90372
-90448
-90539
-90650
-90773
-90923
-91104
-91306
-91545
-91809
-92084
-92386
-92711
-93041
-93371
-93692
-94019
-94350
-94654
-94954
-95260
-95556
-95844
-96113
-96365
-96606
-96834
-97056
-97284
-97522
-97747
-97951
-98144
-98307
-98443
-98565
-98654
-98713
-98766
-98797
-98803
-98799
-98765
-98701
-98614
-98498
-98368
-98237
-98102
-97951
-97791
-97627
-97443
-97259
-97077
-96908
-96772
-96638
-96507
-96383
-96259
-96147
-96042
-95945
-95861
-95791
-95726
-95668
-95633
-95614
-95612
-95627
-95653
-95708
-95792
-95877
-95966
-96056
-96130
-96205
-96289
-96397
-96540
-96701
-96874
-97034
-97176
-97323
-97455
-97585
-97754
-97944
-98151
-98378
-98607
-98834
-99068
-99294
-99519
-99757
-99983
-100205
-100430
-100644
-100844
-101033
-101216
-101395
-101561
-101716
-101869
-102005
-102126
-102242
-102335
-102381
-102398
-102383
-102305
-102187
-102046
-101873
-101670
-101430
-101147
-100836
-100483
-100090
-99695
-99292
-98888
-98487
-98082
-97698
-97326
-96973
-96642
-96332
-96057
-95803
-95560
-95334
-95125
-94932
-94748
-94574
-94414
-94280
-94178
-94083
-93975
-93865
-93759
-93655
-93543
-93440
-93356
-93279
-93199
-93106
-93026
-92961
-92898
-92831
-92768
-92731
-92694
-92661
-92638
-92610
-92585
-92542
-92488
-92437
-92358
-92249
-92115
-91941
-91738
-91518
-91295
-91091
-90908
-90743
-90608
-90481
-90354
-90267
-90193
-90126
-90088
-90064
-90061
-90063
-90068
-90068
-90048
-90027
-89993
-89955
-89928
-89890
-89854
-89817
-89783
-89761
-89728
-89728
-89757
-89807
-89900
-90013
-90162
-90350
-90559
-90792
-91021
-91245
-91459
-91652
-91846
-92034
-92215
-92387
-92545
-92692
-92831
-92960
-93075
-93185
-93295
-93398
-93488
-93574
-93673
-93781
-93906
-94042
-94180
-94324
-94455
-94597
-94752
-94907
-95085
-95274
-95467
-95669
-95849
-96000
-96142
-96276
-96433
-96604
-96779
-96980
-97167
-97338
-97509
-97648
-97788
-97940
-98093
-98257
-98404
-98528
-98632
-98705
-98771
-98829
-98878
-98924
-98971
-99029
-99088
-99154
-99216
-99275
-99340
-99395
-99450
-99503
-99547
-99601
-99654
-99691
-99746
-99808
-99858
-99912
-99963
-100030
-100105
-100175
-100249
-100320
-100392
-100452
-100515
-100591
-100662
-100737
-100814
-100889
-100982
-101085
-101191
-101313
-101439
-101540
-101621
-101692
-101734
-101755
-101773
-101791
-101806
-101826
-101850
-101849
-101831
-101827
-101814
-101779
-101754
-101740
-101716
-101699
-101679
-101660
-101662
-101660
-101668
-101699
-101734
-101787
-101843
-101895
-101958
-102011
-102049
-102085
-102115
-102143
-102152
-102137
-102115
-102083
-102028
-101956
-101885
-101809
-101722
-101634
-101545
-101446
-101342
-101233
-101103
-100960
-100808
-100635
-100443
-100239
-100014
-99772
-99521
-99253
-98974
-98697
-98413
-98115
-97816
-97521
-97223
-96935
-96681
-96455
-96250
-96064
-95889
-95730
-95578
-95430
-95297
-95174
-95070
-94974
-94871
-94787
-94697
-94589
-94497
-94396
-94284
-94187
-94101
-94029
-93952
-93877
-93819
-93737
-93641
-93540
-93411
-93288
-93183
-93058
-92923
-92799
-92653
-92503
-92362
-92220
-92092
-91958
-91833
-91722
-91592
-91464
-91343
-91223
-91107
-91004
-90913
-90810
-90701
-90585
-90460
-90342
-90239
-90142
-90053
-89977
-89899
-89825
-89749
-89653
-89557
-89477
-89397
-89312
-89223
-89117
-89005
-88874
-88738
-88623
-88496
-88369
-88251
-88114
-87962
-87809
-87665
-87533
-87424
-87346
-87295
-87274
-87275
-87276
-87298
-87344
-87385
-87454
-87565
-87701
-87864
-88065
-88293
-88535
-88789
-89053
-89331
-89608
-89887
-90172
-90441
-90708
-90984
-91267
-91550
-91823
-92098
-92364
-92625
-92890
-93144
-93396
-93641
-93868
-94069
-94251
-94419
-94573
-94720
-94858
-94996
-95133
-95253
-95362
-95455
-95538
-95626
-95706
-95785
-95883
-95975
-96047
-96121
-96193
-96260
-96344
-96436
-96524
-96611
-96693
-96761
-96814
-96864
-96919
-96965
-96983
-96999
-97012
-96996
-96980
-96965
-96921
-96864
-96786
-96665
-96523
-96368
-96201
-96044
-95910
-95806
-95727
-95667
-95630
-95614
-95612
-95634
-95685
-95765
-95876
-96014
-96176
-96343
-96506
-96658
-96794
-96930
-97069
-97199
-97323
-97445
-97542
-97625
-97702
-97752
-97796
-97837
-97876
-97926
-97967
-98003
-98048
-98081
-98096
-98116
-98138
-98144
-98137
-98126
-98102
-98066
-98016
-97962
-97891
-97792
-97678
-97536
-97380
-97226
-97088
-96972
-96865
-96771
-96670
-96549
-96419
-96289
-96178
-96089
-96021
-95956
-95883
-95797
-95688
-95560
-95438
-95330
-95225
-95147
-95088
-95036
-95004
-94969
-94936
-94916
-94912
-94937
-94979
-95029
-95086
-95124
-95169
-95236
-95313
-95406
-95511
-95624
-95724
-95817
-95908
-95991
-96097
-96212
-96342
-96478
-96616
-96764
-96901
-97041
-97181
-97322
-97452
-97569
-97683
-97766
-97850
-97951
-98021
-98070
-98125
-98169
-98181
-98182
-98166
-98124
-98081
-98024
-97954
-97890
-97816
-97736
-97663
-97597
-97544
-97504
-97478
-97471
-97469
-97468
-97481
-97516
-97546
-97559
-97561
-97534
-97495
-97453
-97386
-97319
-97251
-97171
-97085
-96993
-96918
-96850
-96776
-96718
-96655
-96593
-96557
-96514
-96469
-96427
-96366
-96300
-96222
-96132
-96055
-95971
-95874
-95789
-95709
-95629
-95568
-95536
-95522
-95514
-95520
-95525
-95527
-95531
-95530
-95529
-95529
-95533
-95549
-95566
-95586
-95621
-95659
-95670
-95663
-95650
-95613
-95555
-95488
-95391
-95276
-95162
-95017
-94866
-94717
-94547
-94397
-94244
-94093
-93983
-93892
-93828
-93786
-93746
-93725
-93711
-93694
-93700
-93725
-93754
-93789
-93838
-93914
-94007
-94115
-94243
-94397
-94571
-94736
-94915
-95112
-95303
-95501
-95697
-95914
-96162
-96426
-96704
-96968
-97223
-97485
-97729
-97961
-98206
-98454
-98684
-98909
-99113
-99300
-99481
-99634
-99790
-99945
-100087
-100223
-100342
-100466
-100578
-100668
-100774
-100874
-100974
-101092
-101208
-101322
-101433
-101536
-101620
-101698
-101770
-101829
-101900
-101955
-101986
-102020
-102042
-102060
-102052
-102018
-101977
-101908
-101819
-101715
-101611
-101493
-101371
-101258
-101123
-100997
-100876
-100749
-100623
-100487
-100353
-100212
-100085
-99967
-99839
-99721
-99609
-99510
-99428
-99370
-99325
-99274
-99240
-99196
-99134
-99083
-99015
-98928
-98830
-98705
-98559
-98391
-98212
-98049
-97876
-97688
-97493
-97271
-97039
-96792
-96516
-96229
-95928
-95618
-95295
-94965
-94644
-94320
-94012
-93732
-93460
-93209
-92971
-92735
-92500
-92268
-92064
-91881
-91734
-91627
-91536
-91467
-91410
-91360
-91319
-91290
-91275
-91264
-91263
-91256
-91228
-91199
-91175
-91137
-91084
-91022
-90946
-90874
-90805
-90738
-90684
-90636
-90601
-90575
-90556
-90544
-90529
-90520
-90519
-90509
-90503
-90517
-90541
-90584
-90624
-90668
-90739
-90799
-90868
-90960
-91056
-91171
-91289
-91407
-91519
-91609
-91706
-91796
-91876
-91966
-92037
-92111
-92186
-92248
-92325
-92384
-92430
-92475
-92500
-92516
-92539
-92578
-92642
-92720
-92801
-92892
-92982
-93064
-93154
-93235
-93319
-93425
-93520
-93600
-93683
-93774
-93874
-93989
-94108
-94237
-94396
-94570
-94755
-94958
-95184
-95430
-95687
-95974
-96277
-96576
-96890
-97210
-97530
-97859
-98196
-98523
-98850
-99178
-99478
-99774
-100067
-100328
-100561
-100769
-100945
-101097
-101231
-101329
-101413
-101475
-101488
-101469
-101404
-101305
-101176
-101020
-100862
-100690
-100511
-100330
-100145
-99962
-99774
-99598
-99425
-99261
-99120
-98990
-98869
-98752
-98646
-98556
-98474
-98400
-98343
-98294
-98251
-98222
-98187
-98160
-98130
-98087
-98063
-98029
-98012
-98007
-97992
-98015
-98035
-98043
-98055
-98045
-98043
-98023
-97977
-97937
-97875
-97800
-97721
-97631
-97573
-97534
-97503
-97496
-97502
-97526
-97563
-97611
-97666
-97727
-97810
-97896
-97979
-98067
-98137
-98193
-98234
-98247
-98249
-98237
-98204
-98157
-98093
-98012
-97906
-97779
-97652
-97510
-97365
-97226
-97072
-96924
-96769
-96594
-96433
-96290
-96172
-96052
-95948
-95880
-95811
-95746
-95677
-95610
-95558
-95511
-95480
-95445
-95418
-95403
-95377
-95361
-95352
-95353
-95367
-95380
-95400
-95436
-95497
-95578
-95676
-95788
-95910
-96041
-96157
-96272
-96404
-96533
-96658
-96783
-96895
-96984
-97055
-97102
-97131
-97163
-97192
-97208
-97227
-97251
-97265
-97268
-97259
-97247
-97245
-97235
-97235
-97238
-97215
-97174
-97109
-97036
-96965
-96897
-96819
-96727
-96635
-96531
-96408
-96275
-96153
-96043
-95941
-95851
-95754
-95651
-95562
-95487
-95424
-95377
-95345
-95318
-95276
-95224
-95166
-95099
-95035
-94989
-94958
-94947
-94945
-94938
-94929
-94930
-94949
-94982
-95044
-95140
-95257
-95387
-95513
-95646
-95788
-95936
-96085
-96225
-96363
-96500
-96632
-96773
-96930
-97100
-97272
-97449
-97613
-97761
-97913
-98059
-98200
-98356
-98520
-98666
-98807
-98935
-99032
-99093
-99139
-99180
-99202
-99216
-99213
-99181
-99126
-99045
-98944
-98820
-98683
-98544
-98395
-98234
-98070
-97896
-97713
-97523
-97319
-97114
-96915
-96706
-96491
-96271
-96049
-95835
-95620
-95414
-95228
-95053
-94901
-94775
-94668
-94567
-94466
-94373
-94272
-94172
-94076
-93986
-93920
-93870
-93809
-93737
-93679
-93615
-93550
-93488
-93417
-93365
-93321
-93272
-93224
-93170
-93116
-93071
-93047
-93027
-93027
-93035
-93029
-93026
-93014
-93013
-93021
-93035
-93063
-93085
-93117
-93131
-93142
-93169
-93185
-93204
-93231
-93268
-93317
-93372
-93428
-93490
-93559
-93620
-93690
-93762
-93836
-93918
-93984
-94045
-94098
-94148
-94198
-94228
-94247
-94255
-94251
-94231
-94198
-94173
-94164
-94145
-94101
-94062
-94017
-93959
-93899
-93822
-93749
-93694
-93631
-93567
-93520
-93490
-93482
-93479
-93487
-93507
-93517
-93541
-93566
-93572
-93592
-93603
-93614
-93635
-93645
-93653
-93625
-93585
-93549
-93487
-93441
-93403
-93360
-93307
-93223
-93134
-93050
-92970
-92903
-92844
-92775
-92714
-92663
-92602
-92571
-92551
-92534
-92531
-92511
-92504
-92500
-92485
-92484
-92486
-92495
-92514
-92551
-92588
-92620
-92660
-92683
-92711
-92763
-92819
-92897
-93015
-93138
-93262
-93404
-93548
-93703
-93867
-94033
-94192
-94335
-94489
-94646
-94789
-94941
-95094
-95243
-95404
-95556
-95698
-95850
-96018
-96178
-96316
-96454
-96588
-96725
-96852
-96947
-97026
-97099
-97159
-97206
-97256
-97305
-97352
-97388
-97407
-97435
-97450
-97448
-97444
-97424
-97401
-97372
-97337
-97307
-97267
-97219
-97162
-97094
-97017
-96943
-96864
-96786
-96721
-96649
-96573
-96499
-96421
-96350
-96288
-96227
-96176
-96138
-96099
-96070
-96040
-95993
-95937
-95863
-95776
-95694
-95615
-95529
-95446
-95374
-95296
-95220
-95161
-95112
-95071
-95043
-95023
-95015
-95017
-95034
-95066
-95110
-95169
-95229
-95288
-95347
-95411
-95477
-95521
-95556
-95582
-95601
-95624
-95650
-95673
-95696
-95733
-95766
-95787
-95790
-95794
-95798
-95767
-95732
-95711
-95672
-95615
-95558
-95494
-95416
-95344
-95278
-95212
-95155
-95108
-95035
-94949
-94882
-94810
-94742
-94687
-94638
-94588
-94543
-94497
-94434
-94383
-94334
-94266
-94192
-94114
-94032
-93941
-93847
-93742
-93639
-93550
-93446
-93349
-93264
-93177
-93094
-93008
-92932
-92866
-92811
-92770
-92741
-92724
-92705
-92697
-92701
-92710
-92758
-92826
-92883
-92951
-93036
-93101
-93158
-93215
-93260
-93302
-93335
-93364
-93396
-93434
-93480
-93527
-93583
-93637
-93686
-93737
-93782
-93844
-93912
-93986
-94085
-94191
-94306
-94418
-94516
-94616
-94712
-94800
-94882
-94952
-95010
-95060
-95091
-95114
-95136
-95167
-95212
-95260
-95321
-95410
-95503
-95597
-95708
-95828
-95951
-96076
-96201
-96339
-96501
-96673
-96861
-97071
-97284
-97488
-97692
-97910
-98134
-98353
-98571
-98795
-99010
-99210
-99412
-99614
-99812
-100003
-100178
-100352
-100527
-100686
-100827
-100955
-101070
-101166
-101243
-101304
-101349
-101374
-101378
-101372
-101350
-101313
-101271
-101219
-101146
-101062
-100956
-100829
-100697
-100560
-100431
-100296
-100148
-100003
-99846
-99679
-99522
-99365
-99204
-99056
-98910
-98755
-98603
-98449
-98278
-98107
-97935
-97755
-97588
-97427
-97268
-97109
-96936
-96753
-96566
-96359
-96153
-95959
-95753
-95546
-95351
-95152
-94957
-94780
-94623
-94489
-94372
-94276
-94180
-94079
-94003
-93926
-93847
-93775
-93714
-93667
-93628
-93612
-93597
-93592
-93596
-93594
-93604
-93613
-93639
-93666
-93688
-93734
-93778
-93828
-93872
-93904
-93954
-93998
-94028
-94064
-94102
-94133
-94152
-94153
-94153
-94166
-94171
-94181
-94214
-94258
-94321
-94384
-94446
-94521
-94584
-94646
-94708
-94760
-94812
-94855
-94890
-94919
-94953
-94989
-95018
-95062
-95114
-95159
-95194
-95226
-95265
-95312
-95355
-95397
-95447
-95494
-95540
-95586
-95641
-95715
-95801
-95886
-95967
-96049
-96136
-96219
-96287
-96363
-96455
-96537
-96601
-96664
-96750
-96835
-96934
-97045
-97170
-97312
-97430
-97599
-97769
-97937
-98168
-98359
-98564
-98789
-98972
-99142
-99315
-99480
-99626
-99773
-99906
-100022
-100123
-100205
-100260
-100280
-100296
-100304
-100288
-100253
-100200
-100132
-100050
-99944
-99826
-99697
-99567
-99447
-99315
-99198
-99119
-99060
-99024
-99007
-99030
-99057
-99092
-99156
-99194
-99245
-99324
-99373
-99406
-99449
-99483
-99494
-99492
-99489
-99462
-99390
-99300
-99198
-99080
-98970
-98878
-98779
-98672
-98555
-98418
-98278
-98150
-98041
-97937
-97844
-97758
-97653
-97535
-97417
-97292
-97157
-97032
-96897
-96747
-96586
-96421
-96256
-96083
-95937
-95808
-95657
-95514
-95371
-95222
-95094
-94979
-94880
-94794
-94700
-94608
-94506
-94404
-94324
-94241
-94167
-94106
-94036
-93962
-93875
-93783
-93695
-93604
-93516
-93423
-93340
-93276
-93216
-93160
-93113
-93066
-93004
-92949
-92917
-92897
-92889
-92893
-92907
-92929
-92960
-93006
-93062
-93122
-93186
-93251
-93326
-93415
-93516
-93616
-93691
-93761
-93827
-93872
-93898
-93911
-93918
-93910
-93878
-93823
-93757
-93679
-93581
-93476
-93362
-93247
-93136
-93014
-92887
-92747
-92596
-92454
-92302
-92151
-92038
-91935
-91838
-91755
-91678
-91622
-91581
-91553
-91556
-91585
-91629
-91698
-91786
-91889
-92023
-92172
-92314
-92475
-92657
-92833
-93008
-93186
-93371
-93550
-93719
-93899
-94087
-94284
-94470
-94638
-94799
-94945
-95088
-95215
-95342
-95478
-95599
-95712
-95822
-95932
-96046
-96163
-96276
-96372
-96464
-96553
-96629
-96702
-96768
-96836
-96903
-96957
-97001
-97030
-97055
-97081
-97111
-97155
-97189
-97211
-97237
-97249
-97254
-97267
-97275
-97299
-97326
-97334
-97345
-97343
-97321
-97293
-97264
-97243
-97233
-97239
-97244
-97235
-97228
-97216
-97207
-97195
-97181
-97184
-97164
-97130
-97096
-97045
-96997
-96954
-96901
-96855
-96818
-96776
-96749
-96751
-96760
-96773
-96793
-96822
-96848
-96862
-96885
-96909
-96937
-96981
-97008
-97030
-97073
-97118
-97147
-97172
-97212
-97248
-97262
-97264
-97261
-97245
-97217
-97180
-97132
-97074
-97016
-96949
-96867
-96798
-96739
-96680
-96620
-96550
-96482
-96419
-96351
-96274
-96195
-96122
-96045
-95962
-95874
-95792
-95706
-95612
-95503
-95372
-95246
-95122
-95006
-94900
-94797
-94704
-94585
-94466
-94360
-94247
-94150
-94057
-93980
-93909
-93847
-93808
-93779
-93778
-93776
-93781
-93802
-93818
-93862
-93916
-93980
-94074
-94157
-94245
-94349
-94442
-94566
-94712
-94860
-95032
-95204
-95378
-95546
-95700
-95881
-96072
-96255
-96456
-96648
-96822
-97014
-97170
-97323
-97508
-97627
-97726
-97830
-97933
-98080
-98171
-98228
-98352
-98464
-98484
-98476
-98479
-98460
-98458
-98469
-98441
-98413
-98412
-98388
-98339
-98331
-98343
-98358
-98393
-98409
-98396
-98356
-98313
-98295
-98320
-98408
-98490
-98529
-98512
-98463
-98420
-98369
-98393
-98457
-98490
-98509
-98466
-98444
-98429
-98412
-98543
-98653
-98651
-98661
-98646
-98637
-98691
-98787
-98918
-99015
-99053
-99066
-98994
-98868
-98808
-98819
-98839
-98824
-98761
-98654
-98491
-98305
-98133
-98008
-97955
-97891
-97774
-97643
-97490
-97341
-97214
-97097
-97024
-96985
-96924
-96821
-96714
-96619
-96525
-96418
-96301
-96194
-96108
-96011
-95877
-95725
-95570
-95389
-95196
-95015
-94849
-94698
-94546
-94385
-94209
-94015
-93852
-93714
-93594
-93511
-93428
-93347
-93246
-93115
-93025
-92958
-92915
-92917
-92910
-92900
-92893
-92882
-92882
-92896
-92941
-93022
-93120
-93211
-93288
-93359
-93427
-93511
-93601
-93707
-93855
-93982
-94095
-94225
-94341
-94451
-94565
-94667
-94734
-94770
-94789
-94784
-94775
-94770
-94756
-94738
-94708
-94647
-94545
-94428
-94320
-94217
-94124
-94056
-93992
-93919
-93860
-93801
-93740
-93693
-93672
-93682
-93688
-93690
-93681
-93657
-93627
-93570
-93518
-93483
-93453
-93436
-93401
-93372
-93378
-93363
-93334
-93329
-93332
-93358
-93400
-93457
-93551
-93647
-93723
-93808
-93887
-93932
-93996
-94082
-94171
-94302
-94411
-94474
-94536
-94590
-94625
-94655
-94703
-94763
-94827
-94900
-94963
-95016
-95079
-95168
-95258
-95351
-95475
-95598
-95710
-95827
-95954
-96087
-96224
-96372
-96511
-96624
-96725
-96801
-96855
-96919
-96990
-97064
-97141
-97199
-97229
-97244
-97245
-97224
-97200
-97162
-97093
-97002
-96903
-96808
-96710
-96609
-96506
-96390
-96266
-96151
-96035
-95920
-95832
-95760
-95706
-95665
-95628
-95609
-95588
-95575
-95591
-95611
-95645
-95698
-95752
-95823
-95906
-95991
-96096
-96214
-96325
-96421
-96501
-96571
-96627
-96666
-96706
-96748
-96781
-96811
-96828
-96831
-96818
-96797
-96774
-96733
-96685
-96636
-96577
-96512
-96442
-96392
-96344
-96283
-96240
-96205
-96162
-96118
-96070
-96014
-95952
-95900
-95859
-95830
-95823
-95834
-95856
-95886
-95906
-95916
-95914
-95897
-95896
-95909
-95916
-95938
-95969
-96003
-96043
-96067
-96094
-96123
-96147
-96184
-96221
-96267
-96314
-96350
-96386
-96424
-96469
-96512
-96547
-96569
-96581
-96573
-96556
-96549
-96526
-96504
-96489
-96461
-96436
-96420
-96416
-96425
-96436
-96443
-96436
-96435
-96451
-96475
-96520
-96566
-96594
-96626
-96651
-96668
-96683
-96694
-96699
-96678
-96650
-96631
-96615
-96603
-96567
-96508
-96452
-96383
-96301
-96211
-96120
-96030
-95925
-95807
-95685
-95565
-95439
-95313
-95190
-95063
-94948
-94833
-94706
-94591
-94494
-94398
-94321
-94258
-94202
-94176
-94149
-94116
-94091
-94069
-94053
-94020
-93996
-94000
-93995
-93995
-94007
-94020
-94057
-94106
-94154
-94215
-94273
-94348
-94444
-94542
-94659
-94785
-94920
-95068
-95216
-95379
-95542
-95689
-95837
-95985
-96138
-96297
-96459
-96622
-96778
-96922
-97052
-97176
-97297
-97421
-97548
-97668
-97790
-97909
-98015
-98132
-98242
-98326
-98413
-98479
-98521
-98574
-98608
-98633
-98663
-98685
-98716
-98734
-98737
-98738
-98724
-98697
-98660
-98629
-98607
-98590
-98575
-98549
-98518
-98487
-98450
-98420
-98397
-98387
-98387
-98368
-98352
-98346
-98326
-98323
-98328
-98323
-98321
-98310
-98305
-98299
-98286
-98281
-98270
-98263
-98264
-98254
-98249
-98260
-98256
-98238
-98219
-98189
-98145
-98095
-98048
-97999
-97939
-97885
-97823
-97736
-97635
-97525
-97404
-97273
-97157
-97054
-96949
-96867
-96790
-96708
-96646
-96597
-96560
-96532
-96523
-96534
-96544
-96559
-96580
-96600
-96607
-96600
-96583
-96570
-96553
-96528
-96506
-96469
-96421
-96366
-96296
-96226
-96164
-96112
-96061
-96005
-95956
-95891
-95803
-95718
-95640
-95576
-95522
-95463
-95408
-95367
-95320
-95262
-95221
-95194
-95172
-95158
-95145
-95139
-95136
-95133
-95124
-95106
-95089
-95064
-95033
-94995
-94962
-94930
-94872
-94814
-94755
-94687
-94611
-94521
-94449
-94387
-94321
-94251
-94170
-94082
-93984
-93891
-93818
-93770
-93728
-93692
-93669
-93640
-93619
-93614
-93623
-93634
-93653
-93683
-93698
-93717
-93747
-93784
-93829
-93883
-93945
-94000
-94067
-94118
-94152
-94191
-94203
-94191
-94173
-94147
-94114
-94061
-93983
-93897
-93797
-93664
-93535
-93413
-93293
-93199
-93101
-93007
-92932
-92856
-92786
-92722
-92674
-92628
-92589
-92567
-92549
-92539
-92542
-92560
-92583
-92611
-92661
-92709
-92745
-92792
-92823
-92844
-92874
-92910
-92971
-93042
-93105
-93170
-93230
-93301
-93386
-93473
-93580
-93697
-93801
-93910
-94024
-94147
-94285
-94414
-94542
-94666
-94761
-94864
-94971
-95061
-95167
-95270
-95363
-95458
-95555
-95669
-95775
-95869
-95952
-96033
-96122
-96211
-96322
-96456
-96590
-96723
-96857
-96994
-97134
-97266
-97399
-97561
-97729
-97901
-98074
-98236
-98396
-98547
-98700
-98844
-98973
-99104
-99229
-99337
-99430
-99522
-99614
-99706
-99804
-99910
-100005
-100087
-100176
-100256
-100337
-100420
-100490
-100568
-100648
-100726
-100788
-100858
-100940
-101012
-101089
-101158
-101229
-101307
-101390
-101484
-101566
-101636
-101689
-101736
-101784
-101818
-101840
-101852
-101865
-101859
-101841
-101824
-101787
-101747
-101696
-101632
-101567
-101488
-101408
-101321
-101227
-101120
-101015
-100931
-100839
-100747
-100672
-100595
-100510
-100417
-100338
-100280
-100227
-100185
-100154
-100130
-100103
-100073
-100044
-100009
-99973
-99949
-99919
-99886
-99852
-99792
-99706
-99603
-99474
-99339
-99215
-99082
-98943
-98802
-98655
-98515
-98373
-98231
-98109
-97993
-97858
-97712
-97570
-97423
-97271
-97123
-96989
-96869
-96751
-96630
-96509
-96394
-96272
-96132
-95979
-95822
-95663
-95498
-95334
-95166
-95011
-94867
-94712
-94573
-94439
-94300
-94156
-93997
-93839
-93672
-93502
-93349
-93206
-93071
-92932
-92804
-92689
-92572
-92448
-92300
-92146
-91983
-91825
-91673
-91514
-91376
-91240
-91102
-90963
-90816
-90689
-90579
-90466
-90356
-90258
-90162
-90056
-89949
-89847
-89746
-89655
-89557
-89451
-89370
-89283
-89191
-89122
-89049
-88981
-88932
-88891
-88852
-88817
-88801
-88788
-88770
-88761
-88751
-88743
-88745
-88755
-88769
-88787
-88817
-88846
-88891
-88952
-89003
-89071
-89164
-89261
-89364
-89487
-89610
-89733
-89888
-90054
-90230
-90417
-90581
-90741
-90894
-91038
-91196
-91352
-91521
-91695
-91837
-91971
-92097
-92210
-92323
-92446
-92570
-92686
-92801
-92905
-93004
-93119
-93257
-93401
-93556
-93716
-93858
-93991
-94104
-94211
-94343
-94482
-94622
-94774
-94913
-95031
-95137
-95236
-95336
-95425
-95514
-95594
-95655
-95724
-95785
-95854
-95943
-96050
-96168
-96254
-96329
-96403
-96468
-96546
-96637
-96731
-96819
-96903
-96964
-97018
-97072
-97117
-97174
-97227
-97269
-97294
-97299
-97298
-97303
-97332
-97348
-97347
-97353
-97364
-97378
-97384
-97391
-97393
-97387
-97395
-97401
-97386
-97372
-97364
-97339
-97313
-97294
-97268
-97249
-97217
-97163
-97107
-97059
-97018
-96967
-96904
-96833
-96752
-96667
-96571
-96485
-96414
-96319
-96227
-96136
-96037
-95954
-95861
-95774
-95719
-95656
-95587
-95511
-95425
-95359
-95296
-95228
-95174
-95132
-95095
-95052
-95000
-94951
-94903
-94839
-94773
-94714
-94649
-94579
-94504
-94417
-94315
-94228
-94146
-94062
-93987
-93892
-93792
-93685
-93570
-93477
-93393
-93288
-93181
-93089
-92998
-92915
-92836
-92768
-92706
-92643
-92590
-92541
-92498
-92461
-92426
-92392
-92378
-92374
-92353
-92346
-92369
-92398
-92422
-92450
-92486
-92526
-92582
-92639
-92691
-92765
-92856
-92948
-93040
-93160
-93288
-93386
-93494
-93598
-93698
-93825
-93954
-94083
-94219
-94362
-94505
-94638
-94776
-94912
-95039
-95153
-95250
-95365
-95491
-95605
-95718
-95838
-95972
-96100
-96222
-96362
-96503
-96647
-96797
-96947
-97102
-97256
-97407
-97557
-97710
-97861
-98009
-98167
-98327
-98482
-98637
-98781
-98909
-99035
-99148
-99241
-99340
-99438
-99524
-99602
-99671
-99730
-99780
-99830
-99894
-99960
-100012
-100062
-100102
-100133
-100164
-100189
-100217
-100234
-100244
-100248
-100232
-100213
-100182
-100124
-100059
-99980
-99888
-99794
-99686
-99568
-99445
-99319
-99188
-99044
-98897
-98735
-98567
-98420
-98285
-98150
-97995
-97838
-97678
-97508
-97358
-97204
-97044
-96894
-96733
-96567
-96409
-96253
-96118
-96002
-95877
-95751
-95634
-95534
-95447
-95374
-95325
-95287
-95256
-95214
-95162
-95127
-95104
-95081
-95059
-95034
-95009
-94996
-94962
-94929
-94911
-94894
-94890
-94863
-94839
-94830
-94811
-94789
-94743
-94700
-94665
-94617
-94577
-94544
-94521
-94507
-94486
-94462
-94441
-94431
-94421
-94395
-94371
-94355
-94330
-94309
-94297
-94284
-94275
-94264
-94252
-94235
-94234
-94262
-94284
-94302
-94328
-94357
-94380
-94383
-94392
-94407
-94422
-94450
-94485
-94527
-94578
-94629
-94683
-94744
-94803
-94877
-94963
-95039
-95129
-95216
-95302
-95399
-95502
-95647
-95797
-95953
-96133
-96315
-96492
-96662
-96839
-97014
-97200
-97386
-97565
-97775
-97992
-98202
-98413
-98639
-98863
-99061
-99258
-99444
-99620
-99787
-99946
-100097
-100225
-100348
-100446
-100525
-100596
-100644
-100692
-100735
-100781
-100833
-100870
-100908
-100933
-100952
-100977
-100995
-101017
-101050
-101081
-101108
-101137
-101165
-101183
-101196
-101197
-101185
-101163
-101147
-101123
-101081
-101024
-100946
-100863
-100764
-100639
-100513
-100370
-100223
-100077
-99912
-99760
-99605
-99438
-99287
-99123
-98945
-98747
-98534
-98335
-98121
-97907
-97697
-97485
-97290
-97087
-96893
-96721
-96548
-96382
-96227
-96088
-95969
-95855
-95750
-95643
-95534
-95439
-95330
-95236
-95171
-95092
-95020
-94957
-94882
-94819
-94767
-94709
-94656
-94598
-94518
-94439
-94372
-94302
-94248
-94208
-94167
-94137
-94102
-94059
-94015
-93966
-93925
-93890
-93857
-93840
-93841
-93834
-93827
-93837
-93842
-93847
-93865
-93875
-93877
-93882
-93883
-93850
-93804
-93770
-93726
-93671
-93618
-93565
-93510
-93458
-93400
-93348
-93315
-93271
-93226
-93197
-93186
-93189
-93200
-93222
-93258
-93307
-93338
-93359
-93379
-93379
-93381
-93384
-93393
-93415
-93435
-93445
-93433
-93424
-93413
-93394
-93393
-93391
-93381
-93386
-93405
-93428
-93466
-93512
-93557
-93612
-93663
-93731
-93825
-93932
-94040
-94139
-94236
-94316
-94398
-94488
-94573
-94675
-94764
-94857
-94954
-95019
-95101
-95201
-95296
-95403
-95519
-95628
-95738
-95858
-95986
-96118
-96259
-96399
-96526
-96646
-96740
-96821
-96921
-97010
-97090
-97187
-97275
-97362
-97443
-97498
-97561
-97621
-97682
-97767
-97845
-97932
-98021
-98094
-98175
-98255
-98341
-98410
-98474
-98560
-98625
-98685
-98740
-98786
-98847
-98902
-98946
-98993
-99044
-99093
-99128
-99153
-99187
-99220
-99252
-99296
-99331
-99366
-99391
-99387
-99391
-99399
-99411
-99417
-99420
-99428
-99418
-99390
-99336
-99282
-99244
-99210
-99184
-99155
-99132
-99100
-99054
-99008
-98960
-98919
-98872
-98840
-98813
-98777
-98760
-98726
-98689
-98672
-98634
-98603
-98570
-98533
-98515
-98476
-98430
-98389
-98350
-98319
-98269
-98214
-98161
-98104
-98045
-97970
-97896
-97813
-97723
-97634
-97531
-97434
-97335
-97237
-97147
-97045
-96933
-96825
-96731
-96646
-96570
-96494
-96405
-96319
-96232
-96125
-96006
-95891
-95769
-95633
-95483
-95331
-95169
-94985
-94786
-94568
-94338
-94105
-93864
-93612
-93363
-93123
-92883
-92653
-92424
-92193
-91968
-91738
-91501
-91271
-91063
-90868
-90682
-90500
-90332
-90187
-90041
-89908
-89808
-89724
-89644
-89566
-89489
-89424
-89379
-89342
-89308
-89282
-89255
-89227
-89197
-89174
-89165
-89147
-89123
-89119
-89105
-89098
-89113
-89129
-89164
-89202
-89233
-89261
-89288
-89341
-89394
-89443
-89513
-89581
-89657
-89737
-89820
-89929
-90050
-90175
-90302
-90440
-90583
-90732
-90893
-91044
-91215
-91392
-91548
-91721
-91880
-92028
-92191
-92337
-92492
-92664
-92826
-92989
-93149
-93312
-93488
-93653
-93817
-93999
-94185
-94361
-94528
-94698
-94872
-95051
-95225
-95392
-95559
-95729
-95891
-96041
-96189
-96334
-96482
-96629
-96766
-96911
-97062
-97207
-97346
-97466
-97595
-97731
-97856
-97996
-98141
-98286
-98418
-98536
-98659
-98772
-98893
-99020
-99137
-99256
-99366
-99477
-99608
-99733
-99854
-99977
-100089
-100200
-100290
-100363
-100443
-100508
-100568
-100628
-100686
-100743
-100787
-100820
-100838
-100837
-100824
-100801
-100774
-100762
-100740
-100698
-100663
-100619
-100579
-100551
-100511
-100480
-100453
-100433
-100421
-100400
-100373
-100342
-100312
-100277
-100243
-100216
-100174
-100128
-100076
-100006
-99937
-99852
-99748
-99649
-99544
-99435
-99314
-99175
-99029
-98865
-98694
-98513
-98315
-98128
-97933
-97714
-97507
-97305
-97108
-96918
-96725
-96552
-96381
-96227
-96094
-95953
-95832
-95734
-95639
-95565
-95504
-95449
-95401
-95356
-95323
-95301
-95277
-95247
-95218
-95188
-95155
-95112
-95066
-95028
-94993
-94949
-94893
-94842
-94786
-94726
-94679
-94640
-94606
-94578
-94550
-94510
-94478
-94468
-94455
-94429
-94395
-94356
-94312
-94259
-94197
-94148
-94110
-94060
-94023
-94001
-93979
-93956
-93928
-93923
-93930
-93932
-93947
-93965
-93991
-94034
-94068
-94114
-94180
-94234
-94291
-94339
-94372
-94414
-94455
-94494
-94530
-94564
-94602
-94624
-94621
-94626
-94648
-94670
-94688
-94712
-94739
-94752
-94769
-94788
-94804
-94842
-94884
-94941
-95003
-95054
-95122
-95195
-95276
-95346
-95411
-95488
-95554
-95628
-95700
-95785
-95882
-95955
-96046
-96158
-96251
-96348
-96456
-96549
-96633
-96704
-96764
-96818
-96865
-96909
-96949
-96987
-97029
-97071
-97099
-97125
-97155
-97177
-97194
-97205
-97207
-97206
-97206
-97210
-97228
-97252
-97277
-97310
-97333
-97352
-97376
-97398
-97432
-97474
-97519
-97566
-97613
-97677
-97742
-97807
-97878
-97954
-98036
-98103
-98170
-98240
-98298
-98358
-98411
-98453
-98475
-98470
-98462
-98451
-98423
-98384
-98344
-98313
-98286
-98251
-98217
-98174
-98103
-98026
-97940
-97847
-97767
-97692
-97624
-97538
-97431
-97340
-97267
-97196
-97132
-97087
-97045
-96995
-96931
-96866
-96813
-96758
-96720
-96689
-96639
-96598
-96566
-96534
-96512
-96489
-96464
-96436
-96404
-96376
-96334
-96284
-96241
-96193
-96155
-96114
-96058
-96000
-95929
-95857
-95781
-95709
-95659
-95608
-95547
-95485
-95422
-95364
-95311
-95272
-95230
-95169
-95131
-95085
-95023
-95001
-94980
-94957
-94949
-94937
-94924
-94907
-94887
-94880
-94870
-94846
-94832
-94820
-94801
-94779
-94750
-94738
-94737
-94743
-94751
-94751
-94753
-94749
-94739
-94725
-94709
-94701
-94680
-94640
-94595
-94536
-94485
-94439
-94384
-94342
-94286
-94222
-94176
-94141
-94122
-94138
-94171
-94195
-94229
-94262
-94281
-94313
-94348
-94379
-94421
-94464
-94494
-94529
-94581
-94622
-94656
-94691
-94723
-94762
-94791
-94813
-94845
-94876
-94914
-94953
-94982
-95007
-95019
-95021
-95020
-95022
-95039
-95053
-95054
-95055
-95050
-95041
-95023
-95006
-95000
-94990
-94960
-94900
-94828
-94747
-94654
-94549
-94451
-94373
-94278
-94158
-94044
-93931
-93817
-93700
-93573
-93468
-93381
-93286
-93191
-93096
-93021
-92963
-92907
-92862
-92825
-92802
-92786
-92772
-92777
-92804
-92855
-92914
-92962
-93011
-93058
-93105
-93154
-93202
-93252
-93300
-93347
-93385
-93407
-93424
-93444
-93476
-93515
-93564
-93609
-93641
-93681
-93728
-93787
-93855
-93915
-93980
-94046
-94113
-94171
-94217
-94275
-94335
-94387
-94424
-94463
-94518
-94570
-94627
-94690
-94745
-94803
-94865
-94925
-94979
-95040
-95100
-95157
-95217
-95270
-95325
-95385
-95445
-95498
-95535
-95579
-95618
-95648
-95684
-95713
-95736
-95757
-95777
-95807
-95831
-95860
-95905
-95947
-95996
-96058
-96110
-96153
-96210
-96279
-96349
-96432
-96532
-96643
-96756
-96864
-96976
-97074
-97177
-97295
-97394
-97483
-97574
-97662
-97729
-97788
-97854
-97913
-97975
-98034
-98088
-98146
-98196
-98240
-98289
-98342
-98381
-98404
-98433
-98460
-98476
-98497
-98505
-98515
-98539
-98556
-98567
-98573
-98587
-98582
-98555
-98556
-98572
-98585
-98611
-98636
-98657
-98687
-98723
-98766
-98832
-98903
-98956
-99008
-99054
-99092
-99139
-99190
-99257
-99316
-99357
-99397
-99417
-99430
-99443
-99445
-99446
-99436
-99421
-99387
-99320
-99239
-99158
-99081
-99006
-98923
-98843
-98773
-98683
-98573
-98476
-98387
-98303
-98217
-98133
-98044
-97932
-97824
-97718
-97616
-97530
-97445
-97351
-97247
-97155
-97082
-96998
-96915
-96843
-96764
-96685
-96586
-96485
-96397
-96301
-96208
-96117
-96015
-95923
-95833
-95739
-95639
-95540
-95458
-95368
-95274
-95196
-95120
-95045
-94975
-94905
-94844
-94789
-94735
-94683
-94635
-94596
-94556
-94506
-94461
-94418
-94368
-94321
-94281
-94260
-94240
-94214
-94194
-94157
-94118
-94080
-94048
-94018
-93983
-93959
-93914
-93870
-93843
-93821
-93820
-93814
-93796
-93775
-93750
-93736
-93733
-93744
-93778
-93804
-93822
-93853
-93873
-93898
-93949
-93987
-94018
-94049
-94059
-94066
-94074
-94065
-94060
-94054
-94047
-94048
-94037
-94024
-94033
-94040
-94031
-94031
-94020
-94000
-93995
-93985
-93984
-93991
-93998
-94013
-94034
-94045
-94057
-94072
-94070
-94081
-94101
-94114
-94140
-94165
-94196
-94240
-94282
-94335
-94396
-94474
-94561
-94639
-94735
-94831
-94919
-95010
-95087
-95163
-95231
-95291
-95350
-95406
-95465
-95501
-95518
-95533
-95543
-95543
-95539
-95547
-95536
-95498
-95458
-95409
-95355
-95305
-95261
-95214
-95179
-95151
-95100
-95052
-95016
-94980
-94929
-94877
-94836
-94776
-94710
-94649
-94581
-94511
-94442
-94374
-94298
-94228
-94160
-94073
-93986
-93913
-93829
-93755
-93699
-93625
-93552
-93491
-93419
-93348
-93282
-93222
-93161
-93079
-93014
-92972
-92919
-92887
-92861
-92833
-92828
-92826
-92825
-92832
-92856
-92895
-92933
-92983
-93043
-93112
-93198
-93288
-93383
-93485
-93602
-93730
-93856
-94002
-94150
-94286
-94428
-94566
-94702
-94844
-94980
-95123
-95262
-95379
-95480
-95563
-95642
-95722
-95791
-95845
-95884
-95921
-95954
-95965
-95980
-96004
-96004
-96004
-96010
-96008
-96011
-96006
-95996
-95990
-95992
-95999
-95992
-95987
-95984
-95966
-95947
-95941
-95939
-95942
-95953
-95945
-95923
-95917
-95911
-95894
-95883
-95883
-95885
-95894
-95898
-95906
-95941
-95956
-95967
-95993
-96016
-96063
-96115
-96164
-96226
-96274
-96323
-96377
-96432
-96496
-96553
-96613
-96666
-96712
-96774
-96835
-96888
-96939
-96990
-97031
-97060
-97096
-97137
-97201
-97269
-97327
-97397
-97456
-97505
-97552
-97598
-97647
-97689
-97723
-97753
-97777
-97790
-97794
-97792
-97780
-97754
-97727
-97703
-97661
-97611
-97560
-97489
-97420
-97361
-97286
-97206
-97130
-97043
-96958
-96886
-96828
-96784
-96753
-96723
-96690
-96672
-96677
-96688
-96698
-96726
-96756
-96769
-96774
-96788
-96821
-96869
-96925
-96980
-97029
-97065
-97097
-97130
-97154
-97183
-97207
-97221
-97237
-97256
-97272
-97272
-97272
-97277
-97273
-97262
-97241
-97216
-97190
-97166
-97146
-97111
-97082
-97055
-97022
-96991
-96967
-96957
-96950
-96952
-96960
-96959
-96963
-96955
-96940
-96947
-96967
-96990
-97004
-97018
-97044
-97042
-97030
-97036
-97020
-96990
-96956
-96897
-96837
-96782
-96727
-96665
-96598
-96539
-96467
-96390
-96316
-96238
-96180
-96126
-96070
-96032
-95996
-95952
-95919
-95898
-95874
-95855
-95856
-95866
-95874
-95880
-95887
-95895
-95913
-95938
-95968
-96007
-96047
-96091
-96139
-96180
-96225
-96281
-96348
-96404
-96433
-96470
-96514
-96545
-96576
-96594
-96614
-96643
-96654
-96653
-96658
-96675
-96684
-96683
-96685
-96694
-96698
-96692
-96688
-96692
-96703
-96715
-96728
-96743
-96759
-96770
-96772
-96780
-96797
-96817
-96833
-96854
-96885
-96908
-96929
-96956
-96986
-97023
-97080
-97124
-97168
-97240
-97310
-97374
-97447
-97526
-97597
-97665
-97729
-97782
-97855
-97937
-98004
-98070
-98134
-98188
-98234
-98279
-98330
-98389
-98445
-98497
-98556
-98623
-98686
-98742
-98808
-98869
-98936
-99012
-99067
-99135
-99204
-99253
-99318
-99397
-99485
-99573
-99640
-99696
-99738
-99762
-99780
-99803
-99843
-99873
-99877
-99872
-99853
-99820
-99787
-99743
-99699
-99642
-99558
-99460
-99347
-99242
-99137
-99020
-98915
-98805
-98677
-98537
-98410
-98303
-98190
-98082
-97971
-97844
-97715
-97578
-97442
-97311
-97197
-97109
-97013
-96900
-96792
-96679
-96557
-96432
-96325
-96243
-96163
-96088
-96008
-95915
-95826
-95740
-95652
-95567
-95494
-95415
-95322
-95234
-95135
-95036
-94942
-94842
-94750
-94656
-94565
-94468
-94371
-94280
-94187
-94099
-94006
-93926
-93870
-93815
-93759
-93709
-93683
-93666
-93637
-93622
-93610
-93605
-93617
-93629
-93658
-93687
-93706
-93723
-93731
-93733
-93736
-93737
-93730
-93733
-93727
-93697
-93680
-93663
-93657
-93665
-93659
-93650
-93636
-93611
-93587
-93564
-93553
-93543
-93538
-93540
-93543
-93563
-93578
-93601
-93633
-93665
-93706
-93738
-93786
-93848
-93915
-93988
-94039
-94102
-94184
-94254
-94328
-94412
-94506
-94606
-94696
-94778
-94873
-94979
-95090
-95198
-95304
-95417
-95522
-95618
-95710
-95799
-95889
-95969
-96048
-96124
-96178
-96241
-96297
-96334
-96389
-96438
-96479
-96510
-96536
-96575
-96607
-96652
-96718
-96779
-96832
-96873
-96919
-96971
-97016
-97065
-97110
-97158
-97199
-97212
-97234
-97256
-97266
-97285
-97296
-97299
-97297
-97284
-97267
-97255
-97238
-97223
-97191
-97126
-97072
-97008
-96935
-96878
-96814
-96755
-96690
-96610
-96535
-96444
-96350
-96262
-96162
-96075
-95990
-95888
-95789
-95684
-95577
-95490
-95403
-95307
-95206
-95102
-94993
-94883
-94782
-94685
-94591
-94497
-94402
-94311
-94215
-94121
-94048
-93990
-93937
-93902
-93873
-93848
-93847
-93866
-93892
-93926
-93976
-94027
-94077
-94139
-94207
-94283
-94367
-94455
-94544
-94636
-94726
-94816
-94904
-94993
-95080
-95160
-95236
-95314
-95391
-95446
-95498
-95554
-95591
-95631
-95670
-95700
-95740
-95769
-95796
-95829
-95864
-95913
-95953
-95988
-96042
-96088
-96127
-96173
-96207
-96228
-96244
-96260
-96273
-96287
-96313
-96328
-96319
-96315
-96295
-96244
-96205
-96171
-96123
-96080
-96030
-95976
-95927
-95877
-95817
-95742
-95662
-95583
-95487
-95389
-95291
-95193
-95093
-94976
-94870
-94775
-94672
-94576
-94467
-94350
-94234
-94120
-94021
-93933
-93869
-93823
-93771
-93716
-93657
-93603
-93562
-93524
-93503
-93499
-93496
-93496
-93499
-93504
-93511
-93519
-93529
-93536
-93558
-93583
-93592
-93611
-93620
-93614
-93610
-93596
-93585
-93580
-93575
-93567
-93549
-93538
-93534
-93526
-93526
-93531
-93530
-93534
-93544
-93560
-93581
-93598
-93618
-93629
-93639
-93656
-93666
-93679
-93704
-93721
-93740
-93769
-93788
-93821
-93870
-93912
-93957
-94006
-94062
-94110
-94161
-94215
-94254
-94301
-94353
-94418
-94493
-94561
-94637
-94709
-94780
-94856
-94929
-95015
-95102
-95184
-95262
-95323
-95397
-95469
-95527
-95603
-95664
-95700
-95736
-95764
-95791
-95820
-95842
-95844
-95854
-95861
-95839
-95825
-95814
-95796
-95790
-95788
-95786
-95784
-95777
-95762
-95736
-95714
-95691
-95673
-95667
-95645
-95623
-95604
-95575
-95556
-95547
-95545
-95535
-95520
-95509
-95483
-95463
-95460
-95453
-95455
-95460
-95464
-95468
-95474
-95490
-95497
-95505
-95512
-95506
-95509
-95505
-95491
-95499
-95505
-95506
-95521
-95533
-95552
-95587
-95614
-95643
-95679
-95723
-95772
-95816
-95873
-95932
-95982
-96034
-96088
-96148
-96203
-96248
-96295
-96334
-96356
-96382
-96398
-96399
-96401
-96381
-96343
-96297
-96255
-96220
-96169
-96114
-96060
-96005
-95953
-95903
-95856
-95818
-95787
-95752
-95714
-95696
-95692
-95686
-95679
-95674
-95678
-95687
-95706
-95739
-95779
-95832
-95898
-95963
-96026
-96085
-96151
-96216
-96277
-96358
-96431
-96498
-96567
-96617
-96676
-96733
-96779
-96840
-96913
-96989
-97060
-97139
-97219
-97286
-97371
-97465
-97560
-97673
-97791
-97891
-97979
-98081
-98196
-98296
-98400
-98524
-98640
-98748
-98854
-98952
-99047
-99142
-99230
-99320
-99408
-99489
-99556
-99602
-99656
-99704
-99723
-99753
-99785
-99799
-99798
-99785
-99772
-99746
-99719
-99694
-99646
-99596
-99545
-99467
-99378
-99298
-99222
-99142
-99054
-98955
-98849
-98738
-98616
-98494
-98377
-98273
-98179
-98068
-97966
-97879
-97787
-97705
-97629
-97567
-97519
-97459
-97407
-97372
-97339
-97315
-97284
-97259
-97260
-97254
-97236
-97225
-97208
-97186
-97160
-97124
-97089
-97048
-96997
-96939
-96879
-96826
-96770
-96719
-96671
-96611
-96545
-96476
-96408
-96353
-96298
-96255
-96217
-96169
-96132
-96096
-96051
-96019
-95999
-95986
-95980
-95988
-96003
-96017
-96032
-96044
-96058
-96077
-96095
-96115
-96132
-96151
-96165
-96168
-96166
-96181
-96202
-96197
-96202
-96201
-96173
-96151
-96119
-96078
-96054
-96020
-95963
-95908
-95849
-95788
-95730
-95663
-95604
-95547
-95487
-95435
-95382
-95327
-95262
-95197
-95147
-95088
-95022
-94974
-94925
-94871
-94818
-94760
-94694
-94615
-94547
-94482
-94391
-94302
-94224
-94155
-94087
-94005
-93928
-93846
-93769
-93690
-93598
-93531
-93468
-93388
-93326
-93271
-93228
-93205
-93177
-93161
-93162
-93170
-93193
-93221
-93256
-93303
-93359
-93413
-93478
-93572
-93671
-93775
-93875
-93972
-94079
-94172
-94258
-94354
-94454
-94543
-94616
-94695
-94783
-94869
-94960
-95043
-95113
-95178
-95223
-95271
-95338
-95404
-95480
-95552
-95622
-95700
-95758
-95803
-95846
-95888
-95935
-95986
-96032
-96071
-96105
-96123
-96126
-96121
-96117
-96098
-96074
-96064
-96043
-96004
-95966
-95937
-95914
-95896
-95865
-95820
-95784
-95741
-95691
-95646
-95594
-95551
-95501
-95443
-95382
-95319
-95268
-95198
-95118
-95046
-94981
-94917
-94840
-94788
-94741
-94684
-94649
-94604
-94570
-94550
-94524
-94510
-94498
-94487
-94477
-94466
-94464
-94464
-94463
-94465
-94464
-94462
-94472
-94487
-94507
-94536
-94557
-94570
-94575
-94576
-94573
-94576
-94579
-94564
-94547
-94532
-94514
-94483
-94457
-94443
-94415
-94391
-94380
-94364
-94355
-94346
-94334
-94337
-94354
-94367
-94379
-94398
-94422
-94444
-94481
-94531
-94570
-94624
-94689
-94726
-94762
-94814
-94863
-94914
-94972
-95029
-95080
-95124
-95169
-95216
-95263
-95312
-95366
-95424
-95490
-95551
-95603
-95653
-95697
-95736
-95766
-95792
-95828
-95859
-95881
-95885
-95880
-95879
-95878
-95884
-95878
-95874
-95876
-95865
-95860
-95860
-95872
-95894
-95922
-95959
-95992
-96035
-96088
-96143
-96207
-96267
-96313
-96355
-96406
-96457
-96510
-96568
-96615
-96649
-96666
-96672
-96668
-96659
-96648
-96622
-96600
-96573
-96535
-96496
-96435
-96384
-96325
-96264
-96204
-96119
-96048
-95985
-95916
-95836
-95759
-95700
-95627
-95556
-95506
-95446
-95375
-95317
-95255
-95180
-95110
-95035
-94963
-94906
-94854
-94813
-94767
-94731
-94711
-94676
-94659
-94653
-94644
-94646
-94647
-94646
-94643
-94637
-94643
-94648
-94644
-94648
-94657
-94657
-94651
-94649
-94642
-94624
-94605
-94587
-94573
-94566
-94542
-94512
-94490
-94455
-94425
-94413
-94404
-94405
-94409
-94412
-94403
-94397
-94417
-94432
-94459
-94488
-94498
-94512
-94505
-94494
-94502
-94502
-94514
-94529
-94536
-94553
-94560
-94574
-94596
-94613
-94640
-94654
-94663
-94685
-94709
-94722
-94724
-94733
-94730
-94717
-94720
-94731
-94743
-94760
-94783
-94813
-94849
-94890
-94921
-94960
-95019
-95089
-95168
-95257
-95354
-95439
-95534
-95632
-95720
-95828
-95946
-96055
-96152
-96257
-96363
-96455
-96565
-96684
-96788
-96879
-96964
-97048
-97138
-97237
-97326
-97403
-97483
-97551
-97620
-97702
-97780
-97865
-97947
-98028
-98113
-98188
-98271
-98359
-98424
-98491
-98560
-98621
-98688
-98754
-98815
-98878
-98928
-98967
-99008
-99041
-99071
-99104
-99127
-99147
-99162
-99180
-99209
-99231
-99256
-99278
-99273
-99264
-99246
-99215
-99186
-99151
-99112
-99052
-98971
-98894
-98821
-98739
-98644
-98561
-98485
-98399
-98308
-98204
-98106
-98010
-97902
-97815
-97735
-97654
-97586
-97515
-97450
-97408
-97378
-97345
-97318
-97296
-97264
-97215
-97155
-97097
-97037
-96975
-96905
-96846
-96790
-96717
-96649
-96573
-96484
-96406
-96324
-96230
-96156
-96089
-96005
-95925
-95845
-95762
-95676
-95600
-95528
-95463
-95415
-95359
-95293
-95222
-95155
-95098
-95030
-94963
-94905
-94836
-94763
-94708
-94654
-94611
-94579
-94532
-94492
-94467
-94452
-94430
-94408
-94398
-94381
-94367
-94354
-94339
-94343
-94350
-94352
-94361
-94370
-94382
-94400
-94416
-94442
-94479
-94509
-94531
-94550
-94571
-94576
-94581
-94601
-94611
-94625
-94642
-94653
-94678
-94700
-94706
-94725
-94763
-94798
-94834
-94859
-94879
-94900
-94913
-94947
-94988
-95024
-95079
-95137
-95205
-95282
-95358
-95446
-95533
-95615
-95698
-95790
-95878
-95958
-96048
-96119
-96176
-96234
-96294
-96371
-96437
-96490
-96556
-96612
-96673
-96746
-96810
-96890
-96965
-97015
-97072
-97123
-97174
-97222
-97278
-97354
-97411
-97461
-97508
-97560
-97625
-97684
-97747
-97800
-97856
-97912
-97953
-98011
-98069
-98130
-98188
-98232
-98296
-98362
-98409
-98445
-98481
-98517
-98561
-98613
-98649
-98684
-98716
-98729
-98742
-98751
-98762
-98780
-98771
-98751
-98738
-98705
-98660
-98616
-98570
-98520
-98451
-98365
-98274
-98179
-98069
-97949
-97833
-97711
-97587
-97467
-97333
-97213
-97105
-96980
-96862
-96745
-96630
-96533
-96422
-96319
-96219
-96111
-96024
-95933
-95853
-95787
-95716
-95651
-95587
-95546
-95511
-95482
-95474
-95466
-95472
-95487
-95489
-95492
-95508
-95514
-95510
-95521
-95535
-95556
-95571
-95570
-95577
-95580
-95582
-95586
-95587
-95610
-95638
-95642
-95632
-95623
-95615
-95607
-95596
-95578
-95565
-95561
-95550
-95536
-95528
-95524
-95528
-95525
-95524
-95535
-95542
-95541
-95534
-95537
-95543
-95537
-95534
-95536
-95534
-95523
-95500
-95486
-95481
-95477
-95475
-95462
-95459
-95468
-95466
-95465
-95488
-95512
-95510
-95503
-95509
-95513
-95525
-95550
-95570
-95590
-95600
-95585
-95582
-95589
-95596
-95611
-95619
-95643
-95676
-95698
-95728
-95768
-95810
-95846
-95872
-95884
-95902
-95927
-95941
-95967
-95995
-96029
-96066
-96094
-96129
-96153
-96182
-96200
-96214
-96249
-96270
-96302
-96346
-96377
-96412
-96438
-96458
-96487
-96519
-96546
-96571
-96597
-96620
-96651
-96691
-96717
-96745
-96779
-96795
-96812
-96831
-96844
-96867
-96886
-96905
-96932
-96943
-96949
-96958
-96964
-96982
-97002
-97011
-97022
-97030
-97046
-97048
-97037
-97051
-97056
-97045
-97032
-97003
-96970
-96926
-96876
-96832
-96793
-96752
-96700
-96654
-96613
-96562
-96508
-96453
-96405
-96358
-96316
-96282
-96240
-96197
-96141
-96055
-95963
-95871
-95788
-95710
-95630
-95557
-95465
-95360
-95254
-95149
-95059
-94970
-94883
-94808
-94734
-94668
-94609
-94559
-94526
-94493
-94456
-94428
-94385
-94343
-94318
-94286
-94259
-94226
-94188
-94161
-94135
-94109
-94094
-94078
-94052
-94035
-94027
-94014
-94000
-93985
-93963
-93938
-93913
-93878
-93857
-93850
-93835
-93827
-93833
-93842
-93846
-93845
-93845
-93847
-93856
-93876
-93892
-93918
-93963
-93994
-94008
-94020
-94032
-94056
-94087
-94113
-94140
-94163
-94173
-94168
-94162
-94162
-94157
-94149
-94142
-94135
-94131
-94124
-94105
-94088
-94087
-94080
-94082
-94092
-94087
-94080
-94079
-94082
-94083
-94085
-94103
-94126
-94135
-94136
-94137
-94147
-94173
-94201
-94229
-94260
-94277
-94300
-94338
-94379
-94432
-94487
-94543
-94597
-94642
-94693
-94753
-94815
-94885
-94946
-95001
-95061
-95123
-95195
-95262
-95336
-95416
-95474
-95541
-95608
-95675
-95756
-95821
-95883
-95941
-95988
-96043
-96100
-96146
-96209
-96272
-96321
-96383
-96446
-96501
-96556
-96603
-96647
-96697
-96754
-96800
-96829
-96850
-96864
-96880
-96893
-96914
-96935
-96939
-96950
-96955
-96948
-96958
-96960
-96960
-96959
-96959
-96960
-96945
-96935
-96924
-96901
-96884
-96869
-96853
-96836
-96825
-96820
-96800
-96782
-96771
-96739
-96708
-96696
-96679
-96663
-96646
-96616
-96589
-96567
-96555
-96537
-96512
-96496
-96466
-96435
-96413
-96377
-96343
-96310
-96262
-96208
-96158
-96104
-96040
-95978
-95920
-95863
-95814
-95760
-95696
-95622
-95535
-95446
-95368
-95304
-95274
-95257
-95227
-95203
-95183
-95154
-95133
-95133
-95140
-95139
-95135
-95135
-95116
-95094
-95089
-95072
-95060
-95065
-95077
-95093
-95103
-95111
-95110
-95100
-95101
-95107
-95103
-95122
-95158
-95182
-95205
-95223
-95227
-95230
-95239
-95250
-95258
-95267
-95264
-95256
-95237
-95210
-95175
-95135
-95117
-95099
-95073
-95050
-95017
-94976
-94935
-94907
-94891
-94885
-94895
-94889
-94874
-94846
-94800
-94776
-94757
-94739
-94727
-94687
-94630
-94553
-94475
-94414
-94351
-94301
-94256
-94206
-94142
-94063
-93995
-93929
-93863
-93801
-93741
-93682
-93632
-93578
-93509
-93446
-93386
-93330
-93282
-93234
-93204
-93178
-93145
-93115
-93085
-93080
-93075
-93069
-93080
-93076
-93098
-93137
-93169
-93219
-93269
-93320
-93363
-93412
-93485
-93563
-93652
-93742
-93828
-93917
-94004
-94112
-94227
-94336
-94445
-94544
-94636
-94730
-94819
-94907
-95007
-95109
-95207
-95311
-95406
-95489
-95575
-95658
-95729
-95799
-95876
-95958
-96038
-96119
-96209
-96288
-96367
-96454
-96538
-96629
-96715
-96786
-96861
-96941
-97014
-97083
-97158
-97224
-97282
-97337
-97397
-97450
-97498
-97556
-97601
-97627
-97653
-97676
-97685
-97699
-97723
-97727
-97712
-97694
-97687
-97685
-97669
-97661
-97650
-97628
-97609
-97588
-97576
-97576
-97578
-97579
-97569
-97569
-97578
-97582
-97594
-97604
-97619
-97640
-97644
-97653
-97674
-97680
-97687
-97699
-97697
-97696
-97697
-97694
-97687
-97681
-97674
-97659
-97636
-97604
-97564
-97527
-97478
-97411
-97353
-97301
-97244
-97193
-97132
-97057
-96979
-96907
-96842
-96769
-96702
-96640
-96572
-96523
-96468
-96396
-96336
-96288
-96230
-96164
-96109
-96057
-96009
-95959
-95901
-95855
-95806
-95745
-95689
-95636
-95588
-95549
-95505
-95463
-95429
-95401
-95374
-95336
-95302
-95283
-95259
-95233
-95210
-95181
-95147
-95109
-95067
-95041
-95035
-95035
-95037
-95044
-95058
-95066
-95083
-95108
-95127
-95154
-95187
-95221
-95260
-95300
-95340
-95382
-95429
-95488
-95539
-95581
-95639
-95685
-95720
-95768
-95811
-95864
-95929
-95987
-96035
-96075
-96123
-96170
-96214
-96266
-96319
-96370
-96424
-96475
-96511
-96552
-96596
-96630
-96666
-96710
-96758
-96806
-96866
-96931
-96989
-97057
-97121
-97171
-97227
-97296
-97369
-97445
-97528
-97614
-97700
-97778
-97851
-97930
-98011
-98088
-98167
-98252
-98337
-98412
-98473
-98536
-98585
-98617
-98669
-98732
-98792
-98851
-98896
-98926
-98953
-98981
-99008
-99043
-99074
-99086
-99095
-99100
-99091
-99083
-99072
-99056
-99045
-99029
-99013
-99000
-98987
-98970
-98945
-98932
-98930
-98904
-98871
-98848
-98815
-98783
-98766
-98753
-98748
-98732
-98700
-98655
-98601
-98552
-98513
-98478
-98437
-98398
-98347
-98285
-98234
-98189
-98140
-98087
-98030
-97963
-97891
-97818
-97739
-97675
-97618
-97551
-97485
-97426
-97370
-97320
-97268
-97215
-97169
-97131
-97089
-97042
-97004
-96953
-96901
-96856
-96789
-96715
-96643
-96571
-96496
-96412
-96332
-96254
-96170
-96093
-96016
-95923
-95832
-95744
-95651
-95566
-95482
-95401
-95311
-95206
-95119
-95035
-94943
-94869
-94796
-94713
-94632
-94546
-94460
-94386
-94304
-94213
-94135
-94064
-93991
-93917
-93857
-93798
-93735
-93685
-93642
-93598
-93553
-93513
-93472
-93430
-93402
-93379
-93358
-93345
-93333
-93311
-93274
-93244
-93222
-93206
-93202
-93194
-93191
-93187
-93172
-93160
-93154
-93153
-93157
-93162
-93157
-93151
-93161
-93177
-93186
-93196
-93208
-93216
-93231
-93240
-93244
-93252
-93262
-93279
-93293
-93316
-93341
-93366
-93390
-93398
-93420
-93445
-93458
-93483
-93506
-93518
-93536
-93549
-93558
-93578
-93606
-93631
-93654
-93676
-93684
-93693
-93699
-93700
-93719
-93728
-93735
-93763
-93784
-93807
-93835
-93856
-93876
-93894
-93919
-93954
-94003
-94063
-94113
-94172
-94245
-94312
-94393
-94485
-94569
-94653
-94738
-94821
-94911
-94998
-95082
-95169
-95248
-95321
-95385
-95437
-95494
-95539
-95568
-95609
-95648
-95677
-95713
-95746
-95772
-95794
-95808
-95825
-95851
-95874
-95898
-95920
-95936
-95951
-95970
-95987
-95999
-96016
-96025
-96030
-96038
-96041
-96047
-96044
-96038
-96036
-96031
-96030
-96026
-96021
-96020
-96009
-95998
-96007
-96005
-96007
-96025
-96024
-96010
-95987
-95971
-95965
-95958
-95961
-95967
-95965
-95959
-95962
-95968
-95977
-95992
-95998
-96013
-96024
-96022
-96029
-96042
-96063
-96080
-96102
-96130
-96152
-96177
-96210
-96244
-96283
-96320
-96350
-96391
-96429
-96458
-96488
-96500
-96509
-96520
-96521
-96527
-96524
-96498
-96477
-96450
-96403
-96364
-96324
-96277
-96236
-96195
-96158
-96124
-96095
-96071
-96035
-95998
-95959
-95918
-95893
-95867
-95842
-95817
-95785
-95755
-95726
-95708
-95695
-95674
-95660
-95644
-95623
-95600
-95582
-95577
-95560
-95543
-95545
-95561
-95586
-95616
-95647
-95684
-95734
-95787
-95841
-95909
-95989
-96066
-96125
-96184
-96247
-96313
-96396
-96481
-96565
-96644
-96716
-96793
-96867
-96941
-97008
-97075
-97148
-97213
-97278
-97340
-97406
-97461
-97500
-97538
-97559
-97576
-97591
-97601
-97623
-97635
-97636
-97648
-97650
-97638
-97629
-97612
-97601
-97603
-97588
-97574
-97572
-97558
-97531
-97503
-97479
-97465
-97465
-97467
-97456
-97448
-97441
-97432
-97416
-97402
-97404
-97407
-97390
-97369
-97364
-97353
-97335
-97336
-97335
-97324
-97323
-97324
-97315
-97315
-97322
-97317
-97311
-97312
-97318
-97319
-97319
-97322
-97323
-97331
-97336
-97334
-97340
-97341
-97338
-97336
-97329
-97327
-97322
-97303
-97281
-97258
-97240
-97227
-97205
-97197
-97193
-97172
-97147
-97122
-97101
-97084
-97069
-97051
-97024
-96987
-96944
-96897
-96845
-96813
-96790
-96749
-96707
-96669
-96630
-96590
-96550
-96527
-96508
-96478
-96452
-96426
-96399
-96365
-96317
-96273
-96226
-96173
-96130
-96083
-96028
-95987
-95946
-95906
-95867
-95825
-95787
-95748
-95701
-95660
-95633
-95606
-95580
-95552
-95508
-95475
-95440
-95400
-95373
-95349
-95318
-95282
-95246
-95200
-95154
-95118
-95080
-95048
-95011
-94978
-94957
-94924
-94894
-94857
-94801
-94745
-94694
-94646
-94592
-94538
-94475
-94402
-94329
-94251
-94179
-94110
-94056
-94001
-93942
-93904
-93858
-93812
-93774
-93729
-93700
-93678
-93662
-93655
-93653
-93667
-93676
-93690
-93708
-93715
-93736
-93758
-93781
-93809
-93838
-93876
-93912
-93949
-93986
-94026
-94071
-94112
-94164
-94218
-94268
-94315
-94353
-94386
-94421
-94458
-94501
-94533
-94545
-94547
-94543
-94539
-94533
-94538
-94557
-94568
-94573
-94570
-94568
-94571
-94587
-94627
-94659
-94692
-94720
-94728
-94749
-94766
-94790
-94824
-94842
-94866
-94889
-94907
-94933
-94968
-95009
-95042
-95071
-95114
-95164
-95206
-95250
-95307
-95367
-95423
-95483
-95551
-95616
-95685
-95758
-95829
-95901
-95970
-96051
-96119
-96177
-96251
-96314
-96380
-96468
-96538
-96597
-96665
-96714
-96768
-96839
-96904
-96974
-97044
-97104
-97155
-97197
-97242
-97293
-97346
-97392
-97442
-97489
-97528
-97569
-97595
-97623
-97644
-97651
-97665
-97665
-97664
-97649
-97625
-97604
-97570
-97543
-97525
-97506
-97464
-97415
-97373
-97321
-97278
-97238
-97198
-97149
-97087
-97026
-96945
-96860
-96786
-96696
-96606
-96523
-96430
-96340
-96246
-96154
-96067
-95986
-95911
-95818
-95739
-95686
-95624
-95568
-95524
-95491
-95466
-95436
-95411
-95395
-95378
-95359
-95363
-95369
-95362
-95359
-95344
-95330
-95320
-95302
-95273
-95249
-95232
-95207
-95193
-95173
-95160
-95155
-95132
-95113
-95076
-95035
-95004
-94969
-94941
-94907
-94876
-94839
-94793
-94755
-94718
-94696
-94679
-94651
-94617
-94593
-94558
-94515
-94511
-94502
-94491
-94487
-94458
-94431
-94413
-94391
-94377
-94378
-94385
-94388
-94404
-94424
-94444
-94491
-94535
-94573
-94636
-94692
-94746
-94803
-94850
-94907
-94966
-95023
-95076
-95135
-95193
-95230
-95269
-95308
-95349
-95393
-95442
-95490
-95531
-95579
-95622
-95661
-95710
-95753
-95787
-95835
-95883
-95928
-95998
-96071
-96125
-96182
-96243
-96307
-96368
-96423
-96479
-96533
-96584
-96631
-96671
-96708
-96747
-96785
-96811
-96844
-96891
-96934
-96988
-97045
-97099
-97149
-97188
-97226
-97263
-97296
-97335
-97370
-97400
-97431
-97453
-97471
-97496
-97519
-97530
-97534
-97541
-97547
-97557
-97577
-97592
-97605
-97622
-97628
-97636
-97647
-97650
-97659
-97661
-97639
-97629
-97634
-97627
-97614
-97588
-97555
-97532
-97496
-97458
-97431
-97394
-97349
-97311
-97263
-97216
-97198
-97164
-97123
-97098
-97064
-97034
-97004
-96982
-96959
-96934
-96908
-96857
-96813
-96770
-96723
-96677
-96626
-96583
-96541
-96494
-96446
-96402
-96359
-96319
-96287
-96247
-96218
-96203
-96185
-96176
-96157
-96134
-96120
-96107
-96102
-96104
-96096
-96091
-96091
-96088
-96089
-96089
-96079
-96069
-96051
-96035
-96025
-96011
-95998
-95973
-95948
-95921
-95881
-95858
-95841
-95810
-95781
-95747
-95702
-95658
-95609
-95566
-95526
-95473
-95429
-95382
-95329
-95285
-95233
-95175
-95119
-95072
-95022
-94983
-94949
-94894
-94847
-94801
-94750
-94711
-94673
-94632
-94585
-94540
-94500
-94459
-94423
-94397
-94383
-94362
-94327
-94301
-94280
-94263
-94259
-94254
-94253
-94251
-94235
-94216
-94212
-94220
-94224
-94222
-94215
-94215
-94220
-94219
-94231
-94246
-94255
-94272
-94287
-94301
-94323
-94352
-94383
-94434
-94499
-94558
-94635
-94720
-94797
-94886
-94983
-95093
-95209
-95330
-95450
-95555
-95666
-95770
-95868
-96000
-96141
-96272
-96409
-96538
-96665
-96794
-96921
-97043
-97148
-97234
-97305
-97378
-97453
-97526
-97592
-97646
-97701
-97745
-97785
-97832
-97870
-97919
-97959
-97985
-98013
-98032
-98056
-98092
-98115
-98132
-98159
-98172
-98177
-98192
-98214
-98225
-98223
-98229
-98228
-98214
-98197
-98172
-98147
-98120
-98093
-98072
-98039
-98008
-97979
-97943
-97913
-97881
-97847
-97816
-97783
-97741
-97698
-97658
-97599
-97550
-97502
-97431
-97377
-97317
-97253
-97200
-97137
-97087
-97032
-96975
-96933
-96880
-96842
-96820
-96801
-96780
-96744
-96720
-96695
-96670
-96669
-96669
-96665
-96661
-96654
-96649
-96651
-96657
-96658
-96660
-96659
-96636
-96613
-96598
-96576
-96550
-96521
-96495
-96458
-96418
-96382
-96327
-96272
-96215
-96150
-96096
-96042
-95992
-95939
-95864
-95792
-95722
-95644
-95575
-95508
-95438
-95367
-95296
-95226
-95157
-95083
-95002
-94928
-94856
-94785
-94715
-94637
-94563
-94495
-94429
-94354
-94277
-94227
-94181
-94133
-94099
-94052
-94011
-93985
-93955
-93949
-93944
-93934
-93942
-93941
-93948
-93966
-93975
-93982
-93987
-93988
-93996
-94009
-94024
-94047
-94070
-94085
-94098
-94122
-94156
-94193
-94237
-94270
-94299
-94347
-94391
-94434
-94485
-94546
-94604
-94646
-94690
-94736
-94780
-94829
-94871
-94902
-94931
-94939
-94946
-94959
-94955
-94959
-94956
-94950
-94950
-94948
-94953
-94948
-94944
-94951
-94956
-94965
-94975
-94975
-94967
-94968
-94974
-94977
-94989
-95006
-95018
-95028
-95036
-95052
-95073
-95106
-95140
-95158
-95176
-95197
-95227
-95271
-95322
-95380
-95427
-95467
-95516
-95570
-95634
-95712
-95786
-95845
-95906
-95967
-96028
-96111
-96195
-96278
-96365
-96439
-96497
-96549
-96611
-96668
-96709
-96753
-96792
-96825
-96857
-96878
-96894
-96913
-96929
-96942
-96957
-96979
-96994
-97010
-97030
-97038
-97047
-97072
-97106
-97130
-97145
-97168
-97195
-97213
-97235
-97273
-97302
-97324
-97332
-97334
-97347
-97356
-97358
-97351
-97346
-97333
-97313
-97309
-97314
-97326
-97331
-97334
-97332
-97310
-97307
-97316
-97315
-97330
-97352
-97366
-97377
-97379
-97381
-97398
-97408
-97423
-97458
-97493
-97520
-97536
-97545
-97556
-97570
-97592
-97603
-97611
-97612
-97595
-97571
-97536
-97501
-97461
-97401
-97344
-97285
-97216
-97148
-97077
-97005
-96927
-96843
-96763
-96686
-96610
-96545
-96477
-96393
-96310
-96226
-96134
-96053
-95974
-95903
-95833
-95759
-95687
-95603
-95526
-95471
-95413
-95353
-95294
-95238
-95166
-95095
-95037
-94981
-94938
-94898
-94857
-94819
-94774
-94730
-94678
-94625
-94587
-94552
-94519
-94490
-94460
-94418
-94370
-94330
-94296
-94262
-94232
-94212
-94181
-94141
-94113
-94080
-94046
-94035
-94022
-93988
-93963
-93941
-93912
-93896
-93869
-93843
-93822
-93793
-93765
-93729
-93705
-93688
-93664
-93638
-93608
-93585
-93566
-93543
-93536
-93530
-93512
-93500
-93480
-93461
-93459
-93451
-93444
-93452
-93456
-93454
-93449
-93455
-93466
-93461
-93493
-93509
-93524
-93570
-93540
-93598
-93662
-93634
-93694
-93727
-93737
-93771
-93789
-93819
-93845
-93875
-93916
-93955
-93976
-93992
-94017
-94040
-94064
-94091
-94118
-94132
-94148
-94165
-94185
-94215
-94241
-94269
-94295
-94326
-94366
-94401
-94446
-94497
-94543
-94595
-94643
-94679
-94720
-94774
-94829
-94876
-94911
-94955
-95001
-95042
-95090
-95128
-95160
-95202
-95243
-95283
-95334
-95379
-95412
-95441
-95476
-95520
-95572
-95623
-95668
-95721
-95769
-95811
-95850
-95891
-95946
-95987
-96033
-96087
-96124
-96173
-96211
-96242
-96291
-96321
-96345
-96376
-96397
-96420
-96444
-96457
-96465
-96471
-96472
-96476
-96484
-96496
-96504
-96504
-96511
-96514
-96502
-96498
-96483
-96466
-96458
-96431
-96413
-96389
-96343
-96302
-96256
-96204
-96158
-96115
-96070
-96022
-95957
-95888
-95835
-95782
-95744
-95712
-95656
-95607
-95558
-95504
-95472
-95432
-95388
-95354
-95313
-95281
-95251
-95212
-95171
-95122
-95070
-95016
-94964
-94917
-94873
-94825
-94768
-94724
-94689
-94650
-94629
-94611
-94582
-94547
-94519
-94507
-94496
-94491
-94498
-94498
-94489
-94480
-94476
-94475
-94481
-94501
-94512
-94513
-94513
-94508
-94510
-94517
-94524
-94534
-94540
-94556
-94574
-94589
-94606
-94614
-94633
-94663
-94702
-94741
-94776
-94822
-94854
-94891
-94938
-94976
-95029
-95099
-95158
-95208
-95264
-95311
-95355
-95405
-95453
-95507
-95559
-95611
-95655
-95694
-95733
-95767
-95798
-95836
-95877
-95911
-95956
-95998
-96021
-96036
-96051
-96077
-96120
-96167
-96200
-96222
-96239
-96263
-96283
-96299
-96335
-96369
-96403
-96434
-96453
-96486
-96523
-96561
-96602
-96636
-96672
-96719
-96761
-96792
-96842
-96886
-96915
-96960
-97014
-97072
-97126
-97168
-97203
-97236
-97269
-97302
-97347
-97396
-97434
-97462
-97486
-97509
-97528
-97557
-97590
-97615
-97638
-97659
-97676
-97682
-97687
-97703
-97719
-97743
-97765
-97787
-97816
-97843
-97870
-97885
-97903
-97934
-97963
-97994
-98022
-98054
-98077
-98087
-98109
-98128
-98153
-98178
-98196
-98221
-98238
-98242
-98252
-98273
-98280
-98282
-98296
-98295
-98286
-98283
-98275
-98252
-98228
-98213
-98187
-98166
-98150
-98118
-98080
-98047
-98017
-97987
-97961
-97933
-97890
-97844
-97812
-97775
-97738
-97719
-97693
-97663
-97638
-97613
-97592
-97573
-97551
-97512
-97459
-97415
-97369
-97326
-97302
-97286
-97272
-97241
-97201
-97166
-97124
-97094
-97065
-97031
-96997
-96952
-96906
-96862
-96818
-96771
-96726
-96684
-96636
-96586
-96536
-96486
-96432
-96373
-96336
-96298
-96246
-96213
-96167
-96116
-96072
-96019
-95987
-95967
-95942
-95915
-95887
-95852
-95816
-95792
-95765
-95742
-95720
-95674
-95620
-95567
-95514
-95481
-95464
-95440
-95407
-95371
-95344
-95320
-95293
-95277
-95254
-95225
-95198
-95167
-95142
-95119
-95098
-95075
-95050
-95023
-94992
-94968
-94941
-94910
-94885
-94856
-94831
-94802
-94770
-94741
-94701
-94666
-94641
-94624
-94608
-94597
-94589
-94561
-94539
-94542
-94540
-94543
-94566
-94587
-94595
-94614
-94631
-94642
-94680
-94716
-94737
-94768
-94801
-94828
-94870
-94915
-94954
-94993
-95026
-95055
-95079
-95113
-95153
-95195
-95248
-95298
-95344
-95391
-95437
-95479
-95525
-95572
-95606
-95655
-95699
-95739
-95789
-95815
-95830
-95848
-95863
-95882
-95887
-95885
-95881
-95874
-95876
-95875
-95873
-95879
-95877
-95869
-95865
-95845
-95817
-95792
-95759
-95731
-95708
-95685
-95663
-95636
-95610
-95577
-95541
-95522
-95511
-95498
-95495
-95489
-95467
-95446
-95430
-95411
-95412
-95425
-95423
-95419
-95407
-95393
-95398
-95409
-95426
-95450
-95476
-95495
-95512
-95532
-95553
-95586
-95612
-95632
-95659
-95681
-95707
-95743
-95784
-95823
-95858
-95896
-95932
-95971
-96013
-96055
-96095
-96134
-96178
-96231
-96279
-96319
-96364
-96407
-96438
-96462
-96486
-96509
-96522
-96539
-96558
-96568
-96577
-96586
-96586
-96577
-96568
-96559
-96540
-96530
-96530
-96514
-96498
-96471
-96426
-96392
-96356
-96333
-96321
-96291
-96257
-96220
-96183
-96144
-96097
-96063
-96035
-96005
-95978
-95943
-95917
-95889
-95855
-95835
-95815
-95791
-95774
-95754
-95727
-95700
-95671
-95639
-95623
-95622
-95619
-95604
-95578
-95559
-95527
-95485
-95462
-95431
-95389
-95355
-95319
-95281
-95239
-95206
-95190
-95170
-95143
-95122
-95105
-95082
-95055
-95037
-95012
-94986
-94974
-94950
-94930
-94905
-94875
-94861
-94834
-94818
-94808
-94778
-94754
-94728
-94713
-94703
-94688
-94687
-94668
-94640
-94619
-94583
-94546
-94518
-94493
-94472
-94451
-94426
-94399
-94369
-94342
-94318
-94298
-94277
-94259
-94258
-94249
-94223
-94215
-94193
-94164
-94153
-94150
-94171
-94195
-94223
-94253
-94273
-94312
-94345
-94368
-94415
-94457
-94496
-94553
-94613
-94681
-94756
-94835
-94911
-94974
-95047
-95111
-95162
-95241
-95321
-95391
-95463
-95527
-95598
-95672
-95745
-95818
-95892
-95958
-96017
-96078
-96131
-96197
-96266
-96312
-96357
-96402
-96448
-96499
-96540
-96567
-96596
-96630
-96661
-96693
-96725
-96754
-96772
-96775
-96797
-96838
-96869
-96897
-96917
-96936
-96950
-96951
-96970
-96990
-96994
-97005
-97017
-97029
-97030
-97032
-97038
-97046
-97057
-97051
-97052
-97057
-97043
-97045
-97040
-97025
-97020
-97012
-97002
-96990
-96986
-96974
-96955
-96951
-96948
-96958
-96963
-96954
-96955
-96940
-96932
-96941
-96942
-96955
-96967
-96965
-96960
-96953
-96949
-96957
-96973
-96994
-97009
-97010
-97008
-96997
-96980
-96980
-96977
-96973
-96987
-96980
-96963
-96957
-96943
-96934
-96938
-96940
-96932
-96916
-96895
-96865
-96836
-96815
-96799
-96786
-96758
-96728
-96697
-96651
-96615
-96583
-96547
-96512
-96466
-96415
-96357
-96296
-96247
-96199
-96143
-96085
-96018
-95951
-95894
-95838
-95792
-95756
-95710
-95664
-95620
-95564
-95510
-95463
-95420
-95368
-95311
-95258
-95205
-95152
-95107
-95064
-95019
-94978
-94947
-94907
-94866
-94831
-94785
-94765
-94763
-94753
-94755
-94759
-94750
-94740
-94733
-94725
-94718
-94708
-94692
-94667
-94637
-94616
-94581
-94538
-94500
-94455
-94397
-94340
-94296
-94250
-94210
-94176
-94147
-94113
-94070
-94046
-94031
-94018
-94008
-93998
-93981
-93970
-93968
-93966
-93986
-94008
-94028
-94046
-94063
-94086
-94098
-94125
-94164
-94198
-94253
-94308
-94353
-94414
-94476
-94530
-94587
-94641
-94701
-94762
-94815
-94876
-94942
-95008
-95088
-95169
-95257
-95349
-95420
-95487
-95549
-95613
-95687
-95759
-95835
-95914
-96002
-96079
-96146
-96227
-96307
-96387
-96479
-96569
-96652
-96746
-96836
-96906
-96981
-97059
-97119
-97181
-97256
-97308
-97358
-97409
-97445
-97487
-97530
-97565
-97599
-97622
-97629
-97632
-97640
-97645
-97648
-97656
-97653
-97640
-97619
-97602
-97605
-97603
-97594
-97576
-97553
-97536
-97509
-97493
-97494
-97488
-97476
-97464
-97445
-97441
-97446
-97438
-97454
-97476
-97471
-97474
-97472
-97476
-97494
-97501
-97511
-97529
-97548
-97554
-97558
-97560
-97551
-97559
-97572
-97587
-97594
-97585
-97572
-97548
-97519
-97505
-97508
-97503
-97487
-97470
-97442
-97407
-97379
-97348
-97311
-97274
-97232
-97182
-97131
-97080
-97030
-96980
-96921
-96849
-96775
-96704
-96639
-96581
-96525
-96453
-96371
-96292
-96214
-96139
-96058
-95978
-95903
-95824
-95742
-95663
-95591
-95520
-95445
-95376
-95317
-95256
-95188
-95127
-95076
-95019
-94965
-94927
-94888
-94845
-94811
-94782
-94749
-94718
-94710
-94712
-94702
-94699
-94690
-94666
-94658
-94665
-94680
-94704
-94736
-94755
-94771
-94807
-94827
-94865
-94921
-94955
-94993
-95029
-95056
-95080
-95097
-95118
-95127
-95129
-95143
-95157
-95174
-95197
-95213
-95215
-95220
-95237
-95250
-95274
-95307
-95336
-95375
-95413
-95446
-95491
-95542
-95587
-95626
-95665
-95692
-95713
-95745
-95782
-95814
-95837
-95848
-95858
-95862
-95862
-95879
-95901
-95915
-95936
-95954
-95955
-95949
-95941
-95935
-95929
-95929
-95941
-95959
-95968
-95968
-95956
-95949
-95956
-95965
-95980
-96007
-96033
-96043
-96046
-96037
-96026
-96031
-96039
-96057
-96082
-96096
-96105
-96137
-96172
-96193
-96220
-96234
-96241
-96260
-96279
-96311
-96337
-96353
-96375
-96378
-96377
-96387
-96397
-96403
-96408
-96406
-96399
-96402
-96396
-96369
-96351
-96339
-96319
-96311
-96300
-96279
-96271
-96255
-96222
-96188
-96166
-96146
-96112
-96086
-96065
-96036
-96026
-96018
-96005
-96002
-95985
-95966
-95954
-95944
-95938
-95942
-95952
-95941
-95934
-95927
-95898
-95887
-95894
-95901
-95900
-95890
-95888
-95880
-95872
-95868
-95861
-95856
-95845
-95835
-95820
-95801
-95800
-95789
-95771
-95769
-95765
-95760
-95757
-95746
-95725
-95701
-95696
-95687
-95657
-95636
-95600
-95558
-95531
-95488
-95459
-95447
-95425
-95400
-95369
-95329
-95286
-95253
-95227
-95203
-95175
-95142
-95114
-95084
-95065
-95046
-95027
-95024
-95004
-94979
-94960
-94948
-94954
-94941
-94927
-94931
-94929
-94921
-94907
-94894
-94894
-94902
-94905
-94908
-94910
-94915
-94924
-94934
-94955
-94969
-94980
-94998
-95001
-95012
-95028
-95047
-95090
-95128
-95168
-95214
-95245
-95291
-95357
-95419
-95482
-95546
-95605
-95655
-95705
-95765
-95834
-95914
-95995
-96069
-96136
-96191
-96247
-96309
-96374
-96445
-96509
-96567
-96631
-96694
-96749
-96793
-96848
-96902
-96940
-96972
-97004
-97041
-97073
-97099
-97133
-97158
-97165
-97184
-97207
-97210
-97213
-97232
-97251
-97271
-97300
-97322
-97333
-97348
-97359
-97381
-97419
-97444
-97473
-97496
-97493
-97503
-97510
-97521
-97550
-97560
-97562
-97564
-97549
-97531
-97518
-97508
-97493
-97467
-97450
-97422
-97384
-97357
-97336
-97310
-97290
-97288
-97272
-97247
-97222
-97193
-97175
-97154
-97144
-97138
-97132
-97136
-97137
-97146
-97152
-97141
-97147
-97154
-97148
-97137
-97123
-97121
-97128
-97125
-97125
-97118
-97096
-97072
-97043
-97011
-96978
-96954
-96938
-96905
-96873
-96849
-96815
-96758
-96693
-96634
-96583
-96538
-96496
-96462
-96429
-96372
-96317
-96256
-96183
-96131
-96083
-96030
-95970
-95914
-95866
-95812
-95772
-95742
-95709
-95667
-95614
-95567
-95511
-95457
-95414
-95362
-95303
-95248
-95196
-95141
-95091
-95038
-94961
-94888
-94822
-94754
-94692
-94635
-94581
-94512
-94439
-94378
-94312
-94247
-94197
-94149
-94093
-94038
-93977
-93912
-93864
-93811
-93763
-93736
-93702
-93669
-93648
-93630
-93623
-93621
-93620
-93616
-93617
-93636
-93640
-93640
-93659
-93668
-93689
-93716
-93732
-93755
-93783
-93799
-93813
-93838
-93866
-93894
-93920
-93953
-93988
-94018
-94059
-94088
-94105
-94123
-94131
-94137
-94166
-94196
-94218
-94240
-94244
-94247
-94250
-94238
-94226
-94227
-94228
-94219
-94212
-94206
-94200
-94202
-94207
-94204
-94198
-94186
-94167
-94165
-94160
-94158
-94166
-94157
-94158
-94173
-94181
-94196
-94211
-94216
-94228
-94244
-94252
-94282
-94328
-94366
-94398
-94429
-94481
-94535
-94588
-94654
-94709
-94772
-94829
-94883
-94954
-95022
-95097
-95170
-95228
-95287
-95353
-95430
-95495
-95559
-95632
-95688
-95748
-95817
-95878
-95944
-96012
-96062
-96112
-96180
-96231
-96280
-96348
-96407
-96465
-96519
-96564
-96599
-96629
-96670
-96710
-96738
-96757
-96778
-96793
-96798
-96813
-96822
-96830
-96847
-96844
-96832
-96823
-96807
-96795
-96803
-96813
-96818
-96824
-96809
-96780
-96758
-96729
-96712
-96708
-96700
-96680
-96639
-96613
-96595
-96582
-96593
-96606
-96630
-96649
-96658
-96660
-96652
-96663
-96677
-96694
-96727
-96750
-96763
-96782
-96788
-96794
-96817
-96850
-96889
-96923
-96947
-96958
-96974
-96994
-97017
-97071
-97131
-97166
-97192
-97208
-97209
-97218
-97239
-97253
-97276
-97295
-97288
-97277
-97263
-97247
-97227
-97202
-97191
-97170
-97146
-97128
-97086
-97045
-97004
-96949
-96908
-96878
-96846
-96822
-96797
-96746
-96705
-96680
-96649
-96633
-96619
-96610
-96600
-96573
-96539
-96508
-96483
-96450
-96420
-96396
-96371
-96348
-96314
-96300
-96306
-96298
-96291
-96282
-96263
-96253
-96243
-96232
-96246
-96269
-96278
-96288
-96301
-96297
-96299
-96306
-96310
-96353
-96410
-96446
-96483
-96500
-96502
-96511
-96525
-96559
-96592
-96622
-96645
-96645
-96645
-96649
-96654
-96660
-96673
-96684
-96668
-96641
-96612
-96578
-96557
-96548
-96535
-96522
-96509
-96478
-96429
-96376
-96331
-96301
-96285
-96269
-96248
-96223
-96192
-96149
-96097
-96053
-96017
-95982
-95960
-95939
-95903
-95866
-95823
-95768
-95717
-95669
-95626
-95599
-95573
-95543
-95510
-95461
-95390
-95326
-95271
-95217
-95189
-95161
-95125
-95098
-95052
-94994
-94947
-94899
-94850
-94813
-94787
-94754
-94733
-94723
-94700
-94691
-94678
-94652
-94653
-94657
-94659
-94672
-94682
-94693
-94690
-94685
-94688
-94679
-94676
-94685
-94687
-94685
-94690
-94700
-94714
-94710
-94699
-94698
-94691
-94693
-94704
-94723
-94749
-94763
-94768
-94757
-94753
-94765
-94769
-94783
-94795
-94796
-94799
-94804
-94816
-94831
-94864
-94903
-94930
-94970
-94994
-95018
-95051
-95081
-95129
-95170
-95223
-95285
-95317
-95340
-95354
-95369
-95388
-95424
-95483
-95520
-95541
-95564
-95575
-95579
-95589
-95605
-95613
-95630
-95652
-95662
-95693
-95726
-95759
-95810
-95842
-95871
-95910
-95941
-95987
-96035
-96073
-96119
-96154
-96186
-96228
-96276
-96331
-96395
-96466
-96526
-96573
-96618
-96668
-96718
-96769
-96823
-96877
-96930
-96972
-97009
-97054
-97096
-97136
-97181
-97224
-97263
-97289
-97306
-97314
-97329
-97362
-97394
-97426
-97469
-97501
-97521
-97544
-97565
-97576
-97583
-97600
-97620
-97636
-97664
-97692
-97709
-97725
-97726
-97726
-97742
-97762
-97786
-97816
-97837
-97845
-97849
-97846
-97843
-97846
-97843
-97841
-97837
-97820
-97798
-97761
-97721
-97689
-97654
-97621
-97580
-97548
-97515
-97474
-97433
-97373
-97317
-97265
-97198
-97137
-97080
-97017
-96939
-96868
-96812
-96746
-96695
-96648
-96588
-96537
-96485
-96424
-96366
-96324
-96277
-96209
-96158
-96115
-96069
-96038
-95996
-95941
-95871
-95790
-95717
-95647
-95582
-95529
-95479
-95410
-95334
-95255
-95167
-95089
-95014
-94947
-94878
-94815
-94757
-94672
-94599
-94546
-94479
-94423
-94384
-94344
-94281
-94222
-94168
-94099
-94034
-93981
-93936
-93888
-93830
-93770
-93707
-93656
-93613
-93568
-93522
-93471
-93418
-93367
-93317
-93270
-93218
-93172
-93120
-93058
-93009
-92971
-92944
-92918
-92888
-92856
-92820
-92789
-92769
-92755
-92745
-92737
-92719
-92702
-92699
-92691
-92699
-92711
-92711
-92716
-92709
-92708
-92722
-92724
-92728
-92730
-92732
-92748
-92764
-92774
-92793
-92819
-92836
-92843
-92855
-92866
-92885
-92919
-92951
-92975
-92999
-93026
-93062
-93093
-93111
-93141
-93182
-93213
-93250
-93296
-93344
-93385
-93423
-93471
-93520
-93595
-93677
-93744
-93819
-93893
-93958
-94018
-94084
-94161
-94246
-94326
-94393
-94465
-94543
-94612
-94669
-94726
-94780
-94835
-94911
-94974
-95030
-95095
-95150
-95202
-95248
-95304
-95369
-95425
-95489
-95545
-95598
-95649
-95697
-95762
-95823
-95871
-95923
-95974
-96018
-96068
-96120
-96169
-96223
-96264
-96305
-96363
-96424
-96487
-96554
-96618
-96680
-96743
-96811
-96881
-96944
-97011
-97080
-97141
-97203
-97264
-97326
-97394
-97458
-97516
-97571
-97626
-97680
-97724
-97773
-97830
-97876
-97926
-97976
-98016
-98070
-98113
-98154
-98205
-98239
-98285
-98331
-98353
-98378
-98407
-98436
-98457
-98470
-98494
-98513
-98513
-98514
-98507
-98500
-98502
-98490
-98472
-98451
-98434
-98413
-98371
-98340
-98315
-98291
-98259
-98227
-98214
-98190
-98157
-98124
-98087
-98055
-98017
-97977
-97959
-97937
-97895
-97855
-97817
-97786
-97763
-97730
-97698
-97659
-97615
-97580
-97541
-97513
-97496
-97476
-97456
-97421
-97385
-97354
-97315
-97282
-97259
-97225
-97181
-97153
-97130
-97092
-97059
-97024
-96979
-96939
-96911
-96881
-96840
-96806
-96762
-96710
-96667
-96632
-96597
-96561
-96524
-96482
-96442
-96402
-96366
-96336
-96301
-96258
-96206
-96154
-96105
-96066
-96036
-96002
-95970
-95925
-95872
-95836
-95804
-95764
-95724
-95687
-95648
-95606
-95562
-95517
-95478
-95428
-95388
-95365
-95341
-95328
-95305
-95285
-95275
-95262
-95258
-95268
-95293
-95304
-95315
-95324
-95322
-95352
-95387
-95414
-95446
-95465
-95480
-95492
-95509
-95539
-95572
-95604
-95641
-95666
-95686
-95721
-95751
-95769
-95800
-95823
-95819
-95814
-95815
-95809
-95815
-95829
-95816
-95794
-95788
-95781
-95767
-95760
-95767
-95759
-95748
-95746
-95730
-95730
-95739
-95738
-95750
-95763
-95773
-95777
-95772
-95781
-95798
-95800
-95805
-95810
-95806
-95800
-95798
-95786
-95771
-95777
-95780
-95779
-95788
-95784
-95779
-95776
-95766
-95761
-95756
-95746
-95739
-95740
-95754
-95765
-95761
-95764
-95764
-95756
-95763
-95784
-95807
-95819
-95830
-95833
-95828
-95841
-95863
-95895
-95920
-95936
-95946
-95947
-95950
-95959
-95971
-95966
-95958
-95956
-95942
-95936
-95931
-95921
-95913
-95894
-95873
-95851
-95833
-95819
-95799
-95789
-95768
-95731
-95716
-95696
-95668
-95648
-95622
-95598
-95579
-95564
-95556
-95552
-95544
-95535
-95527
-95526
-95539
-95555
-95573
-95584
-95588
-95605
-95630
-95657
-95680
-95705
-95731
-95748
-95774
-95803
-95823
-95845
-95857
-95862
-95885
-95900
-95915
-95942
-95950
-95951
-95947
-95935
-95933
-95931
-95916
-95893
-95876
-95853
-95834
-95820
-95806
-95796
-95779
-95756
-95721
-95684
-95669
-95660
-95647
-95627
-95608
-95581
-95536
-95506
-95482
-95450
-95434
-95412
-95383
-95367
-95350
-95329
-95307
-95279
-95248
-95227
-95221
-95224
-95224
-95219
-95209
-95194
-95195
-95200
-95194
-95201
-95190
-95169
-95178
-95181
-95186
-95192
-95190
-95193
-95191
-95200
-95209
-95219
-95239
-95247
-95266
-95287
-95307
-95347
-95372
-95380
-95396
-95407
-95420
-95440
-95471
-95504
-95532
-95561
-95569
-95573
-95591
-95596
-95613
-95640
-95652
-95666
-95683
-95697
-95714
-95728
-95741
-95763
-95784
-95794
-95805
-95815
-95823
-95824
-95819
-95815
-95810
-95813
-95815
-95816
-95824
-95816
-95818
-95819
-95796
-95793
-95784
-95764
-95774
-95784
-95787
-95792
-95777
-95764
-95764
-95770
-95796
-95826
-95862
-95895
-95908
-95931
-95970
-96018
-96066
-96117
-96172
-96209
-96252
-96305
-96345
-96390
-96442
-96483
-96514
-96546
-96581
-96618
-96662
-96711
-96751
-96795
-96845
-96886
-96928
-96969
-97016
-97067
-97111
-97162
-97210
-97267
-97331
-97377
-97424
-97473
-97521
-97571
-97614
-97656
-97698
-97746
-97793
-97833
-97876
-97911
-97941
-97985
-98023
-98064
-98109
-98131
-98146
-98156
-98159
-98176
-98202
-98230
-98249
-98255
-98258
-98256
-98252
-98248
-98251
-98250
-98227
-98202
-98183
-98162
-98143
-98127
-98108
-98086
-98056
-98021
-97985
-97950
-97920
-97887
-97841
-97804
-97777
-97742
-97700
-97660
-97623
-97584
-97554
-97523
-97486
-97468
-97430
-97376
-97337
-97289
-97246
-97207
-97163
-97116
-97049
-96987
-96937
-96892
-96846
-96804
-96754
-96678
-96603
-96545
-96479
-96417
-96368
-96312
-96252
-96192
-96123
-96057
-95997
-95936
-95880
-95828
-95781
-95724
-95649
-95587
-95531
-95462
-95401
-95342
-95271
-95204
-95134
-95056
-94988
-94919
-94855
-94792
-94719
-94647
-94570
-94486
-94413
-94344
-94266
-94190
-94119
-94036
-93960
-93896
-93829
-93766
-93708
-93654
-93600
-93541
-93491
-93447
-93407
-93375
-93339
-93313
-93292
-93273
-93262
-93235
-93218
-93217
-93206
-93203
-93201
-93201
-93204
-93201
-93208
-93221
-93234
-93255
-93267
-93279
-93300
-93322
-93357
-93392
-93429
-93469
-93492
-93514
-93542
-93570
-93601
-93638
-93669
-93689
-93719
-93752
-93773
-93799
-93836
-93866
-93883
-93906
-93934
-93964
-94003
-94040
-94076
-94114
-94154
-94195
-94236
-94283
-94320
-94330
-94341
-94365
-94397
-94436
-94466
-94496
-94537
-94560
-94585
-94624
-94657
-94696
-94737
-94771
-94810
-94846
-94883
-94925
-94979
-95040
-95088
-95143
-95210
-95271
-95330
-95381
-95438
-95499
-95553
-95618
-95680
-95738
-95797
-95857
-95931
-96003
-96067
-96137
-96218
-96287
-96350
-96430
-96501
-96566
-96627
-96687
-96757
-96820
-96888
-96952
-97002
-97067
-97113
-97141
-97180
-97212
-97236
-97259
-97283
-97307
-97325
-97345
-97359
-97371
-97380
-97374
-97364
-97353
-97352
-97357
-97354
-97346
-97334
-97311
-97288
-97268
-97243
-97226
-97201
-97159
-97124
-97096
-97074
-97050
-97012
-96981
-96944
-96891
-96849
-96809
-96769
-96734
-96690
-96647
-96601
-96560
-96521
-96479
-96450
-96411
-96378
-96349
-96307
-96290
-96265
-96229
-96213
-96192
-96179
-96172
-96152
-96140
-96117
-96086
-96067
-96040
-96016
-95993
-95969
-95943
-95901
-95859
-95828
-95796
-95758
-95720
-95683
-95640
-95601
-95557
-95510
-95477
-95433
-95403
-95392
-95362
-95335
-95297
-95255
-95219
-95179
-95161
-95146
-95131
-95114
-95088
-95069
-95050
-95042
-95047
-95057
-95075
-95082
-95081
-95084
-95093
-95114
-95138
-95160
-95183
-95193
-95206
-95223
-95242
-95263
-95276
-95305
-95326
-95330
-95350
-95364
-95374
-95392
-95410
-95431
-95447
-95468
-95487
-95500
-95518
-95527
-95538
-95555
-95568
-95585
-95600
-95614
-95623
-95628
-95647
-95654
-95642
-95637
-95628
-95621
-95634
-95642
-95649
-95650
-95632
-95613
-95603
-95605
-95605
-95608
-95610
-95595
-95590
-95577
-95564
-95559
-95541
-95532
-95527
-95524
-95518
-95513
-95518
-95520
-95529
-95537
-95537
-95556
-95570
-95577
-95595
-95612
-95640
-95683
-95728
-95769
-95798
-95832
-95866
-95900
-95934
-95971
-96021
-96071
-96117
-96147
-96181
-96223
-96262
-96312
-96356
-96403
-96447
-96484
-96527
-96555
-96589
-96623
-96644
-96677
-96707
-96738
-96769
-96794
-96816
-96829
-96842
-96851
-96866
-96876
-96880
-96891
-96888
-96902
-96916
-96907
-96916
-96921
-96914
-96919
-96914
-96912
-96917
-96910
-96902
-96894
-96882
-96879
-96890
-96898
-96897
-96902
-96899
-96883
-96871
-96859
-96860
-96876
-96881
-96886
-96901
-96900
-96885
-96870
-96862
-96862
-96857
-96854
-96851
-96843
-96838
-96823
-96810
-96803
-96797
-96799
-96797
-96787
-96780
-96771
-96768
-96778
-96770
-96753
-96738
-96708
-96683
-96663
-96643
-96632
-96612
-96597
-96586
-96569
-96559
-96544
-96519
-96491
-96461
-96426
-96409
-96395
-96374
-96363
-96329
-96297
-96282
-96256
-96228
-96208
-96188
-96154
-96113
-96077
-96041
-96021
-96009
-95989
-95969
-95945
-95914
-95887
-95866
-95848
-95827
-95810
-95812
-95807
-95801
-95794
-95779
-95765
-95756
-95748
-95745
-95743
-95737
-95734
-95731
-95728
-95730
-95738
-95739
-95736
-95740
-95739
-95754
-95773
-95782
-95790
-95782
-95772
-95771
-95773
-95779
-95780
-95782
-95779
-95759
-95753
-95756
-95760
-95763
-95758
-95747
-95732
-95729
-95745
-95761
-95780
-95798
-95799
-95798
-95803
-95811
-95834
-95858
-95882
-95899
-95904
-95918
-95934
-95949
-95972
-95994
-96008
-96011
-96015
-96025
-96026
-96031
-96041
-96046
-96051
-96043
-96036
-96037
-96031
-96032
-96036
-96040
-96041
-96033
-96024
-96013
-96007
-95996
-95983
-95974
-95947
-95926
-95917
-95906
-95912
-95913
-95902
-95893
-95870
-95846
-95835
-95842
-95867
-95883
-95887
-95888
-95878
-95878
-95900
-95926
-95947
-95952
-95944
-95929
-95913
-95913
-95921
-95929
-95947
-95955
-95949
-95941
-95940
-95941
-95934
-95937
-95946
-95945
-95943
-95932
-95912
-95899
-95901
-95894
-95885
-95879
-95861
-95849
-95829
-95812
-95799
-95780
-95775
-95761
-95740
-95732
-95725
-95725
-95717
-95703
-95701
-95681
-95659
-95651
-95646
-95647
-95644
-95632
-95607
-95578
-95557
-95550
-95555
-95550
-95543
-95524
-95483
-95456
-95454
-95454
-95456
-95454
-95442
-95422
-95392
-95375
-95375
-95378
-95382
-95378
-95374
-95366
-95366
-95367
-95365
-95371
-95371
-95383
-95392
-95388
-95397
-95407
-95416
-95430
-95439
-95452
-95475
-95492
-95506
-95515
-95522
-95540
-95558
-95578
-95597
-95608
-95625
-95644
-95664
-95681
-95688
-95698
-95705
-95708
-95713
-95725
-95751
-95766
-95770
-95779
-95780
-95780
-95791
-95808
-95819
-95822
-95826
-95830
-95835
-95844
-95858
-95871
-95886
-95897
-95917
-95940
-95941
-95945
-95962
-95972
-95988
-96012
-96041
-96067
-96084
-96090
-96095
-96106
-96121
-96145
-96160
-96163
-96153
-96137
-96131
-96114
-96108
-96116
-96109
-96100
-96082
-96062
-96044
-96019
-96002
-95980
-95969
-95967
-95951
-95933
-95910
-95895
-95877
-95854
-95850
-95852
-95845
-95838
-95837
-95824
-95800
-95785
-95774
-95765
-95760
-95747
-95728
-95719
-95705
-95676
-95665
-95645
-95618
-95615
-95599
-95585
-95585
-95563
-95524
-95492
-95470
-95449
-95433
-95416
-95394
-95374
-95347
-95319
-95295
-95269
-95252
-95232
-95201
-95180
-95155
-95131
-95117
-95098
-95086
-95062
-95032
-95017
-95003
-94986
-94964
-94943
-94926
-94909
-94901
-94892
-94869
-94857
-94848
-94827
-94807
-94796
-94786
-94762
-94747
-94732
-94709
-94698
-94680
-94664
-94654
-94639
-94627
-94622
-94620
-94611
-94604
-94596
-94594
-94590
-94588
-94601
-94607
-94624
-94642
-94648
-94680
-94721
-94753
-94788
-94825
-94862
-94901
-94948
-95006
-95068
-95122
-95167
-95209
-95250
-95294
-95341
-95395
-95455
-95510
-95550
-95583
-95621
-95657
-95694
-95733
-95768
-95801
-95825
-95855
-95882
-95898
-95919
-95940
-95956
-95977
-96012
-96044
-96071
-96108
-96128
-96146
-96181
-96208
-96231
-96250
-96255
-96259
-96260
-96264
-96269
-96267
-96278
-96281
-96269
-96270
-96264
-96259
-96263
-96264
-96266
-96259
-96254
-96249
-96241
-96238
-96236
-96230
-96227
-96234
-96234
-96222
-96216
-96196
-96171
-96160
-96149
-96137
-96130
-96116
-96094
-96080
-96065
-96055
-96049
-96029
-96016
-96003
-95976
-95949
-95937
-95924
-95900
-95882
-95870
-95858
-95842
-95821
-95798
-95766
-95740
-95732
-95734
-95746
-95750
-95734
-95715
-95684
-95667
-95674
-95682
-95701
-95707
-95691
-95676
-95649
-95632
-95625
-95615
-95615
-95603
-95570
-95536
-95506
-95493
-95492
-95494
-95491
-95482
-95481
-95461
-95445
-95448
-95445
-95445
-95446
-95446
-95433
-95409
-95396
-95386
-95389
-95405
-95409
-95409
-95402
-95393
-95390
-95386
-95388
-95387
-95381
-95377
-95354
-95331
-95327
-95329
-95341
-95350
-95347
-95336
-95337
-95340
-95334
-95338
-95340
-95334
-95319
-95304
-95299
-95304
-95334
-95356
-95372
-95387
-95395
-95414
-95429
-95448
-95475
-95497
-95526
-95553
-95579
-95603
-95621
-95640
-95667
-95694
-95727
-95766
-95810
-95853
-95888
-95924
-95964
-96003
-96033
-96058
-96079
-96090
-96115
-96140
-96154
-96173
-96180
-96176
-96165
-96137
-96108
-96086
-96079
-96087
-96084
-96076
-96067
-96041
-96013
-95993
-95981
-95979
-95984
-95998
-95999
-95984
-95966
-95955
-95959
-95974
-95994
-96009
-96017
-96016
-96012
-96014
-96033
-96083
-96122
-96156
-96195
-96214
-96252
-96294
-96327
-96370
-96408
-96447
-96475
-96504
-96558
-96597
-96649
-96713
-96747
-96777
-96805
-96836
-96864
-96884
-96907
-96927
-96956
-96986
-97016
-97047
-97062
-97083
-97092
-97094
-97110
-97113
-97115
-97113
-97090
-97065
-97040
-97017
-97002
-96981
-96958
-96936
-96910
-96879
-96849
-96812
-96776
-96756
-96741
-96718
-96703
-96685
-96661
-96643
-96621
-96601
-96571
-96529
-96492
-96454
-96420
-96397
-96383
-96371
-96366
-96358
-96340
-96336
-96332
-96336
-96355
-96363
-96378
-96385
-96376
-96373
-96369
-96381
-96393
-96408
-96430
-96439
-96452
-96474
-96490
-96498
-96511
-96529
-96537
-96545
-96570
-96590
-96595
-96590
-96583
-96578
-96571
-96566
-96573
-96576
-96563
-96550
-96522
-96491
-96480
-96455
-96426
-96407
-96378
-96347
-96329
-96314
-96296
-96273
-96232
-96188
-96167
-96158
-96148
-96138
-96128
-96116
-96092
-96057
-96028
-96007
-95986
-95977
-95963
-95938
-95929
-95910
-95880
-95865
-95856
-95843
-95836
-95831
-95826
-95815
-95802
-95791
-95783
-95793
-95801
-95800
-95806
-95808
-95808
-95809
-95817
-95838
-95854
-95865
-95872
-95885
-95914
-95952
-95988
-96021
-96052
-96082
-96101
-96114
-96139
-96164
-96183
-96195
-96202
-96204
-96211
-96219
-96221
-96239
-96254
-96258
-96268
-96262
-96257
-96261
-96258
-96263
-96270
-96270
-96267
-96261
-96255
-96247
-96238
-96238
-96248
-96253
-96253
-96261
-96260
-96261
-96273
-96278
-96297
-96310
-96314
-96324
-96327
-96340
-96346
-96352
-96371
-96382
-96387
-96391
-96408
-96435
-96461
-96493
-96524
-96552
-96582
-96603
-96613
-96628
-96633
-96642
-96657
-96668
-96691
-96708
-96723
-96738
-96746
-96756
-96752
-96743
-96733
-96718
-96708
-96692
-96673
-96658
-96631
-96592
-96554
-96512
-96477
-96440
-96400
-96362
-96312
-96258
-96195
-96136
-96098
-96057
-96026
-95995
-95951
-95901
-95840
-95795
-95758
-95712
-95667
-95617
-95572
-95527
-95473
-95418
-95365
-95315
-95275
-95236
-95202
-95177
-95141
-95101
-95064
-95025
-94994
-94968
-94946
-94919
-94881
-94844
-94812
-94787
-94759
-94724
-94699
-94672
-94628
-94596
-94574
-94556
-94550
-94540
-94525
-94513
-94504
-94501
-94496
-94491
-94486
-94474
-94472
-94475
-94474
-94471
-94462
-94462
-94456
-94449
-94451
-94450
-94456
-94451
-94447
-94463
-94465
-94464
-94465
-94463
-94459
-94443
-94439
-94440
-94431
-94425
-94418
-94418
-94419
-94411
-94422
-94437
-94427
-94423
-94429
-94435
-94455
-94473
-94496
-94522
-94534
-94555
-94575
-94607
-94656
-94698
-94743
-94774
-94800
-94844
-94876
-94915
-94973
-95028
-95077
-95123
-95169
-95214
-95263
-95310
-95355
-95408
-95465
-95532
-95601
-95662
-95716
-95756
-95792
-95833
-95867
-95906
-95953
-95989
-96018
-96050
-96086
-96120
-96148
-96189
-96233
-96265
-96304
-96348
-96392
-96433
-96469
-96504
-96534
-96573
-96623
-96669
-96718
-96769
-96806
-96842
-96879
-96907
-96935
-96967
-96999
-97029
-97067
-97101
-97132
-97162
-97182
-97217
-97238
-97253
-97292
-97322
-97358
-97398
-97416
-97436
-97466
-97492
-97510
-97533
-97545
-97545
-97558
-97562
-97559
-97560
-97561
-97571
-97580
-97583
-97584
-97596
-97601
-97583
-97572
-97552
-97533
-97535
-97525
-97505
-97485
-97464
-97444
-97427
-97414
-97394
-97368
-97342
-97314
-97289
-97268
-97253
-97241
-97219
-97192
-97163
-97139
-97124
-97102
-97094
-97084
-97048
-97017
-96984
-96949
-96922
-96898
-96868
-96826
-96797
-96769
-96729
-96698
-96658
-96606
-96572
-96535
-96496
-96468
-96438
-96403
-96367
-96325
-96273
-96221
-96167
-96118
-96066
-96006
-95957
-95908
-95862
-95806
-95748
-95698
-95638
-95594
-95547
-95491
-95451
-95385
-95317
-95270
-95213
-95156
-95109
-95064
-95015
-94974
-94940
-94899
-94851
-94806
-94763
-94703
-94647
-94604
-94561
-94538
-94517
-94484
-94464
-94439
-94399
-94356
-94325
-94301
-94264
-94237
-94223
-94203
-94185
-94165
-94146
-94130
-94113
-94113
-94117
-94105
-94103
-94104
-94100
-94103
-94110
-94114
-94114
-94122
-94131
-94130
-94133
-94138
-94147
-94150
-94144
-94143
-94143
-94157
-94164
-94163
-94168
-94152
-94146
-94147
-94143
-94154
-94171
-94188
-94192
-94192
-94196
-94198
-94203
-94208
-94222
-94231
-94233
-94245
-94254
-94263
-94286
-94303
-94318
-94342
-94361
-94387
-94416
-94438
-94466
-94497
-94530
-94559
-94591
-94633
-94659
-94690
-94733
-94767
-94811
-94856
-94896
-94938
-94972
-94998
-95030
-95078
-95125
-95168
-95214
-95249
-95272
-95303
-95344
-95384
-95420
-95462
-95503
-95532
-95574
-95613
-95641
-95684
-95719
-95744
-95779
-95813
-95847
-95872
-95900
-95924
-95930
-95952
-95971
-95974
-95991
-96003
-96005
-96027
-96054
-96062
-96074
-96090
-96101
-96117
-96128
-96145
-96164
-96173
-96177
-96170
-96168
-96176
-96184
-96199
-96211
-96225
-96235
-96236
-96239
-96245
-96255
-96264
-96265
-96266
-96274
-96281
-96283
-96297
-96312
-96330
-96366
-96391
-96408
-96429
-96436
-96447
-96475
-96511
-96544
-96570
-96592
-96605
-96609
-96628
-96661
-96691
-96720
-96742
-96748
-96736
-96727
-96736
-96751
-96766
-96786
-96798
-96792
-96784
-96785
-96798
-96819
-96843
-96854
-96841
-96827
-96814
-96794
-96792
-96797
-96794
-96786
-96767
-96758
-96747
-96732
-96719
-96704
-96697
-96687
-96682
-96666
-96652
-96657
-96638
-96622
-96617
-96610
-96598
-96575
-96564
-96552
-96543
-96544
-96531
-96522
-96515
-96511
-96519
-96526
-96531
-96535
-96535
-96532
-96539
-96557
-96585
-96605
-96619
-96638
-96653
-96675
-96693
-96709
-96731
-96738
-96740
-96741
-96746
-96769
-96780
-96795
-96822
-96825
-96832
-96832
-96819
-96828
-96831
-96815
-96808
-96815
-96818
-96817
-96826
-96831
-96828
-96818
-96806
-96808
-96806
-96809
-96815
-96800
-96786
-96785
-96787
-96788
-96783
-96766
-96748
-96742
-96731
-96710
-96703
-96687
-96655
-96621
-96602
-96599
-96594
-96586
-96560
-96525
-96497
-96450
-96414
-96389
-96357
-96328
-96302
-96272
-96245
-96237
-96219
-96192
-96173
-96143
-96115
-96090
-96058
-96035
-96015
-95986
-95975
-95961
-95934
-95914
-95889
-95856
-95826
-95804
-95787
-95765
-95744
-95719
-95690
-95657
-95633
-95612
-95583
-95567
-95549
-95524
-95501
-95483
-95472
-95453
-95439
-95427
-95401
-95370
-95355
-95354
-95345
-95344
-95337
-95311
-95291
-95271
-95252
-95232
-95209
-95186
-95162
-95143
-95127
-95112
-95097
-95080
-95053
-95021
-94986
-94940
-94910
-94884
-94853
-94832
-94809
-94772
-94733
-94709
-94690
-94672
-94650
-94624
-94608
-94586
-94556
-94531
-94506
-94488
-94485
-94494
-94489
-94475
-94472
-94466
-94460
-94467
-94466
-94463
-94456
-94445
-94455
-94472
-94495
-94519
-94542
-94567
-94573
-94580
-94609
-94645
-94679
-94711
-94736
-94744
-94747
-94767
-94791
-94820
-94866
-94917
-94942
-94957
-94982
-94998
-95033
-95071
-95102
-95153
-95194
-95235
-95263
-95286
-95324
-95361
-95419
-95468
-95506
-95543
-95561
-95576
-95600
-95635
-95677
-95715
-95745
-95758
-95752
-95744
-95743
-95756
-95788
-95807
-95813
-95817
-95801
-95778
-95771
-95773
-95770
-95772
-95774
-95763
-95752
-95749
-95747
-95753
-95747
-95727
-95719
-95699
-95679
-95678
-95674
-95685
-95693
-95694
-95691
-95672
-95667
-95665
-95673
-95702
-95719
-95730
-95726
-95717
-95717
-95717
-95733
-95756
-95776
-95779
-95758
-95744
-95744
-95741
-95761
-95774
-95774
-95777
-95749
-95774
-95761
-95795
-95827
-95796
-95859
-95706
-95792
-95956
-95790
-95890
-95927
-95907
-95958
-95914
-95942
-95931
-95946
-95988
-96028
-96081
-96089
-96090
-96068
-96053
-96072
-96097
-96130
-96151
-96142
-96120
-96092
-96072
-96074
-96080
-96089
-96087
-96055
-96019
-95998
-95995
-96009
-96016
-96013
-95991
-95948
-95913
-95895
-95893
-95909
-95931
-95940
-95936
-95926
-95907
-95907
-95906
-95897
-95899
-95893
-95881
-95873
-95865
-95871
-95887
-95901
-95917
-95939
-95956
-95966
-95976
-95981
-95988
-95999
-96020
-96039
-96046
-96067
-96074
-96069
-96069
-96062
-96084
-96117
-96145
-96179
-96204
-96221
-96222
-96198
-96179
-96174
-96195
-96245
-96279
-96300
-96308
-96289
-96267
-96258
-96288
-96346
-96392
-96419
-96425
-96421
-96418
-96426
-96464
-96511
-96546
-96557
-96556
-96553
-96554
-96582
-96619
-96654
-96693
-96703
-96705
-96711
-96713
-96731
-96753
-96768
-96775
-96779
-96791
-96803
-96818
-96836
-96860
-96878
-96869
-96868
-96869
-96870
-96882
-96892
-96904
-96902
-96881
-96858
-96840
-96836
-96836
-96853
-96865
-96856
-96838
-96791
-96751
-96737
-96723
-96717
-96698
-96666
-96634
-96597
-96563
-96542
-96521
-96487
-96455
-96412
-96373
-96361
-96341
-96326
-96312
-96279
-96244
-96207
-96183
-96171
-96165
-96152
-96126
-96109
-96084
-96065
-96070
-96083
-96092
-96085
-96075
-96052
-96028
-96016
-96002
-96007
-96018
-96023
-96016
-95994
-95981
-95960
-95948
-95956
-95965
-95972
-95967
-95968
-95966
-95965
-95986
-95998
-96009
-96008
-95992
-95980
-95967
-95975
-96002
-96025
-96040
-96034
-96017
-96006
-95996
-95993
-96001
-96010
-96008
-96001
-96004
-96005
-95999
-95994
-95970
-95944
-95922
-95897
-95883
-95864
-95854
-95859
-95848
-95830
-95805
-95784
-95774
-95766
-95764
-95750
-95718
-95687
-95662
-95643
-95636
-95648
-95673
-95684
-95678
-95670
-95662
-95657
-95660
-95690
-95719
-95731
-95739
-95731
-95729
-95757
-95808
-95868
-95912
-95950
-95975
-95979
-95998
-96045
-96110
-96175
-96216
-96222
-96201
-96194
-96219
-96275
-96361
-96434
-96476
-96484
-96468
-96461
-96464
-96491
-96539
-96585
-96620
-96632
-96630
-96634
-96661
-96696
-96732
-96761
-96772
-96777
-96766
-96758
-96767
-96781
-96805
-96810
-96803
-96811
-96805
-96802
-96819
-96833
-96849
-96860
-96850
-96827
-96817
-96809
-96815
-96839
-96838
-96828
-96808
-96777
-96757
-96744
-96754
-96773
-96785
-96785
-96766
-96741
-96707
-96692
-96688
-96661
-96644
-96632
-96614
-96610
-96627
-96639
-96628
-96618
-96608
-96589
-96578
-96593
-96627
-96652
-96670
-96681
-96690
-96701
-96704
-96719
-96742
-96759
-96764
-96763
-96765
-96760
-96759
-96771
-96789
-96818
-96845
-96844
-96834
-96822
-96809
-96794
-96785
-96784
-96763
-96741
-96714
-96681
-96668
-96665
-96659
-96637
-96607
-96569
-96524
-96497
-96476
-96457
-96432
-96399
-96367
-96330
-96300
-96284
-96277
-96263
-96235
-96202
-96163
-96128
-96100
-96080
-96062
-96023
-95981
-95934
-95877
-95821
-95770
-95743
-95721
-95679
-95632
-95585
-95538
-95488
-95443
-95408
-95376
-95356
-95329
-95304
-95281
-95249
-95223
-95187
-95151
-95109
-95074
-95056
-95026
-95002
-94981
-94956
-94916
-94870
-94834
-94797
-94779
-94767
-94751
-94724
-94678
-94641
-94603
-94574
-94560
-94536
-94507
-94480
-94449
-94410
-94377
-94362
-94344
-94329
-94310
-94267
-94232
-94207
-94180
-94163
-94148
-94127
-94106
-94082
-94056
-94035
-94014
-93996
-93985
-93973
-93963
-93955
-93955
-93961
-93952
-93945
-93948
-93944
-93933
-93939
-93954
-93959
-93978
-93994
-93998
-94000
-94011
-94039
-94064
-94093
-94119
-94135
-94138
-94124
-94127
-94144
-94176
-94218
-94241
-94269
-94281
-94290
-94328
-94359
-94396
-94442
-94470
-94495
-94513
-94543
-94598
-94653
-94701
-94751
-94794
-94822
-94865
-94924
-94994
-95070
-95117
-95158
-95205
-95243
-95283
-95335
-95399
-95462
-95511
-95540
-95559
-95593
-95644
-95709
-95773
-95829
-95883
-95923
-95960
-96001
-96038
-96085
-96136
-96191
-96249
-96294
-96350
-96417
-96461
-96506
-96555
-96598
-96661
-96721
-96767
-96815
-96851
-96880
-96904
-96933
-96967
-96995
-97033
-97070
-97094
-97101
-97110
-97124
-97126
-97134
-97147
-97159
-97160
-97146
-97142
-97140
-97139
-97144
-97142
-97121
-97097
-97080
-97052
-97040
-97043
-97033
-97015
-96965
-96906
-96864
-96821
-96798
-96789
-96769
-96725
-96664
-96609
-96549
-96508
-96487
-96453
-96415
-96366
-96303
-96239
-96190
-96145
-96102
-96070
-96028
-95964
-95897
-95838
-95786
-95734
-95689
-95648
-95593
-95526
-95458
-95391
-95328
-95264
-95209
-95153
-95094
-95032
-94956
-94894
-94841
-94792
-94745
-94678
-94620
-94569
-94523
-94488
-94457
-94446
-94426
-94379
-94350
-94338
-94327
-94323
-94323
-94326
-94319
-94295
-94275
-94268
-94262
-94257
-94262
-94266
-94265
-94273
-94283
-94286
-94292
-94291
-94280
-94274
-94281
-94303
-94340
-94379
-94393
-94402
-94426
-94438
-94460
-94492
-94521
-94553
-94567
-94568
-94583
-94614
-94649
-94689
-94735
-94770
-94796
-94820
-94849
-94889
-94930
-94965
-94993
-95011
-95029
-95062
-95100
-95150
-95203
-95235
-95256
-95282
-95322
-95365
-95399
-95431
-95463
-95476
-95484
-95508
-95540
-95586
-95648
-95709
-95737
-95746
-95759
-95771
-95799
-95843
-95886
-95915
-95941
-95955
-95946
-95969
-96023
-96086
-96149
-96198
-96230
-96243
-96265
-96288
-96305
-96339
-96380
-96416
-96435
-96453
-96482
-96517
-96554
-96591
-96626
-96661
-96681
-96692
-96704
-96708
-96713
-96721
-96739
-96773
-96799
-96823
-96837
-96835
-96834
-96837
-96842
-96843
-96843
-96843
-96847
-96856
-96860
-96871
-96892
-96900
-96883
-96860
-96847
-96826
-96817
-96824
-96817
-96807
-96799
-96791
-96787
-96779
-96779
-96777
-96763
-96746
-96728
-96710
-96698
-96693
-96683
-96669
-96640
-96607
-96580
-96556
-96555
-96559
-96570
-96587
-96571
-96537
-96496
-96457
-96440
-96447
-96464
-96458
-96442
-96429
-96401
-96373
-96354
-96340
-96349
-96363
-96355
-96345
-96341
-96348
-96366
-96380
-96393
-96409
-96426
-96449
-96474
-96480
-96477
-96460
-96435
-96434
-96445
-96468
-96506
-96536
-96537
-96523
-96512
-96493
-96506
-96539
-96562
-96574
-96554
-96542
-96545
-96552
-96567
-96581
-96600
-96604
-96597
-96587
-96573
-96564
-96556
-96549
-96556
-96559
-96559
-96567
-96556
-96549
-96546
-96534
-96525
-96506
-96487
-96467
-96451
-96433
-96414
-96413
-96411
-96406
-96396
-96386
-96378
-96372
-96359
-96334
-96309
-96275
-96248
-96233
-96223
-96218
-96196
-96177
-96171
-96148
-96121
-96096
-96066
-96037
-96015
-95992
-95965
-95959
-95951
-95921
-95897
-95882
-95874
-95865
-95845
-95834
-95820
-95789
-95758
-95744
-95751
-95756
-95767
-95765
-95735
-95701
-95663
-95629
-95604
-95604
-95610
-95600
-95605
-95607
-95623
-95636
-95617
-95597
-95556
-95519
-95502
-95500
-95517
-95526
-95527
-95518
-95501
-95481
-95477
-95476
-95463
-95446
-95411
-95388
-95374
-95347
-95329
-95313
-95293
-95267
-95250
-95244
-95239
-95230
-95210
-95197
-95183
-95165
-95172
-95186
-95193
-95190
-95173
-95165
-95150
-95139
-95159
-95178
-95197
-95205
-95202
-95197
-95180
-95180
-95187
-95197
-95224
-95244
-95264
-95283
-95294
-95297
-95287
-95288
-95290
-95280
-95284
-95285
-95288
-95298
-95305
-95329
-95342
-95354
-95382
-95392
-95394
-95394
-95397
-95417
-95448
-95480
-95492
-95501
-95509
-95502
-95491
-95472
-95467
-95473
-95481
-95494
-95481
-95474
-95489
-95498
-95515
-95525
-95526
-95523
-95509
-95493
-95483
-95483
-95483
-95496
-95505
-95497
-95504
-95514
-95525
-95538
-95530
-95524
-95522
-95514
-95528
-95555
-95577
-95596
-95610
-95619
-95616
-95617
-95641
-95664
-95676
-95671
-95658
-95659
-95672
-95692
-95712
-95726
-95712
-95686
-95668
-95654
-95663
-95682
-95694
-95691
-95664
-95657
-95666
-95675
-95693
-95707
-95712
-95695
-95673
-95663
-95666
-95680
-95688
-95683
-95674
-95678
-95695
-95712
-95733
-95759
-95768
-95763
-95753
-95740
-95753
-95770
-95767
-95771
-95761
-95735
-95722
-95724
-95746
-95772
-95783
-95791
-95792
-95777
-95762
-95751
-95755
-95770
-95772
-95778
-95789
-95775
-95769
-95791
-95818
-95845
-95871
-95891
-95896
-95896
-95912
-95947
-95990
-96029
-96056
-96069
-96072
-96073
-96078
-96077
-96077
-96080
-96068
-96054
-96050
-96071
-96102
-96128
-96155
-96159
-96150
-96144
-96132
-96123
-96115
-96103
-96096
-96082
-96064
-96067
-96074
-96082
-96089
-96077
-96069
-96054
-96024
-96010
-96000
-95996
-96000
-95994
-95999
-96004
-95999
-95996
-95991
-95998
-96011
-96020
-96030
-96033
-96032
-96038
-96060
-96089
-96105
-96118
-96127
-96123
-96121
-96146
-96183
-96220
-96269
-96310
-96333
-96335
-96333
-96342
-96347
-96361
-96379
-96398
-96421
-96434
-96447
-96456
-96451
-96453
-96461
-96470
-96479
-96482
-96484
-96482
-96478
-96481
-96496
-96527
-96538
-96528
-96529
-96520
-96510
-96523
-96543
-96566
-96567
-96556
-96555
-96556
-96572
-96591
-96599
-96595
-96575
-96553
-96524
-96514
-96519
-96511
-96512
-96512
-96502
-96500
-96498
-96501
-96512
-96513
-96505
-96480
-96457
-96450
-96441
-96442
-96443
-96448
-96446
-96423
-96408
-96384
-96354
-96340
-96330
-96328
-96321
-96320
-96313
-96285
-96270
-96253
-96228
-96203
-96165
-96133
-96112
-96096
-96096
-96101
-96095
-96093
-96083
-96061
-96051
-96037
-96015
-96001
-95994
-95988
-95984
-95987
-95983
-95985
-95999
-95997
-95985
-95971
-95953
-95932
-95899
-95869
-95854
-95839
-95837
-95843
-95845
-95834
-95804
-95771
-95739
-95726
-95731
-95726
-95713
-95687
-95657
-95628
-95595
-95584
-95576
-95569
-95571
-95549
-95528
-95510
-95481
-95468
-95467
-95463
-95453
-95455
-95469
-95471
-95473
-95476
-95472
-95473
-95480
-95485
-95484
-95480
-95473
-95475
-95490
-95500
-95514
-95536
-95544
-95540
-95544
-95545
-95524
-95525
-95550
-95553
-95570
-95594
-95596
-95608
-95638
-95668
-95678
-95672
-95660
-95646
-95628
-95634
-95662
-95683
-95727
-95757
-95755
-95751
-95741
-95760
-95791
-95829
-95889
-95923
-95938
-95949
-95939
-95936
-95945
-95949
-95964
-95974
-95973
-95969
-95974
-96004
-96026
-96042
-96047
-96031
-96023
-96006
-95991
-96006
-96025
-96032
-96024
-96013
-96012
-96015
-96005
-96005
-96010
-95994
-95978
-95960
-95956
-95969
-95978
-95989
-95991
-95986
-95979
-95977
-95981
-95992
-96010
-96015
-96012
-96009
-96016
-96036
-96062
-96079
-96087
-96113
-96114
-96105
-96117
-96112
-96124
-96151
-96168
-96168
-96134
-96107
-96096
-96100
-96132
-96162
-96182
-96177
-96147
-96120
-96097
-96097
-96129
-96165
-96184
-96165
-96133
-96109
-96094
-96109
-96145
-96183
-96212
-96219
-96219
-96207
-96174
-96160
-96172
-96201
-96244
-96264
-96269
-96261
-96243
-96251
-96271
-96288
-96300
-96306
-96308
-96292
-96269
-96258
-96252
-96258
-96273
-96266
-96242
-96209
-96185
-96190
-96220
-96261
-96268
-96253
-96230
-96190
-96173
-96181
-96198
-96225
-96251
-96264
-96266
-96255
-96242
-96260
-96269
-96261
-96270
-96272
-96262
-96247
-96232
-96219
-96194
-96181
-96171
-96158
-96156
-96142
-96127
-96113
-96084
-96058
-96038
-96008
-95976
-95960
-95935
-95904
-95882
-95878
-95881
-95869
-95862
-95862
-95858
-95850
-95842
-95830
-95819
-95825
-95837
-95841
-95840
-95833
-95808
-95789
-95786
-95793
-95811
-95820
-95814
-95791
-95772
-95778
-95791
-95802
-95807
-95792
-95757
-95710
-95667
-95659
-95670
-95678
-95690
-95682
-95650
-95615
-95593
-95580
-95578
-95579
-95561
-95530
-95500
-95469
-95449
-95447
-95442
-95438
-95441
-95440
-95432
-95412
-95395
-95388
-95384
-95396
-95402
-95385
-95372
-95365
-95353
-95342
-95332
-95327
-95330
-95317
-95299
-95303
-95304
-95310
-95313
-95305
-95281
-95243
-95222
-95202
-95184
-95179
-95171
-95159
-95144
-95132
-95118
-95119
-95122
-95107
-95094
-95072
-95066
-95076
-95069
-95059
-95040
-95014
-95011
-95019
-95004
-94987
-94990
-94984
-94972
-94967
-94963
-94956
-94945
-94927
-94905
-94895
-94898
-94896
-94895
-94896
-94882
-94873
-94863
-94842
-94843
-94844
-94844
-94841
-94829
-94837
-94849
-94855
-94863
-94860
-94858
-94863
-94874
-94891
-94905
-94918
-94940
-94965
-94973
-94994
-95016
-95025
-95058
-95082
-95102
-95135
-95168
-95206
-95245
-95287
-95311
-95336
-95372
-95397
-95421
-95448
-95492
-95533
-95554
-95577
-95599
-95617
-95634
-95650
-95674
-95713
-95751
-95783
-95817
-95847
-95877
-95924
-95978
-96021
-96060
-96092
-96118
-96150
-96184
-96230
-96280
-96318
-96347
-96362
-96376
-96410
-96457
-96514
-96570
-96595
-96597
-96599
-96611
-96646
-96695
-96730
-96768
-96787
-96772
-96783
-96789
-96802
-96837
-96850
-96879
-96901
-96889
-96880
-96878
-96888
-96898
-96897
-96906
-96907
-96881
-96850
-96835
-96843
-96858
-96871
-96886
-96880
-96860
-96840
-96813
-96797
-96799
-96806
-96802
-96781
-96753
-96745
-96743
-96738
-96756
-96759
-96738
-96705
-96662
-96641
-96636
-96637
-96644
-96638
-96621
-96600
-96584
-96567
-96552
-96561
-96563
-96555
-96542
-96516
-96487
-96455
-96437
-96419
-96401
-96390
-96377
-96372
-96365
-96333
-96293
-96268
-96258
-96247
-96229
-96202
-96173
-96139
-96113
-96104
-96096
-96093
-96077
-96049
-96024
-95987
-95961
-95947
-95939
-95936
-95912
-95878
-95848
-95833
-95821
-95800
-95790
-95781
-95774
-95753
-95720
-95709
-95691
-95670
-95664
-95666
-95676
-95661
-95647
-95639
-95626
-95614
-95592
-95592
-95595
-95592
-95600
-95592
-95588
-95581
-95558
-95544
-95530
-95526
-95536
-95541
-95547
-95556
-95564
-95575
-95579
-95590
-95605
-95610
-95622
-95635
-95642
-95642
-95641
-95648
-95649
-95661
-95666
-95653
-95658
-95668
-95677
-95697
-95713
-95715
-95718
-95723
-95723
-95742
-95746
-95726
-95709
-95694
-95686
-95688
-95706
-95726
-95741
-95753
-95743
-95731
-95734
-95740
-95746
-95731
-95721
-95736
-95735
-95740
-95757
-95762
-95766
-95769
-95768
-95754
-95761
-95791
-95806
-95824
-95837
-95843
-95848
-95827
-95822
-95836
-95834
-95833
-95833
-95831
-95827
-95826
-95823
-95817
-95820
-95815
-95814
-95810
-95786
-95773
-95757
-95735
-95723
-95706
-95702
-95693
-95668
-95656
-95658
-95657
-95643
-95633
-95630
-95621
-95617
-95623
-95630
-95634
-95639
-95629
-95599
-95593
-95595
-95579
-95585
-95599
-95608
-95619
-95622
-95623
-95615
-95608
-95600
-95589
-95577
-95563
-95555
-95543
-95546
-95548
-95534
-95531
-95520
-95510
-95516
-95523
-95532
-95541
-95542
-95535
-95539
-95544
-95538
-95542
-95551
-95561
-95565
-95558
-95569
-95570
-95559
-95563
-95550
-95544
-95543
-95527
-95520
-95518
-95529
-95524
-95506
-95483
-95435
-95402
-95389
-95380
-95386
-95402
-95413
-95406
-95383
-95359
-95341
-95318
-95302
-95286
-95256
-95236
-95218
-95209
-95218
-95219
-95210
-95221
-95238
-95243
-95258
-95267
-95276
-95289
-95299
-95323
-95340
-95352
-95366
-95380
-95392
-95400
-95420
-95424
-95429
-95434
-95419
-95429
-95440
-95441
-95470
-95483
-95486
-95502
-95507
-95511
-95510
-95499
-95498
-95485
-95481
-95504
-95529
-95555
-95572
-95593
-95605
-95605
-95607
-95612
-95646
-95675
-95693
-95720
-95743
-95779
-95808
-95831
-95868
-95896
-95926
-95948
-95965
-95991
-96003
-96022
-96048
-96070
-96108
-96150
-96189
-96210
-96225
-96252
-96268
-96283
-96314
-96344
-96370
-96383
-96395
-96419
-96429
-96442
-96470
-96484
-96501
-96515
-96532
-96556
-96582
-96615
-96628
-96630
-96632
-96640
-96664
-96690
-96723
-96746
-96756
-96759
-96749
-96745
-96754
-96759
-96754
-96754
-96753
-96757
-96762
-96748
-96728
-96710
-96696
-96687
-96672
-96653
-96646
-96635
-96610
-96588
-96571
-96554
-96539
-96523
-96502
-96485
-96481
-96462
-96442
-96445
-96440
-96404
-96366
-96350
-96333
-96319
-96317
-96307
-96290
-96272
-96258
-96230
-96191
-96161
-96124
-96097
-96092
-96092
-96084
-96055
-96020
-95990
-95963
-95942
-95923
-95907
-95881
-95843
-95808
-95777
-95764
-95763
-95764
-95767
-95755
-95741
-95721
-95694
-95690
-95682
-95672
-95663
-95647
-95642
-95632
-95631
-95639
-95633
-95632
-95634
-95633
-95621
-95607
-95596
-95576
-95560
-95551
-95549
-95555
-95548
-95533
-95529
-95530
-95525
-95519
-95517
-95514
-95503
-95485
-95466
-95462
-95472
-95480
-95473
-95474
-95487
-95482
-95477
-95489
-95511
-95525
-95529
-95542
-95551
-95568
-95592
-95612
-95625
-95628
-95636
-95643
-95654
-95677
-95694
-95703
-95704
-95705
-95714
-95730
-95751
-95762
-95782
-95806
-95817
-95833
-95832
-95824
-95836
-95835
-95852
-95891
-95917
-95947
-95956
-95954
-95973
-95982
-96000
-96025
-96032
-96041
-96044
-96042
-96052
-96070
-96091
-96108
-96115
-96111
-96096
-96085
-96078
-96089
-96115
-96116
-96115
-96118
-96095
-96072
-96056
-96052
-96049
-96035
-96030
-96032
-96028
-96023
-96017
-96005
-95996
-95991
-95987
-95983
-95969
-95964
-95963
-95957
-95954
-95947
-95942
-95922
-95899
-95887
-95869
-95858
-95845
-95838
-95829
-95813
-95812
-95797
-95783
-95770
-95755
-95743
-95721
-95713
-95702
-95690
-95680
-95669
-95668
-95664
-95658
-95660
-95650
-95636
-95626
-95607
-95603
-95618
-95631
-95642
-95647
-95638
-95625
-95625
-95621
-95623
-95631
-95625
-95607
-95587
-95582
-95579
-95571
-95573
-95585
-95597
-95607
-95612
-95600
-95581
-95570
-95569
-95587
-95598
-95625
-95654
-95645
-95639
-95623
-95620
-95634
-95649
-95685
-95690
-95672
-95660
-95646
-95656
-95654
-95647
-95651
-95639
-95626
-95618
-95619
-95634
-95652
-95666
-95667
-95659
-95647
-95635
-95648
-95655
-95656
-95658
-95651
-95663
-95662
-95661
-95683
-95686
-95693
-95702
-95705
-95712
-95722
-95735
-95750
-95776
-95796
-95803
-95801
-95802
-95814
-95817
-95840
-95871
-95880
-95888
-95879
-95883
-95906
-95926
-95976
-96010
-96024
-96051
-96056
-96071
-96115
-96153
-96202
-96242
-96259
-96262
-96269
-96292
-96314
-96347
-96379
-96400
-96413
-96410
-96415
-96419
-96433
-96471
-96496
-96511
-96519
-96516
-96523
-96542
-96565
-96598
-96634
-96654
-96666
-96668
-96660
-96665
-96687
-96719
-96753
-96787
-96801
-96798
-96802
-96801
-96815
-96843
-96866
-96879
-96866
-96861
-96864
-96871
-96891
-96902
-96906
-96898
-96885
-96876
-96872
-96894
-96920
-96922
-96924
-96912
-96886
-96870
-96874
-96879
-96883
-96893
-96882
-96859
-96840
-96824
-96814
-96802
-96790
-96777
-96766
-96745
-96709
-96675
-96638
-96614
-96610
-96607
-96603
-96585
-96554
-96522
-96492
-96458
-96432
-96417
-96402
-96393
-96391
-96393
-96389
-96369
-96346
-96311
-96266
-96252
-96248
-96243
-96251
-96247
-96222
-96195
-96177
-96163
-96154
-96144
-96126
-96099
-96060
-96020
-95987
-95964
-95965
-95978
-95964
-95942
-95924
-95881
-95849
-95822
-95788
-95769
-95752
-95741
-95724
-95697
-95671
-95638
-95620
-95607
-95584
-95563
-95538
-95507
-95473
-95441
-95420
-95408
-95388
-95368
-95340
-95312
-95298
-95276
-95260
-95240
-95202
-95161
-95115
-95076
-95044
-95034
-95037
-95025
-95006
-94973
-94932
-94891
-94857
-94840
-94829
-94819
-94806
-94786
-94764
-94741
-94721
-94694
-94675
-94662
-94640
-94625
-94615
-94616
-94624
-94630
-94633
-94638
-94641
-94634
-94641
-94653
-94662
-94673
-94685
-94695
-94684
-94691
-94702
-94710
-94730
-94745
-94766
-94760
-94753
-94770
-94778
-94795
-94804
-94807
-94822
-94841
-94868
-94899
-94927
-94952
-94969
-94977
-95004
-95031
-95063
-95117
-95154
-95196
-95229
-95251
-95300
-95346
-95395
-95455
-95504
-95554
-95605
-95649
-95693
-95745
-95806
-95862
-95918
-95984
-96035
-96078
-96124
-96158
-96199
-96263
-96328
-96390
-96452
-96497
-96529
-96575
-96618
-96651
-96695
-96738
-96783
-96819
-96838
-96872
-96917
-96973
-97026
-97070
-97116
-97143
-97163
-97185
-97211
-97237
-97258
-97298
-97336
-97360
-97393
-97423
-97449
-97487
-97525
-97564
-97585
-97588
-97592
-97585
-97582
-97595
-97603
-97617
-97637
-97631
-97616
-97604
-97581
-97566
-97558
-97551
-97545
-97532
-97516
-97498
-97479
-97451
-97427
-97406
-97380
-97372
-97366
-97349
-97335
-97298
-97256
-97225
-97180
-97155
-97136
-97110
-97092
-97047
-97000
-96966
-96931
-96908
-96895
-96887
-96867
-96834
-96800
-96754
-96698
-96647
-96598
-96555
-96512
-96470
-96435
-96396
-96348
-96285
-96225
-96174
-96118
-96062
-96014
-95975
-95942
-95916
-95879
-95825
-95772
-95712
-95654
-95613
-95573
-95544
-95527
-95490
-95454
-95427
-95399
-95380
-95360
-95350
-95340
-95309
-95273
-95239
-95225
-95232
-95226
-95210
-95196
-95181
-95165
-95149
-95135
-95122
-95095
-95063
-95040
-95029
-95037
-95040
-95037
-95033
-95014
-94990
-94964
-94961
-94969
-94971
-94980
-94969
-94960
-94954
-94937
-94942
-94953
-94956
-94952
-94944
-94944
-94936
-94938
-94951
-94954
-94975
-95001
-95010
-95025
-95046
-95059
-95073
-95095
-95116
-95138
-95154
-95159
-95179
-95204
-95222
-95248
-95269
-95275
-95282
-95289
-95306
-95331
-95357
-95395
-95423
-95424
-95430
-95440
-95449
-95467
-95476
-95492
-95512
-95525
-95543
-95566
-95597
-95616
-95619
-95618
-95618
-95632
-95650
-95669
-95688
-95703
-95715
-95725
-95736
-95756
-95784
-95810
-95816
-95814
-95825
-95828
-95831
-95841
-95850
-95863
-95874
-95889
-95909
-95922
-95934
-95941
-95937
-95944
-95955
-95964
-95988
-96011
-96022
-96038
-96054
-96070
-96095
-96119
-96143
-96151
-96150
-96171
-96192
-96208
-96224
-96237
-96262
-96291
-96313
-96329
-96348
-96366
-96375
-96388
-96412
-96446
-96479
-96507
-96531
-96535
-96530
-96527
-96537
-96558
-96577
-96604
-96615
-96614
-96614
-96615
-96627
-96631
-96640
-96650
-96639
-96629
-96624
-96612
-96598
-96599
-96604
-96590
-96577
-96554
-96517
-96502
-96481
-96451
-96431
-96396
-96361
-96330
-96284
-96243
-96206
-96187
-96187
-96153
-96118
-96088
-96044
-96019
-95989
-95971
-95961
-95933
-95908
-95874
-95854
-95841
-95815
-95807
-95795
-95771
-95753
-95734
-95717
-95702
-95683
-95665
-95641
-95636
-95640
-95631
-95625
-95627
-95620
-95615
-95615
-95596
-95579
-95566
-95544
-95534
-95526
-95511
-95501
-95484
-95456
-95429
-95410
-95400
-95394
-95386
-95377
-95363
-95340
-95314
-95302
-95298
-95283
-95263
-95248
-95230
-95209
-95194
-95175
-95150
-95134
-95110
-95084
-95063
-95039
-95017
-94994
-94981
-94966
-94939
-94917
-94893
-94867
-94839
-94809
-94777
-94754
-94749
-94734
-94710
-94682
-94648
-94628
-94604
-94584
-94571
-94548
-94513
-94477
-94458
-94441
-94420
-94395
-94364
-94342
-94315
-94302
-94296
-94289
-94289
-94270
-94247
-94224
-94208
-94210
-94208
-94222
-94246
-94245
-94239
-94241
-94249
-94260
-94267
-94276
-94291
-94309
-94318
-94326
-94344
-94366
-94402
-94439
-94461
-94481
-94486
-94484
-94495
-94506
-94526
-94564
-94597
-94618
-94639
-94656
-94668
-94679
-94703
-94746
-94779
-94784
-94780
-94785
-94804
-94830
-94859
-94897
-94936
-94957
-94981
-95006
-95017
-95059
-95100
-95120
-95159
-95196
-95228
-95256
-95290
-95326
-95350
-95387
-95416
-95446
-95491
-95521
-95560
-95615
-95660
-95694
-95720
-95755
-95791
-95823
-95871
-95905
-95936
-95981
-96017
-96050
-96087
-96127
-96167
-96210
-96242
-96274
-96301
-96318
-96351
-96396
-96455
-96515
-96555
-96580
-96603
-96631
-96660
-96697
-96738
-96768
-96798
-96829
-96854
-96879
-96908
-96934
-96946
-96957
-96983
-97018
-97050
-97088
-97121
-97139
-97149
-97150
-97157
-97175
-97197
-97211
-97222
-97234
-97235
-97242
-97250
-97260
-97283
-97306
-97315
-97303
-97296
-97289
-97277
-97265
-97267
-97278
-97276
-97273
-97267
-97260
-97259
-97255
-97262
-97270
-97265
-97249
-97222
-97200
-97190
-97183
-97182
-97178
-97159
-97142
-97123
-97108
-97114
-97121
-97131
-97134
-97111
-97075
-97040
-97016
-96995
-96986
-96980
-96961
-96945
-96921
-96902
-96888
-96855
-96823
-96791
-96759
-96734
-96707
-96669
-96631
-96604
-96585
-96554
-96521
-96505
-96478
-96437
-96414
-96397
-96372
-96354
-96339
-96315
-96293
-96273
-96249
-96229
-96206
-96178
-96159
-96139
-96117
-96107
-96097
-96087
-96071
-96053
-96037
-96011
-95987
-95977
-95964
-95935
-95909
-95889
-95866
-95855
-95844
-95814
-95790
-95779
-95763
-95744
-95728
-95711
-95691
-95674
-95644
-95615
-95614
-95618
-95609
-95598
-95591
-95587
-95574
-95575
-95586
-95585
-95582
-95574
-95570
-95570
-95564
-95568
-95573
-95572
-95573
-95576
-95594
-95602
-95600
-95604
-95590
-95582
-95585
-95590
-95605
-95609
-95597
-95583
-95576
-95563
-95547
-95553
-95563
-95554
-95548
-95554
-95550
-95540
-95538
-95533
-95521
-95517
-95508
-95510
-95511
-95500
-95497
-95478
-95465
-95464
-95457
-95456
-95447
-95427
-95415
-95403
-95387
-95394
-95402
-95393
-95383
-95365
-95351
-95340
-95328
-95329
-95330
-95321
-95317
-95313
-95300
-95295
-95286
-95274
-95265
-95252
-95251
-95246
-95233
-95231
-95233
-95235
-95237
-95239
-95234
-95232
-95239
-95244
-95252
-95262
-95281
-95302
-95311
-95312
-95306
-95315
-95334
-95354
-95376
-95380
-95384
-95389
-95396
-95426
-95459
-95493
-95531
-95545
-95547
-95559
-95570
-95577
-95602
-95623
-95629
-95642
-95655
-95669
-95680
-95690
-95696
-95697
-95704
-95712
-95718
-95727
-95742
-95749
-95753
-95781
-95801
-95794
-95793
-95804
-95808
-95824
-95848
-95861
-95887
-95905
-95896
-95893
-95896
-95905
-95926
-95942
-95959
-95971
-95965
-95968
-95977
-95993
-96023
-96041
-96051
-96065
-96089
-96109
-96124
-96154
-96174
-96185
-96203
-96219
-96241
-96258
-96270
-96285
-96296
-96312
-96325
-96325
-96335
-96351
-96357
-96380
-96412
-96423
-96433
-96437
-96435
-96442
-96450
-96468
-96490
-96493
-96490
-96492
-96480
-96475
-96494
-96510
-96523
-96521
-96504
-96500
-96485
-96474
-96491
-96489
-96484
-96495
-96476
-96451
-96449
-96444
-96438
-96436
-96424
-96420
-96415
-96390
-96374
-96363
-96350
-96342
-96331
-96322
-96299
-96273
-96259
-96244
-96242
-96249
-96249
-96236
-96213
-96188
-96157
-96130
-96118
-96100
-96083
-96073
-96054
-96035
-96031
-96026
-96021
-96012
-96005
-96007
-95988
-95968
-95956
-95939
-95936
-95940
-95935
-95933
-95929
-95907
-95886
-95875
-95873
-95876
-95874
-95865
-95847
-95817
-95780
-95751
-95740
-95745
-95742
-95721
-95698
-95661
-95628
-95601
-95584
-95580
-95559
-95537
-95499
-95466
-95455
-95426
-95410
-95401
-95390
-95376
-95354
-95334
-95317
-95297
-95267
-95237
-95220
-95207
-95189
-95176
-95174
-95168
-95162
-95149
-95133
-95114
-95091
-95070
-95044
-95039
-95046
-95039
-95049
-95045
-95014
-94995
-94982
-94968
-94959
-94962
-94976
-94970
-94957
-94964
-94962
-94957
-94970
-94979
-94976
-94978
-94989
-94989
-95001
-95022
-95029
-95043
-95061
-95068
-95080
-95093
-95095
-95102
-95112
-95118
-95133
-95156
-95175
-95195
-95205
-95209
-95217
-95226
-95246
-95268
-95276
-95287
-95302
-95322
-95347
-95370
-95395
-95417
-95440
-95462
-95492
-95527
-95540
-95568
-95604
-95637
-95686
-95719
-95749
-95782
-95789
-95798
-95819
-95850
-95900
-95946
-95978
-96008
-96036
-96064
-96100
-96139
-96168
-96195
-96215
-96236
-96263
-96289
-96326
-96366
-96399
-96419
-96438
-96456
-96466
-96488
-96509
-96519
-96527
-96547
-96574
-96592
-96617
-96644
-96670
-96690
-96704
-96720
-96738
-96758
-96768
-96764
-96773
-96790
-96814
-96838
-96846
-96855
-96857
-96844
-96830
-96818
-96828
-96837
-96838
-96844
-96829
-96815
-96803
-96780
-96767
-96751
-96733
-96729
-96723
-96692
-96653
-96617
-96578
-96556
-96545
-96536
-96532
-96526
-96513
-96489
-96460
-96438
-96420
-96397
-96391
-96381
-96364
-96380
-96382
-96369
-96369
-96373
-96370
-96359
-96363
-96366
-96361
-96354
-96344
-96344
-96341
-96344
-96351
-96355
-96367
-96370
-96379
-96390
-96392
-96407
-96413
-96401
-96401
-96408
-96415
-96428
-96436
-96438
-96439
-96441
-96443
-96448
-96446
-96437
-96442
-96454
-96472
-96496
-96517
-96525
-96523
-96526
-96530
-96532
-96535
-96545
-96563
-96575
-96573
-96591
-96618
-96625
-96633
-96619
-96600
-96595
-96589
-96609
-96640
-96664
-96678
-96688
-96690
-96680
-96683
-96688
-96702
-96718
-96714
-96712
-96704
-96695
-96690
-96687
-96693
-96697
-96700
-96697
-96687
-96680
-96659
-96648
-96649
-96637
-96637
-96648
-96659
-96665
-96655
-96639
-96634
-96635
-96628
-96615
-96591
-96558
-96546
-96536
-96516
-96520
-96528
-96520
-96504
-96483
-96460
-96437
-96423
-96410
-96408
-96405
-96391
-96385
-96369
-96350
-96337
-96327
-96326
-96313
-96300
-96290
-96282
-96283
-96287
-96287
-96282
-96281
-96276
-96267
-96271
-96287
-96303
-96307
-96303
-96286
-96263
-96255
-96249
-96257
-96265
-96259
-96262
-96247
-96236
-96237
-96228
-96231
-96224
-96209
-96196
-96177
-96180
-96186
-96194
-96209
-96207
-96201
-96191
-96195
-96211
-96217
-96234
-96241
-96235
-96237
-96236
-96246
-96258
-96272
-96288
-96289
-96299
-96314
-96326
-96345
-96363
-96385
-96403
-96416
-96426
-96429
-96438
-96447
-96460
-96482
-96497
-96517
-96536
-96544
-96564
-96580
-96595
-96612
-96616
-96633
-96640
-96634
-96632
-96634
-96646
-96653
-96652
-96650
-96651
-96661
-96667
-96661
-96652
-96650
-96639
-96623
-96616
-96614
-96607
-96598
-96588
-96563
-96539
-96519
-96489
-96468
-96453
-96425
-96400
-96386
-96370
-96356
-96343
-96315
-96276
-96248
-96221
-96176
-96145
-96124
-96089
-96056
-96027
-96002
-95966
-95928
-95900
-95847
-95802
-95783
-95745
-95703
-95673
-95633
-95583
-95537
-95500
-95471
-95452
-95431
-95409
-95375
-95334
-95308
-95281
-95260
-95245
-95224
-95207
-95192
-95170
-95145
-95116
-95088
-95066
-95044
-95027
-95016
-94998
-94986
-94969
-94936
-94914
-94904
-94893
-94884
-94878
-94863
-94848
-94830
-94807
-94802
-94793
-94778
-94777
-94766
-94757
-94759
-94758
-94764
-94761
-94741
-94733
-94729
-94709
-94697
-94685
-94672
-94663
-94640
-94628
-94614
-94594
-94585
-94582
-94587
-94584
-94581
-94586
-94577
-94552
-94525
-94517
-94519
-94510
-94510
-94515
-94514
-94506
-94491
-94494
-94500
-94501
-94499
-94485
-94483
-94489
-94500
-94508
-94516
-94531
-94535
-94540
-94544
-94540
-94550
-94556
-94546
-94551
-94575
-94597
-94624
-94647
-94644
-94640
-94642
-94629
-94630
-94644
-94661
-94675
-94678
-94687
-94701
-94714
-94715
-94717
-94729
-94723
-94725
-94741
-94752
-94765
-94776
-94776
-94770
-94763
-94770
-94783
-94781
-94786
-94803
-94813
-94829
-94844
-94854
-94874
-94887
-94890
-94901
-94905
-94912
-94927
-94941
-94958
-94957
-94958
-94968
-94975
-95000
-95026
-95028
-95038
-95055
-95060
-95062
-95066
-95083
-95103
-95127
-95150
-95156
-95172
-95182
-95180
-95200
-95226
-95241
-95261
-95285
-95297
-95302
-95321
-95343
-95369
-95401
-95417
-95423
-95419
-95418
-95439
-95452
-95466
-95492
-95501
-95511
-95529
-95533
-95552
-95584
-95592
-95606
-95625
-95633
-95636
-95643
-95648
-95663
-95701
-95706
-95708
-95721
-95711
-95710
-95703
-95701
-95718
-95736
-95749
-95757
-95764
-95755
-95755
-95759
-95756
-95774
-95780
-95772
-95784
-95782
-95770
-95782
-95780
-95773
-95768
-95754
-95760
-95752
-95747
-95755
-95736
-95725
-95719
-95714
-95712
-95697
-95683
-95672
-95669
-95662
-95657
-95657
-95645
-95629
-95615
-95611
-95603
-95600
-95605
-95592
-95585
-95588
-95589
-95603
-95623
-95641
-95648
-95637
-95631
-95630
-95636
-95660
-95683
-95707
-95725
-95724
-95736
-95759
-95787
-95806
-95815
-95830
-95834
-95838
-95845
-95850
-95863
-95872
-95890
-95918
-95924
-95932
-95961
-95974
-95979
-95989
-95990
-95995
-95999
-96000
-96009
-96023
-96039
-96052
-96059
-96060
-96055
-96051
-96060
-96084
-96102
-96109
-96113
-96102
-96092
-96097
-96109
-96130
-96140
-96138
-96127
-96103
-96093
-96111
-96140
-96152
-96144
-96131
-96118
-96105
-96103
-96115
-96124
-96119
-96102
-96077
-96063
-96050
-96055
-96077
-96072
-96061
-96044
-96017
-96005
-95994
-95990
-95971
-95948
-95942
-95920
-95909
-95905
-95887
-95874
-95848
-95817
-95792
-95769
-95751
-95728
-95709
-95698
-95675
-95654
-95631
-95603
-95584
-95564
-95552
-95544
-95527
-95516
-95497
-95453
-95418
-95393
-95380
-95376
-95358
-95353
-95342
-95313
-95283
-95258
-95243
-95216
-95197
-95200
-95196
-95194
-95203
-95202
-95191
-95184
-95177
-95176
-95184
-95197
-95214
-95217
-95219
-95224
-95225
-95229
-95234
-95246
-95257
-95257
-95260
-95271
-95278
-95285
-95292
-95284
-95277
-95276
-95279
-95299
-95314
-95318
-95321
-95321
-95317
-95309
-95320
-95345
-95351
-95350
-95360
-95354
-95348
-95359
-95378
-95404
-95416
-95432
-95447
-95450
-95465
-95471
-95476
-95493
-95511
-95532
-95547
-95552
-95557
-95572
-95591
-95612
-95635
-95658
-95674
-95678
-95696
-95724
-95755
-95792
-95812
-95827
-95839
-95854
-95903
-95951
-95984
-96019
-96036
-96049
-96073
-96100
-96138
-96184
-96231
-96277
-96322
-96364
-96407
-96443
-96470
-96501
-96532
-96571
-96628
-96676
-96714
-96761
-96796
-96812
-96827
-96855
-96897
-96945
-96987
-97018
-97038
-97048
-97062
-97094
-97135
-97176
-97215
-97240
-97254
-97269
-97284
-97304
-97324
-97339
-97358
-97368
-97366
-97369
-97372
-97376
-97387
-97397
-97403
-97405
-97391
-97374
-97363
-97354
-97362
-97378
-97381
-97370
-97340
-97311
-97293
-97278
-97279
-97291
-97293
-97287
-97263
-97227
-97199
-97179
-97164
-97140
-97119
-97091
-97055
-97027
-96994
-96968
-96952
-96929
-96894
-96851
-96807
-96766
-96727
-96693
-96673
-96654
-96630
-96597
-96547
-96497
-96456
-96430
-96415
-96401
-96381
-96354
-96312
-96267
-96232
-96196
-96164
-96142
-96113
-96068
-96032
-95993
-95949
-95923
-95905
-95879
-95844
-95805
-95755
-95700
-95669
-95633
-95596
-95570
-95535
-95509
-95479
-95437
-95411
-95373
-95339
-95327
-95300
-95274
-95252
-95217
-95194
-95167
-95132
-95121
-95104
-95072
-95047
-95007
-94970
-94949
-94936
-94929
-94913
-94904
-94885
-94860
-94843
-94817
-94812
-94813
-94798
-94796
-94792
-94780
-94769
-94759
-94761
-94775
-94791
-94817
-94833
-94837
-94845
-94857
-94874
-94894
-94920
-94945
-94967
-94985
-95003
-95030
-95062
-95101
-95133
-95160
-95181
-95211
-95255
-95289
-95317
-95344
-95358
-95369
-95393
-95438
-95504
-95559
-95585
-95603
-95618
-95642
-95671
-95703
-95770
-95830
-95864
-95890
-95903
-95938
-95979
-96016
-96058
-96098
-96150
-96191
-96221
-96260
-96298
-96329
-96348
-96374
-96408
-96440
-96480
-96522
-96542
-96565
-96590
-96590
-96601
-96624
-96642
-96666
-96692
-96723
-96746
-96774
-96797
-96802
-96820
-96849
-96878
-96904
-96924
-96941
-96953
-96948
-96950
-96973
-96982
-96994
-97017
-97023
-97023
-97030
-97034
-97033
-97024
-97011
-97005
-97002
-97007
-97018
-97024
-97024
-97007
-96990
-96981
-96967
-96963
-96968
-96960
-96936
-96901
-96881
-96874
-96879
-96878
-96855
-96839
-96812
-96783
-96777
-96774
-96778
-96777
-96767
-96752
-96731
-96726
-96720
-96699
-96695
-96696
-96680
-96670
-96678
-96683
-96679
-96674
-96668
-96673
-96670
-96657
-96653
-96652
-96657
-96649
-96644
-96660
-96647
-96625
-96619
-96598
-96582
-96575
-96574
-96567
-96545
-96531
-96514
-96496
-96482
-96472
-96461
-96434
-96412
-96384
-96354
-96344
-96328
-96316
-96305
-96287
-96273
-96251
-96226
-96200
-96169
-96143
-96127
-96117
-96110
-96092
-96063
-96035
-96009
-95992
-95976
-95952
-95934
-95914
-95885
-95858
-95832
-95805
-95784
-95761
-95730
-95705
-95683
-95662
-95652
-95642
-95620
-95586
-95552
-95532
-95518
-95512
-95509
-95498
-95486
-95479
-95472
-95471
-95471
-95469
-95468
-95460
-95455
-95459
-95471
-95495
-95512
-95511
-95509
-95509
-95504
-95499
-95502
-95510
-95519
-95525
-95528
-95538
-95545
-95538
-95537
-95539
-95538
-95538
-95538
-95540
-95542
-95542
-95529
-95531
-95560
-95588
-95599
-95605
-95609
-95592
-95586
-95596
-95601
-95618
-95627
-95622
-95626
-95630
-95646
-95669
-95688
-95702
-95700
-95696
-95694
-95700
-95715
-95728
-95745
-95752
-95759
-95779
-95785
-95786
-95805
-95812
-95817
-95830
-95825
-95836
-95854
-95854
-95860
-95859
-95858
-95861
-95856
-95854
-95861
-95879
-95896
-95906
-95915
-95915
-95896
-95879
-95877
-95885
-95911
-95920
-95910
-95899
-95879
-95867
-95863
-95862
-95867
-95870
-95862
-95840
-95820
-95809
-95798
-95791
-95788
-95778
-95766
-95758
-95745
-95738
-95733
-95722
-95710
-95696
-95676
-95652
-95641
-95630
-95599
-95569
-95555
-95548
-95546
-95545
-95530
-95512
-95492
-95470
-95464
-95469
-95465
-95462
-95470
-95467
-95454
-95449
-95450
-95451
-95448
-95443
-95450
-95456
-95464
-95488
-95512
-95521
-95532
-95538
-95529
-95531
-95542
-95551
-95562
-95570
-95588
-95602
-95605
-95607
-95610
-95619
-95624
-95631
-95642
-95647
-95654
-95654
-95646
-95649
-95651
-95641
-95640
-95642
-95627
-95621
-95619
-95620
-95629
-95622
-95622
-95631
-95637
-95656
-95656
-95646
-95641
-95633
-95632
-95636
-95649
-95668
-95689
-95696
-95696
-95704
-95702
-95708
-95715
-95718
-95716
-95708
-95711
-95709
-95710
-95724
-95736
-95744
-95760
-95773
-95776
-95783
-95770
-95757
-95764
-95776
-95796
-95807
-95808
-95788
-95764
-95761
-95766
-95784
-95802
-95820
-95828
-95824
-95820
-95808
-95796
-95791
-95803
-95809
-95816
-95836
-95848
-95868
-95879
-95872
-95863
-95851
-95844
-95836
-95827
-95830
-95845
-95850
-95850
-95845
-95835
-95833
-95832
-95828
-95830
-95836
-95835
-95834
-95831
-95813
-95808
-95816
-95816
-95823
-95827
-95821
-95810
-95813
-95827
-95844
-95865
-95879
-95876
-95851
-95840
-95841
-95841
-95860
-95869
-95870
-95866
-95859
-95862
-95857
-95871
-95887
-95874
-95861
-95848
-95841
-95855
-95872
-95884
-95882
-95861
-95847
-95849
-95855
-95866
-95875
-95879
-95880
-95864
-95846
-95854
-95866
-95874
-95892
-95894
-95879
-95863
-95851
-95861
-95871
-95876
-95895
-95907
-95907
-95905
-95900
-95906
-95922
-95923
-95918
-95908
-95884
-95868
-95866
-95887
-95913
-95930
-95940
-95927
-95905
-95887
-95874
-95876
-95888
-95901
-95900
-95887
-95882
-95874
-95866
-95860
-95841
-95829
-95821
-95796
-95781
-95783
-95791
-95797
-95810
-95828
-95824
-95816
-95815
-95805
-95801
-95802
-95810
-95823
-95827
-95833
-95841
-95846
-95847
-95853
-95869
-95885
-95882
-95866
-95845
-95825
-95826
-95832
-95834
-95847
-95843
-95830
-95823
-95809
-95806
-95807
-95805
-95801
-95782
-95768
-95758
-95740
-95740
-95747
-95733
-95726
-95716
-95706
-95712
-95710
-95714
-95715
-95710
-95709
-95695
-95683
-95680
-95689
-95702
-95717
-95744
-95760
-95764
-95759
-95743
-95740
-95740
-95749
-95764
-95775
-95786
-95787
-95788
-95797
-95813
-95827
-95845
-95861
-95854
-95837
-95821
-95823
-95833
-95849
-95877
-95893
-95902
-95905
-95906
-95909
-95905
-95911
-95930
-95948
-95959
-95976
-95999
-96019
-96034
-96053
-96075
-96079
-96082
-96097
-96102
-96104
-96121
-96141
-96158
-96166
-96159
-96155
-96165
-96172
-96177
-96185
-96182
-96164
-96161
-96170
-96172
-96183
-96190
-96182
-96173
-96170
-96173
-96181
-96200
-96208
-96199
-96197
-96195
-96196
-96213
-96235
-96250
-96258
-96249
-96242
-96260
-96286
-96317
-96342
-96366
-96375
-96367
-96384
-96405
-96422
-96452
-96478
-96500
-96519
-96528
-96535
-96549
-96563
-96578
-96596
-96607
-96614
-96616
-96621
-96627
-96638
-96661
-96669
-96672
-96683
-96678
-96667
-96663
-96664
-96664
-96669
-96677
-96678
-96675
-96667
-96658
-96653
-96653
-96644
-96632
-96635
-96639
-96635
-96636
-96637
-96627
-96615
-96597
-96580
-96579
-96571
-96552
-96537
-96525
-96510
-96497
-96501
-96504
-96485
-96461
-96429
-96397
-96370
-96355
-96352
-96348
-96336
-96317
-96307
-96294
-96274
-96263
-96250
-96231
-96207
-96193
-96178
-96149
-96134
-96118
-96101
-96105
-96117
-96118
-96113
-96103
-96074
-96053
-96044
-96038
-96036
-96029
-96014
-95988
-95965
-95945
-95924
-95924
-95921
-95907
-95906
-95909
-95909
-95893
-95869
-95854
-95844
-95830
-95816
-95809
-95806
-95805
-95784
-95765
-95769
-95755
-95744
-95752
-95743
-95730
-95722
-95713
-95709
-95716
-95725
-95729
-95720
-95701
-95694
-95693
-95694
-95698
-95697
-95703
-95702
-95691
-95678
-95674
-95683
-95682
-95693
-95713
-95717
-95720
-95709
-95700
-95705
-95703
-95711
-95724
-95739
-95757
-95761
-95764
-95761
-95766
-95787
-95799
-95799
-95788
-95777
-95781
-95804
-95832
-95865
-95897
-95909
-95921
-95930
-95931
-95948
-95969
-95985
-95991
-95989
-96002
-96016
-96041
-96077
-96093
-96101
-96116
-96133
-96134
-96129
-96139
-96152
-96179
-96209
-96225
-96240
-96246
-96241
-96242
-96250
-96261
-96280
-96304
-96315
-96311
-96303
-96298
-96301
-96311
-96318
-96327
-96326
-96310
-96301
-96300
-96303
-96305
-96304
-96306
-96302
-96292
-96284
-96277
-96284
-96293
-96286
-96268
-96242
-96222
-96205
-96194
-96192
-96172
-96154
-96142
-96119
-96103
-96090
-96074
-96061
-96041
-96011
-95986
-95950
-95918
-95913
-95903
-95889
-95875
-95849
-95813
-95782
-95766
-95762
-95759
-95744
-95722
-95691
-95655
-95623
-95588
-95578
-95570
-95545
-95519
-95483
-95464
-95460
-95444
-95439
-95420
-95379
-95342
-95296
-95261
-95244
-95233
-95225
-95212
-95202
-95181
-95152
-95129
-95099
-95071
-95051
-95028
-95015
-94998
-94972
-94957
-94933
-94913
-94905
-94897
-94888
-94878
-94860
-94835
-94818
-94802
-94782
-94770
-94747
-94716
-94692
-94677
-94671
-94660
-94647
-94641
-94627
-94613
-94603
-94589
-94581
-94585
-94587
-94581
-94574
-94572
-94576
-94574
-94570
-94564
-94555
-94556
-94555
-94553
-94554
-94539
-94525
-94533
-94541
-94543
-94554
-94565
-94567
-94553
-94538
-94527
-94511
-94505
-94507
-94507
-94511
-94525
-94533
-94537
-94544
-94544
-94555
-94560
-94548
-94546
-94548
-94551
-94557
-94558
-94566
-94580
-94595
-94602
-94606
-94620
-94638
-94648
-94664
-94686
-94700
-94722
-94744
-94760
-94787
-94822
-94847
-94874
-94895
-94896
-94905
-94927
-94954
-94987
-95011
-95041
-95071
-95099
-95136
-95166
-95189
-95214
-95234
-95257
-95289
-95320
-95350
-95378
-95404
-95425
-95445
-95476
-95516
-95560
-95585
-95606
-95629
-95628
-95646
-95668
-95688
-95716
-95725
-95731
-95734
-95750
-95774
-95792
-95833
-95862
-95873
-95883
-95885
-95892
-95897
-95897
-95907
-95927
-95950
-95965
-95974
-95975
-95979
-95990
-95998
-96013
-96028
-96036
-96035
-96039
-96049
-96050
-96064
-96078
-96075
-96068
-96070
-96082
-96092
-96103
-96108
-96104
-96094
-96101
-96125
-96134
-96147
-96154
-96139
-96138
-96134
-96123
-96123
-96132
-96142
-96139
-96132
-96122
-96117
-96119
-96119
-96121
-96121
-96122
-96120
-96115
-96102
-96089
-96077
-96066
-96065
-96058
-96057
-96060
-96054
-96053
-96051
-96045
-96036
-96030
-96013
-95995
-95986
-95978
-95983
-95994
-96009
-96015
-96004
-95982
-95962
-95954
-95941
-95935
-95938
-95929
-95918
-95915
-95913
-95906
-95903
-95902
-95905
-95909
-95904
-95895
-95887
-95879
-95875
-95874
-95868
-95873
-95886
-95896
-95907
-95906
-95903
-95901
-95889
-95884
-95877
-95860
-95860
-95878
-95888
-95901
-95917
-95914
-95909
-95912
-95909
-95908
-95920
-95940
-95943
-95936
-95931
-95935
-95940
-95947
-95960
-95969
-95979
-95979
-95967
-95966
-95965
-95965
-95970
-95979
-95990
-96005
-96014
-96015
-96014
-96005
-96010
-96032
-96047
-96063
-96071
-96063
-96059
-96054
-96054
-96071
-96088
-96099
-96111
-96121
-96116
-96115
-96138
-96155
-96159
-96165
-96175
-96188
-96196
-96211
-96238
-96257
-96261
-96277
-96290
-96290
-96316
-96340
-96360
-96378
-96391
-96411
-96419
-96437
-96455
-96465
-96484
-96501
-96521
-96529
-96536
-96541
-96541
-96551
-96570
-96584
-96598
-96612
-96608
-96617
-96630
-96632
-96647
-96653
-96667
-96683
-96682
-96698
-96717
-96741
-96762
-96763
-96761
-96758
-96764
-96786
-96799
-96822
-96846
-96844
-96854
-96863
-96862
-96869
-96885
-96902
-96907
-96919
-96927
-96931
-96939
-96928
-96925
-96936
-96952
-96967
-96972
-96977
-96971
-96973
-96978
-96971
-96988
-97000
-97001
-97007
-97011
-97014
-97013
-97020
-97035
-97041
-97037
-97038
-97038
-97026
-97028
-97041
-97041
-97050
-97049
-97039
-97047
-97043
-97036
-97042
-97038
-97034
-97037
-97036
-97038
-97035
-97024
-97019
-97005
-96994
-97000
-96999
-96987
-96970
-96948
-96919
-96903
-96911
-96913
-96917
-96920
-96899
-96866
-96835
-96809
-96796
-96787
-96780
-96770
-96757
-96738
-96709
-96678
-96653
-96635
-96618
-96604
-96595
-96570
-96541
-96526
-96507
-96491
-96486
-96484
-96470
-96432
-96394
-96368
-96343
-96314
-96290
-96285
-96273
-96255
-96247
-96228
-96209
-96188
-96147
-96110
-96074
-96053
-96045
-96032
-96027
-96016
-95993
-95962
-95926
-95903
-95891
-95872
-95853
-95843
-95834
-95814
-95793
-95772
-95741
-95716
-95701
-95695
-95699
-95699
-95693
-95667
-95641
-95627
-95605
-95594
-95584
-95569
-95559
-95549
-95533
-95508
-95493
-95482
-95456
-95442
-95438
-95422
-95399
-95379
-95370
-95360
-95346
-95330
-95311
-95295
-95279
-95268
-95263
-95257
-95257
-95257
-95249
-95239
-95230
-95223
-95231
-95233
-95234
-95251
-95253
-95248
-95237
-95219
-95215
-95218
-95218
-95225
-95233
-95243
-95249
-95257
-95272
-95281
-95277
-95265
-95256
-95255
-95263
-95293
-95320
-95344
-95369
-95372
-95379
-95400
-95406
-95415
-95441
-95458
-95480
-95507
-95522
-95536
-95543
-95560
-95584
-95598
-95622
-95643
-95654
-95664
-95675
-95704
-95743
-95766
-95784
-95796
-95803
-95813
-95820
-95840
-95870
-95895
-95906
-95905
-95911
-95918
-95928
-95944
-95961
-95977
-95987
-95994
-95999
-96005
-96016
-96027
-96033
-96038
-96050
-96058
-96064
-96072
-96077
-96090
-96102
-96103
-96109
-96114
-96116
-96124
-96138
-96154
-96165
-96169
-96164
-96156
-96146
-96154
-96166
-96172
-96186
-96183
-96170
-96168
-96159
-96164
-96177
-96173
-96182
-96194
-96188
-96188
-96176
-96157
-96148
-96132
-96128
-96120
-96116
-96123
-96105
-96091
-96086
-96078
-96075
-96069
-96062
-96043
-96002
-95952
-95913
-95893
-95888
-95894
-95892
-95866
-95826
-95785
-95746
-95713
-95688
-95667
-95637
-95603
-95572
-95548
-95543
-95533
-95514
-95499
-95466
-95431
-95409
-95377
-95356
-95342
-95324
-95311
-95294
-95284
-95267
-95244
-95234
-95219
-95200
-95175
-95144
-95127
-95104
-95068
-95055
-95064
-95060
-95061
-95064
-95038
-95013
-94990
-94970
-94974
-94969
-94967
-94971
-94950
-94934
-94923
-94902
-94895
-94903
-94905
-94908
-94912
-94893
-94881
-94878
-94863
-94859
-94860
-94855
-94855
-94849
-94832
-94819
-94812
-94817
-94824
-94833
-94843
-94839
-94838
-94839
-94839
-94843
-94838
-94824
-94802
-94796
-94802
-94811
-94829
-94847
-94866
-94865
-94851
-94849
-94855
-94870
-94892
-94922
-94947
-94963
-94971
-94978
-94994
-95014
-95028
-95038
-95055
-95088
-95123
-95138
-95156
-95185
-95210
-95237
-95264
-95286
-95306
-95321
-95330
-95346
-95373
-95397
-95419
-95433
-95445
-95463
-95470
-95475
-95494
-95513
-95531
-95547
-95553
-95554
-95556
-95563
-95569
-95577
-95595
-95598
-95591
-95593
-95590
-95597
-95616
-95630
-95648
-95658
-95660
-95656
-95633
-95629
-95633
-95637
-95664
-95678
-95691
-95699
-95676
-95663
-95662
-95668
-95686
-95712
-95741
-95748
-95751
-95745
-95724
-95715
-95710
-95719
-95736
-95748
-95753
-95741
-95735
-95719
-95696
-95703
-95719
-95735
-95751
-95745
-95721
-95707
-95714
-95727
-95748
-95761
-95762
-95757
-95733
-95709
-95709
-95734
-95749
-95749
-95753
-95724
-95694
-95688
-95691
-95701
-95704
-95717
-95728
-95719
-95713
-95705
-95691
-95667
-95645
-95646
-95665
-95681
-95684
-95687
-95694
-95686
-95666
-95652
-95650
-95644
-95632
-95632
-95641
-95658
-95673
-95681
-95678
-95667
-95670
-95677
-95685
-95696
-95704
-95704
-95689
-95683
-95687
-95692
-95708
-95717
-95712
-95706
-95691
-95672
-95672
-95686
-95696
-95701
-95706
-95707
-95700
-95691
-95683
-95679
-95676
-95675
-95680
-95674
-95676
-95683
-95673
-95660
-95655
-95659
-95658
-95658
-95665
-95665
-95653
-95632
-95627
-95645
-95660
-95662
-95661
-95661
-95646
-95623
-95625
-95640
-95653
-95675
-95673
-95651
-95645
-95639
-95629
-95623
-95639
-95672
-95689
-95692
-95694
-95679
-95672
-95688
-95705
-95732
-95756
-95762
-95770
-95762
-95761
-95785
-95814
-95838
-95869
-95902
-95919
-95939
-95961
-95986
-96019
-96027
-96040
-96061
-96075
-96105
-96143
-96176
-96208
-96229
-96241
-96251
-96267
-96292
-96305
-96319
-96333
-96334
-96350
-96368
-96373
-96387
-96399
-96406
-96414
-96415
-96422
-96433
-96444
-96457
-96467
-96484
-96497
-96497
-96495
-96502
-96514
-96525
-96539
-96551
-96556
-96547
-96543
-96546
-96547
-96571
-96589
-96588
-96579
-96565
-96567
-96569
-96582
-96600
-96597
-96591
-96580
-96576
-96582
-96588
-96596
-96591
-96577
-96565
-96564
-96564
-96553
-96552
-96543
-96529
-96529
-96536
-96551
-96559
-96556
-96542
-96525
-96502
-96472
-96456
-96454
-96461
-96465
-96460
-96455
-96448
-96421
-96391
-96375
-96358
-96355
-96353
-96329
-96320
-96313
-96284
-96267
-96260
-96253
-96256
-96242
-96213
-96196
-96192
-96199
-96209
-96222
-96221
-96189
-96159
-96143
-96126
-96122
-96128
-96138
-96136
-96117
-96107
-96096
-96083
-96089
-96098
-96096
-96094
-96095
-96091
-96092
-96087
-96079
-96075
-96059
-96051
-96058
-96068
-96078
-96081
-96087
-96085
-96082
-96078
-96062
-96059
-96056
-96066
-96079
-96076
-96083
-96075
-96061
-96047
-96037
-96056
-96081
-96094
-96092
-96086
-96079
-96068
-96066
-96073
-96096
-96119
-96125
-96123
-96122
-96127
-96130
-96129
-96126
-96122
-96115
-96111
-96115
-96123
-96136
-96147
-96152
-96161
-96157
-96144
-96134
-96118
-96111
-96109
-96111
-96129
-96140
-96148
-96158
-96159
-96161
-96161
-96166
-96170
-96161
-96148
-96145
-96158
-96169
-96177
-96176
-96169
-96164
-96159
-96159
-96171
-96181
-96180
-96172
-96149
-96131
-96123
-96128
-96151
-96152
-96152
-96157
-96134
-96119
-96115
-96109
-96109
-96103
-96103
-96107
-96095
-96090
-96088
-96082
-96089
-96107
-96115
-96113
-96110
-96090
-96081
-96094
-96097
-96115
-96139
-96143
-96134
-96121
-96119
-96125
-96137
-96148
-96149
-96144
-96141
-96141
-96136
-96140
-96147
-96139
-96127
-96120
-96126
-96144
-96158
-96170
-96173
-96156
-96132
-96110
-96107
-96115
-96112
-96117
-96113
-96100
-96098
-96093
-96093
-96092
-96089
-96089
-96086
-96085
-96083
-96061
-96029
-96006
-95995
-95995
-96013
-96028
-96043
-96046
-96032
-96020
-95999
-96004
-96016
-96018
-96043
-96056
-96051
-96050
-96045
-96034
-96026
-96033
-96055
-96071
-96076
-96083
-96083
-96063
-96048
-96051
-96058
-96072
-96086
-96085
-96081
-96078
-96077
-96080
-96080
-96089
-96091
-96077
-96075
-96084
-96098
-96121
-96136
-96134
-96123
-96110
-96099
-96096
-96104
-96113
-96118
-96126
-96133
-96138
-96145
-96138
-96126
-96110
-96088
-96090
-96090
-96077
-96080
-96088
-96090
-96081
-96084
-96108
-96121
-96125
