48000     
200.0
1590420
1590435
1590459
1590467
1590463
1590450
1590440
1590444
1590461
1590469
1590466
1590475
1590474
1590465
1590458
1590436
1590424
1590426
1590446
1590467
1590467
1590483
1590489
1590475
1590477
1590460
1590441
1590436
1590426
1590423
1590423
1590418
1590419
1590435
1590447
1590449
1590452
1590461
1590485
1590500
1590504
1590500
1590478
1590443
1590405
1590397
1590417
1590434
1590442
1590450
1590454
1590455
1590452
1590460
1590483
1590480
1590462
1590453
1590452
1590459
1590448
1590438
1590443
1590431
1590417
1590402
1590408
1590442
1590453
1590461
1590489
1590497
1590488
1590462
1590418
1590401
1590393
1590391
1590420
1590444
1590454
1590465
1590474
1590491
1590496
1590484
1590479
1590467
1590453
1590450
1590445
1590439
1590434
1590440
1590451
1590450
1590440
1590437
1590443
1590445
1590450
1590451
1590448
1590456
1590473
1590481
1590471
1590450
1590435
1590425
1590421
1590423
1590427
1590438
1590464
1590487
1590486
1590493
1590500
1590485
1590477
1590450
1590414
1590406
1590402
1590406
1590430
1590449
1590462
1590472
1590461
1590439
1590434
1590438
1590455
1590471
1590483
1590511
1590518
1590504
1590482
1590447
1590429
1590414
1590397
1590397
1590405
1590423
1590455
1590492
1590524
1590537
1590499
1590453
1590436
1590408
1590394
1590409
1590440
1590467
1590469
1590471
1590463
1590451
1590450
1590441
1590431
1590439
1590448
1590443
1590455
1590466
1590453
1590443
1590440
1590445
1590450
1590452
1590459
1590465
1590466
1590450
1590439
1590450
1590456
1590463
1590471
1590461
1590457
1590450
1590445
1590452
1590445
1590439
1590445
1590449
1590447
1590457
1590478
1590485
1590486
1590468
1590441
1590438
1590437
1590437
1590446
1590455
1590459
1590452
1590440
1590430
1590432
1590436
1590439
1590449
1590459
1590459
1590451
1590448
1590460
1590473
1590462
1590441
1590436
1590437
1590446
1590453
1590460
1590472
1590463
1590449
1590440
1590436
1590443
1590455
1590466
1590464
1590461
1590445
1590432
1590434
1590438
1590443
1590441
1590454
1590466
1590452
1590436
1590427
1590424
1590424
1590427
1590449
1590480
1590490
1590485
1590484
1590480
1590461
1590440
1590435
1590440
1590441
1590425
1590405
1590407
1590436
1590470
1590489
1590503
1590510
1590501
1590494
1590478
1590449
1590424
1590399
1590389
1590396
1590414
1590448
1590466
1590474
1590487
1590488
1590487
1590475
1590461
1590454
1590435
1590426
1590425
1590427
1590444
1590461
1590475
1590466
1590439
1590451
1590475
1590484
1590482
1590462
1590449
1590444
1590431
1590411
1590402
1590405
1590409
1590427
1590450
1590479
1590502
1590489
1590464
1590447
1590439
1590444
1590443
1590441
1590446
1590449
1590457
1590455
1590450
1590438
1590411
1590415
1590442
1590462
1590468
1590471
1590485
1590475
1590460
1590464
1590454
1590448
1590452
1590453
1590470
1590480
1590467
1590452
1590445
1590453
1590461
1590458
1590451
1590451
1590466
1590471
1590464
1590446
1590420
1590412
1590410
1590412
1590431
1590452
1590469
1590482
1590488
1590484
1590482
1590485
1590466
1590448
1590452
1590453
1590444
1590443
1590451
1590451
1590442
1590437
1590434
1590433
1590442
1590449
1590444
1590438
1590441
1590452
1590473
1590490
1590488
1590479
1590451
1590421
1590402
1590401
1590436
1590458
1590458
1590468
1590475
1590480
1590486
1590470
1590449
1590431
1590412
1590407
1590407
1590418
1590449
1590476
1590491
1590495
1590492
1590483
1590467
1590445
1590430
1590434
1590434
1590428
1590432
1590430
1590428
1590428
1590423
1590436
1590465
1590489
1590510
1590512
1590490
1590453
1590422
1590416
1590413
1590401
1590409
1590432
1590472
1590507
1590517
1590517
1590504
1590470
1590433
1590427
1590429
1590427
1590441
1590449
1590456
1590459
1590460
1590476
1590481
1590464
1590439
1590428
1590442
1590456
1590455
1590457
1590451
1590439
1590429
1590423
1590439
1590456
1590468
1590479
1590475
1590469
1590457
1590437
1590427
1590433
1590442
1590454
1590470
1590474
1590459
1590450
1590449
1590451
1590458
1590446
1590442
1590463
1590467
1590452
1590456
1590475
1590473
1590454
1590437
1590432
1590434
1590441
1590454
1590463
1590459
1590470
1590484
1590477
1590460
1590438
1590437
1590459
1590469
1590469
1590481
1590486
1590453
1590425
1590429
1590425
1590427
1590440
1590443
1590455
1590485
1590502
1590505
1590492
1590464
1590446
1590427
1590409
1590421
1590447
1590474
1590471
1590445
1590441
1590440
1590451
1590475
1590494
1590508
1590497
1590463
1590418
1590393
1590405
1590441
1590475
1590477
1590467
1590472
1590466
1590468
1590486
1590489
1590482
1590454
1590423
1590431
1590445
1590450
1590453
1590462
1590471
1590456
1590445
1590440
1590448
1590463
1590459
1590467
1590488
1590500
1590503
1590475
1590434
1590414
1590412
1590413
1590417
1590425
1590428
1590446
1590480
1590485
1590476
1590477
1590481
1590475
1590450
1590431
1590437
1590455
1590472
1590485
1590483
1590474
1590469
1590463
1590464
1590466
1590458
1590448
1590433
1590420
1590422
1590433
1590459
1590481
1590471
1590450
1590439
1590450
1590473
1590476
1590456
1590435
1590429
1590434
1590444
1590455
1590452
1590447
1590458
1590474
1590484
1590478
1590465
1590458
1590458
1590446
1590417
1590415
1590434
1590442
1590454
1590475
1590479
1590465
1590462
1590469
1590475
1590456
1590420
1590415
1590428
1590440
1590462
1590469
1590469
1590476
1590464
1590453
1590448
1590451
1590457
1590437
1590433
1590436
1590433
1590447
1590457
1590457
1590449
1590440
1590432
1590435
1590436
1590430
1590447
1590469
1590481
1590495
1590496
1590483
1590468
1590448
1590438
1590430
1590419
1590422
1590423
1590442
1590485
1590503
1590481
1590440
1590421
1590430
1590445
1590445
1590442
1590460
1590465
1590461
1590471
1590468
1590463
1590459
1590439
1590432
1590426
1590430
1590465
1590485
1590479
1590470
1590462
1590469
1590469
1590454
1590447
1590443
1590432
1590425
1590435
1590447
1590457
1590475
1590489
1590496
1590490
1590470
1590459
1590446
1590440
1590437
1590420
1590411
1590419
1590430
1590445
1590461
1590476
1590481
1590471
1590457
1590454
1590470
1590482
1590481
1590454
1590427
1590434
1590431
1590434
1590440
1590441
1590475
1590483
1590474
1590481
1590459
1590435
1590433
1590439
1590444
1590455
1590483
1590495
1590487
1590480
1590476
1590462
1590438
1590416
1590399
1590402
1590429
1590470
1590499
1590496
1590490
1590486
1590475
1590463
1590443
1590430
1590442
1590462
1590459
1590441
1590432
1590435
1590440
1590447
1590460
1590466
1590459
1590460
1590471
1590462
1590464
1590472
1590460
1590463
1590466
1590455
1590442
1590438
1590442
1590435
1590435
1590435
1590442
1590457
1590449
1590460
1590496
1590520
1590519
1590489
1590453
1590422
1590394
1590384
1590400
1590434
1590475
1590494
1590497
1590492
1590477
1590460
1590450
1590449
1590435
1590422
1590433
1590434
1590442
1590468
1590469
1590468
1590466
1590452
1590458
1590473
1590476
1590485
1590493
1590476
1590458
1590438
1590418
1590429
1590443
1590455
1590468
1590461
1590468
1590484
1590484
1590466
1590435
1590428
1590448
1590471
1590479
1590465
1590448
1590450
1590458
1590437
1590416
1590426
1590442
1590459
1590467
1590462
1590461
1590459
1590462
1590459
1590457
1590476
1590485
1590472
1590459
1590451
1590428
1590412
1590413
1590414
1590434
1590463
1590478
1590487
1590491
1590476
1590457
1590443
1590428
1590432
1590450
1590457
1590454
1590464
1590479
1590488
1590494
1590471
1590430
1590405
1590407
1590447
1590485
1590489
1590481
1590461
1590445
1590437
1590432
1590449
1590452
1590437
1590445
1590439
1590427
1590435
1590448
1590453
1590442
1590449
1590464
1590467
1590465
1590456
1590452
1590449
1590440
1590434
1590429
1590441
1590470
1590485
1590480
1590462
1590448
1590447
1590446
1590442
1590433
1590432
1590446
1590463
1590470
1590455
1590435
1590434
1590451
1590466
1590469
1590457
1590444
1590447
1590439
1590431
1590442
1590455
1590476
1590487
1590463
1590418
1590402
1590437
1590493
1590526
1590486
1590411
1590388
1590423
1590480
1590508
1590484
1590447
1590436
1590466
1590490
1590457
1590416
1590424
1590447
1590446
1590429
1590427
1590443
1590458
1590456
1590441
1590435
1590454
1590490
1590493
1590461
1590452
1590454
1590459
1590468
1590456
1590443
1590432
1590414
1590404
1590409
1590436
1590462
1590477
1590493
1590496
1590485
1590469
1590463
1590464
1590449
1590429
1590438
1590453
1590450
1590445
1590435
1590426
1590440
1590462
1590471
1590448
1590427
1590440
1590459
1590483
1590483
1590453
1590440
1590430
1590439
1590470
1590465
1590425
1590394
1590424
1590479
1590488
1590475
1590474
1590469
1590441
1590429
1590453
1590470
1590464
1590445
1590422
1590416
1590444
1590485
1590494
1590470
1590439
1590418
1590426
1590440
1590431
1590420
1590419
1590448
1590481
1590500
1590515
1590480
1590432
1590434
1590452
1590442
1590412
1590406
1590435
1590471
1590497
1590482
1590457
1590464
1590469
1590451
1590424
1590416
1590422
1590422
1590443
1590481
1590500
1590504
1590500
1590468
1590430
1590417
1590397
1590383
1590403
1590447
1590485
1590507
1590513
1590496
1590476
1590452
1590419
1590401
1590417
1590447
1590458
1590464
1590474
1590495
1590502
1590479
1590445
1590408
1590406
1590429
1590421
1590414
1590429
1590456
1590484
1590497
1590503
1590494
1590467
1590460
1590471
1590464
1590439
1590411
1590408
1590436
1590450
1590452
1590462
1590459
1590462
1590466
1590463
1590477
1590469
1590455
1590461
1590464
1590471
1590468
1590452
1590440
1590446
1590465
1590468
1590462
1590458
1590449
1590444
1590455
1590462
1590463
1590456
1590448
1590455
1590453
1590452
1590458
1590446
1590445
1590441
1590428
1590438
1590450
1590449
1590451
1590465
1590480
1590473
1590457
1590457
1590462
1590472
1590487
1590483
1590462
1590429
1590415
1590433
1590445
1590444
1590449
1590464
1590458
1590447
1590466
1590480
1590476
1590461
1590450
1590459
1590463
1590448
1590430
1590426
1590438
1590452
1590467
1590476
1590466
1590460
1590455
1590448
1590455
1590468
1590478
1590469
1590468
1590472
1590454
1590444
1590439
1590431
1590430
1590429
1590444
1590474
1590488
1590482
1590494
1590501
1590474
1590454
1590443
1590428
1590429
1590425
1590414
1590408
1590411
1590429
1590458
1590496
1590521
1590521
1590509
1590489
1590468
1590437
1590401
1590389
1590409
1590451
1590487
1590500
1590493
1590486
1590481
1590455
1590438
1590438
1590431
1590432
1590445
1590471
1590472
1590456
1590453
1590443
1590440
1590443
1590460
1590483
1590488
1590490
1590483
1590471
1590442
1590396
1590398
1590421
1590454
1590484
1590477
1590477
1590479
1590470
1590459
1590434
1590423
1590427
1590422
1590432
1590455
1590461
1590453
1590453
1590465
1590453
1590435
1590445
1590454
1590475
1590487
1590472
1590458
1590447
1590448
1590461
1590460
1590436
1590423
1590447
1590467
1590469
1590475
1590475
1590465
1590459
1590453
1590450
1590444
1590434
1590442
1590453
1590464
1590463
1590452
1590450
1590442
1590435
1590425
1590426
1590436
1590437
1590464
1590496
1590502
1590501
1590491
1590479
1590475
1590468
1590455
1590432
1590408
1590415
1590421
1590441
1590483
1590485
1590475
1590466
1590472
1590497
1590490
1590468
1590450
1590448
1590463
1590457
1590460
1590467
1590456
1590447
1590429
1590423
1590432
1590440
1590461
1590468
1590467
1590474
1590474
1590482
1590474
1590453
1590440
1590428
1590442
1590470
1590488
1590491
1590474
1590449
1590425
1590428
1590440
1590440
1590440
1590441
1590460
1590480
1590472
1590456
1590449
1590448
1590453
1590457
1590450
1590450
1590466
1590469
1590460
1590464
1590472
1590473
1590474
1590467
1590463
1590472
1590468
1590462
1590457
1590436
1590426
1590436
1590448
1590452
1590445
1590446
1590460
1590477
1590483
1590477
1590460
1590451
1590454
1590445
1590443
1590453
1590454
1590450
1590454
1590457
1590440
1590427
1590446
1590465
1590465
1590456
1590460
1590475
1590476
1590460
1590444
1590441
1590431
1590416
1590420
1590435
1590447
1590450
1590461
1590481
1590485
1590482
1590476
1590458
1590461
1590459
1590451
1590463
1590459
1590451
1590446
1590447
1590451
1590439
1590437
1590442
1590446
1590456
1590462
1590483
1590505
1590496
1590471
1590442
1590439
1590441
1590432
1590449
1590465
1590478
1590472
1590452
1590459
1590459
1590456
1590449
1590434
1590440
1590432
1590429
1590447
1590458
1590446
1590429
1590452
1590489
1590487
1590458
1590431
1590446
1590488
1590504
1590489
1590454
1590426
1590429
1590438
1590430
1590418
1590438
1590481
1590490
1590472
1590456
1590448
1590447
1590449
1590467
1590483
1590490
1590482
1590468
1590481
1590479
1590457
1590450
1590444
1590435
1590417
1590412
1590435
1590445
1590457
1590474
1590469
1590470
1590472
1590455
1590446
1590445
1590463
1590483
1590473
1590453
1590440
1590459
1590494
1590509
1590487
1590440
1590417
1590412
1590414
1590426
1590429
1590446
1590473
1590474
1590454
1590442
1590455
1590469
1590465
1590456
1590452
1590476
1590491
1590470
1590443
1590414
1590424
1590446
1590432
1590419
1590417
1590429
1590463
1590483
1590484
1590485
1590482
1590474
1590466
1590457
1590435
1590425
1590443
1590444
1590437
1590451
1590481
1590492
1590461
1590434
1590430
1590444
1590455
1590442
1590436
1590442
1590443
1590441
1590458
1590475
1590474
1590473
1590467
1590463
1590461
1590466
1590465
1590445
1590446
1590442
1590427
1590433
1590457
1590477
1590476
1590478
1590484
1590482
1590463
1590437
1590440
1590445
1590448
1590457
1590465
1590477
1590481
1590478
1590477
1590476
1590474
1590463
1590437
1590419
1590433
1590444
1590431
1590443
1590471
1590472
1590462
1590456
1590471
1590488
1590477
1590456
1590435
1590421
1590423
1590430
1590434
1590435
1590443
1590467
1590473
1590459
1590473
1590485
1590472
1590460
1590440
1590437
1590449
1590443
1590445
1590454
1590464
1590472
1590457
1590448
1590442
1590428
1590439
1590458
1590465
1590468
1590467
1590459
1590438
1590430
1590439
1590446
1590453
1590455
1590458
1590466
1590459
1590448
1590453
1590467
1590470
1590458
1590468
1590483
1590474
1590469
1590459
1590447
1590434
1590427
1590430
1590428
1590433
1590438
1590440
1590455
1590462
1590446
1590443
1590442
1590445
1590482
1590500
1590486
1590458
1590433
1590438
1590434
1590424
1590419
1590412
1590421
1590432
1590455
1590484
1590482
1590472
1590475
1590469
1590458
1590447
1590439
1590436
1590423
1590429
1590438
1590449
1590482
1590485
1590473
1590468
1590460
1590468
1590465
1590456
1590470
1590468
1590462
1590468
1590450
1590443
1590434
1590407
1590412
1590418
1590430
1590462
1590472
1590489
1590512
1590504
1590472
1590437
1590431
1590440
1590441
1590432
1590415
1590423
1590447
1590458
1590463
1590469
1590474
1590464
1590465
1590480
1590467
1590466
1590460
1590443
1590458
1590454
1590447
1590436
1590425
1590443
1590456
1590454
1590451
1590459
1590460
1590463
1590480
1590473
1590464
1590457
1590443
1590448
1590465
1590469
1590458
1590447
1590446
1590459
1590461
1590443
1590424
1590418
1590443
1590487
1590503
1590486
1590451
1590431
1590461
1590494
1590470
1590429
1590415
1590425
1590459
1590485
1590465
1590439
1590444
1590465
1590472
1590450
1590426
1590443
1590469
1590470
1590468
1590461
1590461
1590462
1590451
1590448
1590443
1590442
1590443
1590450
1590468
1590478
1590473
1590456
1590436
1590434
1590445
1590457
1590472
1590476
1590465
1590466
1590472
1590474
1590473
1590473
1590472
1590458
1590438
1590434
1590446
1590450
1590460
1590474
1590466
1590444
1590437
1590443
1590445
1590454
1590459
1590454
1590463
1590476
1590482
1590471
1590455
1590448
1590443
1590462
1590492
1590489
1590456
1590436
1590437
1590435
1590435
1590438
1590450
1590478
1590492
1590483
1590477
1590487
1590502
1590495
1590466
1590430
1590387
1590404
1590452
1590445
1590427
1590440
1590465
1590497
1590505
1590474
1590456
1590472
1590479
1590466
1590455
1590457
1590454
1590445
1590448
1590456
1590461
1590459
1590457
1590456
1590459
1590468
1590467
1590461
1590460
1590450
1590442
1590452
1590451
1590445
1590459
1590468
1590470
1590451
1590426
1590434
1590457
1590471
1590475
1590476
1590474
1590482
1590497
1590488
1590472
1590460
1590454
1590444
1590418
1590412
1590428
1590450
1590481
1590494
1590486
1590489
1590498
1590483
1590454
1590436
1590438
1590449
1590453
1590455
1590453
1590446
1590441
1590434
1590440
1590460
1590472
1590481
1590482
1590470
1590463
1590454
1590455
1590455
1590441
1590440
1590442
1590451
1590463
1590469
1590474
1590488
1590513
1590513
1590490
1590449
1590406
1590398
1590412
1590434
1590448
1590442
1590438
1590451
1590474
1590500
1590515
1590496
1590470
1590459
1590451
1590458
1590461
1590450
1590444
1590441
1590441
1590440
1590448
1590458
1590459
1590474
1590488
1590478
1590472
1590455
1590436
1590451
1590469
1590469
1590452
1590434
1590434
1590456
1590472
1590457
1590454
1590464
1590472
1590486
1590478
1590459
1590451
1590453
1590445
1590421
1590416
1590419
1590428
1590450
1590467
1590487
1590500
1590492
1590498
1590514
1590495
1590443
1590406
1590409
1590443
1590468
1590465
1590461
1590457
1590467
1590490
1590486
1590467
1590450
1590443
1590442
1590427
1590418
1590430
1590449
1590465
1590490
1590509
1590501
1590478
1590455
1590446
1590450
1590454
1590463
1590468
1590463
1590442
1590429
1590442
1590438
1590429
1590434
1590428
1590435
1590446
1590461
1590489
1590484
1590467
1590462
1590452
1590448
1590454
1590446
1590446
1590462
1590467
1590461
1590441
1590428
1590447
1590465
1590476
1590478
1590466
1590461
1590464
1590476
1590471
1590440
1590416
1590415
1590439
1590464
1590473
1590477
1590480
1590470
1590443
1590421
1590420
1590437
1590453
1590453
1590461
1590477
1590481
1590477
1590459
1590449
1590456
1590450
1590441
1590434
1590423
1590428
1590450
1590460
1590459
1590466
1590464
1590451
1590447
1590437
1590433
1590442
1590456
1590463
1590464
1590487
1590501
1590483
1590465
1590457
1590452
1590436
1590424
1590429
1590440
1590453
1590465
1590472
1590482
1590491
1590489
1590484
1590463
1590433
1590430
1590439
1590442
1590432
1590421
1590420
1590430
1590452
1590471
1590479
1590492
1590515
1590533
1590520
1590485
1590451
1590421
1590398
1590390
1590398
1590423
1590452
1590474
1590499
1590519
1590518
1590494
1590455
1590428
1590422
1590415
1590410
1590435
1590462
1590481
1590503
1590509
1590506
1590491
1590463
1590442
1590436
1590445
1590444
1590427
1590418
1590423
1590435
1590449
1590464
1590472
1590472
1590482
1590495
1590487
1590468
1590446
1590428
1590429
1590458
1590480
1590454
1590426
1590439
1590467
1590487
1590490
1590478
1590455
1590440
1590448
1590459
1590464
1590464
1590460
1590445
1590413
1590400
1590424
1590451
1590460
1590460
1590468
1590478
1590474
1590470
1590473
1590477
1590462
1590436
1590438
1590440
1590435
1590431
1590433
1590461
1590494
1590509
1590495
1590469
1590441
1590415
1590407
1590423
1590455
1590475
1590470
1590458
1590463
1590493
1590519
1590504
1590450
1590402
1590404
1590438
1590458
1590455
1590451
1590446
1590446
1590468
1590482
1590475
1590468
1590464
1590456
1590443
1590454
1590484
1590489
1590463
1590435
1590427
1590427
1590430
1590436
1590452
1590496
1590526
1590525
1590496
1590465
1590458
1590434
1590407
1590390
1590385
1590413
1590463
1590513
1590524
1590513
1590501
1590479
1590459
1590441
1590439
1590434
1590421
1590441
1590464
1590469
1590468
1590472
1590493
1590506
1590485
1590454
1590436
1590430
1590437
1590444
1590451
1590453
1590446
1590455
1590468
1590474
1590485
1590492
1590482
1590455
1590434
1590437
1590450
1590458
1590454
1590460
1590492
1590515
1590494
1590451
1590417
1590418
1590453
1590470
1590452
1590432
1590440
1590464
1590468
1590455
1590438
1590430
1590447
1590475
1590486
1590478
1590472
1590469
1590465
1590468
1590473
1590473
1590472
1590479
1590487
1590474
1590453
1590446
1590434
1590412
1590415
1590431
1590450
1590467
1590465
1590472
1590485
1590479
1590471
1590457
1590443
1590444
1590454
1590471
1590483
1590485
1590485
1590490
1590490
1590469
1590459
1590448
1590430
1590435
1590448
1590455
1590454
1590454
1590464
1590465
1590456
1590460
1590470
1590472
1590474
1590460
1590432
1590412
1590412
1590430
1590447
1590459
1590461
1590468
1590478
1590474
1590466
1590454
1590444
1590429
1590428
1590436
1590438
1590455
1590466
1590461
1590464
1590471
1590467
1590463
1590448
1590428
1590434
1590457
1590472
1590463
1590450
1590451
1590454
1590454
1590457
1590447
1590428
1590426
1590423
1590424
1590441
1590443
1590445
1590460
1590469
1590479
1590468
1590448
1590445
1590435
1590439
1590466
1590469
1590465
1590470
1590454
1590441
1590442
1590433
1590437
1590459
1590461
1590464
1590463
1590456
1590476
1590476
1590467
1590467
1590461
1590459
1590450
1590438
1590421
1590412
1590426
1590440
1590462
1590481
1590490
1590508
1590511
1590483
1590451
1590431
1590433
1590440
1590440
1590439
1590433
1590437
1590446
1590463
1590479
1590475
1590474
1590481
1590485
1590476
1590462
1590448
1590438
1590434
1590439
1590447
1590448
1590458
1590453
1590442
1590457
1590461
1590461
1590462
1590458
1590469
1590472
1590469
1590458
1590450
1590462
1590452
1590441
1590456
1590461
1590454
1590453
1590443
1590440
1590461
1590460
1590451
1590457
1590460
1590466
1590467
1590465
1590461
1590453
1590460
1590474
1590469
1590454
1590445
1590443
1590439
1590434
1590440
1590457
1590470
1590466
1590456
1590458
1590459
1590462
1590458
1590450
1590448
1590447
1590444
1590431
1590431
1590441
1590449
1590468
1590474
1590461
1590456
1590458
1590442
1590430
1590438
1590444
1590458
1590465
1590451
1590455
1590475
1590484
1590488
1590467
1590431
1590419
1590413
1590417
1590439
1590453
1590467
1590472
1590471
1590460
1590437
1590446
1590464
1590460
1590455
1590453
1590462
1590470
1590455
1590444
1590440
1590425
1590423
1590436
1590456
1590470
1590455
1590439
1590435
1590438
1590447
1590445
1590445
1590450
1590446
1590451
1590457
1590439
1590427
1590434
1590442
1590454
1590463
1590458
1590453
1590459
1590469
1590460
1590448
1590446
1590442
1590440
1590448
1590461
1590454
1590436
1590439
1590450
1590460
1590463
1590461
1590474
1590471
1590450
1590446
1590441
1590439
1590454
1590464
1590461
1590460
1590469
1590472
1590460
1590454
1590452
1590452
1590457
1590454
1590443
1590436
1590446
1590468
1590477
1590469
1590458
1590439
1590418
1590417
1590438
1590461
1590475
1590474
1590455
1590445
1590449
1590451
1590453
1590445
1590429
1590433
1590465
1590484
1590477
1590464
1590452
1590465
1590464
1590454
1590462
1590455
1590454
1590459
1590455
1590447
1590433
1590433
1590429
1590430
1590445
1590457
1590471
1590483
1590487
1590490
1590495
1590489
1590477
1590456
1590431
1590428
1590437
1590450
1590451
1590436
1590446
1590467
1590481
1590490
1590487
1590484
1590463
1590438
1590427
1590413
1590427
1590455
1590461
1590481
1590496
1590483
1590466
1590467
1590470
1590460
1590449
1590431
1590418
1590435
1590457
1590455
1590456
1590461
1590447
1590438
1590441
1590452
1590462
1590469
1590478
1590489
1590483
1590454
1590443
1590446
1590434
1590417
1590416
1590445
1590473
1590486
1590482
1590463
1590458
1590460
1590461
1590460
1590456
1590462
1590462
1590444
1590426
1590434
1590447
1590453
1590469
1590471
1590463
1590456
1590435
1590436
1590455
1590468
1590483
1590481
1590472
1590465
1590441
1590425
1590412
1590398
1590401
1590420
1590443
1590462
1590472
1590473
1590470
1590468
1590469
1590464
1590450
1590441
1590441
1590447
1590457
1590470
1590471
1590459
1590456
1590462
1590463
1590442
1590436
1590458
1590467
1590472
1590473
1590459
1590448
1590446
1590433
1590430
1590455
1590468
1590462
1590453
1590436
1590436
1590454
1590452
1590450
1590459
1590460
1590460
1590461
1590454
1590442
1590434
1590432
1590445
1590477
1590488
1590470
1590456
1590450
1590455
1590469
1590460
1590440
1590449
1590458
1590446
1590437
1590426
1590443
1590470
1590458
1590450
1590453
1590451
1590451
1590451
1590459
1590461
1590452
1590439
1590432
1590448
1590466
1590465
1590457
1590446
1590442
1590455
1590465
1590462
1590460
1590466
1590468
1590460
1590463
1590469
1590462
1590446
1590431
1590432
1590438
1590442
1590438
1590444
1590476
1590489
1590469
1590454
1590454
1590451
1590438
1590425
1590415
1590427
1590453
1590449
1590456
1590489
1590493
1590475
1590455
1590436
1590435
1590438
1590436
1590432
1590423
1590435
1590457
1590459
1590457
1590467
1590483
1590490
1590482
1590476
1590461
1590432
1590424
1590427
1590415
1590406
1590406
1590426
1590463
1590485
1590485
1590475
1590476
1590470
1590457
1590465
1590470
1590481
1590482
1590462
1590442
1590422
1590427
1590438
1590453
1590474
1590469
1590467
1590477
1590480
1590472
1590461
1590437
1590419
1590426
1590426
1590443
1590468
1590464
1590465
1590478
1590491
1590479
1590454
1590445
1590434
1590415
1590410
1590439
1590463
1590475
1590480
1590473
1590483
1590489
1590475
1590452
1590437
1590433
1590414
1590420
1590440
1590440
1590462
1590481
1590483
1590480
1590471
1590476
1590472
1590456
1590442
1590419
1590416
1590432
1590441
1590443
1590449
1590462
1590470
1590483
1590487
1590473
1590455
1590445
1590446
1590445
1590452
1590460
1590447
1590433
1590439
1590447
1590454
1590465
1590472
1590473
1590457
1590448
1590455
1590450
1590446
1590442
1590431
1590420
1590420
1590451
1590485
1590487
1590489
1590498
1590483
1590459
1590437
1590418
1590429
1590448
1590459
1590467
1590461
1590452
1590458
1590453
1590431
1590430
1590444
1590453
1590467
1590489
1590483
1590452
1590455
1590470
1590453
1590433
1590443
1590448
1590420
1590413
1590449
1590471
1590465
1590470
1590468
1590456
1590459
1590472
1590474
1590461
1590466
1590481
1590474
1590471
1590469
1590448
1590427
1590423
1590421
1590420
1590430
1590448
1590468
1590478
1590485
1590485
1590484
1590489
1590471
1590445
1590437
1590430
1590421
1590427
1590435
1590440
1590456
1590468
1590478
1590474
1590457
1590460
1590474
1590476
1590460
1590438
1590435
1590440
1590439
1590446
1590452
1590473
1590493
1590472
1590453
1590452
1590458
1590466
1590464
1590461
1590460
1590469
1590474
1590458
1590456
1590453
1590443
1590445
1590451
1590469
1590491
1590493
1590470
1590446
1590434
1590435
1590441
1590457
1590471
1590464
1590453
1590451
1590448
1590455
1590464
1590468
1590476
1590464
1590444
1590446
1590456
1590467
1590465
1590453
1590447
1590440
1590453
1590468
1590485
1590517
1590514
1590473
1590432
1590427
1590438
1590440
1590442
1590429
1590441
1590467
1590471
1590489
1590494
1590472
1590450
1590435
1590425
1590433
1590456
1590475
1590481
1590481
1590467
1590451
1590456
1590448
1590436
1590437
1590431
1590439
1590453
1590461
1590466
1590480
1590493
1590480
1590463
1590456
1590458
1590455
1590450
1590463
1590456
1590436
1590433
1590430
1590439
1590462
1590472
1590469
1590477
1590487
1590478
1590468
1590462
1590451
1590443
1590439
1590432
1590429
1590436
1590448
1590462
1590469
1590465
1590463
1590466
1590475
1590479
1590473
1590469
1590456
1590435
1590421
1590424
1590429
1590434
1590450
1590466
1590489
1590498
1590487
1590484
1590473
1590464
1590449
1590427
1590422
1590412
1590414
1590447
1590481
1590502
1590508
1590507
1590479
1590435
1590413
1590402
1590412
1590422
1590423
1590440
1590457
1590485
1590509
1590500
1590484
1590464
1590446
1590434
1590421
1590420
1590443
1590464
1590477
1590496
1590496
1590489
1590484
1590466
1590446
1590431
1590427
1590420
1590428
1590461
1590486
1590499
1590505
1590477
1590422
1590400
1590405
1590419
1590437
1590459
1590485
1590485
1590490
1590483
1590470
1590476
1590446
1590425
1590428
1590430
1590436
1590436
1590456
1590470
1590462
1590448
1590434
1590440
1590451
1590461
1590463
1590464
1590479
1590482
1590486
1590486
1590475
1590466
1590449
1590431
1590412
1590409
1590425
1590440
1590459
1590478
1590504
1590522
1590506
1590479
1590451
1590428
1590414
1590409
1590429
1590443
1590447
1590461
1590472
1590477
1590467
1590453
1590435
1590407
1590425
1590459
1590467
1590473
1590485
1590506
1590509
1590483
1590464
1590444
1590423
1590407
1590405
1590428
1590446
1590464
1590491
1590497
1590479
1590468
1590472
1590462
1590450
1590450
1590443
1590437
1590434
1590453
1590474
1590458
1590452
1590455
1590456
1590469
1590466
1590458
1590451
1590458
1590473
1590467
1590445
1590422
1590428
1590433
1590429
1590451
1590478
1590488
1590479
1590461
1590448
1590443
1590441
1590438
1590444
1590460
1590465
1590458
1590463
1590464
1590469
1590484
1590479
1590467
1590452
1590439
1590436
1590434
1590446
1590456
1590459
1590474
1590477
1590469
1590461
1590458
1590444
1590419
1590427
1590442
1590438
1590437
1590454
1590473
1590467
1590460
1590458
1590450
1590449
1590452
1590452
1590459
1590461
1590450
1590443
1590443
1590456
1590481
1590507
1590519
1590497
1590467
1590446
1590430
1590420
1590428
1590458
1590473
1590467
1590460
1590456
1590466
1590478
1590463
1590441
1590433
1590435
1590432
1590418
1590422
1590445
1590471
1590489
1590480
1590468
1590456
1590453
1590458
1590444
1590434
1590444
1590459
1590468
1590464
1590466
1590464
1590459
1590467
1590468
1590455
1590442
1590445
1590450
1590453
1590458
1590447
1590446
1590463
1590470
1590468
1590461
1590457
1590462
1590460
1590442
1590438
1590443
1590435
1590438
1590461
1590483
1590498
1590492
1590459
1590426
1590406
1590406
1590425
1590445
1590445
1590452
1590465
1590463
1590476
1590482
1590480
1590481
1590467
1590459
1590446
1590429
1590422
1590419
1590417
1590422
1590460
1590498
1590495
1590482
1590472
1590468
1590450
1590421
1590409
1590407
1590426
1590461
1590489
1590495
1590486
1590476
1590463
1590448
1590428
1590417
1590425
1590437
1590464
1590481
1590466
1590459
1590465
1590457
1590441
1590441
1590443
1590435
1590431
1590428
1590436
1590455
1590471
1590477
1590476
1590489
1590489
1590459
1590441
1590424
1590406
1590416
1590436
1590452
1590459
1590463
1590484
1590487
1590470
1590469
1590443
1590417
1590424
1590430
1590453
1590475
1590464
1590442
1590421
1590426
1590465
1590498
1590488
1590472
1590481
1590483
1590469
1590463
1590459
1590443
1590424
1590407
1590405
1590434
1590469
1590486
1590492
1590496
1590493
1590489
1590488
1590472
1590446
1590424
1590425
1590431
1590430
1590439
1590441
1590450
1590464
1590483
1590501
1590498
1590487
1590477
1590464
1590443
1590434
1590421
1590407
1590441
1590481
1590478
1590459
1590447
1590448
1590455
1590452
1590436
1590435
1590436
1590426
1590431
1590459
1590474
1590466
1590456
1590452
1590466
1590471
1590454
1590452
1590457
1590449
1590437
1590428
1590438
1590449
1590467
1590476
1590469
1590479
1590470
1590454
1590449
1590436
1590438
1590443
1590442
1590442
1590420
1590399
1590425
1590462
1590468
1590469
1590478
1590458
1590419
1590415
1590436
1590449
1590453
1590461
1590466
1590457
1590457
1590455
1590441
1590452
1590468
1590460
1590455
1590459
1590456
1590443
1590442
1590451
1590447
1590449
1590444
1590429
1590450
1590477
1590482
1590480
1590476
1590478
1590470
1590445
1590419
1590393
1590391
1590431
1590468
1590477
1590469
1590467
1590486
1590499
1590491
1590472
1590461
1590461
1590444
1590422
1590411
1590422
1590454
1590468
1590479
1590489
1590477
1590467
1590457
1590443
1590427
1590419
1590427
1590426
1590433
1590455
1590475
1590479
1590456
1590444
1590431
1590410
1590418
1590446
1590465
1590466
1590457
1590453
1590448
1590443
1590468
1590484
1590472
1590468
1590461
1590453
1590444
1590435
1590438
1590447
1590464
1590463
1590449
1590453
1590461
1590449
1590428
1590425
1590436
1590445
1590458
1590463
1590463
1590461
1590461
1590475
1590472
1590461
1590457
1590445
1590450
1590456
1590450
1590447
1590437
1590443
1590454
1590451
1590466
1590491
1590488
1590458
1590448
1590457
1590453
1590452
1590446
1590442
1590458
1590460
1590451
1590443
1590446
1590475
1590487
1590472
1590462
1590457
1590446
1590431
1590422
1590427
1590454
1590478
1590477
1590479
1590491
1590489
1590466
1590447
1590437
1590426
1590433
1590437
1590443
1590456
1590460
1590464
1590453
1590453
1590471
1590457
1590455
1590467
1590457
1590441
1590430
1590439
1590451
1590462
1590486
1590498
1590474
1590449
1590448
1590444
1590443
1590437
1590434
1590452
1590449
1590454
1590476
1590472
1590479
1590492
1590480
1590478
1590484
1590471
1590457
1590451
1590447
1590446
1590459
1590477
1590481
1590453
1590432
1590433
1590421
1590425
1590431
1590441
1590484
1590500
1590491
1590481
1590451
1590434
1590438
1590437
1590448
1590455
1590449
1590454
1590463
1590475
1590465
1590462
1590472
1590456
1590456
1590472
1590466
1590455
1590461
1590479
1590464
1590434
1590421
1590411
1590440
1590464
1590449
1590447
1590462
1590487
1590492
1590467
1590454
1590455
1590441
1590425
1590448
1590470
1590464
1590445
1590431
1590452
1590471
1590474
1590465
1590467
1590491
1590469
1590440
1590451
1590459
1590433
1590417
1590457
1590497
1590486
1590437
1590399
1590410
1590443
1590470
1590492
1590466
1590427
1590446
1590483
1590495
1590470
1590444
1590449
1590450
1590444
1590444
1590441
1590438
1590470
1590489
1590470
1590458
1590445
1590445
1590444
1590422
1590430
1590448
1590449
1590462
1590480
1590477
1590463
1590458
1590455
1590446
1590445
1590456
1590471
1590471
1590475
1590478
1590466
1590455
1590435
1590419
1590412
1590400
1590415
1590467
1590498
1590482
1590472
1590480
1590470
1590430
1590415
1590452
1590473
1590471
1590467
1590450
1590440
1590443
1590468
1590487
1590477
1590453
1590419
1590418
1590448
1590461
1590470
1590462
1590431
1590429
1590448
1590455
1590459
1590461
1590474
1590485
1590480
1590479
1590468
1590436
1590411
1590414
1590419
1590434
1590462
1590470
1590464
1590451
1590442
1590446
1590471
1590499
1590495
1590465
1590422
1590391
1590397
1590419
1590441
1590468
1590485
1590492
1590496
1590504
1590496
1590459
1590429
1590415
1590430
1590459
1590457
1590460
1590467
1590456
1590444
1590439
1590444
1590439
1590430
1590441
1590452
1590466
1590487
1590499
1590502
1590468
1590439
1590435
1590412
1590404
1590414
1590436
1590448
1590437
1590456
1590485
1590499
1590509
1590500
1590465
1590433
1590423
1590426
1590451
1590459
1590443
1590446
1590455
1590466
1590466
1590456
1590454
1590455
1590460
1590456
1590457
1590462
1590456
1590455
1590446
1590428
1590431
1590459
1590474
1590471
1590476
1590478
1590468
1590464
1590473
1590477
1590471
1590463
1590441
1590422
1590422
1590416
1590416
1590451
1590477
1590471
1590466
1590468
1590472
1590487
1590496
1590481
1590452
1590438
1590450
1590461
1590468
1590470
1590454
1590446
1590452
1590453
1590463
1590476
1590466
1590449
1590452
1590459
1590450
1590452
1590476
1590479
1590451
1590441
1590442
1590439
1590446
1590444
1590432
1590435
1590450
1590474
1590484
1590485
1590491
1590479
1590459
1590452
1590443
1590418
1590395
1590406
1590437
1590459
1590471
1590485
1590495
1590488
1590470
1590457
1590447
1590441
1590458
1590477
1590479
1590479
1590467
1590454
1590451
1590441
1590444
1590449
1590435
1590429
1590434
1590443
1590453
1590458
1590472
1590488
1590474
1590460
1590469
1590476
1590479
1590464
1590450
1590442
1590435
1590448
1590458
1590454
1590435
1590415
1590420
1590438
1590457
1590474
1590483
1590489
1590485
1590467
1590469
1590458
1590426
1590417
1590411
1590427
1590462
1590481
1590489
1590484
1590491
1590499
1590491
1590462
1590426
1590415
1590406
1590422
1590459
1590461
1590469
1590487
1590482
1590474
1590468
1590449
1590422
1590414
1590429
1590429
1590434
1590468
1590483
1590477
1590479
1590481
1590488
1590495
1590477
1590451
1590433
1590426
1590431
1590442
1590458
1590475
1590483
1590478
1590473
1590482
1590476
1590458
1590449
1590450
1590458
1590449
1590444
1590450
1590453
1590455
1590447
1590449
1590457
1590443
1590430
1590441
1590451
1590445
1590447
1590447
1590444
1590441
1590436
1590449
1590467
1590484
1590485
1590471
1590466
1590463
1590482
1590483
1590452
1590446
1590440
1590430
1590447
1590463
1590469
1590474
1590470
1590463
1590453
1590444
1590433
1590417
1590426
1590461
1590488
1590500
1590498
1590491
1590479
1590461
1590446
1590437
1590439
1590430
1590405
1590408
1590430
1590444
1590453
1590444
1590448
1590464
1590465
1590477
1590482
1590484
1590491
1590473
1590459
1590435
1590401
1590410
1590432
1590458
1590477
1590464
1590455
1590458
1590450
1590440
1590444
1590458
1590451
1590448
1590477
1590488
1590469
1590449
1590432
1590441
1590452
1590444
1590434
1590433
1590445
1590450
1590458
1590472
1590467
1590465
1590473
1590471
1590456
1590436
1590434
1590441
1590442
1590464
1590472
1590449
1590429
1590431
1590461
1590483
1590492
1590489
1590484
1590479
1590466
1590464
1590449
1590428
1590439
1590453
1590473
1590482
1590456
1590452
1590451
1590431
1590430
1590439
1590467
1590476
1590455
1590471
1590480
1590459
1590443
1590424
1590408
1590419
1590439
1590446
1590447
1590449
1590462
1590488
1590496
1590481
1590469
1590462
1590448
1590432
1590422
1590429
1590426
1590409
1590426
1590456
1590484
1590497
1590485
1590486
1590484
1590476
1590478
1590450
1590426
1590421
1590417
1590431
1590450
1590453
1590444
1590441
1590455
1590462
1590443
1590414
1590398
1590423
1590477
1590510
1590506
1590464
1590435
1590442
1590457
1590476
1590469
1590422
1590373
1590394
1590478
1590539
1590533
1590477
1590439
1590424
1590399
1590379
1590384
1590419
1590465
1590493
1590494
1590486
1590484
1590473
1590456
1590449
1590441
1590428
1590425
1590438
1590458
1590467
1590458
1590440
1590429
1590441
1590460
1590469
1590466
1590460
1590451
1590445
1590435
1590417
1590427
1590452
1590470
1590487
1590497
1590489
1590455
1590414
1590407
1590428
1590437
1590430
1590419
1590428
1590467
1590504
1590522
1590511
1590474
1590430
1590408
1590417
1590429
1590433
1590426
1590426
1590456
1590480
1590484
1590470
1590438
1590427
1590446
1590457
1590463
1590463
1590438
1590414
1590413
1590431
1590456
1590469
1590468
1590462
1590460
1590475
1590488
1590486
1590478
1590457
1590438
1590444
1590449
1590426
1590403
1590425
1590468
1590488
1590472
1590446
1590443
1590448
1590455
1590451
1590426
1590422
1590447
1590468
1590476
1590472
1590462
1590449
1590440
1590437
1590429
1590431
1590443
1590442
1590446
1590465
1590474
1590469
1590453
1590448
1590454
1590441
1590419
1590404
1590413
1590439
1590453
1590468
1590480
1590473
1590460
1590459
1590460
1590443
1590434
1590439
1590441
1590447
1590452
1590460
1590457
1590441
1590441
1590465
1590485
1590490
1590485
1590465
1590444
1590440
1590446
1590444
1590438
1590433
1590435
1590448
1590451
1590451
1590453
1590458
1590472
1590471
1590451
1590439
1590454
1590471
1590462
1590442
1590434
1590441
1590450
1590457
1590457
1590450
1590447
1590436
1590436
1590451
1590453
1590454
1590453
1590457
1590479
1590509
1590517
1590488
1590441
1590411
1590420
1590439
1590454
1590468
1590462
1590455
1590445
1590439
1590442
1590446
1590447
1590437
1590435
1590438
1590446
1590457
1590468
1590477
1590467
1590458
1590455
1590458
1590461
1590445
1590434
1590424
1590420
1590440
1590460
1590469
1590462
1590466
1590483
1590476
1590473
1590471
1590457
1590453
1590453
1590452
1590444
1590427
1590420
1590434
1590468
1590490
1590484
1590471
1590458
1590440
1590427
1590433
1590450
1590454
1590447
1590432
1590428
1590442
1590461
1590490
1590492
1590467
1590449
1590429
1590420
1590416
1590417
1590425
1590438
1590458
1590478
1590496
1590487
1590471
1590468
1590463
1590474
1590472
1590462
1590455
1590432
1590424
1590438
1590453
1590451
1590457
1590473
1590474
1590483
1590474
1590458
1590464
1590452
1590428
1590427
1590442
1590447
1590457
1590474
1590467
1590441
1590417
1590423
1590446
1590474
1590506
1590498
1590479
1590467
1590449
1590443
1590430
1590427
1590438
1590436
1590440
1590437
1590449
1590469
1590471
1590480
1590478
1590479
1590474
1590449
1590437
1590417
1590410
1590425
1590444
1590477
1590490
1590482
1590469
1590445
1590434
1590442
1590448
1590442
1590432
1590425
1590433
1590453
1590469
1590482
1590494
1590499
1590489
1590465
1590451
1590443
1590429
1590425
1590433
1590448
1590456
1590455
1590459
1590465
1590473
1590483
1590485
1590464
1590447
1590446
1590433
1590438
1590441
1590438
1590450
1590446
1590447
1590452
1590440
1590438
1590450
1590460
1590451
1590446
1590458
1590469
1590472
1590480
1590499
1590508
1590496
1590481
1590477
1590461
1590442
1590434
1590424
1590414
1590412
1590416
1590436
1590451
1590457
1590463
1590461
1590472
1590482
1590478
1590480
1590480
1590466
1590451
1590446
1590445
1590465
1590483
1590472
1590447
1590422
1590426
1590432
1590426
1590428
1590433
1590465
1590487
1590472
1590450
1590437
1590448
1590469
1590471
1590454
1590462
1590496
1590503
1590480
1590450
1590432
1590436
1590460
1590478
1590469
1590436
1590428
1590468
1590491
1590485
1590465
1590444
1590456
1590463
1590431
1590399
1590396
1590406
1590423
1590446
1590456
1590474
1590502
1590515
1590511
1590486
1590461
1590453
1590441
1590430
1590413
1590406
1590430
1590452
1590451
1590432
1590430
1590467
1590490
1590489
1590483
1590474
1590474
1590463
1590433
1590415
1590420
1590445
1590449
1590433
1590439
1590453
1590470
1590484
1590462
1590428
1590430
1590447
1590446
1590426
1590414
1590431
1590457
1590468
1590468
1590460
1590455
1590453
1590425
1590385
1590394
1590425
1590444
1590471
1590481
1590490
1590506
1590484
1590436
1590399
1590402
1590442
1590468
1590455
1590436
1590433
1590434
1590432
1590428
1590429
1590455
1590467
1590456
1590454
1590459
1590471
1590476
1590459
1590440
1590422
1590411
1590420
1590436
1590454
1590461
1590461
1590473
1590468
1590459
1590457
1590441
1590428
1590428
1590439
1590434
1590424
1590413
1590395
1590408
1590436
1590463
1590483
1590480
1590471
1590456
1590442
1590446
1590444
1590449
1590456
1590426
1590411
1590411
1590412
1590449
1590473
1590465
1590446
1590444
1590473
1590472
1590438
1590418
1590422
1590440
1590447
1590441
1590449
1590444
1590437
1590443
1590443
1590458
1590465
1590453
1590453
1590455
1590462
1590473
1590477
1590471
1590454
1590439
1590422
1590404
1590399
1590413
1590445
1590464
1590461
1590459
1590451
1590447
1590455
1590448
1590437
1590426
1590409
1590410
1590429
1590441
1590454
1590459
1590456
1590458
1590455
1590456
1590465
1590462
1590449
1590438
1590438
1590434
1590434
1590449
1590444
1590439
1590454
1590460
1590455
1590443
1590436
1590431
1590426
1590430
1590432
1590438
1590455
1590456
1590438
1590431
1590439
1590451
1590455
1590457
1590464
1590466
1590467
1590456
1590433
1590418
1590422
1590447
1590476
1590491
1590488
1590476
1590474
1590472
1590451
1590421
1590411
1590410
1590409
1590414
1590421
1590435
1590447
1590458
1590479
1590496
1590489
1590464
1590448
1590448
1590452
1590436
1590411
1590405
1590418
1590433
1590445
1590447
1590456
1590471
1590461
1590445
1590442
1590438
1590436
1590444
1590450
1590447
1590447
1590454
1590457
1590452
1590447
1590442
1590434
1590430
1590421
1590423
1590444
1590448
1590450
1590470
1590464
1590428
1590411
1590417
1590422
1590441
1590451
1590435
1590410
1590374
1590359
1590377
1590403
1590425
1590423
1590410
1590386
1590352
1590343
1590352
1590353
1590363
1590383
1590382
1590357
1590339
1590331
1590316
1590294
1590269
1590263
1590280
1590293
1590292
1590280
1590271
1590273
1590277
1590276
1590275
1590280
1590287
1590296
1590320
1590352
1590379
1590389
1590394
1590413
1590418
1590433
1590477
1590503
1590520
1590537
1590540
1590528
1590519
1590518
1590514
1590508
1590503
1590501
1590496
1590486
1590482
1590470
1590454
1590446
1590436
1590443
1590474
1590497
1590532
1590581
1590614
1590619
1590606
1590597
1590601
1590621
1590636
1590624
1590627
1590655
1590662
1590661
1590655
1590629
1590614
1590601
1590568
1590537
1590508
1590466
1590443
1590453
1590472
1590495
1590513
1590526
1590531
1590526
1590525
1590541
1590560
1590566
1590575
1590611
1590677
1590750
1590798
1590794
1590767
1590740
1590690
1590619
1590543
1590499
1590482
1590438
1590401
1590399
1590382
1590324
1590245
1590162
1590098
1590046
1589998
1589973
1589966
1590005
1590079
1590168
1590304
1590430
1590530
1590633
1590717
1590790
1590839
1590858
1590885
1590944
1591013
1591036
1591034
1591056
1591082
1591066
1591012
1590964
1590889
1590744
1590566
1590400
1590267
1590152
1590066
1590010
1589958
1589946
1589944
1589931
1589933
1589940
1589956
1589967
1589975
1589983
1589979
1590005
1590059
1590115
1590185
1590251
1590297
1590333
1590363
1590393
1590422
1590470
1590495
1590457
1590415
1590376
1590337
1590305
1590276
1590281
1590304
1590332
1590362
1590409
1590497
1590570
1590602
1590617
1590612
1590611
1590625
1590638
1590656
1590686
1590748
1590836
1590916
1590983
1591019
1591029
1591026
1590979
1590908
1590850
1590800
1590751
1590705
1590660
1590585
1590489
1590381
1590260
1590144
1589998
1589822
1589642
1589459
1589292
1589140
1589040
1589021
1589030
1589043
1589067
1589116
1589228
1589395
1589562
1589740
1589962
1590226
1590492
1590734
1590967
1591180
1591372
1591549
1591669
1591744
1591790
1591810
1591809
1591769
1591691
1591570
1591406
1591215
1591032
1590856
1590651
1590430
1590218
1590028
1589891
1589810
1589755
1589724
1589719
1589728
1589752
1589795
1589854
1589936
1590059
1590219
1590403
1590603
1590799
1590997
1591191
1591370
1591522
1591615
1591655
1591633
1591527
1591370
1591192
1590982
1590728
1590411
1590062
1589745
1589473
1589242
1589028
1588852
1588726
1588599
1588484
1588406
1588377
1588407
1588476
1588610
1588844
1589167
1589536
1589916
1590306
1590686
1591026
1591356
1591696
1592004
1592243
1592421
1592554
1592625
1592626
1592566
1592476
1592362
1592206
1592023
1591804
1591550
1591250
1590868
1590437
1590014
1589660
1589392
1589198
1589110
1589133
1589195
1589260
1589353
1589460
1589564
1589674
1589792
1589929
1590114
1590339
1590548
1590695
1590758
1590773
1590745
1590628
1590439
1590200
1589954
1589722
1589476
1589237
1589020
1588841
1588741
1588735
1588857
1589090
1589363
1589661
1589967
1590251
1590512
1590766
1591029
1591310
1591630
1591971
1592297
1592600
1592825
1592942
1592980
1592917
1592767
1592572
1592355
1592118
1591870
1591620
1591351
1591077
1590828
1590633
1590516
1590478
1590488
1590525
1590591
1590661
1590714
1590739
1590748
1590759
1590766
1590761
1590737
1590710
1590681
1590643
1590608
1590616
1590693
1590847
1591085
1591331
1591501
1591568
1591535
1591412
1591204
1590938
1590657
1590442
1590336
1590322
1590381
1590449
1590500
1590520
1590445
1590260
1589990
1589672
1589353
1589073
1588881
1588807
1588861
1589008
1589237
1589568
1589949
1590341
1590691
1590958
1591152
1591187
1591043
1590806
1590520
1590248
1590039
1589900
1589843
1589865
1589922
1589970
1590001
1590021
1590059
1590085
1590067
1590068
1590131
1590269
1590465
1590717
1591037
1591374
1591688
1591925
1592042
1592049
1591966
1591832
1591676
1591490
1591253
1590960
1590635
1590300
1590004
1589792
1589657
1589578
1589550
1589551
1589589
1589658
1589710
1589756
1589808
1589871
1589942
1589990
1590028
1590102
1590230
1590384
1590545
1590698
1590809
1590839
1590761
1590607
1590385
1590116
1589856
1589592
1589349
1589161
1589044
1589044
1589153
1589344
1589574
1589800
1589986
1590106
1590167
1590195
1590225
1590237
1590244
1590283
1590305
1590308
1590297
1590237
1590126
1589971
1589789
1589604
1589442
1589341
1589303
1589260
1589219
1589200
1589152
1589115
1589104
1589107
1589162
1589238
1589349
1589522
1589739
1589985
1590222
1590435
1590634
1590775
1590840
1590851
1590827
1590783
1590728
1590654
1590556
1590465
1590399
1590333
1590246
1590139
1590004
1589853
1589731
1589665
1589657
1589689
1589765
1589913
1590124
1590402
1590762
1591160
1591534
1591824
1591982
1592012
1591933
1591782
1591623
1591506
1591483
1591567
1591724
1591948
1592177
1592322
1592366
1592323
1592222
1592088
1591920
1591718
1591520
1591334
1591168
1591004
1590791
1590529
1590199
1589865
1589631
1589510
1589496
1589509
1589430
1589241
1588974
1588666
1588381
1588195
1588114
1588152
1588365
1588709
1589153
1589700
1590285
1590870
1591410
1591815
1592048
1592089
1591989
1591845
1591712
1591629
1591621
1591681
1591771
1591862
1591943
1591978
1591957
1591869
1591711
1591519
1591344
1591232
1591193
1591180
1591164
1591139
1591020
1590786
1590511
1590233
1590017
1589937
1590005
1590180
1590360
1590436
1590371
1590221
1590050
1589869
1589666
1589410
1589114
1588827
1588561
1588393
1588391
1588552
1588878
1589300
1589756
1590204
1590575
1590875
1591123
1591349
1591601
1591904
1592254
1592595
1592898
1593123
1593210
1593189
1593070
1592833
1592481
1591996
1591396
1590720
1590084
1589619
1589391
1589448
1589753
1590206
1590663
1591019
1591225
1591226
1591081
1590865
1590615
1590419
1590335
1590380
1590527
1590703
1590806
1590790
1590700
1590570
1590434
1590334
1590265
1590226
1590218
1590233
1590264
1590321
1590420
1590544
1590671
1590771
1590781
1590652
1590387
1590059
1589743
1589472
1589290
1589197
1589179
1589206
1589244
1589308
1589417
1589614
1589938
1590345
1590746
1591064
1591215
1591162
1590951
1590664
1590380
1590135
1589953
1589817
1589712
1589651
1589609
1589568
1589541
1589522
1589475
1589380
1589217
1588978
1588674
1588317
1587955
1587667
1587516
1587560
1587829
1588277
1588838
1589452
1590063
1590659
1591224
1591716
1592120
1592444
1592687
1592843
1592912
1592908
1592845
1592697
1592472
1592188
1591830
1591443
1591064
1590718
1590478
1590354
1590296
1590254
1590177
1590015
1589760
1589437
1589083
1588775
1588562
1588439
1588405
1588464
1588615
1588854
1589215
1589783
1590520
1591320
1592124
1592841
1593405
1593772
1593915
1593835
1593549
1593143
1592731
1592378
1592117
1591965
1591872
1591753
1591550
1591227
1590780
1590205
1589500
1588689
1587855
1587092
1586477
1586103
1586023
1586194
1586541
1587009
1587543
1588105
1588689
1589234
1589693
1590088
1590436
1590782
1591156
1591534
1591878
1592156
1592344
1592438
1592483
1592551
1592655
1592752
1592781
1592702
1592531
1592315
1592071
1591824
1591609
1591399
1591107
1590706
1590222
1589669
1589073
1588493
1588032
1587730
1587588
1587605
1587686
1587765
1587780
1587707
1587629
1587573
1587543
1587529
1587524
1587591
1587728
1587984
1588435
1589040
1589737
1590423
1591030
1591538
1591935
1592289
1592637
1592977
1593300
1593579
1593818
1594014
1594156
1594237
1594292
1594359
1594428
1594450
1594340
1594065
1593640
1593151
1592716
1592356
1592057
1591786
1591489
1591133
1590707
1590252
1589801
1589364
1588952
1588589
1588347
1588213
1588114
1588043
1587980
1587896
1587820
1587781
1587775
1587753
1587707
1587678
1587706
1587845
1588082
1588419
1588909
1589533
1590226
1590895
1591465
1591936
1592320
1592653
1592981
1593301
1593595
1593802
1593809
1593595
1593194
1592632
1591979
1591351
1590828
1590393
1590047
1589804
1589627
1589508
1589451
1589411
1589354
1589310
1589337
1589488
1589793
1590179
1590555
1590865
1591068
1591168
1591193
1591178
1591144
1591087
1590999
1590877
1590743
1590612
1590475
1590337
1590266
1590302
1590431
1590644
1590867
1591008
1591066
1591049
1590938
1590761
1590549
1590313
1590102
1589963
1589896
1589908
1590017
1590139
1590191
1590190
1590139
1590049
1589951
1589858
1589772
1589710
1589657
1589618
1589641
1589736
1589924
1590180
1590426
1590627
1590698
1590589
1590369
1590096
1589854
1589730
1589777
1590010
1590393
1590868
1591325
1591680
1591916
1591992
1591926
1591761
1591505
1591207
1590919
1590652
1590434
1590273
1590161
1590111
1590103
1590082
1590007
1589893
1589775
1589687
1589657
1589722
1589906
1590177
1590452
1590664
1590753
1590695
1590503
1590176
1589800
1589450
1589151
1588988
1588965
1589055
1589249
1589495
1589750
1589972
1590183
1590429
1590698
1590954
1591154
1591301
1591427
1591569
1591759
1591943
1592059
1592066
1591933
1591721
1591528
1591384
1591273
1591137
1590930
1590658
1590332
1589974
1589585
1589177
1588759
1588334
1587929
1587589
1587392
1587403
1587684
1588192
1588803
1589424
1589995
1590478
1590864
1591169
1591467
1591844
1592273
1592649
1592929
1593120
1593246
1593322
1593355
1593344
1593267
1593075
1592708
1592175
1591565
1590947
1590374
1589913
1589573
1589318
1589101
1588874
1588644
1588472
1588410
1588477
1588685
1588978
1589261
1589509
1589665
1589683
1589597
1589431
1589262
1589195
1589306
1589642
1590172
1590853
1591608
1592324
1592951
1593448
1593781
1593945
1593908
1593629
1593100
1592387
1591590
1590843
1590247
1589824
1589590
1589508
1589485
1589441
1589338
1589221
1589100
1588939
1588745
1588449
1588051
1587676
1587374
1587201
1587208
1587417
1587835
1588433
1589153
1589874
1590488
1590938
1591230
1591417
1591552
1591692
1591849
1592020
1592212
1592404
1592554
1592613
1592549
1592336
1591976
1591489
1590942
1590436
1590021
1589719
1589547
1589444
1589322
1589157
1588948
1588742
1588638
1588678
1588875
1589199
1589562
1589891
1590151
1590393
1590666
1590951
1591225
1591439
1591555
1591576
1591517
1591407
1591256
1591079
1590931
1590864
1590915
1591091
1591358
1591665
1591923
1592087
1592143
1592056
1591854
1591651
1591511
1591427
1591377
1591311
1591183
1590999
1590787
1590591
1590463
1590450
1590535
1590654
1590729
1590674
1590480
1590186
1589835
1589492
1589198
1588984
1588873
1588899
1589077
1589352
1589652
1589954
1590231
1590424
1590467
1590314
1589948
1589412
1588801
1588267
1587954
1587921
1588142
1588519
1588929
1589278
1589550
1589810
1590072
1590320
1590549
1590742
1590947
1591201
1591478
1591748
1591987
1592182
1592295
1592284
1592116
1591776
1591312
1590835
1590452
1590227
1590141
1590138
1590161
1590126
1589986
1589759
1589460
1589076
1588624
1588212
1587942
1587876
1588010
1588276
1588589
1588892
1589213
1589565
1589941
1590358
1590803
1591216
1591541
1591747
1591789
1591683
1591544
1591494
1591603
1591879
1592259
1592637
1592910
1593010
1592941
1592717
1592380
1591990
1591554
1591075
1590568
1590085
1589689
1589431
1589408
1589657
1590114
1590668
1591192
1591591
1591771
1591698
1591444
1591098
1590760
1590527
1590436
1590474
1590608
1590786
1590958
1591048
1590992
1590818
1590555
1590221
1589857
1589472
1589089
1588748
1588466
1588270
1588218
1588351
1588651
1589049
1589420
1589678
1589846
1589956
1590046
1590157
1590289
1590412
1590479
1590465
1590363
1590167
1589897
1589568
1589217
1588925
1588734
1588638
1588632
1588699
1588810
1588988
1589253
1589572
1589903
1590209
1590470
1590676
1590853
1591043
1591239
1591392
1591469
1591473
1591425
1591407
1591494
1591638
1591812
1591981
1592033
1591959
1591804
1591594
1591427
1591356
1591355
1591397
1591410
1591316
1591148
1590981
1590854
1590814
1590857
1590929
1590980
1590956
1590896
1590853
1590847
1590933
1591113
1591378
1591737
1592164
1592631
1593071
1593423
1593715
1593945
1594053
1594025
1593853
1593545
1593173
1592824
1592539
1592293
1592046
1591739
1591367
1590966
1590536
1590113
1589745
1589418
1589117
1588832
1588569
1588352
1588187
1588110
1588088
1588094
1588164
1588290
1588527
1588904
1589363
1589903
1590469
1590954
1591316
1591518
1591526
1591406
1591289
1591285
1591405
1591562
1591663
1591593
1591338
1590992
1590581
1590138
1589686
1589222
1588788
1588432
1588178
1588043
1588048
1588182
1588383
1588566
1588675
1588681
1588579
1588414
1588220
1588052
1587955
1587912
1587901
1587874
1587783
1587649
1587550
1587569
1587760
1588120
1588617
1589197
1589758
1590195
1590446
1590480
1590354
1590202
1590128
1590200
1590425
1590793
1591285
1591860
1592453
1592986
1593406
1593648
1593670
1593465
1593041
1592439
1591735
1591016
1590331
1589674
1589055
1588496
1587992
1587574
1587292
1587208
1587398
1587829
1588392
1588971
1589486
1589884
1590170
1590414
1590687
1591064
1591552
1592077
1592558
1592939
1593194
1593356
1593512
1593674
1593826
1593953
1593971
1593824
1593493
1593013
1592480
1591967
1591534
1591253
1591127
1591060
1590995
1590848
1590501
1589991
1589387
1588712
1588097
1587653
1587388
1587364
1587601
1587988
1588370
1588639
1588771
1588797
1588833
1588985
1589261
1589638
1590046
1590467
1590983
1591640
1592432
1593285
1594079
1594709
1595067
1595126
1594938
1594546
1594013
1593398
1592754
1592129
1591561
1591077
1590696
1590451
1590361
1590445
1590695
1591045
1591397
1591628
1591693
1591601
1591345
1591012
1590724
1590544
1590552
1590796
1591240
1591773
1592234
1592527
1592648
1592611
1592400
1591997
1591407
1590657
1589809
1588942
1588153
1587491
1586928
1586438
1586011
1585646
1585343
1585121
1585052
1585188
1585552
1586126
1586829
1587609
1588430
1589267
1590139
1591048
1591937
1592697
1593215
1593416
1593297
1592945
1592469
1591961
1591490
1591063
1590611
1590113
1589612
1589152
1588798
1588542
1588285
1587957
1587601
1587310
1587192
1587348
1587770
1588361
1589030
1589726
1590419
1591083
1591736
1592343
1592838
1593199
1593367
1593297
1593012
1592622
1592273
1592023
1591858
1591706
1591475
1591071
1590401
1589465
1588338
1587069
1585719
1584435
1583363
1582610
1582256
1582330
1582834
1583740
1584997
1586547
1588287
1590103
1591936
1593680
1595166
1596315
1597125
1597647
1597987
1598200
1598235
1598008
1597473
1596626
1595550
1594376
1593217
1592123
1591090
1590110
1589189
1588342
1587589
1586955
1586439
1586082
1585970
1586119
1586544
1587232
1588120
1589161
1590271
1591348
1592290
1593050
1593658
1594125
1594474
1594741
1594882
1594859
1594656
1594250
1593678
1592948
1592091
1591200
1590316
1589455
1588681
1588105
1587774
1587641
1587666
1587781
1587970
1588274
1588665
1589174
1589841
1590600
1591387
1592095
1592596
1592843
1592881
1592790
1592605
1592303
1591868
1591338
1590750
1590134
1589504
1588855
1588189
1587502
1586818
1586172
1585642
1585349
1585360
1585696
1586276
1586940
1587550
1588068
1588550
1589062
1589664
1590302
1590895
1591406
1591758
1591947
1592058
1592195
1592443
1592828
1593263
1593561
1593584
1593289
1592755
1592181
1591800
1591726
1591887
1592125
1592248
1592093
1591610
1590882
1590045
1589191
1588371
1587576
1586824
1586180
1585706
1585497
1585629
1586109
1586870
1587766
1588613
1589311
1589862
1590279
1590607
1590900
1591196
1591520
1591833
1592079
1592241
1592296
1592256
1592157
1591983
1591729
1591403
1591024
1590655
1590366
1590173
1590063
1590019
1589973
1589876
1589761
1589672
1589636
1589659
1589731
1589837
1589969
1590159
1590379
1590540
1590635
1590680
1590687
1590673
1590625
1590535
1590427
1590357
1590348
1590405
1590520
1590623
1590637
1590508
1590254
1589957
1589697
1589582
1589663
1589879
1590170
1590476
1590728
1590913
1591081
1591316
1591705
1592252
1592850
1593368
1593708
1593826
1593745
1593538
1593233
1592819
1592323
1591762
1591225
1590809
1590552
1590541
1590761
1591136
1591602
1592074
1592538
1592985
1593397
1593795
1594138
1594348
1594383
1594244
1593985
1593721
1593529
1593395
1593277
1593065
1592642
1591988
1591173
1590346
1589658
1589192
1588921
1588695
1588427
1588087
1587675
1587288
1587014
1586857
1586777
1586717
1586655
1586667
1586833
1587165
1587656
1588259
1588882
1589445
1589900
1590236
1590483
1590645
1590701
1590667
1590567
1590436
1590311
1590250
1590308
1590444
1590588
1590646
1590540
1590316
1590039
1589742
1589451
1589135
1588761
1588318
1587838
1587396
1587021
1586748
1586595
1586551
1586599
1586668
1586735
1586874
1587163
1587627
1588228
1588879
1589484
1589957
1590238
1590385
1590520
1590730
1591069
1591491
1591889
1592174
1592270
1592150
1591828
1591323
1590697
1590010
1589347
1588781
1588291
1587875
1587545
1587288
1587081
1586906
1586824
1586863
1587048
1587410
1587877
1588408
1588932
1589370
1589718
1589930
1589981
1589849
1589525
1589050
1588505
1588064
1587861
1587975
1588418
1589050
1589745
1590363
1590740
1590877
1590862
1590790
1590801
1591007
1591384
1591803
1592142
1592341
1592439
1592492
1592508
1592509
1592543
1592619
1592704
1592728
1592652
1592489
1592268
1592062
1591945
1591993
1592249
1592668
1593176
1593715
1594285
1594862
1595359
1595742
1596016
1596153
1596131
1595911
1595422
1594663
1593741
1592840
1592127
1591643
1591376
1591289
1591307
1591382
1591432
1591357
1591141
1590817
1590423
1589976
1589507
1589072
1588749
1588624
1588708
1588953
1589307
1589723
1590144
1590513
1590802
1590957
1590944
1590769
1590423
1589902
1589242
1588534
1587905
1587451
1587181
1587063
1587074
1587199
1587474
1587947
1588565
1589228
1589855
1590375
1590772
1591089
1591422
1591832
1592307
1592807
1593261
1593658
1594016
1594308
1594494
1594523
1594324
1593871
1593218
1592466
1591703
1590987
1590336
1589711
1589107
1588571
1588135
1587912
1588005
1588408
1589089
1589976
1591012
1592133
1593249
1594361
1595421
1596337
1597030
1597388
1597372
1596990
1596301
1595482
1594736
1594149
1593683
1593251
1592748
1592114
1591339
1590452
1589506
1588556
1587668
1586894
1586258
1585735
1585307
1584966
1584720
1584586
1584551
1584585
1584647
1584690
1584716
1584775
1584952
1585294
1585795
1586461
1587260
1588140
1589141
1590309
1591597
1592898
1594089
1595076
1595799
1596294
1596642
1596874
1597061
1597226
1597326
1597301
1597059
1596608
1596054
1595539
1595151
1594864
1594581
1594176
1593601
1592897
1592149
1591398
1590633
1589855
1589038
1588131
1587099
1585972
1584876
1583969
1583360
1583091
1583172
1583598
1584331
1585289
1586354
1587408
1588362
1589146
1589814
1590474
1591157
1591897
1592709
1593529
1594318
1595091
1595934
1596905
1597975
1599073
1600072
1600805
1601127
1600969
1600329
1599229
1597767
1596110
1594405
1592720
1591071
1589423
1587723
1586031
1584491
1583217
1582317
1581868
1581872
1582241
1582876
1583726
1584701
1585781
1587023
1588423
1589943
1591527
1593092
1594558
1595814
1596823
1597638
1598259
1598668
1598839
1598728
1598346
1597701
1596787
1595640
1594246
1592614
1590855
1589122
1587544
1586196
1585117
1584261
1583483
1582680
1581847
1581080
1580527
1580281
1580328
1580594
1581057
1581742
1582680
1583906
1585363
1586949
1588553
1590001
1591170
1591991
1592459
1592626
1592627
1592626
1592658
1592692
1592677
1592577
1592359
1591976
1591524
1591179
1591044
1591126
1591331
1591502
1591506
1591293
1590874
1590294
1589608
1588833
1587934
1586917
1585900
1584950
1584075
1583281
1582549
1581925
1581511
1581349
1581415
1581630
1581870
1582036
1582107
1582147
1582256
1582492
1582930
1583590
1584432
1585441
1586543
1587635
1588646
1589581
1590565
1591697
1592956
1594249
1595463
1596544
1597477
1598241
1598829
1599207
1599327
1599102
1598431
1597331
1595899
1594311
1592727
1591244
1589961
1588891
1587998
1587228
1586550
1585931
1585357
1584896
1584583
1584458
1584552
1584852
1585374
1586124
1587100
1588285
1589683
1591285
1593014
1594797
1596484
1597923
1599073
1599907
1600446
1600744
1600876
1600889
1600751
1600444
1599941
1599201
1598191
1596916
1595458
1593904
1592379
1591064
1590066
1589364
1588889
1588586
1588415
1588329
1588316
1588392
1588579
1588882
1589247
1589608
1589935
1590242
1590597
1591046
1591543
1591958
1592157
1592099
1591804
1591260
1590526
1589820
1589358
1589220
1589381
1589781
1590251
1590604
1590791
1590799
1590692
1590567
1590460
1590465
1590659
1591090
1591818
1592817
1593986
1595183
1596193
1596808
1596919
1596557
1595822
1594783
1593536
1592175
1590821
1589611
1588610
1587890
1587513
1587457
1587629
1587891
1588076
1588095
1587985
1587824
1587724
1587781
1588048
1588502
1589016
1589510
1589935
1590268
1590531
1590698
1590729
1590606
1590322
1589904
1589395
1588819
1588208
1587615
1587099
1586740
1586631
1586816
1587261
1587887
1588622
1589319
1589833
1590120
1590220
1590221
1590184
1590159
1590167
1590168
1590204
1590342
1590529
1590671
1590725
1590705
1590649
1590574
1590448
1590249
1589990
1589659
1589264
1588826
1588360
1587881
1587368
1586841
1586376
1586059
1585971
1586102
1586389
1586761
1587125
1587378
1587477
1587484
1587456
1587485
1587642
1587928
1588412
1589044
1589703
1590368
1590966
1591431
1591752
1591956
1592058
1592013
1591801
1591451
1590986
1590434
1589847
1589281
1588832
1588559
1588425
1588364
1588317
1588323
1588431
1588668
1589110
1589765
1590588
1591485
1592383
1593273
1594129
1594938
1595707
1596441
1597143
1597786
1598305
1598619
1598731
1598721
1598592
1598273
1597724
1596933
1595937
1594873
1593899
1593052
1592321
1591705
1591144
1590593
1590004
1589354
1588688
1588037
1587417
1586829
1586273
1585797
1585506
1585486
1585767
1586346
1587182
1588183
1589231
1590236
1591100
1591763
1592235
1592504
1592572
1592458
1592163
1591752
1591275
1590742
1590224
1589781
1589492
1589377
1589347
1589306
1589175
1588953
1588729
1588540
1588382
1588274
1588264
1588453
1588880
1589475
1590189
1590990
1591799
1592531
1593106
1593458
1593532
1593274
1592706
1591911
1590959
1589972
1589045
1588221
1587556
1587062
1586763
1586621
1586592
1586681
1586830
1587055
1587404
1587824
1588219
1588533
1588791
1589010
1589260
1589629
1590108
1590674
1591267
1591816
1592328
1592816
1593316
1593871
1594443
1594976
1595418
1595732
1595920
1595968
1595894
1595709
1595360
1594815
1594174
1593581
1593099
1592762
1592537
1592310
1591996
1591596
1591145
1590635
1590131
1589637
1589085
1588477
1587786
1587064
1586392
1585842
1585571
1585685
1586184
1586963
1587875
1588769
1589533
1590169
1590702
1591154
1591512
1591743
1591919
1592158
1592551
1593155
1593893
1594573
1595037
1595214
1595118
1594774
1594191
1593453
1592697
1592072
1591670
1591519
1591655
1592027
1592545
1593083
1593450
1593510
1593164
1592381
1591293
1590136
1589157
1588508
1588152
1587886
1587489
1586849
1586020
1585159
1584446
1583994
1583817
1583898
1584159
1584521
1584984
1585544
1586213
1586990
1587824
1588642
1589359
1589928
1590347
1590666
1590955
1591236
1591464
1591582
1591587
1591507
1591481
1591678
1592093
1592635
1593155
1593455
1593425
1593095
1592595
1592048
1591545
1591120
1590763
1590452
1590141
1589816
1589485
1589118
1588713
1588286
1587815
1587329
1586896
1586533
1586248
1586087
1586059
1586136
1586320
1586591
1586942
1587350
1587790
1588292
1588814
1589273
1589587
1589617
1589321
1588750
1587989
1587256
1586707
1586346
1586224
1586353
1586680
1587150
1587613
1587921
1587996
1587757
1587254
1586644
1586070
1585687
1585573
1585673
1585899
1586205
1586615
1587168
1587887
1588782
1589836
1591033
1592298
1593492
1594515
1595326
1595938
1596374
1596655
1596788
1596783
1596640
1596358
1595948
1595402
1594729
1593943
1593048
1592043
1590906
1589657
1588351
1587059
1585893
1584977
1584409
1584220
1584365
1584762
1585291
1585855
1586352
1586667
1586774
1586683
1586498
1586361
1586328
1586418
1586569
1586775
1587071
1587383
1587663
1587880
1587975
1587890
1587514
1586780
1585794
1584753
1583853
1583273
1583156
1583529
1584319
1585469
1586871
1588358
1589802
1591075
1592134
1592993
1593651
1594160
1594521
1594692
1594635
1594349
1593911
1593332
1592606
1591779
1590857
1589791
1588549
1587230
1585966
1584888
1584093
1583542
1583176
1582970
1582853
1582725
1582604
1582576
1582681
1583006
1583656
1584621
1585774
1586960
1588040
1588901
1589484
1589788
1589874
1589819
1589693
1589533
1589325
1589036
1588630
1588147
1587697
1587392
1587304
1587493
1587984
1588678
1589472
1590290
1591077
1591780
1592280
1592480
1592280
1591694
1590884
1589953
1589104
1588511
1588296
1588567
1589241
1590212
1591285
1592226
1592913
1593269
1593317
1593151
1592924
1592717
1592504
1592235
1591867
1591475
1591192
1591125
1591308
1591739
1592378
1593099
1593763
1594222
1594407
1594382
1594236
1594067
1593905
1593707
1593472
1593267
1593211
1593387
1593792
1594401
1595162
1595955
1596652
1597213
1597710
1598251
1598920
1599780
1600758
1601688
1602424
1602860
1603009
1602997
1603021
1603251
1603780
1604625
1605699
1606870
1607976
1608862
1609494
1609937
1610246
1610457
1610568
1610518
1610276
1609858
1609364
1608914
1608554
1608286
1608093
1607898
1607510
1606743
1605575
1604132
1602552
1600915
1599253
1597598
1595956
1594347
1592823
1591394
1590086
1588962
1588075
1587480
1587227
1587313
1587637
1588000
1588164
1587986
1587565
1587195
1587190
1587737
1588864
1590502
1592453
1594410
1596153
1597620
1598887
1600079
1601147
1601919
1602145
1601555
1600073
1597846
1595167
1592380
1589715
1587269
1585067
1583055
1581192
1579527
1578052
1576764
1575714
1574905
1574336
1574000
1573904
1573997
1574174
1574419
1574804
1575486
1576612
1578173
1579928
1581514
1582615
1583063
1582989
1582690
1582453
1582474
1582732
1582998
1582949
1582372
1581195
1579531
1577671
1575904
1574513
1573701
1573495
1573845
1574637
1575704
1576938
1578235
1579509
1580750
1581916
1582940
1583700
1584129
1584335
1584448
1584574
1584842
1585343
1586028
1586742
1587395
1587934
1588344
1588738
1589342
1590387
1592009
1594117
1596332
1598241
1599564
1600096
1599708
1598408
1596421
1594168
1592144
1590850
1590601
1591363
1592875
1594662
1596125
1596832
1596512
1595109
1592855
1590105
1587237
1584607
1582415
1580684
1579502
1579043
1579411
1580627
1582520
1584769
1587072
1589178
1590982
1592503
1593842
1595159
1596580
1598202
1599975
1601632
1602958
1603861
1604240
1604106
1603582
1602815
1602005
1601212
1600337
1599285
1597975
1596450
1594763
1592895
1590937
1589038
1587250
1585569
1584109
1583030
1582407
1582231
1582450
1583045
1583954
1585025
1586057
1586912
1587569
1588134
1588874
1590033
1591702
1593747
1595716
1597134
1597757
1597609
1596953
1596079
1595138
1594211
1593353
1592553
1591734
1590801
1589716
1588578
1587594
1587001
1586940
1587416
1588314
1589439
1590661
1591914
1593155
1594310
1595233
1595840
1596181
1596298
1596155
1595725
1595052
1594289
1593623
1593146
1592811
1592459
1592050
1591702
1591555
1591704
1592107
1592581
1592883
1592841
1592440
1591819
1591237
1590891
1590852
1591072
1591356
1591519
1591494
1591248
1590740
1590025
1589170
1588175
1587101
1586002
1584939
1583912
1582717
1581117
1579046
1576720
1574505
1572801
1571966
1572138
1573293
1575246
1577732
1580506
1583315
1586033
1588545
1590728
1592534
1593926
1594973
1595868
1596909
1598405
1600437
1602795
1605011
1606570
1607319
1607507
1607473
1607495
1607700
1607920
1607894
1607532
1606808
1605811
1604672
1603411
1601986
1600329
1598456
1596403
1594168
1591776
1589221
1586548
1583943
1581696
1580033
1578980
1578390
1578000
1577611
1577277
1577182
1577423
1578000
1578916
1580189
1581846
1583846
1586043
1588306
1590538
1592619
1594431
1595870
1596876
1597440
1597612
1597584
1597622
1597922
1598533
1599307
1600026
1600555
1600899
1601093
1601013
1600421
1599167
1597300
1595068
1592794
1590742
1589081
1587818
1586869
1586155
1585602
1585161
1584765
1584427
1584226
1584276
1584633
1585185
1585832
1586536
1587310
1588188
1589198
1590335
1591560
1592802
1593866
1594579
1594879
1594758
1594280
1593589
1592957
1592554
1592339
1592096
1591469
1590281
1588596
1586644
1584699
1582902
1581377
1580215
1579399
1578913
1578744
1578870
1579315
1580181
1581534
1583322
1585281
1587091
1588575
1589503
1589751
1589422
1588685
1587775
1586895
1586195
1585743
1585420
1585068
1584620
1583994
1583130
1582024
1580680
1579272
1578090
1577415
1577376
1577746
1578135
1578313
1578304
1578273
1578413
1578774
1579262
1579814
1580387
1581064
1582034
1583421
1585252
1587350
1589340
1590796
1591398
1591104
1590250
1589275
1588472
1588014
1587834
1587692
1587351
1586705
1585838
1584943
1584317
1584203
1584678
1585703
1587100
1588599
1589978
1591139
1592119
1593099
1594188
1595364
1596631
1597955
1599304
1600684
1602076
1603389
1604512
1605424
1606060
1606344
1606262
1605764
1604877
1603676
1602292
1600907
1599691
1598761
1598019
1597247
1596321
1595298
1594256
1593145
1591869
1590334
1588618
1587000
1585732
1584986
1584897
1585505
1586667
1588053
1589316
1590278
1590955
1591501
1592060
1592630
1593151
1593599
1593964
1594395
1595129
1596298
1597820
1599434
1600901
1602006
1602609
1602666
1602107
1600951
1599359
1597572
1595859
1594441
1593489
1593086
1593206
1593739
1594421
1594859
1594812
1594266
1593337
1592279
1591409
1590916
1590804
1590990
1591413
1592110
1593120
1594344
1595541
1596449
1596921
1596923
1596536
1595945
1595401
1595116
1595158
1595448
1595760
1595831
1595557
1594934
1594056
1593051
1591929
1590732
1589553
1588535
1587881
1587654
1587801
1588129
1588326
1588273
1588045
1587769
1587532
1587305
1587032
1586555
1585741
1584684
1583687
1583157
1583287
1584054
1585292
1586694
1587968
1588861
1589149
1588731
1587655
1586035
1584094
1582040
1580048
1578274
1576817
1575798
1575215
1574997
1575060
1575273
1575526
1575676
1575688
1575649
1575697
1576108
1577101
1578623
1580423
1582258
1583966
1585453
1586746
1587963
1589166
1590346
1591518
1592652
1593669
1594547
1595239
1595670
1595819
1595706
1595424
1595083
1594757
1594542
1594516
1594700
1595046
1595433
1595856
1596431
1597205
1598117
1599064
1599959
1600744
1601404
1601935
1602294
1602423
1602315
1601980
1601455
1600835
1600164
1599450
1598634
1597728
1596983
1596516
1596161
1595728
1595131
1594400
1593731
1593358
1593387
1593886
1594801
1595912
1596936
1597647
1598032
1598189
1598239
1598263
1598273
1598308
1598415
1598658
1599111
1599735
1600437
1601074
1601445
1601404
1600930
1600106
1599042
1597883
1596728
1595549
1594321
1592995
1591557
1590080
1588620
1587346
1586416
1585794
1585461
1585305
1585140
1584948
1584743
1584547
1584567
1585086
1586223
1587883
1589818
1591751
1593410
1594536
1594999
1594715
1593625
1591852
1589605
1587072
1584500
1582099
1580017
1578374
1577084
1575911
1574583
1572866
1570831
1568857
1567403
1566809
1567136
1568243
1569814
1571534
1573277
1575083
1577123
1579488
1582137
1584864
1587391
1589548
1591315
1592774
1594014
1595101
1595932
1596375
1596334
1595682
1594484
1592883
1591072
1589309
1587742
1586448
1585423
1584549
1583715
1582935
1582266
1581770
1581557
1581674
1581967
1582156
1582010
1581428
1580515
1579483
1578532
1577861
1577592
1577789
1578490
1579617
1581022
1582507
1583858
1585001
1585978
1586915
1588042
1589528
1591430
1593697
1596109
1598399
1600382
1601985
1603222
1604126
1604750
1605184
1605402
1605290
1604857
1604171
1603373
1602589
1601820
1600987
1599908
1598474
1596722
1594766
1592698
1590584
1588640
1587133
1586272
1586158
1586745
1588043
1590073
1592711
1595762
1598876
1601714
1604131
1605999
1607298
1608113
1608528
1608652
1608579
1608432
1608367
1608432
1608480
1608232
1607450
1606088
1604275
1602230
1600223
1598466
1597052
1595946
1595006
1593944
1592600
1591104
1589620
1588373
1587444
1586673
1585826
1584668
1583189
1581566
1580048
1578782
1577833
1577216
1576808
1576608
1576617
1576770
1577039
1577336
1577684
1578102
1578622
1579339
1580255
1581354
1582587
1583848
1585081
1586238
1587324
1588426
1589593
1590786
1591854
1592685
1593260
1593544
1593535
1593224
1592553
1591513
1590186
1588632
1586976
1585380
1583811
1582231
1580729
1579521
1578788
1578537
1578701
1579142
1579760
1580397
1580924
1581359
1581727
1582169
1582804
1583604
1584431
1585074
1585476
1585638
1585592
1585553
1585711
1586154
1586904
1587908
1589096
1590325
1591537
1592740
1593881
1594965
1595993
1597013
1598129
1599384
1600776
1602275
1603856
1605427
1606811
1607803
1608268
1608178
1607467
1606191
1604589
1602962
1601583
1600542
1599809
1599246
1598597
1597614
1596241
1594679
1593251
1592135
1591319
1590771
1590510
1590625
1591158
1592157
1593657
1595510
1597496
1599325
1600706
1601456
1601516
1600984
1600152
1599327
1598631
1598060
1597489
1596806
1595932
1594740
1593181
1591344
1589357
1587300
1585269
1583334
1581549
1579956
1578496
1577181
1575940
1574722
1573677
1573001
1572954
1573633
1575031
1577026
1579200
1581230
1582969
1584470
1585945
1587571
1589456
1591466
1593400
1595063
1596344
1597405
1598243
1598706
1598708
1598110
1596905
1595227
1593271
1591318
1589625
1588328
1587407
1586674
1585970
1585325
1584903
1584824
1585081
1585667
1586428
1587065
1587373
1587301
1587064
1586905
1586920
1587127
1587376
1587554
1587560
1587362
1587146
1587050
1587191
1587603
1588052
1588281
1588176
1587772
1587257
1586832
1586669
1586939
1587636
1588518
1589278
1589823
1590163
1590308
1590262
1589879
1589153
1588226
1587253
1586445
1585923
1585800
1586076
1586672
1587491
1588287
1588882
1589243
1589413
1589593
1590017
1590622
1591205
1591709
1592116
1592537
1593086
1593694
1594420
1595237
1595827
1595941
1595454
1594397
1592935
1591227
1589483
1587900
1586642
1585847
1585584
1585809
1586310
1586926
1587583
1588176
1588642
1589039
1589555
1590327
1591405
1592772
1594334
1595997
1597614
1599029
1600167
1601033
1601624
1601919
1601973
1601794
1601482
1601272
1601286
1601576
1602062
1602467
1602467
1601872
1600769
1599398
1597948
1596619
1595584
1594790
1594095
1593533
1593309
1593561
1594197
1595022
1595827
1596407
1596619
1596373
1595647
1594486
1592951
1591173
1589308
1587504
1585940
1584776
1584148
1584010
1584097
1584164
1584046
1583725
1583372
1583212
1583450
1584167
1585323
1586850
1588592
1590425
1592190
1593691
1594890
1595816
1596625
1597505
1598449
1599411
1600257
1600782
1600874
1600479
1599657
1598574
1597414
1596377
1595577
1594862
1594108
1593298
1592401
1591557
1590915
1590475
1590128
1589680
1589015
1588163
1587228
1586266
1585267
1584216
1583129
1582123
1581399
1581056
1581040
1581222
1581486
1581815
1582202
1582565
1582797
1582934
1583025
1583000
1582885
1582668
1582353
1582087
1581973
1582066
1582321
1582600
1582736
1582675
1582493
1582305
1582171
1581993
1581731
1581349
1580799
1580154
1579548
1579193
1579152
1579345
1579708
1580244
1580908
1581654
1582614
1583713
1584732
1585527
1585969
1586109
1586081
1586044
1586091
1586236
1586476
1586664
1586719
1586714
1586732
1586850
1587157
1587674
1588346
1589168
1590072
1590999
1592016
1593179
1594451
1595769
1597083
1598229
1599144
1599976
1600920
1602146
1603638
1605093
1606085
1606375
1605937
1604977
1603877
1602958
1602363
1602020
1601772
1601446
1600981
1600429
1599806
1599229
1598786
1598462
1598328
1598489
1599014
1599856
1600938
1602235
1603681
1605198
1606534
1607404
1607746
1607588
1607099
1606420
1605569
1604638
1603640
1602539
1601258
1599839
1598462
1596999
1595361
1593653
1591809
1589801
1587711
1585634
1583744
1582177
1581003
1580208
1579676
1579416
1579503
1579817
1580238
1580775
1581325
1581763
1582072
1582347
1582757
1583357
1584229
1585410
1586789
1588199
1589286
1589793
1589681
1589129
1588415
1587595
1586648
1585481
1584003
1582232
1580251
1578234
1576376
1574912
1574006
1573637
1573566
1573530
1573395
1573190
1573149
1573500
1574447
1575938
1577657
1579322
1580652
1581609
1582327
1582874
1583404
1584054
1584813
1585559
1586154
1586559
1586789
1586891
1586926
1586957
1587099
1587416
1587830
1588125
1588143
1587895
1587457
1586945
1586448
1586014
1585592
1585144
1584764
1584593
1584787
1585483
1586631
1588019
1589502
1590956
1592263
1593382
1594355
1595259
1596159
1597083
1597990
1598757
1599264
1599618
1599887
1600138
1600501
1600816
1601004
1600883
1600361
1599864
1599380
1598453
1597054
1595493
1594022
1592872
1592237
1592083
1592242
1592651
1593292
1593966
1594483
1594769
1594653
1594077
1593234
1592422
1591805
1591287
1590848
1590537
1590359
1590373
1590488
1590544
1590477
1590305
1590115
1590008
1590117
1590412
1590649
1590567
1590028
1589053
1587967
1587308
1587417
1588325
1589800
1591530
1593225
1594667
1595758
1596506
1597096
1597682
1598219
1598613
1598804
1598800
1598769
1598881
1599103
1599262
1599182
1598835
1598302
1597743
1597317
1597091
1597112
1597150
1596885
1596224
1595121
1593709
1592257
1590964
1590010
1589447
1589232
1589365
1589794
1590387
1591059
1591810
1592695
1593722
1594808
1595792
1596398
1596578
1596457
1596031
1595380
1594599
1593656
1592579
1591478
1590367
1589170
1587868
1586504
1585141
1583780
1582393
1580955
1579474
1578092
1577077
1576601
1576678
1577345
1578495
1579929
1581519
1583084
1584502
1585704
1586733
1587662
1588496
1589417
1590525
1591676
1592755
1593721
1594556
1595179
1595535
1595850
1596287
1596795
1597329
1597666
1597618
1597241
1596569
1595655
1594681
1593795
1592947
1592042
1591043
1589889
1588668
1587575
1586764
1586311
1586240
1586568
1587141
1587829
1588609
1589366
1590013
1590458
1590643
1590668
1590746
1591025
1591543
1592272
1593037
1593660
1594038
1594097
1593911
1593773
1593910
1594213
1594452
1594482
1594289
1593884
1593250
1592419
1591433
1590469
1589847
1589649
1589616
1589368
1588693
1587669
1586440
1585129
1583866
1582722
1581717
1580857
1580212
1579977
1580371
1581492
1583167
1585010
1586684
1588007
1588942
1589552
1589986
1590363
1590768
1591249
1591743
1592059
1591979
1591475
1590572
1589640
1588767
1588057
1587693
1587345
1587317
1586900
1586655
1586823
1585689
1585336
1585872
1585764
1585949
1586030
1585996
1585962
1585728
1585406
1584819
1584154
1583627
1583279
1583123
1583253
1583707
1584424
1585314
1586215
1587074
1587902
1588679
1589423
1590075
1590524
1590758
1590852
1590948
1591121
1591481
1592104
1592907
1593791
1594587
1595150
1595387
1595294
1594943
1594399
1593694
1592809
1591829
1590962
1590389
1590120
1590170
1590563
1591154
1591772
1592270
1592595
1592817
1593035
1593280
1593518
1593660
1593570
1593184
1592543
1591925
1591590
1591636
1592113
1592911
1593862
1594707
1595284
1595599
1595720
1595826
1595944
1596008
1596036
1596010
1595933
1595966
1596303
1597049
1598196
1599485
1600589
1601302
1601526
1601282
1600677
1599858
1598938
1598026
1597120
1596139
1595010
1593667
1592233
1590870
1589658
1588660
1587894
1587353
1586984
1586773
1586747
1586986
1587628
1588695
1590067
1591454
1592540
1593175
1593419
1593474
1593551
1593757
1594123
1594667
1595390
1596274
1597145
1597760
1597953
1597541
1596364
1594372
1591768
1588874
1586016
1583540
1581576
1580122
1579049
1578165
1577390
1576639
1575912
1575168
1574416
1573770
1573306
1573257
1573790
1574880
1576457
1578485
1580838
1583479
1586367
1589289
1592106
1594391
1596404
1598443
1599812
1600812
1601841
1602738
1603679
1604438
1604783
1604670
1604017
1602946
1601550
1599897
1597993
1595719
1593149
1590604
1588386
1586658
1585465
1584779
1584523
1584548
1584708
1584997
1585416
1586055
1587081
1588442
1590017
1591712
1593377
1594899
1596252
1597442
1598538
1599683
1600948
1602185
1603199
1603911
1604132
1603690
1602698
1601382
1599872
1598206
1596373
1594382
1592226
1589862
1587419
1585134
1583249
1581931
1581139
1580757
1580682
1580920
1581540
1582523
1583915
1585719
1587794
1589963
1591930
1593417
1594314
1594652
1594515
1593967
1593154
1592187
1591125
1590048
1589012
1587978
1586787
1585287
1583403
1581231
1579005
1576946
1575286
1574137
1573480
1573276
1573400
1573724
1574178
1574667
1575119
1575581
1576102
1576751
1577645
1578726
1579881
1581062
1582228
1583366
1584436
1585375
1586104
1586552
1586673
1586462
1585982
1585297
1584421
1583383
1582318
1581395
1580751
1580442
1580540
1581168
1582342
1584042
1586087
1588253
1590466
1592569
1594386
1595842
1596931
1597679
1598160
1598457
1598591
1598616
1598562
1598389
1598106
1597807
1597577
1597509
1597672
1597955
1598160
1598000
1597358
1596533
1595794
1595162
1594592
1594142
1593924
1593999
1594390
1595017
1595845
1596852
1597939
1599119
1600366
1601597
1602814
1603943
1604948
1605879
1606682
1607396
1607977
1608174
1607886
1607051
1605638
1603799
1601854
1600129
1598805
1597892
1597330
1597033
1596723
1596228
1595552
1594627
1593474
1592211
1590983
1589840
1588833
1588042
1587367
1586586
1585521
1584242
1582887
1581476
1580108
1578971
1578154
1577690
1577602
1577791
1578119
1578432
1578596
1578596
1578499
1578380
1578242
1578048
1577802
1577610
1577554
1577734
1578199
1578834
1579568
1580222
1580694
1581074
1581450
1581958
1582598
1583362
1584344
1585515
1586743
1587981
1589231
1590381
1591300
1591844
1591951
1591741
1591340
1590880
1590504
1590344
1590511
1590996
1591741
1592668
1593708
1594843
1596033
1597217
1598260
1598954
1599137
1598677
1597558
1595896
1593900
1591926
1590317
1589179
1588320
1587445
1586410
1585284
1584344
1583954
1584321
1585425
1587149
1589297
1591668
1594087
1596316
1598230
1599854
1601235
1602364
1603230
1603828
1604195
1604511
1604862
1605213
1605608
1606028
1606314
1606280
1605881
1605176
1604286
1603402
1602599
1601843
1601124
1600458
1599859
1599282
1598652
1597906
1597050
1596181
1595441
1594958
1594771
1594820
1595036
1595409
1595944
1596576
1597174
1597548
1597619
1597415
1596916
1596110
1594981
1593550
1591909
1590194
1588553
1587097
1585888
1584907
1584186
1583785
1583695
1583859
1584094
1584204
1584064
1583492
1582388
1580875
1579166
1577478
1576040
1575005
1574372
1574083
1574139
1574539
1575138
1575850
1576646
1577279
1577601
1577619
1577358
1577130
1577196
1577533
1578096
1578769
1579448
1580141
1580960
1582044
1583412
1584955
1586455
1587681
1588504
1588846
1588767
1588416
1587853
1587331
1587256
1587702
1588480
1589459
1590518
1591446
1592149
1592613
1592832
1592853
1592787
1592780
1592912
1593323
1593948
1594464
1594642
1594327
1593522
1592395
1591121
1589820
1588533
1587317
1586285
1585493
1584837
1584225
1583594
1582997
1582684
1582773
1583294
1584281
1585719
1587533
1589598
1591837
1594067
1596085
1597810
1599186
1600296
1601231
1601927
1602333
1602384
1602032
1601340
1600296
1599013
1597789
1596826
1596198
1595824
1595630
1595542
1595462
1595388
1595301
1595176
1594996
1594731
1594348
1593848
1593285
1592749
1592233
1591754
1591428
1591258
1591344
1591713
1592255
1592962
1593655
1594117
1594185
1593735
1592864
1591833
1590900
1590251
1590067
1590391
1591104
1592043
1592978
1593746
1594230
1594364
1594246
1593881
1593281
1592654
1592195
1592006
1592008
1592160
1592508
1592889
1593111
1593070
1592617
1591608
1590064
1588152
1586105
1584239
1582804
1582039
1582188
1583166
1584631
1586214
1587535
1588405
1588887
1589096
1589148
1589162
1589295
1589705
1590455
1591530
1592743
1593876
1594822
1595560
1596153
1596561
1596729
1596639
1596247
1595556
1594662
1593783
1593120
1592716
1592554
1592566
1592583
1592470
1592158
1591653
1590990
1590210
1589489
1589000
1588836
1589006
1589418
1589994
1590694
1591496
1592281
1592966
1593540
1593978
1594226
1594179
1593822
1593282
1592730
1592165
1591636
1591130
1590543
1590093
1589700
1589173
1588617
1588019
1587474
1587131
1587026
1587225
1587722
1588419
1589210
1589984
1590684
1591363
1591945
1592286
1592356
1592147
1591765
1591431
1591270
1591253
1591250
1591145
1590922
1590551
1589970
1589136
1588074
1586848
1585446
1583825
1581934
1579835
1577782
1575983
1574579
1573681
1573284
1573290
1573585
1574078
1574740
1575640
1576824
1578277
1579938
1581676
1583393
1585093
1586788
1588429
1589993
1591463
1592697
1593511
1593867
1593821
1593328
1592460
1591479
1590542
1589781
1589206
1588802
1588655
1588764
1589143
1589792
1590684
1591741
1592773
1593663
1594464
1595333
1596282
1597215
1597990
1598473
1598674
1598598
1598307
1597949
1597584
1597150
1596543
1595744
1594840
1593903
1592930
1591937
1591014
1590220
1589609
1589195
1588814
1588340
1587859
1587498
1587294
1587199
1587240
1587486
1587937
1588618
1589553
1590756
1592162
1593602
1594930
1595995
1596783
1597380
1597761
1597899
1597827
1597588
1597275
1596905
1596270
1595358
1594403
1593476
1592597
1591735
1590821
1589820
1588772
1587784
1586888
1586105
1585356
1584607
1583950
1583435
1583174
1583173
1583430
1584026
1584936
1586133
1587463
1588704
1589751
1590560
1591210
1591806
1592468
1593300
1594245
1595187
1595921
1596326
1596420
1596146
1595551
1594727
1593734
1592675
1591609
1590574
1589570
1588587
1587673
1586887
1586271
1585948
1586041
1586505
1587201
1587990
1588745
1589385
1589999
1590774
1591791
1593056
1594497
1595995
1597333
1598388
1599162
1599567
1599646
1599404
1598885
1598251
1597433
1596478
1595568
1594889
1594470
1594103
1593574
1592557
1590914
1588850
1586744
1584913
1583346
1581902
1580472
1579019
1577595
1576262
1575054
1574036
1573298
1572841
1572598
1572560
1572798
1573347
1574154
1575056
1575918
1576700
1577355
1577898
1578351
1578867
1579627
1580583
1581710
1582891
1583860
1584446
1584637
1584641
1584751
1585167
1585927
1586977
1588248
1589718
1591411
1593213
1594865
1596105
1596839
1597115
1597026
1596680
1596086
1595353
1594641
1594002
1593628
1593723
1594213
1594871
1595487
1595921
1596169
1596149
1595671
1594771
1593715
1592797
1592200
1591973
1592140
1592763
1593829
1595121
1596321
1597285
1597970
1598418
1598909
1599636
1600609
1601813
1603188
1604607
1605832
1606718
1607178
1607154
1606752
1606069
1605208
1604286
1603290
1602173
1600992
1599913
1599047
1598436
1598090
1597938
1597814
1597487
1596850
1595882
1594599
1593164
1591819
1590796
1590171
1589898
1589898
1590077
1590331
1590583
1590840
1591101
1591338
1591522
1591612
1591532
1591254
1590924
1590680
1590617
1590757
1591047
1591497
1591979
1592331
1592594
1592796
1592868
1592822
1592745
1592612
1592336
1591897
1591356
1590719
1589951
1589112
1588268
1587467
1586752
1586190
1585735
1585256
1584726
1584222
1583854
1583636
1583573
1583662
1583878
1584124
1584260
1584343
1584479
1584792
1585400
1586265
1587339
1588522
1589568
1590284
1590513
1590105
1589149
1587785
1586157
1584494
1582945
1581699
1580774
1580035
1579520
1579202
1579030
1579091
1579510
1580305
1581355
1582582
1583967
1585434
1586909
1588468
1590088
1591801
1593620
1595393
1597101
1598504
1599855
1600954
1601257
1601543
1601627
1601219
1600979
1600803
1600638
1600459
1600103
1599571
1598875
1598150
1597451
1596844
1596402
1596122
1596006
1596057
1596239
1596492
1596808
1597171
1597620
1598138
1598653
1599100
1599416
1599692
1599928
1600017
1599937
1599604
1598995
1598153
1597100
1595874
1594501
1593011
1591443
1589953
1588744
1587744
1586739
1585563
1584088
1582305
1580311
1578336
1576681
1575656
1575460
1575986
1576972
1578154
1579295
1580256
1580979
1581524
1582094
1582896
1584012
1585316
1586571
1587588
1588217
1588378
1588095
1587445
1586545
1585526
1584557
1583702
1582902
1582105
1581197
1580054
1578714
1577338
1576072
1575036
1574341
1573948
1573665
1573415
1573241
1573159
1573168
1573226
1573329
1573595
1574190
1575201
1576557
1578160
1579925
1581705
1583481
1585386
1587396
1589376
1591301
1593148
1594836
1596290
1597473
1598359
1599041
1599771
1600685
1601769
1602840
1603636
1604025
1603887
1603245
1602306
1601344
1600663
1600433
1600713
1601411
1602210
1602824
1603160
1603117
1602647
1601845
1600823
1599768
1598857
1598236
1597988
1598145
1598708
1599609
1600749
1601954
1603093
1604103
1604887
1605359
1605430
1605043
1604300
1603436
1602612
1601884
1601292
1600838
1600514
1600299
1600255
1600552
1601251
1602378
1603864
1605529
1607188
1608558
1609493
1609968
1610042
1609889
1609583
1609258
1609083
1609054
1609232
1609725
1610428
1611079
1611558
1611854
1611544
1610323
1608665
1606962
1605052
1602970
1601042
1599258
1597476
1595750
1594188
1592831
1591674
1590771
1590118
1589677
1589318
1588927
1588486
1587914
1587278
1586597
1585830
1585130
1584530
1583979
1583444
1582812
1581979
1580958
1579848
1578626
1577362
1576107
1574850
1573693
1572609
1571690
1570850
1570274
1569989
1569375
1568737
1568288
1567942
1567900
1568093
1568582
1569417
1570516
1571581
1572457
1572999
1572995
1572705
1572299
1571923
1571785
1571820
1571966
1572203
1572405
1572508
1572480
1572252
1571966
1571651
1571164
1570474
1569546
1568573
1567838
1567402
1567319
1567644
1568368
1569430
1570696
1572019
1573419
1575017
1576952
1579313
1581972
1584724
1587258
1589349
1591068
1592484
1593713
1594883
1596071
1597327
1598495
1599522
1600411
1601010
1601328
1601476
1601583
1601746
1601980
1602397
1602966
1603491
1603785
1603589
1602834
1601639
1600039
1598224
1596457
1594886
1593749
1593136
1592858
1592762
1592828
1593046
1593360
1593710
1593936
1593925
1593731
1593386
1593058
1592971
1593166
1593767
1594836
1596149
1597497
1598704
1599593
1600016
1599852
1599151
1597995
1596465
1594756
1593077
1591589
1590336
1589212
1588079
1586822
1585418
1583976
1582643
1581565
1580846
1580432
1580194
1580037
1579939
1579960
1580157
1580611
1581326
1582226
1583295
1584424
1585504
1586525
1587503
1588485
1589549
1590754
1592035
1593330
1594497
1595363
1595925
1596226
1596413
1596612
1596861
1597188
1597528
1597836
1598176
1598606
1599169
1599912
1600801
1601729
1602558
1603265
1603918
1604507
1605046
1605540
1606007
1606424
1606737
1606983
1607105
1607037
1606800
1606423
1605895
1605121
1604091
1602855
1601462
1600037
1598676
1597450
1596435
1595675
1595179
1594912
1594823
1594837
1594899
1594960
1594935
1594815
1594693
1594685
1594896
1595312
1595796
1596131
1596141
1595797
1595106
1594197
1593313
1592591
1591907
1591000
1589706
1587865
1585482
1582832
1580203
1577887
1576062
1574762
1573966
1573508
1573231
1573013
1572885
1573140
1573819
1574893
1576434
1578215
1580021
1581879
1583780
1585584
1587275
1588734
1589953
1591098
1591984
1592569
1592855
1592932
1592954
1592745
1592321
1591640
1590701
1589605
1588332
1587146
1586160
1585295
1584593
1584083
1583753
1583459
1583195
1583074
1583125
1583425
1584020
1584950
1586207
1587615
1589015
1590309
1591487
1592620
1593717
1594759
1595754
1596768
1597729
1598467
1598969
1599192
1599140
1598750
1597884
1596685
1595371
1594027
1592605
1591092
1589565
1588100
1586716
1585381
1584176
1583266
1582783
1582774
1583220
1583955
1584738
1585422
1585862
1586014
1585943
1585759
1585615
1585550
1585573
1585764
1586213
1586873
1587534
1588041
1588299
1588226
1587877
1587403
1586853
1586269
1585707
1585107
1584506
1583891
1583249
1582791
1582490
1582149
1581640
1580824
1579706
1578355
1576886
1575523
1574563
1574181
1574335
1575002
1576048
1577258
1578537
1579868
1581302
1582837
1584414
1585854
1587102
1588282
1589426
1590527
1591531
1592606
1593846
1594995
1596169
1597378
1598331
1599047
1599311
1598975
1598270
1597292
1596162
1594963
1593854
1593061
1592639
1592587
1592744
1592937
1593135
1593248
1593208
1593087
1592947
1592873
1593037
1593646
1594871
1596720
1599082
1601712
1604314
1606681
1608632
1610008
1610855
1611345
1611475
1611284
1610784
1609975
1609099
1608286
1607675
1607192
1606404
1605212
1603644
1601796
1599777
1597612
1595511
1593642
1592117
1590765
1589274
1587751
1586223
1584613
1582965
1581347
1579958
1578900
1578250
1578035
1578167
1578667
1579541
1580887
1582671
1584577
1586551
1588655
1590886
1593281
1595728
1598042
1600014
1601485
1602518
1603297
1604028
1604867
1605897
1607004
1607953
1608652
1609005
1608887
1608376
1607596
1606589
1605491
1604456
1603420
1602305
1601217
1600236
1599469
1599024
1598768
1598581
1598464
1598421
1598472
1598575
1598727
1598894
1598963
1598899
1598619
1598016
1597050
1595790
1594384
1592908
1591466
1590107
1588884
1587888
1587097
1586484
1585948
1585300
1584469
1583506
1582508
1581608
1580838
1580142
1579491
1578812
1578100
1577462
1577002
1576803
1576875
1577091
1577322
1577607
1577897
1578055
1578221
1578477
1578729
1578911
1578980
1579066
1579254
1579575
1580184
1580943
1581526
1581689
1581263
1580324
1579124
1578046
1577385
1577140
1577238
1577471
1577742
1578124
1578556
1579051
1579654
1580330
1580982
1581518
1581867
1581995
1582075
1582197
1582346
1582520
1582631
1582734
1583001
1583507
1584228
1585035
1585610
1585776
1585522
1584911
1584226
1583543
1582992
1582781
1582762
1582781
1582716
1582522
1582412
1582572
1582951
1583348
1583498
1583331
1582864
1582148
1581377
1580540
1579766
1579244
1578918
1578832
1579020
1579581
1580555
1581788
1583127
1584367
1585373
1586141
1586733
1587247
1587731
1588226
1588816
1589525
1590247
1590965
1591777
1592620
1593350
1593904
1594129
1593890
1593178
1592097
1590933
1589865
1589006
1588587
1588659
1589205
1590227
1591537
1592868
1594010
1594899
1595617
1596260
1596926
1597589
1598174
1598649
1598953
1599111
1599218
1599408
1599802
1600423
1601250
1602176
1603197
1604413
1605812
1607394
1609123
1610960
1612786
1614349
1615543
1616336
1616809
1617126
1617402
1617604
1617632
1617543
1617214
1616587
1615828
1614922
1613959
1613054
1612217
1611598
1611286
1611098
1610855
1610545
1610197
1609882
1609689
1609687
1609902
1610305
1610756
1611081
1611218
1611081
1610646
1609937
1608854
1607377
1605502
1603098
1600142
1596816
1593287
1589698
1586232
1582953
1579898
1577114
1574594
1572390
1570561
1569226
1568498
1568363
1568771
1569479
1570326
1571263
1572043
1572671
1573344
1574090
1574924
1575916
1577042
1578133
1579062
1579658
1579820
1579679
1579387
1579042
1578601
1577998
1577168
1576082
1574957
1574008
1573340
1573034
1573029
1573242
1573548
1573782
1573972
1574076
1574174
1574176
1573930
1573669
1573212
1572989
1572822
1572593
1573257
1573853
1574307
1575064
1575450
1575679
1575722
1575637
1575680
1575962
1576505
1577125
1577795
1578397
1578875
1579245
1579501
1579623
1579660
1579803
1580117
1580594
1581267
1582119
1583077
1584060
1585031
1585982
1586895
1587797
1588637
1589278
1589752
1590152
1590547
1591051
1591761
1592735
1593871
1595034
1596101
1597030
1597855
1598520
1598994
1599288
1599434
1599449
1599405
1599410
1599535
1599851
1600269
1600746
1601319
1601894
1602445
1602893
1603067
1603001
1602765
1602280
1601534
1600633
1599727
1599013
1598572
1598374
1598430
1598721
1599113
1599495
1599780
1599825
1599685
1599558
1599549
1599725
1599973
1600282
1600792
1601406
1601987
1602419
1602603
1602651
1602734
1602681
1602544
1602422
1602214
1602203
1601777
1600963
1600491
1599874
1599313
1598916
1598437
1597979
1597472
1597055
1596560
1596002
1595494
1594869
1594215
1593689
1593374
1593228
1593208
1593265
1593360
1593491
1593670
1593873
1594058
1594357
1594782
1595327
1595981
1596562
1597086
1597371
1597280
1597079
1596672
1595923
1594799
1593305
1591461
1589216
1587044
1585249
1584144
1583352
1582346
1581864
1581286
1580544
1580392
1580135
1580254
1580818
1581415
1582323
1582791
1583102
1583536
1583881
1584495
1584738
1584962
1585444
1585583
1585850
1586115
1586112
1585935
1585630
1585180
1584171
1582965
1581795
1580497
1579372
1578435
1577725
1577386
1577381
1577542
1577628
1577669
1577773
1578086
1578747
1579654
1580739
1582126
1583852
1585744
1587756
1589897
1591912
1593605
1594919
1595740
1595976
1595684
1595046
1594205
1593314
1592504
1591823
1591387
1591226
1591234
1591413
1591811
1592358
1592883
1593284
1593497
1593606
1593766
1594042
1594530
1595250
1596135
1597075
1598051
1598907
1599585
1600319
1601064
1601751
1602202
1602258
1602075
1601765
1601442
1601192
1600994
1600710
1600227
1599498
1598657
1597943
1597418
1597011
1596545
1595996
1595491
1595060
1594689
1594498
1594552
1594720
1594869
1594952
1595126
1595477
1595873
1596171
1596208
1595954
1595478
1594793
1593984
1593050
1591980
1590824
1589403
1587871
1586452
1584961
1583504
1582127
1580788
1579655
1578664
1577760
1576906
1575983
1575032
1574078
1573192
1572513
1572090
1572048
1572238
1572450
1572824
1573397
1574229
1575217
1576329
1577534
1578572
1579702
1581017
1582527
1584252
1585800
1586961
1587606
1587778
1587544
1586997
1586415
1585907
1585435
1584830
1584095
1583397
1582970
1582969
1583253
1583770
1584482
1585359
1586341
1587144
1587694
1588051
1588319
1588705
1589188
1589721
1590227
1590561
1590726
1590750
1590690
1590668
1590795
1591043
1591359
1591756
1592306
1593096
1594027
1595062
1596099
1596988
1597708
1598132
1598447
1598849
1599418
1600395
1601688
1603133
1604621
1605879
1606678
1607015
1606898
1606316
1605536
1604571
1603343
1601984
1600482
1598975
1597413
1595763
1594294
1592958
1591783
1590825
1589960
1589185
1588466
1587848
1587329
1586860
1586439
1585979
1585528
1585247
1585267
1585720
1586568
1587638
1588695
1589517
1590273
1591141
1592018
1592905
1593805
1594596
1595279
1596007
1596788
1597760
1598998
1600306
1601523
1602397
1602955
1603448
1603974
1604552
1605219
1605857
1606184
1606175
1605764
1605021
1604196
1603296
1602363
1601458
1600603
1599692
1598666
1597604
1596365
1594849
1593094
1591150
1589141
1587186
1585427
1583898
1582618
1581615
1580997
1580965
1581442
1582556
1584272
1586175
1588036
1589516
1590500
1590916
1590650
1589859
1588876
1587987
1586861
1585308
1583521
1581503
1579476
1577435
1575279
1573386
1571772
1570304
1569097
1568150
1567630
1567605
1567975
1568627
1569339
1570078
1570874
1571746
1572800
1574143
1575762
1577424
1579092
1580838
1582512
1584044
1585471
1586834
1588185
1589463
1590580
1591579
1592496
1593213
1593685
1593895
1593724
1593313
1592863
1592421
1592081
1591809
1591548
1591274
1590886
1590422
1590041
1589930
1590219
1590881
1591816
1592859
1593878
1594818
1595637
1596426
1597191
1597783
1598189
1598466
1598739
1599210
1599827
1600394
1601030
1601828
1602683
1603488
1604031
1604390
1604683
1604693
1604418
1603907
1603259
1602587
1601697
1600535
1599134
1597464
1595625
1593735
1591878
1590142
1588585
1587237
1586071
1585124
1584445
1583784
1583088
1582634
1582484
1582557
1582793
1583107
1583345
1583371
1583164
1582871
1582676
1582665
1582950
1583555
1584362
1585338
1586416
1587528
1588794
1590287
1591952
1593620
1595083
1596211
1596961
1597316
1597315
1597156
1596871
1596438
1595928
1595275
1594419
1593303
1592002
1590675
1589420
1588347
1587362
1586387
1585511
1584816
1584319
1583974
1583752
1583593
1583499
1583394
1583177
1582950
1582762
1582621
1582652
1582970
1583569
1584489
1585726
1587216
1588913
1590637
1592277
1593685
1594678
1595220
1595192
1594535
1593469
1592262
1591111
1590157
1589294
1588483
1587689
1586705
1585494
1584032
1582522
1581153
1579869
1578861
1578279
1578103
1578202
1578404
1578666
1578962
1579261
1579572
1579970
1580442
1580872
1581202
1581529
1582003
1582656
1583402
1584005
1584471
1584998
1585634
1586451
1587358
1588275
1589217
1590043
1590614
1590907
1591072
1591211
1591386
1591696
1592157
1592756
1593467
1594229
1595032
1596034
1597250
1598534
1599830
1600880
1601527
1601921
1602109
1602212
1602331
1602408
1602445
1602331
1601952
1601296
1600354
1599141
1597614
1595860
1594154
1592700
1591617
1590952
1590691
1590787
1591165
1591718
1592318
1592811
1593108
1593234
1593228
1593128
1592935
1592694
1592501
1592312
1592117
1591827
1591251
1590392
1589355
1588243
1587040
1585754
1584415
1583026
1581674
1580378
1579284
1578551
1578113
1577940
1578058
1578429
1579005
1579838
1580942
1582180
1583581
1585277
1587212
1589445
1591985
1594621
1597236
1599699
1601942
1603916
1605556
1606999
1608312
1609541
1610775
1611975
1613029
1613812
1614193
1614083
1613566
1612726
1611617
1610338
1608952
1607615
1606410
1605309
1604259
1603130
1601848
1600409
1598902
1597385
1595986
1594958
1594425
1594375
1594489
1594473
1594244
1593723
1593102
1592585
1592312
1592507
1593247
1594452
1595881
1597196
1598135
1598498
1598353
1597924
1597297
1596571
1595734
1594747
1593621
1592389
1591209
1590119
1589198
1588483
1587988
1587881
1587856
1587745
1587758
1587694
1587492
1587234
1587008
1586895
1586659
1586259
1585785
1585318
1584853
1584232
1583462
1582530
1581443
1580212
1578810
1577227
1575389
1573337
1571262
1569381
1567888
1566938
1566534
1566526
1566763
1567135
1567584
1568107
1568804
1569726
1570812
1572025
1573344
1574863
1576637
1578438
1580074
1581387
1582168
1582472
1582455
1582143
1581588
1580851
1580066
1579466
1579096
1578889
1578807
1578760
1578616
1578241
1577603
1576847
1576111
1575477
1575005
1574613
1574317
1574258
1574497
1575118
1576142
1577547
1579253
1581035
1582628
1583866
1584781
1585463
1586039
1586716
1587617
1588771
1590141
1591722
1593538
1595480
1597481
1599512
1601534
1603569
1605572
1607542
1609471
1611220
1612712
1613914
1614879
1615716
1616577
1617636
1618849
1620059
1621166
1622098
1622821
1623399
1623863
1624134
1624196
1624010
1623481
1622524
1621023
1618969
1616498
1613895
1611433
1609245
1607390
1605768
1604244
1602773
1601401
1600276
1599466
1598992
1598839
1598902
1599086
1599283
1599365
1599212
1598737
1597901
1596768
1595561
1594536
1593981
1594022
1594517
1595145
1595436
1595114
1594075
1592275
1589935
1587441
1585144
1583232
1581675
1580383
1579313
1578500
1578102
1578270
1578950
1579778
1580381
1580589
1580264
1579415
1578236
1576994
1575919
1575026
1574333
1573871
1573533
1573177
1572697
1572164
1571657
1571123
1570578
1570100
1569757
1569509
1569236
1568949
1568722
1568578
1568445
1568262
1568024
1567702
1567285
1566770
1566226
1565660
1565152
1564818
1564738
1565012
1565585
1566596
1567818
1569463
1571507
1573023
1574852
1577267
1579709
1582694
1586128
1589867
1593783
1597559
1600942
1603624
1605576
1606853
1607612
1608021
1608153
1607976
1607393
1606387
1604990
1603328
1601527
1599828
1598532
1597656
1597218
1597151
1597215
1597330
1597387
1597289
1597048
1596713
1596381
1596176
1596207
1596524
1597093
1597770
1598465
1599211
1600055
1601083
1602297
1603612
1604899
1605928
1606654
1607114
1607354
1607507
1607573
1607617
1607674
1607663
1607466
1606924
1606057
1605024
1604079
1603401
1603021
1602931
1602983
1602948
1602591
1601835
1600777
1599599
1598557
1597851
1597512
1597428
1597476
1597462
1597195
1596630
1595798
1594832
1593916
1593213
1592709
1592128
1591221
1589868
1588054
1585922
1583718
1581646
1579804
1578268
1577004
1575929
1575095
1574644
1574618
1574968
1575564
1576183
1576854
1577716
1578769
1580000
1581320
1582652
1584004
1585334
1586569
1587650
1588472
1588968
1589190
1589211
1589002
1588556
1588118
1587734
1587458
1587551
1588000
1588841
1590064
1591611
1593406
1595307
1597417
1599627
1601854
1604098
1606008
1607397
1608174
1608282
1607865
1606965
1605680
1604333
1603167
1602377
1602101
1602206
1602506
1602740
1602621
1602105
1601254
1600137
1598861
1597494
1596061
1594696
1593557
1592689
1592161
1591921
1591922
1592175
1592485
1592738
1592817
1592547
1591842
1590574
1588823
1586765
1584525
1582308
1580313
1578679
1577348
1576153
1575029
1573944
1572814
1571646
1570618
1569772
1569140
1568857
1569010
1569686
1570859
1572475
1574402
1576419
1578380
1580105
1581584
1582969
1584264
1585430
1586443
1587376
1588281
1589067
1589679
1590127
1590452
1590668
1590839
1590974
1590964
1590796
1590417
1589861
1589208
1588502
1587901
1587458
1587317
1587582
1588107
1588794
1589523
1590233
1590830
1591351
1591972
1592574
1593170
1593736
1594078
1594182
1594006
1593705
1593447
1593167
1592794
1592116
1590872
1589013
1586705
1584288
1582203
1580848
1580351
1580470
1580992
1582021
1583531
1585344
1587342
1589246
1590878
1592318
1593524
1594388
1594844
1594706
1593980
1593053
1592235
1591627
1591266
1591114
1591124
1591123
1590994
1590728
1590136
1589196
1587951
1586559
1585173
1583730
1582540
1581769
1581398
1581353
1581352
1581357
1581305
1581247
1581198
1581110
1581082
1581010
1581059
1581361
1581871
1582535
1583085
1583588
1583977
1584149
1584250
1584181
1584062
1583967
1583761
1583426
1582993
1582521
1582091
1581731
1581346
1580993
1580788
1580960
1581750
1583046
1584810
1586911
1589168
1591600
1594069
1596512
1598979
1601419
1603679
1605558
1607046
1608193
1609060
1609729
1610112
1610326
1610548
1610685
1610788
1610877
1611024
1611338
1611658
1612033
1612607
1613419
1614390
1615306
1616031
1616431
1616540
1616410
1616034
1615425
1614514
1613444
1612395
1611428
1610531
1609587
1608613
1607647
1606643
1605636
1604624
1603527
1602277
1600799
1599169
1597619
1596285
1595298
1594654
1594104
1593485
1592610
1591362
1589782
1587952
1586054
1584070
1581987
1580107
1578807
1578307
1578443
1578995
1579942
1581100
1582070
1582398
1581895
1580670
1579207
1578460
1578348
1577928
1577193
1576395
1575733
1575529
1575729
1576139
1576410
1576311
1575950
1575460
1575042
1574897
1575194
1575895
1576870
1578045
1579299
1580684
1582066
1583343
1584562
1585699
1586901
1588112
1589314
1590496
1591526
1592478
1593400
1594419
1595680
1597045
1598325
1599483
1600473
1601291
1601869
1602168
1602400
1602553
1602451
1601954
1600982
1599669
1598259
1596984
1595955
1595158
1594346
1593242
1591814
1590053
1588036
1585966
1584065
1582535
1581384
1580578
1580008
1579456
1578884
1578284
1577536
1576611
1575573
1574553
1573835
1573607
1573895
1574730
1576009
1577554
1579074
1580477
1581714
1582829
1584212
1585808
1587813
1589836
1591872
1593907
1594298
1594255
1594632
1594434
1594335
1594234
1594074
1593872
1593269
1592405
1591206
1589790
1588225
1586569
1584925
1583212
1581448
1579697
1578084
1576758
1575844
1575404
1575367
1575614
1576085
1576799
1577781
1579080
1580725
1582602
1584647
1586746
1588663
1590372
1591814
1592795
1593265
1593273
1593021
1592726
1592209
1591370
1590567
1589872
1589083
1588322
1587759
1587374
1587140
1587063
1587202
1587619
1588339
1589294
1590390
1591688
1593145
1594705
1596382
1598058
1599650
1601065
1602264
1603190
1603710
1603780
1603372
1602578
1601587
1600519
1599362
1598027
1596518
1594933
1593379
1591891
1590333
1588645
1586999
1585458
1584099
1583065
1582270
1581707
1581599
1582142
1583383
1585208
1587324
1589483
1591524
1593160
1594321
1595191
1595948
1596835
1597965
1599255
1600565
1601766
1602797
1603601
1604133
1604389
1604416
1604283
1603971
1603442
1602730
1601922
1601032
1600065
1599115
1598243
1597408
1596574
1595896
1595494
1595261
1595045
1594792
1594513
1594142
1593727
1593412
1593364
1593814
1594846
1596401
1598200
1599891
1601163
1601710
1601509
1600628
1599224
1597664
1596255
1595208
1594637
1594492
1594576
1594738
1595000
1595397
1595903
1596522
1597345
1598405
1599591
1600734
1601790
1602873
1603985
1605082
1606182
1607116
1607746
1608094
1607980
1607456
1606789
1606037
1605461
1604889
1604114
1603326
1602204
1600647
1598711
1596342
1593729
1591000
1588262
1585509
1582734
1579951
1577233
1574833
1572949
1571804
1571371
1571392
1571748
1572277
1572911
1573595
1574183
1574725
1575274
1575846
1576472
1577160
1577974
1578936
1580072
1581343
1582594
1583758
1584702
1585274
1585504
1585442
1585174
1584820
1584481
1584150
1583777
1583415
1583149
1583051
1583171
1583587
1584215
1584946
1585771
1586681
1587755
1588936
1590135
1591291
1592271
1593045
1593634
1594061
1594420
1594734
1594876
1594768
1594434
1593939
1593242
1592240
1590988
1589545
1587936
1586303
1584748
1583302
1581891
1580564
1579487
1578595
1577997
1577820
1577958
1578442
1579282
1580316
1581251
1581904
1582243
1582367
1582515
1582799
1583319
1584013
1584627
1585131
1585557
1585965
1586416
1586955
1587635
1588407
1589316
1590328
1591347
1592273
1592978
1593593
1594101
1594385
1594408
1594093
1593574
1592861
1591897
1590829
1589835
1589070
1588501
1588042
1587741
1587563
1587277
1586697
1585747
1584462
1582986
1581589
1580507
1579689
1579093
1578631
1578323
1578331
1578556
1578785
1578811
1578762
1578746
1578678
1578584
1578332
1578046
1577822
1577671
1577772
1578167
1578952
1580039
1581324
1582781
1584360
1586126
1588112
1590324
1592574
1594597
1596181
1597209
1597872
1598367
1598833
1599427
1600171
1600969
1601643
1602125
1602485
1602769
1603027
1603341
1603766
1604258
1604703
1604939
1604936
1604810
1604588
1604366
1604267
1604365
1604699
1605094
1605413
1605619
1605692
1605616
1605392
1605141
1604892
1604656
1604592
1604720
1604897
1605101
1605329
1605433
1605419
1605420
1605369
1605190
1604943
1604586
1604180
1603926
1603802
1603727
1603676
1603603
1603561
1603592
1603612
1603511
1603207
1602645
1601865
1600933
1599870
1598671
1597340
1595860
1594089
1591912
1589363
1586571
1583698
1580823
1578019
1575290
1572574
1569944
1567497
1565541
1564392
1564029
1564394
1565169
1566060
1567018
1567890
1568661
1569312
1569873
1570415
1570812
1570926
1570618
1570107
1569900
1570279
1571078
1571855
1572496
1573181
1573895
1574529
1575087
1575649
1576340
1577184
1578338
1579903
1581487
1583031
1584795
1586732
1588622
1590359
1591949
1593347
1594662
1596021
1597468
1599031
1600610
1602192
1603680
1604959
1606120
1607115
1607927
1608602
1609066
1609208
1608919
1608215
1607246
1606253
1605322
1604429
1603579
1602782
1602156
1601699
1601356
1601124
1600966
1600910
1601002
1601306
1601607
1601555
1601030
1600097
1598922
1597622
1596408
1595300
1594177
1593176
1592247
1591363
1590553
1589770
1589222
1589085
1589433
1590172
1591115
1592166
1593007
1593313
1593120
1592738
1592451
1592360
1592515
1592845
1593155
1593297
1593182
1592747
1591999
1590987
1589746
1588443
1587186
1585896
1584701
1583816
1583223
1582816
1582524
1582274
1581939
1581462
1580919
1580388
1579931
1579532
1579114
1578742
1578502
1578453
1578649
1579002
1579417
1579851
1580295
1580765
1581286
1581865
1582455
1583023
1583487
1583778
1583945
1584019
1583981
1583887
1583774
1583590
1583397
1583323
1583367
1583482
1583630
1583753
1583929
1584228
1584586
1584963
1585211
1585287
1585317
1585247
1585054
1584837
1584705
1584756
1585040
1585597
1586278
1586883
1587389
1587827
1588276
1588780
1589327
1589936
1590517
1590992
1591417
1591846
1592363
1593090
1594032
1595035
1595960
1596825
1597586
1598099
1598326
1598344
1598237
1598097
1598030
1598021
1597987
1597943
1597951
1598109
1598445
1598850
1599186
1599391
1599459
1599470
1599556
1599704
1599938
1600335
1600805
1601298
1601779
1602131
1602256
1602066
1601554
1600769
1599753
1598596
1597460
1596531
1595959
1595806
1595970
1596313
1596666
1596787
1596604
1596185
1595648
1595080
1594463
1593780
1593055
1592341
1591722
1591352
1591315
1591561
1592051
1592661
1593147
1593239
1592755
1591697
1590284
1588812
1587418
1586135
1584951
1583835
1582740
1581676
1580806
1580209
1579945
1580030
1580386
1581006
1581898
1583033
1584273
1585541
1586841
1588196
1589668
1591290
1593145
1595207
1597386
1599470
1601152
1602425
1603363
1604060
1604522
1604603
1604314
1603611
1602427
1600852
1599094
1597414
1595886
1594551
1593408
1592358
1591395
1590456
1589450
1588337
1587144
1585977
1584957
1584235
1583873
1583901
1584306
1585026
1586022
1587218
1588503
1589838
1591306
1592804
1594243
1595535
1596418
1596999
1597364
1597455
1597283
1596798
1596109
1595161
1593835
1592166
1590211
1588086
1585780
1583352
1580979
1578771
1576883
1575335
1574193
1573452
1573051
1573066
1573358
1574066
1575149
1576383
1577763
1578965
1579958
1580852
1581710
1582679
1583739
1584936
1586199
1587362
1588298
1588951
1589371
1589538
1589309
1588521
1587183
1585528
1583836
1582164
1580614
1579396
1578573
1578245
1578386
1578808
1579313
1579765
1580334
1581201
1582327
1583637
1584943
1586046
1586913
1587612
1588327
1589211
1590259
1591354
1592377
1593335
1594221
1594890
1595242
1595255
1595030
1594771
1594593
1594480
1594392
1594373
1594411
1594489
1594578
1594499
1594198
1593700
1593114
1592699
1592528
1592468
1592331
1592004
1591450
1590693
1589850
1589050
1588429
1588076
1587988
1588238
1588881
1589816
1591029
1592453
1593892
1595220
1596279
1597049
1597652
1598122
1598467
1598689
1598825
1598986
1599251
1599655
1600158
1600640
1601009
1601210
1601179
1600952
1600730
1600637
1600697
1601011
1601590
1602389
1603400
1604585
1605875
1607142
1608287
1609371
1610378
1611188
1611857
1612410
1612715
1612638
1612112
1611241
1609988
1608267
1606179
1603751
1600994
1597938
1594672
1591358
1588114
1585109
1582523
1580494
1579102
1578326
1578095
1578275
1578736
1579437
1580311
1581315
1582461
1583678
1584902
1586105
1587345
1588799
1590513
1592429
1594426
1596264
1597743
1598615
1598677
1597898
1596361
1594412
1592342
1590307
1588394
1586500
1584598
1582766
1581146
1579875
1578995
1578553
1578546
1578858
1579338
1579843
1580340
1580956
1581709
1582598
1583764
1585206
1586803
1588354
1589664
1590705
1591493
1592000
1592124
1591882
1591270
1590255
1588928
1587201
1585188
1583107
1580956
1578835
1576784
1574928
1573423
1572227
1571367
1570874
1570689
1570786
1571223
1571952
1572944
1574213
1575610
1577092
1578603
1579949
1581102
1582114
1582913
1583479
1583886
1584240
1584716
1585351
1586107
1586902
1587630
1588251
1588663
1588883
1588961
1588897
1588730
1588552
1588568
1588847
1589368
1590101
1590858
1591437
1591655
1591408
1590759
1589904
1589047
1588358
1587903
1587601
1587483
1587452
1587342
1587230
1587093
1586888
1586618
1586312
1586081
1585907
1585850
1585862
1585776
1585651
1585398
1585011
1584847
1585226
1586329
1588168
1590571
1593244
1595919
1598417
1600663
1602792
1604962
1607270
1609616
1611713
1613261
1614053
1614230
1613999
1613532
1612916
1612055
1610995
1609758
1608281
1606516
1604524
1602511
1600558
1598856
1597500
1596375
1595405
1594441
1593588
1592880
1592318
1592051
1592110
1592662
1593604
1594816
1596188
1597293
1598018
1598438
1598602
1598542
1598344
1598087
1597778
1597395
1596796
1595927
1594827
1593646
1592368
1591002
1589893
1589134
1588688
1588682
1589137
1589897
1590727
1591462
1592039
1592389
1592569
1592793
1593219
1593762
1594291
1594756
1595143
1595467
1595659
1595805
1595856
1595653
1595231
1594535
1593466
1591962
1590066
1587886
1585621
1583469
1581544
1579963
1578717
1577851
1577358
1577152
1577232
1577614
1578328
1579295
1580436
1581745
1583159
1584547
1585826
1587060
1588234
1589248
1590140
1590983
1591714
1592304
1592752
1592933
1592828
1592363
1591457
1590224
1588693
1586907
1584967
1582944
1580863
1578950
1577436
1576448
1576226
1576704
1577788
1579352
1581177
1583105
1584808
1586188
1587238
1587973
1588493
1588752
1588736
1588476
1588174
1588074
1588242
1588669
1589241
1589811
1590300
1590734
1591160
1591519
1591814
1592127
1592521
1593039
1593779
1594754
1595813
1596876
1597970
1599255
1600732
1602344
1603842
1604813
1605329
1605246
1604538
1603447
1601919
1600147
1598261
1596307
1594392
1592509
1590638
1588797
1587152
1585790
1584709
1583879
1583157
1582552
1582181
1582083
1582351
1583078
1584292
1586089
1588360
1590807
1593284
1595785
1598310
1600721
1603003
1605293
1607588
1609771
1611573
1612819
1613527
1613600
1612961
1611643
1609727
1607410
1604890
1602246
1599483
1596672
1593848
1590988
1588250
1585778
1583650
1581950
1580742
1580120
1580059
1580447
1581063
1581722
1582378
1582930
1583457
1584058
1584699
1585447
1586240
1586853
1587179
1587211
1586869
1586153
1585136
1583808
1582211
1580453
1578651
1576863
1575145
1573605
1572315
1571267
1570416
1569811
1569499
1569490
1569828
1570449
1571330
1572529
1574026
1575831
1577898
1580141
1582586
1585123
1587501
1589545
1591163
1592382
1593260
1593791
1594029
1593991
1593659
1593048
1592047
1590640
1588904
1586880
1584717
1582587
1580630
1578858
1577261
1575791
1574377
1573189
1572453
1572297
1572666
1573485
1574671
1576031
1577442
1578795
1580063
1581386
1582900
1584607
1586493
1588598
1590818
1593001
1595142
1597168
1599051
1600897
1602534
1603899
1604967
1605601
1605937
1605978
1605779
1605533
1605358
1605403
1605656
1606063
1606489
1606708
1606558
1605981
1605036
1603892
1602800
1601937
1601476
1601460
1601798
1602439
1603250
1604167
1605056
1605699
1606081
1606323
1606512
1606724
1607108
1607655
1608270
1608874
1609303
1609400
1609082
1608424
1607477
1606204
1604640
1602815
1600782
1598656
1596512
1594391
1592394
1590571
1588921
1587417
1585946
1584528
1583213
1582056
1581139
1580425
1580096
1580108
1580449
1581095
1581858
1582858
1583621
1584065
1584292
1583938
1583201
1582004
1580373
1578557
1576732
1575159
1573873
1572943
1572321
1571924
1571663
1571510
1571495
1571626
1571982
1572465
1573006
1573598
1574244
1574976
1575772
1576678
1577592
1578496
1579460
1580446
1581489
1582564
1583695
1584951
1586364
1587768
1589085
1590348
1591445
1592433
1593054
1593350
1593215
1592431
1591756
1591069
1590169
1589266
1588117
1586847
1585474
1584020
1582561
1581116
1579917
1579099
1578779
1579004
1579755
1580908
1582243
1583596
1584817
1585838
1586685
1587463
1588319
1589327
1590515
1591841
1593167
1594353
1595317
1595971
1596387
1596728
1597026
1597214
1597133
1596758
1596196
1595620
1595264
1595233
1595602
1596192
1596622
1596665
1596201
1595267
1594100
1593002
1592234
1591939
1592047
1592391
1592831
1593299
1593802
1594354
1595034
1595863
1596803
1597736
1598582
1599414
1600190
1600866
1601385
1601618
1601527
1601209
1600913
1600831
1601025
1601535
1602252
1603041
1603898
1604767
1605743
1606859
1607977
1609004
1609670
1609840
1609564
1608965
1608331
1607858
1607537
1607208
1606753
1606039
1604957
1603527
1601844
1600037
1598197
1596358
1594571
1592917
1591372
1589918
1588599
1587502
1586735
1586295
1586101
1585909
1585529
1585006
1584491
1584174
1584188
1584662
1585542
1586616
1587703
1588598
1589168
1589367
1589255
1588901
1588263
1587347
1586391
1585786
1585339
1584499
1583307
1582006
1580860
1580270
1580338
1580862
1581644
1582554
1583410
1584142
1584879
1585706
1586626
1587541
1588345
1588889
1589112
1589021
1588522
1587817
1586617
1584809
1583059
1581336
1579690
1578443
1577567
1577068
1576882
1576908
1577081
1577486
1578218
1579318
1580770
1582430
1584243
1586164
1588155
1590201
1592329
1594632
1597011
1599252
1601227
1602901
1604210
1605149
1605724
1605845
1605537
1604759
1603543
1602135
1600689
1599258
1597849
1596476
1595123
1593728
1592220
1590524
1588657
1586675
1584600
1582473
1580396
1578512
1576979
1575892
1575226
1574886
1574833
1575156
1575862
1576761
1577658
1578466
1579182
1579890
1580642
1581398
1582144
1582884
1583648
1584458
1585299
1586171
1587072
1588041
1589114
1590245
1591253
1591930
1592120
1591696
1590761
1589529
1588158
1586794
1585536
1584416
1583409
1582563
1581958
1581672
1581875
1582690
1584097
1585964
1588093
1590242
1592191
1593798
1594942
1595579
1595720
1595425
1594854
1594143
1593405
1592678
1591943
1591216
1590498
1589797
1589074
1588272
1587403
1586482
1585576
1584715
1583948
1583376
1583014
1582924
1583177
1583786
1584708
1585802
1586962
1588183
1589444
1590760
1592141
1593562
1595031
1596496
1597891
1599099
1600045
1600780
1601390
1602029
1602697
1603262
1603681
1603931
1604009
1603928
1603592
1602950
1602053
1600959
1599807
1598703
1597680
1596699
1595663
1594629
1593762
1593233
1593163
1593496
1594126
1594845
1595356
1595616
1595643
1595406
1595025
1594580
1594026
1593426
1592900
1592509
1592370
1592491
1592804
1593266
1593748
1594128
1594351
1594459
1594535
1594560
1594417
1594043
1593364
1592336
1591046
1589590
1588186
1587059
1586274
1585774
1585413
1585080
1584715
1584366
1584136
1584080
1584176
1584394
1584856
1585679
1586851
1588277
1589777
1591154
1592173
1592683
1592790
1592679
1592428
1592130
1592048
1592318
1592782
1593235
1593441
1593292
1592877
1592216
1591280
1590119
1588840
1587624
1586629
1585889
1585424
1585268
1585397
1585723
1586123
1586461
1586717
1586955
1587254
1587835
1588700
1589721
1590900
1592131
1593222
1593969
1594276
1594135
1593582
1592717
1591633
1590444
1589209
1588025
1587062
1586348
1585808
1585383
1585092
1584935
1584777
1584508
1584162
1583866
1583805
1584117
1584788
1585702
1586692
1587685
1588709
1589716
1590578
1591141
1591330
1591141
1590632
1589934
1589233
1588683
1588225
1587764
1587215
1586373
1585275
1584156
1583203
1582660
1582582
1582941
1583732
1584719
1585684
1586510
1587183
1587784
1588421
1589129
1589836
1590674
1591700
1592884
1594237
1595642
1597157
1598785
1600324
1601588
1602363
1602545
1602174
1601474
1600637
1599742
1598919
1598136
1597406
1596835
1596467
1596340
1596324
1596303
1596306
1596358
1596472
1596609
1596719
1596832
1596906
1596938
1596969
1596871
1596614
1596097
1595269
1594258
1593094
1592032
1591089
1590364
1589966
1589668
1589563
1589350
1589002
1588653
1588196
1587947
1587860
1588000
1588467
1589181
1590113
1591036
1591785
1592190
1592314
1592370
1592544
1592955
1593524
1594126
1594531
1594721
1594817
1594919
1595177
1595594
1595966
1595823
1595057
1593828
1592176
1590399
1588722
1587227
1586012
1585136
1584586
1584184
1583731
1583157
1582439
1581491
1580281
1578843
1577293
1575903
1574960
1574632
1574901
1575591
1576396
1576994
1577247
1577167
1576857
1576461
1576141
1575993
1576040
1576367
1576992
1577790
1578691
1579657
1580564
1581315
1581885
1582223
1582294
1582138
1581898
1581712
1581710
1581933
1582216
1582432
1582611
1582830
1583134
1583547
1584103
1584832
1585760
1586850
1587974
1589014
1589943
1590872
1591999
1593382
1594898
1596319
1597556
1598721
1599821
1600885
1601918
1602842
1603695
1604467
1605102
1605549
1605751
1605806
1605851
1605975
1606185
1606399
1606635
1606908
1607156
1607331
1607407
1607372
1607168
1606755
1606084
1605085
1603712
1601953
1599892
1597634
1595346
1593206
1591253
1589376
1587420
1585359
1583232
1581178
1579441
1578120
1577194
1576581
1576080
1575507
1574960
1574728
1574983
1575758
1576911
1578185
1579451
1580804
1582383
1584088
1585718
1587198
1588519
1589666
1590541
1591038
1591164
1590956
1590478
1589823
1589043
1588205
1587431
1586748
1586110
1585544
1585131
1584852
1584701
1584686
1584709
1584796
1585006
1585338
1585752
1586186
1586702
1587290
1587944
1588631
1589141
1589364
1589320
1589010
1588446
1587742
1587154
1586960
1587260
1588010
1589111
1590354
1591578
1592715
1593767
1594899
1596173
1597390
1598318
1598852
1599064
1599089
1599081
1599260
1599671
1600224
1600863
1601443
1601825
1601970
1601904
1601709
1601455
1601141
1600793
1600560
1600511
1600619
1600853
1601092
1601201
1601105
1600788
1600345
1599944
1599639
1599441
1599400
1599491
1599709
1600056
1600549
1601137
1601716
1602189
1602351
1602207
1601884
1601502
1601271
1601254
1601453
1601805
1602114
1602170
1601844
1601063
1599822
1598186
1596224
1594108
1591975
1589944
1588109
1586439
1584937
1583630
1582649
1582049
1581669
1581450
1581355
1581241
1581113
1581097
1581240
1581609
1582310
1583373
1584682
1586059
1587446
1588711
1589785
1590659
1591188
1591388
1591306
1590880
1590150
1589167
1587888
1586320
1584500
1582389
1580032
1577546
1575100
1572899
1571114
1569805
1568923
1568461
1568381
1568651
1569343
1570536
1572258
1574379
1576762
1579275
1581660
1583715
1585347
1586617
1587565
1588182
1588473
1588379
1588030
1587421
1586556
1585518
1584097
1582325
1580113
1577481
1574929
1572693
1570956
1569828
1569369
1569687
1570692
1572276
1574324
1576775
1579676
1582986
1586490
1590041
1593654
1597239
1600666
1603939
1606991
1609866
1612521
1614892
1617101
1618521
1619008
1619075
1618341
1616675
1614256
1611117
1607526
1603735
1599992
1596456
1593112
1589854
1586765
1584004
1581654
1579933
1578965
1578823
1579494
1580725
1582338
1584155
1586094
1588193
1590397
1592691
1595137
1597796
1600443
1602898
1605191
1607219
1608912
1610165
1611021
1611649
1612069
1612265
1612038
1611274
1610059
1608334
1606183
1603928
1601955
1600485
1599432
1598690
1598268
1598084
1597807
1597309
1596740
1596335
1596317
1596503
1596897
1597463
1597768
1598020
1598321
1598628
1598989
1598874
1598381
1597861
1597098
1596008
1594651
1593315
1592282
1591656
1591443
1591513
1591685
1591853
1591997
1592067
1592142
1592253
1592427
1592799
1593411
1594250
1595218
1596243
1597238
1598016
1598494
1598652
1598526
1598196
1597779
1597309
1596646
1595727
1594589
1593264
1591815
1590357
1588888
1587288
1585577
1583948
1582566
1581479
1580817
1580642
1580759
1581047
1581410
1581753
1582127
1582572
1583057
1583530
1583989
1584470
1585032
1585686
1586333
1586893
1587219
1587237
1587010
1586507
1585782
1584830
1583641
1582348
1581119
1580146
1579491
1579134
1579032
1579173
1579482
1579833
1580243
1580684
1581117
1581498
1581763
1581779
1581513
1581164
1580826
1580557
1580496
1580737
1581272
1582022
1582883
1583718
1584361
1584742
1584866
1584732
1584398
1584009
1583660
1583389
1583306
1583346
1583320
1583269
1583255
1583266
1583262
1583255
1583450
1583980
1584823
1585887
1587083
1588370
1589613
1590697
1591615
1592452
1593260
1593939
1594429
1594750
1594908
1594934
1595046
1595397
1595986
1596910
1598036
1599095
1600050
1600879
1601508
1601895
1602114
1602407
1602998
1603764
1604324
1604704
1605164
1605600
1605885
1606050
1606078
1605922
1605532
1604921
1604142
1603303
1602461
1601541
1600560
1599556
1598459
1597207
1595773
1594221
1592755
1591542
1590706
1590185
1589746
1589274
1588754
1588371
1588257
1588303
1588356
1588270
1588015
1587625
1587162
1586620
1585950
1585197
1584321
1583338
1582485
1581932
1581721
1581798
1582002
1582336
1582860
1583645
1584732
1586025
1587506
1589152
1590947
1592814
1594637
1596245
1597606
1598887
1599943
1600714
1601232
1601650
1602138
1602568
1603040
1603481
1603700
1603721
1603553
1603257
1602739
1601857
1600619
1599066
1597356
1595653
1593958
1592278
1590539
1588648
1586663
1584660
1582698
1580774
1578931
1577239
1575708
1574411
1573357
1572528
1571788
1571050
1570399
1569596
1568765
1567920
1566515
1565248
1564967
1565238
1565799
1566662
1567520
1568372
1569425
1570856
1572477
1574075
1575995
1578019
1579981
1581760
1583176
1584831
1587090
1589982
1593167
1596342
1599421
1602197
1604809
1607175
1609077
1610409
1610998
1610953
1610396
1609274
1607591
1605387
1602834
1600201
1597492
1594824
1592178
1589188
1586387
1584282
1582330
1580532
1579413
1578703
1578132
1577867
1578276
1579852
1581835
1583282
1584508
1585855
1587593
1589798
1592013
1593973
1595711
1597196
1598339
1599070
1599336
1599108
1598582
1598052
1597643
1597460
1597486
1597602
1597666
1597567
1597453
1597523
1597886
1598457
1599033
1599619
1600250
1600965
1601933
1603150
1604448
1605661
1606621
1607065
1606800
1605863
1604326
1602400
1600346
1598201
1595954
1593659
1591415
1589331
1587437
1585720
1584219
1582996
1582169
1581927
1582330
1583241
1584424
1585731
1587175
1588662
1590009
1591079
1591700
1591795
1591382
1590486
1589199
1587752
1586395
1585281
1584501
1584070
1584016
1584287
1584736
1585340
1586184
1587246
1588347
1589299
1590021
1590577
1590921
1591108
1591012
1590514
1589811
1588904
1588290
1587920
1587651
1587862
1588164
1588522
1588710
1588510
1588129
1587471
1586618
1585443
1584040
1582717
1581673
1580908
1580150
1579343
1578482
1577649
1576950
1576533
1576409
1576359
1576380
1576427
1576673
1577286
1578263
1579755
1581529
1583260
1584774
1586184
1587779
1589605
1591612
1593753
1596135
1598688
1601270
1603748
1605886
1607601
1608704
1609328
1610062
1610900
1611122
1610470
1609331
1607925
1606426
1604887
1603036
1600884
1598569
1595946
1592951
1589713
1586489
1583571
1581180
1579414
1578070
1576987
1576119
1575381
1574779
1574296
1573928
1573733
1573693
1573719
1573769
1573908
1574187
1574541
1574899
1575408
1576183
1577178
1578352
1579543
1580702
1581862
1582990
1584145
1585289
1586240
1586894
1587270
1587385
1587315
1587162
1587019
1587044
1587302
1587701
1588049
1588141
1587941
1587555
1587150
1586933
1586963
1587176
1587479
1587920
1588498
1589070
1589912
1591083
1592401
1593896
1595398
1596885
1598264
1599429
1600391
1600937
1601116
1601045
1600824
1600569
1600124
1599337
1598108
1596394
1594317
1592083
1590098
1588657
1587852
1587650
1587782
1588115
1588645
1589248
1589886
1590690
1591704
1592896
1594159
1595244
1596098
1596822
1597433
1597801
1597818
1597599
1597233
1596632
1595768
1594725
1593607
1592574
1591767
1591203
1590685
1590155
1589755
1589405
1589098
1588857
1588501
1587963
1587272
1586412
1585366
1584292
1583454
1582871
1582493
1582256
1581907
1581557
1581494
1581784
1582595
1583740
1584936
1586127
1587175
1588233
1589450
1590838
1592383
1593880
1595172
1596165
1596664
1596497
1595744
1594573
1593205
1591891
1590771
1589955
1589424
1589080
1588826
1588606
1588373
1588051
1587693
1587370
1587048
1586676
1586256
1585844
1585479
1585102
1584615
1583933
1583189
1582854
1583058
1583590
1584311
1584930
1585463
1586026
1586518
1587101
1587848
1588760
1589874
1591003
1592095
1593204
1594309
1595398
1596514
1597774
1599267
1600926
1602599
1604191
1605655
1606958
1608072
1609004
1609724
1610106
1610151
1609876
1609275
1608436
1607423
1606383
1605278
1604002
1602644
1601272
1600097
1599191
1598444
1597773
1597103
1596564
1596209
1596008
1596082
1596486
1597154
1597942
1598600
1598944
1599014
1598896
1598646
1598293
1597854
1597244
1596381
1595505
1594840
1594476
1594375
1594393
1594547
1594786
1595147
1595697
1596317
1596949
1597473
1597949
1598573
1599347
1600155
1600823
1601343
1601625
1601663
1601643
1601413
1600717
1599486
1597857
1595983
1594018
1592185
1590691
1589666
1588975
1588284
1587467
1586820
1586360
1585779
1585174
1584772
1584557
1584509
1584648
1584638
1584303
1583949
1583796
1583911
1584053
1583983
1583683
1583027
1582066
1580945
1579758
1578550
1577353
1576213
1575151
1574293
1573643
1573185
1572845
1572532
1572295
1572178
1572307
1572639
1573008
1573345
1573628
1573877
1574042
1574135
1574181
1574220
1574410
1574831
1575420
1576110
1576859
1577542
1578097
1578547
1578978
1579553
1580354
1581367
1582414
1583447
1584342
1584942
1585361
1585614
1586003
1586667
1587443
1588286
1588939
1589250
1589120
1588429
1587207
1585647
1584079
1582675
1581623
1581150
1581298
1581985
1583077
1584308
1585500
1586630
1587684
1588774
1589965
1591349
1592973
1594846
1596995
1599280
1601625
1603882
1605962
1607878
1609604
1611141
1612417
1613368
1613893
1614265
1614529
1614469
1614055
1613267
1612743
1612487
1612528
1613057
1613445
1614093
1614730
1615048
1615635
1616253
1617031
1617786
1618252
1618593
1618685
1618584
1618252
1617691
1616970
1615954
1614508
1612721
1610791
1608940
1607407
1606123
1605062
1604158
1603214
1602199
1601011
1599688
1598323
1596883
1595570
1594569
1593714
1592915
1592260
1591640
1590960
1590192
1589326
1588513
1587697
1586894
1586303
1585907
1585737
1585732
1585753
1585980
1586678
1587783
1589110
1590617
1592263
1593859
1594989
1595671
1596038
1596025
1595873
1595457
1594829
1594165
1593256
1592154
1590810
1589232
1587619
1586078
1584745
1583647
1582801
1582126
1581534
1581291
1581405
1581654
1581970
1582187
1582406
1582622
1582700
1582803
1582939
1583038
1583090
1583062
1582836
1582362
1581747
1581087
1580451
1579768
1578991
1578018
1576746
1575449
1574301
1573431
1572993
1572841
1572885
1572911
1572651
1572195
1571800
1571650
1571849
1572482
1573510
1574868
1576444
1577977
1579292
1580360
1581169
1581723
1582086
1582378
1582739
1583151
1583695
1584492
1585413
1586462
1587652
1588961
1590454
1591917
1593232
1594485
1595492
1596023
1596158
1596020
1595672
1595488
1595566
1595876
1596526
1597086
1597375
1597295
1596583
1595366
1593625
1591431
1589148
1587003
1584936
1582934
1581145
1579625
1578324
1577075
1576030
1575583
1575804
1576300
1576586
1576579
1576414
1576305
1576603
1577368
1578448
1579739
1581025
1582138
1583007
1583634
1584052
1584255
1584165
1583728
1583226
1582787
1582391
1582292
1582546
1583281
1584393
1585427
1586416
1587454
1588555
1589569
1590270
1590720
1590920
1590926
1590826
1590734
1590669
1590549
1590467
1590450
1590573
1590617
1590353
1590215
1590579
1591421
1592540
1593953
1595664
1597544
1599679
1601853
1603864
1605680
1607240
1608789
1610157
1610924
1611144
1611004
1610688
1610215
1609369
1608086
1606566
1605042
1603633
1602176
1600526
1598634
1596412
1594049
1591710
1589564
1587877
1586752
1586085
1585726
1585774
1586163
1586661
1587181
1587727
1588273
1588854
1589565
1590313
1591038
1591638
1592142
1592743
1593390
1594045
1594735
1595553
1596484
1597338
1598023
1598593
1599123
1599562
1599977
1600421
1600842
1601180
1601263
1601016
1600492
1599757
1598878
1597825
1596520
1594947
1593161
1591463
1590012
1588734
1587730
1586892
1586234
1585867
1585547
1585206
1584616
1583572
1582356
1581266
1580495
1579932
1579474
1579227
1579044
1579010
1579110
1579256
1579475
1579481
1579577
1579697
1579677
1579994
1580476
1581133
1581783
1582146
1582213
1581823
1581534
1581373
1581149
1581169
1581399
1581981
1582722
1583386
1584019
1584326
1584407
1584395
1584124
1583785
1583422
1583027
1582671
1582289
1581867
1581196
1580320
1579501
1578819
1578444
1578411
1578594
1578928
1579358
1579752
1580078
1580482
1580980
1581486
1582056
1582721
1583456
1584436
1585584
1586608
1587379
1587908
1588365
1588841
1589179
1589165
1588825
1588304
1587766
1587205
1586654
1586318
1586034
1585566
1584996
1584434
1583915
1583834
1584480
1585722
1587326
1588983
1590619
1592171
1593537
1594570
1595358
1596337
1597568
1599003
1600791
1602788
1604514
1605739
1606652
1607288
1607527
1607420
1607024
1606382
1605603
1604750
1603772
1602686
1601651
1600680
1599802
1599105
1598445
1597767
1597097
1596441
1596003
1595906
1596225
1597067
1598400
1600143
1602129
1604095
1605756
1607057
1608058
1608642
1608944
1609193
1609328
1609440
1609783
1610322
1610851
1611293
1611554
1611497
1611126
1610680
1610384
1610121
1609668
1608969
1608200
1607472
1606710
1605902
1605018
1604031
1602982
1601847
1600650
1599530
1598436
1597309
1596084
1594644
1592988
1591166
1589357
1587496
1585733
1584476
1583956
1584305
1585168
1586237
1587333
1588531
1589734
1590717
1591949
1593070
1594041
1595250
1596090
1596666
1597242
1597716
1598087
1597993
1597332
1596117
1594279
1592019
1589388
1586615
1583991
1581517
1579265
1577148
1575111
1573153
1571195
1569315
1567495
1565670
1563801
1562000
1560478
1559244
1558386
1557921
1557714
1557801
1558264
1559114
1560312
1561872
1563791
1566115
1568815
1571734
1574924
1578291
1581521
1584375
1586604
1588120
1588999
1589314
1589172
1588604
1587633
1586345
1584909
1583542
1582207
1580895
1579780
1578865
1578142
1577507
1576758
1576048
1575619
1575562
1575901
1576518
1577181
1577964
1579148
1580654
1582402
1584303
1586201
1588263
1590481
1592770
1595000
1596862
1598371
1599616
1600759
1602040
1603409
1604650
1605554
1606071
1606208
1605962
1605481
1604868
1604104
1603101
1601701
1600148
1598808
1597776
1597268
1597187
1597129
1596918
1596586
1596360
1596282
1596238
1596214
1596202
1596216
1596185
1596032
1595742
1595393
1595033
1594522
1593849
1593108
1592366
1591714
1591169
1590722
1590337
1589864
1589252
1588621
1588138
1587853
1587667
1587597
1587700
1587903
1588000
1587863
1587615
1587446
1587458
1587574
1587756
1588007
1588200
1588225
1587958
1587385
1586555
1585518
1584428
1583382
1582520
1581793
1581078
1580478
1579921
1579437
1579095
1578833
1578773
1578873
1579045
1579332
1579814
1580665
1581852
1583219
1584598
1585875
1587146
1588447
1589667
1590780
1591867
1592801
1593601
1594480
1595306
1595997
1596470
1596606
1596627
1596716
1596923
1597191
1597329
1597347
1597336
1597266
1597118
1596834
1596449
1596038
1595515
1594764
1593690
1592566
1591695
1591030
1590549
1590194
1589977
1589903
1589863
1589790
1589605
1589428
1589312
1589211
1589249
1589365
1589480
1589701
1590156
1590917
1591805
1592654
1593689
1595158
1596924
1598747
1600571
1602601
1605078
1607840
1610795
1614055
1617466
1620575
1622818
1623992
1624258
1623811
1622925
1621755
1620180
1618231
1616109
1613928
1611753
1609548
1607280
1605065
1603005
1601244
1599889
1598811
1598127
1597746
1597457
1597309
1597114
1597095
1597223
1597397
1598061
1599067
1600186
1601244
1602104
1602766
1603043
1602961
1602575
1601958
1601078
1599701
1597887
1595795
1593532
1591290
1589206
1587334
1585607
1584041
1582825
1581853
1580983
1580254
1579597
1578916
1578135
1577280
1576464
1575877
1575831
1576342
1577135
1577990
1578763
1579551
1580413
1581161
1581914
1582894
1583786
1584157
1583947
1583248
1582241
1581077
1579791
1578303
1576667
1575315
1574363
1573856
1573904
1574343
1575261
1576356
1577102
1577526
1577700
1577645
1577462
1577289
1577141
1576937
1576639
1576352
1576162
1576160
1576467
1577139
1578404
1579959
1581744
1584035
1586079
1587754
1589433
1590841
1592087
1593175
1594033
1594873
1595533
1596143
1596963
1597820
1598706
1599519
1600094
1600453
1600545
1600340
1599959
1599677
1599517
1599293
1599150
1599319
1599802
1600545
1601402
1602303
1603251
1604084
1604771
1605342
1605853
1606285
1606502
1606599
1606649
1606671
1606682
1606507
1606008
1605235
1604337
1603479
1602711
1602035
1601523
1601194
1600849
1600338
1599884
1599627
1599436
1599109
1598579
1597991
1597282
1596353
1595278
1594155
1593225
1592545
1591943
1591436
1591110
1590982
1590976
1590878
1590563
1590003
1589283
1588498
1587442
1586085
1584511
1582701
1580898
1579105
1577390
1575889
1574368
1572822
1571345
1570095
1569091
1568099
1567248
1566697
1566439
1566375
1566389
1566561
1566948
1567552
1568331
1569204
1570288
1571838
1573901
1576400
1579162
1581732
1583873
1585742
1587549
1589285
1590742
1591875
1592739
1593273
1593319
1593080
1592960
1593029
1593212
1593139
1592398
1590953
1589035
1586967
1584814
1582586
1580644
1579266
1578193
1577392
1576884
1576482
1576366
1576429
1576634
1576938
1577179
1577652
1578251
1578844
1579437
1580033
1580864
1581903
1583275
1584918
1586457
1587935
1589094
1589907
1590532
1590754
1591106
1591847
1592844
1594066
1595252
1596172
1596536
1596616
1596632
1596546
1596322
1595982
1595781
1595747
1595975
1596338
1596800
1597340
1597802
1598398
1599078
1599818
1600603
1601323
1602016
1602633
1603125
1603467
1603840
1604280
1604786
1605535
1606446
1607534
1608825
1610194
1611557
1612796
1613871
1614813
1615573
1616105
1616466
1616512
1615971
1614881
1613406
1611619
1609490
1606913
1603840
1600336
1596568
1592806
1589274
1586051
1583289
1581106
1579430
1578179
1577329
1576839
1576519
1576193
1575888
1575500
1574941
1574381
1573931
1573620
1573532
1573731
1574069
1574391
1574783
1575310
1576050
1577161
1578691
1580630
1582912
1585424
1588093
1590798
1593389
1595849
1598288
1600705
1603020
1605211
1607144
1608582
1609418
1609784
1609860
1609796
1609636
1609307
1608771
1607899
1606670
1605146
1603375
1601514
1599692
1597974
1596310
1594785
1593490
1592318
1591225
1590144
1588971
1587689
1586508
1585526
1584634
1583818
1583026
1582232
1581397
1580541
1579761
1579201
1579126
1579433
1579920
1580486
1580862
1580965
1580831
1580466
1579832
1579019
1578281
1577617
1576845
1575891
1574833
1573704
1572504
1571324
1570172
1568957
1567533
1565908
1564202
1562565
1561077
1559628
1558291
1557209
1556465
1556171
1556304
1556966
1558295
1560200
1562516
1565073
1567816
1570704
1573551
1576485
1579476
1582254
1585091
1587897
1590479
1593172
1595898
1598590
1601119
1603059
1604329
1604928
1605076
1605074
1604970
1604928
1604881
1604671
1604331
1603786
1603152
1602604
1602266
1602227
1602391
1602652
1602714
1602391
1601899
1601414
1601040
1600708
1600370
1600177
1600113
1600202
1600413
1600742
1601326
1602137
1603179
1604338
1605542
1606860
1608238
1609576
1610664
1611386
1611817
1612023
1612038
1611846
1611420
1610748
1609719
1608226
1606268
1603893
1601214
1598386
1595522
1592714
1590103
1587655
1585457
1583699
1582368
1581613
1581383
1581444
1581645
1581856
1582141
1582545
1583133
1583909
1584677
1585402
1586061
1586523
1586731
1586678
1586512
1586371
1586227
1586064
1585948
1585950
1586060
1586273
1586560
1586895
1587270
1587556
1587714
1587747
1587760
1587937
1588276
1588874
1589689
1590453
1590973
1591073
1590847
1590303
1589377
1588345
1587366
1586469
1585688
1584924
1584018
1583002
1581953
1580926
1580172
1579715
1579514
1579610
1579854
1580133
1580250
1580124
1579892
1579696
1579737
1580216
1581109
1582302
1583681
1584909
1585958
1586898
1587657
1588343
1588882
1589275
1589500
1589400
1589046
1588485
1587899
1587547
1587502
1587851
1588488
1589235
1590015
1590612
1590997
1591232
1591253
1591143
1590937
1590800
1590944
1591305
1591855
1592385
1592800
1593232
1593509
1593792
1594213
1594681
1595468
1596395
1597349
1598377
1599283
1600280
1601366
1602556
1603932
1605208
1606407
1607651
1608852
1609866
1610610
1611078
1611341
1611545
1611804
1612130
1612318
1612282
1611865
1610887
1609447
1607677
1605825
1603936
1602128
1600494
1598964
1597626
1596458
1595615
1594362
1592276
1590744
1589888
1588981
1588209
1587378
1586182
1584995
1584248
1583812
1583555
1583711
1584302
1585061
1585798
1586472
1587061
1587176
1586456
1585273
1583942
1582499
1581053
1579548
1578033
1576744
1575753
1575016
1574467
1573935
1573375
1572712
1571859
1570997
1570123
1569318
1568782
1568504
1568627
1569191
1569971
1570928
1571947
1572902
1573802
1573939
1573525
1573456
1573458
1573685
1574206
1575014
1576244
1577648
1579354
1581255
1583479
1585717
1587695
1589680
1591398
1593037
1594556
1595855
1597060
1598062
1599078
1600024
1600549
1600459
1599968
1599397
1598688
1597958
1597459
1597258
1597417
1597902
1598584
1599351
1600094
1600798
1601535
1602327
1603107
1603613
1603616
1603296
1602877
1602505
1602275
1602176
1602278
1602486
1602607
1602650
1602693
1602636
1602386
1602050
1601690
1601380
1601087
1600689
1600122
1599294
1598432
1597750
1597290
1597137
1597234
1597466
1597618
1597652
1597645
1597502
1597180
1596578
1595620
1594531
1593464
1592334
1591080
1590185
1590122
1590198
1590071
1589602
1588597
1588130
1588188
1587833
1587044
1586074
1585102
1583905
1582520
1581482
1581070
1581220
1581793
1582650
1583663
1584733
1585686
1586384
1586858
1587297
1587784
1588362
1589130
1589934
1590585
1591071
1591363
1591433
1591226
1590824
1590226
1589352
1588468
1587768
1587249
1586820
1586420
1585857
1585034
1584187
1583197
1582184
1581497
1581129
1581076
1581203
1581484
1581973
1582666
1583617
1584844
1586426
1588335
1590346
1592072
1593349
1594250
1594767
1595093
1595412
1595660
1595843
1596018
1596223
1596454
1596619
1596717
1596650
1596445
1596291
1595807
1595243
1595163
1595216
1595539
1596097
1596818
1597730
1598655
1599941
1601085
1602352
1603711
1604316
1604691
1604736
1604482
1603793
1602631
1601447
1600117
1599133
1598430
1597842
1597594
1597555
1597741
1597999
1598237
1598531
1598871
1599168
1599364
1599517
1599707
1599736
1599510
1599281
1599025
1598703
1598261
1597648
1596931
1596082
1595036
1593794
1592642
1591707
1590889
1590163
1589530
1589012
1588665
1588422
1588101
1587698
1587361
1587224
1587305
1587680
1588264
1588891
1589621
1590379
1591187
1592089
1592981
1593864
1594740
1595547
1596062
1596174
1595976
1595542
1594976
1594320
1593441
1592227
1590681
1588879
1586862
1584507
1581999
1579522
1577055
1574831
1573103
1571861
1570875
1570145
1569903
1569985
1569918
1570081
1570789
1571611
1572355
1572214
1571716
1572101
1572312
1571839
1571009
1570054
1569563
1569559
1570183
1571243
1572281
1573312
1574094
1574775
1575548
1576040
1576149
1576188
1576478
1577067
1577842
1578679
1579575
1580491
1581451
1582604
1583811
1585154
1586661
1588022
1589354
1590702
1591898
1592968
1593749
1594143
1594237
1594009
1593521
1592945
1592463
1592156
1592158
1592507
1593112
1593915
1594599
1595210
1595755
1596219
1596905
1597529
1598102
1598861
1599719
1600710
1601639
1602150
1602249
1602348
1602554
1602743
1602816
1602559
1602094
1601705
1601547
1601678
1602161
1602897
1603604
1604155
1604443
1604453
1604256
1603940
1603221
1602263
1601654
1601049
1600602
1600804
1601377
1602010
1602578
1603320
1604254
1604910
1605214
1605309
1605258
1605305
1605321
1605112
1604850
1604732
1605037
1605739
1606634
1607620
1608381
1608588
1608212
1607282
1605931
1604593
1603275
1601786
1600202
1598501
1596800
1595309
1593947
1592740
1592018
1591768
1591797
1591705
1591217
1590829
1590504
1589988
1589485
1588838
1588143
1587560
1586765
1585582
1584036
1582402
1580796
1579214
1577681
1576049
1574408
1572781
1571266
1569819
1568334
1566929
1565613
1564545
1563689
1562999
1562366
1561676
1561320
1561451
1561747
1561894
1561925
1561942
1561995
1562234
1562776
1563834
1565347
1567064
1568771
1570234
1571409
1572234
1572833
1573252
1573361
1573125
1572369
1571259
1570043
1568828
1567700
1566640
1565804
1565174
1564927
1565204
1565957
1567442
1569442
1571718
1574135
1576709
1579527
1582312
1585319
1588463
1591504
1594547
1597215
1599551
1601677
1603541
1605404
1607143
1608317
1608842
1609045
1609001
1608661
1608221
1607689
1607138
1606648
1605969
1605032
1603994
1602770
1601422
1600297
1599336
1598499
1597753
1596856
1595871
1594961
1594404
1594387
1594755
1595310
1595938
1596721
1597722
1598921
1600180
1601298
1602263
1603125
1603968
1604728
1605347
1605814
1605923
1605595
1604933
1604064
1603072
1602024
1600977
1599882
1598675
1597497
1596496
1595667
1594981
1594378
1594030
1594174
1594888
1596237
1597902
1599623
1601222
1602397
1603440
1604323
1604878
1604945
1604269
1603383
1602343
1601137
1599888
1598489
1597162
1595726
1594188
1592593
1590920
1589252
1587250
1584639
1581287
1577669
1574463
1571833
1569787
1568002
1566152
1564383
1563206
1562988
1563828
1565393
1566771
1567982
1569692
1571710
1573695
1575507
1577053
1578604
1580401
1582480
1584675
1586700
1588489
1589849
1590653
1591113
1591408
1591544
1591256
1590635
1589849
1589052
1588788
1588705
1588983
1589659
1589959
1590551
1590595
1590188
1590520
1590532
1590689
1591125
1591180
1591032
1590799
1590931
1591292
1591799
1592374
1592963
1593478
1593657
1594134
1594702
1595463
1596873
1598090
1599225
1600220
1600790
1601114
1601044
1600803
1600390
1600006
1599896
1600019
1600449
1601021
1601815
1602886
1604008
1605137
1606195
1607151
1608006
1608465
1608339
1607799
1607235
1606923
1606705
1606300
1605740
1605193
1604541
1603509
1602078
1600482
1598818
1597254
1595929
1594813
1593992
1593388
1593090
1593006
1592939
1592987
1592965
1592898
1592777
1592465
1591960
1591134
1590079
1588880
1587662
1586524
1585382
1584276
1583018
1581434
1579691
1577981
1576406
1574931
1573527
1572214
1570906
1569560
1568366
1567425
1566698
1566196
1565908
1565940
1566304
1566962
1568040
1569522
1571392
1573516
1575728
1578000
1580144
1582148
1584099
1586005
1588027
1590308
1592946
1595879
1598766
1601290
1603363
1604991
1606341
1607485
1608387
1609028
1609309
1609321
1608815
1607939
1606974
1605498
1603887
1602378
1600836
1599709
1598935
1598112
1597266
1596495
1595629
1594716
1593937
1593173
1592380
1591628
1591074
1590881
1590952
1591091
1591188
1591257
1591319
1591532
1592010
1592667
1593507
1594262
1594827
1595345
1595663
1595903
1596291
1596861
1597739
1598895
1600222
1601609
1602927
1604169
1605139
1605977
1606880
1607820
1608771
1609696
1610890
1611999
1613203
1614787
1616073
1617278
1618317
1619071
1619833
1620394
1620988
1621487
1621727
1622071
1622200
1622005
1621779
1621345
1620620
1619511
1618020
1616232
1614050
1611567
1608891
1606454
1604373
1602367
1600435
1598434
1596496
1594665
1592865
1591214
1589509
1587741
1586021
1584262
1582558
1581001
1579569
1578311
1577011
1575503
1573850
1572106
1570525
1569105
1567806
1566659
1565529
1564321
1562866
1561212
1559293
1556978
1554546
1552143
1549819
1547606
1545479
1543663
1542195
1541147
1540688
1540598
1540822
1541205
1541526
1541890
1542217
1542544
1542974
1543494
1544324
1545568
1546991
1548402
1549700
1550771
1551721
1552582
1553661
1555298
1557175
1559264
1560884
1561750
1563485
1566189
1568484
1570209
1571725
1573177
1575281
1578293
1581066
1583227
1585115
1586769
1588731
1591023
1593188
1595256
1597034
1598348
1599540
1600942
1602571
1604268
1605852
1607334
1608722
1609760
1610615
1611624
1612534
1613382
1614152
1614816
1615560
1616281
1617197
1618215
1619429
1620873
1622103
1623267
1624259
1624854
1624968
1624664
1624094
1623163
1621926
1620427
1618875
1617440
1616044
1614622
1613217
1612103
1611435
1611206
1611307
1611549
1611816
1612032
1612232
1612462
1612631
1612687
1612664
1612430
1611962
1611281
1610167
1608660
1606895
1604812
1602443
1600043
1597923
1596170
1594700
1593318
1592029
1590969
1589920
1588754
1587506
1585995
1584185
1582109
1579970
1578148
1576571
1575049
1573560
1572081
1570660
1569299
1568006
1566949
1566110
1565443
1565196
1565268
1565560
1566346
1567518
1568821
1570288
1572021
1573910
1575709
1577466
1579355
1581295
1583101
1584724
1586307
1587858
1589194
1590248
1590945
1591363
1591699
1592045
1592470
1592904
1593131
1592707
1591862
1590911
1589331
1587617
1586203
1584867
1584197
1584113
1584405
1585119
1585707
1586510
1587620
1588490
1589295
1589982
1590548
1591100
1591697
1592607
1593762
1595034
1596328
1597467
1598356
1598884
1598970
1598864
1598685
1598235
1597661
1597120
1596415
1595689
1595193
1594713
1594398
1594193
1593891
1593681
1593338
1593043
1592999
1593166
1593803
1594626
1595545
1596570
1597288
1597797
1597950
1597838
1597705
1596888
1596046
1595688
1595293
1595039
1594857
1595027
1595434
1595800
1596241
1596336
1596326
1596218
1595819
1595352
1594876
1594516
1594164
1594069
1594274
1594323
1594352
1594451
1594406
1594370
1594356
1594042
1593534
1592646
1591458
1590615
1589969
1589699
1589790
1589824
1590030
1590401
1591030
1591795
1592390
1592818
1592941
1593040
1593238
1593370
1593615
1594033
1594694
1595788
1597138
1598331
1599254
1600051
1600692
1601025
1601173
1601335
1601503
1601642
1601620
1601413
1601270
1601147
1600823
1600228
1599406
1598360
1597018
1595473
1593899
1592423
1591039
1589945
1589316
1588859
1588453
1588034
1587478
1587051
1586885
1586810
1586798
1586655
1586286
1585940
1585535
1584931
1584123
1583000
1581585
1580079
1578828
1577843
1576670
1575135
1573499
1572145
1571297
1570722
1569877
1568670
1567439
1566219
1565012
1564133
1563810
1564091
1564943
1566267
1567968
1569988
1572237
1574503
1576693
1578826
1580823
1582676
1584413
1586148
1587982
1589695
1591266
1592665
1593528
1593973
1594176
1594242
1594280
1594047
1593626
1593139
1592676
1592210
1591533
1590649
1589349
1587965
1587197
1587006
1587055
1587105
1587188
1587475
1588033
1588867
1589536
1589763
1589859
1589814
1589676
1589618
1589496
1589254
1588957
1588701
1588470
1588186
1587879
1587669
1587677
1587859
1588150
1588527
1588947
1589452
1589993
1590418
1590680
1590725
1590479
1590003
1589486
1588984
1588589
1588458
1588425
1588450
1588442
1588024
1587275
1586297
1585192
1584180
1583231
1582580
1582225
1582008
1581686
1580781
1580163
1580274
1580264
1580297
1580576
1581070
1582000
1583343
1585045
1586753
1588277
1589691
1590944
1592100
1593195
1594226
1595024
1595468
1595892
1596449
1596980
1597625
1598359
1598940
1599458
1600135
1601195
1602428
1603517
1604583
1605637
1606677
1607626
1608550
1609613
1610672
1611738
1612554
1613075
1613289
1612925
1612267
1611347
1610173
1608763
1607131
1605390
1603372
1601106
1598651
1596143
1593596
1590942
1588325
1585753
1583428
1581531
1579841
1578381
1577261
1576323
1575564
1574946
1574509
1574449
1574814
1575629
1576743
1577991
1579279
1580556
1581544
1582137
1582596
1582470
1581805
1580720
1578906
1577031
1575219
1573274
1571397
1569757
1568538
1567581
1567041
1567053
1567419
1568150
1569311
1570830
1572567
1574452
1576365
1578377
1580426
1582323
1584026
1585465
1586791
1588108
1589458
1590984
1592569
1593940
1595290
1596594
1597656
1598605
1599315
1599936
1600599
1601227
1601698
1601906
1602185
1602562
1602837
1603046
1603134
1603256
1603757
1604472
1605300
1606376
1607536
1608730
1610020
1611344
1612540
1613540
1614334
1614855
1615099
1615037
1614777
1614463
1614049
1613578
1613279
1613280
1613529
1613784
1613832
1613799
1613742
1613582
1613314
1613014
1612986
1613376
1614101
1615074
1616095
1616955
1617516
1617689
1617347
1616325
1614661
1612788
1611090
1609332
1606820
1603339
1599537
1595961
1592704
1589694
1586853
1584199
1581546
1578557
1575274
1572254
1569869
1567999
1566579
1565619
1565001
1564632
1564474
1564487
1564663
1564827
1564824
1564594
1564046
1563380
1562773
1562160
1561514
1560823
1560272
1560061
1560182
1560528
1561020
1562080
1563853
1565663
1567248
1568941
1571109
1573704
1576525
1579306
1581559
1583466
1585217
1586742
1588086
1588966
1589420
1589656
1589636
1589207
1588156
1586678
1584936
1583093
1581641
1580550
1579751
1579431
1579442
1579660
1579936
1580209
1580670
1581199
1581670
1582420
1583267
1583980
1584923
1585816
1586571
1587544
1588668
1589969
1591438
1593011
1594595
1596017
1597193
1598229
1599299
1600373
1601369
1602263
1603187
1604209
1605317
1606612
1607925
1608982
1609808
1610548
1611176
1611777
1612443
1613114
1613736
1614075
1614072
1613645
1612734
1611549
1610200
1608983
1607912
1606816
1605597
1604037
1602295
1600567
1599115
1598336
1598153
1598057
1597870
1597781
1597481
1597008
1596897
1597144
1597697
1598616
1599767
1600967
1602084
1603079
1604031
1604760
1605065
1605333
1605488
1605280
1604923
1604419
1603917
1603320
1602513
1601641
1600683
1599640
1598333
1597006
1595860
1594681
1593624
1592681
1591679
1590627
1589637
1588934
1588587
1588434
1588550
1589082
1589923
1591109
1592500
1593768
1594972
1596146
1597058
1597660
1597980
1597876
1597242
1596114
1594585
1592754
1590843
1589072
1587429
1585786
1584055
1582191
1580196
1578411
1577016
1575925
1575320
1575019
1574748
1574497
1574323
1574493
1574894
1575397
1576196
1577196
1578216
1578977
1579257
1579215
1578926
1578489
1578223
1578323
1578659
1579069
1579489
1579744
1579844
1579780
1579458
1578925
1578193
1577477
1576859
1576202
1575589
1574990
1574335
1573775
1573417
1573297
1573380
1573563
1573952
1574511
1575010
1575554
1576252
1576970
1577706
1578473
1579314
1580419
1581734
1583141
1584497
1585745
1586940
1587925
1588898
1589859
1590888
1592291
1593683
1595180
1596900
1598679
1600650
1602593
1604343
1605879
1607049
1607565
1607548
1607313
1606795
1606063
1605186
1604171
1603048
1601875
1600799
1599912
1599325
1599022
1598974
1599055
1599101
1599156
1599097
1598850
1598561
1598100
1597476
1597162
1597270
1597547
1597532
1596925
1596202
1595896
1595999
1596282
1596797
1597662
1598618
1599456
1600415
1601740
1602963
1603512
1603427
1603222
1603725
1604861
1605600
1605583
1604730
1603131
1601348
1599649
1598327
1597338
1596474
1596009
1595770
1595306
1594349
1593026
1591693
1590453
1589354
1588320
1587327
1586503
1585916
1585572
1585388
1585312
1585373
1585693
1586218
1586747
1587163
1587541
1588044
1588657
1589511
1590489
1591391
1592377
1593153
1593425
1593356
1593044
1592310
1591066
1589554
1587873
1586028
1584049
1582076
1580305
1578728
1577430
1576358
1575185
1573820
1572329
1570824
1569238
1567461
1565643
1563803
1562221
1561043
1560163
1559656
1559395
1559594
1560177
1560929
1561938
1562987
1564205
1565405
1566320
1567280
1568352
1569412
1570502
1571870
1573429
1574990
1576670
1578456
1580398
1582393
1584262
1586004
1587262
1587917
1588230
1588430
1588803
1589374
1590335
1591711
1593107
1594658
1596366
1597890
1599241
1600458
1601501
1602428
1603150
1603830
1604775
1605732
1606724
1607557
1607745
1607799
1607794
1607668
1607671
1607325
1606862
1606561
1606616
1606993
1606966
1606768
1606322
1606063
1606359
1606296
1605987
1605643
1605473
1605538
1605356
1605042
1604607
1604112
1603764
1603422
1603172
1603010
1602908
1602958
1602975
1602885
1602489
1601714
1600571
1599231
1598178
1597192
1596625
1596666
1596579
1596068
1594979
1594413
1594368
1593647
1592741
1591941
1591670
1592072
1592731
1593616
1594405
1594921
1595022
1595343
1596288
1597197
1597870
1598351
1598813
1599244
1599813
1600627
1601277
1601721
1601583
1600815
1599825
1598609
1597284
1595760
1594044
1592400
1590588
1588464
1586095
1583530
1581263
1579432
1578141
1577591
1577579
1578182
1579265
1580657
1582332
1584201
1586273
1588384
1590437
1592420
1594303
1596076
1597588
1598586
1599254
1599843
1600285
1600598
1600618
1600299
1599811
1599066
1598024
1596782
1595400
1593944
1592421
1590869
1589289
1587428
1585187
1582616
1579941
1577543
1575580
1574064
1572741
1571670
1570884
1569930
1568765
1567366
1565833
1564334
1562897
1561685
1560621
1559715
1558943
1558103
1557145
1556203
1555350
1554648
1554308
1554329
1554633
1555240
1556109
1557378
1559313
1561536
1563705
1565785
1567702
1569695
1571641
1573490
1575172
1576500
1577661
1578408
1578755
1578893
1578623
1577955
1577063
1576126
1575226
1574464
1573772
1572992
1572247
1571569
1570975
1570671
1570687
1570967
1571594
1572539
1573798
1575445
1577432
1579751
1582283
1584857
1587520
1590404
1593502
1596518
1599116
1601119
1602588
1603774
1604811
1605721
1606461
1606844
1606882
1606723
1606209
1605455
1604809
1604370
1604189
1604152
1604188
1604152
1603863
1603599
1603551
1603663
1603854
1604119
1604448
1604649
1604790
1604928
1605000
1605199
1605663
1606371
1607035
1607470
1607730
1607654
1607296
1606694
1606074
1605946
1606069
1606115
1606186
1606181
1606143
1606354
1606703
1607145
1607870
1608722
1609470
1609854
1609835
1609562
1609010
1608503
1608115
1607700
1607536
1607596
1607805
1608069
1608248
1608382
1608416
1608289
1607994
1607666
1607238
1606509
1605550
1604446
1603254
1602051
1600877
1599710
1598540
1597645
1596951
1596040
1595146
1594386
1593631
1593072
1592904
1593154
1593617
1594107
1594540
1594849
1594888
1594675
1594242
1593549
1592773
1591921
1591099
1590454
1589878
1589414
1589099
1588926
1588907
1588978
1589171
1589396
1589493
1589581
1589663
1589642
1589656
1589842
1590144
1590410
1590611
1590734
1590672
1590542
1590551
1590757
1590900
1590346
1589088
1587946
1587327
1587008
1586746
1586476
1586125
1585658
1585267
1585216
1585446
1585544
1585296
1584598
1583370
1581910
1580375
1578782
1577422
1576324
1575338
1574472
1573695
1572880
1571957
1570909
1569639
1568323
1567172
1566252
1565716
1565384
1564961
1564491
1563902
1563175
1562475
1561422
1560468
1560760
1561836
1562827
1563787
1564960
1566521
1568630
1570918
1572918
1574682
1576341
1578280
1580619
1583175
1585787
1588101
1590215
1592230
1594006
1595570
1596972
1598302
1599323
1599759
1599943
1600012
1600041
1600207
1600194
1600066
1600042
1600175
1600458
1600634
1600654
1600443
1600236
1600143
1599838
1599355
1598796
1598428
1598106
1597629
1597122
1596448
1595579
1594551
1593624
1592751
1592020
1591361
1590568
1589852
1588992
1588142
1586995
1585735
1584583
1583274
1582304
1581438
1581353
1582065
1582970
1584269
1585410
1586717
1588267
1589951
1591912
1593841
1595845
1597878
1599936
1601962
1603835
1605631
1607252
1608615
1609741
1610649
1611296
1611672
1611706
1611461
1611181
1611018
1611177
1611643
1612224
1612535
1612240
1611554
1610660
1609782
1609126
1608611
1608173
1607687
1607011
1606241
1605469
1604658
1603893
1602897
1601649
1600497
1599366
1598306
1597352
1596407
1595340
1594255
1593310
1592298
1591262
1590304
1589448
1588725
1588182
1587799
1587439
1586978
1586234
1585434
1584743
1584170
1583807
1583328
1582666
1582089
1581975
1582170
1581909
1581271
1580009
1578751
1579342
1579986
1578337
1576022
1574144
1572170
1571526
1573104
1574845
1575058
1573295
1570081
1567453
1566444
1566359
1566924
1567640
1567429
1566768
1566802
1567436
1568250
1568979
1569388
1569660
1570317
1571428
1572586
1573670
1574670
1575994
1578175
1580740
1583480
1586718
1590167
1593533
1596379
1598572
1600572
1602429
1604215
1605835
1607243
1608770
1610322
1611781
1613286
1614727
1616042
1617300
1618318
1619154
1619987
1620887
1621895
1622742
1623402
1623839
1623907
1623707
1623271
1622757
1622181
1621389
1620360
1619011
1617190
1614848
1612191
1609418
1606616
1603959
1601484
1599237
1597426
1595932
1594704
1593816
1593083
1592549
1592193
1591899
1591752
1591745
1591859
1591975
1592027
1592054
1591993
1591785
1591206
1590220
1589129
1588239
1587776
1587619
1587502
1587278
1586879
1586370
1585803
1585076
1584133
1583124
1582213
1581452
1580773
1580105
1579481
1578928
1578514
1578175
1577786
1577464
1577122
1576589
1575900
1575131
1574419
1573684
1573024
1572470
1571839
1571217
1570654
1570357
1570300
1570695
1571501
1572399
1573614
1574534
1575325
1576022
1576311
1576997
1577767
1578654
1579797
1580967
1582442
1584010
1585628
1587179
1588586
1589803
1590750
1591631
1592381
1592901
1593222
1593416
1593363
1593110
1592837
1592293
1591617
1591137
1590715
1590263
1589827
1589501
1589220
1588925
1588673
1588394
1588147
1587960
1587853
1587972
1588377
1588917
1589327
1589521
1589545
1589601
1589797
1590015
1590276
1590628
1590984
1591253
1591529
1591788
1591796
1591581
1591244
1590917
1590674
1590345
1590026
1589836
1589728
1589682
1589514
1589138
1588682
1588345
1588261
1588424
1588860
1589659
1590830
1592291
1593879
1595376
1596789
1598071
1599079
1599776
1600005
1599955
1599878
1599762
1599752
1599825
1599912
1600029
1600189
1600367
1600467
1600657
1600986
1601268
1601515
1601847
1602401
1603115
1603836
1604470
1604895
1605187
1605369
1605299
1604987
1604424
1603558
1602611
1601770
1600879
1599920
1598981
1598024
1596994
1595831
1594336
1592459
1590571
1588637
1586700
1585101
1583791
1582774
1581779
1580560
1579162
1577650
1576409
1575573
1574982
1574442
1573831
1573270
1572948
1572933
1573148
1573484
1573526
1573156
1573054
1573551
1574311
1575186
1576020
1576653
1577340
1577924
1578520
1579225
1579788
1580662
1581582
1582376
1583392
1584370
1585417
1586617
1587815
1589131
1590488
1591326
1591499
1591385
1591195
1591267
1591702
1592305
1592829
1593072
1593225
1593510
1593976
1594578
1595212
1595671
1596048
1596585
1597221
1597963
1598772
1599509
1599918
1599855
1599421
1598805
1598350
1598043
1597758
1597289
1596314
1594902
1593119
1591265
1589847
1588854
1587922
1586872
1585842
1584842
1583706
1582515
1581450
1580529
1579824
1579331
1578893
1578486
1578133
1577823
1577652
1577701
1578101
1578935
1580003
1581031
1581901
1582724
1583514
1584263
1584878
1585122
1585094
1584829
1584471
1584311
1584305
1584322
1584246
1584049
1583809
1583616
1583381
1582996
1582380
1581679
1581016
1580439
1580108
1579997
1580282
1580836
1581601
1582828
1584354
1586122
1587997
1589784
1591325
1592494
1593362
1594027
1594561
1594816
1594904
1595053
1595304
1595753
1596236
1596664
1597056
1597221
1597281
1597492
1597881
1598339
1598753
1599167
1599427
1599489
1599539
1599567
1599774
1600154
1600450
1600592
1600503
1600415
1600456
1600491
1600585
1600817
1601137
1601362
1601422
1601304
1600868
1600191
1599365
1598456
1597715
1597086
1596455
1595891
1595400
1594884
1594354
1594117
1593875
1593620
1593667
1593726
1594095
1594634
1594927
1595071
1594946
1594503
1593621
1592355
1590903
1589386
1587735
1585770
1583935
1582697
1581854
1581010
1580126
1579496
1579217
1579021
1579029
1579365
1579624
1579786
1579883
1579688
1579146
1578455
1577875
1577504
1577482
1577798
1578326
1578968
1579556
1579950
1580144
1580209
1580183
1580063
1579922
1580197
1581079
1582161
1583248
1584286
1585144
1586031
1587199
1588645
1590236
1591587
1592437
1592942
1593370
1593886
1594602
1595568
1596599
1597567
1598497
1599558
1600920
1602306
1603470
1604363
1604979
1605524
1605926
1605992
1605777
1605319
1604620
1603795
1602961
1602024
1601027
1599976
1598882
1597703
1596410
1595271
1594084
1592992
1592405
1592110
1592060
1592256
1592511
1592755
1593031
1593249
1593236
1593109
1593092
1593148
1593120
1592971
1592668
1592153
1591486
1590632
1589501
1588129
1586500
1584670
1582757
1580836
1579014
1577312
1575754
1574393
1573296
1572495
1571763
1571025
1570310
1569473
1568671
1568152
1567987
1568216
1568757
1569445
1570247
1571124
1572033
1573210
1574604
1575752
1576642
1577284
1577438
1577300
1577039
1576651
1576372
1576398
1576732
1577251
1577797
1578360
1578966
1579562
1580210
1581000
1581826
1582667
1583584
1584458
1585240
1585961
1586637
1587356
1588227
1589254
1590411
1591816
1593486
1595326
1597257
1599174
1600836
1602127
1603214
1604189
1605118
1605914
1606608
1607270
1607736
1608042
1608264
1608574
1609124
1609768
1610327
1610679
1610784
1610738
1610668
1610508
1610166
1609659
1609126
1608749
1608506
1608400
1608444
1608591
1608361
1607409
1606542
1605945
1604996
1604183
1604336
1604872
1604502
1603216
1601927
1601020
1600352
1599736
1598997
1598066
1597148
1596437
1595922
1595511
1595136
1594731
1594149
1593302
1592407
1591612
1590833
1590039
1589222
1588550
1588132
1587869
1587801
1587858
1587961
1588086
1588241
1588606
1589150
1589764
1590297
1590673
1591008
1591327
1591614
1591794
1591941
1592100
1592077
1591745
1591091
1590154
1589027
1587842
1586606
1585271
1583732
1581945
1579984
1577871
1575702
1573605
1571718
1570130
1568975
1568249
1567714
1567393
1567290
1567394
1567886
1568713
1569755
1571011
1572426
1573946
1575507
1577068
1578620
1580189
1581796
1583385
1584989
1586570
1587892
1588910
1589806
1590615
1591251
1591639
1591784
1591772
1591532
1591122
1590730
1590321
1589980
1589866
1590033
1590540
1591275
1592090
1592898
1593778
1594825
1595829
1596773
1597809
1598980
1600321
1601714
1603076
1604310
1605294
1606092
1606665
1606962
1606946
1606786
1606962
1607439
1607922
1608174
1607622
1606314
1604957
1603667
1602349
1601086
1600004
1599481
1599525
1599729
1599792
1599692
1599621
1599760
1600869
1602935
1604490
1605268
1605378
1604622
1603944
1603831
1604194
1604758
1604804
1604104
1602576
1600606
1598960
1597687
1596452
1594918
1593081
1591117
1589037
1587172
1585790
1584640
1583220
1581490
1579867
1578563
1577840
1577701
1577825
1577946
1578006
1578179
1578377
1578538
1578593
1578486
1578297
1578057
1577839
1577496
1577047
1576643
1576253
1575845
1575320
1574725
1574136
1573595
1573184
1573022
1573122
1573168
1573099
1573136
1573388
1573905
1574741
1575756
1576709
1577679
1578772
1579913
1580948
1581823
1582590
1583287
1583988
1584666
1585315
1585786
1585894
1585659
1585134
1584433
1583720
1583092
1582518
1582070
1581892
1581944
1581954
1581937
1582430
1583513
1584727
1585922
1587282
1588773
1590289
1591741
1593048
1594450
1596010
1597584
1598924
1599851
1600600
1601201
1601723
1602345
1602931
1603495
1604078
1604655
1605258
1605958
1606848
1607864
1608934
1609864
1610437
1610813
1611249
1611757
1612350
1612937
1613105
1613003
1613047
1613117
1613054
1612982
1613123
1613367
1613669
1614067
1614530
1615088
1615504
1615370
1614538
1614237
1615047
1615252
1614322
1613043
1611795
1610971
1610674
1611084
1611918
1612136
1611610
1610601
1609057
1607152
1605028
1603159
1601746
1600302
1598779
1597417
1596040
1594419
1592768
1591037
1589061
1586981
1584913
1582915
1580748
1578471
1576457
1574777
1573429
1572431
1571655
1570881
1570027
1569218
1568484
1567891
1567643
1567503
1567374
1567222
1567055
1567159
1567431
1567988
1568831
1569962
1571274
1572325
1573329
1574205
1574715
1575035
1575236
1575424
1575592
1575664
1575752
1575766
1575681
1575622
1575422
1575107
1574696
1574095
1573390
1572578
1571865
1571436
1571291
1571505
1572004
1572716
1573670
1574864
1576257
1577684
1579053
1580436
1581820
1583282
1584954
1586794
1588828
1591101
1593703
1596669
1599778
1603008
1606323
1609485
1612406
1615057
1617480
1619615
1621399
1622876
1623928
1624476
1624545
1624270
1623707
1622909
1622078
1621079
1619845
1618451
1616742
1614855
1613017
1611178
1609483
1608097
1606952
1606022
1605235
1604550
1603935
1603353
1602827
1602395
1602110
1601865
1601683
1601630
1601672
1601664
1601446
1601222
1601022
1600888
1600736
1600396
1600210
1600130
1599976
1599766
1599442
1599078
1598573
1597917
1597447
1597274
1597288
1597441
1597362
1596958
1596804
1596947
1597112
1597177
1596859
1596059
1594984
1593905
1592960
1592213
1591631
1591008
1590222
1589217
1588147
1587155
1586132
1585084
1584026
1582949
1581967
1581253
1580819
1580545
1580468
1580501
1580637
1580902
1581229
1581770
1582415
1583248
1584260
1585004
1585424
1585465
1585180
1584488
1583228
1581702
1580121
1578624
1577222
1575842
1574513
1573235
1572002
1570680
1569256
1567874
1566451
1564952
1563384
1561734
1560132
1558673
1557515
1556751
1556456
1556641
1557123
1557834
1558701
1559684
1560645
1561619
1562660
1563610
1564602
1565550
1566602
1567795
1568973
1570258
1571393
1572492
1573616
1574638
1575705
1576717
1577604
1578396
1579079
1579671
1580209
1580802
1581383
1581905
1582542
1583194
1584200
1585480
1586758
1588261
1589709
1591254
1592970
1594860
1596834
1598826
1600871
1602564
1604133
1605492
1606637
1607829
1608826
1609600
1610031
1610137
1610075
1609798
1609353
1608790
1608211
1607788
1607586
1607601
1607726
1607944
1608283
1608598
1608886
1609212
1609531
1609804
1609989
1610023
1609935
1609798
1609674
1609556
1609368
1609153
1608891
1608520
1608042
1607510
1606980
1606383
1605732
1605059
1604382
1603822
1603364
1603004
1602717
1602389
1601978
1601480
1601059
1600745
1600521
1600446
1600417
1600408
1600382
1600399
1600617
1601011
1601422
1601816
1602203
1602486
1602712
1602852
1603025
1603429
1603942
1604434
1604802
1605156
1605576
1605868
1605708
1604958
1603884
1602619
1601141
1599305
1597187
1595263
1593641
1592135
1590678
1589346
1588223
1587254
1586476
1585892
1585385
1584956
1584531
1584081
1583758
1583608
1583578
1583673
1583885
1584131
1584376
1584534
1584488
1584248
1583794
1583161
1582447
1581691
1580845
1579822
1578639
1577353
1576099
1574953
1573974
1573310
1572923
1572761
1572787
1572945
1573222
1573621
1574177
1574829
1575511
1576122
1576632
1577137
1577615
1577997
1578205
1578266
1578249
1578079
1577573
1576615
1575347
1573896
1572437
1571058
1569595
1568166
1566858
1565568
1564321
1563114
1562078
1561406
1561165
1561346
1561849
1562625
1563702
1565045
1566674
1568728
1571203
1574012
1577043
1580095
1583028
1585741
1588223
1590525
1592586
1594373
1595927
1597269
1598430
1599432
1600344
1601165
1601941
1602785
1603641
1604631
1605817
1607176
1608748
1610491
1612401
1614373
1616507
1618841
1621077
1623060
1624777
1626244
1627276
1627867
1628156
1628126
1627926
1627667
1627347
1626904
1626423
1625914
1625283
1624737
1624212
1623683
1623128
1622425
1621690
1620792
1619798
1618716
1617457
1616255
1615132
1614011
1612915
1611839
1610766
1609717
1608503
1607136
1605658
1604087
1602641
1600797
1598718
1596653
1594310
1592177
1590123
1588087
1586069
1583824
1581565
1579103
1576414
1573688
1571103
1568896
1567194
1565959
1565013
1564319
1563976
1564012
1564119
1564246
1564333
1564233
1564157
1564041
1563894
1563794
1563569
1563291
1562939
1562468
1562164
1561977
1561761
1561493
1561141
1560712
1560085
1559431
1558952
1558776
1559052
1559726
1560754
1562022
1563470
1565160
1567140
1569246
1571433
1573743
1575951
1578184
1580296
1582087
1583750
1585173
1586523
1587833
1589078
1590512
1592022
1593442
1594638
1595605
1596459
1597259
1597946
1598474
1598963
1599437
1599926
1600354
1600669
1600965
1601267
1601644
1601883
1601772
1601462
1601093
1600819
1600674
1600553
1600386
1600245
1600181
1600249
1600596
1601041
1601569
1602103
1602456
1602824
1603204
1603488
1603630
1603731
1603868
1604181
1604613
1604914
1605174
1605135
1604912
1604532
1604059
1603830
1603379
1602878
1602101
1600918
1599848
1598703
1597600
1596245
1594388
1592249
1589629
1586508
1583584
1581335
1580068
1579364
1577798
1576043
1575131
1574413
1572718
1569720
1567679
1567999
1568695
1568490
1568503
1569019
1569746
1570586
1571507
1572763
1574084
1575850
1577970
1579772
1581252
1582541
1583820
1584727
1585256
1585626
1585654
1585444
1585195
1585145
1585425
1585813
1586473
1587425
1588287
1589144
1589909
1590805
1591960
1593005
1593917
1594546
1595008
1595421
1595721
1595976
1596215
1596347
1596145
1595818
1595570
1595287
1594917
1594383
1593825
1593332
1592668
1591688
1590415
1589078
1587715
1586056
1584316
1582510
1580481
1578641
1576983
1575426
1574012
1572634
1571566
1570967
1570693
1570559
1570461
1570330
1570178
1570067
1569890
1569674
1569485
1569386
1569491
1569732
1570020
1570374
1570731
1571039
1571512
1572207
1573171
1574497
1575979
1577653
1579286
1580590
1581860
1582975
1583810
1584494
1584882
1585069
1585248
1585524
1585896
1586195
1586421
1586555
1586740
1587042
1587428
1588040
1588733
1589529
1590168
1590598
1591187
1591798
1592601
1593582
1594556
1595553
1596596
1597852
1598930
1599405
1599446
1599601
1600054
1600421
1600576
1600309
1599770
1599372
1599044
1598987
1599164
1599036
1598516
1597965
1597675
1597524
1597374
1597325
1597468
1597609
1597468
1597190
1597037
1597164
1597574
1598169
1599035
1600021
1600874
1601786
1602980
1604445
1605877
1607286
1608778
1609927
1610893
1611504
1611722
1612132
1612387
1612690
1613009
1612894
1612455
1611498
1610391
1609309
1608186
1607337
1606800
1606333
1604990
1602817
1601036
1599636
1598368
1597458
1597116
1597519
1597920
1597476
1595851
1593669
1592692
1592713
1592517
1591953
1590513
1588828
1587579
1586539
1586226
1586017
1585234
1584225
1582834
1581154
1579664
1578581
1577735
1576786
1575446
1573694
1571996
1570682
1569540
1568442
1567498
1566663
1565800
1565109
1564743
1564721
1565159
1565855
1566806
1568173
1569766
1571200
1572420
1573508
1574579
1575867
1576925
1578053
1579752
1581548
1583634
1585902
1588186
1590711
1593126
1595334
1597163
1598469
1599418
1599905
1600184
1600510
1600647
1600645
1600477
1599810
1598542
1596954
1595794
1595367
1595382
1595699
1596153
1596616
1596914
1596926
1596863
1596836
1596858
1597078
1597543
1598220
1599187
1600453
1601682
1602375
1602454
1602391
1602588
1603063
1603616
1603995
1604089
1603853
1603396
1602923
1602374
1601671
1600857
1599971
1599028
1598004
1596874
1595661
1594471
1593516
1592841
1592178
1591458
1590761
1590296
1590345
1590812
1591506
1592131
1592777
1593713
1594573
1595188
1595634
1595934
1596292
1596759
1597055
1596886
1596289
1595466
1594531
1593633
1592899
1592194
1591383
1590552
1589818
1589127
1588547
1588296
1588256
1588350
1588426
1588241
1587864
1587449
1587102
1586781
1586485
1586187
1585884
1585624
1585453
1585563
1585943
1586329
1586492
1586472
1586318
1586128
1586077
1586125
1586259
1586262
1586042
1585683
1585325
1585385
1585604
1585720
1585845
1585830
1585866
1585997
1586040
1586162
1586621
1587326
1588099
1588803
1589368
1590060
1590655
1591160
1591656
1592040
1592533
1592854
1592985
1592750
1592222
1591589
1590666
1589893
1588949
1587989
1587246
1586375
1585696
1584855
1583853
1583045
1582416
1582064
1581872
1581850
1581989
1582301
1582851
1583699
1584845
1586127
1587467
1588862
1590407
1592033
1593667
1595325
1596887
1598355
1599805
1601083
1601991
1602634
1603231
1603860
1604529
1605311
1605939
1606246
1606631
1607080
1607551
1608119
1608613
1609020
1609307
1609415
1609280
1609066
1608995
1608973
1608914
1608693
1608207
1607470
1606558
1605502
1604346
1603175
1601900
1600500
1598945
1597262
1595642
1594264
1593303
1592441
1591465
1590820
1590704
1590920
1591278
1591687
1592066
1592276
1592348
1592427
1592469
1592489
1592524
1592530
1592623
1592901
1593367
1593974
1594732
1595627
1596451
1596989
1597233
1597299
1597136
1596788
1596433
1595951
1595245
1594427
1593479
1592428
1591359
1590282
1589219
1588074
1586870
1585647
1584373
1583265
1582415
1581573
1580517
1579198
1577709
1576150
1574466
1572676
1570919
1569392
1568184
1567166
1566390
1565766
1565280
1565030
1564680
1564218
1563812
1563665
1563866
1564070
1564322
1564761
1565383
1566210
1567111
1568003
1568872
1569779
1570682
1571549
1572499
1573550
1574516
1575376
1576225
1577014
1577936
1578952
1579905
1580874
1581793
1582746
1583798
1584938
1586043
1587034
1588050
1589070
1590137
1591328
1592724
1594318
1595933
1597606
1599359
1601078
1602722
1604233
1605537
1606778
1607918
1608934
1610136
1611418
1612645
1613885
1615033
1616134
1617194
1618068
1618728
1619327
1619979
1620524
1620797
1620878
1620930
1620845
1620616
1620293
1619780
1619246
1618638
1617892
1617232
1616748
1616474
1616128
1615507
1614807
1614000
1613102
1612238
1611314
1610341
1609338
1608300
1607334
1606343
1605182
1603833
1602233
1600441
1598710
1597173
1595815
1594420
1592765
1590690
1587942
1585049
1583010
1582224
1581949
1581311
1580575
1580396
1581003
1581447
1581124
1580375
1579484
1579365
1580165
1581177
1581866
1581950
1581934
1582068
1582327
1582790
1583503
1584117
1584376
1584848
1585203
1585509
1586117
1586599
1587131
1587406
1587448
1587506
1587318
1586893
1586165
1585176
1583957
1582654
1581306
1579945
1578771
1577960
1577309
1576484
1575796
1575314
1575104
1575078
1575126
1575291
1575517
1576214
1577055
1578190
1579341
1580233
1581438
1582263
1583369
1584602
1585569
1586876
1587643
1588282
1588799
1588961
1589262
1589389
1589455
1589486
1589636
1590054
1590486
1590813
1590910
1590822
1590612
1590347
1590205
1590161
1590073
1590298
1591001
1591797
1592739
1593675
1594532
1595328
1595785
1596072
1596008
1595614
1595057
1594306
1593696
1593265
1592940
1592572
1592209
1591902
1591537
1591244
1590969
1590701
1590476
1590345
1590350
1590341
1590289
1590299
1590309
1590183
1590094
1589997
1589796
1589631
1589374
1588931
1588218
1587370
1586677
1586008
1585263
1584519
1583851
1583198
1582572
1582014
1581465
1581003
1580596
1580081
1579324
1578506
1577831
1577242
1576840
1576668
1576753
1576768
1576248
1575910
1576378
1577076
1577574
1577883
1578179
1578600
1579212
1580096
1580846
1581231
1581599
1581970
1582029
1581893
1582520
1584096
1585040
1584788
1584462
1584468
1584568
1584671
1584724
1585183
1586457
1588229
1590311
1592540
1594485
1595844
1596631
1597528
1598799
1600063
1601299
1602273
1602594
1602514
1602417
1602224
1602058
1602174
1602367
1602272
1601863
1601403
1600844
1600106
1599322
1598585
1597774
1596625
1595272
1593780
1592178
1590558
1588697
1586787
1585065
1583563
1582487
1581911
1581834
1582144
1582748
1583642
1584699
1585820
1587070
1588394
1589597
1590627
1591433
1592056
1592473
1592511
1592258
1591786
1591203
1590819
1590651
1590530
1590462
1590410
1590392
1590601
1590836
1591014
1591296
1591438
1591338
1590972
1590381
1589654
1588768
1587930
1587195
1586682
1586446
1586311
1586194
1585884
1585502
1585179
1584838
1584583
1584410
1584332
1584246
1584086
1583898
1583549
1583140
1582775
1582471
1582363
1582350
1582454
1582790
1583278
1583978
1584867
1585862
1586957
1587969
1588856
1589689
1590411
1591095
1591714
1592245
1592750
1593160
1593538
1593834
1594122
1594563
1595028
1595482
1595959
1596564
1597215
1597924
1598853
1599836
1600935
1601968
1602622
1603022
1602951
1602401
1601731
1601032
1600434
1600042
1599812
1599606
1599398
1599336
1599441
1599705
1600076
1600468
1600884
1601316
1601630
1601903
1602216
1602365
1602367
1602199
1601889
1601506
1601015
1600438
1599633
1598677
1597680
1596686
1595772
1594926
1594220
1593581
1592991
1592541
1592237
1592071
1592142
1592455
1592885
1593448
1594049
1594614
1595136
1595509
1595758
1595944
1596052
1596180
1596398
1596454
1596316
1596337
1596446
1596552
1596634
1596456
1596402
1596499
1596379
1596213
1595958
1595542
1595100
1594545
1593740
1592916
1592029
1590930
1589895
1588987
1588315
1587821
1587434
1587230
1586863
1586418
1586126
1586031
1586394
1587091
1587892
1588643
1589181
1589613
1589920
1590016
1590073
1590189
1590349
1590485
1590430
1590215
1589884
1589307
1588645
1588177
1587975
1588086
1588409
1588734
1588927
1588948
1588942
1588982
1589103
1589303
1589468
1589681
1590087
1590758
1591626
1592522
1593357
1594018
1594418
1594524
1594200
1593545
1592825
1591940
1590721
1589278
1587755
1586166
1584540
1582950
1581372
1579821
1578419
1577125
1575826
1574575
1573552
1572692
1571764
1570997
1570339
1569514
1568723
1568063
1567548
1567164
1567124
1567530
1568016
1568626
1569529
1570510
1571433
1572287
1573010
1573678
1574300
1574780
1575167
1575413
1575518
1575516
1575402
1575361
1575313
1575027
1574661
1574450
1574480
1574789
1575372
1576181
1577204
1578324
1579314
1580259
1581263
1582208
1583044
1583818
1584749
1585800
1586735
1587687
1588840
1590076
1591239
1592449
1593918
1595544
1597059
1598424
1599718
1601010
1602444
1603957
1605259
1606240
1606899
1607215
1607257
1607092
1606779
1606192
1605157
1603882
1602620
1601538
1600635
1599753
1598871
1597896
1596914
1595987
1594972
1593987
1593020
1591941
1590739
1589609
1588753
1588138
1587853
1587882
1588059
1588310
1588628
1589057
1589629
1590321
1591090
1591956
1592845
1593696
1594490
1595167
1595794
1596334
1596736
1597063
1597310
1597504
1597687
1597892
1598152
1598458
1598869
1599331
1599681
1599999
1600331
1600607
1600784
1600822
1600803
1600671
1600451
1600306
1600165
1600071
1600069
1600129
1600312
1600466
1600477
1600439
1600404
1600421
1600559
1600726
1600897
1601139
1601201
1600975
1600613
1600152
1599640
1599003
1598091
1596941
1595583
1594346
1593375
1592238
1590989
1589675
1588302
1587006
1585597
1584224
1582931
1581599
1580318
1579101
1578114
1577445
1577022
1576878
1577016
1577398
1577936
1578619
1579486
1580391
1581272
1582086
1582795
1583420
1583877
1584251
1584612
1584962
1585305
1585637
1586007
1586368
1586831
1587328
1587890
1588601
1589238
1590055
1590821
1591232
1591598
1592104
1592882
1593603
1593998
1594166
1594221
1594264
1594552
1595451
1596578
1597241
1597345
1597292
1597424
1597630
1597782
1597888
1597974
1598093
1598246
1598383
1598447
1598472
1598395
1598203
1598062
1597970
1597921
1597901
1597854
1597702
1597375
1597019
1596619
1596232
1595924
1595430
1594888
1594502
1594279
1594194
1594104
1594066
1594104
1594215
1594311
1594344
1594430
1594470
1594499
1594557
1594674
1594891
1595130
1595350
1595494
1595622
1595617
1595390
1595056
1594601
1594053
1593424
1592815
1592178
1591418
1590727
1590111
1589540
1588952
1588362
1587882
1587469
1587067
1586640
1586313
1585954
1585431
1584937
1584439
1583883
1583219
1582613
1582158
1581716
1581537
1581395
1581093
1580783
1580255
1579724
1579257
1578855
1578640
1578484
1578561
1578776
1579065
1579477
1580028
1580919
1582006
1583135
1584201
1585077
1585787
1586350
1586744
1586933
1586971
1586847
1586569
1586270
1585954
1585593
1585269
1584942
1584630
1584423
1584245
1584098
1584077
1584169
1584186
1584128
1584101
1584087
1584190
1584507
1585027
1585707
1586574
1587570
1588654
1589799
1590797
1591760
1592733
1593554
1594356
1595142
1595797
1596427
1597118
1597831
1598474
1599026
1599533
1599966
1600381
1600988
1601649
1602179
1602775
1603387
1603908
1604384
1604741
1605022
1605302
1605539
1605711
1605907
1606172
1606406
1606554
1606583
1606520
1606422
1606192
1605867
1605551
1605268
1605010
1604755
1604540
1604382
1604180
1603815
1603380
1602830
1602180
1601638
1601208
1600962
1600750
1600532
1600389
1600097
1599732
1599397
1599184
1599152
1599149
1599150
1599229
1599659
1600253
1600771
1601265
1601575
1601911
1602135
1602045
1601944
1601694
1601162
1600382
1599343
1598159
1596977
1595774
1594485
1593424
1592698
1592021
1591136
1589967
1588618
1587130
1585690
1584367
1583135
1582031
1580960
1579973
1579010
1578103
1577308
1576420
1575527
1574647
1573828
1573208
1572687
1572270
1571887
1571408
1570783
1570123
1569649
1569419
1569374
1569263
1569031
1568919
1568994
1569285
1569816
1570459
1571013
1571484
1572025
1572577
1573060
1573534
1574046
1574566
1575005
1575299
1575537
1575881
1576283
1576744
1577332
1577956
1578569
1579197
1579799
1580280
1580773
1581409
1581966
1582214
1582392
1582813
1583386
1583945
1584346
1584679
1584975
1585262
1585853
1586490
1587050
1587688
1588287
1588993
1589761
1590519
1591425
1592325
1593292
1594448
1595612
1596722
1597730
1598805
1599980
1601069
1602151
1603249
1604371
1605340
1605999
1606421
1606522
1606359
1606071
1605550
1604866
1604257
1603702
1603130
1602571
1602107
1601685
1601220
1600826
1600484
1600180
1599978
1599810
1599612
1599505
1599570
1599699
1599962
1600364
1600763
1601137
1601359
1601408
1601285
1600986
1600656
1600128
1599289
1598268
1597264
1596413
1595590
1594940
1594549
1594072
1593263
1592304
1591448
1590656
1589923
1589320
1588731
1587994
1587253
1586411
1585428
1584583
1583954
1583654
1583624
1583845
1584266
1584767
1585478
1586277
1586819
1587176
1587831
1588775
1589803
1590784
1591531
1592185
1592736
1593174
1593667
1594216
1594750
1595165
1595377
1595469
1595456
1595155
1594765
1594398
1593828
1593134
1592394
1591742
1591210
1590655
1590209
1589862
1589586
1589438
1589332
1589305
1589331
1589286
1589159
1589041
1588937
1588763
1588570
1588353
1588119
1587894
1587683
1587500
1587262
1587032
1586865
1586705
1586576
1586599
1586808
1587064
1587304
1587557
1587779
1587868
1587800
1587584
1587226
1586919
1587003
1587396
1587744
1588068
1588436
1588592
1588426
1588118
1587828
1587464
1586938
1586568
1586236
1585978
1585877
1585517
1585111
1584768
1584573
1584497
1584324
1584166
1584163
1584244
1584240
1584393
1584636
1584977
1585390
1585776
1586242
1586640
1587033
1587456
1587932
1588329
1588630
1588872
1588962
1588972
1588991
1589286
1589649
1589881
1590220
1590659
1591057
1591351
1591671
1592025
1592297
1592511
1592661
1592743
1592792
1592774
1592754
1592834
1593005
1593193
1593252
1593201
1592976
1592487
1591801
1590952
1590086
1589217
1588288
1587495
1586897
1586421
1586098
1585725
1585216
1584728
1584332
1584021
1583716
1583538
1583568
1583743
1583824
1583753
1583759
1583687
1583673
1583880
1584181
1584583
1584977
1585392
1585865
1586414
1587030
1587651
1588266
1588738
1589020
1589182
1589358
1589531
1589657
1589865
1590166
1590585
1591084
1591556
1592003
1592406
1592782
1593244
1593787
1594339
1594842
1595212
1595529
1595740
1595705
1595596
1595460
1595242
1594919
1594488
1594059
1593580
1593040
1592525
1592071
1591692
1591354
1591067
1590803
1590504
1590133
1589746
1589462
1589191
1588833
1588380
1587801
1587230
1586687
1586129
1585636
1585162
1584751
1584383
1584012
1583666
1583306
1583008
1582761
1582606
1582550
1582650
1582995
1583394
1583876
1584408
1584992
1585704
1586395
1587143
1587963
1588798
1589668
1590521
1591321
1591981
1592516
1592997
1593445
1593846
1594155
1594361
1594461
1594471
1594446
1594386
1594259
1594083
1593874
1593608
1593300
1593064
1592968
1592897
1592812
1592764
1592732
1592762
1592918
1593139
1593334
1593585
1593964
1594375
1594857
1595325
1595685
1596020
1596164
1596152
1596118
1595982
1595828
1595661
1595527
1595443
1595231
1594877
1594343
1593652
1592914
1592146
1591450
1590933
1590563
1590174
1589697
1589197
1588852
1588674
1588442
1588219
1588235
1588542
1589049
1589501
1589796
1590112
1590473
1590852
1591343
1591879
1592399
1593001
1593661
1594372
1595131
1595855
1596575
1597246
1597954
1598630
1599109
1599637
1600207
1600665
1601073
1601442
1601684
1601798
1601853
1601844
1601792
1601635
1601345
1600973
1600532
1600100
1599718
1599358
1598998
1598606
1598154
1597770
1597491
1597199
1596907
1596613
1596299
1596054
1595909
1595730
1595520
1595419
1595380
1595420
1595555
1595690
1595803
1595904
1595961
1595965
1595951
1595841
1595643
1595394
1595083
1594754
1594325
1593841
1593400
1592936
1592463
1591989
1591530
1591021
1590335
1589556
1588738
1587899
1587153
1586460
1585878
1585415
1584915
1584451
1583900
1583242
1582376
1581379
1580672
1579885
1579469
1579487
1578999
1578431
1578123
1577744
1577243
1577047
1576991
1576827
1576966
1577163
1577342
1577537
1577861
1578408
1578856
1579393
1580018
1580582
1581154
1581903
1582757
1583587
1584588
1585632
1586586
1587354
1588036
1588562
1588932
1589323
1589365
1589284
1589176
1588888
1588650
1588450
1588341
1588181
1587932
1587678
1587316
1586954
1586645
1586338
1586030
1585775
1585599
1585460
1585367
1585405
1585566
1585828
1586220
1586637
1587111
1587627
1588011
1588287
1588470
1588603
1588704
1588723
1588675
1588539
1588403
1588342
1588188
1587957
1587768
1587534
1587326
1587097
1586854
1586707
1586464
1586312
1586360
1586461
1586736
1587098
1587492
1588166
1588935
1589774
1590857
1591813
1592795
1593789
1594651
1595502
1596048
1596450
1596717
1596778
1596886
1596925
1596951
1597018
1596984
1596879
1596670
1596433
1596248
1596042
1595810
1595475
1595042
1594595
1594136
1593733
1593413
1593084
1592799
1592651
1592588
1592607
1592623
1592619
1592692
1592755
1592780
1592820
1592946
1593170
1593394
1593652
1593981
1594342
1594634
1594778
1594842
1594882
1594930
1595009
1595133
1595297
1595489
1595740
1596030
1596305
1596509
1596624
1596664
1596638
1596549
1596361
1596147
1595916
1595598
1595268
1594930
1594553
1594180
1593832
1593489
1593107
1592706
1592294
1591829
1591319
1590775
1590238
1589746
1589310
1588945
1588589
1588265
1587933
1587593
1587354
1587131
1586942
1586794
1586605
1586448
1586320
1586174
1586027
1585942
1585893
1585863
1585887
1585895
1585875
1585828
1585757
1585739
1585827
1585983
1586140
1586236
1586276
1586327
1586380
1586457
1586492
1586415
1586362
1586364
1586363
1586346
1586339
1586332
1586306
1586321
1586350
1586365
1586380
1586334
1586268
1586239
1586178
1586059
1585894
1585756
1585680
1585651
1585696
1585802
1585980
1586163
1586361
1586622
1586844
1587106
1587427
1587708
1588033
1588317
1588476
1588611
1588739
1588873
1588959
1588955
1588875
1588708
1588528
1588338
1588105
1587901
1587731
1587568
1587452
1587335
1587197
1587096
1586974
1586838
1586726
1586664
1586706
1586803
1586970
1587199
1587401
1587618
1587963
1588402
1588838
1589260
1589675
1590073
1590424
1590692
1590835
1590884
1590909
1590926
1590951
1591006
1591020
1590891
1590666
1590421
1590169
1589942
1589756
1589620
1589573
1589608
1589717
1589916
1590148
1590409
1590710
1591018
1591324
1591611
1591890
1592136
1592288
1592343
1592288
1592128
1591942
1591729
1591491
1591271
1591027
1590829
1590694
1590519
1590368
1590244
1590128
1590126
1590268
1590538
1590865
1591162
1591406
1591586
1591719
1591813
1591877
1591885
1591783
1591636
1591476
1591296
1591116
1590911
1590713
1590541
1590395
1590308
1590275
1590275
1590282
1590260
1590185
1590075
1589994
1589988
1590023
1590115
1590239
1590326
1590482
1590665
1590837
1591072
1591337
1591637
1591948
1592254
1592592
1592982
1593439
1593960
1594516
1595047
1595513
1595905
1596236
1596473
1596627
1596742
1596824
1596865
1596853
1596841
1596839
1596819
1596789
1596777
1596764
1596676
1596474
1596185
1595848
1595412
1594922
1594464
1594024
1593587
1593136
1592681
1592260
1591928
1591643
1591361
1591174
1591066
1590985
1590981
1591049
1591134
1591200
1591258
1591343
1591467
1591572
1591626
1591659
1591624
1591511
1591344
1591131
1590913
1590684
1590454
1590172
1589782
1589333
1588854
1588360
1587863
1587394
1586957
1586545
1586209
1585929
1585664
1585391
1585039
1584571
1583997
1583372
1582843
1582498
1582309
1582240
1582259
1582341
1582439
1582479
1582477
1582468
1582442
1582439
1582473
1582503
1582524
1582534
1582530
1582533
1582550
1582594
1582672
1582767
1582928
1583193
1583540
1583955
1584398
1584795
1585091
1585337
1585596
1585847
1586098
1586369
1586664
1586969
1587271
1587578
1587856
1588131
1588449
1588778
1589128
1589463
1589776
1590108
1590462
1590890
1591348
1591733
1592067
1592382
1592673
1592933
1593158
1593367
1593552
1593714
1593894
1594126
1594451
1594905
1595413
1595832
1596176
1596524
1596870
1597221
1597569
1597893
1598218
1598581
1598947
1599288
1599618
1599897
1600156
1600382
1600530
1600655
1600744
1600799
1600817
1600774
1600681
1600518
1600318
1600088
1599800
1599500
1599149
1598725
1598310
1597925
1597542
1597152
1596810
1596525
1596322
1596237
1596249
1596309
1596355
1596399
1596416
1596383
1596334
1596265
1596186
1596060
1595896
1595740
1595573
1595355
1595099
1594877
1594639
1594351
1594045
1593734
1593425
1593063
1592629
1592115
1591599
1591175
1590791
1590463
1590171
1589810
1589391
1588987
1588606
1588221
1587849
1587493
1587149
1586860
1586608
1586369
1586193
1586026
1585793
1585501
1585203
1584965
1584748
1584520
1584289
1583976
1583578
1583171
1582797
1582482
1582159
1581887
1581729
1581686
1581818
1582056
1582371
1582780
1583261
1583822
1584415
1585047
1585701
1586332
1587003
1587716
1588441
1589189
1589926
1590633
1591298
1591912
1592487
1593009
1593484
1593921
1594277
1594536
1594709
1594793
1594815
1594818
1594834
1594852
1594843
1594791
1594688
1594544
1594367
1594186
1594050
1593951
1593862
1593811
1593765
1593680
1593607
1593570
1593537
1593496
1593505
1593572
1593641
1593739
1593876
1594007
1594127
1594238
1594299
1594332
1594363
1594308
1594111
1593811
1593449
1593071
1592734
1592401
1592073
1591810
1591493
1591119
1590835
1590538
1590173
1589783
1589349
1588946
1588593
1588293
1588059
1587861
1587710
1587573
1587425
1587234
1586988
1586683
1586302
1585913
1585513
1585078
1584634
1584207
1583810
1583422
1583072
1582749
1582452
1582207
1581993
1581786
1581575
1581427
1581374
1581393
1581494
1581631
1581771
1581939
1582130
1582389
1582764
1583238
1583767
1584323
1584918
1585528
1586141
1586728
1587266
1587783
1588252
1588674
1589085
1589463
1589779
1590052
1590283
1590430
1590490
1590480
1590425
1590349
1590235
1590088
1589945
1589844
1589779
1589710
1589653
1589608
1589555
1589505
1589470
1589470
1589505
1589590
1589724
1589904
1590150
1590454
1590837
1591279
1591782
1592370
1592963
1593530
1594094
1594624
1595092
1595449
1595717
1596016
1596304
1596578
1596886
1597132
1597336
1597477
1597506
1597486
1597403
1597279
1597085
1596757
1596312
1595742
1595122
1594500
1593860
1593255
1592664
1592083
1591599
1591181
1590817
1590537
1590290
1590100
1589984
1589898
1589872
1589880
1589867
1589848
1589834
1589810
1589788
1589772
1589735
1589673
1589612
1589551
1589494
1589461
1589449
1589428
1589373
1589311
1589251
1589179
1589112
1589043
1588952
1588876
1588869
1588890
1588917
1588994
1589114
1589243
1589366
1589456
1589512
1589598
1589631
1589524
1589410
1589327
1589287
1589283
1589207
1589082
1588969
1588838
1588672
1588474
1588236
1587982
1587742
1587535
1587414
1587375
1587363
1587393
1587495
1587646
1587845
1588100
1588385
1588713
1589079
1589444
1589791
1590125
1590446
1590745
1591030
1591274
1591408
1591391
1591237
1591042
1590817
1590543
1590267
1589969
1589637
1589267
1588845
1588410
1588000
1587632
1587297
1587019
1586825
1586675
1586582
1586543
1586568
1586691
1586883
1587149
1587481
1587856
1588288
1588747
1589234
1589758
1590270
1590723
1591150
1591605
1592044
1592425
1592764
1593064
1593348
1593640
1593912
1594130
1594307
1594420
1594473
1594494
1594418
1594255
1594042
1593769
1593463
1593132
1592802
1592487
1592154
1591826
1591547
1591306
1591083
1590881
1590697
1590538
1590442
1590398
1590366
1590400
1590535
1590721
1590940
1591163
1591378
1591582
1591780
1591975
1592147
1592331
1592517
1592685
1592826
1592904
1592933
1592932
1592902
1592866
1592833
1592773
1592697
1592641
1592562
1592465
1592376
1592276
1592201
1592176
1592171
1592173
1592197
1592239
1592289
1592345
1592404
1592488
1592553
1592546
1592488
1592418
1592418
1592532
1592706
1592897
1593108
1593315
1593516
1593738
1593974
1594253
1594571
1594913
1595305
1595722
1596136
1596519
1596846
1597126
1597329
1597493
1597671
1597805
1597847
1597769
1597615
1597413
1597114
1596777
1596431
1596054
1595686
1595319
1594956
1594617
1594301
1594009
1593737
1593498
1593276
1593061
1592890
1592732
1592587
1592431
1592208
1591953
1591696
1591477
1591270
1591031
1590838
1590654
1590418
1590209
1590006
1589739
1589469
1589177
1588814
1588490
1588164
1587776
1587448
1587165
1586826
1586416
1585948
1585481
1585057
1584638
1584184
1583653
1583036
1582430
1581876
1581374
1580931
1580545
1580268
1580076
1580000
1580074
1580201
1580375
1580616
1580927
1581266
1581559
1581817
1582034
1582233
1582425
1582565
1582699
1582863
1583050
1583240
1583379
1583475
1583532
1583525
1583508
1583504
1583496
1583500
1583528
1583573
1583670
1583800
1583915
1584048
1584202
1584384
1584601
1584845
1585143
1585496
1585890
1586271
1586636
1587013
1587369
1587738
1588120
1588487
1588871
1589269
1589634
1589953
1590259
1590538
1590776
1591008
1591235
1591428
1591586
1591707
1591794
1591843
1591851
1591841
1591798
1591709
1591589
1591441
1591271
1591080
1590888
1590708
1590518
1590377
1590331
1590356
1590458
1590596
1590772
1591017
1591258
1591489
1591767
1592108
1592479
1592825
1593137
1593429
1593671
1593840
1593978
1594137
1594346
1594584
1594829
1595099
1595364
1595649
1595971
1596267
1596565
1596871
1597142
1597411
1597678
1597944
1598218
1598478
1598711
1598897
1599058
1599233
1599427
1599626
1599836
1600076
1600360
1600714
1601113
1601538
1601974
1602366
1602709
1603019
1603282
1603479
1603630
1603749
1603824
1603874
1603901
1603944
1604016
1604023
1603995
1603964
1603888
1603782
1603612
1603396
1603146
1602820
1602479
1602138
1601790
1601444
1601086
1600734
1600358
1599926
1599453
1598934
1598367
1597764
1597134
1596460
1595726
1594944
1594087
1593181
1592257
1591299
1590331
1589382
1588482
1587639
1586847
1586088
1585346
1584603
1583876
1583230
1582672
1582170
1581703
1581346
1581116
1580925
1580768
1580650
1580580
1580562
1580614
1580749
1580876
1580951
1581017
1581091
1581156
1581215
1581324
1581496
1581630
1581645
1581518
1581268
1580960
1580728
1580671
1580751
1580993
1581266
1581400
1581396
1581242
1581040
1580896
1580842
1580838
1580774
1580609
1580365
1580127
1579974
1579917
1579946
1580022
1580126
1580254
1580397
1580547
1580657
1580727
1580757
1580707
1580614
1580492
1580376
1580309
1580235
1580168
1580175
1580283
1580472
1580682
1580959
1581307
1581651
1582008
1582380
1582799
1583256
1583669
1584045
1584415
1584794
1585143
1585409
1585647
1585873
1586063
1586232
1586393
1586632
1586947
1587260
1587569
1587868
1588178
1588518
1588867
1589239
1589616
1589965
1590280
1590559
1590829
1591096
1591344
1591577
1591776
1591954
1592103
1592201
1592305
1592403
1592514
1592675
1592848
1593060
1593344
1593665
1593948
1594179
1594380
1594564
1594779
1595032
1595338
1595696
1595988
1596210
1596441
1596618
1596759
1596864
1596936
1597055
1597166
1597284
1597409
1597532
1597677
1597765
1597790
1597753
1597661
1597581
1597532
1597537
1597582
1597610
1597628
1597624
1597599
1597576
1597567
1597560
1597538
1597569
1597562
1597469
1597440
1597413
1597347
1597260
1597106
1596883
1596619
1596312
1595978
1595678
1595412
1595158
1594879
1594594
1594336
1594067
1593810
1593592
1593445
1593377
1593364
1593414
1593488
1593578
1593682
1593774
1593903
1594073
1594235
1594411
1594606
1594804
1594996
1595152
1595277
1595321
1595266
1595173
1595005
1594782
1594554
1594275
1593930
1593526
1593079
1592603
1592094
1591534
1590947
1590380
1589828
1589257
1588665
1588147
1587772
1587505
1587327
1587213
1587133
1587085
1587037
1586959
1586845
1586697
1586500
1586237
1585950
1585705
1585522
1585377
1585261
1585193
1585187
1585245
1585316
1585360
1585426
1585520
1585630
1585796
1586005
1586211
1586401
1586560
1586679
1586775
1586848
1586936
1587072
1587252
1587447
1587599
1587742
1587911
1588097
1588277
1588440
1588578
1588686
1588823
1589011
1589220
1589440
1589671
1589898
1590149
1590432
1590727
1591028
1591279
1591520
1591758
1591952
1592173
1592434
1592722
1592986
1593268
1593619
1593968
1594332
1594661
1594947
1595233
1595490
1595762
1596052
1596377
1596724
1597047
1597396
1597772
1598155
1598528
1598896
1599254
1599575
1599869
1600092
1600252
1600395
1600489
1600530
1600558
1600577
1600579
1600539
1600437
1600290
1600052
1599709
1599296
1598841
1598380
1597973
1597627
1597324
1597095
1596892
1596696
1596530
1596355
1596164
1595928
1595657
1595385
1595135
1594947
1594778
1594593
1594421
1594262
1594100
1593899
1593653
1593395
1593083
1592708
1592313
1591882
1591409
1590898
1590336
1589744
1589162
1588605
1588037
1587425
1586768
1586074
1585363
1584690
1584090
1583508
1582958
1582486
1582053
1581700
1581459
1581290
1581168
1581121
1581140
1581144
1581106
1581033
1580940
1580869
1580856
1580856
1580856
1580888
1580913
1580950
1581016
1581087
1581149
1581181
1581221
1581250
1581214
1581156
1581089
1581024
1580979
1580934
1580886
1580841
1580834
1580887
1581002
1581192
1581436
1581724
1582068
1582468
1582916
1583443
1584061
1584680
1585305
1585961
1586568
1587110
1587595
1588079
1588609
1589134
1589654
1590161
1590670
1591179
1591629
1592062
1592495
1592893
1593228
1593496
1593755
1594000
1594247
1594520
1594837
1595196
1595557
1595920
1596235
1596539
1596847
1597101
1597317
1597491
1597643
1597757
1597809
1597846
1597896
1597969
1598056
1598093
1598045
1597929
1597677
1597312
1596989
1596757
1596604
1596487
1596357
1596193
1595952
1595655
1595354
1595101
1594965
1594905
1594876
1594866
1594856
1594828
1594756
1594708
1594708
1594704
1594696
1594669
1594600
1594482
1594315
1594105
1593890
1593689
1593500
1593335
1593195
1593042
1592852
1592667
1592456
1592172
1591883
1591620
1591345
1591024
1590679
1590341
1589966
1589575
1589199
1588834
1588514
1588237
1588019
1587893
1587843
1587816
1587723
1587583
1587487
1587373
1587235
1587164
1587134
1587148
1587195
1587254
1587362
1587518
1587717
1587929
1588147
1588374
1588582
1588776
1588972
1589177
1589349
1589478
1589600
1589674
1589710
1589736
1589722
1589716
1589743
1589787
1589837
1589909
1590038
1590172
1590341
1590539
1590705
1590899
1591088
1591304
1591509
1591648
1591792
1591821
1591773
1591734
1591658
1591590
1591535
1591498
1591488
1591484
1591467
1591463
1591454
1591354
1591212
1591076
1590900
1590690
1590471
1590241
1589980
1589692
1589384
1589041
1588675
1588293
1587905
1587498
1587102
1586753
1586417
1586128
1585869
1585613
1585387
1585214
1585103
1585027
1585027
1585108
1585238
1585428
1585646
1585889
1586169
1586467
1586792
1587132
1587482
1587877
1588303
1588708
1589063
1589380
1589684
1589985
1590322
1590668
1590993
1591312
1591603
1591897
1592183
1592406
1592608
1592773
1592891
1593001
1593068
1593119
1593192
1593264
1593348
1593418
1593468
1593525
1593556
1593555
1593520
1593460
1593372
1593240
1593116
1593015
1592926
1592843
1592776
1592763
1592761
1592772
1592804
1592799
1592763
1592704
1592613
1592533
1592499
1592485
1592463
1592439
1592421
1592426
1592463
1592506
1592550
1592573
1592540
1592504
1592448
1592336
1592256
1592182
1592044
1591877
1591701
1591493
1591258
1591052
1590856
1590595
1590281
1589958
1589671
1589434
1589195
1588935
1588645
1588322
1587959
1587618
1587402
1587221
1587015
1586795
1586601
1586492
1586385
1586283
1586215
1586116
1585987
1585836
1585727
1585691
1585727
1585851
1585994
1586157
1586319
1586453
1586617
1586759
1586882
1587060
1587260
1587471
1587699
1587951
1588183
1588339
1588514
1588744
1588952
1589099
1589214
1589318
1589396
1589438
1589432
1589427
1589419
1589364
1589258
1589100
1588942
1588789
1588622
1588484
1588374
1588261
1588132
1588010
1587954
1587953
1587959
1587957
1587960
1588022
1588147
1588269
1588407
1588565
1588673
1588720
1588730
1588774
1588892
1589072
1589297
1589415
1589565
1589814
1589959
1590237
1590437
1590581
1590918
1591018
1591166
1591318
1591349
1591528
1591613
1591733
1591878
1591981
1592104
1592173
1592217
1592207
1592212
1592284
1592374
1592481
1592607
1592702
1592776
1592855
1592905
1592980
1593057
1593102
1593163
1593104
1592959
1592864
1592781
1592751
1592714
1592628
1592531
1592436
1592348
1592246
1592140
1591991
1591793
1591565
1591289
1590978
1590710
1590516
1590329
1590162
1590005
1589821
1589620
1589435
1589363
1589342
1589293
1589302
1589387
1589505
1589608
1589650
1589668
1589727
1589806
1589869
1589901
1589869
1589793
1589661
1589442
1589222
1588995
1588726
1588430
1588080
1587730
1587380
1587002
1586608
1586205
1585867
1585520
1585147
1584834
1584533
1584270
1584045
1583865
1583772
1583680
1583590
1583531
1583490
1583504
1583549
1583603
1583723
1583917
1584141
1584335
1584468
1584600
1584766
1584949
1585149
1585362
1585581
1585759
1585867
1585991
1586125
1586259
1586459
1586625
1586771
1586976
1587195
1587470
1587773
1588065
1588376
1588671
1588956
1589251
1589552
1589833
1590044
1590212
1590330
1590393
1590483
1590557
1590596
1590624
1590634
1590679
1590718
1590725
1590736
1590769
1590858
1591007
1591246
1591597
1592006
1592466
1592956
1593408
1593827
1594234
1594641
1595074
1595512
1595914
1596393
1596845
1597247
1597743
1598051
1598450
1598891
1599015
1599194
1599269
1599204
1599109
1598871
1598630
1598351
1598068
1597811
1597536
1597262
1596951
1596642
1596359
1596078
1595833
1595622
1595417
1595248
1595091
1594922
1594751
1594568
1594420
1594292
1594171
1594090
1594052
1594063
1594113
1594205
1594274
1594258
1594194
1594098
1593989
1593894
1593825
1593785
1593738
1593723
1593770
1593849
1593951
1594096
1594240
1594361
1594534
1594680
1594753
1594788
1594760
1594710
1594626
1594482
1594355
1594266
1594153
1594017
1593823
1593587
1593378
1593104
1592770
1592392
1591963
1591554
1591135
1590740
1590385
1590040
1589752
1589493
1589264
1589067
1588879
1588710
1588509
1588335
1588209
1588061
1587953
1587865
1587797
1587768
1587721
1587706
1587721
1587756
1587812
1587840
1587883
1587952
1588010
1588020
1587963
1587875
1587741
1587573
1587438
1587317
1587208
1587134
1587060
1586979
1586895
1586802
1586725
1586676
1586660
1586707
1586781
1586871
1586987
1587098
1587200
1587284
1587366
1587475
1587603
1587699
1587732
1587742
1587750
1587775
1587771
1587723
1587685
1587657
1587647
1587641
1587625
1587603
1587570
1587537
1587531
1587569
1587621
1587692
1587775
1587858
1587973
1588128
1588333
1588548
1588743
1588909
1589041
1589181
1589338
1589562
1589868
1590210
1590586
1590963
1591343
1591728
1592073
1592392
1592684
1592937
1593178
1593409
1593619
1593790
1593935
1594072
1594197
1594327
1594450
1594547
1594665
1594832
1595026
1595235
1595478
1595742
1595997
1596252
1596489
1596725
1596973
1597183
1597360
1597494
1597602
1597654
1597619
1597607
1597543
1597468
1597399
1597202
1597067
1596931
1596715
1596581
1596402
1596163
1595971
1595756
1595490
1595247
1595048
1594835
1594554
1594236
1593936
1593610
1593184
1592747
1592337
1591930
1591559
1591091
1590632
1590261
1589824
1589368
1588894
1588482
1588085
1587725
1587474
1587024
1586543
1586195
1585804
1585427
1584991
1584567
1584233
1583832
1583388
1582958
1582546
1582134
1581748
1581438
1581177
1580899
1580643
1580478
1580298
1580107
1579967
1579861
1579789
1579631
1579377
1579137
1578937
1578782
1578607
1578468
1578363
1578263
1578183
1578012
1577934
1577967
1578022
1578203
1578376
1578597
1578863
1579052
1579277
1579554
1579841
1580143
1580498
1580820
1581098
1581452
1581818
1582203
1582660
1583116
1583558
1584031
1584558
1585100
1585655
1586188
1586654
1587173
1587734
1588251
1588796
1589286
1589757
1590255
1590679
1591067
1591388
1591690
1591947
1592161
1592425
1592616
1592812
1593005
1593128
1593259
1593364
1593455
1593497
1593471
1593422
1593360
1593275
1593199
1593175
1593179
1593181
1593204
1593276
1593342
1593436
1593566
1593691
1593834
1593929
1594027
1594137
1594207
1594299
1594395
1594464
1594529
1594596
1594655
1594722
1594759
1594693
1594593
1594498
1594403
1594337
1594251
1594158
1594077
1593975
1593883
1593779
1593639
1593462
1593228
1592987
1592730
1592403
1592060
1591699
1591310
1590936
1590613
1590352
1590104
1589897
1589756
1589648
1589580
1589497
1589410
1589374
1589317
1589241
1589171
1589097
1589074
1589058
1589020
1588967
1588886
1588842
1588810
1588757
1588721
1588690
1588644
1588546
1588433
1588351
1588283
1588241
1588238
1588266
1588271
1588245
1588230
1588237
1588267
1588278
1588296
1588378
1588467
1588555
1588651
1588769
1588908
1589032
1589180
1589358
1589538
1589712
1589851
1589953
1590044
1590136
1590230
1590352
1590518
1590724
1590930
1591136
1591392
1591644
1591859
1592029
1592155
1592269
1592364
1592472
1592543
1592585
1592670
1592728
1592768
1592819
1592843
1592841
1592811
1592767
1592738
1592695
1592622
1592517
1592372
1592213
1592038
1591866
1591707
1591553
1591398
1591236
1591059
1590852
1590636
1590430
1590253
1590115
1589989
1589851
1589693
1589546
1589445
1589421
1589444
1589480
1589565
1589664
1589756
1589869
1590024
1590197
1590347
1590502
1590693
1590955
1591252
1591527
1591791
1592053
1592326
1592597
1592868
1593151
1593425
1593667
1593845
1593979
1594090
1594183
1594264
1594336
1594430
1594557
1594727
1594908
1595064
1595245
1595445
1595631
1595802
1595950
1596093
1596243
1596366
1596476
1596572
1596630
1596657
1596612
1596521
1596415
1596270
1596095
1595885
1595664
1595434
1595176
1594904
1594600
1594268
1593934
1593570
1593187
1592787
1592313
1591803
1591307
1590834
1590408
1589993
1589609
1589297
1589040
1588839
1588657
1588474
1588308
1588163
1587998
1587818
1587675
1587545
1587432
1587341
1587284
1587250
1587213
1587203
1587181
1587154
1587106
1586998
1586878
1586760
1586663
1586576
1586459
1586345
1586255
1586159
1586051
1585971
1585938
1585931
1585932
1585924
1585938
1585990
1586047
1586130
1586251
1586391
1586569
1586771
1586957
1587142
1587314
1587443
1587552
1587651
1587743
1587840
1587923
1587981
1588044
1588132
1588263
1588422
1588574
1588752
1588960
1589186
1589404
1589584
1589778
1589994
1590206
1590413
1590605
1590817
1591042
1591216
1591348
1591472
1591595
1591690
1591743
1591779
1591787
1591744
1591644
1591501
1591345
1591162
1590987
1590860
1590732
1590627
1590563
1590508
1590501
1590523
1590558
1590628
1590711
1590835
1590989
1591143
1591346
1591602
1591873
1592151
1592442
1592713
1592938
1593143
1593312
1593440
1593535
1593594
1593660
1593745
1593836
1593925
1594014
1594122
1594246
1594361
1594444
1594535
1594642
1594759
1594912
1595070
1595233
1595385
1595502
1595594
1595657
1595705
1595749
1595768
1595754
1595701
1595614
1595511
1595371
1595190
1594984
1594779
1594577
1594381
1594230
1594087
1593945
1593816
1593668
1593543
1593438
1593335
1593258
1593182
1593124
1593093
1593077
1593088
1593088
1593059
1593022
1592975
1592887
1592755
1592623
1592503
1592386
1592275
1592140
1591979
1591808
1591630
1591451
1591248
1591030
1590790
1590510
1590204
1589909
1589653
1589397
1589147
1588920
1588693
1588454
1588203
1587983
1587807
1587651
1587528
1587444
1587420
1587465
1587498
1587513
1587558
1587617
1587672
1587709
1587743
1587788
1587843
1587906
1587942
1587984
1588057
1588106
1588110
1588123
1588156
1588155
1588133
1588115
1588106
1588087
1588014
1587892
1587768
1587669
1587565
1587435
1587295
1587189
1587113
1587026
1586978
1586950
1586919
1586917
1586913
1586923
1586960
1586971
1586953
1586961
1587017
1587080
1587106
1587113
1587160
1587220
1587266
1587303
1587332
1587414
1587527
1587636
1587761
1587920
1588128
1588330
1588500
1588675
1588838
1588997
1589159
1589297
1589468
1589651
1589785
1589898
1589981
1590074
1590175
1590229
1590282
1590355
1590435
1590508
1590555
1590598
1590647
1590687
1590713
1590731
1590761
1590796
1590844
1590922
1591033
1591174
1591340
1591519
1591725
1591994
1592303
1592625
1592963
1593331
1593722
1594116
1594501
1594875
1595253
1595577
1595813
1595993
1596146
1596288
1596394
1596458
1596506
1596552
1596608
1596669
1596759
1596894
1597044
1597171
1597249
1597307
1597366
1597405
1597415
1597400
1597375
1597349
1597310
1597250
1597174
1597078
1596949
1596790
1596632
1596478
1596323
1596165
1595976
1595784
1595583
1595336
1595064
1594790
1594510
1594200
1593864
1593515
1593183
1592871
1592556
1592229
1591885
1591535
1591161
1590773
1590439
1590141
1589862
1589625
1589434
1589301
1589203
1589102
1588977
1588823
1588657
1588475
1588289
1588136
1588010
1587897
1587792
1587691
1587601
1587517
1587451
1587405
1587381
1587375
1587360
1587353
1587376
1587443
1587526
1587591
1587683
1587814
1587951
1588084
1588204
1588329
1588502
1588702
1588896
1589121
1589381
1589666
1589965
1590246
1590502
1590738
1590952
1591127
1591242
1591314
1591334
1591311
1591269
1591199
1591138
1591064
1590952
1590844
1590724
1590611
1590522
1590430
1590348
1590264
1590168
1590085
1590007
1589934
1589879
1589845
1589837
1589852
1589899
1589989
1590095
1590221
1590366
1590494
1590633
1590777
1590912
1591063
1591189
1591309
1591451
1591548
1591616
1591686
1591748
1591801
1591828
1591872
1591947
1592012
1592080
1592127
1592160
1592203
1592209
1592185
1592141
1592067
1591968
1591845
1591706
1591548
1591376
1591205
1591024
1590832
1590647
1590457
1590273
1590119
1589980
1589864
1589785
1589738
1589713
1589720
1589760
1589812
1589897
1590028
1590200
1590412
1590635
1590878
1591159
1591443
1591728
1592035
1592337
1592612
1592832
1593022
1593214
1593370
1593495
1593588
1593655
1593710
1593700
1593654
1593606
1593532
1593460
1593373
1593290
1593235
1593185
1593133
1593054
1592970
1592888
1592776
1592657
1592551
1592457
1592382
1592339
1592305
1592281
1592286
1592272
1592233
1592191
1592147
1592097
1592020
1591939
1591846
1591721
1591571
1591400
1591262
1591122
1590938
1590731
1590497
1590288
1590089
1589841
1589588
1589331
1589058
1588794
1588518
1588269
1588070
1587868
1587689
1587542
1587428
1587394
1587355
1587316
1587349
1587391
1587435
1587488
1587538
1587598
1587649
1587676
1587698
1587724
1587746
1587750
1587736
1587737
1587754
1587758
1587746
1587740
1587769
1587815
1587837
1587847
1587852
1587850
1587846
1587830
1587808
1587781
1587748
1587716
1587706
1587746
1587802
1587854
1587921
1587987
1588084
1588206
1588315
1588428
1588548
1588699
1588856
1588988
1589128
1589255
1589359
1589441
1589522
1589636
1589744
1589811
1589867
1589931
1589978
1589985
1589961
1589939
1589937
1589943
1589947
1589969
1590027
1590100
1590182
1590270
1590364
1590462
1590540
1590580
1590630
1590710
1590779
1590843
1590888
1590906
1590936
1590944
1590903
1590863
1590836
1590835
1590813
1590766
1590786
1590839
1590868
1590904
1590959
1591045
1591168
1591301
1591471
1591695
1591905
1592083
1592272
1592471
1592680
1592888
1593079
1593258
1593434
1593621
1593799
1593965
1594106
1594194
1594261
1594319
1594360
1594376
1594360
1594325
1594264
1594172
1594063
1593937
1593809
1593663
1593453
1593204
1592956
1592708
1592436
1592136
1591845
1591572
1591310
1591067
1590829
1590602
1590380
1590139
1589887
1589634
1589411
1589222
1589041
1588871
1588716
1588560
1588391
1588223
1588086
1587987
1587897
1587788
1587682
1587601
1587549
1587516
1587485
1587444
1587412
1587370
1587301
1587226
1587124
1587003
1586852
1586661
1586475
1586302
1586152
1586007
1585864
1585735
1585614
1585511
1585422
1585364
1585356
1585398
1585477
1585572
1585692
1585828
1585962
1586098
1586211
1586311
1586411
1586500
1586610
1586718
1586808
1586891
1586939
1586986
1587034
1587071
1587116
1587146
1587162
1587140
1587093
1587084
1587064
1586981
1586842
1586684
1586538
1586402
1586275
1586135
1586033
1585966
1585875
1585828
1585851
1585904
1585971
1586043
1586128
1586236
1586372
1586524
1586687
1586867
1587075
1587293
1587500
1587730
1587998
1588262
1588503
1588737
1588990
1589265
1589536
1589791
1590027
1590250
1590456
1590653
1590885
1591133
1591350
1591519
1591676
1591855
1592035
1592196
1592331
1592451
1592571
1592680
1592790
1592924
1593087
1593248
1593408
1593580
1593765
1593991
1594227
1594440
1594652
1594866
1595059
1595215
1595324
1595417
1595510
1595577
1595629
1595676
1595721
1595751
1595746
1595734
1595728
1595726
1595696
1595624
1595558
1595506
1595450
1595377
1595293
1595213
1595129
1595027
1594919
1594834
1594776
1594703
1594593
1594501
1594439
1594372
1594292
1594193
1594083
1593964
1593815
1593657
1593483
1593275
1593032
1592738
1592434
1592162
1591907
1591629
1591332
1591046
1590763
1590483
1590211
1589970
1589773
1589581
1589388
1589210
1589089
1589015
1588929
1588843
1588788
1588752
1588759
1588816
1588893
1588997
1589103
1589201
1589324
1589466
1589625
1589761
1589849
1589920
1589972
1589997
1589994
1589971
1589963
1589925
1589838
1589771
1589734
1589726
1589743
1589761
1589785
1589817
1589851
1589877
1589909
1589963
1590019
1590063
1590112
1590206
1590329
1590449
1590578
1590718
1590857
1590990
1591106
1591197
1591258
1591282
1591248
1591180
1591135
1591120
1591117
1591100
1591063
1591019
1590968
1590915
1590847
1590770
1590706
1590639
1590547
1590434
1590304
1590159
1589994
1589820
1589667
1589517
1589349
1589173
1588991
1588784
1588559
1588307
1588064
1587855
1587664
1587526
1587410
1587308
1587238
1587158
1587072
1586998
1586956
1586958
1586967
1586988
1587035
1587096
1587179
1587271
1587368
1587491
1587619
1587744
1587897
1588042
1588168
1588328
1588522
1588698
1588842
1588997
1589153
1589302
1589463
1589624
1589788
1589923
1590059
1590204
1590282
1590344
1590408
1590459
1590507
1590535
1590561
1590593
1590659
1590753
1590858
1590979
1591106
1591242
1591394
1591584
1591780
1591970
1592159
1592300
1592412
1592483
1592506
1592515
1592487
1592441
1592387
1592288
1592174
1592052
1591919
1591794
1591671
1591572
1591485
1591417
1591401
1591410
1591438
1591476
1591530
1591652
1591818
1592024
1592261
1592497
1592749
1593002
1593248
1593479
1593697
1593934
1594145
1594315
1594458
1594552
1594615
1594628
1594592
1594550
1594480
1594383
1594269
1594132
1594037
1594023
1594062
1594134
1594219
1594318
1594422
1594509
1594611
1594732
1594863
1595004
1595115
1595174
1595189
1595184
1595145
1595042
1594894
1594717
1594492
1594223
1593925
1593596
1593246
1592874
1592510
1592186
1591886
1591606
1591346
1591123
1590933
1590722
1590527
1590363
1590183
1590020
1589876
1589764
1589704
1589659
1589632
1589615
1589597
1589587
1589536
1589451
1589363
1589241
1589099
1588947
1588789
1588653
1588499
1588327
1588159
1587968
1587776
1587575
1587362
1587182
1587002
1586816
1586650
1586509
1586384
1586240
1586094
1585979
1585877
1585788
1585706
1585619
1585548
1585495
1585452
1585418
1585403
1585407
1585404
1585400
1585393
1585379
1585351
1585310
1585271
1585230
1585191
1585164
1585155
1585165
1585193
1585230
1585272
1585344
1585444
1585538
1585628
1585730
1585862
1586014
1586179
1586376
1586583
1586802
1587067
1587360
1587674
1588043
1588447
1588828
1589199
1589597
1589997
1590368
1590732
1591074
1591379
1591661
1591906
1592144
1592381
1592595
1592787
1592947
1593104
1593272
1593403
1593522
1593663
1593784
1593883
1593966
1594033
1594127
1594224
1594318
1594427
1594495
1594530
1594554
1594553
1594529
1594488
1594470
1594464
1594434
1594397
1594378
1594363
1594301
1594210
1594131
1594049
1593975
1593910
1593833
1593751
1593670
1593575
1593477
1593404
1593341
1593262
1593157
1593063
1592974
1592862
1592762
1592674
1592572
1592457
1592341
1592230
1592126
1592052
1591994
1591917
1591839
1591755
1591655
1591552
1591440
1591304
1591141
1590957
1590757
1590554
1590366
1590171
1589960
1589763
1589564
1589345
1589128
1588905
1588689
1588488
1588284
1588116
1587973
1587829
1587704
1587571
1587437
1587321
1587204
1587076
1586949
1586850
1586772
1586696
1586614
1586557
1586556
1586567
1586550
1586504
1586461
1586427
1586378
1586330
1586298
1586259
1586208
1586182
1586214
1586302
1586407
1586505
1586624
1586754
1586877
1586994
1587120
1587278
1587429
1587571
1587720
1587877
1588058
1588250
1588453
1588655
1588872
1589074
1589228
1589388
1589536
1589651
1589753
1589841
1589933
1590049
1590178
1590300
1590417
1590543
1590655
1590744
1590815
1590856
1590860
1590813
1590718
1590635
1590573
1590520
1590482
1590440
1590419
1590407
1590401
1590430
1590469
1590550
1590663
1590780
1590929
1591097
1591284
1591471
1591608
1591725
1591861
1591973
1592066
1592185
1592292
1592357
1592388
1592410
1592438
1592453
1592431
1592366
1592281
1592209
1592124
1592030
1591973
1591928
1591882
1591850
1591841
1591888
1591951
1592028
1592143
1592283
1592439
1592584
1592735
1592916
1593120
1593323
1593489
1593622
1593755
1593883
1593989
1594063
1594114
1594144
1594108
1594018
1593920
1593812
1593692
1593552
1593381
1593221
1593095
1592955
1592787
1592609
1592431
1592250
1592052
1591860
1591690
1591542
1591400
1591247
1591116
1591016
1590930
1590841
1590761
1590702
1590630
1590534
1590442
1590362
1590279
1590177
1590042
1589884
1589738
1589596
1589441
1589278
1589114
1588959
1588801
1588660
1588550
1588457
1588371
1588267
1588160
1588065
1588003
1587975
1587939
1587907
1587873
1587827
1587781
1587754
1587767
1587779
1587790
1587819
1587851
1587918
1588008
1588097
1588194
1588278
1588342
1588394
1588455
1588531
1588593
1588634
1588658
1588685
1588722
1588757
1588805
1588879
1588965
1589037
1589104
1589177
1589259
1589344
1589405
1589441
1589483
1589543
1589620
1589709
1589808
1589921
1590030
1590120
1590199
1590275
1590370
1590462
1590527
1590582
1590642
1590722
1590800
1590864
1590939
1590992
1591030
1591064
1591073
1591091
1591107
1591091
1591079
1591082
1591087
1591096
1591109
1591133
1591153
1591123
1591060
1591008
1590955
1590871
1590750
1590630
1590527
1590415
1590289
1590173
1590080
1589987
1589867
1589728
1589603
1589516
1589435
1589328
1589225
1589153
1589110
1589088
1589086
1589115
1589179
1589252
1589315
1589396
1589503
1589605
1589693
1589782
1589895
1590026
1590159
1590309
1590494
1590715
1590932
1591121
1591318
1591522
1591723
1591899
1592027
1592144
1592236
1592290
1592327
1592350
1592346
1592305
1592243
1592184
1592129
1592057
1591955
1591843
1591734
1591618
1591474
1591298
1591140
1591010
1590884
1590759
1590643
1590557
1590488
1590420
1590376
1590369
1590388
1590406
1590419
1590467
1590550
1590636
1590711
1590772
1590847
1590935
1590995
1591029
1591075
1591125
1591143
1591148
1591148
1591147
1591124
1591050
1590943
1590816
1590671
1590496
1590314
1590144
1589970
1589809
1589636
1589467
1589339
1589220
1589107
1588986
1588879
1588796
1588698
1588616
1588550
1588503
1588480
1588449
1588443
1588462
1588476
1588484
1588479
1588481
1588493
1588490
1588482
1588471
1588458
1588441
1588395
1588333
1588286
1588235
1588161
1588079
1588004
1587937
1587874
1587807
1587749
1587703
1587661
1587612
1587530
1587449
1587391
1587321
1587233
1587137
1587055
1586966
1586849
1586739
1586650
1586575
1586489
1586392
1586334
1586324
1586341
1586368
1586406
1586476
1586573
1586676
1586786
1586924
1587076
1587227
1587391
1587550
1587731
1587946
1588149
1588348
1588561
1588770
1588966
1589171
1589405
1589629
1589829
1590007
1590172
1590353
1590550
1590749
1590948
1591155
1591377
1591599
1591826
1592092
1592387
1592697
1593024
1593347
1593685
1594027
1594342
1594651
1594977
1595304
1595600
1595864
1596120
1596366
1596568
1596714
1596829
1596917
1596969
1596984
1596968
1596931
1596869
1596765
1596625
1596486
1596352
1596198
1596019
1595825
1595639
1595474
1595313
1595144
1594953
1594770
1594613
1594449
1594315
1594232
1594154
1594052
1593918
1593806
1593719
1593626
1593548
1593456
1593337
1593189
1593040
1592951
1592868
1592744
1592641
1592553
1592448
1592331
1592199
1592066
1591927
1591795
1591657
1591478
1591294
1591124
1590978
1590846
1590705
1590584
1590483
1590383
1590291
1590210
1590137
1590082
1590006
1589903
1589801
1589701
1589638
1589585
1589525
1589478
1589438
1589432
1589462
1589499
1589556
1589624
1589672
1589735
1589861
1590024
1590153
1590274
1590443
1590578
1590657
1590729
1590795
1590866
1590925
1590960
1590995
1591044
1591099
1591132
1591148
1591193
1591245
1591280
1591330
1591376
1591415
1591437
1591427
1591430
1591449
1591450
1591430
1591422
1591442
1591449
1591417
1591374
1591327
1591279
1591224
1591130
1591040
1590978
1590924
1590879
1590816
1590756
1590715
1590689
1590683
1590686
1590737
1590807
1590861
1590939
1591048
1591178
1591325
1591485
1591647
1591823
1592010
1592204
1592415
1592635
1592869
1593102
1593320
1593560
1593811
1594057
1594294
1594504
1594693
1594874
1595029
1595153
1595257
1595364
1595441
1595451
1595429
1595375
1595302
1595225
1595102
1594967
1594815
1594625
1594415
1594174
1593949
1593726
1593451
1593161
1592879
1592610
1592346
1592057
1591761
1591480
1591208
1590946
1590688
1590450
1590230
1589982
1589723
1589478
1589241
1589002
1588747
1588484
1588232
1587990
1587741
1587509
1587326
1587175
1587038
1586911
1586830
1586801
1586789
1586782
1586799
1586877
1586967
1587040
1587168
1587357
1587571
1587776
1587973
1588196
1588417
1588626
1588815
1588986
1589192
1589394
1589559
1589711
1589862
1590017
1590146
1590230
1590306
1590377
1590430
1590459
1590469
1590468
1590445
1590389
1590313
1590247
1590201
1590146
1590081
1590034
1590001
1589973
1589945
1589914
1589915
1589934
1589943
1589962
1590000
1590064
1590145
1590217
1590311
1590439
1590579
1590730
1590901
1591089
1591280
1591462
1591647
1591835
1592014
1592179
1592301
1592374
1592427
1592444
1592416
1592372
1592331
1592277
1592194
1592103
1592020
1591944
1591878
1591805
1591711
1591607
1591486
1591346
1591193
1591030
1590882
1590731
1590556
1590382
1590231
1590125
1590027
1589911
1589799
1589701
1589621
1589550
1589490
1589447
1589411
1589372
1589329
1589287
1589276
1589289
1589290
1589293
1589307
1589316
1589298
1589254
1589208
1589147
1589053
1588941
1588824
1588731
1588662
1588589
1588531
1588495
1588461
1588428
1588424
1588459
1588503
1588542
1588577
1588609
1588672
1588749
1588812
1588885
1588956
1589008
1589041
1589066
1589102
1589131
1589129
1589095
1589038
1589002
1588995
1588994
1589018
1589054
1589073
1589078
1589078
1589084
1589102
1589113
1589112
1589118
1589128
1589149
1589160
1589151
1589146
1589128
1589099
1589076
1589069
1589072
1589055
1589051
1589074
1589092
1589114
1589127
1589141
1589163
1589175
1589173
1589166
1589181
1589200
1589207
1589202
1589173
1589144
1589123
1589092
1589074
1589086
1589109
1589136
1589179
1589253
1589350
1589457
1589573
1589677
1589792
1589938
1590078
1590247
1590453
1590680
1590912
1591142
1591401
1591678
1591952
1592204
1592452
1592718
1592979
1593224
1593440
1593643
1593836
1593993
1594085
1594139
1594198
1594212
1594181
1594115
1594029
1593959
1593873
1593804
1593776
1593779
1593806
1593807
1593806
1593831
1593868
1593890
1593882
1593878
1593880
1593879
1593867
1593852
1593859
1593867
1593853
1593834
1593841
1593842
1593789
1593701
1593599
1593479
1593344
1593197
1593057
1592935
1592800
1592641
1592498
1592378
1592247
1592093
1591924
1591765
1591603
1591419
1591222
1591043
1590884
1590700
1590482
1590267
1590060
1589857
1589661
1589439
1589192
1588928
1588636
1588346
1588066
1587787
1587501
1587212
1586958
1586729
1586510
1586325
1586180
1586054
1585932
1585813
1585710
1585642
1585613
1585590
1585566
1585578
1585624
1585666
1585713
1585786
1585851
1585884
1585907
1585930
1585935
1585937
1585929
1585893
1585837
1585775
1585724
1585673
1585633
1585607
1585558
1585505
1585480
1585486
1585525
1585577
1585638
1585713
1585800
1585882
1585940
1586000
1586093
1586193
1586277
1586340
1586426
1586549
1586642
1586697
1586778
1586865
1586919
1586986
1587093
1587232
1587373
1587508
1587672
1587858
1588054
1588268
1588488
1588725
1588979
1589218
1589444
1589674
1589901
1590123
1590338
1590537
1590734
1590921
1591104
1591270
1591402
1591542
1591659
1591718
1591755
1591776
1591768
1591719
1591662
1591624
1591603
1591588
1591564
1591560
1591576
1591580
1591569
1591552
1591555
1591561
1591558
1591549
1591538
1591552
1591566
1591574
1591600
1591641
1591683
1591695
1591713
1591760
1591810
1591847
1591869
1591893
1591901
1591896
1591902
1591936
1592006
1592076
1592122
1592178
1592234
1592272
1592304
1592320
1592325
1592327
1592324
1592304
1592268
1592244
1592193
1592094
1591981
1591853
1591698
1591523
1591338
1591149
1590958
1590761
1590551
1590346
1590155
1589961
1589764
1589555
1589350
1589170
1588981
1588791
1588621
1588465
1588306
1588123
1587957
1587805
1587660
1587531
1587409
1587328
1587249
1587150
1587069
1587015
1586979
1586920
1586839
1586775
1586723
1586662
1586566
1586437
1586297
1586145
1585981
1585831
1585724
1585659
1585620
1585610
1585634
1585681
1585746
1585801
1585854
1585954
1586090
1586233
1586392
1586570
1586779
1587009
1587220
1587461
1587744
1588025
1588296
1588546
1588792
1589018
1589208
1589383
1589546
1589701
1589799
1589866
1589947
1589994
1590084
1590203
1590282
1590390
1590497
1590592
1590696
1590814
1590960
1591093
1591218
1591345
1591461
1591559
1591634
1591706
1591782
1591858
1591934
1592000
1592065
1592145
1592219
1592274
1592327
1592403
1592480
1592538
1592601
1592648
1592672
1592696
1592716
1592746
1592793
1592845
1592892
1592956
1593061
1593179
1593302
1593437
1593559
1593676
1593794
1593901
1594016
1594152
1594291
1594394
1594471
1594571
1594648
1594670
1594677
1594682
1594681
1594649
1594583
1594522
1594470
1594415
1594345
1594261
1594201
1594154
1594082
1593998
1593928
1593870
1593797
1593717
1593659
1593622
1593611
1593620
1593628
1593649
1593684
1593715
1593737
1593761
1593777
1593744
1593696
1593653
1593580
1593509
1593437
1593361
1593308
1593236
1593130
1593046
1592994
1592943
1592880
1592791
1592682
1592574
1592459
1592325
1592193
1592072
1591962
1591856
1591746
1591651
1591568
1591465
1591316
1591146
1590974
1590794
1590606
1590411
1590225
1590048
1589837
1589615
1589434
1589283
1589138
1588989
1588857
1588760
1588655
1588534
1588434
1588365
1588315
1588245
1588186
1588171
1588153
1588138
1588123
1588106
1588101
1588072
1588041
1588023
1588009
1588003
1587969
1587936
1587940
1587946
1587945
1587959
1587960
1587960
1587970
1587971
1587985
1588016
1588059
1588103
1588142
1588197
1588267
1588347
1588403
1588444
1588493
1588540
1588592
1588630
1588682
1588759
1588816
1588871
1588937
1589011
1589077
1589124
1589166
1589190
1589193
1589176
1589155
1589151
1589154
1589150
1589120
1589091
1589097
1589111
1589143
1589193
1589241
1589294
1589331
1589379
1589446
1589499
1589542
1589533
1589513
1589533
1589549
1589561
1589575
1589603
1589634
1589657
1589688
1589736
1589789
1589820
1589840
1589854
1589890
1589939
1589972
1590018
1590070
1590115
1590134
1590146
1590183
1590222
1590270
1590313
1590339
1590393
1590470
1590552
1590655
1590769
1590892
1591012
1591115
1591246
1591392
1591531
1591672
1591789
1591898
1592022
1592146
1592280
1592420
1592535
1592644
1592766
1592924
1593116
1593290
1593454
1593609
1593752
1593902
1594032
1594154
1594282
1594381
1594453
1594506
1594584
1594672
1594705
1594728
1594760
1594776
1594782
1594752
1594702
1594640
1594557
1594446
1594303
1594178
1594070
1593944
1593803
1593646
1593482
1593315
1593144
1592965
1592806
1592660
1592488
1592299
1592126
1591991
1591855
1591706
1591578
1591466
1591350
1591229
1591138
1591087
1591025
1590942
1590843
1590754
1590690
1590592
1590460
1590340
1590219
1590077
1589919
1589778
1589675
1589571
1589433
1589274
1589122
1589000
1588892
1588776
1588676
1588590
1588494
1588407
1588343
1588324
1588349
1588377
1588395
1588420
1588474
1588553
1588641
1588740
1588836
1588918
1588996
1589071
1589158
1589282
1589405
1589488
1589565
1589661
1589756
1589854
1589951
1590019
1590080
1590134
1590167
1590232
1590344
1590460
1590556
1590658
1590799
1590959
1591108
1591260
1591412
1591553
1591667
1591749
1591836
1591916
1591968
1591996
1592010
1592033
1592039
1592017
1592017
1592050
1592095
1592137
1592191
1592278
1592384
1592477
1592559
1592663
1592800
1592947
1593090
1593254
1593433
1593596
1593747
1593877
1593994
1594107
1594198
1594271
1594332
1594387
1594428
1594441
1594457
1594487
1594507
1594501
1594496
1594508
1594512
1594516
1594512
1594493
1594464
1594418
1594350
1594281
1594229
1594148
1594035
1593915
1593771
1593606
1593432
1593237
1593019
1592804
1592588
1592359
1592146
1591942
1591733
1591496
1591247
1591018
1590796
1590588
1590371
1590159
1589975
1589762
1589535
1589326
1589138
1588964
1588762
1588563
1588399
1588243
1588098
1587951
1587813
1587694
1587566
1587440
1587324
1587230
1587159
1587072
1586984
1586918
1586864
1586817
1586776
1586746
1586736
1586743
1586752
1586764
1586802
1586869
1586914
1586931
1586964
1587010
1587069
1587120
1587173
1587252
1587310
1587353
1587407
1587486
1587601
1587709
1587807
1587919
1588023
1588128
1588236
1588320
1588411
1588491
1588533
1588565
1588600
1588648
1588677
1588672
1588668
1588655
1588632
1588592
1588550
1588539
1588533
1588521
1588523
1588550
1588609
1588668
1588700
1588751
1588820
1588863
1588892
1588922
1588966
1589016
1589043
1589062
1589107
1589174
1589238
1589292
1589358
1589446
1589521
1589582
1589676
1589794
1589912
1590013
1590104
1590217
1590327
1590431
1590534
1590650
1590791
1590916
1591027
1591135
1591260
1591402
1591523
1591637
1591762
1591884
1591974
1592054
1592133
1592204
1592287
1592327
1592344
1592370
1592372
1592368
1592339
1592289
1592254
1592203
1592125
1592056
1592018
1591984
1591930
1591881
1591855
1591818
1591755
1591701
1591662
1591622
1591582
1591557
1591559
1591586
1591633
1591687
1591760
1591867
1591986
1592100
1592206
1592303
1592387
1592453
1592503
1592565
1592641
1592716
1592797
1592863
1592925
1592999
1593055
1593106
1593171
1593226
1593253
1593262
1593270
1593260
1593238
1593225
1593201
1593169
1593136
1593082
1593005
1592925
1592831
1592701
1592554
1592414
1592278
1592144
1592006
1591874
1591771
1591679
1591574
1591469
1591371
1591285
1591210
1591108
1590998
1590916
1590851
1590784
1590718
1590666
1590612
1590567
1590514
1590465
1590460
1590434
1590383
1590354
1590335
1590313
1590263
1590193
1590142
1590076
1589971
1589862
1589770
1589694
1589617
1589521
1589424
1589343
1589261
1589172
1589087
1589025
1588981
1588930
1588893
1588892
1588909
1588927
1588940
1588961
1589015
1589093
1589156
1589200
1589276
1589366
1589423
1589468
1589519
1589599
1589687
1589758
1589836
1589903
1589978
1590036
1590058
1590109
1590152
1590162
1590174
1590191
1590219
1590250
1590257
1590263
1590284
1590295
1590289
1590253
1590194
1590114
1589995
1589865
1589741
1589617
1589497
1589372
1589272
1589192
1589100
1589021
1588952
1588896
1588865
1588831
1588807
1588810
1588849
1588904
1588955
1589024
1589091
1589160
1589239
1589319
1589417
1589522
1589608
1589675
1589746
1589848
1589959
1590051
1590138
1590229
1590312
1590390
1590423
1590436
1590479
1590507
1590506
1590501
1590517
1590535
1590532
1590529
1590526
1590525
1590532
1590532
1590531
1590546
1590567
1590577
1590589
1590632
1590704
1590772
1590822
1590882
1590960
1591037
1591112
1591185
1591261
1591318
1591323
1591322
1591321
1591312
1591310
1591301
1591290
1591265
1591204
1591127
1591074
1591029
1590968
1590896
1590833
1590790
1590745
1590689
1590646
1590634
1590632
1590611
1590597
1590609
1590656
1590718
1590753
1590789
1590850
1590925
1590995
1591062
1591154
1591252
1591330
1591378
1591414
1591455
1591477
1591490
1591498
1591507
1591520
1591507
1591494
1591513
1591525
1591509
1591486
1591475
1591469
1591455
1591443
1591419
1591381
1591336
1591270
1591206
1591155
1591095
1591016
1590923
1590847
1590782
1590704
1590623
1590543
1590479
1590428
1590373
1590324
1590294
1590278
1590252
1590221
1590204
1590203
1590201
1590192
1590178
1590154
1590142
1590123
1590106
1590122
1590147
1590169
1590153
1590132
1590148
1590168
1590182
1590174
1590151
1590127
1590078
1590013
1589938
1589871
1589795
1589677
1589570
1589503
1589450
1589398
1589336
1589302
1589282
1589233
1589206
1589198
1589195
1589200
1589172
1589146
1589142
1589152
1589184
1589211
1589245
1589268
1589259
1589270
1589293
1589312
1589322
1589295
1589270
1589272
1589274
1589274
1589277
1589296
1589332
1589343
1589345
1589389
1589463
1589555
1589646
1589740
1589856
1589985
1590123
1590262
1590424
1590611
1590783
1590951
1591138
1591335
1591524
1591672
1591805
1591957
1592096
1592215
1592316
1592410
1592504
1592551
1592579
1592640
1592693
1592725
1592723
1592712
1592721
1592698
1592654
1592605
1592525
1592433
1592329
1592200
1592069
1591969
1591894
1591802
1591701
1591614
1591538
1591474
1591428
1591397
1591372
1591329
1591260
1591206
1591177
1591159
1591134
1591105
1591099
1591079
1591032
1590996
1590969
1590937
1590866
1590765
1590664
1590550
1590438
1590311
1590153
1589994
1589828
1589669
1589515
1589357
1589226
1589078
1588908
1588755
1588612
1588490
1588358
1588224
1588116
1588012
1587913
1587833
1587783
1587737
1587672
1587596
1587554
1587555
1587564
1587590
1587632
1587684
1587733
1587762
1587798
1587860
1587935
1588015
1588097
1588198
1588330
1588481
1588646
1588826
1589029
1589242
1589440
1589628
1589830
1590027
1590197
1590358
1590514
1590662
1590812
1590945
1591053
1591151
1591233
1591288
1591325
1591355
1591392
1591417
1591387
1591327
1591266
1591204
1591134
1591060
1591016
1590973
1590917
1590872
1590839
1590829
1590808
1590767
1590728
1590696
1590669
1590642
1590614
1590589
1590584
1590562
1590513
1590491
1590483
1590460
1590415
1590362
1590321
1590289
1590247
1590186
1590155
1590145
1590120
1590095
1590084
1590095
1590094
1590062
1590039
1590038
1590041
1590027
1589996
1589998
1590026
1590033
1590030
1590043
1590085
1590134
1590160
1590171
1590184
1590206
1590210
1590180
1590156
1590140
1590103
1590042
1589985
1589953
1589913
1589852
1589780
1589697
1589620
1589520
1589401
1589304
1589208
1589097
1588967
1588841
1588739
1588630
1588516
1588415
1588321
1588243
1588179
1588115
1588077
1588056
1588037
1588031
1588046
1588095
1588161
1588235
1588330
1588446
1588568
1588684
1588800
1588919
1589047
1589171
1589278
1589370
1589449
1589516
1589553
1589573
1589593
1589593
1589566
1589511
1589447
1589390
1589317
1589225
1589134
1589051
1588977
1588891
1588802
1588742
1588680
1588615
1588552
1588495
1588474
1588447
1588433
1588451
1588467
1588494
1588508
1588527
1588584
1588641
1588691
1588721
1588756
1588802
1588834
1588859
1588894
1588944
1588982
1589007
1589046
1589113
1589197
1589270
1589321
1589372
1589436
1589486
1589530
1589582
1589641
1589715
1589765
1589782
1589817
1589864
1589899
1589918
1589927
1589940
1589953
1589948
1589941
1589962
1589989
1589995
1589997
1590008
1590026
1590032
1590022
1590007
1590016
1590024
1590001
1589997
1590012
1590011
1589986
1589953
1589944
1589944
1589931
1589914
1589918
1589943
1589955
1589970
1590015
1590081
1590145
1590188
1590226
1590279
1590349
1590408
1590444
1590476
1590523
1590564
1590596
1590650
1590704
1590754
1590798
1590821
1590856
1590903
1590945
1590960
1590962
1590985
1590989
1590970
1590975
1591010
1591052
1591076
1591104
1591157
1591213
1591270
1591331
1591406
1591518
1591619
1591700
1591806
1591922
1592031
1592123
1592180
1592240
1592294
1592315
1592335
1592340
1592331
1592310
1592250
1592193
1592156
1592112
1592048
1591976
1591915
1591867
1591839
1591809
1591792
1591798
1591778
1591751
1591730
1591727
1591759
1591771
1591757
1591744
1591712
1591678
1591624
1591541
1591476
1591400
1591296
1591197
1591116
1591053
1590983
1590884
1590775
1590683
1590596
1590494
1590394
1590328
1590299
1590251
1590189
1590147
1590118
1590087
1590055
1590036
1590040
1590053
1590065
1590098
1590161
1590228
1590266
1590285
1590327
1590370
1590394
1590402
1590393
1590390
1590388
1590347
1590292
1590266
1590232
1590163
1590073
1589974
1589889
1589817
1589750
1589696
1589637
1589595
1589560
1589525
1589539
1589573
1589592
1589626
1589701
1589796
1589886
1589988
1590098
1590206
1590319
1590407
1590482
1590592
1590698
1590769
1590828
1590877
1590923
1590952
1590946
1590930
1590896
1590837
1590754
1590654
1590586
1590528
1590438
1590349
1590271
1590202
1590131
1590060
1590014
1589976
1589922
1589866
1589812
1589774
1589750
1589714
1589666
1589623
1589590
1589571
1589563
1589549
1589532
1589531
1589522
1589486
1589475
1589492
1589486
1589447
1589404
1589377
1589344
1589300
1589280
1589280
1589285
1589293
1589285
1589301
1589352
1589391
1589417
1589447
1589479
1589511
1589545
1589590
1589657
1589723
1589762
1589799
1589839
1589892
1589950
1589984
1590015
1590057
1590085
1590086
1590089
1590116
1590140
1590116
1590066
1590051
1590047
1590040
1590035
1590016
1590012
1590000
1589989
1590001
1590023
1590049
1590044
1590011
1589977
1589962
1589959
1589953
1589973
1590000
1590007
1589993
1589972
1589977
1589994
1589980
1589946
1589926
1589922
1589931
1589948
1589963
1589974
1589972
1589963
1589967
1590000
1590051
1590084
1590081
1590087
1590131
1590190
1590260
1590344
1590421
1590463
1590492
1590541
1590607
1590700
1590786
1590841
1590909
1591003
1591104
1591209
1591309
1591405
1591513
1591613
1591703
1591807
1591924
1592036
1592111
1592156
1592215
1592280
1592320
1592345
1592359
1592368
1592363
1592321
1592283
1592265
1592230
1592158
1592069
1592006
1591960
1591919
1591878
1591838
1591814
1591797
1591785
1591793
1591824
1591862
1591877
1591883
1591901
1591937
1591980
1592022
1592083
1592137
1592160
1592180
1592221
1592274
1592306
1592300
1592273
1592240
1592206
1592158
1592101
1592052
1592003
1591932
1591843
1591772
1591729
1591696
1591645
1591567
1591494
1591429
1591342
1591249
1591173
1591084
1590971
1590845
1590726
1590633
1590551
1590460
1590366
1590280
1590190
1590105
1590034
1589973
1589932
1589870
1589798
1589762
1589730
1589691
1589646
1589603
1589567
1589518
1589465
1589419
1589395
1589385
1589348
1589306
1589288
1589271
1589252
1589228
1589214
1589212
1589178
1589123
1589078
1589050
1589023
1588969
1588898
1588843
1588794
1588746
1588713
1588683
1588664
1588650
1588626
1588607
1588618
1588654
1588674
1588679
1588706
1588757
1588799
1588847
1588928
1589030
1589130
1589220
1589318
1589438
1589583
1589711
1589803
1589909
1590023
1590122
1590221
1590327
1590435
1590527
1590598
1590666
1590750
1590849
1590926
1590970
1591023
1591082
1591126
1591167
1591205
1591259
1591300
1591292
1591287
1591296
1591319
1591324
1591292
1591297
1591318
1591325
1591338
1591364
1591423
1591484
1591530
1591575
1591629
1591682
1591726
1591762
1591808
1591892
1591982
1592062
1592159
1592274
1592390
1592483
1592567
1592658
1592756
1592841
1592889
1592926
1592971
1593005
1593006
1592996
1592998
1592982
1592938
1592882
1592833
1592785
1592715
1592641
1592576
1592526
1592486
1592420
1592359
1592338
1592327
1592314
1592299
1592289
1592293
1592293
1592294
1592307
1592338
1592374
1592378
1592371
1592392
1592417
1592423
1592421
1592422
1592416
1592402
1592372
1592335
1592310
1592265
1592191
1592124
1592066
1592005
1591942
1591865
1591780
1591707
1591612
1591480
1591354
1591251
1591160
1591050
1590923
1590808
1590718
1590636
1590542
1590455
1590393
1590342
1590278
1590221
1590191
1590165
1590137
1590101
1590075
1590071
1590073
1590074
1590067
1590078
1590086
1590087
1590116
1590140
1590170
1590191
1590177
1590198
1590225
1590242
1590263
1590275
1590310
1590351
1590382
1590414
1590466
1590561
1590660
1590743
1590841
1590943
1591047
1591166
1591273
1591380
1591482
1591555
1591624
1591695
1591759
1591804
1591817
1591824
1591823
1591789
1591737
1591693
1591648
1591592
1591517
1591437
1591387
1591349
1591297
1591226
1591152
1591094
1591041
1590997
1590959
1590953
1590978
1590995
1591016
1591048
1591096
1591147
1591187
1591245
1591315
1591360
1591395
1591426
1591463
1591503
1591509
1591505
1591530
1591568
1591596
1591612
1591627
1591638
1591620
1591585
1591548
1591520
1591491
1591419
1591329
1591252
1591173
1591102
1591016
1590924
1590842
1590749
1590656
1590571
1590501
1590430
1590331
1590235
1590163
1590105
1590033
1589944
1589876
1589791
1589697
1589599
1589503
1589429
1589301
1589230
1589140
1588994
1588959
1588850
1588726
1588685
1588606
1588529
1588461
1588392
1588355
1588343
1588303
1588275
1588252
1588224
1588241
1588207
1588190
1588200
1588141
1588135
1588129
1588110
1588144
1588142
1588169
1588227
1588278
1588377
1588425
1588457
1588531
1588591
1588668
1588708
1588799
1588915
1588947
1589075
1589191
1589277
1589408
1589474
1589565
1589641
1589731
1589835
1589889
1589975
1590050
1590140
1590186
1590175
1590188
1590201
1590220
1590202
1590202
1590188
1590140
1590114
1590092
1590116
1590084
1590036
1590028
1590011
1590025
1590010
1589977
1589998
1590037
1590031
1590018
1590026
1590034
1590043
1590026
1590013
1589994
1589980
1589959
1589909
1589919
1589931
1589918
1589914
1589902
1589915
1589916
1589909
1589923
1589923
1589937
1589947
1589954
1589989
1590001
1589998
1590005
1590023
1590061
1590117
1590180
1590261
1590354
1590425
1590465
1590499
1590560
1590614
1590624
1590643
1590694
1590751
1590791
1590812
1590854
1590894
1590907
1590923
1590938
1590968
1591002
1591003
1591007
1591016
1591015
1591015
1591007
1591010
1591016
1590998
1590966
1590927
1590899
1590883
1590858
1590833
1590815
1590788
1590733
1590673
1590635
1590617
1590602
1590571
1590531
1590519
1590517
1590521
1590535
1590553
1590604
1590639
1590665
1590739
1590820
1590885
1590926
1590963
1591032
1591122
1591210
1591276
1591349
1591437
1591507
1591565
1591624
1591695
1591777
1591830
1591850
1591879
1591922
1591945
1591951
1591975
1591999
1591993
1591970
1591961
1591985
1591986
1591930
1591879
1591852
1591844
1591829
1591798
1591799
1591818
1591814
1591780
1591773
1591810
1591831
1591818
1591800
1591808
1591824
1591815
1591776
1591740
1591709
1591642
1591560
1591485
1591415
1591339
1591231
1591108
1590994
1590903
1590814
1590709
1590603
1590491
1590379
1590266
1590158
1590081
1590022
1589956
1589868
1589797
1589758
1589712
1589674
1589639
1589605
1589574
1589503
1589450
1589451
1589457
1589451
1589437
1589441
1589448
1589434
1589439
1589465
1589475
1589451
1589404
1589380
1589391
1589402
1589391
1589377
1589384
1589386
1589369
1589377
1589418
1589455
1589491
1589512
1589521
1589541
1589566
1589601
1589613
1589622
1589634
1589622
1589635
1589649
1589659
1589677
1589665
1589650
1589647
1589664
1589683
1589681
1589701
1589724
1589718
1589709
1589706
1589714
1589729
1589723
1589712
1589723
1589739
1589743
1589737
1589743
1589763
1589782
1589815
1589856
1589897
1589925
1589932
1589945
1589973
1590036
1590097
1590128
1590181
1590241
1590285
1590327
1590397
1590486
1590553
1590616
1590686
1590780
1590906
1591023
1591127
1591246
1591370
1591471
1591556
1591652
1591768
1591875
1591947
1591998
1592051
1592124
1592191
1592217
1592237
1592262
1592249
1592209
1592166
1592123
1592073
1591988
1591913
1591869
1591832
1591807
1591758
1591700
1591634
1591597
1591591
1591484
1591362
1591302
1591252
1591204
1591131
1591087
1591067
1591032
1591002
1590953
1590882
1590816
1590758
1590707
1590664
1590619
1590567
1590526
1590482
1590416
1590345
1590348
1590344
1590225
1590147
1590109
1590030
1589951
1589845
1589775
1589735
1589652
1589569
1589475
1589379
1589331
1589235
1589003
1588856
1588891
1588722
1588350
1588216
1588286
1588316
1588121
1587780
1587767
1587904
1587818
1587673
1587510
1587361
1587229
1587191
1587279
1587257
1587289
1587340
1587174
1587094
1587128
1587142
1587218
1587267
1587273
1587300
1587373
1587491
1587577
1587657
1587735
1587771
1587845
1587978
1588126
1588268
1588373
1588480
1588598
1588713
1588825
1588891
1588972
1589092
1589221
1589343
1589436
1589550
1589635
1589677
1589753
1589818
1589885
1589981
1590067
1590173
1590306
1590369
1590400
1590529
1590684
1590807
1590946
1591091
1591220
1591311
1591406
1591540
1591672
1591787
1591873
1591940
1592045
1592155
1592214
1592260
1592316
1592381
1592461
1592499
1592509
1592576
1592643
1592644
1592619
1592611
1592641
1592662
1592649
1592641
1592633
1592621
1592586
1592548
1592557
1592582
1592597
1592591
1592578
1592595
1592611
1592641
1592720
1592768
1592765
1592788
1592859
1592936
1592991
1593053
1593149
1593263
1593380
1593497
1593634
1593788
1593918
1594036
1594162
1594291
1594393
1594476
1594641
1594811
1594894
1594987
1595084
1595189
1595312
1595376
1595405
1595443
1595452
1595474
1595533
1595503
1595436
1595409
1595343
1595279
1595226
1595158
1595090
1594991
1594868
1594746
1594643
1594539
1594406
1594257
1594121
1593992
1593839
1593693
1593563
1593434
1593296
1593123
1592943
1592792
1592651
1592465
1592269
1592104
1591912
1591705
1591492
1591276
1591092
1590892
1590656
1590425
1590246
1590097
1589931
1589751
1589556
1589385
1589233
1589074
1588931
1588778
1588620
1588479
1588358
1588256
1588147
1588025
1587913
1587852
1587831
1587760
1587661
1587607
1587578
1587559
1587526
1587489
1587489
1587503
1587485
1587463
1587486
1587531
1587559
1587564
1587601
1587685
1587731
1587746
1587787
1587845
1587896
1587917
1587935
1587988
1588051
1588098
1588141
1588215
1588316
1588409
1588488
1588569
1588673
1588781
1588867
1588940
1589023
1589100
1589152
1589202
1589263
1589331
1589387
1589420
1589465
1589522
1589563
1589582
1589603
1589648
1589691
1589727
1589772
1589843
1589936
1590022
1590100
1590178
1590278
1590399
1590512
1590632
1590756
1590865
1590957
1591042
1591129
1591215
1591314
1591414
1591505
1591606
1591710
1591804
1591876
1591939
1592014
1592085
1592135
1592165
1592194
1592248
1592297
1592297
1592293
1592308
1592297
1592261
1592231
1592192
1592134
1592063
1591992
1591935
1591889
1591826
1591749
1591686
1591623
1591539
1591444
1591379
1591333
1591262
1591172
1591083
1591011
1590937
1590840
1590748
1590650
1590544
1590437
1590306
1590191
1590084
1589951
1589811
1589668
1589537
1589412
1589271
1589148
1589049
1588958
1588875
1588789
1588733
1588722
1588698
1588664
1588644
1588643
1588667
1588688
1588730
1588816
1588897
1588972
1589043
1589122
1589224
1589303
1589366
1589436
1589504
1589583
1589661
1589736
1589833
1589934
1590016
1590092
1590189
1590320
1590450
1590557
1590674
1590804
1590919
1591024
1591127
1591245
1591378
1591501
1591616
1591736
1591878
1592024
1592158
1592291
1592421
1592549
1592662
1592770
1592909
1593054
1593147
1593193
1593237
1593290
1593340
1593376
1593402
1593434
1593460
1593456
1593449
1593467
1593487
1593505
1593504
1593480
1593474
1593455
1593410
1593389
1593381
1593357
1593301
1593239
1593203
1593175
1593129
1593051
1592968
1592896
1592803
1592685
1592574
1592468
1592351
1592213
1592064
1591936
1591824
1591674
1591489
1591311
1591137
1590941
1590728
1590526
1590348
1590161
1589955
1589739
1589538
1589367
1589202
1589016
1588827
1588669
1588514
1588369
1588264
1588173
1588084
1587996
1587905
1587846
1587792
1587706
1587615
1587536
1587478
1587416
1587318
1587196
1587078
1586965
1586820
1586660
1586539
1586422
1586298
1586189
1586061
1585936
1585821
1585680
1585558
1585466
1585383
1585301
1585201
1585133
1585107
1585081
1585048
1585019
1585018
1585003
1584996
1585049
1585109
1585175
1585245
1585299
1585374
1585489
1585608
1585718
1585831
1585962
1586113
1586242
1586372
1586551
1586728
1586882
1587029
1587178
1587354
1587547
1587719
1587869
1588042
1588222
1588377
1588535
1588699
1588861
1589010
1589131
1589237
1589336
1589442
1589535
1589599
1589662
1589711
1589741
1589757
1589772
1589800
1589808
1589793
1589774
1589756
1589745
1589718
1589698
1589708
1589711
1589704
1589702
1589729
1589787
1589836
1589859
1589901
1589967
1590027
1590083
1590134
1590198
1590264
1590303
1590339
1590392
1590481
1590562
1590602
1590659
1590729
1590796
1590855
1590891
1590953
1591027
1591079
1591113
1591138
1591182
1591216
1591221
1591210
1591197
1591195
1591181
1591160
1591155
1591160
1591130
1591083
1591050
1591011
1590987
1590956
1590927
1590911
1590881
1590863
1590852
1590854
1590858
1590831
1590810
1590819
1590827
1590835
1590835
1590835
1590859
1590876
1590887
1590917
1590963
1590997
1590999
1591011
1591043
1591073
1591085
1591094
1591137
1591181
1591198
1591216
1591232
1591278
1591356
1591397
1591412
1591431
1591453
1591458
1591420
1591395
1591393
1591371
1591324
1591250
1591177
1591134
1591079
1590988
1590894
1590818
1590748
1590647
1590537
1590448
1590361
1590262
1590142
1590035
1589958
1589882
1589787
1589676
1589588
1589518
1589436
1589350
1589275
1589200
1589124
1589040
1588951
1588886
1588816
1588752
1588702
1588651
1588615
1588560
1588499
1588455
1588414
1588379
1588315
1588246
1588206
1588166
1588123
1588080
1588043
1587994
1587917
1587864
1587858
1587855
1587825
1587774
1587747
1587745
1587717
1587684
1587668
1587640
1587612
1587583
1587566
1587603
1587651
1587677
1587692
1587713
1587753
1587803
1587861
1587929
1588036
1588165
1588290
1588414
1588557
1588727
1588869
1588989
1589127
1589271
1589420
1589561
1589718
1589891
1590053
1590199
1590322
1590463
1590633
1590789
1590932
1591071
1591216
1591377
1591538
1591680
1591798
1591899
1591999
1592098
1592207
1592342
1592463
1592556
1592641
1592735
1592841
1592937
1593012
1593082
1593173
1593259
1593319
1593407
1593501
1593563
1593608
1593636
1593656
1593679
1593702
1593725
1593751
1593777
1593760
1593693
1593636
1593629
1593633
1593595
1593515
1593447
1593407
1593361
1593303
1593228
1593167
1593101
1592972
1592858
1592785
1592708
1592620
1592516
1592413
1592308
1592213
1592106
1591991
1591893
1591752
1591583
1591440
1591328
1591243
1591123
1590948
1590797
1590678
1590539
1590388
1590254
1590127
1589983
1589837
1589717
1589625
1589551
1589447
1589325
1589238
1589151
1589044
1588921
1588792
1588688
1588584
1588461
1588333
1588214
1588115
1588009
1587900
1587806
1587722
1587628
1587516
1587444
1587443
1587443
1587394
1587348
1587356
1587402
1587440
1587465
1587519
1587591
1587640
1587687
1587778
1587899
1588014
1588094
1588148
1588223
1588310
1588366
1588378
1588391
1588427
1588445
1588436
1588433
1588478
1588524
1588529
1588564
1588631
1588702
1588777
1588870
1589003
1589133
1589257
1589403
1589540
1589690
1589850
1589999
1590150
1590300
1590448
1590587
1590734
1590884
1591011
1591116
1591201
1591302
1591414
1591524
1591639
1591732
1591823
1591916
1591994
1592086
1592197
1592309
1592401
1592488
1592598
1592705
1592792
1592871
1592960
1593064
1593148
1593209
1593270
1593328
1593376
1593401
1593412
1593426
1593441
1593459
1593452
1593430
1593420
1593412
1593393
1593372
1593377
1593384
1593360
1593315
1593267
1593238
1593197
1593136
1593094
1593055
1593027
1592994
1592938
1592896
1592855
1592788
1592696
1592614
1592547
1592470
1592390
1592310
1592229
1592156
1592092
1592020
1591944
1591863
1591761
1591662
1591585
1591525
1591454
1591375
1591317
1591264
1591214
1591170
1591101
1591061
1591051
1591001
1590952
1590928
1590903
1590876
1590845
1590809
1590785
1590758
1590705
1590650
1590604
1590572
1590546
1590501
1590445
1590398
1590352
1590284
1590218
1590180
1590159
1590135
1590085
1590034
1590015
1590004
1589981
1589946
1589916
1589906
1589895
1589883
1589891
1589928
1589961
1589970
1589997
1590052
1590115
1590169
1590200
1590234
1590288
1590333
1590366
1590410
1590481
1590554
1590587
1590616
1590661
1590714
1590759
1590779
1590825
1590869
1590879
1590905
1590966
1591057
1591138
1591198
1591260
1591353
1591479
1591591
1591701
1591826
1591959
1592071
1592163
1592288
1592432
1592547
1592631
1592711
1592812
1592903
1592960
1593021
1593086
1593136
1593156
1593143
1593151
1593189
1593221
1593232
1593237
1593256
1593288
1593314
1593325
1593349
1593374
1593365
1593359
1593371
1593389
1593415
1593420
1593399
1593394
1593392
1593358
1593324
1593300
1593248
1593170
1593060
1592948
1592884
1592824
1592725
1592600
1592472
1592361
1592258
1592159
1592061
1591937
1591801
1591664
1591548
1591469
1591383
1591283
1591186
1591114
1591036
1590930
1590856
1590804
1590747
1590664
1590567
1590486
1590403
1590326
1590247
1590166
1590096
1589997
1589877
1589790
1589736
1589678
1589582
1589452
1589347
1589264
1589180
1589093
1589008
1588948
1588880
1588778
1588679
1588599
1588519
1588426
1588342
1588280
1588208
1588132
1588073
1588007
1587952
1587910
1587862
1587840
1587841
1587842
1587826
1587812
1587829
1587850
1587868
1587890
1587908
1587941
1587980
1588007
1588043
1588103
1588168
1588237
1588295
1588359
1588458
1588560
1588664
1588758
1588843
1588944
1589017
1589080
1589181
1589279
1589341
1589368
1589402
1589470
1589538
1589603
1589643
1589661
1589706
1589739
1589749
1589771
1589807
1589846
1589861
1589867
1589877
1589887
1589908
1589929
1589961
1589996
1590011
1590011
1590006
1590022
1590063
1590080
1590070
1590079
1590106
1590125
1590116
1590104
1590107
1590092
1590049
1590011
1590008
1590017
1589997
1589964
1589955
1589964
1589955
1589927
1589913
1589914
1589899
1589863
1589830
1589824
1589841
1589845
1589839
1589864
1589901
1589918
1589935
1589984
1590054
1590103
1590114
1590122
1590163
1590192
1590176
1590142
1590119
1590101
1590048
1589953
1589862
1589800
1589720
1589611
1589513
1589415
1589318
1589214
1589082
1588967
1588880
1588796
1588699
1588606
1588568
1588543
1588498
1588471
1588464
1588481
1588523
1588565
1588617
1588705
1588803
1588881
1588960
1589044
1589125
1589191
1589247
1589318
1589392
1589455
1589518
1589605
1589688
1589740
1589780
1589826
1589877
1589917
1589949
1589972
1589995
1590033
1590055
1590071
1590116
1590163
1590190
1590224
1590275
1590352
1590433
1590488
1590551
1590634
1590711
1590768
1590822
1590899
1590976
1591034
1591071
1591096
1591151
1591213
1591239
1591255
1591276
1591297
1591306
1591302
1591316
1591335
1591340
1591330
1591321
1591343
1591373
1591374
1591358
1591336
1591311
1591267
1591224
1591213
1591206
1591186
1591132
1591063
1591028
1590971
1590900
1590850
1590793
1590740
1590672
1590582
1590515
1590487
1590453
1590369
1590278
1590205
1590144
1590084
1590023
1589981
1589939
1589908
1589884
1589862
1589862
1589874
1589871
1589847
1589844
1589847
1589832
1589851
1589874
1589879
1589886
1589865
1589868
1589920
1589971
1589992
1589993
1590019
1590050
1590078
1590120
1590165
1590213
1590262
1590310
1590365
1590446
1590532
1590585
1590640
1590717
1590787
1590843
1590908
1590989
1591068
1591139
1591177
1591214
1591293
1591367
1591421
1591474
1591537
1591609
1591674
1591732
1591793
1591863
1591909
1591924
1591953
1591996
1592037
1592057
1592046
1592048
1592057
1592064
1592069
1592061
1592062
1592066
1592051
1592034
1592031
1592047
1592059
1592058
1592066
1592060
1592049
1592050
1592043
1592053
1592072
1592046
1592001
1591985
1591988
1591970
1591927
1591909
1591909
1591898
1591881
1591858
1591843
1591823
1591767
1591718
1591696
1591650
1591569
1591476
1591405
1591339
1591240
1591148
1591082
1591025
1590954
1590856
1590774
1590716
1590666
1590594
1590505
1590453
1590419
1590364
1590303
1590271
1590257
1590229
1590188
1590150
1590126
1590126
1590141
1590132
1590126
1590160
1590177
1590171
1590183
1590220
1590259
1590265
1590264
1590265
1590266
1590277
1590254
1590239
1590247
1590216
1590166
1590147
1590153
1590136
1590101
1590076
1590061
1590058
1590036
1590004
1589972
1589953
1589932
1589895
1589891
1589884
1589851
1589842
1589819
1589785
1589763
1589714
1589683
1589690
1589676
1589651
1589620
1589619
1589649
1589659
1589666
1589681
1589705
1589731
1589741
1589743
1589768
1589821
1589846
1589848
1589858
1589865
1589871
1589868
1589886
1589928
1589963
1589993
1590001
1590012
1590041
1590047
1590028
1589995
1589986
1589988
1589962
1589931
1589920
1589926
1589937
1589942
1589967
1590021
1590087
1590154
1590219
1590296
1590383
1590459
1590535
1590617
1590702
1590788
1590863
1590964
1591086
1591178
1591255
1591339
1591434
1591534
1591629
1591732
1591846
1591953
1592057
1592153
1592246
1592359
1592467
1592551
1592662
1592805
1592934
1593041
1593162
1593294
1593405
1593492
1593543
1593609
1593733
1593833
1593890
1593954
1594033
1594119
1594186
1594236
1594324
1594425
1594506
1594575
1594635
1594732
1594830
1594879
1594921
1594966
1595017
1595034
1595016
1595045
1595082
1595082
1595063
1595017
1594985
1594961
1594904
1594838
1594776
1594718
1594638
1594533
1594450
1594385
1594289
1594153
1594005
1593864
1593728
1593577
1593408
1593252
1593104
1592928
1592729
1592549
1592397
1592235
1592037
1591839
1591675
1591530
1591389
1591257
1591135
1591007
1590849
1590677
1590544
1590433
1590310
1590166
1590016
1589887
1589747
1589582
1589425
1589285
1589125
1588915
1588710
1588543
1588397
1588235
1588022
1587828
1587678
1587511
1587322
1587150
1587010
1586873
1586719
1586554
1586421
1586333
1586245
1586150
1586068
1586004
1585940
1585880
1585836
1585795
1585765
1585725
1585670
1585639
1585635
1585631
1585620
1585623
1585635
1585641
1585648
1585656
1585664
1585687
1585715
1585725
1585737
1585778
1585836
1585881
1585918
1585965
1586012
1586077
1586153
1586234
1586318
1586385
1586439
1586507
1586594
1586681
1586775
1586885
1587007
1587119
1587220
1587356
1587512
1587648
1587767
1587881
1588017
1588154
1588280
1588409
1588539
1588680
1588805
1588923
1589059
1589198
1589333
1589447
1589545
1589646
1589762
1589892
1590015
1590144
1590281
1590413
1590539
1590672
1590821
1590977
1591129
1591266
1591397
1591550
1591689
1591813
1591959
1592108
1592251
1592383
1592511
1592662
1592808
1592928
1593035
1593141
1593236
1593322
1593421
1593501
1593580
1593671
1593727
1593766
1593821
1593898
1593961
1593967
1593977
1594009
1594030
1594028
1593990
1593977
1593985
1593942
1593902
1593882
1593850
1593806
1593749
1593686
1593619
1593555
1593484
1593393
1593314
1593243
1593145
1593034
1592919
1592812
1592715
1592578
1592425
1592293
1592172
1592038
1591876
1591731
1591600
1591454
1591301
1591137
1590975
1590824
1590643
1590457
1590309
1590144
1589970
1589798
1589641
1589536
1589415
1589285
1589172
1589067
1588993
1588911
1588804
1588715
1588654
1588588
1588496
1588430
1588407
1588372
1588328
1588306
1588300
1588303
1588298
1588297
1588314
1588328
1588325
1588296
1588292
1588332
1588380
1588428
1588468
1588518
1588585
1588641
1588688
1588742
1588797
1588847
1588898
1588951
1589026
1589102
1589150
1589209
1589285
1589348
1589393
1589430
1589479
1589541
1589580
1589594
1589607
1589630
1589657
1589680
1589693
1589695
1589692
1589691
1589709
1589755
1589782
1589792
1589801
1589810
1589848
1589908
1589962
1590005
1590035
1590065
1590098
1590117
1590144
1590188
1590223
1590229
1590223
1590244
1590281
1590301
1590301
1590310
1590335
1590334
1590322
1590314
1590313
1590315
1590276
1590228
1590194
1590167
1590149
1590124
1590105
1590090
1590047
1589998
1589987
1590002
1589999
1589967
1589929
1589905
1589896
1589892
1589893
1589897
1589902
1589901
1589900
1589929
1589971
1589998
1589996
1589981
1590008
1590048
1590057
1590072
1590096
1590099
1590097
1590093
1590095
1590111
1590116
1590114
1590126
1590154
1590182
1590204
1590243
1590293
1590327
1590343
1590356
1590362
1590375
1590410
1590415
1590394
1590384
1590364
1590342
1590315
1590281
1590261
1590237
1590199
1590186
1590181
1590163
1590146
1590115
1590089
1590076
1590056
1590027
1589998
1589987
1589970
1589928
1589895
1589880
1589881
1589866
1589808
1589771
1589763
1589738
1589713
1589695
1589703
1589714
1589686
1589676
1589679
1589682
1589673
1589638
1589622
1589600
1589570
1589553
1589537
1589535
1589521
1589491
1589460
1589427
1589403
1589380
1589345
1589323
1589313
1589290
1589279
1589293
1589308
1589314
1589303
1589297
1589307
1589315
1589314
1589314
1589348
1589388
1589415
1589448
1589490
1589551
1589612
1589644
1589672
1589735
1589819
1589885
1589923
1589976
1590045
1590097
1590140
1590181
1590250
1590320
1590343
1590361
1590399
1590443
1590470
1590486
1590523
1590566
1590588
1590595
1590603
1590635
1590665
1590649
1590617
1590601
1590596
1590582
1590557
1590545
1590551
1590545
1590521
1590526
1590561
1590592
1590615
1590621
1590656
1590710
1590736
1590757
1590791
1590847
1590890
1590913
1590957
1591017
1591076
1591101
1591124
1591175
1591217
1591247
1591280
1591328
1591389
1591429
1591459
1591493
1591527
1591561
1591574
1591583
1591615
1591633
1591642
1591664
1591701
1591753
1591789
1591809
1591841
1591885
1591933
1591979
1592028
1592061
1592068
1592080
1592101
1592126
1592151
1592167
1592167
1592162
1592168
1592162
1592137
1592120
1592100
1592078
1592057
1592018
1591977
1591945
1591898
1591834
1591777
1591738
1591701
1591653
1591603
1591568
1591522
1591456
1591380
1591304
1591237
1591153
1591058
1590968
1590877
1590784
1590675
1590569
1590488
1590393
1590277
1590170
1590078
1590004
1589937
1589871
1589806
1589747
1589695
1589630
1589579
1589557
1589538
1589517
1589483
1589469
1589490
1589495
1589490
1589483
1589477
1589485
1589478
1589479
1589502
1589516
1589516
1589495
1589483
1589508
1589523
1589508
1589492
1589475
1589456
1589430
1589401
1589397
1589404
1589390
1589359
1589342
1589341
1589337
1589331
1589329
1589337
1589336
1589310
1589295
1589300
1589332
1589352
1589326
1589321
1589343
1589367
1589395
1589425
1589466
1589512
1589545
1589567
1589616
1589688
1589733
1589755
1589788
1589847
1589909
1589951
1589992
1590037
1590083
1590103
1590104
1590138
1590181
1590207
1590222
1590224
1590250
1590290
1590304
1590314
1590348
1590399
1590426
1590440
1590493
1590557
1590611
1590658
1590696
1590749
1590794
1590831
1590869
1590904
1590954
1590978
1590992
1591058
1591143
1591223
1591285
1591323
1591371
1591413
1591447
1591486
1591531
1591568
1591585
1591603
1591632
1591679
1591725
1591731
1591731
1591756
1591771
1591770
1591765
1591763
1591763
1591744
1591694
1591649
1591620
1591578
1591512
1591420
1591343
1591278
1591182
1591089
1590999
1590912
1590811
1590685
1590587
1590508
1590443
1590361
1590253
1590177
1590108
1590035
1589979
1589927
1589897
1589861
1589802
1589765
1589754
1589749
1589725
1589683
1589663
1589647
1589625
1589619
1589620
1589602
1589575
1589551
1589529
1589511
1589495
1589485
1589482
1589483
1589494
1589512
1589543
1589589
1589655
1589723
1589768
1589817
1589890
1589968
1590027
1590066
1590124
1590179
1590204
1590223
1590252
1590284
1590293
1590283
1590269
1590268
1590281
1590269
1590247
1590236
1590206
1590169
1590136
1590112
1590097
1590078
1590058
1590044
1590048
1590061
1590067
1590078
1590115
1590152
1590173
1590210
1590272
1590346
1590413
1590471
1590535
1590595
1590660
1590718
1590762
1590829
1590901
1590958
1591012
1591065
1591121
1591163
1591177
1591197
1591235
1591264
1591287
1591308
1591334
1591364
1591371
1591361
1591379
1591414
1591436
1591438
1591445
1591480
1591507
1591533
1591558
1591568
1591603
1591626
1591622
1591627
1591656
1591700
1591714
1591725
1591744
1591750
1591769
1591760
1591743
1591753
1591741
1591703
1591674
1591643
1591622
1591600
1591547
1591508
1591477
1591428
1591373
1591323
1591304
1591287
1591257
1591230
1591194
1591180
1591159
1591120
1591119
1591139
1591150
1591157
1591180
1591237
1591294
1591329
1591365
1591424
1591492
1591555
1591622
1591701
1591771
1591821
1591850
1591890
1591947
1591975
1591987
1591998
1592009
1592023
1592022
1592020
1592032
1592042
1592025
1591988
1591979
1591989
1591987
1591966
1591940
1591939
1591935
1591915
1591898
1591896
1591902
1591886
1591845
1591809
1591804
1591797
1591773
1591755
1591738
1591725
1591702
1591672
1591663
1591657
1591639
1591598
1591559
1591553
1591541
1591508
1591486
1591470
1591445
1591420
1591396
1591386
1591397
1591387
1591346
1591302
1591268
1591236
1591189
1591128
1591072
1591014
1590934
1590857
1590807
1590756
1590703
1590648
1590597
1590578
1590555
1590521
1590503
1590489
1590464
1590428
1590406
1590409
1590414
1590418
1590413
1590398
1590409
1590436
1590446
1590450
1590469
1590492
1590498
1590502
1590522
1590546
1590550
1590539
1590524
1590505
1590488
1590474
1590467
1590463
1590455
1590437
1590406
1590401
1590415
1590423
1590417
1590390
1590389
1590395
1590388
1590414
1590438
1590444
1590428
1590396
1590407
1590424
1590403
1590377
1590348
1590331
1590320
1590305
1590301
1590301
1590304
1590290
1590262
1590262
1590276
1590276
1590253
1590226
1590214
1590193
1590167
1590145
1590133
1590117
1590067
1590002
1589955
1589936
1589913
1589857
1589805
1589776
1589733
1589675
1589630
1589606
1589596
1589561
1589504
1589473
1589461
1589457
1589440
1589414
1589416
1589423
1589430
1589448
1589482
1589528
1589564
1589573
1589586
1589627
1589669
1589691
1589688
1589694
1589709
1589695
1589679
1589679
1589686
1589688
1589663
1589630
1589620
1589621
1589599
1589556
1589530
1589509
1589470
1589428
1589387
1589365
1589360
1589332
1589303
1589291
1589280
1589273
1589260
1589261
1589276
1589272
1589268
1589276
1589306
1589353
1589377
1589389
1589411
1589445
1589478
1589491
1589513
1589555
1589572
1589572
1589599
1589649
1589690
1589706
1589731
1589774
1589830
1589878
1589908
1589947
1590001
1590047
1590052
1590053
1590100
1590148
1590163
1590163
1590179
1590213
1590235
1590252
1590273
1590312
1590356
1590382
1590411
1590460
1590502
1590520
1590541
1590577
1590616
1590644
1590666
1590705
1590749
1590798
1590842
1590866
1590915
1590981
1591024
1591061
1591106
1591152
1591187
1591214
1591252
1591281
1591280
1591249
1591215
1591191
1591161
1591121
1591076
1591036
1590994
1590947
1590913
1590904
1590902
1590883
1590854
1590825
1590796
1590772
1590744
1590729
1590742
1590744
1590724
1590713
1590727
1590752
1590761
1590770
1590789
1590811
1590825
1590831
1590844
1590862
1590871
1590858
1590836
1590830
1590840
1590835
1590790
1590741
1590692
1590644
1590595
1590527
1590478
1590433
1590364
1590279
1590210
1590169
1590094
1590014
1589960
1589902
1589840
1589770
1589714
1589674
1589648
1589621
1589566
1589520
1589498
1589478
1589442
1589403
1589375
1589333
1589282
1589244
1589225
1589210
1589166
1589095
1589033
1589003
1588963
1588914
1588890
1588857
1588826
1588792
1588745
1588734
1588724
1588707
1588690
1588678
1588701
1588715
1588705
1588693
1588706
1588717
1588698
1588705
1588731
1588757
1588787
1588791
1588787
1588808
1588836
1588848
1588876
1588918
1588960
1588991
1589010
1589065
1589141
1589203
1589248
1589278
1589330
1589397
1589447
1589499
1589567
1589632
1589666
1589704
1589777
1589860
1589920
1589936
1589964
1590032
1590079
1590114
1590156
1590220
1590286
1590319
1590349
1590396
1590452
1590499
1590526
1590555
1590606
1590648
1590673
1590710
1590763
1590808
1590831
1590840
1590877
1590929
1590969
1591003
1591030
1591077
1591130
1591166
1591217
1591288
1591359
1591409
1591440
1591477
1591539
1591600
1591640
1591667
1591684
1591688
1591687
1591688
1591675
1591649
1591599
1591522
1591460
1591419
1591378
1591322
1591254
1591192
1591131
1591057
1590984
1590938
1590902
1590850
1590787
1590742
1590714
1590689
1590655
1590604
1590562
1590532
1590482
1590435
1590408
1590386
1590354
1590307
1590262
1590233
1590209
1590164
1590099
1590036
1589976
1589906
1589824
1589759
1589717
1589662
1589582
1589528
1589498
1589464
1589426
1589382
1589360
1589343
1589299
1589262
1589260
1589273
1589270
1589254
1589233
1589234
1589266
1589278
1589282
1589308
1589340
1589365
1589382
1589406
1589451
1589485
1589484
1589490
1589517
1589538
1589565
1589603
1589646
1589694
1589715
1589733
1589786
1589846
1589893
1589926
1589955
1590010
1590067
1590129
1590196
1590254
1590322
1590382
1590430
1590501
1590593
1590669
1590714
1590761
1590823
1590880
1590927
1590970
1591027
1591091
1591121
1591143
1591190
1591261
1591318
1591345
1591385
1591445
1591507
1591545
1591572
1591634
1591713
1591776
1591827
1591888
1591958
1592019
1592062
1592093
1592142
1592197
1592229
1592252
1592294
1592345
1592379
1592406
1592439
1592478
1592521
1592546
1592560
1592600
1592637
1592649
1592661
1592693
1592722
1592728
1592725
1592715
1592713
1592709
1592679
1592654
1592638
1592609
1592557
1592497
1592456
1592417
1592364
1592291
1592216
1592162
1592099
1592027
1591963
1591899
1591832
1591753
1591660
1591588
1591530
1591454
1591366
1591276
1591191
1591109
1591014
1590933
1590889
1590850
1590796
1590740
1590695
1590664
1590616
1590553
1590493
1590425
1590359
1590289
1590220
1590178
1590141
1590081
1589992
1589926
1589896
1589853
1589796
1589748
1589720
1589693
1589660
1589645
1589644
1589664
1589684
1589686
1589719
1589786
1589836
1589889
1589961
1590036
1590118
1590189
1590260
1590358
1590458
1590542
1590598
1590656
1590749
1590834
1590901
1590971
1591048
1591126
1591173
1591227
1591312
1591394
1591476
1591526
1591575
1591653
1591711
1591760
1591806
1591857
1591902
1591920
1591933
1591965
1592019
1592055
1592061
1592066
1592095
1592129
1592151
1592168
1592181
1592196
1592192
1592176
1592191
1592207
1592214
1592202
1592159
1592141
1592133
1592102
1592067
1592038
1592008
1591956
1591903
1591882
1591874
1591841
1591788
1591750
1591725
1591697
1591674
1591655
1591643
1591627
1591583
1591532
1591511
1591505
1591470
1591414
1591362
1591320
1591266
1591204
1591150
1591092
1591023
1590922
1590800
1590697
1590601
1590498
1590367
1590224
1590106
1589985
1589858
1589748
1589637
1589519
1589383
1589223
1589073
1588950
1588839
1588714
1588582
1588493
1588419
1588346
1588303
1588261
1588237
1588225
1588185
1588169
1588181
1588210
1588247
1588256
1588275
1588297
1588296
1588316
1588356
1588386
1588401
1588388
1588373
1588385
1588411
1588413
1588387
1588383
1588379
1588357
1588339
1588328
1588340
1588337
1588309
1588289
1588291
1588334
1588371
1588390
1588422
1588442
1588461
1588500
1588566
1588644
1588693
1588729
1588778
1588841
1588922
1588996
1589047
1589122
1589210
1589278
1589342
1589414
1589495
1589561
1589595
1589625
1589682
1589766
1589843
1589901
1589963
1590039
1590113
1590176
1590252
1590355
1590457
1590524
1590579
1590665
1590755
1590837
1590917
1591000
1591095
1591169
1591225
1591296
1591369
1591443
1591497
1591528
1591571
1591614
1591630
1591629
1591629
1591636
1591639
1591625
1591604
1591598
1591608
1591606
1591588
1591584
1591590
1591593
1591583
1591584
1591613
1591634
1591648
1591669
1591701
1591740
1591777
1591825
1591873
1591909
1591944
1591978
1592019
1592072
1592107
1592122
1592138
1592156
1592189
1592217
1592246
1592293
1592329
1592341
1592346
1592365
1592384
1592391
1592401
1592401
1592393
1592379
1592358
1592337
1592310
1592277
1592218
1592135
1592069
1592012
1591926
1591834
1591745
1591640
1591538
1591433
1591319
1591230
1591148
1591062
1590968
1590868
1590813
1590758
1590676
1590617
1590569
1590522
1590475
1590433
1590405
1590379
1590351
1590306
1590255
1590236
1590214
1590167
1590126
1590080
1590023
1589963
1589892
1589825
1589745
1589645
1589528
1589400
1589313
1589226
1589105
1588992
1588894
1588813
1588727
1588639
1588583
1588548
1588500
1588435
1588379
1588353
1588340
1588317
1588295
1588290
1588292
1588292
1588298
1588329
1588382
1588412
1588413
1588428
1588462
1588492
1588512
1588545
1588598
1588640
1588651
1588659
1588704
1588773
1588833
1588859
1588879
1588940
1589013
1589075
1589139
1589214
1589293
1589345
1589384
1589449
1589545
1589632
1589661
1589672
1589717
1589772
1589810
1589836
1589868
1589897
1589898
1589897
1589931
1589979
1590017
1590033
1590033
1590054
1590087
1590110
1590131
1590167
1590216
1590247
1590263
1590309
1590365
1590405
1590425
1590433
1590466
1590505
1590529
1590560
1590599
1590632
1590653
1590662
1590671
1590705
1590741
1590753
1590763
1590782
1590797
1590800
1590809
1590827
1590841
1590832
1590801
1590789
1590792
1590786
1590761
1590718
1590690
1590658
1590612
1590586
1590564
1590526
1590479
1590419
1590361
1590319
1590280
1590230
1590166
1590107
1590054
1589989
1589925
1589880
1589839
1589767
1589666
1589579
1589511
1589457
1589400
1589317
1589240
1589171
1589091
1589022
1588955
1588898
1588835
1588741
1588665
1588616
1588582
1588547
1588494
1588465
1588456
1588433
1588410
1588400
1588415
1588429
1588420
1588412
1588414
1588439
1588466
1588474
1588492
1588511
1588516
1588505
1588494
1588489
1588472
1588445
1588413
1588391
1588371
1588330
1588289
1588269
1588261
1588240
1588202
1588194
1588218
1588229
1588228
1588222
1588242
1588297
1588334
1588363
1588411
1588471
1588531
1588581
1588650
1588747
1588834
1588895
1588951
1589030
1589120
1589201
1589267
1589346
1589441
1589507
1589561
1589622
1589698
1589775
1589809
1589843
1589902
1589960
1590013
1590060
1590131
1590202
1590243
1590289
1590340
1590399
1590457
1590486
1590509
1590551
1590595
1590622
1590642
1590673
1590705
1590719
1590732
1590755
1590790
1590832
1590851
1590873
1590916
1590947
1590967
1590977
1591012
1591072
1591093
1591110
1591136
1591169
1591211
1591214
1591208
1591228
1591232
1591204
1591179
1591185
1591201
1591203
1591182
1591165
1591169
1591177
1591170
1591146
1591141
1591161
1591155
1591127
1591122
1591128
1591126
1591129
1591156
1591188
1591214
1591250
1591289
1591343
1591409
1591458
1591503
1591559
1591633
1591703
1591745
1591792
1591850
1591900
1591930
1591951
1591984
1592028
1592051
1592041
1592041
1592060
1592074
1592065
1592049
1592057
1592051
1592017
1591996
1591994
1591999
1591988
1591957
1591947
1591966
1591977
1591960
1591941
1591944
1591940
1591912
1591894
1591890
1591884
1591867
1591809
1591757
1591732
1591683
1591626
1591570
1591513
1591453
1591371
1591288
1591215
1591144
1591074
1590978
1590893
1590838
1590772
1590704
1590640
1590580
1590531
1590470
1590406
1590372
1590351
1590306
1590236
1590177
1590141
1590099
1590044
1589997
1589971
1589943
1589900
1589853
1589834
1589836
1589824
1589793
1589767
1589766
1589776
1589786
1589813
1589846
1589875
1589895
1589910
1589970
1590051
1590112
1590169
1590221
1590304
1590395
1590472
1590576
1590678
1590781
1590879
1590952
1591051
1591163
1591255
1591330
1591402
1591480
1591554
1591625
1591696
1591771
1591845
1591899
1591948
1592013
1592075
1592122
1592162
1592187
1592215
1592251
1592275
1592312
1592359
1592394
1592410
1592405
1592427
1592457
1592457
1592442
1592415
1592399
1592379
1592335
1592320
1592322
1592305
1592278
1592235
1592205
1592201
1592180
1592135
1592079
1592027
1591973
1591905
1591843
1591810
1591778
1591714
1591642
1591583
1591537
1591494
1591420
1591333
1591279
1591230
1591173
1591118
1591062
1591040
1591016
1590957
1590915
1590903
1590905
1590894
1590868
1590861
1590855
1590838
1590832
1590843
1590862
1590877
1590870
1590852
1590858
1590876
1590884
1590893
1590906
1590913
1590887
1590865
1590888
1590916
1590927
1590922
1590927
1590962
1591000
1591036
1591059
1591085
1591124
1591138
1591149
1591182
1591239
1591281
1591288
1591315
1591365
1591411
1591439
1591455
1591495
1591542
1591575
1591597
1591638
1591709
1591771
1591811
1591833
1591867
1591906
1591926
1591942
1591960
1591976
1591966
1591936
1591928
1591933
1591930
1591922
1591904
1591891
1591880
1591849
1591822
1591807
1591783
1591745
1591703
1591681
1591670
1591643
1591601
1591558
1591534
1591511
1591455
1591412
1591380
1591320
1591254
1591187
1591130
1591081
1591014
1590942
1590888
1590837
1590775
1590713
1590651
1590600
1590571
1590520
1590455
1590412
1590365
1590312
1590263
1590220
1590182
1590133
1590063
1589990
1589954
1589906
1589832
1589772
1589707
1589648
1589581
1589510
1589466
1589423
1589362
1589284
1589212
1589169
1589134
1589079
1589020
1588979
1588941
1588901
1588852
1588812
1588785
1588743
1588692
1588638
1588611
1588588
1588533
1588484
1588447
1588419
1588386
1588340
1588334
1588339
1588335
1588320
1588282
1588286
1588314
1588308
1588312
1588342
1588369
1588386
1588400
1588435
1588496
1588548
1588571
1588581
1588610
1588658
1588684
1588703
1588745
1588791
1588822
1588840
1588887
1588972
1589047
1589093
1589127
1589185
1589265
1589343
1589410
1589471
1589543
1589602
1589647
1589706
1589778
1589858
1589915
1589949
1589992
1590057
1590128
1590182
1590244
1590316
1590378
1590434
1590491
1590583
1590693
1590778
1590841
1590908
1590998
1591085
1591153
1591215
1591275
1591328
1591346
1591358
1591401
1591446
1591465
1591459
1591457
1591467
1591471
1591457
1591446
1591459
1591448
1591393
1591359
1591356
1591348
1591314
1591271
1591253
1591247
1591237
1591222
1591219
1591228
1591207
1591164
1591124
1591106
1591106
1591087
1591042
1590989
1590939
1590880
1590829
1590782
1590735
1590692
1590619
1590529
1590466
1590426
1590385
1590303
1590183
1590095
1590011
1589898
1589793
1589689
1589585
1589471
1589346
1589240
1589137
1589024
1588902
1588780
1588664
1588551
1588450
1588358
1588267
1588187
1588105
1588027
1587980
1587949
1587921
1587889
1587857
1587843
1587832
1587826
1587843
1587866
1587881
1587891
1587896
1587919
1587965
1588023
1588069
1588104
1588156
1588206
1588242
1588303
1588388
1588452
1588500
1588541
1588578
1588642
1588710
1588758
1588820
1588879
1588925
1588970
1589023
1589110
1589197
1589246
1589290
1589355
1589438
1589511
1589558
1589607
1589675
1589729
1589773
1589846
1589942
1590036
1590094
1590136
1590205
1590311
1590437
1590531
1590608
1590699
1590780
1590851
1590930
1591026
1591119
1591181
1591226
1591287
1591353
1591398
1591420
1591444
1591495
1591532
1591543
1591558
1591579
1591605
1591615
1591614
1591625
1591641
1591649
1591645
1591647
1591673
1591678
1591650
1591637
1591639
1591627
1591591
1591550
1591521
1591493
1591457
1591400
1591343
1591304
1591243
1591161
1591092
1591043
1591003
1590942
1590885
1590853
1590824
1590793
1590754
1590713
1590700
1590699
1590685
1590672
1590670
1590681
1590693
1590677
1590665
1590688
1590706
1590707
1590707
1590725
1590745
1590732
1590717
1590716
1590708
1590707
1590702
1590687
1590677
1590678
1590682
1590667
1590665
1590674
1590667
1590655
1590633
1590611
1590608
1590591
1590553
1590518
1590496
1590484
1590456
1590436
1590446
1590444
1590433
1590421
1590402
1590411
1590423
1590409
1590383
1590361
1590349
1590321
1590285
1590251
1590208
1590167
1590133
1590088
1590042
1590026
1590015
1589990
1589968
1589952
1589949
1589965
1589979
1589982
1589978
1589967
1589971
1589982
1589994
1590017
1590036
1590049
1590068
1590090
1590109
1590137
1590174
1590210
1590228
1590225
1590235
1590256
1590269
1590276
1590278
1590275
1590266
1590239
1590201
1590176
1590153
1590126
1590104
1590078
1590048
1590020
1589985
1589955
1589924
1589887
1589850
1589822
1589810
1589781
1589756
1589741
1589726
1589742
1589756
1589758
1589770
1589786
1589793
1589797
1589813
1589836
1589877
1589920
1589932
1589930
1589923
1589923
1589947
1589978
1589988
1589980
1589983
1589996
1590003
1590008
1590028
1590058
1590080
1590087
1590084
1590082
1590099
1590120
1590124
1590125
1590121
1590113
1590116
1590128
1590141
1590154
1590173
1590196
1590210
1590220
1590234
1590247
1590255
1590266
1590282
1590310
1590341
1590358
1590376
1590394
1590415
1590452
1590495
1590549
1590610
1590661
1590711
1590753
1590805
1590878
1590936
1590987
1591035
1591081
1591135
1591175
1591219
1591269
1591306
1591341
1591377
1591420
1591469
1591518
1591553
1591568
1591592
1591633
1591669
1591707
1591751
1591777
1591794
1591821
1591849
1591860
1591865
1591891
1591902
1591893
1591905
1591924
1591941
1591950
1591958
1591954
1591942
1591950
1591959
1591961
1591971
1591981
1591972
1591962
1591956
1591938
1591911
1591881
1591848
1591808
1591780
1591757
1591705
1591655
1591621
1591575
1591530
1591495
1591452
1591407
1591367
1591339
1591314
1591269
1591228
1591188
1591143
1591110
1591070
1591044
1591033
1591004
1590965
1590930
1590910
1590884
1590831
1590778
1590738
1590693
1590660
1590656
1590629
1590580
1590540
1590506
1590474
1590447
1590431
1590406
1590381
1590366
1590341
1590328
1590314
1590283
1590266
1590277
1590292
1590298
1590314
1590345
1590371
1590388
1590414
1590439
1590469
1590524
1590578
1590615
1590655
1590723
1590790
1590838
1590889
1590929
1590960
1590999
1591044
1591093
1591125
1591149
1591177
1591200
1591240
1591291
1591340
1591390
1591418
1591441
1591466
1591498
1591559
1591620
1591662
1591691
1591719
1591747
1591790
1591838
1591873
1591918
1591938
1591930
1591941
1591966
1591996
1592019
1592015
1592008
1592007
1591991
1591979
1591976
1591969
1591959
1591942
1591924
1591894
1591859
1591840
1591817
1591795
1591782
1591767
1591749
1591725
1591702
1591691
1591670
1591644
1591629
1591615
1591594
1591555
1591509
1591476
1591441
1591410
1591380
1591326
1591252
1591179
1591112
1591063
1591008
1590933
1590872
1590796
1590709
1590640
1590566
1590510
1590461
1590397
1590335
1590259
1590187
1590126
1590053
1590001
1589957
1589900
1589859
1589825
1589803
1589782
1589741
1589695
1589653
1589617
1589584
1589559
1589535
1589499
1589449
1589381
1589321
1589283
1589262
1589236
1589185
1589146
1589113
1589073
1589048
1589020
1589008
1589006
1588985
1588976
1588985
1588994
1589007
1589027
1589053
1589083
1589108
1589144
1589187
1589231
1589285
1589314
1589332
1589358
1589403
1589460
1589497
1589530
1589558
1589592
1589624
1589645
1589687
1589726
1589761
1589807
1589852
1589912
1589976
1590033
1590103
1590167
1590223
1590296
1590386
1590488
1590581
1590664
1590750
1590843
1590948
1591038
1591123
1591208
1591281
1591371
1591458
1591542
1591644
1591741
1591822
1591889
1591966
1592057
1592157
1592276
1592372
1592439
1592519
1592600
1592681
1592770
1592851
1592924
1592994
1593041
1593075
1593130
1593178
1593214
1593253
1593282
1593307
1593320
1593332
1593353
1593358
1593345
1593322
1593303
1593286
1593275
1593266
1593232
1593185
1593148
1593109
1593068
1593027
1592978
1592921
1592840
1592761
1592697
1592618
1592535
1592461
1592385
1592302
1592211
1592123
1592032
1591946
1591854
1591751
1591657
1591567
1591471
1591377
1591281
1591175
1591066
1590955
1590853
1590763
1590670
1590583
1590500
1590403
1590306
1590221
1590140
1590067
1589992
1589905
1589824
1589746
1589658
1589569
1589501
1589431
1589321
1589216
1589146
1589077
1589008
1588928
1588831
1588739
1588662
1588600
1588537
1588488
1588438
1588363
1588286
1588209
1588156
1588121
1588070
1588016
1587961
1587906
1587872
1587842
1587813
1587808
1587799
1587769
1587751
1587748
1587753
1587780
1587814
1587829
1587856
1587890
1587929
1587993
1588052
1588110
1588170
1588230
1588313
1588399
1588478
1588564
1588648
1588720
1588802
1588885
1588961
1589050
1589125
1589197
1589273
1589340
1589423
1589486
1589541
1589611
1589665
1589730
1589808
1589877
1589964
1590038
1590095
1590162
1590225
1590309
1590396
1590467
1590537
1590588
1590654
1590725
1590784
1590855
1590912
1590949
1590989
1591018
1591022
1591044
1591094
1591124
1591142
1591168
1591189
1591200
1591218
1591257
1591287
1591297
1591306
1591316
1591334
1591359
1591383
1591397
1591403
1591406
1591405
1591415
1591444
1591471
1591475
1591470
1591464
1591455
1591457
1591460
1591453
1591450
1591442
1591426
1591415
1591421
1591426
1591411
1591393
1591381
1591361
1591349
1591336
1591319
1591308
1591291
1591280
1591275
1591263
1591265
1591265
1591235
1591204
1591179
1591150
1591133
1591108
1591065
1591015
1590954
1590891
1590824
1590756
1590683
1590596
1590496
1590392
1590305
1590224
1590140
1590045
1589950
1589849
1589732
1589637
1589561
1589481
1589397
1589315
1589239
1589160
1589091
1589028
1588964
1588916
1588880
1588845
1588817
1588795
1588774
1588755
1588736
1588730
1588736
1588745
1588758
1588758
1588765
1588780
1588799
1588831
1588858
1588891
1588928
1588957
1588991
1589028
1589067
1589114
1589156
1589186
1589225
1589268
1589313
1589368
1589418
1589469
1589509
1589537
1589566
1589588
1589614
1589634
1589651
1589669
1589682
1589708
1589745
1589779
1589809
1589837
1589850
1589858
1589880
1589904
1589916
1589921
1589934
1589955
1589962
1589975
1590009
1590048
1590094
1590133
1590166
1590194
1590221
1590254
1590279
1590309
1590329
1590335
1590354
1590370
1590387
1590410
1590420
1590435
1590445
1590445
1590457
1590452
1590446
1590448
1590425
1590407
1590407
1590404
1590409
1590418
1590420
1590416
1590409
1590420
1590434
1590439
1590440
1590434
1590431
1590430
1590437
1590453
1590456
1590447
1590440
1590445
1590456
1590467
1590476
1590490
1590500
1590498
1590494
1590493
1590494
1590495
1590500
1590486
1590457
1590448
1590431
1590409
1590394
1590364
1590332
1590302
1590262
1590234
1590218
1590190
1590156
1590127
1590095
1590077
1590066
1590046
1590016
1589981
1589967
1589947
1589922
1589925
1589920
1589911
1589911
1589904
1589917
1589944
1589972
1590005
1590029
1590058
1590094
1590126
1590162
1590198
1590215
1590230
1590266
1590306
1590335
1590360
1590391
1590417
1590441
1590460
1590473
1590500
1590527
1590536
1590531
1590517
1590514
1590524
1590525
1590515
1590516
1590505
1590479
1590466
1590453
1590449
1590446
1590434
1590430
1590430
1590442
1590459
1590477
1590507
1590521
1590541
1590579
1590608
1590664
1590725
1590773
1590832
1590882
1590937
1591000
1591054
1591102
1591143
1591183
1591225
1591261
1591297
1591337
1591368
1591393
1591407
1591421
1591443
1591451
1591467
1591485
1591485
1591484
1591481
1591488
1591502
1591499
1591486
1591469
1591452
1591441
1591426
1591412
1591395
1591364
1591337
1591319
1591312
1591307
1591296
1591283
1591256
1591226
1591203
1591177
1591157
1591150
1591137
1591113
1591090
1591073
1591061
1591050
1591041
1591027
1590989
1590958
1590950
1590933
1590906
1590879
1590846
1590807
1590766
1590732
1590702
1590663
1590614
1590564
1590522
1590479
1590438
1590399
1590354
1590317
1590286
1590248
1590215
1590180
1590143
1590108
1590072
1590035
1590010
1589995
1589965
1589942
1589937
1589927
1589919
1589923
1589938
1589947
1589943
1589934
1589919
1589906
1589890
1589869
1589852
1589820
1589787
1589771
1589752
1589735
1589724
1589701
1589676
1589653
1589626
1589614
1589601
1589578
1589570
1589559
1589539
1589527
1589517
1589513
1589519
1589529
1589536
1589534
1589542
1589561
1589572
1589588
1589604
1589607
1589617
1589644
1589668
1589704
1589740
1589755
1589767
1589793
1589836
1589867
1589897
1589931
1589953
1589980
1590017
1590060
1590122
1590195
1590244
1590286
1590344
1590417
1590510
1590593
1590664
1590733
1590795
1590861
1590934
1591019
1591101
1591167
1591222
1591274
1591325
1591373
1591440
1591509
1591555
1591589
1591607
1591621
1591646
1591672
1591683
1591686
1591688
1591679
1591683
1591707
1591719
1591714
1591712
1591721
1591723
1591732
1591747
1591751
1591738
1591719
1591711
1591703
1591693
1591686
1591673
1591658
1591626
1591581
1591551
1591531
1591497
1591450
1591401
1591351
1591306
1591273
1591233
1591181
1591129
1591074
1591029
1590992
1590950
1590917
1590878
1590826
1590784
1590729
1590673
1590626
1590575
1590541
1590501
1590450
1590404
1590362
1590339
1590304
1590245
1590181
1590119
1590067
1590019
1589972
1589931
1589894
1589846
1589803
1589776
1589746
1589727
1589706
1589675
1589652
1589622
1589597
1589578
1589547
1589516
1589469
1589419
1589388
1589362
1589349
1589332
1589288
1589244
1589219
1589207
1589196
1589179
1589167
1589154
1589140
1589140
1589135
1589138
1589154
1589158
1589165
1589168
1589175
1589194
1589214
1589248
1589271
1589276
1589290
1589317
1589361
1589405
1589433
1589454
1589466
1589481
1589496
1589498
1589512
1589535
1589552
1589570
1589597
1589627
1589660
1589700
1589721
1589727
1589745
1589767
1589795
1589820
1589836
1589854
1589869
1589883
1589903
1589928
1589957
1589985
1589994
1590012
1590046
1590075
1590112
1590141
1590153
1590159
1590165
1590196
1590238
1590268
1590289
1590291
1590298
1590321
1590339
1590352
1590351
1590334
1590313
1590304
1590308
1590305
1590292
1590278
1590257
1590226
1590201
1590190
1590175
1590150
1590136
1590131
1590109
1590097
1590103
1590105
1590114
1590116
1590113
1590113
1590102
1590094
1590088
1590068
1590039
1590013
1589984
1589960
1589932
1589898
1589881
1589847
1589801
1589771
1589753
1589740
1589711
1589681
1589666
1589654
1589644
1589633
1589632
1589632
1589621
1589618
1589622
1589651
1589680
1589685
1589699
1589715
1589729
1589745
1589754
1589768
1589782
1589788
1589804
1589821
1589842
1589875
1589896
1589928
1589956
1589956
1589982
1590016
1590049
1590085
1590110
1590128
1590139
1590168
1590199
1590229
1590263
1590286
1590321
1590349
1590373
1590421
1590460
1590487
1590507
1590531
1590565
1590602
1590650
1590688
1590713
1590743
1590777
1590826
1590880
1590928
1590976
1591024
1591061
1591092
1591122
1591159
1591202
1591227
1591241
1591252
1591265
1591299
1591329
1591329
1591325
1591325
1591313
1591296
1591291
1591295
1591288
1591271
1591255
1591235
1591211
1591184
1591156
1591124
1591074
1591013
1590955
1590901
1590843
1590779
1590702
1590625
1590552
1590473
1590411
1590358
1590295
1590234
1590168
1590092
1590028
1589975
1589925
1589882
1589825
1589771
1589725
1589680
1589654
1589643
1589626
1589604
1589600
1589600
1589584
1589568
1589554
1589543
1589535
1589524
1589513
1589515
1589524
1589525
1589527
1589523
1589518
1589528
1589539
1589547
1589555
1589566
1589583
1589601
1589620
1589639
1589657
1589649
1589635
1589645
1589659
1589677
1589688
1589694
1589697
1589684
1589683
1589691
1589687
1589686
1589689
1589678
1589667
1589662
1589662
1589672
1589686
1589691
1589697
1589722
1589743
1589774
1589819
1589846
1589872
1589902
1589943
1590001
1590061
1590119
1590171
1590222
1590279
1590344
1590402
1590470
1590536
1590586
1590635
1590666
1590704
1590751
1590789
1590832
1590865
1590893
1590932
1590975
1591018
1591064
1591096
1591120
1591148
1591180
1591217
1591243
1591273
1591312
1591334
1591366
1591415
1591478
1591542
1591599
1591660
1591715
1591778
1591850
1591915
1591975
1592022
1592067
1592103
1592146
1592188
1592224
1592266
1592285
1592293
1592298
1592301
1592312
1592305
1592288
1592276
1592257
1592243
1592224
1592199
1592186
1592175
1592150
1592122
1592104
1592085
1592065
1592052
1592039
1592019
1591988
1591957
1591942
1591936
1591911
1591875
1591851
1591832
1591814
1591796
1591775
1591751
1591724
1591698
1591673
1591659
1591642
1591614
1591584
1591544
1591510
1591492
1591477
1591456
1591418
1591389
1591360
1591331
1591322
1591305
1591286
1591266
1591241
1591218
1591193
1591178
1591168
1591154
1591141
1591126
1591105
1591090
1591077
1591063
1591050
1591023
1590998
1590986
1590983
1590974
1590959
1590947
1590922
1590894
1590877
1590868
1590852
1590842
1590831
1590797
1590777
1590770
1590767
1590757
1590726
1590707
1590690
1590663
1590642
1590631
1590626
1590612
1590594
1590578
1590585
1590604
1590608
1590613
1590630
1590634
1590626
1590632
1590633
1590632
1590640
1590635
1590631
1590628
1590636
1590658
1590661
1590664
1590672
1590672
1590684
1590713
1590741
1590770
1590799
1590816
1590842
1590882
1590915
1590940
1590970
1590993
1591003
1591025
1591057
1591091
1591130
1591145
1591156
1591181
1591201
1591234
1591265
1591292
1591327
1591348
1591370
1591402
1591432
1591464
1591494
1591510
1591526
1591545
1591564
1591588
1591602
1591611
1591619
1591616
1591623
1591632
1591634
1591640
1591639
1591638
1591646
1591655
1591657
1591644
1591634
1591631
1591624
1591617
1591612
1591612
1591613
1591613
1591607
1591593
1591572
1591550
1591536
1591523
1591501
1591469
1591444
1591409
1591367
1591339
1591299
1591248
1591202
1591152
1591111
1591078
1591040
1591001
1590933
1590858
1590802
1590751
1590712
1590659
1590607
1590552
1590487
1590447
1590398
1590343
1590291
1590210
1590127
1590053
1589976
1589911
1589856
1589794
1589726
1589666
1589611
1589561
1589516
1589464
1589408
1589354
1589289
1589227
1589191
1589164
1589134
1589108
1589079
1589059
1589055
1589055
1589052
1589041
1589028
1589005
1588976
1588971
1588976
1588973
1588953
1588924
1588900
1588896
1588896
1588877
1588866
1588862
1588857
1588858
1588868
1588895
1588912
1588928
1588948
1588959
1588980
1589011
1589050
1589100
1589147
1589194
1589245
1589301
1589364
1589427
1589488
1589550
1589612
1589673
1589740
1589811
1589870
1589923
1589966
1589998
1590041
1590090
1590145
1590199
1590232
1590264
1590299
1590344
1590393
1590429
1590466
1590496
1590524
1590548
1590567
1590599
1590623
1590627
1590627
1590626
1590631
1590649
1590666
1590673
1590673
1590665
1590652
1590641
1590645
1590642
1590622
1590609
1590588
1590560
1590543
1590535
1590526
1590509
1590497
1590487
1590477
1590488
1590497
1590500
1590491
1590477
1590488
1590489
1590495
1590512
1590512
1590506
1590485
1590462
1590447
1590439
1590434
1590414
1590384
1590362
1590338
1590308
1590278
1590233
1590180
1590125
1590062
1589998
1589943
1589895
1589837
1589762
1589693
1589632
1589579
1589525
1589469
1589422
1589361
1589303
1589259
1589210
1589173
1589141
1589098
1589031
1588997
1588973
1588926
1588939
1588916
1588868
1588853
1588812
1588799
1588796
1588781
1588771
1588748
1588724
1588701
1588687
1588678
1588668
1588661
1588655
1588653
1588658
1588682
1588714
1588735
1588757
1588772
1588788
1588819
1588843
1588872
1588899
1588916
1588945
1588968
1588993
1589032
1589062
1589097
1589127
1589138
1589173
1589216
1589253
1589291
1589315
1589345
1589375
1589414
1589465
1589499
1589533
1589561
1589593
1589646
1589702
1589760
1589810
1589860
1589911
1589958
1590011
1590067
1590139
1590205
1590260
1590323
1590390
1590481
1590564
1590623
1590687
1590758
1590831
1590898
1590973
1591053
1591116
1591168
1591209
1591249
1591296
1591346
1591386
1591415
1591431
1591434
1591438
1591453
1591474
1591487
1591497
1591509
1591513
1591522
1591539
1591553
1591567
1591584
1591594
1591600
1591629
1591656
1591663
1591678
1591692
1591705
1591725
1591756
1591787
1591814
1591837
1591855
1591879
1591890
1591898
1591926
1591935
1591932
1591941
1591934
1591943
1591979
1591998
1592005
1592010
1592011
1592006
1591998
1591988
1591980
1591977
1591962
1591948
1591950
1591951
1591953
1591943
1591933
1591930
1591903
1591886
1591886
1591886
1591877
1591855
1591840
1591830
1591833
1591842
1591832
1591820
1591810
1591796
1591778
1591772
1591766
1591752
1591734
1591700
1591666
1591641
1591615
1591576
1591541
1591523
1591490
1591456
1591442
1591424
1591405
1591384
1591354
1591337
1591327
1591318
1591312
1591303
1591302
1591297
1591282
1591283
1591291
1591302
1591311
1591301
1591295
1591303
1591305
1591303
1591305
1591306
1591295
1591279
1591269
1591258
1591246
1591230
1591217
1591201
1591166
1591146
1591134
1591116
1591114
1591106
1591082
1591061
1591055
1591063
1591076
1591082
1591088
1591102
1591120
1591155
1591182
1591194
1591220
1591239
1591253
1591282
1591322
1591371
1591415
1591451
1591481
1591510
1591547
1591585
1591616
1591637
1591656
1591664
1591672
1591684
1591687
1591688
1591678
1591662
1591640
1591607
1591577
1591538
1591503
1591457
1591400
1591364
1591328
1591298
1591268
1591216
1591166
1591105
1591041
1590997
1590938
1590882
1590828
1590754
1590702
1590654
1590613
1590587
1590539
1590495
1590447
1590399
1590360
1590299
1590239
1590186
1590133
1590087
1590037
1590000
1589969
1589947
1589913
1589853
1589812
1589772
1589728
1589687
1589648
1589610
1589569
1589531
1589493
1589471
1589447
1589395
1589354
1589326
1589292
1589252
1589210
1589175
1589134
1589096
1589064
1589038
1589013
1588988
1588972
1588935
1588907
1588887
1588856
1588838
1588822
1588809
1588788
1588765
1588754
1588760
1588786
1588796
1588801
1588802
1588797
1588809
1588827
1588857
1588876
1588893
1588918
1588943
1588982
1589019
1589061
1589096
1589125
1589167
1589210
1589265
1589312
1589352
1589396
1589439
1589485
1589537
1589587
1589627
1589676
1589712
1589740
1589772
1589801
1589832
1589850
1589865
1589874
1589881
1589898
1589919
1589951
1589967
1589964
1589964
1589947
1589938
1589940
1589917
1589892
1589868
1589846
1589838
1589819
1589801
1589787
1589763
1589733
1589695
1589666
1589642
1589611
1589584
1589556
1589510
1589474
1589449
1589421
1589415
1589397
1589378
1589377
1589375
1589384
1589393
1589417
1589430
1589430
1589455
1589479
1589512
1589543
1589570
1589606
1589629
1589648
1589685
1589728
1589767
1589814
1589856
1589877
1589904
1589933
1589959
1589989
1589997
1589999
1590016
1590037
1590075
1590102
1590114
1590129
1590132
1590134
1590152
1590172
1590186
1590198
1590198
1590195
1590191
1590198
1590218
1590228
1590241
1590242
1590245
1590269
1590288
1590301
1590313
1590323
1590336
1590352
1590371
1590405
1590436
1590454
1590484
1590507
1590525
1590554
1590586
1590621
1590643
1590649
1590663
1590696
1590723
1590746
1590770
1590781
1590781
1590772
1590761
1590760
1590767
1590769
1590769
1590771
1590761
1590770
1590783
1590774
1590770
1590767
1590762
1590760
1590763
1590765
1590765
1590758
1590751
1590763
1590775
1590782
1590790
1590792
1590784
1590774
1590762
1590756
1590754
1590740
1590722
1590703
1590687
1590683
1590694
1590696
1590680
1590679
1590670
1590649
1590633
1590614
1590609
1590600
1590577
1590550
1590515
1590495
1590479
1590457
1590453
1590448
1590430
1590409
1590391
1590386
1590372
1590352
1590335
1590301
1590289
1590275
1590241
1590220
1590190
1590164
1590132
1590099
1590089
1590068
1590036
1590004
1589967
1589932
1589904
1589885
1589869
1589844
1589813
1589786
1589772
1589768
1589763
1589758
1589744
1589727
1589723
1589728
1589734
1589729
1589720
1589712
1589689
1589674
1589674
1589674
1589667
1589643
1589615
1589592
1589576
1589569
1589552
1589537
1589513
1589486
1589462
1589440
1589428
1589416
1589405
1589377
1589349
1589348
1589351
1589346
1589331
1589322
1589310
1589294
1589290
1589287
1589288
1589285
1589281
1589273
1589271
1589287
1589291
1589301
1589318
1589329
1589348
1589358
1589374
1589411
1589444
1589466
1589480
1589504
1589551
1589593
1589625
1589663
1589705
1589753
1589794
1589827
1589867
1589908
1589941
1589968
1589996
1590045
1590102
1590137
1590169
1590214
1590254
1590288
1590338
1590395
1590444
1590496
1590546
1590585
1590636
1590713
1590784
1590850
1590923
1590989
1591045
1591106
1591187
1591259
1591328
1591395
1591446
1591508
1591566
1591616
1591672
1591727
1591779
1591819
1591850
1591890
1591944
1591989
1592019
1592047
1592068
1592077
1592086
1592098
1592108
1592100
1592075
1592054
1592040
1592027
1592014
1591987
1591952
1591916
1591887
1591879
1591872
1591848
1591808
1591762
1591720
1591683
1591654
1591627
1591587
1591545
1591504
1591458
1591428
1591400
1591361
1591326
1591274
1591208
1591158
1591116
1591082
1591050
1590999
1590952
1590907
1590849
1590810
1590768
1590718
1590670
1590609
1590555
1590509
1590462
1590412
1590361
1590313
1590262
1590222
1590193
1590162
1590122
1590080
1590043
1590011
1589985
1589961
1589946
1589929
1589900
1589877
1589853
1589836
1589835
1589818
1589800
1589792
1589764
1589736
1589727
1589733
1589738
1589729
1589714
1589695
1589693
1589720
1589742
1589749
1589750
1589729
1589703
1589693
1589688
1589686
1589686
1589677
1589671
1589666
1589668
1589672
1589663
1589660
1589656
1589647
1589662
1589693
1589729
1589759
1589779
1589799
1589828
1589870
1589912
1589951
1589991
1590027
1590067
1590110
1590166
1590235
1590289
1590351
1590407
1590446
1590501
1590563
1590621
1590684
1590743
1590791
1590832
1590877
1590928
1590979
1591022
1591064
1591114
1591173
1591241
1591301
1591345
1591392
1591429
1591458
1591495
1591534
1591582
1591629
1591657
1591669
1591678
1591701
1591725
1591747
1591759
1591768
1591792
1591804
1591821
1591856
1591878
1591902
1591917
1591917
1591935
1591956
1591966
1591985
1592011
1592030
1592043
1592072
1592091
1592104
1592131
1592137
1592134
1592129
1592122
1592120
1592117
1592115
1592104
1592083
1592064
1592059
1592075
1592074
1592052
1592031
1591996
1591969
1591959
1591932
1591899
1591867
1591837
1591801
1591759
1591721
1591685
1591635
1591559
1591487
1591426
1591353
1591280
1591206
1591127
1591060
1590995
1590934
1590883
1590831
1590776
1590721
1590677
1590633
1590584
1590542
1590507
1590480
1590450
1590418
1590385
1590354
1590340
1590324
1590291
1590252
1590223
1590210
1590194
1590161
1590132
1590105
1590070
1590047
1590029
1590009
1589988
1589964
1589946
1589923
1589895
1589870
1589846
1589823
1589795
1589763
1589725
1589692
1589672
1589647
1589622
1589594
1589567
1589551
1589538
1589539
1589543
1589537
1589531
1589522
1589528
1589548
1589562
1589587
1589600
1589607
1589636
1589670
1589706
1589736
1589766
1589802
1589831
1589860
1589892
1589923
1589955
1589981
1589999
1590024
1590060
1590113
1590162
1590190
1590214
1590236
1590251
1590270
1590305
1590333
1590349
1590372
1590388
1590402
1590439
1590475
1590486
1590500
1590523
1590529
1590536
1590564
1590593
1590619
1590650
1590660
1590669
1590713
1590754
1590780
1590810
1590834
1590852
1590875
1590900
1590932
1590968
1590984
1590996
1591013
1591021
1591038
1591034
1591029
1591043
1591030
1591022
1591032
1591029
1591028
1591022
1591014
1591002
1591000
1591012
1591005
1590996
1590987
1590967
1590958
1590960
1590976
1590991
1590995
1591005
1591004
1590988
1590977
1590972
1590969
1590963
1590953
1590926
1590888
1590860
1590835
1590812
1590779
1590729
1590686
1590648
1590609
1590569
1590526
1590481
1590430
1590380
1590336
1590292
1590247
1590202
1590148
1590089
1590049
1590010
1589963
1589915
1589868
1589817
1589769
1589740
1589714
1589691
1589660
1589620
1589587
1589556
1589535
1589514
1589494
1589476
1589454
1589431
1589403
1589401
1589410
1589412
1589410
1589394
1589380
1589375
1589379
1589378
1589372
1589369
1589361
1589369
1589384
1589401
1589422
1589437
1589448
1589452
1589466
1589493
1589514
1589537
1589563
1589581
1589601
1589637
1589686
1589737
1589782
1589821
1589867
1589923
1589966
1590016
1590077
1590125
1590175
1590225
1590280
1590341
1590399
1590464
1590517
1590566
1590616
1590656
1590714
1590767
1590811
1590867
1590904
1590942
1590982
1591023
1591069
1591095
1591118
1591140
1591158
1591181
1591211
1591236
1591252
1591271
1591289
1591324
1591373
1591419
1591461
1591495
1591534
1591569
1591603
1591650
1591685
1591710
1591733
1591753
1591768
1591791
1591822
1591834
1591832
1591819
1591800
1591782
1591776
1591773
1591753
1591734
1591700
1591661
1591649
1591629
1591596
1591566
1591532
1591502
1591479
1591464
1591446
1591431
1591431
1591425
1591400
1591377
1591358
1591329
1591307
1591293
1591264
1591232
1591215
1591213
1591195
1591164
1591142
1591108
1591075
1591060
1591038
1591009
1590970
1590925
1590890
1590873
1590868
1590843
1590819
1590805
1590782
1590765
1590741
1590719
1590710
1590693
1590674
1590657
1590633
1590611
1590601
1590576
1590551
1590537
1590501
1590485
1590476
1590447
1590434
1590418
1590386
1590358
1590345
1590342
1590318
1590295
1590282
1590254
1590233
1590229
1590210
1590189
1590183
1590181
1590175
1590162
1590160
1590153
1590131
1590120
1590095
1590059
1590035
1590008
1589989
1589960
1589915
1589890
1589873
1589854
1589830
1589796
1589775
1589745
1589697
1589669
1589650
1589635
1589633
1589626
1589600
1589563
1589540
1589532
1589520
1589509
1589495
1589476
1589467
1589463
1589458
1589464
1589463
1589449
1589440
1589432
1589434
1589440
1589437
1589434
1589430
1589440
1589459
1589479
1589516
1589541
1589550
1589566
1589579
1589602
1589634
1589666
1589688
1589690
1589716
1589751
1589770
1589805
1589829
1589833
1589835
1589833
1589850
1589874
1589878
1589883
1589885
1589884
1589899
1589908
1589904
1589905
1589892
1589866
1589847
1589847
1589864
1589858
1589824
1589803
1589800
1589789
1589780
1589777
1589772
1589764
1589745
1589737
1589733
1589724
1589726
1589713
1589701
1589694
1589676
1589676
1589679
1589685
1589694
1589697
1589687
1589657
1589658
1589675
1589671
1589668
1589649
1589623
1589615
1589614
1589613
1589603
1589583
1589562
1589535
1589518
1589514
1589501
1589513
1589523
1589497
1589497
1589507
1589502
1589524
1589544
1589538
1589541
1589565
1589602
1589635
1589662
1589699
1589731
1589756
1589777
1589809
1589861
1589902
1589946
1589994
1590033
1590097
1590170
1590223
1590283
1590345
1590386
1590424
1590462
1590513
1590562
1590594
1590635
1590670
1590692
1590737
1590787
1590819
1590836
1590846
1590870
1590911
1590946
1590973
1590996
1591013
1591031
1591052
1591079
1591107
1591135
1591162
1591180
1591188
1591200
1591229
1591258
1591265
1591261
1591252
1591242
1591247
1591239
1591214
1591207
1591193
1591146
1591088
1591051
1591029
1591002
1590964
1590919
1590875
1590839
1590813
1590775
1590737
1590701
1590654
1590606
1590559
1590532
1590497
1590441
1590404
1590369
1590333
1590305
1590270
1590236
1590210
1590183
1590155
1590131
1590103
1590081
1590067
1590039
1590010
1589987
1589974
1589958
1589944
1589940
1589928
1589915
1589905
1589899
1589905
1589907
1589903
1589905
1589903
1589910
1589928
1589934
1589948
1589971
1589982
1589997
1590026
1590067
1590105
1590137
1590152
1590159
1590203
1590243
1590269
1590323
1590368
1590401
1590433
1590459
1590485
1590509
1590535
1590553
1590571
1590596
1590616
1590645
1590662
1590660
1590671
1590676
1590675
1590678
1590687
1590708
1590706
1590707
1590725
1590733
1590747
1590761
1590763
1590760
1590747
1590738
1590737
1590736
1590747
1590765
1590766
1590765
1590777
1590794
1590802
1590795
1590790
1590792
1590791
1590789
1590802
1590827
1590848
1590854
1590844
1590827
1590828
1590845
1590855
1590858
1590861
1590862
1590864
1590881
1590919
1590936
1590938
1590953
1590955
1590958
1590980
1590999
1591009
1591015
1591019
1591027
1591046
1591066
1591067
1591046
1591030
1591018
1591007
1591005
1591001
1590984
1590965
1590968
1590957
1590920
1590917
1590921
1590903
1590886
1590858
1590824
1590808
1590807
1590805
1590793
1590758
1590713
1590679
1590655
1590654
1590652
1590639
1590618
1590583
1590564
1590559
1590562
1590564
1590563
1590572
1590584
1590601
1590624
1590653
1590678
1590702
1590732
1590755
1590782
1590819
1590842
1590861
1590892
1590932
1590971
1591021
1591065
1591104
1591155
1591183
1591197
1591238
1591294
1591346
1591392
1591424
1591434
1591466
1591523
1591585
1591662
1591709
1591724
1591740
1591769
1591825
1591872
1591900
1591925
1591944
1591952
1591962
1591982
1591987
1591979
1591969
1591936
1591913
1591907
1591883
1591858
1591836
1591794
1591757
1591745
1591741
1591733
1591714
1591687
1591652
1591618
1591606
1591585
1591558
1591537
1591500
1591465
1591422
1591373
1591327
1591275
1591228
1591162
1591082
1591017
1590960
1590894
1590814
1590731
1590630
1590548
1590500
1590439
1590382
1590324
1590255
1590185
1590126
1590073
1590016
1589975
1589937
1589894
1589846
1589792
1589740
1589689
1589652
1589603
1589543
1589501
1589478
1589463
1589421
1589373
1589334
1589285
1589241
1589209
1589189
1589164
1589135
1589125
1589094
1589050
1589043
1589043
1589044
1589054
1589045
1589035
1589049
1589075
1589091
1589082
1589076
1589088
1589113
1589155
1589194
1589227
1589245
1589254
1589279
1589302
1589325
1589357
1589390
1589429
1589469
1589511
1589569
1589626
1589654
1589680
1589717
1589751
1589787
1589836
1589902
1589972
1590026
1590057
1590089
1590136
1590180
1590225
1590263
1590288
1590325
1590374
1590416
1590460
1590518
1590577
1590623
1590650
1590678
1590722
1590758
1590786
1590814
1590846
1590882
1590910
1590946
1590981
1591008
1591025
1591027
1591038
1591062
1591083
1591101
1591125
1591137
1591144
1591151
1591154
1591162
1591159
1591163
1591177
1591172
1591171
1591174
1591172
1591166
1591169
1591171
1591154
1591149
1591160
1591175
1591179
1591154
1591139
1591141
1591145
1591167
1591185
1591183
1591173
1591158
1591149
1591138
1591130
1591118
1591088
1591056
1591037
1591031
1591005
1590962
1590930
1590890
1590836
1590789
1590757
1590719
1590676
1590632
1590580
1590526
1590472
1590431
1590394
1590348
1590316
1590287
1590238
1590201
1590172
1590136
1590114
1590091
1590049
1590013
1589997
1589995
1589988
1589976
1589964
1589935
1589908
1589907
1589913
1589909
1589898
1589889
1589881
1589887
1589901
1589901
1589909
1589926
1589915
1589918
1589954
1589984
1590019
1590050
1590066
1590094
1590125
1590164
1590198
1590219
1590243
1590260
1590284
1590326
1590365
1590397
1590423
1590441
1590459
1590490
1590527
1590566
1590592
1590602
1590629
1590671
1590716
1590761
1590805
1590843
1590867
1590890
1590914
1590945
1590981
1591014
1591045
1591064
1591062
1591067
1591087
1591097
1591102
1591103
1591089
1591083
1591077
1591075
1591084
1591077
1591067
1591046
1591005
1590986
1590979
1590970
1590969
1590958
1590933
1590915
1590900
1590885
1590874
1590858
1590851
1590838
1590811
1590801
1590798
1590785
1590770
1590744
1590721
1590711
1590697
1590693
1590692
1590683
1590681
1590668
1590665
1590672
1590659
1590645
1590623
1590601
1590589
1590575
1590574
1590561
1590542
1590527
1590509
1590500
1590498
1590491
1590473
1590465
1590458
1590448
1590458
1590452
1590426
1590414
1590417
1590407
1590394
1590398
1590404
1590398
1590372
1590362
1590362
1590356
1590362
1590357
1590345
1590344
1590330
1590300
1590283
1590281
1590271
1590245
1590224
1590198
1590164
1590150
1590139
1590122
1590099
1590069
1590052
1590045
1590041
1590032
1590021
1590020
1590017
1590010
1590008
1590007
1590000
1589989
1589983
1589984
1589981
1589979
1589983
1589990
1589991
1589989
1589992
1590003
1590025
1590048
1590072
1590098
1590115
1590135
1590164
1590202
1590249
1590285
1590310
1590337
1590374
1590429
1590479
1590512
1590545
1590583
1590616
1590642
1590682
1590738
1590779
1590798
1590832
1590873
1590895
1590924
1590959
1590987
1591008
1591017
1591026
1591049
1591065
1591072
1591090
1591097
1591105
1591132
1591164
1591194
1591209
1591230
1591256
1591269
1591294
1591324
1591359
1591393
1591408
1591426
1591458
1591495
1591527
1591561
1591601
1591628
1591643
1591660
1591686
1591719
1591745
1591753
1591761
1591772
1591792
1591818
1591831
1591837
1591836
1591832
1591833
1591835
1591836
1591839
1591828
1591811
1591795
1591776
1591775
1591762
1591715
1591660
1591617
1591587
1591543
1591494
1591460
1591413
1591370
1591335
1591294
1591266
1591221
1591159
1591105
1591043
1590991
1590944
1590883
1590829
1590767
1590696
1590637
1590581
1590534
1590482
1590417
1590359
1590301
1590233
1590154
1590085
1590026
1589957
1589892
1589824
1589733
1589662
1589596
1589514
1589445
1589376
1589304
1589227
1589155
1589109
1589057
1588995
1588940
1588882
1588829
1588777
1588730
1588698
1588653
1588606
1588571
1588531
1588510
1588492
1588477
1588472
1588436
1588411
1588417
1588409
1588411
1588414
1588402
1588416
1588426
1588440
1588472
1588487
1588513
1588544
1588569
1588612
1588654
1588687
1588727
1588789
1588850
1588905
1588969
1589035
1589105
1589158
1589200
1589252
1589312
1589383
1589444
1589494
1589556
1589614
1589678
1589751
1589826
1589893
1589952
1590027
1590108
1590178
1590245
1590304
1590367
1590437
1590505
1590569
1590621
1590681
1590752
1590808
1590841
1590875
1590905
1590929
1590970
1590988
1591000
1591030
1591042
1591065
1591084
1591096
1591128
1591164
1591205
1591228
1591255
1591289
1591316
1591347
1591378
1591416
1591434
1591447
1591486
1591514
1591536
1591561
1591568
1591576
1591602
1591613
1591601
1591584
1591568
1591550
1591530
1591524
1591524
1591519
1591511
1591500
1591497
1591496
1591479
1591453
1591418
1591394
1591374
1591335
1591317
1591305
1591294
1591277
1591241
1591221
1591212
1591207
1591204
1591176
1591150
1591136
1591117
1591108
1591097
1591078
1591073
1591055
1591037
1591036
1591027
1591021
1591004
1590976
1590954
1590924
1590901
1590886
1590870
1590853
1590825
1590778
1590732
1590710
1590687
1590654
1590617
1590571
1590528
1590486
1590453
1590434
1590405
1590369
1590325
1590284
1590254
1590224
1590199
1590166
1590125
1590083
1590040
1590011
1590002
1589990
1589948
1589911
1589888
1589856
1589845
1589834
1589812
1589803
1589786
1589768
1589739
1589710
1589710
1589701
1589684
1589665
1589640
1589641
1589640
1589629
1589619
1589595
1589579
1589558
1589538
1589547
1589545
1589532
1589521
1589511
1589508
1589508
1589498
1589472
1589462
1589461
1589452
1589456
1589464
1589465
1589457
1589438
1589426
1589421
1589436
1589449
1589428
1589414
1589413
1589403
1589400
1589416
1589438
1589429
1589411
1589400
1589390
1589399
1589399
1589394
1589384
1589360
1589346
1589340
1589341
1589346
1589339
1589333
1589327
1589321
1589329
1589348
1589372
1589381
1589393
1589408
1589414
1589447
1589490
1589500
1589508
1589525
1589547
1589584
1589596
1589598
1589615
1589635
1589662
1589665
1589660
1589668
1589677
1589683
1589687
1589701
1589711
1589733
1589769
1589787
1589799
1589821
1589848
1589867
1589898
1589940
1589962
1589994
1590035
1590060
1590080
1590122
1590177
1590219
1590260
1590295
1590310
1590327
1590360
1590391
1590399
1590404
1590410
1590414
1590443
1590479
1590490
1590490
1590487
1590481
1590491
1590514
1590532
1590539
1590545
1590550
1590545
1590553
1590567
1590564
1590571
1590584
1590579
1590583
1590595
1590596
1590596
1590593
1590589
1590588
1590592
1590607
1590617
1590614
1590613
1590616
1590620
1590633
1590652
1590672
1590689
1590697
1590716
1590750
1590785
1590820
1590846
1590873
1590907
1590929
1590954
1590995
1591031
1591060
1591086
1591096
1591109
1591130
1591154
1591181
1591198
1591213
1591227
1591242
1591260
1591279
1591292
1591290
1591284
1591271
1591264
1591271
1591259
1591240
1591231
1591213
1591197
1591176
1591171
1591175
1591147
1591104
1591065
1591032
1591001
1590978
1590953
1590912
1590876
1590840
1590811
1590787
1590769
1590746
1590707
1590676
1590641
1590611
1590588
1590552
1590528
1590501
1590463
1590435
1590408
1590385
1590375
1590367
1590344
1590319
1590307
1590298
1590281
1590263
1590248
1590225
1590207
1590202
1590195
1590178
1590162
1590146
1590122
1590108
1590104
1590102
1590085
1590071
1590075
1590056
1590033
1590036
1590034
1590029
1590020
1590002
1590001
1590012
1590033
1590057
1590067
1590081
1590096
1590108
1590128
1590159
1590202
1590224
1590234
1590259
1590285
1590324
1590361
1590385
1590414
1590447
1590459
1590474
1590519
1590554
1590585
1590611
1590628
1590647
1590661
1590690
1590706
1590712
1590725
1590729
1590754
1590786
1590804
1590824
1590848
1590874
1590895
1590924
1590962
1590975
1590992
1591017
1591021
1591029
1591044
1591059
1591078
1591091
1591100
1591107
1591123
1591137
1591137
1591141
1591131
1591118
1591121
1591125
1591133
1591138
1591127
1591122
1591115
1591105
1591110
1591108
1591091
1591074
1591058
1591039
1591017
1591014
1591016
1591003
1590987
1590963
1590939
1590928
1590920
1590903
1590889
1590860
1590820
1590790
1590762
1590756
1590747
1590716
1590691
1590660
1590638
1590628
1590615
1590602
1590573
1590538
1590506
1590468
1590435
1590414
1590384
1590347
1590315
1590285
1590270
1590258
1590235
1590220
1590203
1590177
1590153
1590146
1590150
1590145
1590135
1590124
1590114
1590118
1590127
1590123
1590122
1590120
1590113
1590105
1590098
1590101
1590099
1590096
1590087
1590080
1590081
1590067
1590061
1590059
1590045
1590034
1590013
1589999
1590000
1590005
1590002
1589993
1589990
1589984
1589988
1589986
1589982
1589997
1590007
1590012
1590028
1590067
1590111
1590142
1590178
1590208
1590244
1590287
1590317
1590352
1590390
1590431
1590467
1590490
1590525
1590578
1590635
1590669
1590685
1590715
1590750
1590794
1590846
1590866
1590874
1590889
1590906
1590935
1590966
1590993
1591010
1591022
1591034
1591052
1591077
1591097
1591122
1591140
1591146
1591155
1591156
1591165
1591192
1591214
1591216
1591218
1591220
1591225
1591241
1591247
1591242
1591232
1591215
1591203
1591188
1591181
1591186
1591162
1591135
1591121
1591088
1591070
1591055
1591020
1590980
1590937
1590896
1590860
1590837
1590817
1590778
1590735
1590691
1590646
1590610
1590569
1590524
1590472
1590409
1590355
1590301
1590249
1590216
1590177
1590135
1590096
1590051
1590016
1589987
1589945
1589899
1589855
1589820
1589784
1589766
1589756
1589734
1589727
1589709
1589676
1589660
1589647
1589633
1589623
1589622
1589630
1589628
1589629
1589651
1589664
1589668
1589673
1589681
1589702
1589716
1589733
1589751
1589759
1589773
1589781
1589796
1589822
1589850
1589870
1589875
1589886
1589902
1589913
1589925
1589938
1589952
1589975
1589996
1590005
1590020
1590048
1590077
1590096
1590108
1590125
1590148
1590173
1590200
1590228
1590259
1590291
1590325
1590346
1590371
1590402
1590416
1590435
1590450
1590455
1590481
1590503
1590508
1590515
1590509
1590500
1590499
1590508
1590519
1590515
1590513
1590513
1590515
1590524
1590540
1590552
1590560
1590562
1590559
1590561
1590560
1590568
1590580
1590587
1590596
1590598
1590610
1590621
1590621
1590612
1590586
1590569
1590561
1590543
1590542
1590540
1590517
1590496
1590472
1590454
1590438
1590410
1590381
1590359
1590339
1590310
1590285
1590263
1590241
1590233
1590208
1590166
1590141
1590117
1590096
1590083
1590056
1590021
1589980
1589948
1589927
1589919
1589914
1589898
1589884
1589868
1589860
1589863
1589861
1589859
1589843
1589831
1589833
1589825
1589841
1589865
1589869
1589873
1589875
1589878
1589887
1589897
1589910
1589920
1589919
1589912
1589916
1589934
1589945
1589953
1589956
1589955
1589965
1589986
1590009
1590026
1590037
1590040
1590043
1590058
1590097
1590146
1590184
1590224
1590262
1590299
1590356
1590423
1590477
1590525
1590568
1590605
1590643
1590691
1590739
1590784
1590823
1590856
1590892
1590901
1590922
1590970
1590992
1591018
1591046
1591059
1591073
1591093
1591119
1591140
1591154
1591161
1591173
1591198
1591220
1591244
1591270
1591292
1591313
1591328
1591349
1591381
1591409
1591424
1591434
1591437
1591438
1591451
1591455
1591444
1591435
1591422
1591403
1591389
1591376
1591364
1591350
1591316
1591295
1591272
1591245
1591237
1591211
1591183
1591155
1591118
1591090
1591066
1591041
1591011
1590979
1590942
1590899
1590865
1590835
1590792
1590746
1590700
1590648
1590604
1590561
1590521
1590471
1590419
1590382
1590327
1590267
1590234
1590206
1590167
1590131
1590099
1590061
1590030
1590003
1589977
1589954
1589926
1589896
1589865
1589840
1589820
1589796
1589772
1589738
1589693
1589670
1589661
1589646
1589638
1589627
1589607
1589591
1589578
1589562
1589547
1589543
1589536
1589527
1589540
1589557
1589581
1589621
1589647
1589666
1589684
1589702
1589739
1589769
1589796
1589827
1589849
1589872
1589883
1589908
1589946
1589962
1589971
1589979
1589990
1590004
1590016
1590040
1590054
1590057
1590078
1590094
1590110
1590124
1590139
1590151
1590139
1590136
1590152
1590171
1590192
1590203
1590202
1590202
1590215
1590227
1590240
1590261
1590279
1590298
1590322
1590338
1590352
1590366
1590392
1590421
1590426
1590432
1590452
1590477
1590506
1590530
1590550
1590560
1590579
1590595
1590617
1590665
1590703
1590734
1590762
1590791
1590827
1590871
1590920
1590948
1590970
1590992
1591025
1591071
1591103
1591131
1591144
1591152
1591170
1591194
1591228
1591249
1591262
1591268
1591272
1591291
1591298
1591308
1591320
1591320
1591312
1591292
1591281
1591278
1591288
1591306
1591308
1591305
1591302
1591298
1591298
1591296
1591282
1591261
1591249
1591232
1591223
1591219
1591206
1591199
1591177
1591155
1591147
1591127
1591105
1591085
1591069
1591049
1591023
1591005
1590997
1590992
1590977
1590969
1590953
1590931
1590921
1590905
1590894
1590880
1590854
1590819
1590784
1590769
1590756
1590736
1590718
1590710
1590703
1590688
1590680
1590669
1590653
1590630
1590609
1590599
1590598
1590611
1590635
1590647
1590645
1590643
1590647
1590662
1590686
1590699
1590694
1590680
1590682
1590694
1590699
1590706
1590707
1590719
1590716
1590713
1590738
1590752
1590758
1590756
1590753
1590758
1590758
1590773
1590787
1590790
1590795
1590794
1590803
1590833
1590859
1590869
1590886
1590909
1590923
1590942
1590963
1590983
1591008
1591023
1591027
1591031
1591041
1591068
1591088
1591102
1591119
1591117
1591126
1591148
1591150
1591162
1591172
1591148
1591127
1591122
1591128
1591130
1591121
1591112
1591087
1591057
1591044
1591041
1591040
1591033
1591007
1590988
1590977
1590953
1590933
1590904
1590868
1590834
1590807
1590787
1590766
1590752
1590732
1590704
1590666
1590632
1590604
1590580
1590567
1590539
1590497
1590459
1590425
1590407
1590396
1590383
1590356
1590327
1590307
1590276
1590256
1590243
1590224
1590202
1590177
1590159
1590134
1590122
1590138
1590131
1590109
1590096
1590081
1590075
1590065
1590049
1590044
1590041
1590031
1590030
1590033
1590023
1590016
1590004
1589978
1589964
1589957
1589956
1589962
1589960
1589945
1589933
1589931
1589941
1589957
1589967
1589969
1589965
1589976
1589982
1589994
1590031
1590045
1590062
1590091
1590105
1590137
1590178
1590208
1590241
1590264
1590289
1590308
1590316
1590333
1590343
1590349
1590359
1590363
1590358
1590366
1590378
1590374
1590369
1590340
1590308
1590307
1590298
1590278
1590250
1590219
1590204
1590173
1590145
1590136
1590117
1590100
1590077
1590050
1590035
1590021
1590015
1590002
1589983
1589975
1589963
1589944
1589938
1589940
1589936
1589935
1589928
1589917
1589928
1589932
1589933
1589942
1589929
1589904
1589889
1589908
1589930
1589934
1589938
1589934
1589951
1589976
1589996
1590018
1590038
1590072
1590093
1590095
1590107
1590133
1590153
1590155
1590165
1590180
1590180
1590193
1590216
1590223
1590239
1590254
1590249
1590247
1590261
1590283
1590292
1590290
1590287
1590286
1590293
1590299
1590303
1590311
1590312
1590309
1590306
1590307
1590319
1590334
1590343
1590336
1590316
1590315
1590343
1590363
1590367
1590369
1590352
1590340
1590351
1590358
1590373
1590388
1590376
1590366
1590380
1590407
1590429
1590440
1590449
1590458
1590475
1590499
1590520
1590547
1590564
1590580
1590587
1590564
1590573
1590604
1590614
1590616
1590619
1590630
1590644
1590665
1590692
1590722
1590749
1590760
1590765
1590775
1590790
1590808
1590826
1590842
1590863
1590882
1590905
1590940
1590959
1590980
1591002
1591012
1591040
1591070
1591089
1591096
1591097
1591114
1591129
1591143
1591153
1591152
1591149
1591131
1591110
1591105
1591109
1591109
1591111
1591110
1591096
1591073
1591039
1591017
1591010
1590998
1590975
1590934
1590901
1590881
1590861
1590846
1590831
1590804
1590774
1590749
1590727
1590712
1590693
1590671
1590653
1590637
1590620
1590618
1590634
1590630
1590613
1590590
1590549
1590522
1590501
1590487
1590471
1590434
1590420
1590404
1590391
1590384
1590342
1590309
1590292
1590274
1590259
1590233
1590205
1590178
1590150
1590133
1590126
1590121
1590119
1590098
1590071
1590066
1590060
1590051
1590040
1590039
1590049
1590045
1590039
1590026
1590017
1590035
1590053
1590067
1590070
1590058
1590056
1590056
1590066
1590097
1590122
1590125
1590129
1590146
1590168
1590198
1590224
1590244
1590259
1590268
1590285
1590309
1590339
1590370
1590386
1590395
1590413
1590447
1590474
1590488
1590501
1590511
1590538
1590564
1590584
1590630
1590673
1590703
1590720
1590713
1590714
1590719
1590707
1590708
1590718
1590720
1590727
1590723
1590721
1590724
1590713
1590711
1590701
1590688
1590693
1590691
1590693
1590694
1590682
1590678
1590675
1590681
1590697
1590697
1590685
1590661
1590646
1590642
1590640
1590661
1590673
1590674
1590684
1590685
1590690
1590701
1590699
1590687
1590679
1590669
1590658
1590665
1590666
1590651
1590638
1590626
1590624
1590630
1590639
1590643
1590637
1590622
1590594
1590570
1590566
1590553
1590532
1590529
1590515
1590493
1590479
1590473
1590483
1590474
1590455
1590434
1590397
1590368
1590342
1590322
1590310
1590289
1590278
1590279
1590291
1590308
1590325
1590344
1590341
1590336
1590347
1590347
1590349
1590370
1590390
1590398
1590404
1590406
1590428
1590470
1590490
1590500
1590505
1590513
1590531
1590547
1590572
1590590
1590609
1590633
1590637
1590661
1590703
1590729
1590748
1590765
1590785
1590815
1590839
1590853
1590870
1590893
1590912
1590912
1590904
1590908
1590910
1590912
1590917
1590919
1590924
1590918
1590905
1590897
1590883
1590867
1590847
1590826
1590815
1590804
1590774
1590732
1590696
1590667
1590633
1590600
1590573
1590548
1590510
1590472
1590437
1590409
1590402
1590384
1590361
1590342
1590314
1590296
1590274
1590247
1590226
1590196
1590163
1590132
1590104
1590089
1590087
1590081
1590065
1590050
1590039
1590034
1590028
1590012
1589997
1589986
1589980
1589974
1589965
1589974
1589979
1589957
1589936
1589921
1589916
1589914
1589897
1589882
1589865
1589821
1589797
1589808
1589809
1589809
1589791
1589757
1589749
1589751
1589753
1589753
1589747
1589736
1589738
1589751
1589764
1589787
1589799
1589805
1589808
1589801
1589811
1589837
1589864
1589878
1589885
1589901
1589920
1589952
1589992
1590025
1590044
1590042
1590042
1590055
1590071
1590090
1590099
1590108
1590124
1590128
1590132
1590146
1590175
1590203
1590217
1590235
1590259
1590293
1590338
1590373
1590396
1590431
1590473
1590501
1590526
1590556
1590588
1590615
1590639
1590663
1590687
1590719
1590741
1590751
1590755
1590758
1590771
1590787
1590811
1590839
1590861
1590882
1590896
1590905
1590926
1590948
1590966
1590995
1591021
1591029
1591035
1591061
1591095
1591114
1591122
1591131
1591145
1591168
1591192
1591204
1591216
1591226
1591229
1591238
1591234
1591239
1591258
1591243
1591229
1591222
1591203
1591200
1591187
1591163
1591144
1591114
1591092
1591082
1591079
1591075
1591061
1591040
1591021
1591011
1591000
1590986
1590956
1590937
1590925
1590888
1590857
1590838
1590821
1590803
1590772
1590740
1590710
1590672
1590651
1590636
1590593
1590547
1590504
1590453
1590411
1590382
1590360
1590328
1590276
1590221
1590167
1590120
1590082
1590044
1590005
1589958
1589911
1589874
1589840
1589804
1589766
1589734
1589708
1589677
1589659
1589643
1589620
1589602
1589576
1589551
1589514
1589475
1589467
1589462
1589448
1589426
1589401
1589395
1589401
1589393
1589375
1589366
1589358
1589347
1589339
1589352
1589370
1589368
1589358
1589329
1589321
1589337
1589335
1589340
1589337
1589331
1589332
1589318
1589328
1589346
1589350
1589356
1589359
1589369
1589394
1589421
1589445
1589458
1589466
1589487
1589516
1589551
1589591
1589622
1589643
1589665
1589693
1589735
1589779
1589821
1589858
1589892
1589926
1589950
1589974
1590013
1590054
1590088
1590117
1590133
1590145
1590181
1590224
1590238
1590252
1590272
1590277
1590291
1590315
1590335
1590358
1590382
1590407
1590432
1590460
1590489
1590506
1590520
1590543
1590558
1590571
1590600
1590624
1590631
1590645
1590655
1590657
1590681
1590704
1590704
1590699
1590694
1590691
1590684
1590679
1590684
1590686
1590682
1590667
1590655
1590662
1590666
1590677
1590687
1590671
1590663
1590659
1590647
1590652
1590654
1590658
1590667
1590658
1590660
1590671
1590669
1590679
1590687
1590680
1590678
1590664
1590663
1590673
1590672
1590685
1590684
1590674
1590694
1590722
1590747
1590770
1590775
1590769
1590761
1590763
1590795
1590820
1590835
1590843
1590842
1590855
1590873
1590887
1590888
1590884
1590885
1590876
1590860
1590845
1590849
1590858
1590854
1590853
1590838
1590820
1590804
1590779
1590762
1590740
1590721
1590709
1590697
1590698
1590680
1590640
1590605
1590566
1590552
1590552
1590543
1590540
1590526
1590509
1590485
1590444
1590433
1590435
1590415
1590398
1590378
1590353
1590342
1590342
1590337
1590320
1590307
1590296
1590272
1590251
1590245
1590233
1590203
1590169
1590139
1590123
1590101
1590067
1590046
1590024
1589991
1589962
1589932
1589918
1589911
1589881
1589864
1589860
1589844
1589839
1589838
1589837
1589846
1589837
1589816
1589812
1589812
1589825
1589835
1589824
1589824
1589828
1589830
1589835
1589829
1589830
1589823
1589811
1589802
1589788
1589794
1589794
1589774
1589772
1589771
1589775
1589797
1589806
1589810
1589803
1589811
1589836
1589854
1589883
1589899
1589914
1589943
1589959
1589992
1590041
1590088
1590135
1590167
1590202
1590236
1590274
1590334
1590389
1590435
1590465
1590484
1590519
1590557
1590597
1590640
1590670
1590685
1590701
1590734
1590777
1590833
1590886
1590915
1590944
1590963
1590976
1591008
1591022
1591036
1591062
1591084
1591108
1591129
1591165
1591197
1591209
1591225
1591227
1591246
1591283
1591301
1591318
1591329
1591325
1591321
1591316
1591316
1591304
1591278
1591267
1591261
1591251
1591237
1591212
1591204
1591196
1591151
1591104
1591071
1591042
1591006
1590968
1590938
1590900
1590853
1590814
1590787
1590755
1590719
1590702
1590677
1590653
1590642
1590622
1590618
1590607
1590571
1590547
1590528
1590503
1590461
1590437
1590439
1590415
1590378
1590354
1590350
1590361
1590365
1590376
1590379
1590353
1590331
1590312
1590273
1590239
1590212
1590190
1590182
1590175
1590188
1590213
1590218
1590229
1590233
1590240
1590251
1590249
1590258
1590244
1590221
1590220
1590238
1590260
1590273
1590297
1590306
1590311
1590329
1590335
1590349
1590349
1590333
1590327
1590315
1590317
1590341
1590362
1590362
1590347
1590343
1590342
1590344
1590344
1590333
1590328
1590316
1590302
1590298
1590303
1590332
1590363
1590376
1590381
1590385
1590405
1590432
1590441
1590442
1590452
1590463
1590470
1590478
1590506
1590529
1590532
1590538
1590546
1590569
1590594
1590610
1590626
1590618
1590603
1590603
1590613
1590633
1590658
1590669
1590661
1590655
1590647
1590643
1590644
1590635
1590638
1590655
1590672
1590691
1590715
1590731
1590744
1590757
1590744
1590734
1590747
1590758
1590766
1590771
1590777
1590781
1590775
1590780
1590801
1590831
1590850
1590865
1590870
1590865
1590880
1590887
1590885
1590896
1590891
1590878
1590882
1590909
1590936
1590952
1590967
1590974
1590988
1590996
1591005
1591024
1591023
1591035
1591027
1591012
1591034
1591036
1591051
1591053
1591035
1591039
1591036
1591046
1591064
1591071
1591088
1591092
1591080
1591068
1591051
1591042
1591038
1591033
1591026
1591008
1591001
1591003
1591002
1591001
1590987
1590960
1590942
1590936
1590908
1590876
1590853
1590823
1590797
1590786
1590778
1590752
1590731
1590717
1590686
1590666
1590658
1590639
1590604
1590555
1590493
1590451
1590429
1590401
1590374
1590349
1590334
1590308
1590279
1590254
1590225
1590197
1590158
1590122
1590087
1590054
1590038
1590020
1590002
1589984
1589968
1589939
1589910
1589908
1589894
1589873
1589862
1589861
1589854
1589842
1589834
1589814
1589805
1589800
1589791
1589806
1589812
1589824
1589849
1589845
1589837
1589834
1589838
1589860
1589877
1589893
1589898
1589897
1589908
1589930
1589973
1590007
1590034
1590058
1590070
1590106
1590146
1590186
1590236
1590269
1590303
1590347
1590386
1590421
1590465
1590509
1590541
1590579
1590625
1590673
1590712
1590741
1590770
1590782
1590795
1590825
1590849
1590888
1590923
1590941
1590963
1590972
1590985
1591003
1591011
1591023
1591026
1591039
1591059
1591061
1591077
1591106
1591119
1591117
1591098
1591082
1591085
1591085
1591083
1591088
1591092
1591090
1591086
1591078
1591056
1591042
1591023
1591000
1590999
1590996
1590987
1590970
1590943
1590919
1590891
1590868
1590856
1590865
1590840
1590804
1590778
1590720
1590715
1590673
1590654
1590635
1590530
1590595
1590567
1590469
1590504
1590462
1590443
1590427
1590400
1590401
1590384
1590370
1590340
1590328
1590324
1590318
1590313
1590293
1590265
1590235
1590209
1590192
1590192
1590197
1590215
1590237
1590229
1590221
1590223
1590227
1590245
1590251
1590250
1590255
1590244
1590240
1590246
1590247
1590257
1590266
1590283
1590300
1590297
1590310
1590324
1590343
1590366
1590382
1590402
1590407
1590414
1590425
1590418
1590403
1590390
1590391
1590407
1590431
1590441
1590449
1590458
1590439
1590418
1590418
1590421
1590422
1590420
1590408
1590378
1590363
1590370
1590365
1590377
1590404
1590412
1590422
1590430
1590428
1590425
1590424
1590424
1590434
1590462
1590491
1590516
1590543
1590570
1590591
1590586
1590591
1590623
1590645
1590664
1590681
1590688
1590688
1590696
1590726
1590742
1590756
1590765
1590747
1590750
1590766
1590766
1590772
1590779
1590782
1590784
1590788
1590798
1590814
1590820
1590806
1590787
1590754
1590745
1590755
1590753
1590769
1590779
1590770
1590757
1590755
1590771
1590773
1590757
1590741
1590727
1590710
1590698
1590683
1590655
1590632
1590619
1590623
1590631
1590622
1590626
1590633
1590633
1590632
1590618
1590612
1590597
1590584
1590599
1590593
1590575
1590547
1590512
1590517
1590523
1590490
1590457
1590441
1590430
1590430
1590428
1590418
1590413
1590393
1590359
1590318
1590311
1590320
1590305
1590299
1590269
1590242
1590248
1590237
1590232
1590229
1590226
1590227
1590219
1590224
1590227
1590225
1590222
1590210
1590211
1590221
1590239
1590246
1590245
1590251
1590246
1590262
1590277
1590293
1590330
1590345
1590346
1590350
1590374
1590403
1590407
1590415
1590426
1590437
1590456
1590477
1590500
1590517
1590520
1590523
1590531
1590537
1590562
1590587
1590587
1590602
1590624
1590616
1590591
1590601
1590641
1590660
1590667
1590675
1590687
1590709
1590720
1590725
1590728
1590726
1590730
1590747
1590771
1590798
1590817
1590830
1590853
1590861
1590840
1590842
1590845
1590819
1590789
1590768
1590765
1590778
1590782
1590786
1590801
1590784
1590757
1590745
1590729
1590732
1590729
1590726
1590717
1590705
1590720
1590727
1590729
1590720
1590706
1590684
1590649
1590625
1590604
1590592
1590586
1590580
1590556
1590525
1590521
1590515
1590497
1590470
1590439
1590409
1590387
1590394
1590393
1590379
1590359
1590321
1590282
1590257
1590250
1590237
1590223
1590210
1590182
1590161
1590148
1590135
1590115
1590088
1590055
1590032
1590020
1589998
1589979
1589963
1589933
1589903
1589880
1589869
1589859
1589859
1589868
1589844
1589814
1589797
1589789
1589789
1589780
1589769
1589765
1589765
1589770
1589778
1589784
1589778
1589779
1589785
1589790
1589802
1589806
1589819
1589833
1589843
1589863
1589888
1589917
1589932
1589947
1589969
1589980
1589983
1589991
1590005
1590022
1590032
1590026
1590026
1590035
1590056
1590079
1590085
1590091
1590084
1590061
1590037
1590026
1590042
1590048
1590042
1590049
1590046
1590055
1590071
1590055
1590046
1590043
1590027
1590027
1590030
1590034
1590046
1590058
1590070
1590078
1590093
1590110
1590117
1590131
1590144
1590140
1590143
1590171
1590211
1590234
1590240
1590236
1590215
1590204
1590205
1590205
1590219
1590233
1590252
1590263
1590251
1590254
1590274
1590287
1590293
1590298
1590296
1590314
1590355
1590378
1590386
1590389
1590397
1590411
1590413
1590426
1590448
1590459
1590493
1590542
1590568
1590571
1590574
1590584
1590597
1590612
1590633
1590661
1590682
1590705
1590726
1590742
1590763
1590763
1590779
1590815
1590829
1590851
1590876
1590894
1590925
1590959
1591001
1591038
1591050
1591039
1591031
1591046
1591058
1591055
1591048
1591043
1591037
1591030
1591036
1591054
1591064
1591063
1591056
1591023
1590987
1590973
1590962
1590954
1590949
1590945
1590935
1590925
1590921
1590916
1590906
1590887
1590873
1590874
1590862
1590846
1590847
1590836
1590824
1590824
1590824
1590830
1590818
1590806
1590802
1590781
1590767
1590759
1590746
1590718
1590686
1590673
1590666
1590651
1590627
1590616
1590612
1590600
1590583
1590546
1590538
1590539
1590502
1590473
1590460
1590461
1590451
1590441
1590436
1590419
1590410
1590382
1590367
1590368
1590370
1590387
1590381
1590373
1590366
1590356
1590342
1590332
1590346
1590349
1590340
1590322
1590311
1590306
1590291
1590288
1590270
1590271
1590290
1590278
1590278
1590280
1590292
1590306
1590290
1590273
1590283
1590312
1590317
1590317
1590311
1590299
1590311
1590334
1590360
1590369
1590378
1590392
1590393
1590406
1590411
1590409
1590408
1590423
1590452
1590461
1590476
1590491
1590503
1590515
1590512
1590493
1590471
1590490
1590512
1590523
1590543
1590549
1590565
1590575
1590588
1590614
1590626
1590642
1590654
1590662
1590656
1590658
1590664
1590661
1590677
1590672
1590661
1590665
1590662
1590672
1590678
1590666
1590638
1590621
1590623
1590617
1590611
1590617
1590619
1590608
1590611
1590620
1590612
1590602
1590581
1590563
1590556
1590550
1590545
1590539
1590535
1590524
1590518
1590509
1590497
1590495
1590476
1590462
1590446
1590421
1590410
1590399
1590400
1590407
1590423
1590423
1590416
1590433
1590442
1590465
1590474
1590483
1590494
1590464
1590477
1590494
1590493
1590498
1590490
1590505
1590524
1590550
1590567
1590565
1590568
1590559
1590561
1590582
1590603
1590601
1590590
1590581
1590573
1590574
1590580
1590598
1590605
1590613
1590628
1590632
1590643
1590654
1590648
1590645
1590650
1590647
1590654
1590673
1590675
1590695
1590716
1590707
1590700
1590681
1590679
1590699
1590714
1590723
1590708
1590687
1590684
1590719
1590753
1590757
1590757
1590742
1590721
1590700
1590700
1590702
1590701
1590704
1590683
1590662
1590647
1590667
1590704
1590728
1590744
1590725
1590703
1590701
1590705
1590684
1590674
1590660
1590625
1590633
1590645
1590668
1590706
1590719
1590699
1590664
1590655
1590651
1590655
1590634
1590605
1590600
1590586
1590599
1590610
1590605
1590595
1590592
1590612
1590619
1590622
1590618
1590618
1590613
1590596
1590599
1590620
1590634
1590610
1590581
1590544
1590506
1590502
1590518
1590525
1590502
1590506
1590501
1590473
1590461
1590443
1590453
1590438
1590412
1590388
1590353
1590355
1590343
1590340
1590348
1590321
1590286
1590262
1590248
1590233
1590232
1590221
1590210
1590214
1590209
1590209
1590180
1590160
1590160
1590149
1590154
1590153
1590172
1590206
1590220
1590225
1590224
1590243
1590261
1590273
1590280
1590270
1590254
1590237
1590242
1590266
1590300
1590322
1590335
1590349
1590347
1590355
1590362
1590359
1590353
1590354
1590365
1590365
1590364
1590360
1590364
1590373
1590385
1590423
1590451
1590451
1590424
1590391
1590367
1590360
1590369
1590363
1590356
1590358
1590344
1590316
1590306
1590296
1590279
1590276
1590242
1590192
1590166
1590125
1590085
1590082
1590094
1590090
1590087
1590078
1590060
1590047
1590018
1589991
1589977
1589975
1589977
1589952
1589926
1589912
1589910
1589906
1589902
1589901
1589900
1589917
1589930
1589919
1589886
1589863
1589855
1589860
1589885
1589899
1589904
1589895
1589899
1589920
1589947
1589979
1589996
1590015
1590000
1589979
1589985
1590004
1590042
1590059
1590086
1590119
1590145
1590184
1590213
1590230
1590237
1590263
1590279
1590275
1590298
1590336
1590357
1590361
1590389
1590430
1590481
1590536
1590555
1590579
1590602
1590615
1590632
1590648
1590683
1590730
1590758
1590784
1590823
1590861
1590905
1590935
1590947
1590961
1590975
1591000
1591026
1591054
1591069
1591079
1591092
1591109
1591131
1591133
1591132
1591117
1591110
1591106
1591088
1591099
1591111
1591131
1591134
1591116
1591103
1591076
1591081
1591086
1591069
1591068
1591082
1591082
1591059
1591060
1591051
1591030
1591004
1590971
1590948
1590920
1590902
1590895
1590895
1590884
1590861
1590836
1590810
1590802
1590773
1590728
1590686
1590644
1590614
1590623
1590646
1590639
1590626
1590599
1590566
1590545
1590546
1590548
1590534
1590521
1590482
1590455
1590436
1590418
1590413
1590401
1590389
1590376
1590389
1590391
1590397
1590433
1590422
1590378
1590345
1590341
1590351
1590350
1590350
1590341
1590328
1590329
1590320
1590317
1590334
1590329
1590320
1590312
1590297
1590303
1590306
1590301
1590294
1590293
1590315
1590340
1590354
1590368
1590363
1590323
1590312
1590331
1590361
1590381
1590358
1590356
1590376
1590420
1590454
1590448
1590463
1590473
1590468
1590464
1590481
1590510
1590528
1590544
1590542
1590552
1590584
1590605
1590613
1590617
1590628
1590638
1590645
1590643
1590642
1590659
1590692
1590723
1590748
1590779
1590787
1590774
1590771
1590769
1590776
1590801
1590809
1590818
1590845
1590867
1590914
1590957
1590974
1591007
1591047
1591062
1591059
1591072
1591103
1591143
1591174
1591198
1591214
1591187
1591157
1591164
1591173
1591165
1591169
1591178
1591182
1591193
1591175
1591146
1591151
1591173
1591195
1591192
1591172
1591149
1591114
1591092
1591092
1591111
1591129
1591120
1591088
1591056
1591048
1591027
1590991
1590976
1590960
1590938
1590911
1590902
1590902
1590881
1590865
1590847
1590819
1590798
1590789
1590777
1590757
1590743
1590717
1590692
1590683
1590664
1590641
1590621
1590609
1590600
1590605
1590621
1590612
1590601
1590597
1590587
1590569
1590542
1590516
1590484
1590460
1590450
1590421
1590386
1590377
1590376
1590379
1590373
1590347
1590322
1590282
1590245
1590222
1590178
1590137
1590106
1590063
1590030
1590021
1590012
1589985
1589955
1589922
1589869
1589825
1589796
1589771
1589757
1589730
1589708
1589692
1589672
1589653
1589615
1589586
1589571
1589555
1589554
1589549
1589528
1589505
1589467
1589417
1589388
1589381
1589374
1589360
1589347
1589314
1589277
1589250
1589236
1589260
1589276
1589262
1589246
1589218
1589208
1589217
1589206
1589208
1589215
1589198
1589189
1589181
1589176
1589191
1589213
1589232
1589249
1589258
1589263
1589277
1589293
1589319
1589352
1589373
1589390
1589402
1589417
1589445
1589461
1589453
1589456
1589479
1589497
1589511
1589524
1589531
1589534
1589543
1589572
1589624
1589662
1589673
1589680
1589685
1589700
1589724
1589745
1589766
1589781
1589787
1589795
1589819
1589852
1589901
1589953
1589980
1590008
1590030
1590053
1590105
1590142
1590165
1590189
1590203
1590221
1590249
1590270
1590299
1590349
1590381
1590401
1590428
1590449
1590472
1590491
1590499
1590521
1590538
1590535
1590541
1590535
1590525
1590546
1590574
1590605
1590632
1590641
1590643
1590641
1590626
1590593
1590571
1590585
1590620
1590636
1590628
1590627
1590613
1590611
1590630
1590625
1590616
1590616
1590623
1590634
1590634
1590647
1590669
1590687
1590701
1590699
1590700
1590693
1590682
1590672
1590664
1590680
1590679
1590689
1590719
1590716
1590715
1590721
1590718
1590719
1590729
1590737
1590731
1590722
1590721
1590720
1590725
1590712
1590681
1590684
1590684
1590668
1590667
1590663
1590656
1590656
1590667
1590684
1590700
1590695
1590678
1590651
1590619
1590614
1590613
1590618
1590636
1590632
1590619
1590631
1590650
1590664
1590654
1590622
1590589
1590545
1590515
1590504
1590497
1590516
1590536
1590530
1590520
1590498
1590451
1590421
1590397
1590366
1590358
1590337
1590298
1590279
1590279
1590288
1590292
1590304
1590325
1590325
1590302
1590264
1590240
1590244
1590237
1590231
1590236
1590241
1590252
1590250
1590235
1590233
1590231
1590211
1590182
1590164
1590168
1590157
1590132
1590150
1590160
1590123
1590097
1590079
1590074
1590078
1590078
1590096
1590098
1590089
1590084
1590077
1590090
1590080
1590053
1590048
1590036
1590029
1590027
1590021
1590026
1590023
1590015
1590036
1590060
1590059
1590033
1589994
1589978
1589981
1589988
1589994
1589981
1589986
1590007
1590012
1590026
1590038
1590032
1590015
1589981
1589957
1589958
1589950
1589933
1589931
1589941
1589959
1589963
1589969
1589990
1589974
1589952
1589970
1590001
1590007
1589981
1589960
1589937
1589935
1589983
1590027
1590052
1590087
1590121
1590121
1590100
1590085
1590090
1590107
1590115
1590136
1590150
1590151
1590156
1590149
1590166
1590200
1590218
1590232
1590241
1590262
1590276
1590278
1590284
1590282
1590311
1590341
1590319
1590307
1590308
1590297
1590307
1590340
1590357
1590367
1590382
1590377
1590385
1590403
1590381
1590361
1590376
1590387
1590399
1590417
1590427
1590449
1590469
1590501
1590532
1590524
1590507
1590498
1590501
1590518
1590545
1590558
1590544
1590540
1590547
1590560
1590581
1590589
1590577
1590548
1590520
1590518
1590554
1590584
1590598
1590600
1590561
1590518
1590496
1590495
1590498
1590485
1590499
1590517
1590505
1590488
1590472
1590460
1590470
1590468
1590436
1590401
1590381
1590372
1590360
1590360
1590357
1590336
1590331
1590338
1590323
1590281
1590247
1590217
1590179
1590167
1590178
1590176
1590157
1590127
1590087
1590073
1590085
1590111
1590124
1590068
1590000
1589974
1589960
1589952
1589940
1589938
1589945
1589946
1589929
1589884
1589847
1589831
1589809
1589784
1589768
1589761
1589768
1589770
1589759
1589750
1589716
1589675
1589652
1589639
1589661
1589673
1589659
1589663
1589685
1589725
1589758
1589765
1589741
1589706
1589685
1589684
1589700
1589700
1589705
1589732
1589762
1589797
1589803
1589802
1589824
1589852
1589884
1589912
1589927
1589938
1589960
1589981
1590008
1590042
1590057
1590070
1590081
1590093
1590123
1590162
1590204
1590238
1590260
1590293
1590343
1590384
1590424
1590453
1590455
1590482
1590540
1590581
1590585
1590575
1590589
1590619
1590657
1590696
1590722
1590745
1590759
1590767
1590771
1590787
1590803
1590798
1590771
1590747
1590751
1590773
1590796
1590808
1590824
1590837
1590839
1590855
1590874
1590892
1590900
1590899
1590904
1590904
1590909
1590926
1590952
1590985
1591004
1591008
1591016
1591022
1591037
1591065
1591090
1591093
1591061
1591027
1591027
1591064
1591106
1591130
1591133
1591136
1591150
1591145
1591139
1591143
1591132
1591135
1591141
1591120
1591108
1591131
1591153
1591147
1591133
1591122
1591127
1591158
1591162
1591130
1591107
1591100
1591099
1591090
1591057
1591039
1591042
1591045
1591060
1591080
1591103
1591105
1591117
1591150
1591123
1591084
1591064
1591061
1591096
1591109
1591113
1591134
1591133
1591144
1591167
1591176
1591179
1591170
1591162
1591155
1591146
1591136
1591122
1591120
1591128
1591134
1591151
1591178
1591181
1591148
1591128
1591129
1591104
1591063
1591043
1591036
1591037
1591031
1591011
1590999
1590996
1590978
1590943
1590916
1590917
1590911
1590887
1590877
1590883
1590888
1590878
1590868
1590857
1590827
1590809
1590810
1590814
1590812
1590806
1590807
1590815
1590814
1590807
1590809
1590803
1590801
1590813
1590818
1590819
1590817
1590815
1590819
1590816
1590819
1590839
1590846
1590836
1590828
1590828
1590851
1590885
1590896
1590904
1590922
1590934
1590930
1590915
1590932
1590961
1590968
1590961
1590956
1590978
1591015
1591047
1591052
1591052
1591071
1591090
1591122
1591153
1591172
1591182
1591185
1591201
1591220
1591236
1591255
1591270
1591284
1591308
1591325
1591329
1591343
1591365
1591369
1591359
1591353
1591347
1591339
1591336
1591339
1591343
1591330
1591305
1591292
1591285
1591263
1591228
1591207
1591208
1591221
1591209
1591183
1591152
1591098
1591068
1591043
1591009
1591002
1590979
1590963
1590960
1590943
1590917
1590880
1590843
1590804
1590767
1590726
1590681
1590654
1590624
1590601
1590582
1590540
1590517
1590498
1590450
1590422
1590415
1590396
1590373
1590341
1590298
1590256
1590223
1590216
1590212
1590180
1590139
1590111
1590092
1590094
1590091
1590071
1590063
1590057
1590033
1590008
1590001
1590011
1590009
1589982
1589964
1589962
1589949
1589955
1589983
1589997
1589992
1589972
1589955
1589969
1589996
1590002
1589995
1589999
1590011
1590008
1590015
1590024
1590011
1590000
1589996
1590011
1590034
1590044
1590063
1590068
1590054
1590056
1590070
1590091
1590111
1590120
1590133
1590151
1590162
1590151
1590166
1590221
1590258
1590274
1590278
1590284
1590306
1590336
1590368
1590378
1590384
1590389
1590398
1590424
1590449
1590473
1590491
1590510
1590526
1590534
1590538
1590538
1590561
1590583
1590589
1590600
1590598
1590603
1590620
1590653
1590683
1590679
1590671
1590676
1590689
1590713
1590740
1590771
1590778
1590762
1590765
1590785
1590819
1590850
1590851
1590851
1590870
1590901
1590937
1590963
1590974
1590979
1590978
1590997
1591049
1591078
1591087
1591106
1591123
1591147
1591159
1591161
1591185
1591225
1591246
1591233
1591213
1591224
1591259
1591280
1591282
1591270
1591272
1591288
1591290
1591303
1591301
1591299
1591321
1591328
1591328
1591339
1591373
1591391
1591377
1591384
1591403
1591424
1591432
1591423
1591416
1591402
1591402
1591423
1591440
1591440
1591419
1591419
1591438
1591431
1591419
1591431
1591447
1591432
1591390
1591343
1591322
1591318
1591283
1591243
1591212
1591161
1591125
1591112
1591085
1591053
1591015
1590957
1590900
1590852
1590828
1590803
1590761
1590725
1590697
1590673
1590649
1590610
1590565
1590537
1590514
1590480
1590442
1590414
1590394
1590359
1590342
1590333
1590304
1590293
1590299
1590303
1590293
1590262
1590228
1590208
1590192
1590169
1590155
1590131
1590096
1590092
1590103
1590103
1590099
1590094
1590083
1590065
1590045
1590022
1590014
1590026
1590040
1590044
1590031
1590028
1590041
1590049
1590051
1590046
1590054
1590079
1590081
1590055
1590049
1590048
1590042
1590052
1590048
1590039
1590039
1590044
1590056
1590064
1590066
1590061
1590065
1590076
1590064
1590047
1590045
1590037
1590044
1590081
1590107
1590115
1590102
1590092
1590115
1590137
1590167
1590214
1590249
1590255
1590267
1590299
1590317
1590328
1590342
1590350
1590364
1590379
1590388
1590397
1590407
1590423
1590451
1590454
1590444
1590436
1590427
1590434
1590427
1590409
1590401
1590403
1590417
1590426
1590435
1590435
1590424
1590403
1590389
1590404
1590408
1590406
1590409
1590412
1590412
1590400
1590405
1590402
1590395
1590400
1590386
1590375
1590372
1590373
1590366
1590346
1590334
1590321
1590306
1590293
1590300
1590306
1590290
1590275
1590251
1590226
1590211
1590210
1590218
1590221
1590225
1590209
1590183
1590182
1590182
1590180
1590167
1590146
1590137
1590141
1590156
1590151
1590156
1590179
1590173
1590174
1590177
1590178
1590169
1590134
1590127
1590148
1590158
1590154
1590154
1590172
1590179
1590166
1590158
1590147
1590144
1590151
1590151
1590137
1590126
1590128
1590126
1590129
1590138
1590129
1590110
1590095
1590081
1590074
1590086
1590104
1590108
1590098
1590086
1590083
1590091
1590091
1590071
1590044
1590022
1590016
1590021
1590027
1590026
1590018
1590012
1590008
1590009
1590014
1590024
1590028
1590007
1589990
1589990
1589991
1590002
1590020
1590026
1590026
1590042
1590067
1590087
1590094
1590093
1590092
1590096
1590103
1590100
1590115
1590138
1590131
1590132
1590149
1590165
1590193
1590206
1590209
1590221
1590232
1590245
1590243
1590249
1590276
1590289
1590307
1590318
1590311
1590330
1590365
1590393
1590402
1590402
1590426
1590458
1590492
1590518
1590520
1590538
1590566
1590582
1590598
1590596
1590595
1590613
1590615
1590612
1590614
1590634
1590654
1590674
1590693
1590682
1590676
1590681
1590679
1590672
1590657
1590632
1590617
1590617
1590614
1590621
1590631
1590631
1590640
1590634
1590627
1590642
1590645
1590633
1590621
1590619
1590613
1590609
1590630
1590639
1590631
1590639
1590640
1590623
1590608
1590613
1590631
1590654
1590669
1590658
1590647
1590655
1590656
1590637
1590615
1590602
1590590
1590576
1590570
1590560
1590546
1590554
1590566
1590563
1590563
1590561
1590551
1590540
1590533
1590529
1590526
1590528
1590534
1590522
1590500
1590502
1590516
1590517
1590514
1590519
1590535
1590538
1590538
1590544
1590536
1590546
1590558
1590559
1590557
1590548
1590547
1590552
1590573
1590586
1590587
1590600
1590595
1590599
1590613
1590603
1590600
1590613
1590631
1590643
1590644
1590648
1590660
1590659
1590639
1590637
1590645
1590651
1590667
1590688
1590707
1590711
1590715
1590721
1590718
1590710
1590684
1590671
1590670
1590645
1590640
1590654
1590650
1590636
1590608
1590592
1590575
1590553
1590545
1590526
1590507
1590490
1590472
1590463
1590468
1590473
1590462
1590451
1590431
1590401
1590392
1590396
1590410
1590429
1590435
1590435
1590421
1590401
1590388
1590370
1590354
1590335
1590309
1590280
1590267
1590269
1590254
1590245
1590228
1590197
1590178
1590151
1590125
1590102
1590080
1590061
1590033
1590029
1590036
1590028
1590012
1589989
1589969
1589955
1589966
1589969
1589960
1589961
1589952
1589945
1589936
1589933
1589941
1589928
1589914
1589905
1589900
1589908
1589916
1589924
1589931
1589924
1589906
1589884
1589868
1589868
1589887
1589897
1589897
1589915
1589921
1589927
1589944
1589957
1589967
1589954
1589952
1589966
1589977
1590010
1590044
1590050
1590046
1590057
1590081
1590105
1590113
1590100
1590091
1590087
1590097
1590131
1590156
1590181
1590199
1590208
1590221
1590234
1590246
1590247
1590248
1590256
1590256
1590266
1590292
1590315
1590335
1590349
1590357
1590371
1590374
1590391
1590431
1590443
1590453
1590476
1590487
1590501
1590514
1590528
1590543
1590543
1590545
1590553
1590579
1590616
1590635
1590654
1590663
1590656
1590657
1590672
1590695
1590713
1590724
1590738
1590749
1590764
1590787
1590806
1590798
1590789
1590799
1590805
1590821
1590840
1590840
1590824
1590809
1590808
1590808
1590803
1590800
1590805
1590801
1590789
1590779
1590766
1590759
1590757
1590767
1590775
1590762
1590740
1590714
1590693
1590688
1590685
1590681
1590688
1590699
1590703
1590706
1590720
1590723
1590713
1590700
1590682
1590676
1590672
1590666
1590654
1590634
1590634
1590641
1590651
1590662
1590654
1590640
1590619
1590611
1590615
1590596
1590573
1590564
1590553
1590533
1590496
1590461
1590452
1590449
1590442
1590430
1590422
1590423
1590413
1590397
1590368
1590319
1590280
1590251
1590227
1590219
1590210
1590181
1590152
1590139
1590135
1590145
1590147
1590131
1590106
1590077
1590070
1590067
1590057
1590053
1590044
1590048
1590063
1590080
1590097
1590107
1590113
1590108
1590100
1590099
1590106
1590114
1590122
1590142
1590147
1590141
1590130
1590126
1590136
1590146
1590160
1590173
1590179
1590177
1590177
1590186
1590184
1590172
1590164
1590163
1590174
1590194
1590202
1590208
1590201
1590173
1590170
1590179
1590183
1590198
1590201
1590190
1590174
1590165
1590172
1590165
1590158
1590151
1590135
1590131
1590124
1590132
1590144
1590143
1590144
1590124
1590117
1590134
1590139
1590140
1590130
1590106
1590096
1590089
1590076
1590076
1590074
1590072
1590081
1590089
1590111
1590122
1590114
1590099
1590076
1590057
1590034
1590016
1590007
1590007
1590010
1589996
1589972
1589950
1589941
1589939
1589934
1589924
1589905
1589891
1589883
1589881
1589891
1589893
1589885
1589873
1589863
1589863
1589863
1589859
1589862
1589856
1589850
1589858
1589860
1589887
1589922
1589931
1589936
1589922
1589926
1589952
1589958
1589968
1589978
1589986
1590000
1590020
1590041
1590058
1590082
1590102
1590098
1590103
1590135
1590150
1590150
1590165
1590176
1590195
1590218
1590241
1590275
1590295
1590307
1590317
1590332
1590364
1590392
1590419
1590447
1590456
1590467
1590481
1590500
1590543
1590574
1590577
1590586
1590597
1590624
1590649
1590655
1590680
1590701
1590716
1590741
1590755
1590775
1590797
1590800
1590791
1590785
1590795
1590815
1590829
1590844
1590856
1590868
1590877
1590884
1590902
1590914
1590911
1590897
1590889
1590900
1590925
1590955
1590969
1590985
1591000
1590993
1590993
1591011
1591026
1591042
1591063
1591082
1591093
1591108
1591129
1591146
1591162
1591166
1591147
1591139
1591158
1591188
1591206
1591207
1591200
1591191
1591192
1591195
1591183
1591161
1591140
1591115
1591084
1591063
1591053
1591051
1591040
1591011
1590997
1590990
1590973
1590960
1590956
1590945
1590911
1590860
1590832
1590832
1590843
1590848
1590836
1590821
1590812
1590808
1590800
1590782
1590760
1590738
1590731
1590724
1590713
1590713
1590708
1590693
1590669
1590648
1590645
1590635
1590608
1590584
1590572
1590569
1590548
1590536
1590547
1590549
1590544
1590513
1590476
1590459
1590439
1590417
1590413
1590419
1590414
1590391
1590373
1590369
1590365
1590353
1590336
1590308
1590280
1590258
1590245
1590231
1590219
1590219
1590206
1590182
1590162
1590156
1590159
1590143
1590111
1590085
1590063
1590048
1590036
1590022
1590007
1589987
1589978
1589976
1589978
1589992
1589995
1589984
1589977
1589979
1589989
1589987
1589969
1589963
1589971
1589985
1590003
1590028
1590060
1590081
1590093
1590101
1590096
1590102
1590112
1590122
1590142
1590151
1590158
1590171
1590188
1590214
1590243
1590273
1590299
1590302
1590304
1590319
1590321
1590325
1590343
1590359
1590382
1590410
1590430
1590456
1590478
1590473
1590467
1590482
1590501
1590522
1590548
1590571
1590589
1590606
1590634
1590670
1590707
1590745
1590777
1590809
1590836
1590865
1590893
1590911
1590942
1590970
1590988
1591012
1591039
1591075
1591113
1591142
1591170
1591194
1591212
1591238
1591256
1591275
1591303
1591311
1591314
1591315
1591329
1591341
1591341
1591359
1591372
1591381
1591394
1591390
1591387
1591386
1591388
1591386
1591381
1591391
1591393
1591392
1591379
1591341
1591330
1591340
1591331
1591313
1591312
1591311
1591292
1591284
1591294
1591301
1591306
1591299
1591286
1591268
1591238
1591219
1591208
1591191
1591174
1591163
1591155
1591144
1591145
1591140
1591120
1591104
1591069
1591044
1591035
1591000
1590975
1590961
1590933
1590910
1590889
1590886
1590899
1590877
1590823
1590785
1590766
1590768
1590778
1590763
1590735
1590704
1590687
1590674
1590662
1590673
1590670
1590659
1590659
1590656
1590654
1590641
1590628
1590620
1590601
1590575
1590570
1590576
1590576
1590577
1590573
1590563
1590553
1590549
1590557
1590566
1590560
1590555
1590568
1590578
1590590
1590614
1590624
1590624
1590625
1590617
1590615
1590629
1590641
1590650
1590655
1590657
1590671
1590682
1590680
1590693
1590711
1590720
1590716
1590710
1590716
1590726
1590739
1590747
1590749
1590756
1590756
1590765
1590798
1590825
1590835
1590832
1590828
1590833
1590851
1590863
1590857
1590858
1590869
1590878
1590882
1590892
1590901
1590907
1590918
1590913
1590912
1590931
1590935
1590928
1590914
1590900
1590894
1590888
1590892
1590915
1590930
1590914
1590893
1590878
1590860
1590843
1590826
1590814
1590811
1590799
1590773
1590755
1590749
1590748
1590759
1590764
1590753
1590743
1590744
1590743
1590735
1590730
1590722
1590713
1590706
1590705
1590704
1590693
1590685
1590676
1590663
1590667
1590666
1590656
1590652
1590644
1590629
1590610
1590595
1590584
1590579
1590584
1590577
1590550
1590534
1590536
1590522
1590503
1590489
1590467
1590447
1590428
1590427
1590437
1590442
1590442
1590430
1590424
1590421
1590415
1590406
1590392
1590382
1590357
1590339
1590350
1590346
1590341
1590342
1590328
1590325
1590327
1590317
1590304
1590295
1590287
1590278
1590263
1590256
1590272
1590283
1590279
1590275
1590262
1590259
1590267
1590253
1590241
1590232
1590220
1590212
1590202
1590202
1590204
1590207
1590190
1590158
1590150
1590144
1590141
1590132
1590125
1590131
1590131
1590133
1590125
1590125
1590122
1590107
1590110
1590112
1590122
1590132
1590115
1590096
1590079
1590074
1590082
1590077
1590072
1590077
1590076
1590062
1590044
1590046
1590054
1590044
1590031
1590025
1590011
1589989
1589988
1590005
1590022
1590036
1590029
1590010
1590008
1590022
1590038
1590045
1590044
1590046
1590049
1590055
1590080
1590098
1590100
1590100
1590088
1590090
1590114
1590117
1590118
1590116
1590091
1590085
1590086
1590092
1590124
1590142
1590146
1590141
1590121
1590126
1590149
1590167
1590192
1590194
1590181
1590181
1590179
1590192
1590203
1590192
1590187
1590178
1590176
1590169
1590153
1590151
1590150
1590147
1590137
1590132
1590131
1590134
1590144
1590136
1590129
1590128
1590130
1590135
1590131
1590129
1590125
1590129
1590140
1590147
1590170
1590191
1590199
1590213
1590220
1590241
1590277
1590289
1590310
1590326
1590333
1590344
1590352
1590384
1590392
1590386
1590398
1590393
1590398
1590401
1590407
1590406
1590398
1590404
1590392
1590386
1590388
1590387
1590390
1590376
1590360
1590343
1590336
1590336
1590323
1590316
1590311
1590296
1590279
1590276
1590282
1590274
1590250
1590223
1590191
1590168
1590152
1590136
1590128
1590114
1590087
1590073
1590065
1590050
1590021
1589987
1589974
1589968
1589951
1589945
1589932
1589910
1589895
1589867
1589840
1589838
1589850
1589858
1589852
1589823
1589782
1589757
1589747
1589745
1589733
1589710
1589688
1589662
1589631
1589607
1589599
1589585
1589562
1589543
1589526
1589509
1589494
1589486
1589473
1589457
1589457
1589454
1589446
1589442
1589438
1589429
1589415
1589409
1589416
1589436
1589447
1589438
1589451
1589473
1589466
1589463
1589477
1589503
1589543
1589564
1589565
1589574
1589590
1589603
1589618
1589629
1589629
1589639
1589651
1589670
1589699
1589715
1589726
1589732
1589729
1589736
1589750
1589771
1589799
1589820
1589826
1589831
1589860
1589908
1589943
1589967
1589989
1590010
1590033
1590047
1590067
1590090
1590097
1590113
1590136
1590158
1590194
1590223
1590242
1590264
1590275
1590278
1590313
1590347
1590355
1590383
1590407
1590420
1590447
1590475
1590508
1590524
1590527
1590541
1590561
1590579
1590588
1590608
1590626
1590632
1590640
1590637
1590634
1590653
1590679
1590685
1590689
1590692
1590690
1590692
1590684
1590677
1590674
1590674
1590682
1590689
1590703
1590714
1590718
1590712
1590701
1590699
1590705
1590709
1590708
1590707
1590708
1590706
1590716
1590740
1590764
1590774
1590764
1590750
1590743
1590743
1590767
1590785
1590777
1590775
1590782
1590787
1590797
1590810
1590819
1590813
1590801
1590792
1590787
1590803
1590808
1590793
1590782
1590773
1590768
1590760
1590757
1590761
1590749
1590725
1590703
1590690
1590691
1590697
1590694
1590683
1590665
1590644
1590631
1590628
1590630
1590627
1590620
1590609
1590593
1590586
1590588
1590577
1590564
1590554
1590536
1590533
1590543
1590550
1590553
1590551
1590538
1590527
1590525
1590516
1590502
1590485
1590471
1590465
1590451
1590462
1590476
1590464
1590452
1590435
1590416
1590400
1590389
1590391
1590389
1590387
1590384
1590369
1590348
1590339
1590345
1590355
1590365
1590361
1590346
1590351
1590363
1590360
1590351
1590335
1590317
1590307
1590313
1590325
1590318
1590315
1590315
1590316
1590331
1590336
1590341
1590342
1590338
1590344
1590342
1590339
1590344
1590352
1590353
1590346
1590345
1590346
1590362
1590365
1590345
1590348
1590346
1590332
1590332
1590337
1590339
1590339
1590334
1590315
1590297
1590287
1590290
1590308
1590316
1590315
1590306
1590294
1590296
1590308
1590321
1590326
1590328
1590342
1590361
1590384
1590397
1590391
1590390
1590398
1590405
1590423
1590450
1590478
1590504
1590530
1590540
1590548
1590578
1590604
1590629
1590665
1590687
1590701
1590714
1590730
1590752
1590772
1590794
1590808
1590814
1590827
1590846
1590859
1590871
1590898
1590925
1590935
1590946
1590961
1590977
1590993
1591009
1591009
1591003
1591016
1591020
1591017
1591025
1591027
1591021
1591019
1591036
1591052
1591053
1591046
1591030
1591015
1591020
1591042
1591042
1591026
1591016
1591006
1591008
1591015
1591016
1591020
1591016
1591025
1591035
1591031
1591033
1591017
1590999
1590988
1590971
1590961
1590951
1590948
1590942
1590920
1590899
1590882
1590868
1590859
1590841
1590830
1590827
1590801
1590780
1590778
1590784
1590791
1590781
1590769
1590756
1590733
1590726
1590730
1590723
1590701
1590678
1590658
1590649
1590655
1590671
1590681
1590664
1590645
1590632
1590627
1590618
1590594
1590594
1590600
1590589
1590572
1590557
1590552
1590542
1590533
1590517
1590493
1590483
1590488
1590485
1590472
1590478
1590488
1590486
1590488
1590497
1590504
1590490
1590476
1590477
1590475
1590478
1590479
1590469
1590457
1590452
1590463
1590460
1590443
1590452
1590465
1590465
1590485
1590491
1590488
1590496
1590495
1590489
1590477
1590475
1590472
1590466
1590476
1590481
1590491
1590509
1590522
1590531
1590530
1590524
1590516
1590502
1590491
1590483
1590490
1590513
1590535
1590558
1590570
1590574
1590572
1590563
1590577
1590593
1590605
1590632
1590643
1590651
1590672
1590689
1590706
1590718
1590714
1590712
1590722
1590743
1590750
1590751
1590758
1590742
1590729
1590738
1590753
1590779
1590795
1590793
1590780
1590766
1590769
1590770
1590766
1590773
1590770
1590764
1590768
1590772
1590771
1590756
1590741
1590731
1590727
1590727
1590721
1590722
1590722
1590716
1590717
1590721
1590712
1590702
1590714
1590713
1590704
1590702
1590704
1590719
1590724
1590725
1590728
1590708
1590687
1590682
1590675
1590681
1590686
1590674
1590662
1590641
1590633
1590636
1590634
1590638
1590621
1590602
1590591
1590562
1590534
1590497
1590461
1590439
1590404
1590379
1590372
1590371
1590367
1590348
1590325
1590301
1590277
1590266
1590265
1590253
1590227
1590203
1590189
1590182
1590168
1590144
1590122
1590110
1590109
1590107
1590105
1590115
1590110
1590089
1590076
1590071
1590076
1590085
1590086
1590075
1590062
1590064
1590068
1590068
1590080
1590079
1590062
1590061
1590065
1590059
1590043
1590025
1590019
1590010
1589988
1589979
1589979
1589987
1589997
1589994
1589993
1589985
1589986
1590008
1590025
1590034
1590039
1590050
1590061
1590064
1590086
1590115
1590123
1590137
1590153
1590161
1590184
1590209
1590227
1590241
1590239
1590241
1590262
1590292
1590316
1590320
1590311
1590321
1590344
1590363
1590391
1590412
1590426
1590440
1590436
1590436
1590456
1590484
1590516
1590528
1590532
1590539
1590541
1590549
1590562
1590573
1590580
1590586
1590591
1590598
1590604
1590613
1590629
1590633
1590619
1590614
1590620
1590615
1590599
1590586
1590592
1590592
1590578
1590575
1590583
1590584
1590563
1590552
1590548
1590545
1590564
1590567
1590546
1590523
1590497
1590476
1590466
1590472
1590474
1590450
1590425
1590405
1590385
1590375
1590365
1590357
1590344
1590317
1590303
1590291
1590293
1590300
1590282
1590269
1590249
1590227
1590227
1590221
1590207
1590194
1590178
1590165
1590169
1590177
1590176
1590182
1590185
1590178
1590174
1590180
1590188
1590191
1590196
1590209
1590207
1590201
1590222
1590241
1590250
1590267
1590274
1590271
1590281
1590302
1590316
1590330
1590343
1590345
1590349
1590372
1590408
1590419
1590415
1590419
1590423
1590428
1590447
1590459
1590459
1590457
1590454
1590456
1590453
1590452
1590456
1590456
1590465
1590476
1590489
1590494
1590494
1590521
1590535
1590527
1590527
1590529
1590532
1590535
1590550
1590575
1590573
1590568
1590591
1590608
1590606
1590615
1590619
1590615
1590625
1590622
1590627
1590641
1590627
1590624
1590615
1590597
1590608
1590620
1590624
1590621
1590608
1590598
1590585
1590568
1590563
1590566
1590557
1590545
1590538
1590529
1590530
1590524
1590511
1590522
1590520
1590501
1590497
1590499
1590511
1590520
1590519
1590519
1590507
1590506
1590517
1590510
1590515
1590523
1590506
1590492
1590492
1590509
1590526
1590522
1590522
1590534
1590542
1590533
1590526
1590537
1590538
1590521
1590506
1590496
1590493
1590491
1590481
1590470
1590461
1590459
1590457
1590453
1590443
1590416
1590382
1590353
1590341
1590347
1590359
1590351
1590325
1590316
1590311
1590308
1590312
1590310
1590309
1590298
1590285
1590274
1590267
1590273
1590280
1590286
1590273
1590260
1590269
1590268
1590267
1590272
1590272
1590271
1590267
1590265
1590259
1590243
1590239
1590234
1590228
1590235
1590239
1590247
1590256
1590259
1590252
1590234
1590240
1590256
1590254
1590259
1590271
1590266
1590273
1590295
1590286
1590267
1590268
1590272
1590281
1590297
1590317
1590335
1590346
1590353
1590357
1590365
1590380
1590387
1590380
1590383
1590390
1590387
1590404
1590422
1590438
1590453
1590450
1590439
1590436
1590465
1590488
1590482
1590478
1590468
1590474
1590484
1590491
1590520
1590543
1590545
1590546
1590555
1590578
1590599
1590607
1590630
1590645
1590629
1590629
1590645
1590672
1590705
1590716
1590718
1590717
1590716
1590719
1590725
1590728
1590718
1590725
1590735
1590737
1590757
1590764
1590761
1590757
1590740
1590730
1590733
1590743
1590754
1590761
1590763
1590741
1590708
1590704
1590714
1590719
1590714
1590692
1590664
1590653
1590666
1590667
1590654
1590643
1590615
1590591
1590592
1590604
1590601
1590573
1590547
1590538
1590533
1590527
1590518
1590521
1590532
1590516
1590496
1590477
1590471
1590486
1590477
1590458
1590452
1590436
1590418
1590411
1590410
1590392
1590367
1590347
1590331
1590322
1590312
1590293
1590272
1590248
1590230
1590225
1590213
1590200
1590194
1590180
1590166
1590162
1590166
1590175
1590167
1590146
1590135
1590123
1590125
1590156
1590173
1590168
1590154
1590151
1590159
1590152
1590172
1590200
1590190
1590172
1590144
1590137
1590166
1590199
1590224
1590235
1590244
1590258
1590276
1590291
1590302
1590301
1590293
1590304
1590331
1590373
1590420
1590465
1590488
1590487
1590502
1590539
1590573
1590587
1590571
1590558
1590586
1590626
1590657
1590704
1590740
1590737
1590730
1590746
1590756
1590755
1590761
1590776
1590808
1590839
1590852
1590863
1590877
1590881
1590868
1590867
1590875
1590873
1590882
1590910
1590933
1590928
1590919
1590917
1590909
1590920
1590922
1590919
1590924
1590910
1590902
1590891
1590871
1590865
1590866
1590875
1590876
1590853
1590827
1590814
1590807
1590800
1590796
1590791
1590782
1590766
1590764
1590773
1590756
1590738
1590728
1590724
1590746
1590768
1590767
1590764
1590758
1590744
1590728
1590728
1590751
1590775
1590772
1590762
1590757
1590752
1590767
1590781
1590790
1590805
1590798
1590795
1590809
1590816
1590808
1590800
1590809
1590827
1590846
1590861
1590870
1590869
1590877
1590896
1590891
1590892
1590905
1590923
1590950
1590951
1590948
1590964
1590975
1590977
1590979
1590983
1590982
1590978
1590974
1590978
1590989
1590987
1590964
1590943
1590936
1590939
1590943
1590934
1590928
1590919
1590903
1590895
1590877
1590853
1590832
1590813
1590797
1590772
1590754
1590748
1590734
1590716
1590694
1590662
1590638
1590622
1590601
1590580
1590569
1590561
1590539
1590513
1590504
1590504
1590485
1590462
1590452
1590430
1590402
1590396
1590399
1590394
1590379
1590357
1590327
1590316
1590319
1590301
1590284
1590273
1590258
1590249
1590224
1590200
1590190
1590184
1590177
1590164
1590144
1590128
1590124
1590119
1590116
1590123
1590126
1590124
1590123
1590119
1590118
1590117
1590117
1590127
1590144
1590167
1590192
1590207
1590192
1590179
1590201
1590228
1590267
1590309
1590321
1590327
1590335
1590349
1590374
1590403
1590424
1590434
1590448
1590460
1590484
1590512
1590518
1590524
1590533
1590547
1590565
1590562
1590556
1590566
1590586
1590593
1590581
1590575
1590580
1590583
1590583
1590590
1590589
1590577
1590579
1590588
1590594
1590597
1590585
1590565
1590562
1590570
1590572
1590572
1590560
1590537
1590522
1590514
1590512
1590509
1590496
1590475
1590455
1590434
1590413
1590407
1590414
1590407
1590360
1590318
1590306
1590287
1590273
1590267
1590254
1590224
1590182
1590157
1590152
1590136
1590098
1590073
1590060
1590041
1590024
1590004
1589990
1589984
1589961
1589934
1589919
1589909
1589897
1589882
1589871
1589856
1589838
1589828
1589810
1589787
1589777
1589780
1589773
1589756
1589760
1589774
1589775
1589772
1589770
1589770
1589770
1589786
1589794
1589790
1589801
1589803
1589802
1589813
1589817
1589843
1589874
1589892
1589905
1589917
1589941
1589955
1589960
1589979
1589993
1589991
1590007
1590044
1590076
1590106
1590125
1590137
1590154
1590186
1590228
1590257
1590288
1590312
1590328
1590343
1590374
1590423
1590451
1590476
1590500
1590515
1590548
1590587
1590612
1590624
1590643
1590662
1590677
1590706
1590730
1590750
1590768
1590766
1590771
1590780
1590788
1590812
1590832
1590860
1590886
1590885
1590888
1590908
1590925
1590943
1590954
1590956
1590964
1590976
1590993
1591003
1591004
1591012
1591005
1590997
1591014
1591020
1591018
1591024
1591016
1591013
1591031
1591044
1591038
1591026
1591041
1591053
1591023
1591005
1591022
1591034
1591038
1591039
1591026
1591021
1591016
1591006
1590990
1590972
1590962
1590950
1590948
1590941
1590933
1590925
1590902
1590897
1590879
1590843
1590822
1590806
1590795
1590770
1590740
1590711
1590695
1590693
1590677
1590660
1590629
1590598
1590578
1590552
1590532
1590508
1590493
1590473
1590431
1590407
1590399
1590394
1590378
1590354
1590338
1590303
1590281
1590277
1590270
1590262
1590234
1590203
1590175
1590151
1590145
1590154
1590141
1590092
1590056
1590046
1590029
1590014
1590009
1589997
1589983
1589960
1589952
1589971
1589979
1589972
1589944
1589912
1589905
1589917
1589930
1589935
1589938
1589936
1589929
1589931
1589937
1589952
1589977
1589979
1589966
1589976
1590014
1590039
1590038
1590047
1590058
1590057
1590048
1590052
1590077
1590105
1590138
1590159
1590169
1590192
1590216
1590224
1590230
1590253
1590266
1590264
1590271
1590288
1590314
1590335
1590361
1590390
1590408
1590429
1590443
1590453
1590467
1590470
1590478
1590506
1590546
1590581
1590584
1590569
1590557
1590540
1590553
1590606
1590647
1590658
1590658
1590665
1590671
1590676
1590692
1590706
1590705
1590692
1590695
1590721
1590734
1590731
1590725
1590728
1590732
1590721
1590717
1590711
1590708
1590729
1590738
1590727
1590730
1590733
1590727
1590724
1590724
1590727
1590720
1590706
1590698
1590704
1590719
1590720
1590714
1590714
1590719
1590730
1590719
1590704
1590699
1590686
1590670
1590664
1590685
1590701
1590689
1590665
1590629
1590601
1590596
1590587
1590568
1590547
1590527
1590502
1590474
1590471
1590467
1590457
1590442
1590396
1590353
1590331
1590327
1590337
1590322
1590304
1590285
1590261
1590255
1590230
1590195
1590168
1590149
1590136
1590113
1590109
1590107
1590088
1590075
1590055
1590032
1590023
1590010
1589997
1589995
1589980
1589971
1589986
1589984
1589977
1589976
1589964
1589941
1589919
1589909
1589903
1589914
1589929
1589930
1589933
1589932
1589938
1589939
1589931
1589935
1589935
1589940
1589949
1589960
1589993
1590016
1590008
1590004
1590010
1590014
1590008
1590002
1590032
1590054
1590060
1590077
1590090
1590111
1590122
1590122
1590122
1590117
1590139
1590162
1590170
1590174
1590160
1590151
1590151
1590156
1590173
1590188
1590198
1590198
1590197
1590216
1590235
1590234
1590239
1590265
1590267
1590254
1590250
1590240
1590252
1590279
1590299
1590316
1590326
1590361
1590390
1590385
1590392
1590403
1590403
1590403
1590417
1590448
1590478
1590488
1590484
1590485
1590494
1590517
1590530
1590516
1590501
1590502
1590510
1590520
1590539
1590548
1590547
1590564
1590569
1590567
1590581
1590579
1590576
1590572
1590557
1590552
1590547
1590556
1590582
1590581
1590555
1590542
1590535
1590532
1590540
1590523
1590500
1590500
1590493
1590480
1590471
1590463
1590465
1590469
1590445
1590408
1590400
1590399
1590380
1590365
1590353
1590331
1590316
1590321
1590333
1590330
1590322
1590311
1590304
1590318
1590333
1590338
1590334
1590320
1590315
1590321
1590337
1590341
1590341
1590358
1590372
1590371
1590363
1590355
1590355
1590370
1590385
1590397
1590398
1590395
1590413
1590434
1590441
1590433
1590428
1590426
1590425
1590430
1590422
1590402
1590397
1590401
1590410
1590419
1590418
1590422
1590418
1590408
1590401
1590393
1590397
1590392
1590381
1590378
1590366
1590356
1590356
1590349
1590349
1590359
1590364
1590371
1590373
1590373
1590382
1590383
1590386
1590392
1590391
1590398
1590416
1590429
1590431
1590422
1590419
1590425
1590434
1590457
1590480
1590503
1590515
1590508
1590511
1590525
1590538
1590540
1590534
1590532
1590542
1590555
1590569
1590586
1590596
1590601
1590602
1590602
1590597
1590582
1590583
1590586
1590589
1590598
1590589
1590589
1590606
1590613
1590614
1590606
1590601
1590607
1590613
1590625
1590629
1590624
1590630
1590634
1590648
1590671
1590677
1590669
1590651
1590635
1590622
1590615
1590609
1590599
1590598
1590612
1590610
1590595
1590595
1590600
1590589
1590562
1590540
1590511
1590484
1590483
1590475
1590469
1590458
1590435
1590428
1590428
1590420
1590398
1590379
1590365
1590351
1590339
1590327
1590321
1590311
1590303
1590292
1590279
1590270
1590271
1590271
1590261
1590262
1590244
1590222
1590230
1590229
1590222
1590222
1590222
1590218
1590205
1590201
1590202
1590206
1590228
1590228
1590213
1590216
1590231
1590256
1590265
1590268
1590276
1590280
1590307
1590331
1590339
1590356
1590361
1590363
1590371
1590387
1590415
1590431
1590446
1590458
1590463
1590485
1590509
1590517
1590525
1590521
1590502
1590494
1590501
1590528
1590568
1590596
1590600
1590588
1590582
1590595
1590607
1590610
1590613
1590608
1590599
1590602
1590619
1590648
1590669
1590671
1590664
1590661
1590678
1590695
1590704
1590714
1590734
1590765
1590776
1590777
1590784
1590787
1590788
1590792
1590800
1590812
1590824
1590837
1590857
1590865
1590869
1590878
1590893
1590902
1590908
1590919
1590927
1590937
1590943
1590958
1590979
1590989
1591004
1591004
1590993
1590999
1591022
1591042
1591052
1591062
1591067
1591074
1591088
1591087
1591075
1591075
1591081
1591076
1591068
1591057
1591044
1591039
1591029
1591017
1591010
1590999
1590966
1590929
1590918
1590925
1590919
1590897
1590898
1590901
1590882
1590855
1590821
1590800
1590774
1590744
1590729
1590716
1590712
1590685
1590643
1590615
1590602
1590603
1590588
1590569
1590554
1590535
1590525
1590511
1590484
1590452
1590421
1590401
1590371
1590351
1590371
1590368
1590333
1590315
1590301
1590294
1590296
1590291
1590268
1590235
1590205
1590170
1590146
1590141
1590139
1590140
1590134
1590123
1590120
1590126
1590136
1590133
1590127
1590119
1590089
1590066
1590060
1590067
1590082
1590079
1590073
1590076
1590080
1590075
1590056
1590050
1590061
1590067
1590069
1590078
1590083
1590090
1590087
1590068
1590080
1590104
1590123
1590146
1590159
1590175
1590178
1590178
1590199
1590222
1590248
1590251
1590238
1590249
1590270
1590281
1590297
1590317
1590337
1590345
1590351
1590379
1590400
1590415
1590443
1590456
1590456
1590463
1590491
1590519
1590527
1590534
1590542
1590539
1590543
1590571
1590592
1590594
1590600
1590596
1590588
1590600
1590618
1590631
1590635
1590628
1590619
1590612
1590624
1590635
1590630
1590642
1590645
1590635
1590642
1590659
1590687
1590692
1590699
1590714
1590697
1590692
1590700
1590704
1590708
1590703
1590710
1590715
1590728
1590747
1590746
1590752
1590757
1590761
1590765
1590768
1590786
1590795
1590783
1590766
1590753
1590757
1590776
1590800
1590825
1590847
1590856
1590862
1590873
1590883
1590883
1590875
1590865
1590865
1590875
1590885
1590892
1590895
1590885
1590883
1590894
1590894
1590901
1590907
1590907
1590911
1590909
1590915
1590926
1590926
1590914
1590909
1590889
1590865
1590865
1590862
1590875
1590892
1590887
1590869
1590844
1590836
1590830
1590819
1590809
1590799
1590792
1590782
1590766
1590757
1590755
1590733
1590713
1590712
1590712
1590717
1590713
1590700
1590686
1590675
1590668
1590658
1590665
1590672
1590659
1590651
1590640
1590625
1590630
1590629
1590619
1590612
1590585
1590562
1590570
1590578
1590589
1590598
1590593
1590586
1590571
1590564
1590554
1590535
1590533
1590521
1590515
1590508
1590493
1590500
1590499
1590495
1590488
1590461
1590445
1590444
1590449
1590451
1590432
1590413
1590419
1590421
1590416
1590418
1590410
1590388
1590366
1590361
1590375
1590373
1590354
1590345
1590348
1590343
1590330
1590335
1590348
1590342
1590332
1590330
1590328
1590318
1590304
1590294
1590288
1590289
1590298
1590311
1590323
1590338
1590352
1590345
1590342
1590341
1590344
1590366
1590368
1590366
1590374
1590364
1590349
1590339
1590350
1590371
1590373
1590373
1590373
1590378
1590388
1590395
1590389
1590370
1590363
1590364
1590369
1590393
1590415
1590423
1590416
1590399
1590393
1590397
1590391
1590379
1590393
1590406
1590394
1590386
1590401
1590414
1590418
1590418
1590399
1590372
1590358
1590349
1590339
1590338
1590345
1590339
1590329
1590327
1590316
1590305
1590310
1590305
1590283
1590268
1590265
1590259
1590258
1590259
1590247
1590234
1590235
1590242
1590246
1590246
1590233
1590217
1590217
1590226
1590236
1590239
1590239
1590232
1590228
1590237
1590255
1590271
1590278
1590278
1590283
1590289
1590297
1590319
1590329
1590320
1590323
1590335
1590337
1590329
1590311
1590312
1590337
1590350
1590352
1590361
1590382
1590405
1590416
1590411
1590396
1590392
1590388
1590391
1590398
1590397
1590403
1590407
1590409
1590405
1590394
1590381
1590373
1590366
1590339
1590305
1590295
1590290
1590283
1590281
1590266
1590253
1590252
1590253
1590253
1590241
1590238
1590235
1590222
1590229
1590237
1590241
1590242
1590231
1590218
1590202
1590201
1590219
1590236
1590268
1590286
1590269
1590265
1590270
1590273
1590283
1590279
1590280
1590282
1590283
1590309
1590324
1590329
1590338
1590323
1590303
1590297
1590306
1590326
1590335
1590332
1590335
1590348
1590363
1590376
1590385
1590389
1590391
1590383
1590373
1590371
1590388
1590419
1590424
1590409
1590407
1590413
1590420
1590429
1590437
1590425
1590396
1590381
1590392
1590422
1590451
1590445
1590422
1590410
1590419
1590431
1590399
1590394
1590409
1590394
1590376
1590349
1590342
1590346
1590350
1590343
1590316
1590307
1590305
1590306
1590304
1590278
1590237
1590205
1590201
1590211
1590212
1590204
1590207
1590194
1590174
1590179
1590179
1590178
1590172
1590157
1590146
1590132
1590119
1590115
1590109
1590091
1590090
1590092
1590081
1590087
1590086
1590086
1590094
1590077
1590045
1590027
1590032
1590052
1590082
1590097
1590098
1590105
1590113
1590119
1590114
1590100
1590082
1590071
1590080
1590098
1590121
1590125
1590122
1590112
1590080
1590073
1590083
1590088
1590090
1590080
1590074
1590064
1590060
1590079
1590102
1590114
1590103
1590085
1590082
1590099
1590117
1590130
1590145
1590141
1590137
1590152
1590178
1590208
1590227
1590229
1590222
1590228
1590264
1590290
1590303
1590322
1590324
1590314
1590316
1590344
1590390
1590423
1590442
1590449
1590445
1590458
1590476
1590488
1590513
1590531
1590549
1590573
1590591
1590605
1590612
1590614
1590619
1590643
1590671
1590687
1590701
1590721
1590734
1590740
1590760
1590780
1590792
1590803
1590813
1590815
1590805
1590811
1590838
1590848
1590840
1590839
1590840
1590848
1590875
1590894
1590895
1590890
1590875
1590850
1590828
1590826
1590837
1590839
1590840
1590826
1590798
1590787
1590779
1590764
1590761
1590756
1590754
1590751
1590730
1590704
1590681
1590661
1590637
1590611
1590588
1590565
1590546
1590537
1590535
1590514
1590485
1590462
1590441
1590431
1590427
1590422
1590397
1590355
1590327
1590311
1590309
1590308
1590302
1590287
1590270
1590264
1590258
1590258
1590255
1590239
1590225
1590206
1590176
1590173
1590193
1590198
1590201
1590185
1590160
1590155
1590147
1590151
1590141
1590105
1590087
1590091
1590102
1590108
1590100
1590083
1590065
1590066
1590081
1590102
1590112
1590105
1590093
1590085
1590096
1590113
1590135
1590146
1590135
1590124
1590123
1590141
1590164
1590185
1590219
1590233
1590228
1590231
1590243
1590271
1590304
1590317
1590327
1590336
1590346
1590381
1590405
1590398
1590399
1590424
1590449
1590467
1590501
1590548
1590559
1590558
1590586
1590606
1590626
1590641
1590651
1590701
1590723
1590724
1590744
1590756
1590777
1590802
1590827
1590849
1590861
1590864
1590873
1590896
1590902
1590914
1590928
1590941
1590964
1590963
1590967
1590984
1591008
1591031
1591025
1591003
1590993
1591021
1591037
1591017
1591016
1591019
1591027
1591049
1591050
1591039
1591017
1591008
1591027
1591028
1591036
1591049
1591031
1591006
1590988
1590975
1590981
1590989
1590984
1590965
1590939
1590928
1590913
1590898
1590893
1590879
1590871
1590868
1590864
1590848
1590822
1590798
1590747
1590698
1590691
1590683
1590648
1590629
1590626
1590612
1590582
1590546
1590533
1590529
1590514
1590485
1590436
1590402
1590396
1590391
1590369
1590328
1590285
1590267
1590273
1590277
1590280
1590276
1590239
1590194
1590190
1590202
1590189
1590167
1590152
1590154
1590152
1590126
1590108
1590106
1590112
1590108
1590086
1590072
1590070
1590085
1590109
1590116
1590114
1590087
1590068
1590097
1590124
1590123
1590115
1590111
1590120
1590147
1590181
1590202
1590199
1590196
1590211
1590239
1590264
1590280
1590313
1590331
1590329
1590332
1590337
1590368
1590404
1590449
1590493
1590493
1590485
1590503
1590553
1590594
1590607
1590614
1590624
1590659
1590700
1590724
1590745
1590770
1590797
1590798
1590788
1590818
1590864
1590900
1590915
1590922
1590944
1590973
1590998
1591012
1591037
1591057
1591052
1591052
1591062
1591081
1591093
1591076
1591069
1591098
1591118
1591123
1591128
1591120
1591122
1591137
1591131
1591108
1591100
1591105
1591116
1591114
1591086
1591067
1591059
1591054
1591053
1591046
1591045
1591026
1590997
1590994
1590982
1590975
1590984
1590974
1590951
1590936
1590943
1590933
1590913
1590908
1590880
1590837
1590812
1590809
1590802
1590787
1590768
1590736
1590719
1590727
1590710
1590668
1590640
1590624
1590607
1590585
1590554
1590522
1590502
1590482
1590445
1590418
1590411
1590394
1590376
1590352
1590307
1590283
1590279
1590267
1590242
1590213
1590197
1590181
1590151
1590129
1590133
1590136
1590112
1590079
1590055
1590041
1590029
1590024
1590033
1590042
1590036
1590025
1590030
1590042
1590033
1590019
1590011
1590004
1589996
1590004
1590036
1590066
1590078
1590081
1590080
1590067
1590058
1590070
1590088
1590102
1590119
1590134
1590151
1590169
1590183
1590192
1590194
1590203
1590204
1590197
1590212
1590224
1590238
1590256
1590258
1590273
1590298
1590302
1590309
1590327
1590325
1590334
1590350
1590351
1590363
1590384
1590405
1590412
1590417
1590436
1590455
1590466
1590470
1590476
1590480
1590481
1590499
1590530
1590537
1590532
1590537
1590538
1590554
1590566
1590566
1590579
1590584
1590586
1590575
1590569
1590588
1590596
1590595
1590586
1590575
1590574
1590562
1590553
1590553
1590543
1590546
1590562
1590573
1590578
1590581
1590587
1590581
1590555
1590533
1590521
1590528
1590536
1590528
1590522
1590515
1590510
1590509
1590502
1590496
1590485
1590471
1590462
1590448
1590447
1590452
1590454
1590457
1590432
1590396
1590383
1590390
1590400
1590406
1590418
1590428
1590426
1590424
1590431
1590446
1590450
1590436
1590415
1590411
1590450
1590481
1590472
1590479
1590502
1590504
1590503
1590501
1590512
1590549
1590553
1590533
1590542
1590547
1590553
1590569
1590563
1590555
1590548
1590534
1590529
1590524
1590542
1590562
1590545
1590535
1590539
1590547
1590551
1590550
1590553
1590534
1590505
1590503
1590515
1590530
1590537
1590524
1590520
1590528
1590525
1590515
1590501
1590489
1590482
1590489
1590506
1590519
1590521
1590510
1590504
1590506
1590504
1590525
1590545
1590532
1590528
1590540
1590545
1590549
1590550
1590565
1590589
1590590
1590578
1590566
1590575
1590593
1590590
1590607
1590622
1590597
1590571
1590569
1590585
1590595
1590597
1590597
1590591
1590605
1590618
1590606
1590615
1590633
1590629
1590627
1590629
1590623
1590617
1590620
1590605
1590581
1590570
1590571
1590583
1590582
1590577
1590565
1590541
1590539
1590539
1590544
1590548
1590529
1590504
1590483
1590484
1590488
1590472
1590457
1590437
1590418
1590405
1590391
1590384
1590385
1590382
1590366
1590344
1590328
1590329
1590327
1590312
1590304
1590294
1590273
1590254
1590245
1590232
1590216
1590214
1590202
1590185
1590182
1590170
1590152
1590127
1590101
1590091
1590074
1590067
1590082
1590089
1590082
1590041
1589997
1589988
1589988
1589990
1589982
1589958
1589935
1589919
1589913
1589917
1589918
1589906
1589890
1589879
1589868
1589859
1589851
1589853
1589854
1589835
1589821
1589817
1589820
1589849
1589867
1589868
1589865
1589854
1589847
1589858
1589874
1589867
1589858
1589864
1589863
1589864
1589880
1589889
1589889
1589897
1589914
1589930
1589950
1589981
1590000
1589998
1590001
1590009
1590027
1590058
1590099
1590119
1590115
1590119
1590131
1590155
1590177
1590199
1590243
1590272
1590279
1590291
1590303
1590314
1590338
1590361
1590374
1590404
1590444
1590477
1590489
1590495
1590517
1590525
1590536
1590556
1590562
1590578
1590609
1590630
1590636
1590643
1590657
1590671
1590683
1590671
1590671
1590693
1590688
1590688
1590702
1590704
1590711
1590700
1590680
1590679
1590684
1590698
1590711
1590707
1590698
1590698
1590701
1590706
1590710
1590707
1590702
1590696
1590696
1590721
1590731
1590703
1590679
1590666
1590666
1590679
1590680
1590681
1590689
1590691
1590682
1590663
1590655
1590663
1590684
1590692
1590679
1590663
1590640
1590620
1590636
1590655
1590646
1590646
1590651
1590650
1590648
1590655
1590677
1590676
1590664
1590645
1590615
1590612
1590617
1590611
1590609
1590622
1590643
1590658
1590656
1590629
1590615
1590597
1590578
1590596
1590619
1590637
1590651
1590648
1590635
1590630
1590635
1590625
1590611
1590609
1590598
1590584
1590598
1590621
1590638
1590669
1590687
1590674
1590665
1590665
1590650
1590634
1590630
1590618
1590619
1590629
1590641
1590671
1590685
1590678
1590660
1590652
1590666
1590666
1590650
1590653
1590670
1590662
1590648
1590651
1590675
