58091     
200.0
1324
1132
958
776
621
583
666
768
926
1139
1300
1435
1512
1482
1420
1357
1257
1117
995
941
917
923
976
969
946
1030
1109
1159
1283
1428
1503
1481
1471
1417
1247
1180
1099
908
823
727
656
794
976
1135
1334
1489
1608
1717
1722
1682
1500
1135
873
633
428
470
552
695
1051
1367
1611
1826
1772
1573
1372
1061
860
763
623
651
754
861
1166
1423
1518
1591
1496
1362
1355
1234
1090
1002
825
799
859
849
995
1165
1268
1410
1456
1399
1423
1458
1380
1253
1060
846
737
717
811
932
953
1072
1306
1449
1586
1597
1442
1338
1079
825
776
706
774
861
927
1140
1218
1285
1444
1461
1492
1561
1418
1201
1082
916
847
914
914
982
1057
1054
1163
1259
1291
1377
1340
1229
1236
1198
1185
1286
1295
1297
1319
1243
1144
990
835
754
637
586
663
850
1232
1597
1806
1897
1749
1527
1308
952
628
393
263
390
613
846
1190
1492
1726
1947
1925
1692
1495
1240
928
732
560
449
567
796
1030
1275
1441
1571
1666
1612
1488
1317
1131
1062
1053
1016
1022
1029
988
1055
1174
1142
1041
980
944
1035
1265
1437
1506
1529
1481
1374
1240
1084
948
794
663
663
679
819
1133
1304
1439
1608
1582
1537
1508
1343
1171
987
806
729
699
783
998
1139
1182
1207
1195
1264
1464
1504
1341
1217
1086
954
961
1033
1062
1033
1026
1110
1178
1198
1257
1252
1172
1195
1209
1115
1085
1059
958
991
1103
1146
1219
1297
1290
1253
1255
1284
1244
1187
1204
1163
1098
1104
1054
987
959
921
855
835
1009
1221
1285
1319
1329
1269
1304
1368
1292
1181
1009
852
884
919
965
1106
1207
1333
1441
1410
1423
1370
1163
1112
1132
1118
1170
1159
1144
1190
1203
1234
1190
1052
994
895
804
906
989
1049
1150
1132
1150
1237
1253
1308
1312
1192
1094
979
929
1076
1177
1198
1279
1268
1214
1254
1236
1122
1005
876
810
886
1051
1193
1227
1296
1425
1456
1455
1390
1195
1037
939
845
811
862
976
1124
1305
1484
1583
1570
1434
1193
917
751
695
659
811
1094
1306
1533
1683
1683
1628
1453
1190
935
672
536
577
642
785
1033
1291
1534
1688
1725
1620
1405
1185
963
779
705
729
806
1013
1277
1377
1476
1535
1415
1361
1254
1018
922
928
920
936
925
932
1093
1223
1286
1378
1328
1220
1168
1092
1078
1150
1154
1116
1175
1191
1131
1097
1040
1029
1036
1042
1108
1191
1334
1422
1398
1366
1302
1190
1069
1032
1024
984
984
983
940
976
1103
1136
1166
1253
1285
1302
1280
1196
1078
997
976
920
865
908
994
1098
1249
1387
1474
1494
1463
1381
1277
1186
1067
932
807
811
917
1053
1285
1441
1509
1551
1456
1289
1115
968
874
794
812
964
1162
1334
1447
1441
1297
1156
1074
984
937
927
898
933
1064
1214
1323
1387
1395
1364
1313
1165
969
837
781
821
935
1068
1205
1324
1447
1520
1444
1287
1162
1066
955
927
931
897
1017
1195
1258
1363
1479
1402
1259
1160
1003
918
948
989
1121
1308
1419
1380
1226
1163
1082
875
792
796
810
1001
1226
1314
1412
1480
1387
1280
1192
1064
975
928
927
1046
1263
1400
1404
1347
1211
1058
913
806
869
1031
1208
1388
1462
1447
1421
1287
1109
1021
905
821
888
1012
1204
1389
1423
1424
1404
1263
1116
1003
833
744
803
875
1039
1220
1276
1359
1421
1421
1401
1316
1261
1231
1151
1040
928
820
781
843
962
1117
1272
1450
1527
1506
1467
1254
996
826
655
611
740
906
1146
1431
1615
1657
1532
1303
1118
971
881
921
958
1021
1144
1218
1293
1304
1248
1196
1122
1084
1067
1025
1056
1111
1100
1137
1179
1179
1248
1304
1283
1271
1200
1034
956
953
941
1029
1146
1236
1383
1441
1395
1401
1303
1143
1106
1031
990
1078
1082
1078
1167
1196
1203
1239
1201
1139
1083
1042
1086
1081
1101
1257
1265
1185
1179
1066
988
1022
953
946
1079
1080
1058
1143
1148
1177
1195
1037
1038
1117
1111
1287
1340
1254
1329
1214
1096
1188
1059
954
1074
1069
1107
1275
1262
1208
1231
1179
1156
1088
971
1039
1096
1132
1285
1303
1298
1423
1382
1258
1176
994
899
901
876
936
1003
1058
1188
1309
1381
1425
1361
1235
1178
1093
1029
1092
1143
1205
1277
1314
1371
1336
1225
1091
890
741
663
633
693
815
1014
1234
1424
1590
1667
1665
1631
1535
1365
1204
1041
847
749
763
798
851
963
1101
1258
1435
1497
1430
1295
1121
1000
899
847
939
1051
1150
1282
1343
1324
1285
1167
993
963
979
938
1065
1214
1300
1453
1454
1385
1346
1162
1018
956
843
921
1038
1044
1253
1347
1240
1320
1285
1070
994
894
754
783
857
1014
1282
1448
1619
1724
1622
1561
1415
1077
925
844
661
678
750
784
983
1133
1219
1361
1390
1390
1442
1397
1372
1448
1376
1274
1260
1054
899
907
750
667
767
809
933
1120
1147
1228
1335
1303
1389
1455
1400
1454
1436
1338
1321
1220
1049
986
878
731
765
795
829
1030
1204
1348
1409
1336
1322
1313
1309
1355
1346
1279
1172
1023
849
737
684
673
797
1021
1253
1481
1692
1781
1690
1531
1319
1021
831
769
655
632
738
818
963
1148
1245
1297
1323
1360
1432
1414
1314
1237
1166
1131
1136
1156
1193
1176
1141
1055
967
1010
1014
1020
1127
1205
1287
1385
1493
1539
1448
1384
1289
1078
948
946
932
878
899
940
953
1057
1137
1093
1113
1161
1136
1178
1240
1226
1204
1176
1143
1074
1054
1110
1094
1117
1224
1243
1281
1366
1297
1218
1163
992
930
944
925
1029
1068
1060
1177
1191
1193
1305
1305
1303
1355
1248
1132
1085
979
925
912
913
1026
1125
1211
1371
1412
1368
1359
1232
1102
1096
1046
1014
1119
1220
1266
1318
1348
1306
1172
1051
958
832
838
931
935
1010
1220
1350
1366
1420
1455
1384
1306
1282
1199
1055
1014
1021
947
886
917
951
1007
1116
1239
1397
1515
1538
1455
1309
1143
931
728
657
697
743
880
1085
1253
1432
1518
1476
1387
1248
1155
1095
1045
1140
1211
1201
1268
1238
1104
1081
1036
902
932
988
980
1137
1255
1268
1305
1276
1276
1287
1216
1226
1234
1153
1137
1079
978
962
947
945
1022
1162
1252
1298
1375
1373
1318
1257
1167
1110
1060
1084
1175
1153
1120
1181
1166
1141
1203
1123
1019
1040
985
942
1010
1062
1102
1171
1234
1289
1323
1341
1371
1309
1202
1108
963
899
884
828
871
980
1109
1294
1439
1485
1456
1313
1086
926
797
697
753
861
1038
1318
1526
1659
1702
1626
1453
1187
979
867
755
749
873
906
1020
1309
1411
1454
1543
1417
1243
1161
983
807
805
824
867
1023
1239
1422
1453
1495
1561
1441
1334
1298
1161
1062
1026
942
907
940
947
935
980
1098
1169
1203
1331
1379
1291
1281
1248
1155
1091
992
898
821
786
864
964
1121
1324
1398
1446
1484
1396
1308
1215
1081
1000
969
1000
1037
1046
1126
1176
1190
1248
1252
1265
1293
1261
1235
1149
1045
1041
1038
1050
1130
1162
1198
1284
1308
1341
1352
1302
1307
1229
1059
927
737
575
608
721
867
1091
1311
1516
1670
1644
1450
1263
1054
803
708
670
688
833
967
1201
1498
1653
1728
1697
1522
1369
1218
1013
918
944
973
1034
1112
1131
1143
1142
1105
1071
1031
1072
1166
1225
1298
1304
1236
1197
1186
1143
1079
1105
1100
1057
1153
1203
1146
1129
1094
1018
988
1038
1043
1036
1146
1230
1234
1259
1300
1262
1185
1174
1176
1179
1183
1152
1130
1190
1257
1253
1220
1119
1011
978
927
926
1019
1101
1242
1400
1439
1414
1328
1180
1029
878
751
783
933
1040
1219
1398
1467
1535
1488
1298
1132
968
791
714
704
817
1048
1224
1450
1653
1705
1688
1587
1379
1060
790
637
536
541
634
882
1148
1276
1457
1587
1552
1500
1398
1237
1162
1148
1092
1082
1102
1074
997
903
907
919
925
1024
1113
1238
1467
1592
1545
1470
1316
1074
921
828
738
730
812
938
1113
1344
1525
1569
1531
1431
1252
1080
959
780
648
721
840
1015
1308
1510
1576
1565
1509
1431
1277
1110
975
819
769
836
869
965
1153
1257
1298
1347
1387
1434
1413
1264
1062
889
758
719
811
1006
1249
1427
1588
1700
1658
1575
1388
1116
903
713
583
571
624
766
1001
1177
1332
1457
1457
1419
1288
1152
1119
1040
1014
1061
1046
1113
1219
1174
1090
1066
1028
1005
1050
1087
1169
1307
1396
1478
1482
1389
1287
1104
891
794
785
843
992
1156
1287
1387
1417
1322
1193
1086
957
930
985
1064
1237
1368
1380
1365
1307
1189
1036
843
759
787
865
1102
1337
1503
1658
1659
1534
1323
1065
883
720
634
728
880
1069
1308
1427
1452
1487
1413
1252
1128
1019
937
965
1047
1082
1127
1170
1173
1180
1141
1104
1157
1180
1232
1326
1284
1243
1226
1082
955
927
844
786
866
912
991
1127
1214
1393
1554
1590
1577
1425
1225
1066
844
701
720
756
912
1229
1369
1402
1505
1419
1277
1246
1134
1067
1128
1178
1300
1395
1286
1211
1131
964
985
1024
1028
1200
1275
1248
1289
1186
1039
1018
936
857
879
963
1154
1344
1476
1542
1493
1353
1171
968
763
677
715
813
992
1195
1343
1462
1522
1454
1362
1242
1108
1045
939
814
784
817
924
1144
1335
1448
1523
1496
1432
1355
1173
952
816
767
823
976
1153
1341
1452
1473
1404
1222
1072
965
854
862
935
1028
1204
1290
1305
1354
1283
1146
1081
966
831
863
901
912
1057
1214
1386
1537
1558
1487
1334
1200
1098
930
832
885
971
1136
1340
1424
1465
1477
1443
1333
1170
1078
917
784
819
828
941
1193
1347
1445
1498
1424
1296
1130
1009
982
911
940
1016
966
1084
1265
1289
1310
1245
1136
1149
1093
1035
1023
895
984
1147
1071
1169
1220
1109
1248
1262
1173
1238
1167
1149
1159
1058
1148
1173
1076
1154
1129
1038
1110
1098
1075
1199
1217
1193
1319
1367
1342
1359
1244
1125
1051
943
990
1025
984
1128
1221
1159
1293
1339
1121
1070
1004
829
881
989
1027
1146
1271
1361
1432
1463
1471
1348
1130
1014
921
838
911
945
880
1008
1184
1250
1344
1396
1394
1352
1228
1116
968
808
766
635
570
833
1081
1298
1609
1770
1751
1683
1510
1265
1030
766
632
645
730
979
1180
1333
1573
1627
1557
1553
1414
1173
1023
834
642
625
684
834
1031
1217
1528
1741
1719
1612
1357
1015
758
531
407
515
728
1002
1402
1732
1892
1909
1739
1476
1077
672
539
466
481
741
1031
1370
1715
1880
1919
1829
1585
1214
778
413
236
238
359
633
980
1323
1684
1912
1921
1805
1559
1178
846
668
587
607
786
988
1152
1427
1575
1562
1561
1434
1313
1212
1066
1058
1078
1034
1035
1002
945
976
971
986
1126
1225
1344
1474
1445
1421
1389
1269
1175
1019
872
864
848
850
951
1030
1121
1306
1375
1385
1491
1449
1326
1216
1031
908
794
745
906
1091
1224
1317
1356
1338
1283
1198
1021
866
790
712
765
985
1214
1416
1538
1575
1588
1464
1256
1114
910
694
635
610
653
879
1128
1302
1494
1666
1704
1721
1641
1385
1162
962
826
774
788
938
1052
1140
1265
1319
1345
1385
1372
1345
1342
1283
1217
1146
964
774
638
561
678
844
1039
1383
1536
1617
1800
1728
1536
1291
920
710
569
494
667
862
1099
1425
1536
1507
1520
1382
1175
1098
949
808
872
937
949
1022
1137
1244
1310
1333
1333
1337
1366
1321
1200
1168
1144
1030
979
985
977
983
1034
1168
1288
1360
1434
1380
1268
1226
1098
959
914
877
936
1039
1115
1262
1322
1314
1372
1281
1132
1116
1071
1039
1076
1041
1032
1084
1071
1109
1174
1186
1191
1120
1086
1115
1099
1116
1111
1031
1019
1093
1196
1318
1368
1352
1315
1191
1098
1033
899
947
1069
1051
1178
1312
1312
1432
1431
1294
1259
1067
950
1065
979
964
1071
1030
1237
1484
1441
1470
1363
1029
916
785
619
734
792
903
1303
1537
1629
1749
1584
1333
1165
826
646
729
766
956
1245
1388
1475
1488
1406
1262
1044
810
649
592
719
973
1165
1378
1574
1579
1531
1488
1298
1084
967
843
804
860
936
1060
1171
1262
1325
1328
1318
1304
1241
1235
1302
1260
1174
1145
1042
937
977
1051
1137
1267
1353
1420
1452
1429
1371
1193
983
830
710
682
786
975
1134
1296
1454
1511
1490
1393
1222
1030
895
850
872
956
1096
1213
1221
1197
1172
1079
1006
977
913
916
1022
1142
1300
1464
1534
1472
1293
1103
995
929
917
981
1065
1255
1457
1467
1398
1301
1139
996
875
802
817
852
979
1209
1332
1427
1553
1481
1373
1314
1105
943
924
894
949
1107
1190
1223
1203
1112
1084
1007
925
1017
1040
1085
1274
1263
1304
1511
1446
1363
1351
1113
921
835
750
829
952
1070
1288
1447
1512
1504
1242
955
883
770
751
979
1112
1225
1469
1581
1522
1424
1251
1046
901
777
755
826
936
1181
1339
1412
1528
1455
1301
1175
959
784
721
699
787
982
1205
1440
1541
1540
1586
1511
1329
1165
936
764
773
801
841
977
1048
1117
1279
1370
1422
1411
1292
1226
1210
1173
1148
1093
982
973
1019
990
1045
1130
1108
1169
1302
1338
1397
1466
1429
1371
1256
1028
820
678
610
700
893
1085
1324
1520
1537
1521
1445
1257
1121
966
811
827
911
993
1122
1199
1227
1273
1293
1349
1323
1154
1080
1009
905
923
929
928
1032
1175
1298
1403
1496
1509
1441
1324
1170
1055
953
926
987
1016
1153
1308
1332
1442
1470
1275
1119
987
838
751
756
913
1096
1232
1397
1458
1413
1353
1174
960
893
869
881
1027
1212
1446
1601
1571
1573
1464
1272
1181
913
649
662
706
784
981
1121
1234
1361
1326
1281
1257
1138
1146
1156
1109
1209
1201
1122
1171
1118
1031
1029
960
907
986
1100
1191
1308
1401
1399
1357
1267
1110
1022
981
947
1051
1159
1221
1307
1281
1221
1242
1211
1140
1169
1171
1158
1275
1280
1178
1109
1009
958
938
942
984
1069
1261
1413
1457
1475
1413
1285
1151
1000
882
783
722
790
902
1022
1206
1375
1474
1533
1499
1336
1156
1000
898
818
697
711
818
959
1295
1546
1589
1702
1721
1510
1287
1034
765
659
666
793
1042
1276
1526
1614
1494
1404
1172
871
798
810
888
1101
1227
1275
1380
1399
1378
1348
1199
1134
1130
1076
1134
1101
992
1100
1105
1032
1117
1048
981
1054
981
954
999
1024
1184
1237
1226
1389
1448
1429
1506
1426
1223
1158
992
735
764
840
835
1001
1121
1137
1221
1185
1102
1122
1118
1217
1367
1387
1496
1608
1551
1501
1341
1059
887
771
690
770
968
1133
1257
1352
1380
1364
1284
1089
962
916
824
972
1195
1263
1465
1518
1370
1358
1198
1004
968
843
861
943
921
1117
1275
1295
1442
1411
1223
1267
1249
1055
1007
925
812
909
1034
1049
1085
1149
1078
1000
992
966
1078
1240
1379
1585
1689
1714
1686
1376
1035
870
580
393
524
602
777
1206
1428
1532
1711
1623
1368
1127
854
728
738
822
1068
1279
1409
1603
1576
1419
1426
1294
1087
1038
979
1007
1120
1119
1132
1116
1067
1133
1115
1073
1132
1130
1158
1226
1265
1314
1282
1196
1061
889
854
864
838
940
1120
1203
1260
1296
1291
1292
1185
1093
1006
919
1000
1017
1068
1284
1431
1503
1492
1412
1278
1126
1014
866
744
724
824
1013
1238
1468
1500
1398
1331
1130
910
855
855
935
1127
1316
1447
1551
1568
1439
1237
1012
859
748
705
812
890
993
1175
1291
1389
1458
1427
1392
1321
1206
1140
1025
972
1004
1008
1045
1096
1171
1212
1229
1235
1128
1019
937
818
836
1042
1198
1345
1540
1555
1463
1401
1235
985
822
734
732
812
888
1040
1257
1476
1687
1747
1630
1490
1295
1026
845
717
657
739
894
1085
1266
1359
1405
1364
1186
1147
1089
920
989
1041
1109
1318
1306
1295
1336
1164
1149
1151
988
1129
1204
1129
1310
1224
983
963
743
636
840
945
1239
1579
1676
1807
1728
1451
1226
861
562
538
542
706
1144
1415
1553
1699
1571
1447
1346
1044
938
875
774
973
1113
1190
1411
1389
1303
1348
1265
1208
1189
1129
1128
1094
1021
934
841
758
757
896
1017
1208
1501
1620
1627
1550
1289
1057
908
794
798
869
1049
1315
1501
1598
1544
1359
1193
992
793
724
739
795
988
1265
1405
1466
1458
1327
1145
936
857
741
591
686
765
919
1263
1465
1610
1771
1807
1660
1419
1246
1000
762
710
726
816
983
1186
1314
1358
1391
1286
1209
1177
1003
956
1017
1070
1208
1220
1227
1314
1275
1273
1242
1083
1036
1022
975
1064
1183
1201
1230
1225
1184
1205
1194
1248
1333
1267
1203
1109
959
964
998
977
1054
1128
1152
1204
1206
1171
1176
1154
1127
1153
1100
999
992
1018
1046
1120
1163
1124
1191
1326
1382
1485
1441
1207
1046
905
864
835
747
910
1143
1293
1482
1573
1558
1499
1354
1113
893
784
709
739
904
1100
1289
1413
1522
1569
1473
1353
1191
989
916
913
910
1009
1165
1236
1258
1284
1244
1185
1135
1065
1035
1003
982
1003
1046
1145
1241
1277
1307
1339
1288
1198
1096
900
747
785
916
1086
1318
1502
1627
1690
1547
1311
1069
829
750
761
779
906
1110
1301
1485
1557
1452
1328
1203
1056
983
944
903
906
941
995
1056
1178
1316
1359
1373
1340
1239
1114
1026
989
881
838
982
1117
1261
1463
1506
1422
1310
1102
893
749
713
773
868
1051
1259
1434
1517
1467
1383
1309
1242
1104
948
987
1102
1147
1221
1267
1215
1155
1107
1037
1018
1085
1179
1261
1266
1192
1140
1128
1118
1142
1123
1070
1159
1271
1258
1215
1174
1079
999
1021
1014
932
929
965
1016
1127
1173
1184
1213
1214
1205
1217
1246
1252
1279
1260
1207
1237
1169
1034
1029
909
796
971
1069
1143
1343
1451
1574
1617
1499
1352
1096
871
781
700
780
1005
1126
1270
1478
1531
1539
1547
1351
1106
949
803
742
743
794
919
1000
1167
1376
1352
1359
1439
1307
1230
1262
1131
992
964
899
854
880
896
944
1026
1156
1343
1421
1481
1565
1468
1378
1333
1164
1025
950
819
714
771
886
1007
1247
1479
1566
1597
1496
1312
1077
771
629
546
616
952
1226
1505
1775
1833
1772
1605
1243
847
478
201
182
268
546
1122
1702
2101
2306
2286
1978
1552
1090
532
203
233
393
679
1052
1373
1584
1683
1698
1575
1328
1043
827
738
752
876
1042
1207
1447
1578
1450
1329
1207
984
874
880
950
1050
1132
1201
1215
1230
1219
1156
1119
1112
1137
1159
1198
1254
1226
1154
1102
1017
931
940
997
1071
1233
1350
1313
1263
1194
1084
1076
1082
1095
1252
1372
1381
1328
1164
991
876
772
756
894
1050
1242
1466
1590
1686
1714
1558
1259
951
734
614
648
789
1010
1304
1524
1627
1602
1419
1234
1044
784
637
568
602
847
1111
1306
1462
1580
1628
1549
1376
1202
999
852
844
836
827
881
1027
1187
1329
1411
1337
1259
1225
1178
1114
1062
1073
1103
1236
1457
1497
1418
1320
1149
972
831
828
858
935
1147
1263
1301
1369
1367
1281
1144
966
862
855
919
1039
1090
1177
1303
1286
1325
1396
1322
1266
1154
1013
984
943
925
904
870
1016
1217
1316
1421
1427
1281
1213
1180
1003
884
898
901
1041
1223
1313
1448
1472
1358
1326
1217
1006
929
793
727
931
1053
1169
1362
1451
1491
1464
1329
1122
879
736
734
768
879
1071
1256
1487
1687
1667
1519
1361
1143
940
787
722
735
756
945
1193
1302
1422
1520
1463
1397
1308
1086
932
872
864
957
1054
1193
1367
1484
1547
1478
1222
986
839
698
739
879
931
1150
1452
1553
1598
1542
1367
1182
931
807
777
739
891
1080
1176
1342
1432
1369
1372
1320
1187
1115
1026
986
1000
1028
1094
1097
1017
960
988
1036
1095
1173
1213
1269
1327
1360
1386
1310
1190
1085
979
945
939
902
873
866
891
1014
1173
1334
1511
1631
1754
1762
1635
1481
1168
887
740
547
457
551
676
877
1169
1439
1663
1762
1724
1602
1442
1255
1044
935
867
808
839
745
655
768
924
1151
1320
1370
1425
1494
1544
1446
1322
1146
905
788
718
729
804
923
1081
1088
1074
1197
1245
1179
1236
1320
1352
1461
1495
1409
1376
1350
1231
1062
929
856
773
798
1002
1152
1348
1634
1604
1401
1245
854
566
637
686
829
1093
1286
1524
1690
1707
1625
1412
1191
1028
881
765
702
660
693
875
1078
1274
1492
1597
1600
1541
1413
1204
903
754
643
460
570
786
1011
1423
1651
1715
1833
1688
1431
1300
937
609
546
357
483
940
1125
1397
1648
1583
1644
1626
1337
1156
927
690
799
932
1055
1329
1426
1449
1435
1196
1052
930
710
680
672
710
957
1125
1264
1494
1528
1452
1471
1336
1149
1061
865
766
801
854
1114
1393
1620
1844
1803
1700
1658
1331
932
707
450
416
615
682
1016
1472
1540
1626
1625
1377
1274
1047
729
719
706
736
1065
1306
1396
1495
1405
1225
1108
939
799
753
819
1022
1264
1403
1358
1359
1493
1375
1080
1084
1207
1160
975
791
937
1098
980
1049
1118
1037
1165
1162
1006
1100
1157
1149
1264
1294
1344
1433
1340
1303
1333
1209
1126
984
743
820
932
896
1111
1318
1309
1402
1452
1313
1189
1063
966
955
961
999
1081
1234
1336
1275
1163
1080
1093
1105
1030
1047
1126
1277
1452
1285
1144
1260
1090
876
853
717
725
949
1078
1265
1523
1561
1562
1459
1174
1133
1067
838
805
834
894
1127
1259
1253
1397
1428
1311
1290
1213
1176
1146
992
950
997
1005
1096
1226
1274
1313
1293
1183
1110
992
874
887
921
969
1032
1118
1302
1434
1432
1385
1265
1123
1087
1016
905
941
988
1073
1277
1376
1432
1449
1267
1105
1003
857
834
850
804
873
1024
1232
1492
1625
1661
1575
1305
1128
1003
847
841
811
797
1000
1200
1350
1476
1468
1365
1150
877
795
800
808
1043
1286
1434
1624
1593
1407
1282
1051
777
682
640
739
1082
1335
1532
1661
1610
1624
1479
1110
922
718
440
485
573
644
1015
1309
1506
1733
1770
1763
1595
1236
1070
968
745
655
662
706
1029
1292
1390
1642
1735
1597
1480
1237
906
741
597
528
670
805
1050
1323
1440
1506
1480
1393
1277
1181
1051
905
924
934
1017
1199
1188
1149
1121
1070
1092
1060
1055
1149
1194
1285
1443
1459
1418
1322
1123
1019
981
1007
1062
1064
1161
1264
1287
1289
1232
1178
1214
1225
1138
1061
1065
1119
1042
921
915
820
817
989
1023
1092
1322
1461
1543
1655
1601
1475
1332
1023
760
602
536
620
782
971
1137
1338
1524
1633
1636
1508
1358
1164
932
743
665
702
847
1058
1240
1463
1620
1689
1701
1493
1318
1179
888
738
689
631
789
1002
1072
1250
1422
1467
1618
1573
1315
1161
931
714
667
650
734
977
1147
1291
1482
1498
1526
1497
1301
1195
980
772
720
660
762
915
1014
1252
1479
1498
1522
1478
1266
1239
1202
1107
1176
1144
1164
1263
1217
1174
1194
1164
1138
1169
1016
882
888
809
868
1005
1106
1195
1160
1165
1199
1215
1282
1300
1189
1011
979
1006
1008
1117
1218
1250
1265
1338
1407
1371
1323
1270
1213
1148
1032
935
940
965
944
947
964
1084
1258
1383
1531
1491
1378
1327
1077
907
898
775
741
856
926
1041
1144
1188
1371
1430
1442
1636
1480
1162
1095
954
834
865
823
797
930
1098
1255
1460
1540
1452
1337
1197
1060
911
791
718
693
841
1046
1275
1506
1630
1719
1602
1306
1055
731
509
611
706
780
1128
1377
1433
1638
1657
1473
1297
1002
783
690
757
974
1114
1249
1383
1462
1534
1542
1439
1297
1133
927
884
951
961
1010
1022
1038
1095
1026
1023
1083
1099
1139
1074
1088
1180
1234
1444
1494
1317
1210
1059
914
933
955
867
851
918
1048
1250
1377
1541
1615
1481
1386
1263
1134
1046
895
762
773
900
1048
1264
1399
1420
1411
1282
1250
1253
1151
1130
973
689
657
785
902
1161
1402
1486
1570
1518
1372
1231
1027
892
749
593
639
818
985
1175
1369
1421
1388
1411
1388
1275
1164
1010
826
806
915
1009
1128
1264
1366
1377
1325
1322
1268
1232
1305
1222
1098
1151
1201
1282
1389
1338
1265
1167
967
878
825
768
894
954
1003
1255
1299
1218
1270
1217
1169
1142
1024
982
987
1025
1091
1070
1058
1112
1098
1081
1159
1129
1093
1135
1049
1079
1203
1196
1281
1342
1264
1189
1100
1118
1172
1176
1309
1368
1286
1267
1181
1122
1222
1206
1125
1093
974
957
994
941
1061
1186
1196
1380
1455
1300
1319
1259
1038
1073
1081
1013
1104
1071
1009
1093
1093
1031
973
903
919
1039
1139
1173
1306
1435
1424
1442
1390
1211
1003
774
643
608
666
904
1179
1328
1380
1390
1368
1374
1341
1163
992
910
875
933
1049
1126
1162
1179
1245
1359
1439
1400
1244
1136
1100
1088
1087
1168
1294
1262
1243
1244
1137
1133
1113
963
854
759
794
1009
1186
1379
1505
1409
1337
1201
1027
1035
954
872
952
1013
1112
1260
1371
1415
1323
1188
1077
957
909
958
1087
1212
1269
1392
1507
1464
1466
1397
1039
809
656
494
653
779
882
1175
1320
1472
1673
1679
1658
1487
1106
902
755
621
795
956
943
1059
1144
1158
1361
1433
1236
1142
1069
1037
1122
1049
1000
1048
970
998
1194
1330
1451
1508
1394
1299
1238
1132
1091
1074
1045
1043
1044
1112
1185
1161
1159
1097
961
910
868
897
1012
1116
1219
1295
1385
1440
1409
1344
1250
1148
1018
907
929
981
1033
1155
1194
1143
1159
1150
1068
1054
1080
1097
1175
1252
1360
1486
1473
1437
1335
1137
1088
1004
875
975
1008
923
941
901
929
1138
1257
1311
1367
1385
1440
1422
1348
1294
1099
895
750
615
663
815
1009
1227
1328
1434
1553
1544
1516
1488
1259
923
716
603
657
904
1070
1180
1289
1262
1262
1321
1297
1253
1122
1008
1042
998
984
1054
971
935
1006
1074
1258
1472
1637
1697
1584
1385
1148
951
869
831
791
781
825
910
1105
1407
1577
1596
1603
1493
1319
1185
1015
871
808
846
919
980
1124
1202
1199
1202
1065
944
1013
1118
1237
1351
1330
1326
1405
1355
1271
1214
1017
914
921
929
1119
1189
1187
1291
1196
1122
1048
804
767
782
721
928
1214
1444
1766
1920
1815
1708
1488
1120
887
623
444
522
461
546
855
1033
1349
1653
1709
1769
1715
1465
1282
1102
849
745
718
741
977
1159
1234
1371
1399
1382
1398
1301
1181
1097
1019
1018
1051
1063
1125
1126
1057
1080
975
901
1018
964
1039
1233
1191
1262
1361
1307
1303
1203
1035
1043
1058
1074
1244
1332
1365
1488
1477
1361
1263
1032
788
701
601
552
696
861
1058
1360
1571
1650
1643
1532
1391
1165
908
804
757
779
941
1142
1353
1539
1628
1525
1312
1182
1064
964
955
972
1023
1105
1196
1201
1187
1218
1109
1035
1037
1007
1079
1223
1406
1470
1386
1328
1202
1068
951
812
777
787
822
929
1086
1303
1468
1520
1580
1602
1447
1242
1041
798
702
724
700
782
917
996
1212
1390
1445
1585
1556
1349
1241
1022
756
658
535
568
882
1121
1349
1615
1653
1596
1521
1298
1056
887
779
763
830
937
1135
1382
1491
1572
1593
1425
1266
1092
928
887
851
898
1020
1133
1311
1402
1387
1459
1438
1256
1174
1077
932
914
892
914
1031
1141
1325
1430
1402
1405
1266
1062
981
850
743
800
870
983
1211
1417
1588
1635
1527
1374
1118
849
662
527
487
608
842
1048
1308
1535
1597
1630
1577
1368
1124
978
860
747
835
969
1102
1353
1492
1529
1516
1389
1249
1049
804
683
647
663
862
1159
1377
1569
1669
1574
1506
1438
1179
996
870
710
751
830
924
1136
1270
1357
1401
1324
1262
1177
1011
992
1062
1045
1124
1230
1235
1303
1340
1266
1216
1121
1013
1033
998
971
1104
1155
1185
1250
1191
1156
1148
1060
1004
1016
1064
1158
1230
1248
1263
1192
1100
1096
1037
998
1049
1063
1127
1222
1271
1342
1318
1215
1153
1044
984
993
910
975
1142
1137
1201
1290
1249
1244
1194
1107
1104
1096
1081
1088
1087
1153
1229
1200
1263
1333
1215
1192
1178
1019
978
980
966
1056
1089
1161
1359
1387
1355
1334
1149
1042
991
801
713
753
834
1045
1230
1370
1574
1637
1595
1532
1267
1021
890
661
588
688
697
854
1132
1258
1431
1553
1482
1486
1361
1137
1163
1081
939
1101
1108
1042
1240
1167
1038
1189
1107
1030
1126
1011
984
1122
1121
1225
1383
1354
1390
1345
1093
994
920
770
821
923
1020
1240
1385
1482
1527
1432
1363
1176
939
882
778
748
907
981
1140
1431
1496
1457
1459
1341
1217
1129
1018
982
1017
1064
1076
1065
1029
954
912
925
977
1057
1128
1129
1144
1272
1395
1387
1295
1206
1083
963
938
947
981
1055
1136
1190
1227
1259
1257
1279
1248
1111
1073
1108
1104
1202
1363
1376
1362
1367
1204
1053
983
829
755
769
789
920
1066
1201
1367
1417
1405
1444
1421
1387
1404
1293
1164
1135
1017
925
968
952
962
1120
1161
1184
1341
1311
1240
1200
987
961
1034
941
1058
1218
1206
1331
1341
1197
1202
1095
915
860
798
828
1010
1176
1312
1419
1453
1475
1412
1198
1039
921
784
789
811
826
982
1163
1327
1482
1590
1640
1545
1361
1290
1213
1043
960
843
747
830
871
931
1052
1129
1246
1364
1456
1481
1433
1362
1234
1079
858
742
794
825
1031
1293
1371
1455
1481
1398
1355
1235
1030
942
836
759
809
815
897
1039
1140
1336
1471
1417
1399
1399
1306
1255
1194
1048
916
792
723
767
856
1012
1237
1423
1587
1718
1703
1567
1378
1169
968
828
750
711
764
896
1007
1082
1193
1320
1440
1560
1566
1410
1215
1014
863
766
654
705
801
819
1039
1315
1425
1588
1690
1542
1440
1344
1138
1052
968
847
854
815
779
884
917
975
1101
1120
1256
1442
1460
1556
1583
1315
1088
895
666
691
761
786
1029
1304
1531
1777
1800
1715
1654
1320
1030
924
621
497
585
590
890
1225
1314
1540
1661
1570
1497
1269
1041
1011
917
859
959
955
1065
1196
1077
1070
1047
955
1014
1031
1125
1321
1371
1426
1539
1528
1460
1382
1122
811
641
492
545
798
991
1212
1432
1618
1787
1805
1628
1355
1044
711
445
329
350
508
855
1191
1446
1718
1825
1815
1768
1573
1380
1187
913
727
600
567
712
838
989
1232
1422
1646
1855
1861
1803
1704
1394
1078
884
632
485
421
363
527
630
774
1212
1475
1692
1926
1780
1578
1423
1165
1054
944
719
625
596
617
833
1053
1210
1467
1585
1591
1740
1640
1389
1255
947
781
814
716
758
888
1025
1310
1456
1531
1637
1502
1331
1261
1080
873
820
834
852
1031
1266
1403
1472
1434
1313
1158
1029
988
1034
1141
1196
1151
1113
1081
1008
908
744
604
546
663
1035
1350
1620
1904
1875
1695
1570
1314
990
791
657
570
582
694
942
1172
1356
1627
1747
1708
1700
1492
1224
1113
865
720
830
861
1002
1132
1040
1197
1348
1255
1380
1302
1058
1184
1161
1145
1378
1172
928
969
763
776
1033
996
1109
1236
1177
1482
1712
1575
1561
1320
897
842
691
508
706
741
776
1099
1230
1475
1872
1892
1881
1784
1395
1233
1034
631
567
466
343
743
1056
1275
1690
1690
1622
1692
1352
1156
1188
881
824
872
569
744
987
879
1205
1367
1289
1615
1586
1383
1504
1241
1062
1205
850
762
930
577
756
1065
912
1338
1489
1173
1427
1337
1014
1203
1062
966
1397
1306
1207
1480
1127
965
1016
502
650
1136
1158
1560
1764
1543
1811
1778
1403
1427
993
542
681
474
492
900
822
1010
1420
1378
1607
1839
1603
1529
1279
837
768
543
407
737
788
889
1285
1337
1488
1748
1602
1627
1639
1277
1132
913
598
690
697
773
1144
1147
1159
1417
1343
1394
1631
1396
1220
1172
794
768
930
840
1099
1315
1258
1433
1378
1192
1335
1177
882
925
803
817
1148
1166
1226
1390
1273
1309
1303
1025
1031
1020
872
1066
1105
1080
1384
1332
1174
1290
1183
1125
1260
1204
1165
1184
1089
1110
1079
896
906
944
1008
1297
1448
1497
1636
1488
1254
1266
1086
932
990
790
795
1006
945
1094
1233
1126
1277
1278
1141
1411
1447
1301
1382
1090
900
1048
895
1000
1193
971
1106
1314
1230
1503
1585
1260
1211
968
669
856
893
910
1122
1011
982
1129
1081
1191
1301
1247
1364
1401
1336
1396
1261
1066
1031
854
766
893
898
1009
1250
1308
1383
1446
1350
1342
1297
1120
1084
1051
966
1026
1067
1036
1114
1161
1151
1244
1234
1155
1178
1107
1092
1236
1216
1148
1137
977
948
1037
991
1083
1171
1235
1511
1587
1549
1568
1262
1018
897
553
533
596
529
945
1256
1336
1699
1703
1508
1504
1131
882
974
815
898
1138
1102
1306
1490
1408
1520
1481
1213
1176
999
780
854
758
735
902
889
1041
1256
1288
1426
1577
1538
1491
1487
1330
1179
1098
904
806
823
809
876
948
1115
1357
1400
1473
1470
1174
1080
1049
766
731
809
757
993
1224
1305
1563
1640
1599
1597
1312
1143
1119
854
843
936
809
994
1161
1124
1323
1443
1412
1474
1436
1236
1068
935
801
812
885
995
1205
1286
1350
1464
1348
1257
1232
985
868
897
855
1007
1174
1223
1373
1392
1303
1316
1185
1024
1001
883
827
910
946
1030
1215
1366
1345
1232
1113
978
918
892
863
930
1082
1222
1379
1501
1542
1564
1463
1300
1156
1026
986
905
818
810
812
964
1162
1261
1414
1444
1401
1545
1553
1564
1700
1479
1202
1029
766
727
683
568
716
798
919
1222
1319
1443
1558
1480
1561
1531
1335
1292
1097
935
955
777
704
840
816
902
1165
1188
1213
1340
1200
1115
1171
1074
1101
1141
1105
1216
1195
1154
1185
1034
1000
1110
1069
1087
1196
1255
1412
1515
1468
1432
1369
1336
1211
962
840
692
636
843
1012
1167
1252
1242
1410
1602
1667
1642
1460
1212
1023
919
846
818
782
694
769
948
1079
1177
1240
1271
1315
1426
1449
1425
1453
1411
1326
1132
859
720
700
753
909
1007
1040
1264
1522
1698
1834
1711
1401
1108
840
606
467
470
615
867
1080
1273
1550
1783
1938
1996
1798
1431
1052
685
435
356
340
433
700
1014
1424
1812
1889
1791
1671
1442
1212
1115
908
646
546
481
579
844
1116
1470
1760
1861
1813
1631
1352
1081
930
712
576
774
878
1000
1304
1298
1349
1491
1283
1357
1464
1251
1348
1337
1202
1305
1189
988
799
567
496
449
542
769
955
1332
1694
1893
2074
2005
1769
1439
987
682
444
307
373
459
727
1161
1488
1716
1857
1815
1554
1305
1121
778
510
502
629
878
1156
1412
1581
1627
1743
1740
1472
1271
1102
866
715
665
683
771
968
1155
1238
1377
1610
1813
1809
1567
1250
1014
971
928
802
949
1169
1199
1330
1325
1021
847
758
584
477
432
595
1022
1360
1691
2046
2172
2216
2110
1656
1063
557
183
-1
43
324
808
1218
1560
1873
1837
1734
1643
1228
959
711
339
514
725
979
1661
1923
2050
2157
1729
1396
1050
524
375
365
357
617
939
1145
1486
1815
1711
1506
1343
1052
932
766
617
847
929
1054
1329
1202
1200
1229
1043
1200
1231
1099
1182
1103
1099
1194
1140
1185
1206
1200
1323
1349
1263
1263
1264
1182
1216
1214
1120
1247
1276
1210
1294
1125
1111
1293
1104
1113
1084
716
818
947
1006
1492
1654
1711
1937
1673
1425
1185
604
335
180
-33
225
678
1114
1695
2031
1994
1946
1688
1210
930
566
235
285
322
536
1014
1353
1743
1965
1922
2014
1792
1313
1015
567
310
429
553
854
1157
1369
1627
1609
1455
1321
1079
952
953
961
1077
1313
1457
1465
1438
1210
1021
985
833
838
834
763
985
1061
1110
1418
1509
1587
1738
1654
1622
1524
1219
1026
810
633
691
710
723
927
1138
1278
1520
1627
1513
1510
1312
942
778
610
673
952
1145
1476
1696
1754
1801
1493
1146
1014
748
564
539
468
570
826
1121
1539
1893
2041
2051
1767
1265
920
619
349
364
395
510
941
1194
1350
1586
1469
1324
1227
951
961
966
856
1041
1121
1174
1394
1411
1368
1442
1430
1338
1276
1162
1071
1082
1037
1066
1132
1038
1108
1174
1087
1209
1201
1065
1151
1160
1191
1332
1302
1320
1319
1198
1192
1044
899
993
963
925
1010
1069
1251
1479
1591
1662
1644
1506
1276
971
651
417
311
355
611
886
1210
1658
1816
1762
1728
1509
1283
1129
901
789
718
675
840
990
1112
1324
1451
1571
1649
1487
1300
1147
938
813
784
743
738
818
878
1026
1255
1364
1446
1411
1231
1126
948
801
908
1032
1220
1450
1515
1588
1587
1455
1339
1061
747
640
590
619
842
1073
1271
1542
1697
1761
1810
1644
1386
1128
845
653
515
471
601
800
1042
1344
1548
1623
1719
1704
1540
1391
1138
857
730
610
596
745
898
1118
1277
1350
1409
1336
1254
1142
1007
976
1002
1158
1326
1442
1534
1438
1230
1104
1034
878
834
954
1051
1294
1470
1455
1512
1397
1221
1170
965
844
853
824
947
1111
1169
1175
1176
1190
1205
1203
1113
979
871
808
812
842
893
1024
1114
1096
1187
1243
1240
1472
1538
1381
1413
1415
1313
1270
1153
996
998
1064
1106
1200
1241
1247
1256
1170
1209
1258
1131
1129
1068
906
930
872
784
971
1172
1307
1512
1546
1523
1543
1319
1175
1068
795
840
830
635
885
1095
1126
1395
1448
1399
1501
1272
1037
1004
760
739
948
910
1061
1283
1191
1300
1393
1203
1222
1149
976
1089
1100
1098
1239
1188
1199
1354
1275
1257
1270
951
855
936
815
951
1171
1266
1503
1580
1501
1508
1265
949
872
628
521
734
752
992
1335
1376
1578
1668
1500
1496
1383
1126
1068
959
869
976
975
1064
1196
1057
1020
1000
882
1040
1172
1210
1436
1471
1382
1411
1234
1119
1153
946
898
997
922
1074
1243
1203
1376
1477
1338
1291
1128
990
1095
1065
1101
1297
1249
1214
1185
931
864
850
676
706
889
1076
1245
1352
1502
1557
1448
1348
1200
1001
879
828
856
929
978
1134
1339
1407
1436
1379
1198
1058
903
732
724
819
897
1084
1317
1454
1651
1863
1932
1890
1673
1268
865
537
279
231
325
582
1141
1598
1881
2119
2036
1822
1593
1205
849
601
394
334
484
699
933
1159
1330
1480
1522
1507
1492
1405
1346
1294
1196
1045
792
588
542
583
668
850
1110
1334
1567
1715
1707
1674
1484
1262
1117
812
608
662
734
927
1235
1392
1514
1652
1594
1501
1375
1139
1047
965
875
966
931
786
817
886
998
1178
1273
1397
1531
1573
1599
1500
1288
1135
937
794
824
799
849
1007
1033
1087
1187
1174
1076
981
1001
1096
1157
1261
1412
1439
1421
1383
1194
1053
1005
902
888
1014
1171
1262
1327
1494
1508
1328
1254
1231
1136
994
906
931
1034
1144
1170
1156
1065
921
911
934
911
1006
1225
1452
1596
1544
1374
1208
929
659
593
588
653
862
1039
1231
1501
1636
1720
1798
1643
1394
1100
755
633
575
536
747
965
1199
1552
1620
1528
1529
1357
1216
1177
1039
1014
964
850
940
1021
1004
1088
1197
1259
1356
1395
1324
1302
1366
1387
1263
1079
900
641
472
483
532
767
1215
1632
1993
2205
2155
1962
1516
913
452
70
-96
12
239
699
1342
1784
2035
2334
2388
2118
1729
1059
332
-34
-87
118
558
1093
1637
2115
2337
2309
2044
1492
1009
570
-5
-249
-143
151
815
1504
2003
2443
2520
2278
1915
1269
568
-41
-451
-372
-2
506
1170
1819
2351
2646
2609
2348
1868
1148
437
-113
-375
-165
265
825
1514
1924
2152
2325
2184
1788
1319
886
483
295
408
551
740
979
1165
1308
1419
1464
1450
1523
1611
1663
1587
1308
1089
839
583
469
286
314
629
862
1131
1481
1690
1783
1842
1805
1671
1433
1103
857
638
516
583
533
523
733
1007
1466
1950
2239
2269
2021
1679
1165
638
319
101
102
365
803
1358
1912
2286
2364
2188
1756
1159
653
361
211
199
379
654
1034
1432
1667
1842
1859
1631
1420
1116
651
388
268
252
605
1091
1527
1996
2213
2091
1830
1340
783
380
38
-44
215
642
1231
1819
2134
2250
2226
1858
1416
1051
629
432
354
282
411
538
857
1464
1770
1950
2224
2089
1812
1511
889
534
361
113
307
514
632
1125
1421
1599
1946
1871
1691
1593
1134
827
816
787
970
1194
1289
1434
1487
1406
1238
968
853
873
856
954
1074
1099
1126
1173
1246
1298
1353
1412
1312
1078
951
866
739
796
915
1023
1225
1363
1402
1372
1350
1374
1320
1231
1170
1135
1081
1018
986
903
870
891
863
955
1090
1149
1305
1457
1483
1458
1378
1305
1194
1039
1059
1044
933
1010
1015
941
1025
1000
940
1049
1168
1337
1533
1613
1586
1409
1178
1014
842
685
658
746
921
1238
1529
1659
1751
1706
1491
1274
1053
839
660
590
666
777
984
1322
1618
1733
1704
1601
1420
1230
1029
804
625
545
633
829
1056
1287
1413
1486
1562
1501
1361
1212
991
826
738
705
802
956
1132
1332
1467
1542
1528
1301
1046
929
757
687
833
942
1114
1323
1415
1467
1377
1279
1196
972
872
854
827
1020
1262
1330
1385
1464
1394
1279
1192
1038
989
1039
1051
1099
1182
1265
1346
1348
1240
1178
1147
1089
1120
1069
943
993
1035
1005
1058
1095
1120
1241
1342
1362
1385
1366
1228
1072
949
848
865
938
1021
1138
1214
1286
1336
1347
1317
1211
1130
1053
1031
1122
1182
1254
1274
1144
1101
1075
942
951
960
890
1020
1230
1364
1472
1492
1378
1201
1004
894
962
1001
998
1011
938
939
1008
1039
1145
1303
1386
1448
1567
1534
1418
1309
1005
794
727
612
720
966
1168
1421
1570
1559
1506
1261
936
781
629
610
861
1071
1303
1576
1670
1722
1677
1474
1255
977
786
683
613
735
877
1074
1285
1399
1542
1449
1329
1329
1098
977
979
837
897
1055
1082
1264
1365
1282
1398
1395
1324
1419
1273
1153
1169
959
891
951
838
911
997
876
957
972
873
1030
1123
1207
1405
1437
1484
1480
1289
1227
1153
989
1022
989
898
1029
1090
1121
1267
1244
1210
1254
1107
1044
1065
938
1027
1189
1166
1269
1367
1320
1388
1412
1279
1188
1013
850
876
877
988
1204
1268
1428
1547
1354
1190
992
719
706
754
807
1015
1104
1175
1386
1409
1382
1473
1323
1164
1174
956
875
1040
1093
1325
1494
1397
1392
1222
909
796
644
530
661
728
930
1314
1375
1452
1635
1434
1336
1395
1127
1087
1174
1017
1091
1114
970
1078
1039
940
1125
1091
1071
1290
1258
1361
1599
1472
1436
1423
1127
1018
950
752
806
921
1032
1209
1197
1202
1228
1083
1063
1052
946
1068
1187
1179
1292
1326
1245
1253
1138
982
1031
1014
1051
1252
1259
1279
1385
1324
1233
1139
991
858
741
726
760
786
964
1135
1298
1543
1597
1550
1488
1330
1195
1066
967
937
952
1011
1053
1116
1184
1193
1206
1249
1330
1403
1435
1405
1302
1194
1057
901
762
668
699
823
1013
1199
1316
1420
1485
1502
1473
1371
1290
1222
1082
920
793
734
777
872
1041
1261
1417
1598
1682
1555
1405
1134
747
439
217
205
401
707
1208
1687
1949
2153
2145
1811
1431
1052
713
621
671
742
862
1025
1171
1223
1266
1291
1249
1269
1317
1348
1355
1280
1221
1049
843
814
728
819
1130
1309
1568
1768
1684
1523
1287
962
636
392
302
398
650
997
1421
1766
1887
1868
1660
1261
934
686
477
498
701
951
1287
1599
1758
1790
1649
1415
1181
937
863
929
968
1094
1268
1306
1279
1217
1030
856
803
801
884
1029
1142
1239
1296
1302
1339
1320
1194
1110
1032
953
943
878
852
984
1127
1251
1359
1372
1341
1286
1195
1138
1045
893
843
853
878
1058
1246
1344
1534
1646
1608
1551
1380
1173
1015
833
679
589
544
654
869
1086
1425
1698
1763
1855
1727
1329
1030
712
472
531
685
958
1352
1595
1686
1627
1353
1073
817
507
452
654
845
1173
1507
1623
1711
1644
1366
1131
881
647
601
680
825
1064
1383
1674
1880
1928
1751
1471
1034
539
275
139
215
567
915
1301
1706
1911
2060
2055
1751
1553
1337
808
506
430
255
451
888
1113
1562
1898
1678
1745
1649
986
857
768
267
270
544
673
1158
1761
2001
2249
2263
1768
1368
879
217
57
91
181
719
1237
1624
1951
1963
1909
1686
1148
741
471
285
373
536
745
1182
1603
1789
1876
1846
1575
1248
906
623
623
646
731
1037
1314
1669
1978
1953
1858
1650
1178
854
635
354
367
520
699
1101
1432
1632
1795
1696
1435
1146
824
683
682
671
802
1010
1109
1244
1418
1458
1473
1452
1242
1023
940
857
797
881
982
1139
1348
1461
1556
1473
1314
1241
1016
936
996
905
972
1119
1146
1225
1301
1249
1157
1130
1167
1230
1308
1392
1386
1274
1143
951
765
683
616
607
733
909
1162
1465
1662
1782
1768
1608
1448
1239
988
778
637
642
704
795
1046
1301
1476
1649
1652
1522
1329
1027
805
691
616
649
769
1003
1271
1399
1481
1557
1533
1474
1386
1157
917
804
740
801
932
1058
1217
1262
1368
1506
1381
1260
1148
898
823
876
914
1073
1256
1408
1544
1594
1569
1387
1105
902
722
625
752
878
952
1146
1282
1285
1257
1179
1134
1096
1049
1147
1210
1233
1392
1438
1413
1448
1331
1150
1024
879
784
739
717
842
1047
1226
1410
1539
1606
1605
1446
1214
1026
867
762
757
831
991
1148
1236
1298
1288
1262
1306
1323
1261
1205
1143
1007
937
936
896
968
1080
1109
1184
1271
1301
1276
1196
1124
1060
1019
1085
1169
1178
1255
1338
1245
1218
1289
1172
1040
998
924
997
1200
1310
1347
1348
1340
1264
1115
1020
877
729
689
753
953
1177
1394
1569
1597
1587
1513
1229
947
754
599
663
813
993
1266
1395
1434
1397
1199
1012
864
793
810
895
1104
1263
1424
1654
1664
1543
1409
1131
865
731
648
632
787
1021
1241
1557
1805
1840
1819
1662
1348
1070
800
597
483
395
506
702
885
1230
1595
1808
1923
1908
1688
1379
1048
659
369
252
278
576
1015
1391
1748
2014
2051
1877
1545
1065
670
495
367
423
669
896
1287
1662
1723
1676
1499
1174
889
721
700
809
1060
1299
1420
1481
1388
1103
780
509
325
393
694
1037
1456
1859
2111
2135
1794
1352
946
424
137
226
448
940
1522
1881
2150
2201
1927
1570
1180
783
498
374
474
735
963
1178
1411
1493
1478
1465
1349
1210
1153
1094
1067
1057
1039
1051
993
872
794
817
925
1110
1338
1481
1555
1550
1483
1351
1056
827
738
662
710
882
1128
1414
1584
1562
1429
1310
1226
1092
912
704
545
646
916
1142
1389
1597
1673
1722
1654
1378
1083
817
554
428
474
680
1039
1423
1758
1971
1935
1728
1392
905
481
192
80
316
747
1239
1827
2129
2001
1767
1386
936
682
505
445
645
921
1272
1716
1966
1987
1813
1411
1006
688
453
439
565
757
1073
1339
1467
1507
1372
1137
975
806
781
1044
1255
1445
1695
1702
1600
1465
1105
782
574
375
519
839
1105
1525
1728
1655
1663
1455
1041
811
597
474
714
970
1158
1412
1515
1522
1485
1336
1227
1091
979
991
887
812
925
1080
1233
1326
1381
1366
1317
1311
1180
1004
977
969
963
1065
1101
1098
1192
1192
1115
1029
940
951
927
928
1132
1306
1447
1691
1732
1556
1368
1042
698
579
595
722
935
1134
1375
1506
1508
1511
1289
1026
991
970
1036
1162
1156
1163
1170
1136
1124
1079
1114
1264
1348
1393
1386
1187
962
836
684
592
615
709
996
1416
1727
1888
1925
1794
1552
1272
925
655
554
531
680
887
1043
1218
1306
1428
1549
1503
1445
1261
1012
958
905
785
726
722
765
974
1298
1525
1719
1822
1691
1460
1253
1023
714
566
564
541
751
1080
1317
1515
1545
1435
1320
1177
1075
1018
900
867
953
960
1051
1357
1534
1541
1593
1487
1293
1239
1063
875
851
772
780
878
905
1069
1294
1329
1349
1400
1324
1278
1176
959
890
878
968
1205
1342
1420
1429
1308
1226
1112
901
808
834
1014
1331
1461
1471
1415
1195
1055
944
872
1025
1090
1026
1086
1188
1282
1454
1519
1400
1322
1093
748
640
560
525
687
872
1136
1461
1643
1717
1694
1503
1299
1125
866
713
698
698
828
991
1117
1276
1372
1367
1331
1323
1276
1212
1238
1310
1327
1205
1115
1061
914
955
1073
1100
1310
1462
1360
1273
1164
966
893
915
962
1126
1283
1331
1313
1259
1255
1282
1244
1216
1269
1264
1244
1213
996
810
785
762
822
941
977
1130
1354
1441
1541
1485
1282
1183
949
772
840
819
845
1089
1291
1432
1631
1675
1543
1412
1181
941
762
630
669
727
821
1034
1144
1251
1459
1495
1460
1531
1484
1296
1065
866
707
560
591
779
1047
1417
1740
1872
1794
1687
1490
1057
749
608
500
644
934
1224
1558
1796
1830
1696
1402
1022
721
519
417
557
788
988
1323
1558
1573
1627
1556
1302
1139
949
724
713
756
809
1026
1196
1338
1514
1471
1371
1308
1077
932
959
883
920
1141
1189
1215
1340
1298
1224
1211
1053
885
814
787
928
1117
1343
1670
1785
1802
1770
1465
1156
899
636
548
644
810
984
1157
1224
1247
1306
1282
1253
1185
1079
1102
1090
1051
1123
1132
1087
1158
1208
1179
1220
1227
1191
1227
1206
1162
1174
1154
1177
1125
946
917
919
938
1077
1109
1112
1187
1149
1080
1091
1029
1037
1165
1178
1260
1346
1315
1437
1449
1270
1228
1100
911
949
949
851
877
932
998
1164
1323
1416
1490
1507
1550
1621
1556
1430
1244
1000
831
699
592
532
572
735
902
1088
1272
1323
1346
1392
1367
1319
1261
1207
1199
1181
1151
1109
1056
1001
964
985
1020
1081
1170
1191
1211
1250
1182
1143
1173
1157
1227
1282
1207
1229
1264
1139
1067
1085
1058
1033
1052
1147
1187
1129
1195
1225
1128
1133
1146
1149
1208
1232
1278
1288
1184
1066
933
823
795
729
726
947
1169
1332
1507
1538
1495
1474
1383
1246
1112
991
923
971
1012
1020
1121
1130
1106
1134
1036
1017
1102
1179
1355
1442
1471
1574
1408
1162
1107
857
665
726
616
690
1002
1061
1269
1536
1448
1449
1397
1135
1076
977
861
1047
1137
1243
1513
1340
1173
1248
925
827
987
793
962
1308
1249
1438
1581
1374
1446
1268
813
737
467
343
750
832
1067
1584
1593
1765
2045
1741
1526
1343
850
655
543
399
693
876
983
1435
1441
1321
1547
1251
1000
1117
769
717
1015
935
1243
1583
1439
1615
1590
1242
1329
1126
811
991
817
723
1136
1122
1234
1650
1488
1428
1495
1095
999
901
593
812
828
730
1171
1327
1353
1653
1500
1270
1338
1035
887
1091
920
883
958
774
963
1090
978
1273
1359
1276
1470
1351
1176
1217
1034
952
1083
1057
1091
1157
1120
1159
1044
939
1082
1068
1080
1245
1260
1343
1433
1361
1379
1389
1306
1218
973
775
789
735
787
1018
1073
1195
1441
1416
1301
1198
1041
1030
1107
1188
1295
1380
1445
1398
1196
1017
896
767
743
826
877
1017
1330
1513
1544
1600
1488
1229
1070
947
762
720
823
900
1098
1322
1487
1700
1767
1762
1676
1336
1034
739
393
287
301
385
689
1089
1481
1816
1941
1931
1814
1462
1166
942
665
616
671
718
848
889
958
1098
1106
1173
1290
1342
1497
1530
1433
1485
1401
1139
992
718
417
419
442
630
1023
1250
1603
1961
2040
2163
2077
1745
1575
1203
691
427
145
75
315
519
956
1474
1791
2160
2264
2043
1851
1416
850
478
75
-141
47
302
724
1297
1664
1971
2118
1943
1739
1407
953
711
598
566
701
847
965
1161
1322
1364
1389
1368
1341
1352
1340
1352
1243
1071
1066
1059
1031
1035
976
1053
1267
1324
1369
1376
1145
1023
918
737
809
829
847
1125
1332
1539
1767
1744
1607
1404
1035
683
444
315
378
547
909
1383
1591
1733
1802
1555
1340
1217
1094
1100
1143
1194
1284
1311
1225
1063
878
847
994
1108
1223
1328
1294
1237
1148
987
853
753
772
961
1232
1465
1577
1601
1505
1315
1168
1033
934
947
940
966
1091
1122
1156
1210
1097
1010
1026
1007
1095
1254
1229
1160
1141
1080
1087
1097
1053
1158
1281
1256
1237
1140
915
758
601
511
700
962
1253
1658
1956
2136
2188
1998
1644
1061
470
120
-121
-3
423
888
1560
2166
2532
2674
2401
1971
1408
644
139
-131
-281
-13
430
828
1360
1715
1770
1788
1670
1487
1376
1260
1187
1180
1187
1178
1196
1163
1050
934
665
500
599
635
854
1263
1478
1774
2068
2060
1946
1529
940
530
124
76
374
583
1096
1663
1819
1980
1924
1493
1203
866
542
520
476
703
1178
1346
1541
1642
1383
1242
1024
726
804
915
1041
1385
1660
1900
1936
1675
1433
1082
779
674
512
521
749
975
1266
1436
1420
1391
1220
1097
1192
1249
1381
1570
1501
1284
1050
663
269
151
239
533
1106
1671
2131
2432
2286
1903
1367
625
189
-8
-24
519
1094
1542
2067
2193
2068
1827
1262
781
422
153
234
422
690
1188
1660
1995
2212
2214
1994
1656
1234
706
289
92
-6
192
613
1028
1558
1906
1959
1949
1637
1212
947
632
580
844
1045
1323
1602
1660
1582
1299
849
440
187
248
568
989
1569
2142
2415
2448
2179
1529
846
289
-178
-351
-119
335
901
1554
2066
2271
2201
1884
1445
1057
777
659
693
874
1219
1437
1475
1507
1308
1000
803
574
502
650
890
1231
1511
1741
1875
1755
1586
1282
849
574
320
258
548
894
1294
1675
1867
1984
1926
1612
1267
906
582
522
606
714
956
1223
1409
1599
1647
1496
1338
1067
799
781
832
981
1203
1341
1464
1434
1252
1124
942
749
692
641
740
1021
1205
1369
1514
1526
1553
1608
1504
1301
1156
944
739
701
704
829
1057
1240
1483
1591
1532
1544
1357
1030
878
663
568
794
967
1226
1604
1729
1712
1570
1269
1023
791
546
441
464
643
982
1252
1508
1738
1783
1791
1668
1317
977
638
328
275
325
489
849
1147
1555
1967
2038
2031
1872
1417
1054
836
675
675
654
709
1013
1236
1397
1531
1396
1239
1148
920
868
977
976
1167
1334
1288
1366
1288
1094
1027
889
954
1169
1151
1219
1336
1201
1179
1262
1143
1115
1177
1072
1050
1098
1086
1122
1068
1062
1173
1177
1268
1381
1239
1128
1124
937
924
1173
1140
1125
1265
1192
1263
1415
1330
1272
1129
885
767
610
546
735
917
1174
1555
1794
1971
2065
1805
1396
1003
534
238
266
407
661
1046
1318
1592
1874
1848
1739
1476
1011
750
529
475
715
895
1162
1421
1456
1483
1403
1192
1019
802
634
674
848
1093
1432
1745
1847
1753
1486
1143
863
575
408
419
525
924
1495
1872
2132
2265
2014
1588
1137
607
351
376
481
738
998
1274
1596
1724
1687
1510
1200
1011
887
692
649
715
734
856
1042
1202
1392
1491
1488
1482
1380
1239
1134
970
866
905
1007
1236
1420
1380
1345
1242
1014
887
745
655
788
965
1203
1530
1715
1799
1771
1467
1122
840
546
444
549
672
882
1169
1372
1536
1615
1566
1478
1295
1117
1063
1046
1129
1274
1339
1363
1309
1124
906
765
645
577
728
970
1281
1643
1851
1892
1698
1367
1052
738
581
562
614
804
1087
1391
1630
1778
1811
1650
1294
892
584
395
388
508
715
1088
1504
1843
2086
2145
1956
1569
1112
685
342
170
227
408
689
1088
1435
1677
1831
1836
1692
1427
1159
988
863
821
959
1037
1031
1175
1200
1184
1304
1218
1139
1201
1183
1214
1185
1069
1050
980
906
972
1028
1131
1385
1520
1515
1497
1321
1101
955
783
630
588
718
962
1265
1657
1933
1961
1822
1487
1010
551
261
204
279
533
996
1451
1864
2161
2172
1990
1661
1251
850
557
454
423
483
660
844
1111
1485
1708
1770
1753
1492
1255
1179
1052
1034
991
848
900
952
978
1087
944
749
758
739
889
1234
1441
1685
1938
1957
1961
1754
1238
879
478
102
132
186
382
927
1367
1779
2117
2085
1987
1774
1392
1069
645
319
317
504
824
1146
1401
1554
1560
1582
1529
1353
1284
1126
1006
1049
936
974
1093
1049
1089
983
821
855
800
941
1312
1371
1481
1644
1525
1537
1467
1220
1111
928
799
767
727
880
1021
1103
1233
1215
1267
1410
1447
1524
1400
1039
848
672
519
680
922
1164
1440
1600
1765
1874
1778
1601
1239
746
501
462
604
992
1272
1324
1338
1264
1138
1100
1020
920
946
1065
1316
1542
1617
1623
1409
1057
797
578
503
719
1008
1215
1433
1525
1443
1430
1341
1117
962
768
665
760
892
1105
1273
1320
1406
1450
1425
1441
1398
1247
1127
1013
884
881
949
970
1032
1169
1289
1411
1502
1548
1542
1350
1204
1104
865
779
719
593
713
916
1092
1336
1456
1553
1626
1413
1233
1083
883
943
977
911
966
976
959
1049
1119
1078
1093
1136
1155
1297
1456
1559
1594
1428
1226
1017
742
663
708
790
951
1063
1198
1364
1540
1698
1682
1549
1339
1110
952
812
787
868
986
1188
1341
1451
1503
1395
1238
999
754
644
566
602
783
910
1059
1303
1462
1619
1784
1743
1604
1477
1309
1140
1036
935
839
844
922
1072
1183
1174
1202
1148
1022
1010
914
838
988
1071
1138
1309
1298
1283
1323
1172
1018
885
790
847
934
1061
1265
1440
1502
1623
1651
1397
1277
1091
763
798
828
846
1100
1200
1357
1517
1389
1342
1256
1056
965
851
780
835
956
1077
1223
1412
1393
1260
1179
987
828
880
949
1029
1329
1612
1715
1803
1664
1304
967
555
189
22
-32
160
582
1090
1741
2364
2742
2834
2632
2147
1442
733
94
-369
-514
-419
-49
578
1318
1999
2486
2763
2687
2312
1856
1225
562
65
-320
-324
-29
341
890
1363
1690
1948
2070
2095
1931
1620
1241
864
623
517
589
818
1078
1248
1359
1436
1404
1365
1180
994
982
790
749
890
854
1034
1368
1564
1720
1745
1578
1479
1401
1190
1085
881
685
734
617
665
855
784
964
1228
1262
1486
1706
1629
1597
1530
1279
1137
920
708
700
579
701
1022
1134
1414
1562
1369
1313
1144
838
832
827
803
1095
1288
1438
1719
1751
1782
1744
1477
1375
1157
838
693
507
473
604
703
898
1138
1322
1449
1516
1512
1446
1361
1260
1108
959
843
697
690
798
901
1163
1432
1612
1725
1665
1536
1300
978
739
540
445
580
787
1014
1371
1553
1601
1759
1720
1616
1580
1389
1179
1011
813
668
554
452
497
594
773
1171
1481
1747
2033
1988
1815
1619
1209
845
640
510
547
678
819
1042
1257
1394
1487
1459
1369
1330
1286
1191
1081
993
843
752
766
651
660
809
856
1105
1362
1448
1655
1753
1739
1748
1540
1317
1209
975
824
828
725
697
779
850
1025
1191
1319
1416
1418
1400
1347
1219
1064
944
865
860
919
1022
1142
1352
1591
1584
1572
1542
1322
1227
1151
972
854
815
812
854
822
754
797
867
1070
1272
1441
1709
1818
1763
1674
1554
1260
916
649
468
553
657
773
1057
1248
1311
1401
1332
1168
1150
927
793
932
903
1018
1234
1291
1409
1492
1444
1410
1280
1128
1093
950
908
1062
1122
1320
1552
1415
1311
1292
1067
963
806
558
631
736
887
1251
1485
1651
1811
1718
1513
1268
824
470
341
346
692
1116
1468
1827
1909
1871
1677
1204
801
487
313
493
804
1071
1430
1736
1898
1893
1586
1184
852
604
560
707
936
1222
1474
1599
1555
1335
1052
771
619
643
739
941
1259
1512
1625
1689
1592
1354
1181
984
721
648
718
763
1008
1269
1363
1501
1520
1401
1315
1196
1062
1042
1034
1043
1071
1052
1107
1149
1175
1159
1093
1108
1100
1086
1118
1093
1063
1154
1207
1210
1282
1309
1316
1337
1291
1220
1161
1050
954
884
786
721
734
772
865
1096
1264
1425
1641
1697
1723
1703
1452
1172
906
589
463
480
527
723
968
1225
1538
1681
1712
1771
1586
1334
1199
929
744
760
777
958
1161
1236
1331
1285
1166
1071
906
832
914
1023
1231
1513
1663
1733
1757
1609
1299
944
613
355
183
262
531
764
1174
1605
1826
1993
1956
1688
1418
1142
923
880
895
934
979
957
1007
1106
1093
1118
1186
1104
1124
1287
1298
1307
1316
1159
1048
1030
1041
1160
1288
1363
1397
1285
1129
1044
866
710
744
699
652
858
1058
1193
1440
1675
1767
1778
1761
1645
1404
1130
788
383
146
107
194
497
944
1401
1892
2328
2491
2375
2027
1400
714
131
-288
-264
51
472
1190
1876
2242
2487
2361
1867
1471
993
473
339
315
423
877
1227
1459
1671
1646
1523
1260
890
682
526
468
725
1133
1512
1827
1902
1802
1623
1289
948
656
460
471
555
712
1072
1433
1655
1817
1795
1597
1320
992
718
494
411
607
934
1213
1507
1675
1588
1525
1396
1213
1184
1048
913
991
1027
1003
975
832
812
938
923
1054
1281
1320
1575
1820
1711
1708
1620
1202
934
702
368
302
394
507
801
1147
1462
1775
1930
1911
1747
1406
1041
813
701
648
722
852
930
1047
1175
1220
1229
1244
1203
1140
1223
1308
1286
1292
1221
1109
1095
1046
990
1030
1057
1135
1316
1435
1517
1558
1482
1334
1125
885
686
554
459
483
712
976
1165
1392
1550
1518
1527
1542
1512
1518
1394
1211
1071
901
800
762
655
650
800
899
1081
1379
1547
1676
1838
1786
1590
1481
1284
968
770
545
271
275
404
593
1034
1417
1682
1943
2001
1973
1891
1567
1187
787
293
13
13
164
523
1006
1436
1815
2174
2314
2173
1887
1412
824
350
31
-74
142
508
949
1509
1970
2303
2426
2077
1584
1242
878
611
537
429
424
657
846
1085
1405
1546
1671
1711
1616
1656
1587
1341
1109
681
233
150
158
275
741
1105
1372
1765
1923
1965
2022
1802
1433
1023
586
462
541
583
761
924
1002
1302
1549
1524
1546
1464
1273
1286
1321
1328
1400
1398
1320
1168
936
772
704
630
637
785
922
1184
1527
1622
1715
1793
1563
1322
1098
707
424
369
402
564
901
1284
1557
1687
1728
1661
1455
1199
1014
871
790
936
1117
1133
1215
1263
1048
899
883
795
821
977
1159
1395
1634
1835
1908
1781
1489
1157
824
497
312
236
359
767
1132
1499
1937
2146
2187
2021
1539
1012
542
174
79
96
195
655
1169
1552
1970
2091
2008
2022
1780
1323
1006
665
429
479
523
718
1041
1154
1285
1389
1395
1629
1712
1413
1223
956
607
656
732
745
1049
1316
1404
1486
1509
1537
1558
1428
1236
1030
863
859
842
791
882
1005
1101
1278
1530
1734
1895
1934
1704
1420
1175
917
783
669
591
734
912
1181
1583
1696
1597
1450
1138
887
676
448
497
623
716
953
1087
1144
1320
1426
1485
1551
1469
1364
1345
1293
1211
1175
1179
1123
1055
1023
874
737
784
854
967
1148
1175
1094
1094
1015
809
642
308
-33
26
163
472
1089
1391
1626
1989
1976
2057
2204
1776
1325
908
298
204
424
644
1274
1770
1948
2296
2310
1935
1571
838
78
-153
-278
-224
195
551
961
1475
1680
1643
1413
888
418
280
350
736
1361
1872
2412
2792
2703
2485
2155
1593
1114
929
912
1120
1706
2253
2609
2771
2338
1665
1018
78
-698
-1027
-1200
-858
8
845
1823
2703
2920
2950
2764
1949
1198
655
3
-138
200
541
1266
2139
2546
2866
3020
2648
2314
1856
1182
1030
949
863
1326
1617
1719
2102
2098
1709
1435
920
291
71
-136
-347
-174
-62
18
312
363
304
298
18
-249
-285
-329
-111
524
1227
2127
3126
3699
3978
3912
3189
2111
960
-179
-1064
-1420
-1315
-996
-350
434
982
1440
1630
1412
1202
1071
1070
1402
1754
2051
2414
2433
2178
1957
1480
950
738
557
557
967
1272
1436
1680
1610
1297
953
385
-85
-347
-607
-598
-419
-278
111
577
802
1044
1255
1283
1470
1717
1733
1705
1539
969
215
-483
-1066
-1338
-1188
-623
342
1525
2711
3728
4352
4424
3983
3098
1865
636
-327
-996
-1199
-928
-397
377
1338
2198
2770
3133
3310
3307
3259
3130
2973
2888
2728
2542
2402
2148
1874
1739
1498
1163
1030
891
806
999
1098
1156
1364
1286
985
771
306
-288
-601
-918
-1010
-515
128
1016
2127
2852
3367
3738
3585
3215
2736
1950
1451
1308
1115
1242
1470
1457
1593
1618
1442
1514
1555
1503
1628
1602
1453
1338
888
314
-126
-770
-1293
-1337
-1198
-728
145
1088
2181
3188
3704
3817
3399
2530
1524
399
-507
-974
-1252
-1246
-967
-739
-527
-489
-815
-1252
-1726
-2047
-1990
-1677
-1020
-112
683
1339
1685
1490
955
235
-574
-1182
-1331
-1008
-366
525
1636
2791
3672
4064
3995
3553
2784
1825
818
-3
-417
-528
-256
471
1276
2052
2728
3032
3051
2912
2543
2036
1527
1068
858
914
1037
1232
1425
1572
1860
2167
2383
2681
2856
2816
2770
2532
2166
1858
1415
999
717
413
336
401
418
671
977
1280
1871
2527
3259
4126
4938
5707
6317
6609
6595
6178
5337
4419
3477
2478
1750
1235
867
796
815
813
791
591
247
-199
-715
-1027
-1162
-1111
-643
53
864
1756
2440
2828
2952
2695
2095
1298
419
-314
-905
-1319
-1403
-1500
-1702
-1939
-2475
-3117
-3614
-4003
-4124
-3833
-3102
-2084
-959
284
1405
2235
2945
3344
3417
3564
3542
3190
2821
2242
1568
1078
514
113
-21
-292
-454
-532
-870
-1019
-1095
-1482
-1624
-1470
-1269
-743
34
845
1728
2581
3127
3202
2755
1789
604
-671
-1974
-2843
-3165
-3049
-2368
-1226
164
1716
3181
4232
4824
4956
4527
3682
2612
1399
219
-869
-1764
-2274
-2480
-2248
-1608
-892
115
1187
2019
3003
3878
4392
4945
5422
5558
5518
5232
4673
4143
3589
3028
2643
2376
2339
2500
2728
2965
3118
3207
2979
2567
2216
1585
1055
900
721
849
1265
1647
2341
3094
3771
4626
5283
5792
6200
6113
5624
4734
3287
1568
-223
-2049
-3404
-4142
-4520
-4180
-3247
-2135
-824
330
1141
1586
1536
1250
725
-68
-796
-1490
-1998
-2014
-1868
-1567
-858
-81
764
1812
2691
3462
4150
4493
4680
4602
4202
3827
3352
2791
2228
1467
727
142
-313
-516
-550
-427
-130
66
80
-75
-558
-1143
-1671
-2138
-2371
-2415
-2123
-1449
-546
657
1905
3033
4077
4766
5054
5049
4675
4159
3648
2952
2148
1187
17
-1257
-2687
-3993
-5005
-5705
-5799
-5401
-4549
-3198
-1790
-445
698
1263
1348
945
28
-1089
-2262
-3143
-3408
-3148
-2311
-965
635
2359
4017
5363
6250
6709
6729
6300
5728
5147
4624
4505
4564
4614
4880
5039
5005
4931
4701
4412
4014
3591
3229
2728
2302
1945
1430
1005
573
-97
-755
-1315
-1687
-1566
-937
161
1506
2725
3892
4790
5066
4964
4401
3409
2473
1599
772
274
74
26
173
445
825
1263
1618
2107
2638
3012
3537
4079
4459
4847
4816
4153
3163
1775
113
-1489
-2919
-3912
-4244
-3806
-2595
-847
1212
3190
4598
5203
4975
3809
1874
-346
-2696
-4562
-5612
-6051
-5466
-4279
-2972
-1455
-320
221
499
586
516
585
929
1356
1856
2299
2433
2210
1440
149
-1289
-2673
-3674
-4118
-4102
-3469
-2439
-1357
-168
885
1648
2252
2693
3097
3386
3413
3350
3079
2489
1878
1326
827
663
960
1460
1995
2624
3084
3170
2949
2281
1208
-147
-1653
-3041
-4262
-4996
-4948
-4300
-2981
-1130
741
2581
4285
5403
5808
5621
4907
3918
3053
2485
2257
2491
3282
4461
5621
6422
6591
5995
4769
3151
1373
-377
-1757
-2538
-2669
-2099
-1149
-145
809
1633
2146
2297
2445
2556
2601
2864
3175
3365
3594
3923
4119
4136
4061
3747
3308
3004
2667
2158
1682
1210
677
339
73
-377
-722
-839
-881
-735
-295
477
1477
2478
3390
4090
4522
4571
4109
3377
2428
1260
148
-730
-1250
-1524
-1570
-1179
-565
116
804
1333
1796
2121
2124
2000
1922
1655
1253
1065
1000
961
1019
1083
1054
932
736
391
-62
-376
-456
-359
-128
284
725
896
962
817
270
-364
-1175
-1962
-2311
-2415
-2237
-1569
-481
729
1769
2409
2498
2070
1114
-310
-2009
-3629
-4806
-5372
-5215
-4517
-3520
-2308
-1070
-72
485
699
719
811
1330
2258
3677
5574
7450
9035
10295
10805
10278
9075
7379
5281
3349
1758
393
-330
-411
-573
-877
-1284
-2217
-3408
-4712
-6170
-7115
-7287
-6659
-5050
-2824
-393
1957
3682
4564
4872
4608
3866
3116
2561
2344
2682
3481
4552
5845
7059
7920
8439
8401
7792
6973
6130
5438
4913
4425
4008
3510
2688
1590
295
-1060
-2121
-2715
-2741
-2142
-1083
313
1687
2813
3702
3969
3697
3369
2906
2315
1875
1436
929
619
251
-434
-1221
-1942
-2503
-2986
-3304
-3301
-3123
-2654
-2088
-1765
-1375
-998
-856
-622
-259
-27
131
484
881
1192
1707
2169
2388
2439
2004
1347
675
-279
-921
-943
-878
-600
-189
-89
-44
-107
-410
-520
-359
-48
519
1331
2137
2825
3223
3111
2684
1878
683
-490
-1609
-2426
-2567
-2124
-1017
675
2549
4482
6266
7453
7935
7890
7393
6451
5287
4183
3072
1925
739
-655
-2208
-3814
-5349
-6718
-7671
-7933
-7557
-6375
-4423
-2126
117
2002
3357
3941
3894
3347
2396
1641
1188
1081
1699
2796
4263
6239
8225
9847
11094
11710
11536
10706
9423
7804
5980
4086
2157
408
-1021
-2168
-3080
-3672
-3705
-3242
-2364
-1117
339
1956
3500
4638
5211
5055
4024
2289
139
-2245
-4576
-6597
-8102
-8914
-9180
-8928
-7826
-5959
-3756
-1288
1178
3149
4663
5505
5426
4877
3979
2780
1787
1294
1261
1743
2838
4109
5306
6448
7151
7411
7437
7141
6604
6128
5679
5041
4371
3581
2385
914
-944
-3141
-5398
-7715
-9332
-10396
-10950
-9841
-8202
-6260
-3183
-336
2183
4744
6684
8096
9204
9894
10042
9834
9527
9226
8980
8774
8538
8099
7282
5872
3847
1390
-1375
-4204
-6656
-8359
-9188
-8949
-7594
-5607
-3422
-1300
350
1399
1966
2107
1950
1754
1783
2110
2772
3607
4205
4290
3688
2402
519
-1741
-4009
-5971
-7325
-7934
-7711
-6716
-5075
-2895
-624
1496
3422
4867
5684
5919
5555
4766
3950
3169
2441
2034
1841
1688
1640
1595
1384
920
279
-480
-1371
-2175
-2688
-2803
-2350
-1381
-119
1373
2893
4050
4622
4533
3786
2427
749
-672
-1610
-2029
-1675
-721
489
1898
3110
3803
4035
3711
2899
2029
1399
1214
1553
2206
3056
3894
4517
4952
5067
4855
4533
4150
3712
3416
3276
2993
2601
2120
1259
127
-1262
-3009
-4754
-6279
-7180
-7159
-6311
-4286
-1251
2222
5922
9190
11393
12467
12288
10649
7894
4646
1177
-1928
-4068
-5323
-5651
-5102
-4040
-2699
-1341
-130
805
1511
2193
2830
3507
4146
4558
4893
4945
4365
3442
2340
847
-611
-1615
-2301
-2392
-1792
-861
375
1585
2145
2047
1341
-152
-2107
-4049
-5653
-6452
-6222
-4909
-2538
498
3710
6677
8901
10092
10345
9716
8539
7410
6456
5856
5584
5288
5067
4743
4039
3253
2464
1630
1055
891
882
996
1086
629
-247
-1477
-3301
-5267
-7084
-8743
-9852
-10240
-9991
-9129
-7840
-6281
-4644
-3170
-1881
-912
-360
92
494
778
1283
1867
2380
3111
3837
4417
5059
5591
5849
6117
6413
6532
6520
6251
5696
4871
3609
2170
727
-847
-2208
-2948
-3047
-2480
-1202
578
2598
4612
6210
7204
7609
7484
6959
6066
4944
3745
2562
1480
387
-785
-2001
-3111
-3994
-4535
-4498
-4142
-3724
-3303
-3333
-3930
-4885
-6260
-7847
-9025
-9473
-9138
-7766
-5401
-2563
369
3026
5001
6267
6856
6888
6580
5994
5483
5142
4762
4471
4147
3688
3480
3686
4217
5274
6851
8489
10000
11431
12589
13398
13913
13879
13208
12079
10453
8268
5678
2911
79
-2665
-5066
-6935
-7999
-7838
-6361
-3948
-931
2197
4824
6754
7598
6889
4883
1971
-1561
-5059
-7906
-9680
-10132
-9412
-7658
-5111
-2479
-340
1008
1293
719
-225
-1330
-2287
-2516
-1954
-1048
213
1605
2579
3313
3635
3538
3668
3880
4325
5261
6379
7718
8855
9375
9483
8801
7022
4655
1780
-1528
-4461
-6886
-8877
-9966
-10142
-9713
-8717
-7160
-5230
-3154
-1135
539
1391
1356
686
-806
-2981
-5221
-7358
-9112
-9770
-9356
-8061
-5666
-2566
809
4165
7133
9584
11339
12572
13445
13837
14052
13885
13059
12203
10972
8749
6160
3403
327
-2500
-4514
-5825
-6424
-6207
-5584
-4841
-4085
-3578
-3719
-4445
-5323
-6078
-6356
-5703
-3729
-794
2701
6641
10117
12471
13617
13281
11566
9152
6440
3721
1727
610
107
164
530
776
551
150
-297
-1023
-1369
-1088
-569
688
2792
5007
7347
9852
11744
12583
12548
11708
10099
8277
6538
4746
3411
2752
2289
2059
2291
2621
2618
2421
1874
794
-366
-1567
-2662
-3377
-3884
-4161
-4325
-4534
-4821
-5586
-6689
-7526
-8322
-9062
-9212
-9035
-8760
-8071
-7006
-5831
-4459
-2849
-1347
18
1247
1978
2607
3501
4213
4912
5716
6223
6331
5878
4746
3010
759
-1695
-3899
-5603
-6596
-6653
-5625
-3530
-763
2249
5066
7096
7879
7472
6089
3783
1148
-1302
-3434
-4680
-4925
-4747
-4231
-3413
-2799
-2385
-2134
-2277
-2480
-2620
-2675
-2346
-1685
-676
592
1923
3427
5042
6520
7724
8749
9510
9958
10303
10468
10584
10836
11152
11484
11670
11538
10993
10078
8718
7025
5249
3469
2126
1351
1061
1413
1970
2454
2984
3132
2724
1861
306
-1857
-4327
-6794
-8820
-10079
-10450
-9681
-7744
-5306
-2592
118
2032
3131
3553
3268
2638
2073
1827
2139
2924
3930
5135
6034
6236
5823
4459
2372
91
-2304
-4344
-5538
-5869
-5575
-4560
-3009
-1413
382
2060
3362
4418
5071
5496
5682
5685
5682
5349
4705
4030
3182
2119
1069
-87
-1650
-3590
-5725
-8049
-10312
-11948
-12845
-13033
-12386
-11050
-9303
-7201
-4823
-2606
-621
1221
2764
4077
5145
5990
6685
7364
8123
8609
8896
9003
8651
8258
7937
7517
7180
6887
6475
5981
5538
5090
4697
4548
4702
5230
5977
6806
7568
7935
7836
7254
6193
4758
2973
1058
-911
-2963
-4716
-6106
-7183
-7748
-8066
-8420
-8729
-8894
-8902
-8712
-8066
-6894
-5284
-3322
-1427
261
1828
3089
4151
5289
6634
8284
10188
12183
14076
15580
16345
16124
14887
12815
10069
6997
4097
1598
-210
-1194
-1526
-1178
-310
808
2018
2825
3161
3371
3117
2186
877
-907
-3148
-5509
-7926
-10200
-12053
-13283
-13746
-13271
-11782
-9614
-6701
-3231
148
3155
5362
6543
6660
5742
4253
2601
922
-273
-762
-1145
-1014
-159
423
879
1565
1721
1717
2306
2505
2560
3246
3656
3983
4689
5015
5132
5677
6044
6242
6886
7303
7660
8336
8312
7991
7655
6046
4009
2097
-881
-3805
-6034
-8652
-10918
-12354
-13559
-14031
-13513
-12773
-11838
-10622
-9736
-9119
-8629
-8420
-8238
-7853
-7173
-6185
-4830
-3194
-1445
318
1736
2657
3116
3090
2754
2325
2176
2806
4175
6023
8506
11292
13936
16522
18773
20476
21803
22852
23330
23248
22855
21657
19773
17198
13552
9402
4690
-276
-4629
-8393
-10979
-12059
-12156
-10972
-8704
-6487
-4425
-2827
-2759
-3570
-4872
-7169
-9287
-10823
-12196
-12728
-12296
-11534
-10577
-9165
-7711
-6295
-4456
-2330
184
3099
5951
8611
10861
12287
12752
12629
12368
11800
11223
11085
11053
11368
12165
12568
12695
12847
12235
11080
9604
7538
5429
3273
1021
-833
-2449
-3758
-4391
-4717
-4652
-4143
-3523
-2527
-1384
-426
401
966
788
-459
-2329
-4838
-7962
-10853
-13071
-14480
-14803
-14171
-13016
-11365
-9254
-6935
-4603
-2338
-62
1740
2854
3712
4070
3822
3434
3032
2504
2084
1976
1954
2188
2752
3513
4541
5801
7575
9361
10689
11962
12466
11808
10234
7343
3143
-1687
-6305
-10601
-14156
-15826
-15835
-14346
-10869
-6463
-1958
2750
6670
9210
10685
11015
10211
8692
6957
5008
2884
1113
-177
-937
-1065
-925
-497
385
1331
2308
3555
4933
6346
7858
9277
10182
10544
10562
10175
9305
8029
6700
5513
4365
3408
2728
2198
1871
1727
1576
1629
1909
1831
1411
947
254
-428
-731
-907
-966
-724
-355
-167
-341
-862
-1651
-2405
-2965
-3223
-2872
-2013
-849
463
1634
2261
2097
1330
172
-1042
-2013
-2704
-2816
-2212
-1196
107
1770
3447
4670
5274
4924
3614
1687
-688
-3252
-5558
-7274
-8349
-8647
-8246
-7324
-6022
-4679
-3429
-2527
-1937
-1509
-1463
-1460
-1298
-1086
-640
142
1063
1725
2236
2610
2617
2580
2664
2979
3709
4775
6137
7590
8537
8480
7253
4895
1591
-2444
-6805
-10784
-13821
-15615
-15694
-14146
-11472
-7559
-3084
1120
5058
8049
10070
11669
12817
13698
14459
15371
16401
17573
18345
17891
16877
14885
11650
8189
4359
572
-2120
-3672
-4133
-3350
-1590
680
2993
4695
5312
5222
4781
3764
2714
2214
1944
2292
3547
4911
6514
8485
9903
10770
11368
11400
11038
10455
9566
8456
7093
5376
3014
26
-3463
-7621
-11653
-15270
-18485
-20479
-21405
-21244
-19984
-18427
-16498
-14349
-12690
-11286
-10440
-10454
-10128
-9401
-8772
-7461
-5324
-2937
-299
2759
5920
8879
11689
14218
15941
16700
16833
16112
14254
11685
8490
4547
491
-3308
-6923
-9820
-11749
-13046
-13493
-12990
-12019
-10650
-8921
-7184
-5305
-2948
-287
2438
5264
8190
10824
12943
14960
16206
16268
15752
14328
12324
9815
7139
5351
3948
3515
4338
5204
6229
7041
6537
5125
3117
438
-2106
-4285
-5267
-4854
-3953
-1611
1568
4694
7975
10459
12334
13401
13631
13950
14325
15138
16519
17978
18927
19159
18619
16990
14410
11078
7567
3931
422
-2089
-4106
-5895
-7293
-8833
-10781
-12906
-15122
-17369
-19319
-21108
-22354
-22332
-21954
-21421
-19786
-17945
-16488
-14554
-12362
-10094
-7310
-4313
-1552
869
2407
2324
846
-2072
-6705
-11913
-16891
-21542
-24578
-25232
-24499
-21795
-16734
-10811
-4475
1700
6870
10206
12190
13481
13511
13836
14297
14175
15186
16894
18610
20659
22475
23808
25105
25583
24459
22814
20162
15951
11526
6454
1016
-3503
-7916
-12006
-15001
-17131
-18284
-18460
-17098
-14238
-10626
-5631
330
6018
11340
15913
19475
21977
23555
24520
24768
24589
24283
23804
23013
22278
21519
20217
19319
19068
18964
19757
21283
22421
23148
23011
20639
16522
11102
3829
-3822
-11078
-17511
-21916
-24344
-24506
-22730
-19984
-16766
-13562
-11369
-10706
-10516
-11363
-13212
-14629
-16036
-16973
-17488
-18398
-19139
-19779
-20191
-20303
-20366
-19534
-17892
-15770
-12526
-8981
-5765
-2627
-174
1202
1503
873
-698
-3022
-5482
-7710
-9378
-10018
-9272
-7241
-4091
151
4872
9562
14273
18310
20865
21966
21544
19357
15944
12008
7492
2776
-1538
-5278
-8202
-10091
-10912
-11103
-10594
-9334
-8008
-6739
-5405
-4075
-2815
-982
1285
3602
6686
10015
13830
18097
21997
25477
27437
28147
27527
25114
21846
17447
12495
8069
4250
1135
-1018
-1631
-1188
8
2070
4036
5646
6608
6719
6442
5705
5183
5092
5178
6248
7796
8988
9936
10254
9839
8518
6354
4041
1432
-1061
-2724
-3859
-4263
-3887
-3437
-3346
-3843
-4966
-6658
-8492
-9996
-11073
-11347
-10662
-9333
-7687
-5972
-4416
-3179
-2222
-1646
-1441
-1186
-792
-259
708
1837
2834
3666
3999
3621
2535
675
-1810
-4076
-5618
-6579
-6749
-5697
-3761
-1786
99
1765
2589
2342
1445
-103
-2272
-4049
-5373
-6286
-5947
-4848
-3484
-1377
854
2043
2168
1477
-411
-2935
-5398
-7869
-9702
-10503
-10080
-8593
-6552
-3806
-952
1542
4150
6800
8925
10647
12187
12897
12821
12574
11435
8879
6421
4399
2068
1096
1932
3272
5796
9266
11972
13506
13807
12079
8039
2555
-3800
-9757
-14141
-16673
-15955
-12766
-8091
-1942
3769
9024
12975
14165
13678
11970
9419
6804
4783
3333
2552
2635
2497
1837
881
-593
-2380
-3947
-4827
-5106
-4842
-3996
-2675
-1004
760
2657
4378
5726
6814
7476
8131
8550
8583
8928
8945
8622
8748
8999
9313
9668
9763
9627
9525
9461
9109
8522
7644
6404
5046
3588
2109
718
-566
-1645
-2541
-3407
-4341
-5161
-5889
-6537
-6677
-6218
-5109
-3398
-1272
1208
3566
5571
7067
7645
7180
5559
2863
-474
-3959
-7174
-9380
-9905
-9030
-7104
-4231
-1127
1104
2282
2256
449
-2418
-6389
-10728
-13784
-16122
-16742
-15798
-15077
-13600
-12033
-11362
-10762
-10413
-10029
-9346
-8428
-6684
-4667
-2855
-913
567
1282
1521
1241
848
777
1082
1956
3278
4652
5790
6522
6507
5696
4628
3502
2626
2252
2500
3667
5622
8295
11116
13556
15756
17352
18187
18437
18308
17999
17693
17775
17725
17460
17523
17221
16531
16211
16377
17236
18747
20370
21899
23178
23622
22935
21136
18101
13915
9155
4409
81
-3125
-4623
-4446
-2825
129
3690
7060
10104
11925
11943
10422
7523
3420
-1442
-5685
-9746
-13376
-14603
-14962
-14791
-13515
-12440
-11282
-10222
-9381
-8769
-8814
-8852
-9433
-11016
-13316
-16823
-21494
-26664
-31849
-36746
-39793
-40951
-41377
-39053
-34725
-30713
-26231
-22097
-19454
-18148
-18090
-18907
-19755
-20297
-20591
-19455
-16968
-13833
-9286
-4379
113
5065
9294
12501
15440
17264
18399
19435
20114
20629
20789
20216
18434
15440
11548
6925
2286
-1672
-4616
-6271
-6328
-5341
-3905
-1503
954
2755
4576
5727
6326
6721
6558
6911
7368
7374
7965
8310
8614
9512
10030
10830
12011
13324
14345
14614
15294
15275
14104
12995
10811
7383
3852
91
-3650
-6957
-10194
-12666
-13839
-13900
-12731
-10568
-7913
-5037
-1666
1759
5499
9459
12818
16596
19243
20679
22795
22669
20358
18598
15976
12965
11358
10169
9571
10097
11212
12240
12923
13738
14167
13778
12502
10358
7882
5113
2837
1612
1661
3178
5290
7918
10365
12614
14754
16125
18149
20587
23146
26394
29079
31094
32679
31988
28054
22587
15352
5902
-3147
-10467
-16101
-19895
-20659
-17823
-13145
-7716
-2652
988
3070
2936
818
-2844
-8242
-13899
-19111
-24485
-28941
-31993
-33428
-32997
-30919
-26603
-20923
-15520
-11035
-8289
-8146
-10263
-15007
-21897
-29445
-37576
-44598
-49679
-52165
-51526
-47964
-41353
-34370
-27115
-19126
-11939
-5460
225
5159
9038
11994
13912
14012
12926
10657
7166
3144
-1501
-6245
-10241
-13111
-15003
-16499
-17077
-17012
-16570
-15422
-13869
-12047
-11123
-10558
-9633
-8982
-7979
-6019
-3224
-269
3720
8750
14370
21448
29069
36341
42371
46748
48926
48604
47029
43016
36774
30711
25033
20158
16521
14535
14668
15872
18380
22750
27766
32424
36144
38302
38793
37851
35558
32349
28372
23551
18706
14188
10418
8158
6832
6478
7399
8429
9625
11264
12215
12513
12293
11309
9841
7482
4292
458
-4044
-8901
-14191
-18210
-20461
-21856
-20920
-18526
-15299
-11041
-7342
-3779
-533
1913
3674
5052
6886
8915
11881
16631
22356
28143
33757
38198
40660
41259
39103
34809
29020
22275
16925
12308
8684
6953
5377
4673
2796
-436
-2859
-8351
-15203
-21513
-28889
-34970
-40087
-43498
-44547
-44112
-41349
-37757
-34203
-31210
-29447
-28700
-28694
-29184
-29588
-28457
-26311
-22639
-17876
-13202
-7813
-2967
1094
3856
5686
7497
9188
12247
15727
19229
23390
27793
31950
34567
35488
34652
31710
27530
22770
18121
15044
12922
11203
11039
12165
14225
16716
18848
19494
18839
18034
15895
12528
8190
3258
-1735
-7379
-12793
-18075
-22122
-24933
-27810
-28408
-26675
-23906
-19896
-15783
-13831
-14607
-16855
-20799
-26626
-33035
-39150
-44367
-47485
-47549
-44967
-41078
-36455
-31452
-26392
-21260
-16933
-12969
-8917
-5507
-2737
-1482
-940
-870
-3000
-6380
-11799
-19549
-27238
-34153
-39313
-42559
-43993
-42684
-38639
-31675
-23064
-14014
-4533
2909
7266
8675
7490
4822
-166
-5670
-9892
-12457
-11341
-7150
-1820
4164
11128
18330
24268
28956
33134
36315
38473
40790
42784
44277
45715
46408
45790
44595
43188
40350
36512
32627
28060
23995
22291
21860
22498
24891
26783
27535
28674
29009
27697
26042
24570
22785
20452
18427
17592
18072
19239
21470
24942
27762
30236
32973
34543
35484
36171
35524
34617
34011
32415
30590
28842
27017
25453
23542
21364
18244
14262
9679
4246
-1409
-6600
-11140
-15768
-19948
-24084
-28189
-31075
-33389
-34660
-34332
-33061
-31382
-30122
-29868
-31279
-35319
-41005
-47825
-55814
-63034
-69101
-73482
-75815
-75983
-73450
-70064
-66058
-61404
-56977
-52278
-47034
-40862
-34094
-27341
-20264
-13187
-6718
-1505
1942
3297
2189
-541
-4193
-7122
-8382
-8779
-7577
-5134
-2103
1081
3749
6207
7611
8035
7861
7023
6963
7232
8047
10246
12118
14729
18228
20909
24632
29195
33354
37659
41911
45933
48558
49986
50471
49065
47175
44546
40767
37364
34262
31622
29442
27607
26100
24596
24243
24207
24056
25431
27572
30598
34778
38815
42888
46857
49528
51515
53956
55169
55051
55262
54492
53408
52787
50634
49128
47029
42046
39886
36641
28936
23360
16992
8360
85
-8535
-17050
-25261
-31784
-35927
-37469
-37075
-34284
-29321
-25092
-21033
-18449
-18399
-20951
-26612
-33265
-41250
-49155
-54562
-57837
-57986
-54265
-47656
-40385
-33047
-25767
-20366
-16841
-15951
-17799
-21137
-25680
-29823
-33392
-35767
-36365
-36300
-35365
-34226
-33825
-34310
-35761
-38225
-40854
-43016
-44771
-45208
-44270
-41881
-38848
-36422
-34187
-32467
-31782
-32032
-32356
-32412
-31949
-30870
-30006
-28195
-26150
-25559
-25339
-26400
-28186
-28262
-27207
-24161
-18565
-11251
-1483
9313
19343
28169
35890
43048
48719
52111
53464
53035
51795
51385
51183
51446
53293
55117
57607
60465
62687
64941
65778
65785
64841
61684
57758
52674
46624
41036
35249
30140
26010
22454
20529
19645
20064
21733
23041
24074
25219
26853
28947
31005
33110
34704
36405
37176
36600
35633
32285
30482
28177
23401
20787
15691
13975
16326
14091
14449
16652
16186
16283
14676
8936
655
-7455
-16599
-26654
-34245
-39568
-42495
-44560
-44692
-40299
-34653
-31205
-29173
-24951
-22731
-22564
-19477
-19404
-19175
-14313
-11443
-11015
-11795
-13537
-16981
-25158
-35724
-45807
-54814
-61122
-64595
-64911
-63141
-59737
-53938
-48613
-44109
-40284
-38001
-36276
-35012
-34189
-34185
-33389
-30726
-26550
-20474
-13707
-5618
2921
11401
20520
28365
35752
41145
41262
37403
33402
28634
21220
14311
7860
1923
-3841
-9758
-14346
-19296
-23375
-27622
-32447
-36527
-41164
-44783
-46609
-45875
-44075
-40208
-32324
-24055
-15038
-5712
2918
10342
16045
22230
28660
35747
41369
44715
46570
44775
43960
43057
36677
31647
29691
24225
17526
14652
13439
12578
14057
16423
18176
21050
25393
28812
31974
35168
36301
36198
35098
33991
34119
35101
37824
41989
47018
53213
59500
65536
72439
78669
82776
85750
87272
87045
85126
81738
75972
67033
57524
47311
36122
25383
14713
4668
-4327
-11924
-18431
-23896
-27669
-29342
-30578
-33664
-37595
-41244
-43510
-46551
-50465
-52555
-54807
-54099
-52575
-54259
-50844
-45842
-43118
-37077
-30989
-25630
-19867
-15306
-13315
-13488
-13160
-13974
-16731
-20010
-24640
-29141
-30703
-31207
-30104
-25950
-22708
-19108
-14206
-11619
-10036
-8691
-9147
-11507
-15984
-22896
-30662
-38330
-46824
-54445
-60337
-64435
-65542
-63618
-59120
-53438
-46347
-39197
-33652
-28686
-26323
-25371
-24756
-26007
-27460
-28204
-27206
-25190
-21132
-15684
-10086
-3142
3081
10116
17657
25273
33320
40434
47631
52831
56912
62009
65651
67167
67729
68449
67951
66598
66816
66298
66355
68835
71426
74471
76655
76331
74133
69390
62952
55397
46011
35177
22887
10156
-3075
-14238
-21847
-28095
-30612
-28984
-23972
-18050
-11819
-4104
1550
6587
9154
10171
12073
10223
8083
4212
412
2601
3457
5051
11729
16860
21847
28306
31468
31951
28289
22395
17106
8527
-182
-8191
-15546
-19745
-22915
-24210
-23255
-20894
-18084
-15899
-13132
-11700
-11495
-9153
-9010
-12555
-15926
-20978
-26225
-32013
-39622
-44269
-47080
-48932
-49186
-49225
-48521
-47085
-44421
-41938
-41350
-40834
-39406
-38367
-37666
-36311
-34439
-32079
-29493
-26400
-22288
-17414
-12460
-7668
-3238
57
2258
3787
5026
5029
4695
4450
2481
132
-1619
-3473
-6216
-9406
-12291
-14705
-16722
-18793
-19060
-17972
-16143
-10997
-5046
-266
6255
13711
19257
23468
26720
27318
25671
23452
20414
16450
15179
16975
18476
22842
29216
32013
34265
36080
34241
31200
26989
21759
18027
16673
18315
23225
32461
44460
56878
70015
81812
90206
95109
98707
99641
95216
89438
81798
72091
63258
54745
47565
41151
36542
34534
31889
29830
29878
31083
31815
30886
30859
28640
21499
14782
6538
-3772
-13612
-24111
-32317
-40137
-46342
-49062
-50576
-49614
-49913
-48356
-46442
-48910
-48785
-53257
-60850
-62709
-68841
-75181
-76606
-77038
-75240
-73196
-68392
-62975
-58837
-51905
-46330
-44325
-44006
-43439
-42632
-43676
-44546
-45600
-45633
-43589
-41420
-37093
-32781
-28361
-23932
-19080
-13423
-10163
-6074
-2247
1772
6204
10118
15091
19101
23894
27218
27390
26516
23071
17065
9732
622
-9265
-17379
-21962
-21861
-19874
-14267
-4569
4018
12376
18966
22953
24753
22475
17919
12650
7740
4306
4188
7403
12269
20733
31556
41835
51942
60535
66202
67549
65630
61707
54641
46887
38849
30666
23854
17786
13110
9161
5676
3232
1150
-293
-852
-741
-28
1645
4101
6533
8612
10048
10457
10178
9555
7597
4954
2311
664
1836
3341
5574
8915
11937
15967
18694
19609
19121
17433
14441
9602
5445
937
-2863
-5234
-6439
-4690
-2949
-394
3491
7040
10448
12201
13418
12161
8060
3483
-2770
-7882
-10437
-13041
-14786
-12659
-9463
-6298
-1833
892
2961
3311
1266
-639
-4050
-7794
-11002
-14412
-16886
-19160
-21448
-24110
-26723
-27975
-29378
-29890
-28776
-25636
-20213
-14508
-6539
3168
12056
19691
25605
29720
31330
31181
29250
25145
19584
13652
8363
3066
-2500
-8884
-15788
-22530
-28873
-34156
-39386
-44319
-48337
-50600
-50623
-50739
-50319
-48588
-47563
-46787
-46268
-46517
-45889
-44614
-42424
-38158
-32147
-24106
-15011
-5119
5319
14931
23803
31114
36663
39655
39402
37609
33539
26749
20494
15403
10754
8682
8743
10226
13483
17031
20468
22565
23030
22155
19456
16691
12954
8139
3811
-8
-1873
-2299
-923
2389
5571
10042
15496
20297
24814
27814
29978
30968
28977
26003
22019
16605
11408
6219
1186
-2277
-4683
-6671
-6520
-5974
-5215
-2041
872
4716
9067
11932
14982
16836
18211
18906
19119
20873
23098
27014
33144
39521
46194
52433
57507
61550
62892
61616
57070
49762
42037
32502
23216
14950
6739
920
-4148
-7906
-9535
-10410
-10160
-9440
-7005
-5491
-6271
-5687
-6888
-10299
-13040
-16794
-19861
-22120
-24825
-25362
-24741
-23722
-21602
-18583
-14985
-11514
-6894
-1942
3199
8688
13126
16985
19422
20780
21210
19453
16551
12814
7450
1578
-4176
-9809
-14588
-18460
-20324
-21185
-22018
-21206
-21264
-22842
-23591
-26513
-30801
-34364
-38948
-41948
-44010
-45217
-44704
-44148
-42481
-41273
-40357
-39786
-40294
-41313
-43555
-46050
-49430
-52943
-55146
-56516
-57589
-57467
-54707
-51502
-46726
-39903
-32769
-23417
-14583
-6268
3579
11944
19048
24768
29087
33524
36633
38330
39200
38647
38089
38137
38140
38661
39507
40073
39155
36964
35366
33314
31124
29725
28082
27161
26848
26438
26224
25769
25130
24290
23067
21816
21034
21231
22808
24874
26512
28017
28905
29497
30406
30791
30346
30018
29717
28421
29094
30809
29692
28635
27107
25194
24271
21038
18776
18099
15286
14124
15185
15134
15570
17276
18018
19213
21751
22635
23879
27227
29837
32829
36077
36952
37606
38153
35882
32418
27243
20772
15362
7903
602
-4674
-10415
-15004
-18970
-22210
-24360
-26416
-28138
-31081
-34912
-39548
-45754
-51762
-57864
-63748
-68564
-73087
-76089
-77736
-78538
-77797
-76587
-75117
-73260
-71811
-70779
-69560
-68344
-67835
-67239
-66222
-65202
-64074
-62961
-61593
-59754
-57157
-53723
-49403
-44191
-38582
-32699
-26425
-19824
-13851
-8973
-5291
-2619
-554
513
1197
1987
3397
6028
9529
14135
19860
26204
32724
38906
44685
50242
55181
59463
63099
65451
66968
67670
66831
64666
61822
58977
56183
53752
52216
51217
50582
50396
50196
49274
47348
44752
41345
37540
34522
31494
29248
29351
29755
30942
33718
35686
37410
40145
42703
43955
44482
44883
44625
43996
43091
41721
40409
39247
38447
38353
38734
39873
41564
43349
45286
45518
42614
38226
33203
26254
17827
9441
1215
-6683
-12825
-17702
-22405
-25805
-28156
-29828
-32044
-34064
-35749
-39546
-44075
-49751
-55470
-61401
-68120
-73139
-78317
-82735
-85349
-86557
-86283
-85152
-82632
-79637
-75920
-71001
-65856
-61557
-57639
-53315
-49809
-47200
-44901
-43063
-41745
-39832
-37318
-35580
-33393
-30469
-27823
-24253
-20148
-16789
-12909
-8173
-3869
-635
2161
4898
7539
10835
14284
17946
22184
27005
32682
37945
42786
46642
47932
47352
45028
40646
34662
27366
19970
12877
6498
2121
-966
-3326
-4567
-4280
-4799
-5716
-2559
340
1059
4011
6995
8463
10022
11428
11135
9970
11126
12377
12672
16087
19065
20282
23797
26733
29310
33225
36571
39429
42024
45865
51270
56608
61779
66339
70251
73302
73746
73002
71854
68839
66458
64240
60852
58415
55716
52368
48382
42478
35258
27357
19312
10531
1539
-6821
-15408
-23439
-30544
-36447
-40786
-44190
-45495
-45542
-45439
-43933
-43594
-43078
-42514
-42458
-38934
-37888
-36971
-34289
-34614
-31949
-27266
-24357
-22270
-20090
-17756
-16313
-15879
-16273
-17927
-20777
-21445
-20167
-18902
-17071
-14750
-11102
-7389
-4878
-3196
-4421
-7908
-12066
-17539
-22989
-28401
-32425
-34433
-36579
-36966
-36602
-36471
-35625
-35330
-33933
-33205
-34318
-35348
-37810
-40953
-44087
-46780
-47871
-47763
-45634
-42164
-37843
-32223
-26856
-22190
-17425
-12105
-7446
-4119
-713
2207
5367
9230
12415
16536
21302
26406
31788
36932
43004
48207
52737
56301
57551
58827
59693
59188
58302
56715
53932
50677
47293
43438
38678
33601
28373
22325
17074
12643
9260
7759
6887
7749
9874
11747
14341
16701
17571
17497
15979
12349
7934
3506
-1194
-3993
-4435
-4600
-3168
-354
2594
6352
10208
13724
15689
16164
15323
12392
9423
6523
3583
1407
-596
-1619
-2181
-2533
-1802
-905
444
2401
4345
6091
8556
12567
16479
20261
24019
26134
25279
21849
17252
10543
1771
-7830
-17785
-26989
-33451
-36843
-38512
-38146
-35586
-30781
-26267
-23069
-19441
-17156
-15074
-13426
-13056
-11859
-10658
-8805
-6908
-5488
-3472
-2054
-308
2598
5537
7853
10255
12820
14138
14665
14784
14169
12817
10152
7214
4860
2767
939
-1317
-3422
-5087
-6435
-6833
-7512
-8534
-9541
-11296
-13101
-14135
-14314
-14128
-13763
-12804
-10879
-8034
-5433
-2838
276
2024
2599
3392
3773
4069
4455
3862
2898
3160
3727
3435
3443
2721
554
-1843
-4617
-7302
-9973
-12481
-14075
-15026
-14616
-12797
-10879
-8866
-6351
-4254
-3147
-2097
-1349
-1658
-2163
-2969
-4535
-5831
-5960
-5765
-5654
-4360
-2364
-896
531
2128
3452
4718
6614
8558
10263
13467
16287
17641
19863
21299
21890
23167
23259
22465
22311
22183
22078
22387
22483
20893
18120
15517
12806
10038
7168
4942
2920
1547
2440
3358
4112
5989
7150
6967
6213
4023
269
-4578
-10848
-17001
-21999
-25989
-28567
-29892
-29701
-28375
-26477
-23208
-18578
-13311
-7570
-944
5666
11457
16974
20967
24016
27324
28678
28463
28477
27480
25865
25061
23908
22358
21638
21355
21137
21627
22290
22325
22016
20956
18660
15281
10974
5871
401
-4674
-9113
-12580
-13928
-13637
-11818
-8731
-6112
-3487
-2648
-4026
-6415
-11632
-17599
-22612
-27639
-30686
-31146
-30540
-27314
-22568
-17370
-11002
-5789
-1464
203
-284
49
-872
-1361
-257
1645
5413
9787
14247
18907
22881
25333
26953
27970
27374
27160
28039
29066
31357
35363
40170
45466
49943
52161
51871
48999
43914
35624
25693
16037
6235
-1698
-6828
-9564
-10193
-9416
-7260
-4953
-3090
-1734
-3161
-7311
-12488
-18843
-25462
-31295
-36496
-40566
-43340
-45099
-45285
-44219
-42687
-40804
-39050
-37264
-35179
-33550
-32342
-31120
-30872
-31599
-32598
-34163
-35503
-36730
-38260
-38688
-37922
-36129
-33045
-28919
-23631
-17541
-11049
-4877
397
4642
7025
8390
9610
9636
9049
8485
7293
6432
6851
7948
9234
10950
13018
14819
16625
18164
18694
19154
18988
17798
17881
18746
19171
20074
20656
20721
20860
19990
18730
17243
15671
15279
14483
14305
16538
19939
23969
27554
29781
29388
27524
26265
23042
19205
17192
14286
12323
13838
16092
18903
23510
28273
32756
37741
42292
45939
49090
51741
53970
55578
56531
56915
56751
56190
55521
54552
52896
50538
46508
41405
35964
30350
24961
18347
11942
6366
87
-5991
-11943
-18729
-26373
-33648
-39902
-45089
-48687
-50159
-50194
-49496
-48006
-47562
-47847
-48643
-51245
-54407
-58126
-62151
-64722
-65846
-65613
-63421
-59906
-55413
-50174
-44746
-38885
-33590
-29775
-26865
-24388
-22905
-22517
-22259
-22450
-23541
-24984
-26607
-28546
-30291
-32034
-33605
-33881
-33932
-33191
-30947
-28560
-25049
-21153
-17373
-12721
-8901
-5618
-1985
207
1327
2265
2024
1170
182
-844
-2492
-4633
-5944
-7170
-7314
-5981
-3765
-427
2856
5647
8127
10655
12335
13102
14128
14429
14374
15115
16053
17744
20736
23925
27955
33041
37207
40846
44208
46028
46513
45884
44547
43354
42844
43357
44644
46614
49448
52258
54210
55151
54858
53958
52127
48933
45852
43365
40888
38864
37950
37510
37299
36725
34891
32337
28981
25238
21808
19223
17436
15708
14616
13575
11883
10030
7626
4697
1740
-1380
-4284
-6862
-9075
-10645
-12050
-12390
-12267
-12824
-12362
-12010
-12486
-13154
-14862
-16726
-19107
-21843
-24595
-27927
-31974
-36419
-39400
-41770
-43052
-42365
-41345
-39326
-36224
-32978
-30090
-27670
-25437
-23048
-20946
-19825
-18234
-15959
-13698
-10809
-8453
-6827
-4310
-1477
1067
3586
5770
7568
8895
9812
10432
10222
9542
9273
8547
7482
7295
7465
8112
9506
11421
14151
17171
20245
23709
26594
28021
28239
26839
24219
20889
15994
10172
4201
-1884
-7755
-13569
-18496
-22137
-25082
-27159
-28740
-30036
-30664
-30233
-28994
-26974
-23396
-19187
-15115
-10933
-7783
-6555
-6352
-7221
-9761
-12138
-13617
-14938
-14765
-12680
-10058
-6409
-1418
3590
8239
12009
14088
14652
14731
14796
14031
12177
9414
6499
4711
2414
-1329
-4028
-6802
-10662
-13527
-15687
-17655
-18934
-18899
-16757
-13189
-9307
-4894
-722
3234
7638
11469
15418
19607
23861
28428
32850
37450
41480
44718
47028
47650
46776
44484
40871
36475
31987
27793
24921
23920
23928
24306
25334
27438
29648
31212
32276
32911
32977
32700
33322
34915
37103
40066
43771
47828
51343
54007
53941
51799
48553
41296
32973
24958
16817
11371
7655
6275
6684
9118
13759
17746
22893
27244
29825
32067
32756
33091
31895
29451
26995
24604
23120
22199
21577
20801
20750
21412
22315
23383
23349
22589
20678
17063
13041
8633
3768
-1265
-5630
-8650
-10892
-11997
-12410
-12169
-11603
-11415
-10280
-9307
-8452
-6642
-4742
-2075
760
2697
3532
2994
1463
-1458
-5076
-9063
-13484
-17668
-21909
-24977
-28154
-31317
-34002
-38028
-42021
-48032
-54112
-59196
-64859
-69006
-73716
-76147
-76743
-78332
-77403
-75668
-74794
-74096
-73734
-74425
-76865
-79406
-82316
-86603
-90699
-94685
-98290
-100211
-102164
-103561
-102069
-100363
-98912
-94892
-91100
-88248
-83260
-79163
-76753
-72817
-70171
-69418
-67585
-66564
-65928
-63251
-60053
-56356
-51349
-46077
-40635
-35401
-30973
-27466
-25205
-23301
-21940
-21550
-20393
-18698
-17136
-14799
-12452
-10223
-6504
-1959
1522
4655
7534
8587
8357
7708
6365
3990
727
-2153
-4018
-4544
-2482
199
3222
7490
10477
12572
12360
11912
12554
8817
6543
6965
4930
6456
11482
16286
23168
30932
37178
42413
46549
48907
49887
50265
50264
49933
49841
50907
53070
55577
58801
62172
64855
67069
68097
68781
68182
64497
60159
54582
47836
42182
37067
33800
33046
35035
38923
43427
49832
55865
59695
61889
61634
59570
56178
51352
45810
39863
34923
31480
29494
29965
31612
34409
39175
44890
50525
55439
60073
63399
65121
66489
66699
66365
66649
66431
64997
62841
59915
56115
52125
48091
43464
38428
34260
30082
25535
22140
19379
17604
16739
15151
13114
11018
8550
6135
3190
267
-1794
-4393
-5609
-4774
-4383
-3993
-3234
-3013
-3139
-2932
-3237
-4006
-3861
-3011
-1913
-783
712
2582
3937
5243
6635
6732
5886
4790
2726
765
49
37
528
1328
2220
2597
1368
-1219
-4903
-10190
-16982
-24450
-31622
-38670
-44761
-49334
-53196
-55188
-54931
-53277
-50844
-47707
-44138
-41631
-39258
-37126
-37235
-38231
-40094
-43997
-49220
-54795
-59426
-63258
-65565
-65822
-64812
-61403
-55990
-49275
-42386
-37257
-33493
-31410
-30924
-31527
-32077
-30664
-27680
-22656
-15308
-5481
6365
18087
29879
41167
50950
58784
63420
65527
65542
63044
59654
56021
51710
47328
43465
39662
35039
30957
27050
22482
18776
15903
14005
13701
14851
17019
19893
22411
23531
24378
23671
21124
19882
16878
12230
9628
5419
547
-2581
-6445
-9569
-11575
-14268
-16941
-20822
-24885
-28209
-32258
-35832
-39515
-43429
-47097
-50088
-52461
-54339
-55259
-56254
-55919
-55173
-55064
-53605
-51903
-50290
-47835
-44503
-40801
-36801
-32016
-27732
-22707
-17020
-12660
-8725
-6291
-5528
-5937
-7777
-10299
-13300
-16177
-18127
-18657
-18216
-16737
-13487
-10773
-9845
-8894
-10492
-15973
-21044
-26332
-32542
-36033
-37775
-38761
-37187
-33933
-29622
-24055
-18969
-14591
-11378
-10240
-9413
-9815
-11586
-12601
-13369
-13576
-12707
-9843
-4475
2085
10717
20117
28704
37120
43911
48475
50639
51691
52172
50977
49273
47499
46137
45649
46608
48920
50596
52732
55289
56382
57675
58830
58410
57122
55149
53050
51046
48918
46023
42466
39706
37457
35460
33663
32306
31278
29231
27896
26817
24727
23764
21843
17759
13237
8897
4285
-1092
-5311
-8545
-10313
-9717
-8245
-7005
-6689
-6317
-6654
-8971
-11292
-12728
-15777
-18949
-19933
-21963
-22255
-18880
-16029
-11033
-3502
2818
8922
15126
21762
29613
36854
43541
50829
57673
64457
71203
76750
81871
86263
89060
89409
86532
82331
77242
69957
62430
55081
48029
43444
40267
38715
39601
41652
43954
44879
43822
43004
39585
33733
26676
8880
-8587
-22760
-38533
-35879
-35136
-49325
-52752
-48226
-42056
-31214
-18493
-7535
285
-1867
-6558
-6319
-16615
-31519
-42430
-52347
-61396
-68388
-68915
-67039
-66510
-66181
-63988
-63518
-65062
-62233
-60994
-64473
-66652
-69359
-73707
-76412
-77515
-75939
-73260
-69489
-62897
-57455
-52026
-46785
-44127
-42872
-43632
-45786
-49360
-52718
-55175
-58542
-59902
-59518
-59566
-58711
-58551
-58659
-57025
-54845
-51524
-47403
-42240
-36012
-29409
-18980
-7631
1956
11842
19376
26194
31871
34325
36365
36573
35541
35001
33680
32367
30842
28725
28347
28772
29238
30593
32015
34171
36397
39849
45195
49737
54279
59183
62824
66136
69288
70657
71186
70632
69464
69961
70583
70870
70701
70655
70729
69242
67519
65152
61390
56113
50031
43083
34132
24722
15369
7621
1749
-1752
-1177
958
5780
12814
19316
26434
31357
33898
34661
31920
27748
21649
12691
3339
-3438
-8597
-13679
-16403
-17298
-17458
-15874
-13283
-10631
-8835
-8277
-8227
-9186
-10467
-11952
-14012
-16202
-18566
-20323
-22492
-24993
-28502
-33362
-39233
-47580
-54194
-58104
-59921
-58445
-56596
-51082
-41679
-32611
-23690
-16346
-10430
-6968
-4982
-3426
-3981
-3398
-946
4474
13523
23127
32158
40132
47287
52395
54558
54330
51444
45326
36475
27163
17477
7581
-1089
-9002
-14898
-18727
-22670
-26685
-31606
-36728
-41775
-48309
-55222
-63164
-71335
-78645
-85829
-92345
-98957
-104963
-109108
-112181
-115951
-118486
-118228
-117033
-114088
-108374
-101099
-94938
-89193
-83888
-78877
-71771
-65991
-61829
-57204
-53419
-50546
-47115
-41573
-38048
-31452
-23511
-17653
-1994
-4840
-2109
36139
46955
47716
65010
79920
97373
109897
123313
133274
140091
148627
152716
155050
156200
158414
155289
151310
149654
142304
136154
128922
115889
101832
84192
67945
57518
47205
37379
27298
18657
13344
10299
10673
9099
8295
10847
9109
8323
5348
-3510
-11161
-18121
-20105
-25245
-29358
-27037
-26561
-18032
-11196
-5151
5482
13241
22075
27632
36542
43811
44490
49180
51359
51910
56199
59022
61884
69439
77229
83429
88158
88171
83100
74787
63352
48947
33868
17082
1667
-11453
-22600
-29410
-34723
-35333
-35447
-38546
-40186
-45375
-51541
-57400
-65670
-73011
-78824
-82563
-84623
-83114
-78647
-75699
-74630
-74843
-75960
-78015
-79331
-80728
-83842
-87414
-91164
-90848
-86305
-81343
-76490
-72877
-67931
-61748
-54779
-46079
-38842
-31934
-24922
-17206
-7045
4474
17637
30310
41611
50357
55456
58766
58316
54534
48254
40576
33046
24756
17529
11444
8000
5590
3512
3400
1507
-560
-4859
-10480
-13657
-16623
-16889
-16830
-15866
-11013
-4970
3329
11529
17438
21677
23877
25122
24153
21491
19124
16675
15268
15767
17041
19611
23795
29093
35628
42242
48275
52435
54948
56597
56734
56267
54461
52166
50495
48012
45631
43497
40547
36731
32673
29682
26493
23446
22343
20567
17712
15509
13044
10751
9487
8802
8034
6917
6265
4356
167
-5313
-11931
-19057
-26592
-33324
-38974
-42401
-42558
-42028
-41343
-39266
-36207
-33746
-32434
-32723
-34417
-38372
-43533
-47213
-51426
-54544
-54605
-52070
-46671
-39962
-32221
-24723
-17816
-11407
-7326
-5479
-6228
-10132
-15959
-22717
-30503
-38239
-44254
-48870
-51734
-52321
-50691
-46949
-41506
-34379
-27747
-22151
-17043
-14085
-12595
-12479
-13809
-15162
-16846
-16881
-15024
-12338
-6992
-885
6750
14557
19900
25911
30466
33922
36471
36708
36871
36693
36614
35980
36509
38088
39038
42049
44256
46314
50211
51591
52235
53240
51421
48557
45245
39229
31731
24121
15890
7172
-798
-7783
-14280
-19582
-23803
-26581
-27093
-25306
-21373
-17081
-13317
-10601
-9357
-8353
-7517
-6863
-7018
-8498
-10030
-11824
-13168
-13524
-14648
-15076
-14233
-14317
-14354
-13729
-12857
-11165
-8710
-5689
-3135
411
6374
12506
19356
26456
32297
37083
40496
43988
46618
47427
47209
45749
44092
43751
44137
42592
40603
39596
37100
34460
32274
28032
23965
21246
16321
11310
9034
5989
1004
-3499
-6505
-8429
-9742
-10613
-10659
-10827
-11952
-12365
-12610
-13427
-13351
-12553
-11558
-10317
-7968
-4677
-1965
1059
5202
9641
13339
16488
19110
20109
20663
21332
21497
21406
21469
21676
20539
18945
18018
15566
12228
9126
4580
-825
-5042
-7102
-7666
-6719
-4020
-1171
2054
5123
5961
5026
3319
-144
-5677
-11126
-15842
-20295
-23583
-24860
-24713
-23298
-20008
-16240
-12787
-9620
-7862
-7615
-7934
-8949
-10892
-11963
-12562
-13056
-11017
-7456
-3243
1056
3969
5381
4003
973
-3047
-9012
-14567
-19551
-24113
-24975
-22990
-20145
-14292
-6415
596
8241
16492
23164
28257
31282
32630
32134
29505
26956
24040
20579
17951
15273
12571
9713
6206
2288
-3005
-8507
-13562
-18604
-22180
-24227
-24660
-24189
-23499
-22173
-20605
-18733
-17266
-17474
-19390
-22019
-25617
-29855
-34927
-40665
-45846
-50858
-53461
-54634
-54998
-52805
-48363
-41215
-33025
-23282
-12435
-2127
7963
16297
23235
29839
34190
35757
36031
35226
33298
29992
26879
24480
21540
20214
20686
21655
24894
29340
32820
36474
39662
41717
43176
43645
43543
42456
40383
38293
36390
34681
33069
31631
30369
29354
28558
27788
26289
23536
20856
18108
14267
9532
2785
-4879
-11390
-17603
-23358
-28283
-32614
-36378
-39868
-43239
-46367
-48937
-51880
-55358
-58257
-60422
-62426
-64749
-67011
-68395
-68950
-69263
-68673
-66952
-64527
-60782
-55352
-48440
-40112
-30652
-21541
-12692
-3740
4139
10914
15899
19090
20947
20962
20640
21403
21958
22928
25743
28611
31596
34461
36428
37148
34974
32445
29276
22378
15629
9589
1717
-4538
-9829
-15787
-20200
-23519
-26018
-28024
-29526
-29954
-29289
-27501
-24775
-21682
-18435
-14055
-10143
-7187
-3392
393
4812
10051
15143
21169
27084
33125
39282
44262
48942
51554
52188
51640
48663
45155
41316
37521
34945
32306
30965
31314
32633
34643
36279
38194
39649
40865
42000
42712
44620
46359
48129
50030
51108
53298
54353
53403
52409
49337
44878
39933
33330
27536
23293
19635
16699
14935
14325
12922
12250
12753
12443
12661
12409
11260
10516
9070
7081
5785
5513
5847
6764
7611
7296
6856
6654
6263
6246
6451
6216
6198
7231
8108
8775
10056
11735
14076
17777
22761
26341
28590
30620
30678
30139
29732
28257
26342
24210
21305
18217
14194
8062
1204
-8050
-19147
-29605
-40685
-51017
-60239
-68466
-74319
-78025
-78868
-76336
-72315
-67923
-64203
-62455
-60864
-61049
-63239
-64818
-67194
-69131
-70429
-71585
-71588
-71548
-70856
-69314
-67912
-66097
-63656
-61422
-59718
-58139
-57145
-56894
-56527
-55949
-54685
-53002
-51187
-49374
-48313
-46023
-43134
-41001
-39075
-39128
-40741
-42409
-43352
-43203
-41251
-37666
-34045
-28950
-23902
-20164
-16215
-14239
-13379
-13251
-15146
-16865
-18856
-21224
-21904
-21374
-19756
-14312
-7066
-918
7259
14798
20889
28659
33935
37972
42572
43641
44171
45243
45276
47771
51579
56616
63455
69658
75505
80715
85571
88417
88084
85581
80161
72799
65713
59435
53813
50222
48713
48177
47800
48329
50800
53192
56487
61396
66584
72024
77547
84284
88755
90548
92704
91400
87858
84260
77721
69909
62718
55703
49832
45715
44784
46423
47490
50318
54590
55538
56003
56438
53074
48998
45262
40122
35417
31775
28514
25601
23218
21671
20499
18827
16898
13974
9058
2981
-5023
-14215
-23393
-32692
-41498
-50181
-57242
-62728
-67188
-69338
-69950
-68974
-66595
-64972
-64327
-64101
-64821
-66119
-68290
-70695
-73215
-76320
-78461
-79870
-80719
-80354
-78718
-76715
-74414
-71241
-68722
-66949
-65660
-65461
-65873
-66268
-66889
-67926
-68647
-69618
-70196
-69526
-69157
-68671
-67297
-66273
-65912
-65207
-64642
-64062
-62257
-60865
-59438
-56458
-54077
-51313
-47733
-45378
-42612
-40395
-39260
-37356
-35189
-32948
-30903
-27767
-24424
-21622
-16536
-12158
-8642
-3210
764
3923
8029
11373
12922
14117
16294
17786
19847
22774
25845
30039
34752
39495
43237
46816
50677
53136
54734
56587
57541
57549
58098
58045
58126
59371
60516
62269
64492
67035
69958
72243
74152
75425
75363
74180
73011
71674
69635
68440
66799
64721
64448
64152
63795
64248
64784
65159
65441
66225
66023
65022
63739
61642
59304
56303
53860
52061
50134
48242
45978
43624
41701
40826
40479
40803
41491
41895
43046
44180
45385
46578
46241
44685
41509
36796
31792
26761
21653
16560
11352
6337
2348
-1206
-3878
-4649
-4625
-4583
-3997
-2310
-688
1050
3855
5077
4352
3532
-356
-6162
-10962
-18346
-26186
-32980
-40110
-46415
-53127
-58651
-63058
-66630
-68093
-67986
-66068
-63659
-60265
-56234
-52363
-48128
-45318
-42990
-40949
-39788
-38274
-37145
-36099
-35050
-34402
-33177
-31344
-29738
-28209
-26926
-27510
-28221
-28361
-30315
-31283
-31472
-33182
-33754
-33709
-33083
-32001
-32116
-32502
-32721
-32757
-32506
-31158
-29673
-28146
-26705
-27275
-28185
-30009
-33216
-35788
-38474
-40883
-42780
-45250
-47515
-48932
-49232
-48643
-48667
-48721
-48555
-48803
-48552
-48462
-47766
-46402
-45023
-41436
-37768
-34329
-29638
-26018
-21812
-16916
-12818
-9020
-6124
-3621
-1798
-995
-1481
-3098
-4710
-5753
-5881
-5658
-4095
-251
5236
12330
20381
28434
36445
44273
50703
55871
60088
62546
64309
64963
65138
66580
67644
69104
71090
72046
72244
71122
68558
64201
57992
50435
41058
31615
23547
15985
9713
5496
2403
-347
-1988
-3057
-4369
-4340
-4001
-3226
217
5191
11701
19202
25880
32830
38728
43253
47261
49202
49423
48855
48810
48981
49474
49236
47692
48368
49479
49547
50720
52295
52398
52116
53888
55686
56749
59051
60797
60912
60432
59024
56128
51326
45258
38243
30038
21858
13555
4709
-3243
-9598
-14890
-19525
-24519
-30240
-36225
-43796
-51314
-58432
-66568
-73541
-80597
-86537
-89443
-90167
-87928
-84334
-78388
-70087
-61539
-53096
-45774
-38563
-33362
-30961
-29167
-28628
-27600
-26107
-23593
-17949
-10885
-1134
9465
19110
29232
37254
43909
48529
50726
50770
47243
44505
38762
31530
26799
19032
13499
7330
514
-3254
-8996
-14827
-22759
-30441
-37299
-43996
-48107
-52179
-55173
-57661
-59182
-61101
-63367
-64405
-67569
-70521
-71398
-71327
-71670
-72711
-74341
-76468
-75835
-76994
-80086
-78863
-76851
-74047
-66969
-60085
-54556
-47513
-41561
-35047
-27934
-20557
-11668
-3982
4196
11769
19471
29294
40746
52881
64122
74869
82617
86468
85487
82016
77247
67660
57503
46858
35888
28469
22750
19407
18191
20495
24915
29254
36189
40328
41320
39364
33111
28833
24263
17386
13572
10412
6585
8549
13550
18251
23863
32374
45545
55399
61035
65114
65415
64186
61315
57897
56141
55801
58048
61687
65900
72508
79669
86247
92951
98227
102311
105600
107184
107015
106824
108736
111060
110947
109830
105547
96172
84820
67604
52462
43636
28369
11662
-655
-8511
-11857
-12630
-9068
-3406
952
1894
-575
-8626
-19395
-30032
-41622
-51846
-60174
-64250
-66862
-63500
-58452
-60339
-55430
-50093
-52247
-55783
-59067
-61914
-70531
-79476
-87211
-97904
-104572
-106733
-107264
-107558
-107171
-105436
-102848
-99540
-98146
-95732
-91883
-91562
-91274
-88128
-84275
-79814
-73913
-66800
-60828
-57143
-53351
-50579
-51230
-53049
-56089
-60665
-63857
-66121
-68676
-69017
-67038
-63578
-58165
-52467
-46932
-41493
-35411
-31030
-27682
-22694
-20398
-17494
-14547
-14682
-14439
-15049
-15551
-15798
-14473
-11888
-10686
-7429
-3528
-646
3213
7789
11902
15120
19870
25556
30776
37523
45369
52701
60105
68449
75557
80995
86308
89735
91725
94306
96922
97892
96089
93780
89934
83415
80526
79063
75994
76162
75222
74515
78431
78234
76701
81412
85757
87097
90120
92555
90361
86459
79764
70296
63423
55266
46167
38896
29787
22834
18849
17430
20385
24465
31536
39616
45688
53281
59480
61029
60629
57660
49181
38362
27546
15193
2526
-8007
-15754
-21740
-25023
-25364
-24081
-20116
-14424
-9745
-6105
-3826
-3345
-3710
-4542
-5273
-6388
-7989
-9163
-10133
-11317
-13319
-14118
-14217
-16689
-18111
-19135
-21681
-23813
-28102
-33136
-38115
-44329
-49481
-54967
-61423
-68207
-75336
-81479
-87477
-93374
-97955
-102157
-106047
-108837
-110895
-112216
-113519
-116192
-119084
-121176
-122959
-124037
-124494
-124122
-122744
-120400
-117196
-112077
-104137
-95821
-85479
-73556
-61215
-47440
-36025
-25405
-16438
-10194
-3389
2017
6780
13041
19911
27543
36287
44871
54096
62175
67706
74360
80798
85905
89753
90395
89660
88920
86675
82662
78796
75922
72085
67539
64085
60885
58439
56637
54373
52594
50301
48314
47954
47354
44977
39829
33136
26019
19140
13274
9607
8138
7487
10247
13712
16518
22239
28102
34644
41257
45944
50419
53499
55670
58397
61718
65474
69143
72585
76900
79850
79023
76987
73039
67894
61918
53961
45755
36077
27457
20169
13340
8883
4431
1113
-1261
-4005
-7287
-13133
-20194
-27070
-34698
-41946
-47335
-52085
-55477
-56583
-54780
-50256
-45600
-39361
-32091
-28103
-25522
-22926
-25880
-34142
-39252
-44009
-52596
-56190
-56485
-57395
-53666
-47278
-41097
-34036
-26017
-19165
-13411
-7841
-4415
-2980
-1535
766
1428
-382
-2665
-5160
-7880
-10496
-12361
-14483
-17769
-20389
-21275
-20172
-17474
-13736
-8426
-3417
1562
8434
13449
16329
19802
21600
21130
18988
15645
11678
6812
3195
-50
-3956
-7481
-11238
-14056
-16776
-21121
-25444
-29527
-34081
-37232
-39513
-41084
-39756
-37139
-33913
-28935
-23416
-18980
-13733
-6470
667
7378
12800
15982
18224
20573
22659
23379
22744
21504
19807
17954
17210
17299
17115
16854
16913
17401
18084
19148
20634
21565
21314
20129
17421
13166
8012
1274
-6198
-12848
-19096
-25029
-28685
-29550
-30092
-29822
-27538
-26782
-27312
-27356
-29473
-32217
-35723
-41406
-46106
-49919
-52818
-52938
-50532
-46466
-40947
-34860
-29804
-25524
-23012
-22799
-23914
-25459
-26708
-28735
-29593
-28636
-26852
-22597
-17558
-11910
-4337
4213
12823
20387
27801
34454
40154
45328
48901
52323
55691
58798
62082
65845
70799
76334
81848
87356
92571
96793
100166
102250
102852
102185
99703
95913
91259
86045
80332
74681
69865
65096
60945
57168
53002
48721
43869
39018
33501
27395
20267
12580
6425
-71
-5319
-8851
-12117
-13701
-15122
-15291
-13054
-10288
-7540
-6421
-6440
-6295
-8050
-10869
-13442
-17004
-20671
-24063
-27551
-30415
-31934
-33010
-34252
-34672
-34615
-33511
-31556
-28752
-24370
-20457
-16226
-11677
-8455
-5260
-2026
819
2431
3356
4553
5073
4806
2394
-1767
-7239
-14796
-21672
-27060
-30816
-31716
-31073
-29068
-25165
-20952
-17554
-14237
-12253
-13906
-17357
-21353
-27290
-33298
-37012
-39832
-41055
-38299
-33696
-27418
-20352
-16654
-14362
-11579
-10468
-12842
-17707
-23636
-30604
-37415
-43440
-46911
-46533
-43924
-40614
-36124
-31397
-26541
-20475
-16701
-14207
-12092
-11414
-10119
-8639
-6233
-2947
902
5332
10205
15118
18596
21730
24231
26207
29077
32010
33977
34715
33780
30976
27007
21722
15984
11587
8323
5428
3823
3602
3563
5392
7872
9100
12010
15372
17690
20026
21340
21625
20564
18209
15260
11190
6558
2120
-1288
-2679
-2371
-77
4110
9032
15263
22209
28467
32998
34148
32819
29703
25261
20641
15689
11889
10737
11900
15472
20625
25696
31289
36745
40207
42234
42626
41754
40112
37633
34099
29186
24730
19713
14983
12128
8094
3979
601
-2714
-5342
-7904
-9123
-9120
-8652
-6333
-4254
-4996
-6564
-9061
-13012
-16181
-20255
-25508
-30266
-34801
-37438
-37964
-37599
-36763
-34378
-30383
-27876
-26171
-24492
-23680
-22273
-20775
-19646
-19149
-20063
-21099
-21686
-22109
-22790
-24931
-26931
-27036
-25461
-21608
-17445
-13886
-10274
-7157
-4998
-4419
-3197
-2080
-2770
-3165
-3586
-3165
-1537
-894
1469
6068
9853
14677
20730
26130
30543
32839
32573
30627
27115
21742
14958
6908
40
-5445
-9631
-9775
-8199
-4592
1651
7224
12863
18566
22797
25153
24394
21714
19192
15043
10226
4088
-3246
-6991
-9115
-9319
-6287
-1392
4954
10881
15233
17791
19852
21353
23175
24095
22452
20298
18263
16430
15166
14513
12372
10601
9979
7586
4068
-743
-6761
-13611
-20462
-27200
-33539
-38271
-42214
-43070
-41012
-38795
-35201
-31753
-29773
-28262
-27872
-28029
-29199
-31970
-35686
-40028
-43391
-47176
-50607
-51096
-50186
-47627
-43921
-38891
-33655
-28431
-20858
-13134
-4887
4144
14018
24270
34234
44486
52136
58130
62611
65095
65791
62395
56635
49821
41740
34693
28956
24139
21760
20737
20873
22887
25035
27489
30615
33026
33837
33439
31958
28665
24632
20065
15424
10974
6370
4032
3034
2305
2901
4375
5699
5933
5062
1766
-3353
-7363
-10882
-14144
-15165
-14906
-13918
-10252
-3526
4015
11389
18417
23755
27949
30327
31650
32927
31925
29118
24355
18903
13697
6462
-922
-7841
-14003
-18084
-20720
-20307
-18068
-15173
-10051
-4701
-385
3100
5031
5261
4071
2533
690
-1441
-2444
-1997
-100
3046
7063
10911
13937
16809
18322
18003
16127
12456
7842
2265
-3371
-8106
-11618
-12698
-12020
-9487
-4291
3053
12397
22842
33641
44088
53702
60414
62768
63746
61578
54966
48894
43032
36523
31929
28760
26421
25288
24383
21897
18072
12458
3793
-6830
-19312
-32111
-43736
-53596
-60868
-65201
-65999
-64624
-62739
-61956
-61841
-62132
-63325
-65232
-67939
-69664
-70552
-70559
-68829
-65601
-61070
-55965
-50759
-45965
-41434
-37683
-34269
-31146
-29547
-28101
-26614
-26313
-26691
-26355
-26604
-27086
-25287
-24593
-24148
-20823
-18908
-17727
-15227
-14292
-14413
-14416
-15651
-18570
-20909
-22671
-24795
-25327
-25051
-23275
-18959
-13260
-5588
2263
9333
15609
19671
21991
23101
22835
21047
18662
16286
13713
11832
11031
11215
11768
12884
14644
15272
15874
17034
17423
18076
19284
21299
23239
24582
27463
30970
34967
40717
47491
55558
64511
73984
84353
94611
103666
110209
113887
114933
112614
107434
99883
90065
79809
69396
60015
53935
49445
46910
46888
49174
53420
57061
60905
62718
61260
59223
54135
46978
40237
32004
23902
17892
12229
7290
3394
-762
-4853
-9773
-14980
-22818
-31288
-36217
-44065
-50344
-55051
-59924
-59073
-58462
-56238
-53701
-52428
-49038
-47929
-47921
-50354
-54599
-56811
-58998
-60975
-61272
-60535
-59382
-56921
-52987
-48209
-43043
-37785
-32600
-28247
-25745
-23488
-21843
-23548
-25113
-26887
-30156
-33680
-39131
-43240
-46415
-50095
-51976
-52227
-50288
-46574
-41588
-35356
-29142
-22913
-17393
-13401
-10670
-10841
-12795
-15396
-18862
-21383
-23709
-26037
-26795
-26340
-24946
-22242
-18937
-15316
-11034
-6714
-2912
762
4296
7346
10798
13986
16586
19493
21894
23296
23814
25094
26357
28043
31853
35155
38833
42439
44139
45181
45290
43637
40049
35337
29553
23107
17839
14373
11890
10995
12393
14780
17981
22216
25952
28462
30868
31918
29934
27105
23512
17709
12598
8938
5644
3872
3662
5208
7363
10508
15374
19194
22909
26451
27669
27469
26984
25723
23510
22130
19876
17466
16185
13996
13264
12936
12454
12450
10611
8300
4872
535
-2906
-6958
-11520
-16319
-20648
-24968
-29576
-32949
-36744
-40205
-42145
-42326
-40529
-38244
-34221
-28932
-24018
-18594
-12432
-6341
-948
3756
7009
8974
10360
10141
9124
7149
3691
1654
1207
1351
2539
3649
4905
7707
11337
15024
18587
20844
21547
22072
22644
23157
24146
25476
27324
29461
31950
35278
38671
41970
44333
44982
44448
42133
37851
32526
27096
21516
16182
12243
10134
9114
6927
5985
8184
8901
9138
10855
10825
10221
11060
12888
14827
16242
18690
21039
21702
22241
21446
18622
15328
10631
4836
-427
-5702
-10597
-13868
-15057
-13937
-12023
-10350
-8839
-8626
-9848
-12265
-16184
-21740
-28406
-35313
-42930
-50422
-56801
-62352
-67025
-70945
-74243
-77219
-79203
-80154
-80163
-78707
-76431
-73554
-70713
-68064
-65372
-62530
-59001
-55205
-51304
-47453
-42866
-37626
-31552
-23412
-14296
-4068
6359
16479
25960
33675
40882
45915
48263
49281
48217
44262
38007
31116
23233
15827
10434
5437
1583
-414
-1075
-817
571
3337
5549
7671
9591
10318
11195
11042
9032
6150
3472
1167
-652
-989
-552
1026
4361
7533
9870
12669
14556
15496
17449
18043
17414
16800
15639
15333
16413
20211
24796
28296
32899
36210
37496
38229
37126
35100
34179
34267
34246
34761
36116
37669
38894
38969
38353
35709
30741
25204
17698
9119
1851
-4256
-8820
-10487
-9381
-7260
-3765
1127
5985
9876
12040
13070
12546
10541
8218
5170
1922
-1228
-3151
-3732
-4726
-5484
-5466
-5750
-8092
-10759
-14875
-20422
-25125
-31003
-35357
-39071
-41760
-41637
-40810
-38138
-33717
-28791
-23431
-16687
-10892
-5272
5
2274
2909
1533
432
-715
-3429
-4768
-5251
-5443
-3888
-1434
1165
4707
8316
11221
13489
13377
12406
12061
8866
5068
3227
-426
-3750
-5385
-8108
-10501
-13078
-16434
-20877
-26433
-32316
-39593
-46726
-54206
-61334
-66653
-70941
-72286
-70565
-66565
-60321
-51665
-42008
-31795
-21674
-13329
-5580
1118
6552
10193
12383
14412
16248
18889
22338
25253
27473
29386
29661
28905
25911
20522
15428
9425
3813
-968
-5226
-7695
-9676
-9579
-8068
-7293
-4872
-2000
-77
3077
6606
9405
12851
17091
21350
25304
28983
32490
34894
36319
37426
37578
38061
39479
41155
43423
46987
51524
56449
62323
68122
74207
80108
85650
91408
95835
99919
103347
105260
106034
106458
106562
105627
104573
103578
102492
101058
99711
98191
95689
92287
87312
80413
71480
61136
49219
36156
22999
10672
303
-8479
-13395
-14274
-12460
-7465
-1462
5465
11113
13320
14643
11207
3072
-5899
-17134
-27971
-38186
-48088
-55193
-59817
-62272
-62896
-61784
-60130
-58759
-57757
-58115
-59813
-62422
-64452
-65786
-68069
-69627
-69462
-69151
-68645
-66719
-63329
-60168
-57782
-56282
-55938
-56731
-58958
-61478
-65986
-71969
-77396
-84984
-91442
-97064
-103416
-107354
-112393
-114365
-112687
-113905
-112353
-109196
-108092
-105295
-103656
-102765
-100268
-98644
-95740
-91140
-88048
-84101
-79314
-75607
-70638
-66554
-63144
-58544
-54890
-50271
-44983
-39426
-32376
-25346
-16410
-7177
1440
12547
22739
32001
42814
54483
65173
74250
84009
93122
100985
108198
113511
117036
119995
121919
120170
115293
109766
102023
92680
87155
83574
79530
77662
76872
75894
75184
75165
74601
72270
68664
64454
58984
52815
48685
43929
38446
34905
31847
29288
26199
23973
22553
19450
17599
15781
13730
14880
17991
22297
27424
32913
38852
45161
50313
53010
55543
57102
56216
53817
50817
48288
44732
40884
37910
33562
29444
27076
25000
24350
24387
25011
26440
26495
26753
25152
22113
19727
12851
3188
-7152
-18340
-27072
-34585
-41899
-47086
-47877
-45600
-45616
-45007
-42131
-42122
-43304
-46700
-53477
-60305
-67341
-73128
-76067
-76817
-74934
-69270
-62998
-57726
-52316
-48772
-46805
-45450
-45702
-48561
-52784
-56277
-58078
-58258
-56456
-52055
-46087
-37943
-28904
-21474
-14641
-8313
-3601
-937
141
-306
-2196
-3171
-2977
-1620
880
3498
7203
10596
14526
18871
21422
23108
23550
24614
25557
25082
24684
24878
26978
29176
30138
28976
27649
27324
23462
19703
16794
11562
8635
8221
9426
11385
14436
22109
31566
41643
50338
55031
58233
58931
55799
49744
43014
35325
26124
18077
11689
6211
2039
467
-1042
-3074
-3581
-3510
-3758
-5478
-7242
-8557
-10322
-10704
-10635
-9422
-5648
-1539
3877
10638
18401
26618
34679
43350
49816
54934
58642
59496
57241
50454
42866
34174
23098
12707
3197
-5835
-13650
-19585
-24623
-27637
-28721
-30997
-32937
-34326
-38572
-42689
-44219
-48382
-52424
-52202
-53025
-53505
-51108
-49025
-48941
-50397
-51676
-54092
-56014
-55739
-54643
-51183
-45743
-38688
-30641
-20698
-9056
579
8661
14495
17939
18341
15702
14121
11021
7342
5886
3012
1959
2636
3286
6191
8124
10056
12619
14015
15365
16203
16139
15913
15931
15137
15543
17785
20207
23831
28153
32711
35961
38346
39625
37100
33294
27902
19571
10202
1264
-6509
-12550
-16286
-18578
-19470
-18687
-15920
-12188
-8168
-2815
2920
6740
10031
13006
14316
16496
17844
19493
21226
21918
24319
25831
28170
30107
31002
32652
31853
30708
28808
26018
23201
17205
11342
6703
157
-8291
-18093
-27198
-36235
-44789
-52082
-58207
-62151
-65786
-66505
-65142
-62652
-56824
-51091
-43993
-36278
-30494
-24957
-20402
-17214
-14676
-11997
-10108
-9630
-9781
-9861
-9714
-9236
-7282
-4721
-1547
2283
5449
7616
7483
5267
1126
-4015
-8095
-13145
-18693
-22818
-26312
-27092
-24897
-21788
-16621
-9894
-3436
2890
8078
11284
12241
11087
8372
3393
-3155
-10063
-17406
-24941
-32294
-38225
-42341
-45838
-47860
-47936
-46755
-44381
-39612
-32874
-26193
-19975
-15840
-13279
-12165
-13295
-15200
-17468
-18817
-17889
-16211
-13780
-7908
-1200
6238
15795
24112
32232
40446
48214
54806
59792
65023
69935
75356
81405
87030
92432
97415
101856
105000
107401
109333
108778
106264
102780
96912
89873
83223
76145
68367
60254
53400
47013
39756
32230
22687
13443
6487
1184
-3794
-10842
-14830
-16161
-15921
-14097
-15025
-13284
-12426
-14649
-15490
-19293
-21850
-22187
-26021
-27543
-23876
-24039
-21446
-14113
-8365
427
2970
5341
10105
10439
13212
11901
11127
10183
11505
18081
15818
17070
13892
4985
1682
-11278
-21634
-33538
-49495
-59413
-70795
-74005
-75237
-76043
-70201
-65516
-58528
-49651
-43363
-37744
-33908
-33217
-34093
-37684
-41274
-45384
-51566
-54736
-57110
-59458
-58762
-56493
-52506
-46529
-39855
-33905
-28825
-23632
-19742
-17094
-15403
-13802
-11496
-9435
-6239
-3848
-810
3829
7634
13703
20176
26378
33878
40606
45553
47820
48339
46661
42515
37382
30809
23223
17210
11895
7319
7062
9607
13960
19611
26515
33493
37048
40381
42238
40593
39117
36590
33764
33254
32070
30211
31547
34272
36076
38174
40111
40931
40786
40039
37830
34118
29724
24525
20103
16006
12665
11598
11233
12805
16370
20901
26149
31381
36872
42005
46922
51424
54820
57098
59187
61126
62574
64084
65152
66317
66208
64495
62013
57143
51544
44224
35320
26420
14227
2069
-7479
-16302
-24985
-32835
-37953
-41771
-43700
-43218
-41848
-40695
-40533
-40614
-40762
-40886
-41349
-41931
-42884
-43721
-44828
-47067
-47879
-47304
-45808
-43750
-40588
-35785
-31850
-27373
-22377
-18441
-15213
-13901
-14696
-15926
-15858
-15488
-14986
-13802
-12395
-10200
-7398
-4560
-2893
-2720
-3400
-4599
-8063
-12704
-17028
-23216
-28860
-35908
-41536
-42473
-45088
-44790
-41154
-38744
-33804
-26291
-21427
-17400
-12632
-12275
-10374
-6530
-5287
-4937
-3219
-557
-1611
2223
5534
10434
11947
13758
20650
9587
23980
2386
10187
78011
5091
-19811
26209
17121
14561
-4429
24322
19304
7925
20466
2448
19758
11471
8641
12614
5633
9158
-477
6319
6274
3473
9446
5885
5310
9494
10568
10495
12792
9237
6890
8314
5043
2784
-185
-5507
-6796
-6435
-5509
-2132
-13
2264
6877
10679
14843
19287
22725
25170
23684
21046
20454
20194
19712
18858
18287
16992
13820
11814
11440
8266
4077
-302
-7541
-12991
-17745
-23133
-25753
-27272
-27067
-25557
-24293
-23604
-24758
-26703
-29403
-32740
-36449
-40410
-42198
-43715
-45931
-45958
-45805
-46574
-46943
-46788
-45714
-44092
-42249
-40480
-37820
-33893
-30278
-26149
-21147
-14797
-7913
-1601
4976
9535
14014
17584
19521
22629
24881
27674
28928
30753
34825
36308
37361
37943
39126
39237
36703
35897
31990
25749
22356
17342
11264
5656
-396
-5813
-10709
-14433
-17155
-18822
-19865
-19774
-17665
-15288
-12700
-10776
-9075
-7302
-6861
-5740
-5185
-6403
-8605
-11445
-13659
-16518
-19738
-21626
-22122
-21598
-19223
-13692
-5602
2412
8482
13834
19160
23717
27222
29532
30715
31569
31660
31594
33252
35268
37738
42335
47298
52680
57982
61060
62758
60578
57129
51356
39149
27801
12290
-4152
-13009
-21663
-26197
-26458
-24880
-19403
-12388
-4490
1729
6946
9404
7285
2658
-4343
-10554
-14814
-19449
-23701
-24366
-23414
-20821
-13939
-9071
-7250
-5609
-6359
-6710
-7430
-11212
-15318
-20259
-23821
-24463
-25232
-25276
-23455
-20853
-18250
-14679
-10929
-6889
-2739
-884
-163
-909
-2966
-5033
-8785
-14036
-18930
-24206
-29074
-32220
-34548
-34982
-34297
-31675
-26961
-23035
-18789
-15611
-14835
-14309
-13693
-13899
-14446
-15186
-17601
-19551
-20006
-20547
-20313
-19992
-19963
-18989
-17552
-16288
-15730
-16128
-17741
-21178
-23985
-24976
-25647
-25762
-24798
-21166
-16098
-10145
-2759
4212
12763
22039
30956
40089
49246
59100
67640
75572
82697
86555
87960
87759
85125
81660
79300
76242
74027
74096
74951
78222
82565
85169
88749
92244
92651
93985
94850
91782
88145
82644
75466
69863
63014
55162
48273
40288
32125
24765
16867
9226
1258
-6501
-13332
-20051
-25523
-30724
-32991
-34081
-34610
-29575
-26296
-20581
-11053
-5520
3426
12780
20571
31473
42418
53216
64442
74149
79386
79855
76400
71936
66637
57797
49074
42321
37250
32926
29358
26843
22319
17289
11338
2614
-7902
-21840
-38747
-56046
-73553
-90210
-104441
-117256
-126047
-131309
-134446
-132709
-128053
-119545
-109557
-100786
-89781
-80689
-73650
-66504
-62005
-59316
-59818
-60551
-59869
-59534
-55579
-50260
-43369
-34022
-24592
-16413
-10939
-6079
-3670
-1990
-1720
-3752
-4678
-7801
-10667
-12588
-15646
-18365
-21274
-23125
-24539
-26217
-27552
-28494
-27783
-26292
-24569
-22240
-20447
-18365
-14983
-12003
-9458
-6372
-4202
-1088
2664
4409
7391
8963
9171
11583
12349
13763
16361
19039
23084
25877
29414
34522
39053
43049
46900
49803
50376
50430
50714
50049
50149
51019
50889
51679
53905
57120
61563
65960
70656
74559
77244
78855
77316
73686
68635
62179
55631
49978
45178
41739
40518
40593
41929
42282
43882
45441
44699
44513
40815
36464
30417
23277
18308
12804
9384
5892
2676
-416
-1379
-1086
-3012
-3015
-6280
-8108
-6836
-10896
-14014
-18897
-24591
-28522
-34378
-39107
-46556
-51733
-53763
-55740
-54508
-53085
-49145
-43238
-35824
-26170
-17696
-10281
-4381
-997
718
222
-3432
-8278
-14299
-21047
-25987
-29582
-31886
-33580
-33794
-32571
-33318
-34195
-35194
-37373
-38516
-39896
-41633
-42984
-44662
-45479
-45030
-44625
-44672
-44722
-44956
-45607
-46432
-47646
-47623
-45228
-42105
-38356
-33948
-29178
-24435
-20076
-16144
-13194
-10517
-7899
-5081
-2677
-1254
471
1621
1616
1144
37
-1849
-4229
-6881
-10161
-13243
-15325
-16841
-17527
-17110
-16462
-16438
-15904
-13207
-9489
-5658
62
4988
7607
10716
14084
18873
24685
29490
31117
31205
31942
28948
26238
25786
25157
27185
30992
36225
40697
43238
44646
45064
45243
43372
41445
37229
31233
26462
19094
13096
7738
3333
3262
5677
11631
16774
24093
31986
38355
50319
57036
60546
64062
57838
54424
52152
43864
39248
32358
23895
16496
8485
9462
10003
5233
4608
1778
-1832
-2849
-3957
-3598
-4175
-2363
344
2232
7469
12109
15678
21989
26854
28022
32991
33669
31448
31942
24808
18727
13841
7575
3701
-880
-5584
-9666
-10174
-14645
-20239
-24119
-34240
-40347
-47129
-57988
-61902
-66916
-73712
-75022
-76380
-78842
-77568
-75817
-73248
-67315
-61836
-56241
-50899
-46712
-42479
-38628
-37118
-37545
-36645
-37065
-39821
-44393
-50486
-53671
-53480
-50893
-45945
-39693
-32964
-27142
-23679
-22093
-21689
-23629
-25737
-26423
-26491
-24174
-20409
-17521
-13997
-9044
-5747
-2180
3349
6321
8448
12035
14580
15423
15160
13439
10738
7997
5788
4674
4769
5884
7479
11270
16350
21274
27491
33550
38706
44072
50844
58540
65490
71411
76249
80703
83698
85404
87689
88592
89386
91195
92528
94352
94569
93518
91960
88250
83089
75305
66487
58052
49817
43143
37190
32305
28788
26293
25350
26526
28383
28923
30096
32051
33089
34240
36375
38693
40599
43480
46647
49142
52404
54356
55229
57187
59130
62009
64887
67842
71833
75162
79131
78113
69672
61563
52029
40087
27110
9312
-9919
-27121
-44716
-61104
-74841
-87720
-98181
-104330
-106430
-107580
-108275
-107984
-109204
-108848
-107010
-104765
-100529
-95571
-89145
-81492
-74729
-70714
-68848
-70251
-76287
-85116
-94061
-100084
-103384
-103922
-101197
-97110
-92338
-86551
-82097
-77022
-71386
-67155
-61588
-55707
-47687
-39380
-32555
-25226
-18690
-12477
-8618
-6222
-4892
-5972
-7682
-11293
-16802
-21611
-25892
-29984
-32279
-31360
-27576
-22404
-15328
-7324
352
7589
13303
17350
19597
21058
21194
19207
16792
16086
17832
21079
25517
28730
31195
33149
34223
38769
42545
45600
50616
54193
61633
65867
70176
86319
98227
108960
122226
130297
139495
145036
147645
148960
145877
140243
132419
125031
115951
108750
105632
101760
98516
96393
94678
92459
88345
81973
74538
65060
55111
46166
34515
23053
11771
4211
-668
-7404
-6736
-6043
-6734
-4899
-7707
-12183
-19362
-28359
-40206
-52586
-62641
-74020
-81458
-88532
-94878
-99509
-103859
-102795
-102957
-104513
-105386
-106125
-105663
-111507
-119149
-123339
-128416
-131075
-127293
-122910
-122013
-115296
-105209
-95299
-81416
-68563
-56473
-45138
-34029
-23297
-16548
-11462
-7255
-6267
-6333
-6600
-11385
-15636
-17637
-21105
-21688
-18778
-13872
-7010
2593
13342
21540
29176
35296
38934
42099
42230
41501
41131
36536
29760
24211
17132
7682
-176
-7304
-13731
-15628
-16290
-17253
-12658
-3997
4453
16006
28935
40499
52496
63830
73316
81485
88619
92159
93488
92373
87401
83329
77541
70105
65216
60855
58456
58937
60329
63255
69188
76252
82338
90464
98648
103515
109003
112203
111537
110672
105783
98968
91895
81042
69343
56893
44020
32954
23477
15584
8332
1560
-3823
-8104
-11554
-13497
-18701
-26882
-34956
-45979
-55434
-63349
-71024
-76552
-80736
-81254
-80688
-75778
-70559
-69395
-64639
-66016
-69155
-66743
-69607
-74692
-78825
-81509
-83263
-84777
-84682
-81759
-78006
-79814
-80018
-79806
-83805
-86090
-88964
-91792
-94643
-96972
-96354
-93914
-87906
-81981
-77317
-72009
-70459
-70569
-70096
-73123
-77755
-82984
-89646
-95596
-98980
-99174
-97739
-94266
-88098
-79507
-71782
-65440
-57070
-49259
-43125
-39200
-39590
-41801
-42389
-43557
-45492
-45044
-45810
-48498
-47469
-45600
-44330
-36793
-30965
-26023
-18563
-15496
-8404
-2549
4275
14530
20222
31234
41032
50879
64153
73786
86529
96833
105345
116139
120322
121107
123281
125874
128053
129982
133247
135096
137948
143025
145094
149488
154502
155632
157804
156581
153506
149426
141277
134799
127106
118829
111872
105306
100273
94030
89607
83185
76419
73317
67318
63053
59652
56203
55798
55121
57026
60054
62158
65063
66026
66845
68130
67104
67480
68583
69074
70777
71441
72012
71003
70255
67494
60766
56970
48051
40549
37592
29764
26997
24605
21498
22754
21334
20963
20394
16124
14085
12266
9184
4461
-2727
-9472
-19599
-28666
-32786
-35866
-45208
-64471
-81032
-89995
-85498
-78829
-83698
-81637
-81188
-86052
-82864
-82879
-86444
-91033
-100459
-110583
-115463
-118763
-125281
-127278
-124068
-118157
-112005
-109631
-107044
-105979
-108524
-108599
-108537
-111178
-112672
-115741
-119946
-120926
-120034
-117929
-114429
-110655
-107974
-104836
-100287
-96470
-91692
-85109
-78115
-70279
-63574
-58786
-51935
-46696
-50499
-54435
-51968
-54013
-59403
-61765
-63770
-59694
-53182
-49043
-37882
-24727
-14322
-3486
1758
1172
-962
-5670
-11833
-18572
-28854
-40455
-52524
-62840
-63063
-60519
-57236
-47953
-37982
-27867
-19923
-9943
4959
20504
38844
55843
69882
84490
98310
108877
120306
131367
139861
151617
155716
151753
152144
148999
139971
133486
128141
122886
121886
121093
120107
124197
129854
135043
140968
147020
153623
158319
159803
160355
157989
153955
149002
140962
131954
121159
111684
104324
97376
90973
83806
80734
80354
79923
78751
79085
80288
71593
61435
51730
37296
27587
16493
6723
-1324
-11517
-14300
-17162
-18118
-16291
-15323
-12816
-14662
-15416
-15427
-18886
-22351
-25421
-28976
-31457
-32802
-33831
-33476
-33716
-31109
-29335
-30207
-28808
-30049
-33385
-35970
-38276
-42844
-46881
-51290
-59707
-66032
-73208
-80057
-85679
-91991
-95354
-100070
-103123
-104526
-106206
-104630
-104638
-104614
-104367
-106042
-106271
-108069
-111738
-116762
-124699
-132521
-138204
-141272
-143093
-144258
-142950
-139569
-133483
-127007
-120663
-111439
-106021
-100458
-95156
-94893
-90889
-89048
-86555
-81248
-76101
-68244
-61861
-51250
-40968
-31328
-19837
-12508
-4577
620
2946
4061
3210
3125
2924
4498
8780
15961
24359
32829
42828
52783
62006
71172
78979
84503
87357
88088
87666
84953
81272
77547
74543
72096
69043
68457
68765
68339
68364
66807
63949
61210
58575
54794
51303
49316
46276
45235
48213
51683
55248
59602
63178
67710
73146
76945
80772
81976
83475
84136
84944
88253
87219
93556
98363
101569
111161
115474
122664
127140
133408
140090
142503
146170
141398
140961
139152
129625
124007
113017
99857
89192
75872
65517
57097
50659
47748
43951
40907
36899
31177
24621
17876
9372
211
-9201
-19389
-27394
-36927
-41267
-42443
-47496
-47890
-43629
-43507
-44889
-43914
-45020
-45964
-54122
-62511
-66766
-79785
-88679
-95708
-103819
-108380
-114121
-115572
-117341
-119780
-118406
-117885
-119118
-118886
-119174
-120262
-118426
-117998
-118299
-117040
-114459
-110555
-106801
-100866
-94593
-88870
-82284
-76029
-69422
-64787
-63157
-63389
-67209
-71657
-75559
-80306
-84165
-87199
-88580
-89144
-88823
-84986
-78975
-73856
-68722
-62021
-57218
-54191
-51550
-49230
-46259
-44936
-42562
-38511
-35436
-28756
-20011
-10656
1019
12012
22503
32182
40156
46004
50258
52170
52468
53345
52951
52653
52665
53213
53782
56128
61502
66232
73975
82286
89685
98178
104002
109940
113841
114301
113695
109238
104443
100119
93463
88038
83669
79026
76653
76191
78127
80719
83268
86934
89811
93178
96259
101090
104661
108320
114841
116835
120468
121232
119987
121976
118750
115744
111993
107894
104061
94382
84918
75150
63671
53587
41790
31507
21348
10904
4011
-3065
-9152
-14803
-20412
-24201
-26992
-31433
-35739
-40792
-48355
-53377
-61772
-70281
-77424
-86406
-92273
-96606
-97302
-98219
-96668
-90369
-83474
-73544
-63760
-52310
-42105
-33514
-24254
-19694
-17538
-18753
-22604
-26802
-33318
-39145
-44805
-49985
-53695
-58775
-61234
-62368
-64804
-65100
-66105
-67193
-68154
-69304
-69595
-70827
-70016
-67902
-65063
-60237
-54326
-47108
-39393
-31619
-24265
-18623
-15363
-12807
-12085
-12997
-13555
-14950
-16972
-20147
-21844
-22371
-24858
-25870
-27194
-29089
-29570
-31920
-33377
-34238
-35366
-33136
-30866
-26282
-18188
-10526
868
12535
24530
38754
50136
62675
71613
77453
83175
83336
83916
81866
78465
77753
72122
67606
65161
60275
58462
58037
56450
56645
57192
55654
54600
53751
51118
49514
45638
38451
31786
22276
12169
1031
-12398
-22837
-34631
-44068
-49035
-56436
-63190
-67779
-69522
-69468
-63438
-53037
-46573
-38983
-34862
-32143
-28860
-32758
-36723
-40198
-46012
-52074
-54109
-53536
-53932
-50476
-45771
-40368
-33368
-28088
-23574
-20557
-19935
-20584
-21664
-22527
-23702
-24452
-22845
-19681
-15885
-11983
-8505
-6359
-7003
-9290
-12142
-16089
-20288
-23970
-27319
-28511
-27834
-26768
-23777
-19285
-14886
-10020
-5509
-2554
-55
1021
-652
-788
2921
4476
4848
9979
15082
18930
26211
34006
41522
50284
60149
71565
81946
92455
103995
114271
123691
132072
137927
142812
148770
153859
158426
162411
166000
169745
171885
172809
170063
165959
162648
156459
149467
139944
127631
115534
101818
87252
73338
60169
45085
31056
18152
2650
-9351
-21896
-33918
-42984
-53658
-59920
-66853
-70092
-71893
-80234
-82473
-88407
-93573
-95783
-101713
-102836
-110843
-111978
-111432
-119914
-118335
-120657
-119939
-111761
-105414
-94039
-85585
-74427
-61138
-51483
-39207
-30117
-24828
-21046
-20034
-21198
-25109
-31748
-36196
-42338
-49277
-48529
-51767
-55229
-56458
-60716
-63809
-70179
-70362
-71018
-72916
-62266
-54980
-46777
-35281
-28520
-17969
-10578
-5343
-1078
-3966
-7055
-12971
-21875
-28723
-32522
-31447
-30625
-28528
-19841
-7345
5778
19987
33133
44450
56234
64693
71452
76709
79143
82574
85030
84514
85204
90554
96929
102934
110811
118191
122831
128464
133074
134997
137773
138980
138525
136610
134151
128675
118955
107258
90762
71936
51034
35175
26123
15801
8650
1526
-5300
-9589
-14681
-17272
-19693
-20998
-21093
-23360
-23464
-25890
-32152
-36254
-41796
-46366
-50309
-56504
-61703
-68515
-74615
-80578
-86502
-90081
-94868
-93707
-89920
-88620
-83072
-80125
-77451
-73572
-72890
-71369
-73353
-75729
-78161
-83139
-86285
-92945
-101486
-106280
-111252
-117349
-123580
-129413
-133246
-135022
-132251
-126665
-122584
-119548
-116612
-113448
-111605
-109914
-107347
-105135
-102262
-100324
-99565
-97633
-95668
-91726
-84129
-75691
-65666
-55731
-47642
-39661
-32211
-25207
-19683
-15566
-12514
-9482
-5800
-3557
-1321
519
3206
9191
16468
25496
35985
47247
59093
68723
75959
82835
90618
98701
104474
108271
111619
116618
119387
120618
126698
128609
133123
141337
145288
153965
157308
161242
167022
166791
171359
169670
167752
168824
163538
163230
162989
160673
162318
161707
159186
159088
156145
149615
143357
135922
128797
121230
115863
113016
107495
105223
105334
104883
107986
112392
116106
117611
117186
115667
110658
105571
101419
95316
88288
80043
71302
62699
55961
51168
47066
45527
42523
40521
38882
33811
30015
22103
14411
7250
-4617
-14738
-26751
-35973
-44120
-55916
-63728
-72286
-80654
-86576
-93615
-99538
-106624
-114432
-121237
-129784
-135624
-140953
-145880
-145822
-148767
-151318
-149724
-147237
-142733
-138038
-131710
-125438
-120714
-116727
-114609
-112276
-109976
-107589
-106229
-107699
-109728
-112396
-115515
-119080
-122920
-124951
-125487
-124940
-124143
-123422
-122473
-121383
-118398
-115169
-112597
-110116
-109527
-109069
-109944
-111982
-115143
-119902
-120386
-119826
-118116
-112568
-105976
-95928
-85847
-76178
-66060
-58237
-50855
-46333
-42119
-35197
-27806
-18816
-9469
-105
10212
21617
32628
41628
49647
56809
62810
67088
69925
70982
70396
69509
69097
69992
72151
77247
85002
93960
103105
110617
116665
119595
119280
115763
109884
104597
97416
89992
84289
78815
76334
76355
79043
83623
88085
94714
101062
105993
110212
112260
112917
111859
109849
107569
104987
103263
101090
98691
97442
95968
94578
94384
93777
91420
88733
84977
78798
72207
64902
56821
48360
39543
31210
22325
12573
3086
-5386
-14310
-22173
-29110
-36692
-42650
-48194
-51827
-52647
-52204
-49892
-45784
-39416
-34006
-29671
-22664
-16626
-12430
-8191
-6527
-5074
-2843
-2652
-4884
-8495
-12213
-17144
-21320
-24778
-29020
-31732
-34686
-37896
-40611
-43402
-44511
-45834
-47478
-49144
-51509
-51741
-53213
-58045
-63396
-68713
-72334
-74972
-76467
-75433
-73350
-71272
-69191
-66160
-63622
-63600
-65214
-67823
-71530
-76673
-83452
-90180
-94829
-97542
-99047
-99030
-97523
-94281
-89442
-84538
-78081
-69999
-65113
-60945
-55135
-50655
-45829
-41541
-37059
-32356
-29060
-25018
-21676
-18430
-15375
-11546
-6325
-2142
3001
7449
11178
16827
21900
27602
36445
46120
56248
66896
76942
88116
99730
109798
119118
125443
127610
126353
121359
113804
101850
88811
76865
63434
51638
41117
33603
29470
27615
30985
37476
48114
62977
77087
89096
97972
101058
98816
94073
87000
76431
67008
60615
52927
48040
46504
44565
45869
48524
50089
53229
55792
56702
58047
58910
58566
59226
60046
58046
57945
58657
56647
57970
58278
55564
53830
49651
44727
38685
31906
25169
16430
7981
-1232
-10351
-19862
-29036
-36951
-44182
-48769
-54132
-57855
-59695
-59825
-57833
-57448
-53708
-50967
-50766
-47936
-49633
-53822
-58061
-65191
-71346
-77552
-82566
-86306
-88310
-86481
-85714
-81807
-75011
-70800
-66006
-61786
-59615
-57766
-56942
-58270
-61616
-64603
-66767
-69482
-69665
-68014
-66606
-64334
-61272
-57185
-53257
-50145
-48911
-49909
-52763
-56703
-59734
-63057
-66934
-70100
-71236
-68974
-64393
-56529
-46707
-35269
-19687
-4900
9382
22965
34142
45548
53219
59064
64073
65955
65709
61215
55489
48084
37572
28740
18563
8219
498
-7754
-14061
-19289
-23472
-26022
-29238
-30226
-29461
-29379
-28057
-26934
-27282
-25878
-24884
-24589
-22896
-20349
-16483
-11674
-4963
2632
10411
18450
27224
35943
42913
49937
56365
61968
66673
70135
73231
75552
77013
79499
82671
85868
90449
93938
97578
101304
103412
105931
105963
105272
103770
97700
90562
80915
69524
57923
45520
36229
27534
20943
16707
12308
12210
13284
15781
20400
23474
28311
32032
34269
37161
37667
36451
33760
29880
24802
20211
15708
11500
8599
7971
10580
12273
15045
17383
18880
19927
18636
16431
12356
9430
4407
-710
-3488
-8455
-10972
-13676
-17331
-19878
-24995
-29928
-36247
-43249
-50782
-58170
-64934
-73352
-76314
-81924
-85148
-82992
-85851
-82427
-78080
-73486
-65456
-61833
-58198
-55697
-55356
-55053
-55973
-58511
-62813
-66023
-68782
-72617
-74075
-73312
-70688
-65746
-59583
-53146
-47572
-43001
-42544
-44752
-46445
-50030
-54585
-58649
-60935
-60061
-56964
-50525
-39973
-25972
-9715
7460
26072
42701
56125
67782
73438
71666
66340
60982
52340
42042
30964
16959
5492
-4167
-5490
560
4761
12978
22916
29109
36597
44860
48375
48274
46607
45363
42680
39915
38199
35210
35900
39658
46577
57138
67234
77548
87041
91581
95288
97133
94741
92598
86515
79814
74839
68658
65154
62166
59635
60550
61542
62499
64808
63253
60524
58656
51576
44696
37481
26902
18339
9536
3668
-252
-6558
-9522
-13211
-19707
-24503
-30018
-36504
-40569
-43699
-49762
-53266
-52760
-53992
-53930
-51945
-47457
-38091
-29512
-22524
-12484
-5109
-2796
-750
-2787
-6336
-12033
-21302
-25691
-30622
-34678
-35486
-39101
-40611
-40771
-40000
-39308
-40235
-39001
-37331
-33189
-26835
-20381
-12003
-1545
9752
20210
28561
33495
35049
33050
27123
16293
4101
-7679
-20081
-30491
-38461
-41549
-40809
-38504
-31406
-22478
-14775
-6233
717
3803
3548
45
-7899
-17375
-27375
-39245
-49252
-58926
-65751
-68395
-68308
-64298
-59175
-53580
-47277
-40265
-35840
-32301
-28345
-26243
-23570
-19857
-14059
-7464
564
12538
25404
39083
52904
63508
72807
78660
79657
79862
76784
70497
63795
54231
43112
31788
18830
9442
2098
-4637
-8896
-13625
-14460
-14209
-11629
-6987
-3969
1850
6052
9513
10371
10207
10366
9757
13408
15651
18492
20776
22008
26483
28394
32835
39128
42249
47018
50350
53121
55315
54897
55590
54829
53967
52498
49074
46137
41043
35689
30676
23424
16842
11390
6322
2936
86
-1509
-2013
-1222
2360
6457
11098
15858
19591
22571
23839
22403
18581
13682
8019
3297
-1598
-4987
-4640
-6268
-6528
-4016
-3335
-1402
316
-36
-2043
-6314
-10880
-18457
-27007
-34016
-44379
-52831
-59617
-66963
-69563
-71380
-70054
-64213
-59217
-51687
-43722
-37537
-30113
-25240
-21084
-18139
-19125
-21871
-28567
-34703
-41863
-49677
-55337
-63688
-70873
-77509
-82239
-85239
-88178
-88666
-89136
-86964
-84936
-83787
-81252
-80454
-79255
-79386
-80883
-81754
-83997
-85209
-86348
-87775
-88214
-88235
-86271
-83435
-78773
-72973
-66519
-58792
-51573
-42792
-35653
-29375
-22131
-18628
-15322
-11382
-6668
-804
5973
16636
25377
32747
38641
38765
39906
39705
37495
36730
36467
41107
44714
49497
59429
65679
71798
73196
71116
74509
73238
71542
73921
71282
71688
76341
76039
77775
80384
77934
79570
83128
83479
87780
91506
90679
90723
89797
87820
87759
88076
87382
87695
88898
90466
91611
89386
86940
83546
78174
73602
66879
60465
54483
47365
41871
37273
34379
31231
29080
29737
29697
29509
29483
29800
30096
31394
34519
36618
39458
45303
49925
54547
59489
61289
61937
58517
57166
50234
43465
44736
37011
39552
39162
37562
45115
44413
45177
39907
33392
22772
11326
-2644
-17749
-27195
-41083
-47784
-57165
-63335
-64540
-67430
-65725
-66713
-67422
-65232
-65039
-67490
-71314
-73659
-74377
-79074
-76503
-74733
-77410
-70498
-69823
-70472
-64054
-61205
-55565
-50913
-50030
-47179
-47117
-42932
-39358
-38901
-36304
-37426
-35877
-34260
-33553
-31373
-31233
-28720
-25547
-24003
-22369
-21270
-20131
-18555
-17674
-15006
-12328
-9873
-5241
-42
7763
16802
26759
38030
48931
60269
70857
78822
85257
89891
90479
89646
86620
78718
67899
56998
46508
34908
25665
19079
12948
8863
5791
3360
2899
4231
6358
9052
12341
13968
12134
9553
6023
688
-3876
-7734
-10181
-13407
-17357
-19973
-22981
-24656
-26733
-28850
-28899
-29923
-31047
-31480
-31358
-31708
-33346
-34230
-34214
-32739
-30500
-28149
-26348
-25208
-21954
-18514
-15893
-13137
-12084
-12412
-14145
-17801
-23571
-31352
-39449
-48778
-58250
-65979
-73794
-81484
-88680
-95353
-100929
-105998
-110005
-112256
-112821
-111531
-107712
-102170
-94988
-84994
-75514
-65604
-56000
-49203
-41539
-35091
-29161
-23784
-20414
-16212
-13119
-10057
-6032
-2311
2652
8161
14380
20564
24917
29411
33276
38074
43623
46369
50523
55138
59451
65852
72306
79798
86718
93872
101283
106189
110039
110149
108283
104180
94756
83880
69618
51345
32399
14650
-44
-12506
-22479
-27975
-28853
-26791
-21441
-13896
-5190
5597
15057
22973
30707
36743
41431
45176
46641
47896
50903
51157
51597
52309
49468
50018
51756
53181
58109
63393
69604
78021
87448
95113
102360
109653
114425
118566
119623
118318
116459
111202
104271
95185
83425
70676
56547
42658
28385
14335
1305
-12673
-24451
-34837
-43988
-51678
-60538
-66452
-70816
-72798
-70065
-68755
-68118
-67558
-68006
-68458
-70920
-74258
-78080
-82242
-86932
-91051
-91296
-90142
-87186
-82832
-77860
-70591
-62174
-52607
-44638
-37955
-33112
-31041
-29977
-31621
-34224
-37344
-40936
-43807
-45523
-45278
-44810
-43181
-40359
-37497
-33579
-30704
-29475
-29589
-30645
-33242
-39654
-46303
-54529
-65266
-74753
-84065
-90879
-96327
-99971
-99501
-98573
-96314
-92968
-88506
-82050
-74299
-65543
-57025
-49433
-43098
-35068
-26719
-20156
-13463
-8130
-3539
2363
9382
16989
26918
37849
47138
58326
70741
81649
90355
95835
100446
104696
106842
106544
105724
103637
98676
96165
95147
90726
86167
82638
78652
75895
75459
74699
72565
71502
70244
67468
65503
64188
62242
59730
56267
53297
51447
49571
48332
46093
43121
41443
38594
35736
33454
29943
28104
27649
28058
28654
27685
27759
27489
27641
27910
28324
32670
34527
36299
39704
39994
43542
47457
48421
50297
50125
48320
47298
45335
43114
39633
33992
28029
21022
13361
3718
-6469
-15146
-27498
-37647
-42970
-53035
-62303
-64999
-64068
-65491
-69734
-67570
-66551
-69787
-68570
-68027
-70009
-67762
-63641
-63711
-61629
-56293
-53495
-50730
-48095
-47030
-46502
-46003
-46002
-47813
-48984
-48566
-47948
-43962
-37736
-29925
-20780
-13397
-5712
-1061
909
782
-4606
-10554
-17899
-26464
-33555
-39314
-42541
-44466
-44696
-42857
-38702
-31716
-23919
-14672
-3817
6081
14199
22338
27283
27844
31382
34172
32294
29359
24003
17304
11425
5917
8
-6565
-13042
-19088
-24438
-26852
-24797
-19812
-16104
-11364
-3046
1932
9278
19549
25134
33230
41443
47444
53835
58926
68776
77760
81034
89261
96591
105059
114756
109138
110455
111098
92307
77451
61638
42545
19400
-1554
-17402
-37103
-50902
-65348
-73823
-78107
-83581
-80592
-78023
-72768
-66142
-60659
-52377
-45633
-37523
-29415
-23008
-14828
-7415
-69
8439
16588
24330
30449
36988
42523
45223
48031
49932
50740
52273
54368
56579
57876
58916
61888
63309
62022
60753
57116
49586
40691
31362
22067
14761
7922
2992
192
-3584
-5935
-7419
-8982
-8385
-7165
-7059
-6558
-7448
-10729
-14829
-20421
-26268
-32755
-36230
-37407
-40894
-42950
-46649
-50437
-52029
-53572
-52042
-50115
-47175
-42049
-39195
-37184
-33778
-30988
-28868
-27516
-28061
-30197
-33024
-35882
-38448
-41744
-44414
-45887
-48295
-48764
-47766
-45103
-41345
-39239
-36396
-35005
-35132
-35633
-37146
-36950
-35971
-35162
-33828
-33100
-31678
-30159
-29521
-28514
-28106
-28508
-29749
-31191
-34689
-41273
-48217
-54680
-60233
-66619
-72783
-76704
-78087
-77026
-73792
-67650
-61443
-53773
-45163
-37789
-29927
-23445
-18058
-13780
-10940
-8923
-7459
-6813
-6179
-5195
-4121
-1939
-735
2162
6146
8925
11819
12503
13297
14717
14678
15189
15166
13065
12118
12372
11472
11935
14949
16570
18519
23698
27419
31583
37459
43068
50068
55281
61458
68758
74153
80669
85324
89794
93398
93771
97374
100937
102403
105583
108379
110765
113077
114483
114838
115131
115546
114654
114414
114641
115055
116647
118783
120857
121395
121610
120494
117432
115198
111412
107154
104805
101723
99121
97606
96932
96559
94002
90173
84825
76885
67920
58561
49563
41447
33748
27369
21214
15933
12944
11485
12348
12171
12636
14685
13009
9237
1801
-8237
-20240
-32582
-42033
-54658
-63792
-70680
-79268
-82560
-84380
-83719
-81267
-77979
-72485
-66300
-59519
-54781
-52387
-53231
-54418
-56702
-61564
-68218
-76394
-78637
-78931
-79890
-83209
-86901
-81626
-78181
-75472
-68813
-65085
-61356
-60850
-62344
-62198
-66817
-72908
-72468
-70773
-73362
-71807
-67190
-67972
-66719
-61421
-60432
-61139
-59851
-60102
-60774
-59941
-58407
-56841
-55175
-51837
-47654
-42726
-36491
-28733
-21023
-14341
-7182
-1240
3174
6955
9886
12241
14396
16070
16771
16838
16745
16102
13781
11396
9565
6829
5380
6464
9012
13164
17680
22334
27779
31942
34638
36383
36586
37328
38536
38736
40077
43201
47469
52601
58579
66014
73317
80525
86327
88049
86522
81361
73739
62447
49352
38584
25892
14370
6629
-127
-3946
-4314
-2841
-2023
-464
2052
3364
6488
10527
10885
11542
14446
13954
13724
16270
14953
12626
14233
10716
3228
-2589
-16612
-30905
-41234
-56298
-68369
-79593
-92071
-100372
-107126
-111461
-112283
-111774
-107224
-98200
-92967
-87466
-80441
-77313
-70648
-64508
-60002
-54027
-49996
-45052
-40873
-36240
-33198
-34010
-33863
-35869
-37391
-35865
-35238
-33245
-30070
-24328
-15305
-4950
9323
21913
33281
47162
57977
68282
76710
80798
83882
82407
78789
75400
68285
61358
53120
43687
37053
29261
24095
22035
21365
23839
26059
30265
35644
39073
42549
44308
46297
48297
48221
48783
47923
47539
47896
46953
47125
47419
47634
48999
52734
56286
58494
60225
59468
60408
61182
59468
60731
63236
68284
74945
81518
90984
99577
106736
110467
109005
104149
95923
83936
69837
56501
39731
23427
9248
-5083
-17155
-28909
-36996
-44468
-51542
-56192
-61119
-63140
-64683
-65386
-63529
-63203
-64199
-65279
-68684
-73616
-77829
-82179
-84902
-84848
-84283
-80772
-74753
-67340
-56821
-46397
-36367
-27741
-19709
-12939
-8737
-4360
-2379
-1608
-688
26
2091
5532
11067
19279
27658
35303
41771
45490
49345
52094
53244
53851
51999
47809
42429
37610
29956
20131
9933
-1326
-12418
-23756
-29486
-32842
-36632
-38534
-41072
-37594
-32752
-31781
-28846
-27627
-28531
-27671
-28729
-33460
-36854
-37927
-39383
-40066
-39999
-40769
-39404
-35386
-30439
-24487
-19993
-16796
-13494
-9644
-4133
1155
5704
10643
16578
23047
27332
29017
28736
27295
23875
17746
11351
3485
-5237
-11885
-16804
-18983
-17582
-14051
-10593
-6977
-2819
-456
394
-167
-2921
-7507
-15115
-24289
-32937
-42863
-54266
-63499
-70932
-77169
-80088
-81298
-79805
-75821
-70469
-63642
-57002
-50085
-44136
-37971
-33318
-32312
-31928
-34758
-39571
-46443
-56392
-63011
-68832
-75491
-80212
-82469
-81753
-81466
-78583
-72727
-68053
-62694
-56153
-49199
-43119
-35934
-27585
-19819
-9800
747
12650
27111
41296
58193
74528
89405
104725
115198
124273
131543
134643
136685
135990
133025
129633
126504
123075
119090
115676
112074
108585
105041
100926
98032
94376
89543
85911
80775
75064
70303
63802
56762
50224
44593
40270
35673
32053
29638
27083
24937
23691
22418
19430
16952
13885
8500
4459
759
-61
1737
3418
7250
10434
19446
28842
31344
42722
50641
48095
54481
57701
52546
55100
53789
45343
44825
41279
34615
33612
28185
23056
18797
13411
10584
5549
1803
-3100
-6891
-10519
-18531
-21869
-29173
-37425
-44109
-55904
-62342
-65379
-65480
-62500
-57932
-52268
-46535
-39457
-34395
-26802
-24364
-26595
-26926
-34581
-43972
-53981
-65580
-76786
-89024
-98321
-106789
-113448
-115745
-113688
-109005
-104350
-96438
-87139
-77981
-68305
-60881
-54481
-49682
-47764
-47939
-50680
-54332
-58170
-60718
-60007
-59127
-55997
-49184
-42776
-35052
-27899
-22117
-15446
-10592
-7160
-5439
-3618
-123
3111
7654
12330
17577
24254
30578
36086
38785
38388
35436
31024
24967
15819
6041
-2735
-11127
-17468
-18679
-15832
-11070
-2154
9116
20274
33118
45409
55685
64392
71603
76500
77940
78390
78252
78556
81858
84705
86564
90768
95662
100628
104526
105333
105110
105358
103729
99660
97617
94080
86984
81723
76159
69104
62204
55521
48586
41741
36627
32030
28386
25339
22047
20678
19704
18469
18283
18624
19723
20269
19931
20790
22641
25712
29828
34209
39754
45332
49608
51632
51129
48582
44470
38252
30641
23939
15547
7041
-673
-9560
-17026
-24436
-31460
-38488
-46542
-52931
-58063
-61799
-64145
-65143
-64254
-63455
-63959
-62324
-59512
-59519
-57320
-52994
-49074
-43884
-39574
-37088
-37239
-38714
-42490
-48141
-51161
-56506
-63180
-66589
-70454
-73351
-75301
-77292
-75895
-72711
-68891
-63641
-57375
-50865
-46125
-41847
-38001
-37154
-37862
-39222
-42199
-46119
-49410
-52917
-56981
-57778
-56682
-55950
-52367
-48088
-43985
-39505
-37238
-35194
-35719
-38370
-40538
-45434
-50874
-57314
-64124
-67878
-68887
-69871
-71155
-67650
-63044
-59473
-54715
-50975
-47663
-44841
-43233
-43119
-44188
-45347
-45371
-44326
-42410
-38835
-33234
-25166
-17875
-10780
-4353
-2506
2769
11624
18145
31026
47071
56634
63766
77825
95718
102890
110585
123660
132231
140348
144723
147303
149915
150794
150551
149817
151829
152533
152448
149798
147727
148161
139520
133286
131833
121244
113103
109986
103260
97650
94885
92287
89194
88205
87462
83980
80462
74952
69342
64463
58011
54060
50611
46224
44011
42745
42539
41435
38571
38178
34643
29887
26959
21938
18430
14925
13428
13290
12605
9135
9439
10982
7268
11792
12317
12796
17011
15089
15299
13925
10516
7913
5241
413
-7855
-16962
-25922
-37313
-47553
-58596
-68767
-78607
-87789
-92274
-100693
-104667
-109113
-114652
-119564
-124357
-126010
-130616
-129940
-136400
-142852
-143537
-149612
-153234
-159483
-166770
-173210
-176207
-174226
-173639
-172132
-171822
-170839
-166984
-164857
-161574
-159407
-158951
-157571
-158096
-155864
-152243
-148509
-140908
-133136
-122206
-106840
-91361
-77778
-64654
-48707
-32105
-13398
2032
13098
25792
35480
42830
48030
53248
58372
60616
62144
61762
61260
61011
64118
69786
68496
64404
66189
67669
66308
68522
70529
69390
66349
62804
59262
53766
51079
50970
50067
50760
55438
62567
70615
80149
87808
94173
98388
100078
101604
100374
98541
93467
85192
82190
83033
86395
94672
107281
119287
125975
132336
141815
148938
153721
159430
160771
155787
147700
135259
119667
104024
88584
74277
65143
61573
58328
57625
59404
59917
58308
52541
48995
45974
40258
33264
22971
14675
6416
-662
-6805
-14106
-18866
-26456
-32786
-39535
-49547
-55733
-63705
-71893
-76106
-81403
-87876
-93480
-94429
-89747
-85234
-82220
-79336
-74598
-69178
-65389
-61774
-60161
-59106
-59049
-60731
-62474
-64737
-66219
-67516
-68658
-67913
-65069
-62565
-56103
-48542
-41656
-32167
-30832
-27469
-20140
-17098
-11319
-10963
-13321
-14652
-22108
-30947
-36490
-42683
-52294
-62433
-72148
-78427
-80545
-82045
-78952
-71093
-63737
-51470
-38112
-27119
-14325
-6724
-1311
122
-1031
3106
5866
10218
14745
19963
29846
37906
47636
56263
63708
72641
78063
84488
86947
87339
90265
91670
94054
91943
91936
93005
89717
90571
87670
83769
81645
75542
73341
71665
68689
70843
70954
70445
72680
73106
76532
79222
77615
74657
70124
63645
54261
44862
31178
15169
206
-16272
-32428
-50740
-65447
-77540
-85403
-86661
-85930
-79998
-74310
-61078
-44479
-31764
-19764
-16785
-17127
-22225
-29652
-39457
-50115
-56762
-67660
-71792
-73985
-76801
-71154
-68115
-66481
-63551
-61937
-59440
-58044
-59449
-62348
-63886
-63407
-63718
-63035
-60831
-58797
-54783
-50422
-46792
-43174
-41028
-37908
-31659
-28511
-28258
-26117
-26334
-25701
-22007
-17104
-9648
-4535
677
6961
13011
19847
24886
30605
33899
36605
41975
46719
52642
58372
62588
65134
66141
67588
68553
67710
66928
65000
60977
57866
53950
49367
47543
46561
44617
44897
46828
48241
51903
56937
61412
66260
70882
75184
79045
81168
82322
82461
78860
74008
70504
64856
57968
51616
44101
37915
32170
24253
16475
7818
-623
-6748
-11590
-13941
-14273
-12498
-7453
462
9573
19293
30092
38483
43542
44543
41049
34579
23306
10732
-4359
-23438
-41264
-57119
-69484
-82629
-93847
-98820
-101194
-97643
-92655
-86746
-78329
-70316
-63346
-61115
-55850
-51634
-54548
-53426
-54140
-58105
-56995
-55332
-51834
-44485
-39448
-35037
-29034
-24169
-18689
-15077
-14566
-14019
-15961
-17975
-18741
-21638
-23736
-23100
-20224
-15780
-9653
-3276
730
4328
7298
9079
10081
9622
7994
4683
1651
-463
-3192
-5256
-6795
-8127
-8902
-10062
-10540
-10878
-12327
-14595
-17858
-22673
-28872
-34096
-39214
-43826
-47473
-50913
-52692
-54032
-54163
-54613
-55218
-53626
-52567
-50412
-45530
-39237
-33923
-29685
-23103
-17075
-10852
-4940
-2047
4884
11617
15523
19184
20631
24025
25814
29556
39549
46557
53506
64162
73272
80831
89650
97230
99108
97811
97368
94309
88013
81293
71250
59735
51007
43323
37013
32299
29962
31365
32685
35257
41414
46113
49125
52651
54852
55323
53113
49131
45369
40195
34956
29760
24908
23738
25673
28808
31714
37061
43682
47980
54752
63804
72631
80980
84563
82526
78852
76314
72694
68394
65446
58680
50716
47412
44367
42554
44566
45336
44623
44129
41116
36073
30870
24225
16323
8147
-2202
-13547
-23105
-30862
-36357
-40073
-41525
-40860
-39243
-37355
-35907
-33190
-31127
-30507
-27913
-27195
-28619
-29635
-34225
-39411
-43878
-47490
-49477
-53346
-56126
-58630
-61072
-61695
-62880
-64004
-65518
-67601
-71322
-76545
-81566
-88104
-95565
-102415
-108975
-115708
-119652
-117553
-117512
-123324
-123356
-119242
-121407
-120688
-113059
-109899
-108546
-103149
-99387
-99099
-95543
-88167
-83678
-78661
-69991
-60118
-49557
-41246
-32488
-23008
-16292
-10008
-3287
3888
10862
17987
24254
29635
36752
43892
50898
58253
66340
74950
81527
85863
87788
86519
82613
76660
69682
63205
57480
52817
48832
45507
44119
43116
41791
43116
47043
50359
53225
55771
56707
56983
56828
54002
48486
44705
41822
37561
35503
34416
32277
32598
33911
34184
36272
37731
38196
36581
32837
29723
23744
21249
17742
11295
11762
9894
9671
15505
20528
28012
34915
38547
42164
44247
44598
44924
43411
42307
42137
38495
34718
33056
30220
28537
29349
28669
27100
27041
27467
27890
28529
29094
30287
32532
34309
35349
36855
36424
32121
27707
23299
17864
13562
8116
2387
-1892
-6861
-10301
-12048
-13975
-14656
-14585
-15258
-16137
-16540
-17480
-19427
-22467
-27269
-31954
-35287
-38177
-40828
-42342
-43144
-44005
-44163
-43484
-40988
-40404
-41763
-42176
-45036
-46950
-47768
-47429
-44383
-42073
-37609
-33024
-29516
-26542
-26438
-26769
-29985
-35181
-40853
-48218
-54519
-60666
-63801
-65003
-65382
-61462
-58709
-55422
-50287
-47794
-44697
-41178
-39485
-38343
-37969
-39044
-40965
-42750
-44803
-46554
-46542
-45340
-42969
-39784
-36136
-32438
-29872
-27515
-26425
-26718
-26189
-26251
-27741
-29532
-31518
-34561
-37621
-38323
-38155
-36659
-31729
-26428
-19851
-11756
-4329
3910
12602
21770
29546
35803
40555
43517
46584
47844
48200
47688
46233
45286
43663
41587
40151
39856
40339
42370
45055
48165
52598
56215
60431
65400
69551
73973
77112
79776
82610
83860
84597
84600
84010
83227
79803
75072
70525
64258
57856
50726
43372
37483
32067
29092
27058
26391
27809
29948
34155
38481
42501
45462
46099
45034
41473
36681
31428
25976
20608
15634
13132
11691
10622
12048
15239
18897
23075
27631
32064
35909
38826
41160
42461
42549
41918
40547
38821
36425
33740
31487
28779
26683
25583
23309
20823
18995
16125
12497
9888
6285
1172
-2987
-7280
-11584
-15572
-20211
-26295
-32771
-39106
-46526
-53565
-61223
-68748
-75581
-83433
-90427
-98470
-105742
-110157
-115591
-121485
-128612
-133319
-134336
-135936
-133194
-127016
-123408
-119364
-111812
-105601
-101057
-96171
-94076
-93425
-94230
-96366
-98370
-101239
-101669
-101367
-100196
-95188
-91137
-85107
-78108
-72948
-67221
-63800
-60279
-58006
-57557
-57178
-59010
-59466
-59119
-57287
-52647
-49676
-45816
-41693
-40062
-37382
-34511
-32438
-30733
-29691
-28981
-28027
-23585
-19391
-16197
-7527
392
8699
20792
31343
42214
50966
58943
67213
72969
78831
83419
87597
92005
95918
100776
106060
112718
120485
128042
134368
138931
145162
152998
157775
158006
160685
167385
168620
168360
169253
167743
167668
165843
163381
163187
160851
156735
153730
153507
156091
158324
160200
166265
172497
176701
180855
184107
184096
179053
170214
153251
133493
110516
84987
62749
39609
20707
2265
-10776
-16844
-21354
-19164
-20401
-17014
-12032
-13389
-4534
-8610
-14778
-15320
-31358
-37760
-51912
-66674
-74804
-92351
-100821
-110225
-119115
-129353
-140220
-149050
-159123
-164904
-168458
-169191
-171746
-169756
-169449
-171009
-167212
-167408
-164520
-158863
-153387
-147064
-142632
-137794
-133076
-125167
-116077
-109679
-104941
-103019
-101698
-99455
-96630
-95594
-95175
-94083
-92640
-88157
-83551
-78767
-74537
-74453
-75090
-75975
-79644
-83620
-88495
-94824
-97261
-97341
-95387
-88877
-79299
-66543
-52127
-35177
-16027
1576
18032
31866
43847
54910
62361
69069
74936
80348
87655
94296
102333
114363
127434
140727
154791
166192
175115
183933
190668
194101
195090
194715
193864
191232
190283
192903
189039
184648
185892
182272
178014
178510
175010
165494
160093
155185
142846
128258
119278
112719
102766
97190
93348
87679
84257
83472
82338
79787
78543
77079
78013
81015
82351
81588
84354
89718
89690
89864
89713
85022
77523
68188
57884
43507
30642
18155
6356
-1230
-12205
-19180
-27740
-35819
-38264
-45871
-52578
-64652
-77980
-90308
-106541
-122027
-141068
-159409
-179627
-196221
-211895
-231882
-243385
-257987
-272036
-279817
-291302
-295973
-296687
-298692
-296863
-292662
-285148
-276761
-267276
-260370
-253191
-241442
-232177
-219509
-210307
-201730
-188677
-178338
-161928
-145565
-128494
-110721
-95600
-78617
-64644
-48792
-33920
-21143
-9572
-1162
9659
16035
22403
26293
24760
29284
29686
31040
34964
34134
38789
43395
46349
52457
59203
65954
71263
77106
83218
87800
91357
92186
89431
86092
83864
79339
74167
70825
67685
67304
68518
69795
74209
80177
87910
96343
104419
112306
113464
113264
112480
105153
101097
99466
97190
101239
103850
100629
109056
126328
140242
162315
187693
211316
235856
253911
270070
279710
280198
276355
268363
258560
245462
235044
221314
206541
196697
186475
184635
177142
167304
162536
150487
141324
126002
108787
91548
66546
48366
22171
-3236
-22229
-48430
-65424
-87175
-107595
-117761
-129415
-136686
-153877
-164790
-173298
-185923
-183946
-188528
-189314
-188682
-193216
-191309
-194495
-194467
-187626
-181982
-180431
-175126
-167347
-162408
-152795
-148518
-146585
-138588
-136468
-133682
-128200
-128194
-119174
-113470
-113208
-103045
-100332
-93416
-84162
-82989
-78966
-80428
-81617
-85437
-90962
-93200
-102104
-109408
-116862
-122346
-125247
-130973
-130579
-128088
-126665
-126215
-124863
-122077
-120611
-118146
-115796
-114603
-112833
-109784
-107417
-104193
-99679
-95126
-92651
-89252
-85934
-84671
-80803
-79059
-77587
-74510
-70710
-65454
-60092
-52927
-41495
-32502
-24476
-8391
2863
16752
38799
53769
67253
82821
96392
110596
124423
132283
141314
151203
158854
168096
173302
177381
180047
180784
183985
184013
181408
180945
180638
177555
175250
170273
160390
152670
142360
131753
123560
115448
111879
109377
110017
113026
112960
114197
117085
117043
116652
119450
121157
123629
128844
135463
142523
150715
160556
167938
175525
182539
188740
191329
191808
193197
186387
182443
174918
160926
154607
142240
135224
132605
126057
129876
130118
131055
138438
141790
149083
155621
156036
151947
140632
127664
108775
83905
59491
30217
3261
-24339
-55605
-83652
-113150
-138011
-157516
-177089
-193022
-204690
-213529
-214536
-214546
-213927
-204272
-200019
-194584
-185193
-182319
-176368
-169266
-162023
-155530
-149630
-140916
-137957
-131606
-122574
-119461
-110635
-108492
-106479
-96951
-103109
-104490
-100394
-104362
-103548
-108269
-107015
-101530
-102954
-94105
-90233
-92244
-86942
-85551
-87604
-87299
-87848
-91556
-95314
-98887
-103904
-109654
-114945
-120693
-127126
-133970
-140316
-144768
-147553
-148932
-148714
-141975
-137259
-135265
-128149
-122309
-116320
-113951
-111633
-107881
-107349
-104920
-101792
-95708
-89618
-84439
-78041
-70513
-61714
-52254
-42046
-32735
-22377
-11243
1206
13608
27603
42488
56585
72419
88323
105154
121270
138618
155068
167720
179029
186984
192787
195670
195531
193977
188931
180737
172809
163305
152967
145238
135994
126707
118789
112603
109926
107867
107866
108341
107721
108594
108102
106448
105138
101302
96529
90464
84410
79071
73551
71404
66311
63745
61054
54298
54690
51700
47109
44817
41503
39069
39766
40982
41785
52104
56824
61596
74003
76740
79427
85053
92192
95140
93817
96852
90701
85277
81817
71447
69158
65508
57962
51365
41949
35066
28730
20335
14277
9980
3195
-2332
-10579
-22938
-37230
-52343
-62511
-76952
-92877
-105856
-123142
-136010
-146457
-157680
-164016
-170646
-173208
-173818
-176088
-172909
-169872
-165687
-157352
-151106
-144175
-137117
-132022
-125922
-122475
-118500
-115275
-114064
-110960
-109857
-107699
-106729
-106282
-104358
-102892
-99204
-95495
-91794
-85635
-76713
-66867
-56006
-46176
-36771
-27746
-20302
-11718
-4397
2836
9460
14121
17688
20686
24419
27956
32547
36683
40218
44676
49431
54152
57572
60559
62651
64612
69440
75034
80730
88330
95970
103713
111770
118149
124417
130233
133991
136684
136596
134580
133125
130914
128477
125740
124817
126292
126520
127490
128775
132681
137489
141778
150340
155704
162030
168707
169928
172232
171006
169363
168523
163046
158435
153108
142977
133920
125952
113478
100585
87107
71885
60614
47400
33198
22308
7561
-5356
-17825
-31715
-43054
-56226
-66926
-79263
-89852
-98081
-110694
-118914
-129481
-136441
-139158
-147505
-147870
-149768
-153419
-148898
-145379
-140416
-135877
-132676
-128633
-125484
-120636
-117422
-118798
-122736
-131383
-141749
-149774
-161250
-170679
-176497
-180679
-178480
-176714
-172320
-160484
-147465
-135297
-122279
-110409
-101011
-92298
-86820
-83762
-83776
-86799
-89427
-92955
-96212
-97881
-98394
-97347
-94361
-89150
-82773
-76091
-67575
-56666
-45395
-34508
-23879
-15593
-10522
-6054
-2001
608
1016
866
4486
7006
7423
12365
18410
24077
31617
38837
43849
48981
54162
56108
58794
61552
61054
58505
57313
59752
61299
65154
74420
86301
100239
115850
132873
148947
165480
182597
197419
209424
219181
226712
232459
236028
233626
230046
227326
221350
213009
203301
196573
190652
181240
172897
164890
155578
146753
135700
122460
107480
91147
75707
60795
48686
38672
29916
22576
14922
9777
5283
304
-2805
-7292
-11273
-16601
-22919
-27193
-35362
-41557
-48112
-52728
-55582
-66046
-65930
-62228
-63219
-54154
-44597
-37991
-24825
-12988
-4355
9607
19146
24619
27482
20356
14683
6861
-7009
-20627
-40213
-59781
-77935
-96356
-112752
-130801
-147074
-163392
-179581
-194410
-210187
-222412
-228731
-231988
-232041
-226119
-217209
-206785
-192846
-177698
-165874
-152042
-136733
-127495
-122047
-121154
-120723
-120961
-119941
-115781
-116280
-110107
-101917
-97055
-87474
-82831
-76858
-71879
-70454
-63291
-60049
-53936
-47440
-44830
-36175
-28823
-20199
-11002
-4056
3876
9907
16026
22443
27645
32357
38921
45299
50833
58151
65935
74013
79888
85600
92740
96508
99143
100493
100274
99854
97438
96157
94071
89441
86238
82160
76908
73611
70868
67185
63678
61953
58450
56058
57259
56129
57825
60814
64248
71801
76222
82131
90457
96711
105833
113930
119882
125373
128399
130334
128745
126606
126487
125810
124437
123049
123011
120571
117784
116659
113403
112312
112223
110745
109512
104680
97227
89208
79658
68271
58191
51536
42810
36000
32597
27935
27338
27498
26809
28047
27569
24420
18017
9088
-4343
-21094
-37987
-57068
-75949
-90118
-100930
-111810
-120837
-127715
-132841
-133928
-134113
-137538
-144023
-152388
-160322
-167783
-179844
-192100
-198137
-204589
-207023
-199358
-188514
-174679
-159083
-141110
-119455
-99477
-79499
-62676
-51990
-41192
-35432
-34001
-31237
-30185
-28560
-27692
-25634
-22031
-19405
-15523
-12152
-9016
-7353
-7366
-9965
-13687
-14684
-14508
-14682
-15404
-14909
-13809
-11618
-8552
-5033
272
4791
7756
9823
10634
10046
8332
3745
-3791
-10265
-15000
-18812
-18025
-12493
-6515
1495
8220
14605
22964
24754
27548
32698
35220
40193
39890
36316
35763
33911
32358
33893
36724
38461
42072
45892
48247
51671
53534
54354
52842
49947
49167
46443
46342
48864
50222
55697
60879
68366
77576
84985
94644
101905
110135
116649
118946
120140
118899
117799
112712
104452
94223
79248
66016
53584
38802
27398
16195
6979
2512
-1780
-2275
-1879
795
5776
8109
12473
13826
12567
11892
8441
5552
1054
-5312
-10069
-14592
-18000
-18048
-15651
-12408
-6889
7
5336
11156
17168
19265
19458
18577
15130
12307
9269
4100
-1117
-6089
-8941
-6990
-2925
-94
4081
9367
11820
11468
8155
-1463
-18173
-27927
-26955
-27299
-25029
-21793
-21342
-14909
-1921
13778
28956
42783
51123
53140
51849
41034
27363
14870
-4120
-22790
-38305
-51441
-58758
-63559
-67176
-69303
-69761
-67656
-65696
-65161
-64365
-64998
-69185
-74752
-80291
-86668
-93910
-99160
-103841
-108128
-108446
-109035
-107169
-101765
-99594
-97221
-92851
-90122
-85675
-79045
-75565
-71092
-67430
-65137
-59853
-53119
-44254
-37204
-29827
-23538
-17724
-9314
-1883
7704
16271
24780
34020
41746
48140
50363
50441
48414
44362
37603
30129
23893
15138
8157
3273
-637
-1517
-1453
3128
10241
16837
24314
30806
36091
38844
41113
42383
42325
43661
42458
39469
36484
32469
27921
24263
22963
22915
23905
25087
24604
21832
17798
12884
8470
5733
4226
5194
7004
10749
18306
27508
37770
47986
57437
66695
74340
79279
82475
83642
83929
84060
84078
84843
84685
86059
90658
95918
102266
107741
113299
120450
123887
124607
122818
117792
112622
105882
98440
90010
79614
70263
62297
53792
46368
41095
34446
27217
19298
9659
-1543
-13970
-24606
-35965
-45052
-51952
-60391
-64633
-67719
-70097
-69836
-70544
-69452
-67687
-69277
-69495
-70170
-77585
-82051
-85347
-92019
-92252
-91897
-92524
-89497
-86698
-84168
-80545
-75281
-72680
-73211
-72793
-73372
-74291
-73821
-74512
-76965
-81548
-85034
-85211
-86535
-87081
-84585
-79660
-75710
-73029
-67667
-63614
-61194
-58154
-54233
-51343
-50253
-49671
-50794
-51389
-52483
-54361
-55292
-56911
-58641
-60445
-61313
-59790
-57139
-53501
-49879
-46290
-42524
-38658
-32670
-26744
-21311
-16685
-13689
-9339
-3663
3281
11389
20548
30620
41905
54135
65590
76567
85317
91535
96136
98695
99572
98295
96577
95441
94553
96524
100361
105843
113941
120668
128996
138298
144911
151283
154168
154109
152279
145390
135904
126080
113042
101137
89392
75168
65338
54116
42865
32843
21583
12679
3518
-3722
-11075
-17720
-22216
-27528
-31870
-34631
-37142
-37815
-36744
-37651
-34971
-32307
-30705
-26241
-24418
-18922
-13754
-12886
-7048
761
5886
11097
17953
23789
29860
36630
41272
43365
42629
41954
40294
35714
32385
30326
29405
28346
25720
23333
19383
14476
8174
142
-8332
-18041
-27921
-39231
-49906
-58210
-67046
-73504
-79226
-86920
-90930
-92906
-93566
-91293
-90317
-89082
-84821
-78501
-73399
-66908
-59790
-58694
-55097
-48611
-43607
-35506
-27642
-21129
-15207
-9301
-4419
-2241
666
4364
6863
7765
8097
7995
9115
11532
12719
14250
16800
20784
25043
27745
29130
28771
28580
28950
28726
26508
22844
20186
15083
8868
2887
-3794
-8511
-13695
-17483
-22055
-29017
-35563
-44066
-51714
-59119
-64618
-68533
-73649
-76476
-78284
-79362
-79950
-78238
-74526
-71972
-67685
-62143
-58112
-52951
-47256
-43087
-37081
-30860
-23030
-14344
-7381
2972
13497
23488
34856
46351
58945
69914
79496
89136
97030
104700
111258
115613
121171
126803
131139
133209
132513
131235
127436
120552
112586
103639
93342
82310
71996
61777
52639
45448
38496
32684
27930
22971
18022
12829
5793
-1530
-9571
-16990
-21694
-28754
-31462
-35088
-40857
-39697
-43648
-45580
-44716
-48122
-46626
-42360
-42263
-42270
-36268
-34552
-35181
-32827
-32512
-32217
-31410
-30921
-32487
-32665
-31835
-31764
-30751
-29586
-27572
-25760
-20784
-13961
-8072
1422
11764
22305
32544
38858
45780
50461
49343
48769
46372
40369
35228
28984
21932
15134
8768
2816
-5183
-11880
-16509
-21724
-24052
-24840
-25739
-22033
-21687
-20688
-17188
-19364
-16088
-17478
-22769
-21868
-23975
-25790
-25570
-24324
-22547
-20375
-17642
-14182
-10936
-6815
-2903
-304
2994
2502
2301
566
-4048
-6405
-12253
-19068
-23800
-29096
-31958
-32896
-32824
-29939
-26705
-21924
-14002
-6281
676
6559
10837
13845
15639
17219
17949
17367
17709
18209
17726
18224
18894
19032
19483
18900
17167
14905
10972
6119
580
-5712
-11010
-15900
-19594
-20884
-21357
-20488
-17894
-14820
-10392
-6609
-3747
-393
528
1890
2893
1698
1578
239
-618
-583
-1890
-1536
-594
-589
296
1594
3105
5675
9282
13143
17299
22188
25835
29409
33666
35258
36242
38076
37897
37261
37665
38080
38741
40130
41181
40829
41485
41887
40906
39978
37230
34371
30727
25970
22483
18705
15590
13810
12691
11845
11597
12047
11737
12057
12459
11257
10701
9189
5770
3370
-409
-3708
-6416
-11277
-14387
-17974
-21775
-24687
-27585
-29293
-31517
-32768
-34029
-34506
-33522
-32882
-30770
-29043
-27656
-25893
-24838
-23920
-23784
-24669
-26049
-27182
-28740
-29844
-29125
-28954
-28308
-26220
-24660
-22335
-20023
-18068
-15319
-13796
-13287
-14089
-15968
-17849
-21016
-23886
-26049
-27968
-28166
-27133
-25505
-23672
-21791
-20067
-19226
-18385
-17403
-17344
-17403
-16667
-16151
-15840
-14423
-12328
-9758
-5987
-1391
3798
9063
14720
20571
24756
28778
32829
35378
37626
39079
39458
40489
41093
41237
42859
44475
46474
49522
52197
54589
56451
58276
58875
57751
56931
55070
53081
52625
51063
50443
51940
52741
54341
56644
58141
58870
59056
58705
56751
54248
50633
45207
40125
34347
28306
23495
18569
13848
9655
5848
1875
-1722
-5005
-8506
-11033
-13605
-15336
-17272
-19528
-20294
-22044
-23372
-24156
-25140
-25522
-26242
-26255
-26235
-27026
-27972
-29015
-30128
-32182
-34805
-37444
-40845
-43638
-45649
-47465
-48203
-48675
-48283
-46484
-43732
-39355
-34037
-29376
-25134
-20171
-15262
-10981
-7624
-6106
-6456
-7209
-8577
-12237
-16390
-20197
-24221
-27343
-29224
-30624
-31629
-31290
-29968
-27927
-24933
-21829
-18797
-16187
-14945
-14461
-14743
-16687
-18821
-20433
-21809
-22405
-22985
-22668
-20375
-17719
-14685
-10850
-7792
-6225
-4979
-4271
-5532
-7045
-7096
-6576
-5820
-4653
-3087
-2036
-991
1255
2849
4324
7324
10700
14413
17723
21120
25467
29042
32579
35040
35498
35180
32509
29426
27586
24822
22391
20763
18486
18005
19592
21163
24265
27857
30017
32177
34677
36259
36323
35129
32281
27616
21186
14072
6500
-1810
-9392
-16488
-21569
-24663
-27860
-29186
-28308
-26307
-23549
-20473
-17407
-15346
-14113
-13886
-15280
-17348
-20132
-23653
-26506
-28392
-29305
-28580
-26595
-23670
-19464
-14734
-9533
-3969
529
4133
7189
9160
10519
11503
11494
10720
10093
9370
8393
8150
7831
6836
7201
8691
9961
11871
13607
14516
15818
16923
16908
16237
14575
12446
11372
9169
7439
8037
6268
5069
6497
7086
8333
9097
9370
10760
11334
12043
12965
13501
14292
14791
16077
17989
20555
24009
27364
30861
33633
35864
37319
37448
37154
35755
33816
31866
29357
27423
25861
24501
23850
23173
22789
21706
19985
18270
16376
15680
15161
15207
16121
16894
19037
21715
23990
26297
27855
28377
27543
25310
22098
18253
14661
11139
7424
4173
1772
380
-147
283
1118
1553
1453
795
22
-918
-2205
-3435
-4423
-5127
-5346
-5272
-5343
-5300
-5464
-5758
-5863
-6207
-6455
-6969
-7803
-8745
-10046
-11184
-12111
-13032
-14238
-15646
-16887
-18442
-20454
-22422
-24114
-25628
-26491
-26829
-27217
-27340
-27383
-27523
-28607
-30207
-31531
-33551
-35439
-37200
-38803
-39744
-40395
-40037
-39503
-38669
-36788
-35330
-33822
-31803
-30591
-30045
-29631
-29819
-30821
-32037
-33456
-34570
-35039
-35945
-36731
-36718
-36028
-34327
-31866
-28795
-25387
-22838
-20657
-17588
-14513
-12163
-10598
-9572
-8973
-9171
-9953
-11574
-13916
-16178
-18915
-22682
-26350
-29718
-33009
-34909
-35591
-35433
-33863
-31685
-28951
-25262
-20810
-15743
-10670
-5202
11
3962
7604
10668
13637
16581
18890
22135
24693
26233
29229
32476
35906
40287
44930
49596
54403
59342
63302
66752
69698
71376
72522
72810
73005
72944
72128
71767
71100
69958
68506
66621
64279
61196
57967
53863
49514
45799
41828
38510
35482
33199
31790
29607
28677
27278
24751
23130
19425
15158
11222
6491
2532
-978
-3493
-5662
-7370
-6717
-4885
-2894
191
3727
6294
8791
10761
10425
9465
8267
4831
936
-2519
-6871
-10939
-14295
-17496
-20128
-22461
-24758
-26806
-28926
-31055
-32720
-34607
-37017
-39102
-41514
-44109
-46024
-48136
-50096
-51414
-52282
-52741
-52846
-52459
-52053
-51756
-51137
-50457
-50130
-49783
-49693
-50173
-50788
-51319
-51334
-50572
-49284
-47386
-44676
-41740
-38002
-33573
-29102
-23759
-18877
-14147
-9594
-5782
-1058
2199
5120
9715
14105
19625
25459
30952
37154
42655
48060
53369
57235
60003
60603
59308
57090
53230
48893
44418
39690
36213
34429
33728
33619
34647
36210
36932
37535
37028
35023
33456
31626
30072
29448
28330
27565
27301
26607
26916
27824
27744
28192
28513
27911
27853
27516
26391
25879
26155
25995
26413
27485
27786
28390
29037
28696
28761
29004
28163
27630
26988
25979
26155
26113
25857
26787
27493
27958
29022
29359
29354
29833
29495
28550
27807
25651
22060
18318
14282
9599
3872
-1219
-5791
-11124
-16002
-20508
-24395
-27540
-30811
-34181
-37826
-41756
-45040
-47783
-50559
-53055
-55741
-58184
-60048
-61402
-61510
-60977
-59726
-57731
-55200
-51783
-48116
-44271
-40750
-37582
-34860
-33287
-31925
-31382
-31771
-31975
-32606
-33071
-32557
-31911
-31020
-29147
-27289
-25488
-23054
-21277
-19619
-17692
-16169
-14274
-12984
-11835
-10233
-8762
-6283
-3422
-132
3461
6566
9718
12132
13832
15826
17939
19541
20806
21071
19881
18605
17598
17344
17864
18128
19071
20632
21694
22926
23854
24573
25792
26307
26189
26309
26856
27085
26943
27570
27762
27051
27321
27057
25077
24018
22686
19961
18117
16339
14008
12903
12855
12386
12543
13222
12744
12101
11166
9313
7310
5123
2751
437
-1782
-3743
-5134
-5858
-5495
-3924
-2134
37
2929
5746
8621
11701
13773
14750
15281
14505
12426
9211
5322
1819
-1590
-4614
-7554
-10090
-11171
-11579
-10931
-9254
-7698
-6084
-5081
-5490
-6733
-9277
-13303
-17452
-21958
-26611
-30045
-33014
-35556
-36899
-37722
-38423
-38700
-38504
-38577
-38743
-38230
-37598
-36597
-34669
-32740
-30755
-28307
-25927
-23357
-20527
-17409
-14130
-11173
-8110
-5531
-3404
-1111
1075
3383
5379
7424
9308
10454
11597
11886
11489
11023
10143
9526
8561
7185
6420
5430
4435
4340
4477
5014
6414
8162
9971
11653
12949
13896
14402
14686
15325
16533
18122
20160
22791
24573
26295
29782
32243
33886
37074
40283
43052
44460
44546
46164
47454
46828
47213
47028
45129
44543
43336
40912
39376
36200
32250
29495
25525
21722
19528
16191
12241
8942
5175
1745
-1327
-4116
-6089
-8073
-9263
-9974
-10619
-10499
-10059
-9022
-8207
-7846
-7213
-7293
-7713
-8070
-8943
-9663
-10775
-12918
-15671
-18667
-21250
-23849
-26149
-27802
-28921
-28998
-28280
-26667
-24678
-22179
-19325
-17151
-14877
-13023
-12048
-11544
-11367
-11101
-11014
-10886
-10812
-11179
-11483
-11400
-10992
-10020
-8499
-7119
-5784
-3934
-2184
-607
851
1748
2538
2697
2374
1638
63
-1265
-2575
-3664
-3823
-3461
-3071
-2944
-2900
-3180
-3789
-4627
-5960
-8045
-10546
-13089
-15985
-18835
-21512
-24168
-26458
-28317
-29652
-30201
-30135
-29797
-28793
-26903
-24543
-21857
-19009
-16181
-13101
-10097
-7227
-4356
-2211
-203
1952
3657
5267
6906
8331
9478
10727
12138
13452
14734
16297
18029
19852
22086
24381
26996
29428
30802
31561
31669
31107
29774
27850
26023
24311
22289
20136
18687
17759
17164
17455
17974
18334
19027
19240
18873
18645
17900
17053
16912
16780
16741
17266
17768
18195
19117
19855
20232
20694
20679
20595
20430
19688
19050
18498
18070
17691
17297
17241
16632
15690
14925
13645
12088
10396
8422
6100
3579
838
-2438
-5937
-9516
-13145
-16963
-20601
-23256
-24765
-25022
-24045
-21904
-19073
-16342
-13929
-11933
-10828
-10432
-10817
-12836
-15812
-19184
-22952
-26078
-28567
-30595
-31444
-31229
-30204
-28294
-25858
-23246
-20360
-17524
-15222
-13562
-12580
-12000
-11723
-11861
-11753
-11136
-10378
-8766
-6776
-4544
-1468
1482
4717
7638
9740
11612
12473
12682
12055
10610
9149
7201
5205
3663
2167
1041
541
361
418
910
1769
2465
3069
3504
3281
2787
1997
875
156
-280
-541
144
1546
2931
4891
7180
9345
11955
14159
16050
17726
18430
18726
18415
18153
18148
17878
18232
18696
19260
20242
20783
21175
21422
20984
20430
19553
17915
16370
14616
12246
10262
8603
6678
5112
3933
2823
2214
1813
1689
1897
2066
2586
3387
4064
4559
5099
5515
5631
5722
5695
5440
5031
4616
4123
3316
2572
2025
1023
-154
-1304
-3170
-5198
-7216
-9781
-12073
-14341
-16739
-18527
-20084
-21051
-21647
-22024
-21620
-20864
-19310
-17022
-14297
-10927
-7472
-3710
212
3770
7260
10555
13453
15919
17709
18648
18830
18361
17613
16780
15790
15185
14732
14101
13806
13726
13643
13888
14259
14073
13870
13572
12601
11687
10236
8461
7422
6018
4746
4152
2774
1480
620
-946
-2273
-3340
-5081
-6905
-8689
-10720
-12536
-14128
-15579
-16595
-17085
-17222
-16973
-16361
-15938
-15405
-14867
-14724
-14473
-14636
-15152
-15674
-16609
-17538
-18378
-19374
-20305
-21040
-21697
-22025
-21956
-21768
-21210
-20354
-19435
-18279
-16870
-15536
-14283
-12996
-12065
-11429
-10739
-10149
-9639
-9115
-8730
-8158
-7408
-6768
-6009
-5266
-4755
-4500
-4425
-4614
-4952
-5236
-5487
-5229
-5188
-5300
-4666
-4226
-3703
-2839
-2232
-1495
-614
282
1035
1848
2801
3303
3875
4506
4658
4754
4442
3561
2622
1442
176
-794
-1981
-3050
-3365
-3529
-2978
-1458
376
2893
5907
9393
12919
16290
19688
21878
23657
25514
26332
26720
27129
27180
26873
26862
27080
27039
27186
27445
27607
28014
28447
28617
28672
28552
27960
27017
25775
24113
22376
20444
18474
16913
15221
13832
13531
13743
14328
15681
17271
18802
20589
21873
22658
23338
23282
22927
22036
20320
18624
16698
14714
13139
11811
10968
10869
11442
12564
14293
16238
18255
20519
22430
23969
25334
26160
26632
26790
26361
25570
24667
23363
21540
19586
17384
14772
12050
9254
6202
3152
225
-3030
-6380
-9520
-12598
-15658
-18597
-21095
-23579
-25990
-27849
-29573
-31050
-32314
-33457
-34490
-35739
-36790
-37676
-38458
-38785
-38845
-38602
-37880
-36904
-35797
-34374
-32865
-31476
-30012
-28590
-27382
-26197
-24971
-23697
-22087
-20379
-18810
-17284
-16121
-15243
-14643
-14596
-14814
-15277
-15945
-16613
-17521
-18417
-19143
-19976
-20494
-20743
-21096
-21282
-21340
-21611
-22156
-22677
-23306
-24232
-24917
-25611
-26536
-26990
-27079
-26698
-25525
-23847
-21686
-19361
-16941
-14323
-11854
-9615
-7464
-5575
-4193
-2759
-1158
98
1493
3368
5096
6743
8773
10638
12254
13937
15402
16715
17789
18688
19614
20207
21036
22137
23198
24822
26728
29102
31796
34318
36954
39047
41015
42993
44130
45047
45492
45369
44884
43608
42243
40803
39167
37780
36557
35558
34762
34200
33886
33461
33087
32958
32487
31621
30440
28366
25635
22868
19881
16814
13903
11207
8963
7040
5730
4837
4166
3975
3649
3455
3402
3073
2900
2443
1865
1740
1562
1682
2331
2832
3607
4770
5491
6329
7419
7692
7990
8532
8335
8569
9000
8688
8858
9038
8596
8536
8182
7139
6194
4764
2915
1188
-945
-3152
-5123
-7080
-8502
-9626
-10746
-11335
-11726
-12083
-12337
-12637
-12979
-13481
-13956
-14479
-15192
-16000
-16780
-17556
-18251
-18275
-18339
-18804
-19034
-19546
-20063
-20611
-21453
-22210
-23120
-23587
-23832
-24130
-23971
-23775
-23287
-22654
-22116
-21340
-20983
-20840
-20751
-21230
-21783
-22590
-23538
-24125
-25018
-25773
-25917
-26261
-26525
-26396
-26559
-26522
-26100
-26041
-25614
-24889
-24388
-23182
-21777
-20598
-18913
-17421
-16189
-14599
-13389
-12590
-11529
-10714
-10276
-9468
-8600
-7723
-6553
-5566
-4371
-2963
-1467
223
1539
2892
4373
5874
7325
8651
10498
11691
12572
14871
17259
19596
22267
24396
26656
29226
32085
35171
37608
39591
41093
42225
43241
43586
43491
43229
42868
42646
42440
42231
42288
42552
42855
43332
43657
43951
44328
44019
43505
43053
42075
41227
40414
39197
38242
37213
36069
35384
34688
34165
33900
33232
32661
32336
31595
30798
29885
28474
27174
25774
24103
22561
20708
18833
17202
15533
13985
12274
10732
9671
8688
7773
6878
5897
4797
3907
3096
1913
587
-973
-2958
-5424
-8139
-10882
-13916
-17005
-20279
-23628
-26766
-30128
-33118
-35661
-38097
-40195
-42148
-43926
-45411
-46589
-47545
-48044
-48192
-48415
-48449
-48332
-47983
-47362
-46842
-46200
-45664
-45474
-44990
-44416
-44089
-43546
-42921
-42480
-42025
-41715
-41736
-41869
-42126
-42682
-43349
-43995
-44486
-44814
-44959
-44514
-43667
-42474
-40737
-38686
-36432
-34200
-31992
-29988
-28313
-26512
-24997
-23992
-22926
-21874
-20937
-19854
-18306
-16565
-14915
-12864
-10829
-8867
-6617
-4602
-2587
-714
863
2287
3339
4364
5211
5959
6641
7223
7989
8891
10278
11838
13395
15111
16949
18730
20262
21677
22508
23140
23687
23603
23423
23257
22783
22549
22875
23292
24373
25964
27376
29198
30844
32294
33995
35182
36184
36941
37240
37394
37383
37748
38342
39150
40093
41037
42407
43638
44828
45903
46580
47305
47702
47759
47956
48145
48047
48140
48656
49078
49545
50110
50193
50005
49860
49211
48189
46970
44968
42595
40141
37316
34517
31672
28641
25697
22758
19686
16438
12910
9198
5723
2263
-1148
-4101
-6982
-9669
-11708
-13361
-14778
-15833
-16638
-17209
-17353
-17203
-17099
-16931
-16880
-17258
-17642
-18435
-20019
-21806
-24121
-26967
-29595
-32003
-34254
-36391
-38199
-39503
-40480
-40953
-41069
-40940
-40543
-40245
-39923
-39520
-39231
-38922
-38697
-38504
-38165
-37642
-36722
-35380
-33686
-32111
-30866
-29552
-28512
-27692
-27199
-27447
-27947
-28943
-30069
-31000
-32221
-32953
-33261
-33540
-33345
-32730
-31670
-30285
-28613
-26634
-24839
-23230
-21756
-20414
-19125
-17939
-16638
-15364
-14121
-12794
-11408
-10022
-8532
-6672
-5175
-3646
-1816
-116
2072
3922
5886
8054
9503
11235
12902
14916
17150
18855
20784
22321
24130
26531
28587
30793
32894
34932
36856
38171
39327
40143
40892
41681
42196
42979
43660
43896
44382
45069
45443
46178
46937
47662
49263
50054
50585
51662
51559
51438
51218
50183
49458
48221
46579
45214
43540
42059
40817
39527
38568
37557
36512
35753
34553
33096
32039
30633
29036
27833
26315
24738
23537
21966
20118
18429
16650
14999
13534
11787
9795
7695
5617
3707
1823
-213
-2119
-3563
-4726
-5444
-5833
-6042
-5923
-5900
-5726
-5478
-5677
-5960
-6562
-7747
-8908
-10177
-11898
-13459
-15040
-16952
-18513
-19947
-21212
-22494
-24237
-25822
-28122
-30683
-33007
-35752
-37984
-40310
-42175
-43308
-44317
-44461
-44716
-44668
-44324
-44427
-44539
-45195
-45858
-46517
-47384
-47780
-48037
-47947
-47444
-46728
-45503
-44109
-42665
-41154
-39929
-38765
-37720
-37077
-36274
-35523
-34937
-33767
-32543
-31371
-29685
-27930
-26188
-24051
-21728
-19323
-16644
-13812
-11004
-8249
-5346
-2391
410
2932
5193
7346
9298
11281
13274
15285
17674
20290
22986
25742
28308
30823
33369
35623
37413
38621
39452
39961
40088
39904
39482
39006
38589
38189
37488
36879
36464
35783
35403
35199
34693
34521
34365
34000
34139
34089
33941
34401
34569
34692
35105
34988
34853
34891
34580
34244
33816
33194
32477
31696
30879
29679
28033
25940
23585
20998
17907
14601
11367
8158
4986
2021
-707
-3105
-5257
-7183
-8965
-10939
-12645
-14360
-16061
-17360
-19000
-20588
-22027
-23354
-24266
-25332
-26489
-27700
-28891
-29675
-29966
-30254
-30644
-30643
-30672
-30181
-28810
-27654
-26528
-25252
-23964
-22366
-20932
-19803
-18981
-18923
-19174
-19373
-20015
-20975
-21796
-22634
-23321
-23665
-23766
-23337
-22305
-20767
-18958
-17112
-15311
-13377
-11317
-9581
-7833
-6490
-5705
-4702
-3821
-2869
-1736
-523
720
1583
2595
3681
4632
5805
6750
7467
8144
8524
9201
10153
10564
10834
11077
11116
11338
11597
11740
12074
12697
13406
14354
15391
16354
17195
17649
18278
18918
19194
19321
19184
19173
19342
19507
19936
20425
20306
19899
19510
18648
17937
17413
16466
15646
15009
14269
13284
11800
9965
7703
5227
2695
-323
-3492
-6748
-9892
-12388
-14466
-15826
-16621
-16924
-16697
-16497
-16003
-16035
-16687
-17371
-18730
-20181
-21880
-23372
-24009
-24700
-24790
-24282
-23814
-23086
-22397
-21816
-21210
-21170
-21684
-22249
-22880
-23379
-23575
-23310
-22642
-21751
-20486
-18901
-16918
-14814
-12789
-10899
-9142
-7319
-5706
-3995
-2408
-974
1074
3352
5685
7772
9614
11476
12764
13938
14803
14836
14875
14762
14760
14985
14862
15225
15742
16064
16989
18023
18821
19690
20537
21346
22240
23329
24503
25431
26465
27674
28829
30210
31728
33168
34492
35553
36355
37124
37194
37081
37356
36983
37141
37776
37853
38337
38919
39153
39122
39131
39357
39221
38832
38240
37139
35912
35012
33928
32674
31755
30354
28703
27411
25769
24063
22498
20632
18613
16506
14309
12025
9765
7372
4777
2382
-232
-2880
-5375
-8048
-10322
-12621
-14820
-16572
-18220
-19355
-20429
-21424
-22135
-22863
-23505
-24432
-25433
-26487
-27931
-29233
-30666
-32112
-33170
-34294
-35093
-35787
-36153
-35782
-35460
-34801
-33956
-33341
-32336
-31002
-29869
-28679
-27287
-26415
-25579
-24472
-23964
-23767
-23554
-23613
-23561
-23307
-22884
-21913
-20841
-19758
-18613
-17614
-16544
-15606
-14952
-14613
-14089
-13518
-13171
-12483
-12118
-12081
-12062
-12194
-12267
-12599
-12842
-13035
-13337
-13257
-13017
-12673
-12012
-11060
-9995
-8810
-7407
-5825
-4113
-2378
-517
1486
3543
5629
7650
9521
11377
13202
14855
16547
18372
20068
21656
23449
25164
26698
28065
28926
29438
29590
29348
28887
28130
27242
26365
25506
25011
24711
24467
24690
24987
25350
25994
26390
26498
26488
26218
25398
24391
23338
21730
20473
19496
17859
16535
15096
13112
11566
9843
7951
6190
4106
1907
-280
-2435
-4600
-6495
-8186
-9910
-11335
-12652
-13719
-14411
-14965
-15081
-14855
-14515
-13901
-13051
-12098
-11016
-9973
-9189
-8452
-7840
-7596
-7346
-7033
-6784
-6172
-5283
-4223
-2631
-915
870
3073
5296
7366
9362
11162
12589
13670
14327
14543
14590
14241
13648
13011
12160
11332
10491
9784
9169
8437
7967
7449
6814
6497
6008
5176
4383
3312
1814
366
-1109
-2689
-4005
-5003
-5728
-6194
-6424
-6376
-6060
-5553
-4840
-4186
-3844
-3513
-3411
-3646
-3708
-3861
-4151
-4020
-3674
-3296
-2641
-1836
-995
-190
473
891
931
868
534
-201
-922
-1907
-2859
-3494
-4215
-4532
-4747
-5098
-5022
-5329
-5794
-5804
-6235
-6689
-6935
-7468
-7918
-8335
-8879
-9464
-10017
-10676
-11273
-11661
-12178
-12460
-12696
-12865
-12521
-12226
-11749
-10948
-10312
-9488
-8451
-7590
-6816
-6056
-5399
-4767
-3908
-3071
-2394
-1563
-628
431
1527
2689
4037
5391
6824
8048
9084
10124
10696
10914
10972
10859
10505
9864
9198
8300
7348
6691
5989
5367
4818
4154
3754
3501
3384
3587
3870
4377
4917
5272
5704
6022
6243
6414
6329
6092
5682
5257
4894
4507
4279
4011
3756
3646
3666
3951
4332
4864
5417
5947
6687
7204
7488
7665
7424
7014
6500
5830
5230
4560
3894
3261
2588
1939
1284
796
312
-28
-233
-672
-965
-1498
-2461
-3523
-5023
-6616
-8177
-10022
-11743
-13124
-14404
-15429
-16031
-16439
-16472
-16038
-15526
-14804
-13746
-12532
-11238
-10111
-9043
-7945
-6803
-5455
-4010
-2325
-577
1266
3373
5362
7333
9262
10987
12653
14521
16315
17681
19023
20131
20794
21547
22478
23375
24083
24443
24513
24313
23903
23267
22419
21253
19726
18810
18023
16872
16354
15521
14284
13519
12180
10701
9901
8673
7279
6321
5152
4053
3386
2813
2420
2214
1801
1457
1109
507
290
-128
-981
-1583
-2403
-3054
-3221
-3442
-3443
-3653
-4092
-4022
-4237
-4697
-4850
-5492
-6056
-6433
-7671
-8690
-9370
-10572
-11313
-11682
-12286
-12594
-12721
-13255
-14011
-14604
-15305
-15972
-16472
-16773
-16576
-16522
-16324
-15313
-14391
-13540
-12451
-11763
-11121
-10485
-10511
-10519
-10234
-10127
-9674
-8834
-7998
-6764
-5409
-4248
-2894
-1646
-652
314
1011
1596
2370
3042
3703
4542
5381
6250
7153
7996
8665
9210
9645
10018
10194
9947
9805
9977
10207
10527
10892
11111
11306
11564
11669
11738
11944
12013
11751
11469
11204
10819
10343
9787
9219
8554
8033
7621
7184
6976
6684
6268
5854
5295
4791
4164
3201
2091
782
-662
-2085
-3477
-4688
-5555
-6267
-6827
-7045
-7274
-7461
-7320
-7119
-6902
-6690
-6499
-6393
-6655
-7025
-7201
-7412
-7630
-7779
-7993
-8124
-8208
-8307
-8449
-8716
-8936
-9133
-9314
-9374
-9283
-9156
-9064
-8712
-8151
-7424
-6355
-5405
-4652
-3855
-3341
-2961
-2585
-2411
-1983
-1189
-372
811
2261
3477
4868
6302
7305
8247
9048
9453
9791
10039
10149
10469
10843
11268
12066
13004
13880
14905
15770
16044
16421
16752
16530
16675
16657
16258
16569
16491
16259
16844
16932
16883
17146
17059
16947
16785
16313
15590
14704
13786
12969
12219
11516
11067
10745
10386
10137
10003
9915
9882
9853
9677
9552
9579
9428
9404
9334
8781
8460
7919
6789
5919
4823
3484
2597
1679
655
29
-502
-1134
-1561
-1867
-2184
-2428
-2581
-2913
-3287
-3588
-4143
-4573
-4868
-5291
-5466
-5549
-5662
-5504
-5264
-4995
-4535
-4160
-3931
-3690
-3672
-3792
-3802
-4138
-4643
-4989
-5553
-5982
-6128
-6397
-6495
-6386
-6348
-6214
-6067
-6029
-5917
-5945
-6157
-6316
-6614
-6974
-7298
-7788
-8276
-8691
-9182
-9678
-9992
-10180
-10338
-10360
-10398
-10427
-10352
-10217
-9867
-9535
-9171
-8576
-8118
-7623
-6947
-6401
-5777
-5169
-4815
-4331
-3922
-3771
-3477
-3371
-3482
-3388
-3491
-3697
-3613
-3560
-3455
-3017
-2399
-1708
-770
355
1412
2541
3656
4633
5627
6528
7306
8009
8679
9333
9945
10648
11348
12029
12833
13611
14348
15005
15452
15903
16320
16505
16590
16384
15833
15310
14621
13693
12826
11786
10597
9457
8301
7323
6367
5389
4687
4066
3504
3188
2976
2765
2680
2571
2300
1934
1349
676
-172
-1261
-2292
-3452
-4718
-5882
-6827
-7456
-7894
-8057
-8078
-8005
-7605
-7200
-6911
-6500
-6276
-6413
-6512
-6605
-6897
-7106
-7206
-7373
-7346
-7021
-6618
-6070
-5289
-4350
-3383
-2472
-1426
-464
164
837
1486
1809
2167
2568
2627
2611
2620
2460
2439
2433
2280
2337
2200
1895
1848
1608
1441
1555
1435
1384
1542
1528
1564
1684
1806
2125
2555
3198
3911
4480
5166
5837
6386
6970
7539
8076
8691
9403
10024
10654
11421
12069
12765
13552
14294
15175
15966
16636
17296
17741
18044
18264
18330
18209
18065
17934
17428
16839
16400
15592
14747
13997
12962
12124
11357
10423
9731
9002
8258
7716
7010
6285
5696
4924
4020
3114
1986
666
-553
-1857
-3214
-4364
-5514
-6531
-7400
-8275
-8887
-9422
-9986
-10440
-11041
-11623
-12139
-12743
-13230
-13737
-14118
-14273
-14434
-14367
-14140
-13947
-13550
-13134
-12937
-12721
-12762
-13184
-13803
-14724
-15590
-16380
-17180
-17662
-17951
-18185
-18198
-17984
-17947
-17922
-17793
-18176
-18810
-19615
-20761
-21915
-23065
-23871
-24315
-24471
-23932
-22973
-21655
-19855
-17892
-15849
-13818
-11976
-10463
-9227
-8063
-7108
-6349
-5561
-4715
-3787
-2600
-1166
181
1708
3450
5017
6655
8210
9541
10889
12090
13140
14212
15107
15857
16723
17425
18003
18663
19223
19669
20110
20576
20866
21144
21445
21594
21772
21720
21522
21383
20938
20485
20122
19421
18860
18461
17800
17435
17221
16920
16907
16910
17029
17558
18152
18601
19012
19334
19484
19450
19241
18968
18479
17732
16970
16207
15397
14766
14303
13726
13293
13140
12861
12588
12559
12383
12221
12222
11853
11414
11078
10341
9567
8952
7998
6920
5930
4759
3621
2622
1441
247
-720
-1800
-2994
-3974
-4975
-6019
-7100
-8451
-9842
-11468
-13291
-15095
-16916
-18444
-19908
-20989
-21605
-22255
-22353
-22254
-22238
-21680
-21217
-20828
-19952
-19313
-18890
-18283
-17979
-17946
-18086
-18599
-18993
-19346
-20026
-20307
-20347
-20466
-19928
-19138
-18364
-17235
-16071
-14773
-13389
-12256
-11293
-10443
-9669
-9119
-8704
-8260
-7956
-7647
-7307
-7048
-6907
-6934
-6892
-6810
-6736
-6524
-6310
-6135
-5861
-5464
-4850
-4023
-3258
-2529
-1850
-1246
-606
-63
429
722
974
1212
1059
1040
1037
960
1396
1790
2189
2933
3451
4026
5020
5972
6706
7499
8335
8981
9508
9878
10012
10021
10070
10357
10780
11283
11998
12607
12949
13317
13423
13098
12824
12291
11321
10550
9681
8641
8140
7810
7414
7526
7852
8186
8926
9591
10060
10727
11039
11192
11467
11139
10726
10461
9657
8900
8321
7425
6701
6308
5734
5248
5251
5126
5033
5344
5295
5304
5712
5820
5984
6211
6122
6106
6193
6296
6680
7175
7499
7961
8509
8834
9072
8946
8485
8150
7654
7031
6590
6038
5422
5070
4810
4381
3972
3839
3845
3846
4070
4559
4978
5527
6223
6593
6933
7147
6978
6766
6243
5548
4968
4236
3489
2727
1791
772
-170
-1190
-2345
-3370
-4576
-5873
-7029
-8429
-9942
-11447
-12932
-14317
-15650
-16923
-18179
-19268
-20283
-21384
-22416
-23381
-24345
-25169
-25692
-26003
-26146
-26021
-25640
-25030
-24106
-22920
-21649
-20268
-18849
-17575
-16354
-15225
-14375
-13651
-13125
-12859
-12493
-12177
-11925
-11478
-10993
-10419
-9805
-9228
-8580
-8002
-7465
-6935
-6611
-6395
-6121
-6061
-6091
-5894
-5852
-5790
-5351
-4877
-4218
-3174
-1930
-487
1161
2879
4597
6290
7915
9454
10705
11867
13158
14316
15462
16726
18033
19364
20775
22190
23427
24721
26014
27171
28387
29562
30730
31858
32865
33921
34855
35631
36396
37025
37519
37868
38069
38158
38053
37851
37535
37013
36427
35769
34901
33833
32706
31453
30018
28582
27105
25648
24283
23015
21915
20830
19823
18873
17791
16786
15776
14555
13242
11794
10205
8603
7112
5672
4246
3041
1925
861
-6
-777
-1497
-2233
-3019
-3829
-4669
-5500
-6352
-7180
-7866
-8505
-9114
-9552
-9998
-10433
-10699
-11144
-11625
-11959
-12516
-13159
-13687
-14305
-15027
-15733
-16614
-17509
-18327
-19247
-20015
-20855
-21667
-22196
-22713
-23058
-23122
-22970
-22731
-22335
-21715
-21133
-20512
-19872
-19418
-19098
-18721
-18303
-17953
-17537
-17117
-16744
-16201
-15477
-14694
-13810
-12819
-11816
-10744
-9724
-8819
-7900
-7164
-6463
-5702
-5175
-4636
-4093
-3688
-3104
-2437
-1796
-1081
-437
33
388
596
590
510
231
-341
-824
-1343
-1880
-2121
-2538
-2956
-3047
-3321
-3464
-3413
-3705
-3787
-3571
-3636
-3455
-3019
-2711
-2041
-1272
-495
628
1622
2589
3707
4714
5709
6686
7621
8561
9373
10015
10746
11467
12062
12908
13755
14403
15131
15677
16063
16438
16513
16690
17214
17663
18056
18588
19498
20617
21576
22513
23225
23604
24000
24327
24498
24688
24739
24677
24803
24785
24452
24100
23469
22503
21552
20572
19577
18582
17531
16514
15533
14691
14060
13417
12839
12451
11936
11436
11066
10435
9709
9131
8436
7575
6817
6094
5321
4604
3733
2736
1714
485
-764
-2029
-3534
-4992
-6389
-7790
-8852
-9742
-10641
-11257
-11703
-12296
-12808
-13180
-13716
-14277
-14836
-15537
-16400
-17307
-18170
-19354
-20624
-21829
-23092
-23975
-24602
-24998
-25099
-25000
-24668
-24343
-23788
-23097
-22621
-22045
-21533
-21152
-20477
-19820
-19321
-18659
-17970
-17204
-16188
-15147
-14054
-12753
-11500
-10319
-9057
-7881
-6825
-5776
-4809
-4056
-3321
-2592
-2173
-1848
-1557
-1509
-1547
-1546
-1501
-1458
-1377
-1164
-804
-338
213
975
1874
2757
3608
4351
4898
5345
5764
6024
6282
6641
7200
8169
9193
10268
11567
12788
13885
14751
15240
15337
15090
14573
13722
12791
11880
11015
10486
10200
10138
10242
10457
10968
11564
12154
12647
12933
13241
13458
13624
13835
13818
13802
13942
13923
13919
13974
13639
13197
13084
12742
12058
11562
10896
10228
10188
10246
10434
10747
10714
10866
10761
10057
9606
8869
7738
7256
6964
6435
6371
6240
5668
5629
5579
4920
4323
3519
2476
1336
-160
-1520
-2719
-3736
-4266
-4674
-4905
-4982
-5180
-5213
-5386
-5989
-6574
-7314
-8351
-9344
-10342
-11290
-12018
-12598
-12943
-12966
-12924
-12781
-12216
-11659
-11202
-10397
-9788
-9388
-8755
-8558
-8777
-8967
-9499
-10221
-10885
-11773
-12641
-13253
-13902
-14385
-14519
-14665
-14699
-14411
-14119
-13870
-13411
-13044
-12896
-12401
-11813
-11422
-10827
-10274
-9791
-9145
-8696
-8343
-7892
-7589
-7363
-7184
-7121
-7091
-7098
-6960
-6587
-6142
-5554
-4846
-4091
-3101
-2036
-1087
-19
1149
2232
3398
4666
5747
6717
7558
8193
8738
9006
9177
9340
9147
9017
9193
9104
9038
9332
9463
9684
10113
10150
10116
10342
10345
10249
10372
10505
10893
11497
11946
12339
12625
13152
13642
13617
13893
13855
13162
12859
12254
11312
10768
10102
9332
8685
7923
7306
6966
6478
5984
5575
5007
4673
4539
4365
4362
4341
4342
4369
4135
4003
3881
3417
3152
2876
2264
2029
1967
1879
2168
2297
2139
2055
1711
1171
755
219
-303
-461
-430
-127
553
1249
2056
3014
3918
4838
5618
6300
6833
6877
6679
6493
6240
5990
5881
5785
5737
6014
6418
6832
7299
7676
8037
8180
8022
7732
7206
6731
6347
5842
5496
5239
4890
4685
4699
4614
4478
4489
4412
4262
3903
3379
2948
2292
1691
1248
665
284
50
-161
-174
-20
121
197
268
121
-44
-241
-873
-1548
-2337
-3456
-4380
-5245
-6173
-6745
-7165
-7574
-7712
-7850
-8055
-8112
-8281
-8495
-8591
-8727
-8773
-8658
-8440
-8060
-7549
-7007
-6443
-5916
-5471
-5038
-4862
-4832
-4713
-4879
-5061
-5124
-5514
-5860
-6281
-7064
-7613
-8249
-9071
-9357
-9665
-9960
-9647
-9444
-9141
-8354
-7775
-7208
-6514
-6132
-5822
-5424
-5148
-4789
-4210
-3646
-2857
-1820
-943
92
1222
2212
3441
4643
5639
6727
7719
8397
8950
9446
9640
9768
9976
9962
10012
10111
10039
10148
10274
10384
10697
10873
11066
11421
11524
11661
11933
11920
12035
12336
12343
12292
12126
11663
11106
10385
9569
8723
7814
6945
6090
5142
4161
3237
2097
879
-126
-1283
-2385
-3186
-4176
-5056
-5468
-5848
-6095
-6179
-6369
-6524
-6723
-7045
-7502
-8051
-8537
-8998
-9397
-9766
-10054
-10239
-10432
-10464
-10316
-10120
-9838
-9500
-9199
-8877
-8573
-8351
-8137
-7897
-7587
-7314
-6986
-6587
-6317
-5857
-5292
-4761
-3978
-3094
-2217
-1212
-114
830
1650
2315
2572
2580
2248
1518
728
-167
-1123
-1889
-2532
-3065
-3250
-3165
-2903
-2232
-1472
-752
166
869
1356
1909
2263
2378
2451
2416
2277
2188
2117
2179
2446
2824
3451
4251
5137
6090
7084
8080
8788
9366
9612
9679
9698
9045
8847
8555
7504
7655
7717
7132
7455
7255
6718
7061
7049
6755
6791
6392
5648
5076
4474
3859
3370
2911
2523
2184
1969
2089
2268
2336
2516
2607
2496
2376
2132
1802
1508
1154
824
591
356
245
221
149
221
253
241
338
210
80
2
-242
-385
-513
-504
-273
-61
435
1161
1906
2856
3775
4581
5507
6353
6985
7527
7876
8072
8208
8216
8175
8065
7902
7771
7686
7727
7829
7981
8159
8290
8437
8540
8643
8740
8694
8664
8701
8721
8751
8730
8673
8691
8646
8464
8182
7689
7119
6549
5865
5136
4296
3373
2443
1467
665
31
-532
-858
-1092
-1348
-1428
-1546
-1814
-1934
-2049
-2263
-2404
-2583
-2848
-3105
-3361
-3633
-3908
-4237
-4610
-4964
-5349
-5662
-5908
-6189
-6274
-6283
-6375
-6336
-6219
-6050
-5844
-5618
-5373
-5218
-5042
-4945
-4959
-4853
-4775
-4728
-4661
-4697
-4663
-4567
-4544
-4420
-4285
-4273
-4120
-3953
-3862
-3586
-3335
-3130
-2795
-2510
-2136
-1608
-1124
-501
257
1032
1984
3011
4030
5072
6065
6992
7738
8290
8786
9206
9405
9464
9525
9422
9273
9342
9421
9511
9780
10083
10408
10791
11130
11390
11536
11583
11580
11453
11319
11257
11105
11041
11064
10965
10996
11218
11457
11789
12213
12603
12915
13207
13572
13780
13784
13862
13789
13595
13451
13038
12647
12416
12046
11843
11734
11552
11481
11352
11201
10943
10372
9699
8899
7842
6679
5556
4325
3014
1885
763
-405
-1485
-2593
-3866
-5339
-6825
-8455
-10327
-12110
-13877
-15613
-17149
-18577
-19871
-21036
-22016
-22794
-23532
-24152
-24666
-25167
-25551
-25800
-25884
-25922
-25819
-25418
-24954
-24263
-23475
-22788
-21827
-20779
-19808
-18754
-17796
-17062
-16127
-14861
-13605
-12145
-10516
-9086
-7676
-6164
-4751
-3491
-2308
-1323
-558
189
771
1112
1497
1790
1960
2172
2293
2461
2627
2631
2647
2638
2553
2443
2452
2454
2047
1672
1547
1335
1450
1989
2615
3510
4690
5777
6816
7850
8572
9139
9637
9891
9984
10009
10063
10139
10261
10419
10437
10357
10172
9891
9749
9563
9249
9064
8811
8670
8800
8750
8705
8673
8504
8573
8551
8161
7814
7412
6888
6440
5734
4797
3818
2596
1430
318
-1011
-2216
-3341
-4573
-5601
-6545
-7587
-8282
-8583
-8714
-8706
-8848
-8963
-8986
-9316
-9520
-9561
-9778
-9775
-9497
-9030
-8308
-7392
-6223
-4772
-3146
-1572
-101
1333
2708
3936
5013
6072
6946
7563
8114
8551
8912
9330
9805
10256
10706
11157
11496
12028
12560
12686
12730
12492
11959
11556
11039
10501
10129
9622
9222
9055
8779
8660
8739
8598
8446
8304
7890
7640
7608
7511
7699
8082
8509
9079
9650
10465
11475
12388
13432
14572
15517
16259
16758
16894
16801
16451
15760
14824
13617
12465
11477
10458
9631
9017
8458
8015
7635
7109
6550
5875
4849
3786
2612
1316
266
-847
-1918
-2608
-3307
-4026
-4601
-5302
-6150
-6941
-7767
-8698
-9547
-10331
-11140
-11788
-12306
-12776
-13062
-13230
-13290
-13303
-13315
-13258
-13153
-12909
-12593
-12201
-11775
-11391
-10928
-10496
-10040
-9551
-9191
-8717
-8102
-7534
-6916
-6237
-5500
-4728
-4052
-3544
-3131
-2738
-2530
-2415
-2337
-2426
-2381
-2261
-2145
-1771
-1312
-807
-311
-64
135
274
142
-113
-525
-1156
-1809
-2382
-2916
-3449
-3782
-3863
-3889
-3790
-3560
-3448
-3445
-3410
-3556
-3836
-4059
-4472
-4920
-5223
-5550
-5822
-5969
-5926
-5728
-5480
-5186
-4876
-4593
-4439
-4290
-4096
-3976
-3779
-3597
-3645
-3679
-3506
-3281
-3078
-2746
-2394
-2189
-1730
-1132
-805
-312
283
612
941
1160
1125
1053
893
714
649
587
662
855
1027
1453
2040
2599
3378
4181
4854
5627
6441
7187
7877
8561
9159
9639
10121
10459
10679
10945
11156
11350
11551
11699
11907
12226
12590
12982
13341
13519
13627
13656
13281
12743
12142
11243
10326
9420
8391
7447
6681
6031
5491
5170
4985
4885
4945
5017
5088
5066
4995
4999
4709
4323
4160
3841
3523
3461
3274
3130
3208
3048
2916
2910
2665
2496
2197
1601
1214
776
177
-192
-569
-982
-1130
-1222
-1310
-1242
-1306
-1422
-1377
-1505
-1701
-1773
-2022
-2293
-2425
-2682
-2888
-2890
-3004
-3127
-3115
-3216
-3280
-3254
-3347
-3427
-3590
-3881
-4086
-4321
-4507
-4564
-4649
-4472
-4078
-3685
-3012
-2237
-1488
-536
431
1314
2254
3206
4055
4768
5214
5510
5884
6071
6140
6268
6212
6187
6355
6434
6606
6877
6851
6794
6690
6215
5730
5128
4242
3502
2733
1890
1374
948
620
633
634
616
765
687
478
505
247
-206
-400
-907
-1459
-1558
-1900
-2275
-2292
-2583
-2854
-2852
-3185
-3442
-3492
-3773
-3835
-3847
-4141
-4290
-4394
-4624
-4743
-4827
-5056
-5224
-5211
-5177
-5063
-4942
-4907
-4633
-4351
-4201
-3753
-3474
-3529
-3384
-3419
-3700
-3805
-4154
-4739
-5037
-5168
-5355
-5558
-5470
-5158
-4901
-4441
-3973
-3717
-3254
-2638
-2099
-1517
-875
-175
649
1615
2649
3631
4622
5608
6427
7169
7784
8161
8441
8591
8691
8862
9019
9239
9612
10087
10711
11525
12300
12997
13691
14214
14558
14701
14656
14485
14082
13551
13039
12534
12090
11777
11478
11154
10976
10844
10596
10366
10214
9983
9673
9420
9090
8678
8305
7848
7372
6929
6447
5976
5447
4872
4349
3889
3601
3403
3133
2858
2528
2167
1847
1485
1216
1048
792
623
654
658
728
924
999
1078
1218
1195
1033
764
293
-313
-958
-1625
-2267
-2877
-3416
-3834
-4172
-4462
-4715
-4896
-4977
-5014
-5090
-5146
-5144
-5235
-5331
-5344
-5470
-5592
-5642
-5811
-5877
-5879
-5980
-5856
-5710
-5535
-4996
-4516
-4018
-3260
-2698
-2180
-1526
-1155
-727
-121
137
465
843
909
1152
1320
1297
1482
1482
1350
1272
905
462
66
-528
-1093
-1562
-2239
-2910
-3388
-3914
-4378
-4737
-5130
-5397
-5565
-5752
-5846
-5948
-6048
-5925
-5778
-5592
-5108
-4565
-3957
-3163
-2433
-1655
-808
-94
640
1313
1917
2574
3087
3589
4203
4748
5312
5916
6423
6914
7368
7722
8087
8403
8591
8768
8983
9222
9557
9964
10362
10695
11014
11324
11432
11532
11776
11894
12109
12492
12820
13300
13871
14493
15256
15872
16295
16646
16839
16803
16611
16245
15635
14940
14107
13106
12150
11228
10326
9489
8766
8127
7506
7066
6729
6368
6096
5859
5540
5101
4634
4079
3358
2585
1703
779
-213
-1256
-2142
-3018
-3796
-4464
-5212
-5918
-6708
-7618
-8422
-9196
-10051
-10853
-11680
-12578
-13275
-13960
-14707
-15222
-15696
-16272
-16798
-17281
-17827
-18337
-18709
-19089
-19397
-19533
-19666
-19760
-19786
-19830
-19794
-19738
-19779
-19792
-19753
-19717
-19578
-19346
-19115
-18742
-18230
-17737
-17178
-16604
-16174
-15786
-15452
-15311
-15204
-15033
-14974
-14905
-14640
-14329
-13894
-13222
-12430
-11478
-10366
-9224
-8021
-6766
-5531
-4276
-3070
-1932
-791
300
1334
2406
3582
4868
6265
7761
9404
11040
12585
14155
15604
16973
18216
19194
20081
20786
21261
21720
22043
22162
22319
22380
22301
22298
22178
21966
21805
21557
21309
21084
20744
20295
19745
19155
18548
17861
17179
16568
15962
15470
15157
14872
14614
14397
14097
13695
13326
12913
12335
11734
11143
10527
9854
9286
8791
8123
7629
7167
6521
6067
5650
5196
4818
4431
4089
3775
3507
3332
3129
2865
2577
2275
1950
1687
1560
1361
1117
909
511
-97
-770
-1482
-2418
-3451
-4293
-5090
-5804
-6340
-6832
-7343
-7802
-8158
-8619
-9121
-9675
-10465
-11193
-11798
-12298
-12634
-12892
-12850
-12678
-12528
-12159
-11807
-11556
-11271
-11090
-10974
-10783
-10573
-10420
-10245
-9896
-9331
-8688
-7852
-6815
-5821
-4693
-3550
-2513
-1493
-735
-91
387
584
757
779
766
899
1066
1285
1604
2068
2555
3116
3738
4222
4693
5128
5518
5857
6157
6480
6707
7066
7537
7942
8403
8895
9403
9789
10074
10290
10222
10179
10243
9975
9758
9737
9427
9247
9256
9023
8965
9038
8994
9138
9277
9329
9495
9532
9514
9496
9243
8995
8643
8045
7569
7050
6464
6146
5867
5536
5417
5320
5039
4798
4521
4037
3546
2990
2346
1800
1320
991
786
704
924
1094
1234
1588
1622
1342
1036
444
-398
-1296
-2403
-3467
-4167
-4985
-5865
-6558
-7354
-7860
-7987
-8273
-8510
-8721
-9211
-9531
-9707
-9967
-9974
-9984
-10061
-9872
-9751
-9635
-9346
-9245
-9143
-8949
-8949
-8894
-8731
-8638
-8371
-7999
-7715
-7287
-6830
-6390
-5797
-5285
-4678
-3906
-3270
-2439
-1470
-719
223
1243
1851
2441
2976
3054
3106
3136
2815
2624
2548
2187
1939
1786
1386
1174
1023
516
145
-172
-672
-923
-1170
-1485
-1527
-1514
-1438
-1178
-917
-621
-212
172
546
956
1252
1569
1944
2135
2334
2555
2675
2895
3165
3496
3886
4189
4530
4922
5243
5554
5962
6360
6823
7494
8034
8484
9043
9470
9886
10338
10616
10817
10962
10940
10791
10588
10295
9963
9608
9221
8924
8596
8291
8210
8181
8126
8170
8245
8173
8193
8329
8261
8407
8510
8198
8365
8530
8221
8234
7964
7352
7038
6487
5969
5700
5166
4825
4741
4491
4361
4284
4010
3788
3670
3457
3227
2970
2565
2274
2031
1720
1624
1574
1497
1571
1578
1526
1513
1387
1243
1105
864
555
148
-209
-515
-955
-1379
-1821
-2410
-2970
-3565
-4244
-4831
-5419
-5989
-6540
-7057
-7230
-7458
-7819
-7814
-8003
-8347
-8398
-8750
-9193
-9448
-10000
-10622
-11214
-11926
-12474
-12938
-13366
-13603
-13738
-13680
-13419
-13072
-12614
-12079
-11492
-10880
-10242
-9500
-8592
-7566
-6561
-5523
-4434
-3385
-2251
-1097
-80
942
1881
2576
3196
3709
3983
4199
4363
4396
4403
4367
4325
4402
4535
4656
4916
5259
5636
6221
6773
7244
7833
8414
8931
9346
9687
9963
10101
10211
10174
9962
9725
9334
8854
8328
7762
7307
6931
6833
7056
7442
8011
8577
9200
9948
10610
11171
11547
11802
12010
12190
12462
12616
12708
12832
12765
12703
12650
12293
11832
11367
10595
9774
9091
8224
7510
7064
6608
6344
5980
5453
5038
4343
3470
2692
1749
734
-95
-846
-1556
-2077
-2703
-3499
-4169
-4954
-5923
-6955
-8150
-9398
-10606
-11743
-12699
-13433
-13979
-14315
-14495
-14599
-14544
-14463
-14449
-14402
-14435
-14551
-14593
-14585
-14555
-14393
-14174
-13997
-13794
-13664
-13612
-13574
-13527
-13468
-13508
-13461
-13268
-13083
-12765
-12328
-11789
-11090
-10386
-9672
-8941
-8320
-7679
-7003
-6453
-5854
-5227
-4824
-4487
-4056
-3685
-3355
-2866
-2459
-2193
-1784
-1480
-1164
-648
-332
-23
375
630
964
1280
1472
1815
2155
2432
2895
3339
3751
4410
5134
5804
6541
7136
7607
8174
8640
8992
9356
9604
9731
9875
10033
10130
10230
10270
10266
10354
10377
10476
10666
10666
10747
10931
10930
10894
10816
10623
10512
10411
10340
10449
10551
10753
11152
11513
11934
12387
12646
12875
13090
13135
13197
13265
13143
13003
12887
12681
12525
12345
11971
11635
11345
10786
10275
9996
9581
9174
8790
8258
7746
7124
6355
5654
4990
4372
3847
3358
2987
2706
2368
2054
1755
1360
1024
709
262
-44
-315
-695
-925
-1107
-1249
-1329
-1440
-1449
-1331
-1204
-1048
-807
-652
-457
-155
-98
-55
-67
-455
-960
-1721
-2732
-3740
-4806
-5850
-6934
-8023
-8967
-9882
-10754
-11451
-12088
-12743
-13275
-13798
-14336
-14744
-15181
-15619
-15998
-16467
-16835
-17079
-17401
-17555
-17511
-17497
-17400
-17215
-17123
-16974
-16631
-16247
-15714
-14948
-14198
-13401
-12431
-11443
-10336
-9009
-7681
-6398
-5126
-3920
-2707
-1502
-279
932
1953
2928
3835
4500
5107
5698
6101
6398
6599
6604
6549
6437
6195
5889
5507
5141
4846
4584
4488
4522
4632
4875
5177
5599
6019
6296
6556
6701
6720
6660
6427
6148
5800
5333
5003
4888
4834
4899
5183
5514
5897
6433
6939
7393
7851
8267
8583
8821
9133
9399
9669
10130
10551
10920
11367
11770
12015
12202
12413
12415
12402
12629
12704
12756
12969
13057
13163
13359
13453
13468
13536
13558
13442
13279
12982
12621
12222
11631
10988
10229
9356
8559
7621
6637
5830
4963
4108
3409
2643
1975
1503
925
515
315
-56
-283
-437
-864
-1216
-1571
-2057
-2336
-2621
-3029
-3195
-3277
-3474
-3470
-3399
-3461
-3415
-3404
-3523
-3739
-4273
-4832
-5157
-5757
-6658
-7193
-7629
-8413
-8737
-8794
-9310
-9202
-8881
-9173
-8906
-8626
-8639
-8316
-8274
-8107
-7840
-7909
-7645
-7333
-7209
-6891
-6532
-6320
-6075
-5577
-5211
-4907
-4225
-3733
-3405
-2801
-2263
-1787
-1145
-478
58
742
1504
2029
2733
3435
3894
4625
5309
5769
6440
6933
7231
7762
8107
8309
8746
8941
8929
9141
9082
8822
8814
8475
7980
7841
7445
6961
6759
6320
6012
6032
5758
5629
5680
5401
5242
5053
4635
4357
4122
3888
3729
3668
3644
3832
4127
4306
4821
5255
5372
5638
5626
5328
4962
4232
3430
2752
1910
1163
631
59
-338
-586
-767
-719
-727
-746
-621
-664
-664
-553
-643
-645
-640
-763
-728
-696
-604
-471
-373
-63
134
234
560
724
816
1092
1128
1174
1349
1252
1400
1719
1772
2039
2397
2586
2867
3100
3238
3498
3785
3980
4160
4345
4484
4662
4835
4805
4861
4990
4789
4673
4681
4435
4252
4108
3946
3918
3824
3766
3759
3789
4019
4244
4374
4370
4249
4196
4092
3856
3643
3478
3340
3280
3264
3377
3658
3889
4145
4364
4287
4108
3818
3415
3011
2379
1737
1275
823
576
491
425
630
936
1221
1630
1823
1883
1957
1723
1425
1190
768
320
-89
-540
-999
-1482
-1921
-2366
-2907
-3477
-4089
-4749
-5393
-6000
-6553
-6972
-7304
-7591
-7787
-7970
-8124
-8232
-8399
-8647
-8925
-9187
-9381
-9479
-9546
-9543
-9410
-9270
-9101
-8782
-8450
-8228
-7926
-7589
-7378
-7075
-6792
-6564
-6104
-5669
-5250
-4603
-3909
-3248
-2549
-1664
-832
-214
584
1389
1917
2416
3170
3953
4481
5144
5863
6412
7015
7582
8120
8619
9063
9454
9652
9835
9952
9981
10083
9944
9586
9291
9122
8963
8647
8449
8214
7925
7982
7861
7565
7569
7471
7229
7112
6913
6608
6347
6058
5794
5607
5372
5301
5278
5057
5036
4916
4629
4603
4321
4014
3963
3659
3377
3166
2829
2552
2229
1836
1485
1176
964
813
568
280
116
-43
-269
-369
-483
-674
-770
-958
-1128
-1177
-1231
-1288
-1285
-1439
-2093
-1861
-948
-1224
-994
-412
-1497
-2016
-1500
-1741
-1668
-1298
-1648
-1553
-1353
-1693
-1244
-924
-1268
-861
-668
-930
-839
-1181
-1565
-1817
-2409
-2444
-2402
-2799
-2703
-2771
-3156
-2963
-2940
-3202
-3158
-3295
-3506
-3510
-3599
-3550
-3369
-3272
-2859
-2424
-2241
-1761
-1400
-1349
-1069
-1027
-1331
-1532
-1871
-2322
-2623
-2951
-3299
-3499
-3584
-3543
-3339
-3095
-2783
-2393
-2133
-1891
-1666
-1705
-1747
-1737
-1906
-1971
-1945
-2040
-2049
-2031
-2072
-2027
-1997
-2048
-2113
-2237
-2421
-2632
-2854
-3005
-3125
-3231
-3176
-3005
-2797
-2478
-2039
-1554
-1068
-602
-216
88
374
622
791
959
1156
1335
1559
1784
2033
2378
2690
3052
3430
3686
4049
4507
4834
5185
5555
5741
5960
6167
6164
6124
5969
5647
5313
4981
4720
4552
4422
4346
4390
4432
4411
4500
4470
4336
4255
3963
3682
3494
3273
3137
3066
3138
3225
3337
3618
3906
4170
4476
4846
5109
5285
5498
5631
5800
6005
6157
6269
6305
6337
6320
6191
6057
5861
5611
5405
5183
5001
4872
4740
4685
4608
4472
4336
4044
3712
3363
2842
2381
1955
1421
942
531
55
-407
-749
-1160
-1526
-1707
-1971
-2135
-2147
-2248
-2230
-2163
-2179
-2126
-2062
-1976
-1867
-1768
-1592
-1395
-1212
-949
-620
-331
-9
296
549
853
1039
1169
1227
1165
1173
1025
869
855
773
817
848
787
819
806
775
735
653
527
344
224
78
-14
28
-56
-173
-232
-367
-500
-631
-827
-1044
-1203
-1300
-1366
-1264
-1074
-909
-562
-39
521
1135
1828
2484
3080
3659
4093
4504
4860
5049
5336
5539
5612
5667
5499
5433
5449
5238
5158
5213
5103
5030
5104
5070
4963
4876
4673
4411
4132
3778
3410
3025
2611
2246
1935
1650
1430
1270
1105
1032
1035
1000
1043
1113
1189
1378
1552
1723
1929
2142
2484
2851
3232
3643
3945
4334
4732
4973
5233
5419
5428
5383
5278
4980
4615
4263
3826
3470
3212
2908
2668
2470
2214
2011
1824
1572
1258
748
196
-367
-1189
-2070
-2913
-3825
-4700
-5502
-6226
-6893
-7497
-7915
-8161
-8348
-8379
-8275
-8243
-8142
-8008
-7973
-7836
-7703
-7561
-7345
-7187
-6868
-6466
-6083
-5474
-4790
-4019
-3042
-2053
-1090
-118
808
1609
2297
2898
3477
4067
4499
4856
5245
5578
5920
6264
6551
6766
6914
7034
7053
7019
7029
6966
6821
6683
6421
6125
5881
5432
4998
4598
4024
3586
3166
2697
2451
2259
2109
2118
2234
2486
2811
3203
3667
4125
4637
5155
5584
5925
6263
6563
6747
7068
7414
7645
8034
8393
8689
9100
9384
9631
9877
9935
9965
9854
9610
9416
9050
8600
8214
7756
7356
6937
6370
5871
5321
4639
3927
3106
2191
1201
214
-635
-1455
-2334
-3210
-4108
-5047
-5964
-6898
-7911
-8955
-9947
-10877
-11706
-12329
-12855
-13340
-13614
-13785
-13969
-13979
-13821
-13634
-13340
-12959
-12588
-12164
-11746
-11364
-10983
-10658
-10354
-10065
-9723
-9295
-8888
-8412
-7835
-7246
-6555
-5779
-5007
-4252
-3472
-2673
-2000
-1409
-907
-596
-377
-199
-116
-140
-160
-187
-286
-354
-316
-276
-225
-15
141
236
458
660
883
1162
1493
1772
2065
2553
2830
3139
3672
4021
4446
4799
5081
5677
6180
6643
7309
7874
8320
8821
9231
9378
9484
9554
9400
9303
9261
9012
8860
8749
8473
8385
8327
8153
8082
7939
7738
7667
7526
7230
7020
6782
6364
5994
5484
4758
4183
3570
2892
2428
1944
1445
1114
801
494
178
-254
-691
-1108
-1568
-1917
-2239
-2600
-2753
-2812
-2832
-2653
-2564
-2603
-2498
-2435
-2413
-2329
-2381
-2374
-2200
-2145
-2235
-2332
-2336
-2113
-2084
-2352
-2108
-1984
-2235
-1801
-1688
-1969
-1511
-1386
-1486
-1049
-1043
-1193
-999
-1102
-1266
-1321
-1568
-1710
-1815
-1988
-1911
-1951
-2114
-1978
-1934
-1991
-1849
-1737
-1673
-1556
-1463
-1490
-1487
-1359
-1320
-1172
-935
-797
-542
-251
123
576
925
1398
1933
2350
2930
3595
3996
4519
5190
5594
6116
6729
7068
7410
7795
8016
8117
8161
8136
8103
8078
7987
7900
7803
7680
7600
7419
7179
6934
6479
5937
5360
4627
3893
3225
2562
1863
1243
714
156
-277
-626
-933
-1152
-1367
-1524
-1700
-1877
-2028
-2250
-2458
-2701
-2946
-3137
-3298
-3304
-3304
-3271
-3065
-2871
-2601
-2334
-2213
-2097
-2045
-2012
-1952
-1890
-1735
-1572
-1423
-1190
-990
-910
-832
-764
-855
-1009
-1170
-1487
-1763
-1893
-2082
-2194
-2254
-2385
-2457
-2567
-2690
-2769
-2885
-2924
-2916
-2909
-2778
-2610
-2436
-2161
-1890
-1628
-1332
-1053
-739
-426
-141
234
605
958
1469
1949
2439
3073
3600
4101
4625
5027
5451
5938
6411
6931
7468
7982
8600
9204
9681
10166
10529
10743
10901
10888
10830
10785
10593
10445
10459
10391
10287
10312
10201
9951
9725
9256
8679
8171
7529
6889
6290
5690
5232
4840
4466
4213
3956
3625
3399
3118
2710
2434
2093
1693
1556
1371
1202
1408
1497
1473
1660
1680
1680
1801
1723
1638
1554
1350
1193
979
736
567
361
204
105
-54
-205
-411
-740
-1054
-1364
-1687
-1984
-2378
-2832
-3260
-3802
-4441
-5018
-5518
-5984
-6332
-6529
-6693
-6838
-7074
-7326
-7381
-7533
-7770
-7883
-8025
-8094
-8092
-8049
-7798
-7448
-6965
-6394
-5951
-5498
-5104
-4858
-4567
-4288
-4018
-3607
-3115
-2615
-2097
-1493
-856
-357
139
640
966
1275
1613
1888
2091
2208
2349
2507
2617
2782
2937
2995
3137
3286
3292
3376
3528
3675
3990
4354
4729
5246
5763
6236
6669
7017
7342
7594
7748
7899
8061
8189
8309
8494
8736
9034
9428
9845
10295
10815
11290
11762
12285
12773
13227
13601
13925
14212
14352
14590
14887
14982
15150
15401
15473
15522
15694
15761
15762
15888
15963
15967
15964
15907
15727
15386
14991
14435
13719
13003
12180
11220
10238
9313
8419
7580
6932
6475
6137
5877
5726
5618
5456
5307
5079
4706
4292
3768
3103
2471
1871
1117
385
-296
-1138
-1908
-2602
-3376
-4079
-4745
-5431
-6123
-6807
-7484
-8255
-9033
-9741
-10456
-11106
-11684
-12250
-12688
-12978
-13203
-13337
-13404
-13443
-13440
-13400
-13336
-13322
-13340
-13288
-13219
-13112
-12880
-12625
-12349
-11960
-11490
-11045
-10702
-10351
-10068
-9938
-9739
-9568
-9450
-9258
-9129
-8959
-8751
-8645
-8510
-8407
-8398
-8429
-8532
-8632
-8745
-8890
-8909
-8814
-8578
-8187
-7783
-7258
-6601
-5970
-5312
-4669
-4138
-3639
-3148
-2665
-2197
-1789
-1374
-875
-386
126
727
1244
1786
2347
2743
3190
3628
3970
4372
4773
5111
5417
5770
6147
6530
6960
7414
7835
8189
8506
8710
8860
9011
9042
9085
9124
9055
8980
8805
8566
8384
8157
7976
7919
7836
7774
7830
7820
7768
7712
7465
7218
6940
6511
6190
5786
5308
4967
4592
4337
4111
3774
3594
3330
2926
2724
2535
2268
2189
2051
1789
1781
1663
1471
1566
1443
1310
1390
1220
1124
1136
1013
1071
1096
1100
1332
1338
1267
1357
1198
1062
998
552
83
-372
-1045
-1588
-2135
-2699
-3006
-3360
-3728
-3967
-4280
-4558
-4805
-5157
-5487
-5743
-5995
-6219
-6410
-6578
-6670
-6785
-6942
-7031
-7149
-7281
-7334
-7259
-7101
-6997
-6821
-6555
-6293
-5863
-5354
-4934
-4406
-3791
-3281
-2674
-1906
-1224
-491
299
913
1554
2184
2654
3171
3521
3639
3856
3994
4088
4320
4492
4708
5016
5203
5362
5536
5540
5481
5433
5254
5075
4899
4705
4581
4454
4426
4390
4302
4385
4392
4338
4395
4295
4169
4200
4156
4102
4211
4253
4213
4280
4285
4265
4326
4282
4232
4245
4128
3970
3852
3618
3453
3365
3058
2826
2628
2206
1993
1810
1425
1247
1034
662
447
140
-265
-505
-810
-1179
-1446
-1707
-1896
-1952
-1954
-1936
-1960
-2093
-2307
-2601
-2955
-3318
-3678
-3966
-4115
-4088
-3938
-3747
-3540
-3374
-3252
-3190
-3258
-3403
-3585
-3825
-3997
-4090
-4101
-3891
-3629
-3341
-2918
-2622
-2435
-2179
-1983
-1780
-1535
-1312
-919
-403
63
530
1001
1639
2393
2993
3669
4331
4683
4974
5280
5536
5739
5850
5893
5876
5844
5788
5753
5753
5678
5623
5628
5621
5676
5739
5739
5776
5760
5611
5512
5440
5318
5221
5090
4936
4759
4494
4289
4073
3718
3460
3243
2948
2767
2613
2488
2521
2516
2505
2545
2422
2279
2215
1950
1632
1349
909
575
351
137
90
77
132
369
601
810
1071
1244
1363
1458
1397
1332
1211
916
614
278
-41
-257
-461
-634
-778
-915
-1009
-1103
-1205
-1305
-1430
-1499
-1551
-1585
-1476
-1361
-1247
-1030
-835
-694
-542
-409
-300
-152
30
220
475
780
1024
1246
1416
1482
1583
1652
1642
1639
1657
1753
1935
2265
2683
3128
3670
4132
4474
4760
4862
4819
4673
4407
4033
3593
3176
2816
2556
2387
2281
2227
2161
2064
2022
2043
2031
2003
1911
1770
1567
1183
992
923
607
433
269
-63
-206
-249
-223
-142
-21
261
519
829
1343
1755
2073
2535
2903
3186
3618
3959
4232
4633
4971
5285
5677
6011
6314
6584
6717
6779
6775
6662
6491
6254
5967
5670
5283
4894
4588
4262
4054
3970
3868
3795
3786
3838
3819
3816
3837
3643
3390
3120
2728
2285
1779
1296
844
411
93
-202
-445
-542
-578
-564
-458
-304
-154
10
175
272
349
431
377
270
224
84
-42
-43
-81
-55
71
147
223
294
336
332
222
92
-85
-362
-625
-882
-1141
-1397
-1640
-1779
-1868
-1939
-1934
-1873
-1788
-1672
-1564
-1437
-1255
-1184
-1170
-1140
-1181
-1193
-1175
-1148
-1097
-1043
-905
-770
-612
-347
-166
34
325
483
662
868
963
1126
1285
1395
1586
1735
1813
1917
2012
2092
2145
2101
2050
2001
1844
1671
1480
1235
1046
895
739
638
609
645
749
857
948
1041
1095
1101
1089
1007
848
727
576
346
204
147
80
75
188
313
431
596
745
844
844
826
831
703
588
559
460
395
468
532
597
774
838
848
995
1013
954
983
880
692
591
411
202
70
-143
-218
-215
-355
-352
-326
-363
-229
-136
-87
184
419
572
913
1218
1495
1864
2071
2252
2468
2538
2588
2589
2527
2536
2509
2491
2565
2636
2743
2897
3073
3277
3459
3606
3687
3691
3684
3635
3523
3437
3237
2957
2826
2630
2400
2283
2078
1849
1623
1337
1033
723
437
95
-242
-458
-614
-695
-702
-656
-593
-562
-485
-453
-466
-363
-356
-447
-459
-589
-737
-722
-752
-795
-758
-764
-734
-681
-719
-675
-653
-747
-710
-748
-917
-975
-1100
-1223
-1216
-1237
-1202
-1161
-1179
-1116
-1082
-1098
-1154
-1324
-1462
-1625
-1905
-2142
-2420
-2729
-2882
-3054
-3211
-3193
-3252
-3296
-3188
-3202
-3182
-3099
-3214
-3278
-3319
-3511
-3611
-3653
-3721
-3664
-3534
-3376
-3122
-2852
-2503
-2060
-1734
-1438
-1089
-839
-614
-330
-142
21
283
530
762
1027
1300
1527
1790
2070
2282
2553
2766
2939
3165
3297
3473
3629
3682
3818
3880
3910
4092
4179
4274
4582
4809
4993
5276
5404
5422
5475
5400
5247
5153
4966
4747
4653
4581
4549
4630
4752
4897
5035
5151
5297
5323
5302
5356
5268
5194
5260
5237
5281
5421
5432
5475
5517
5439
5403
5295
5114
4964
4676
4325
4033
3649
3241
2948
2592
2238
2004
1689
1375
1206
995
778
722
665
615
695
744
762
808
796
776
770
672
535
427
277
166
157
120
127
233
297
406
559
696
907
1134
1332
1491
1688
1857
1912
2051
2094
2072
2164
2157
2183
2239
2226
2315
2420
2496
2638
2718
2716
2767
2732
2596
2502
2293
2019
1857
1646
1397
1262
1067
842
722
512
341
304
147
3
-49
-156
-178
-106
-75
31
177
252
431
585
592
708
788
784
898
995
1069
1223
1425
1576
1760
1985
2050
2129
2170
2045
1944
1668
1287
1052
711
363
183
-76
-303
-357
-476
-578
-586
-733
-909
-1042
-1304
-1510
-1660
-1930
-2007
-1996
-2075
-1870
-1680
-1563
-1123
-844
-640
-162
47
126
395
463
444
552
589
651
774
879
1076
1298
1516
1827
2122
2405
2748
2983
3171
3439
3658
3843
4008
4109
4181
4235
4241
4155
4084
4009
3854
3736
3535
3245
3024
2715
2370
2110
1797
1485
1244
968
716
562
369
179
102
-28
-221
-319
-464
-665
-737
-872
-1039
-1019
-1010
-974
-806
-673
-469
-210
34
322
472
556
630
592
565
515
435
410
370
396
508
568
709
891
947
1042
1098
1033
1024
926
650
460
320
85
-53
-171
-394
-482
-526
-651
-694
-753
-869
-956
-1117
-1229
-1321
-1543
-1637
-1703
-1853
-1866
-1853
-1865
-1788
-1683
-1599
-1485
-1314
-1149
-996
-807
-647
-524
-401
-317
-226
-87
33
174
426
692
944
1260
1592
1927
2276
2578
2815
3037
3248
3385
3452
3495
3496
3467
3404
3269
3142
2965
2724
2587
2432
2199
2003
1808
1664
1571
1471
1453
1417
1341
1346
1315
1283
1376
1496
1624
1843
2122
2381
2708
3089
3435
3862
4209
4429
4733
4958
5171
5493
5698
5884
6103
6220
6360
6529
6626
6744
6915
7105
7278
7428
7585
7650
7591
7453
7226
6864
6402
5988
5549
5063
4714
4427
4168
4070
3975
3829
3763
3613
3415
3258
3004
2792
2594
2330
2137
1972
1827
1782
1784
1759
1824
1908
1858
1858
1799
1611
1464
1203
864
502
50
-401
-891
-1416
-1992
-2561
-3080
-3680
-4219
-4665
-5118
-5482
-5730
-5908
-6018
-6014
-5959
-5903
-5708
-5462
-5274
-4978
-4694
-4519
-4307
-4193
-4194
-4226
-4378
-4572
-4803
-5088
-5281
-5422
-5487
-5487
-5484
-5296
-4936
-4440
-3934
-3593
-3204
-2839
-2605
-2301
-2095
-2005
-1799
-1582
-1337
-1035
-721
-363
-24
342
676
937
1176
1333
1439
1518
1694
1875
1935
2119
2346
2576
2935
3222
3388
3591
3816
3933
4035
4128
4062
4135
4323
4331
4487
4664
4714
4980
5145
5270
5541
5545
5588
5729
5666
5756
5940
6007
6125
6230
6272
6435
6657
6806
6988
7079
7067
7129
7102
7024
6895
6705
6638
6479
6304
6204
6005
5908
5883
5801
5793
5866
5940
5989
6052
6127
6120
6038
5988
5878
5623
5406
5222
4918
4656
4455
4200
4010
3869
3645
3418
3186
2865
2572
2355
2179
1991
1794
1651
1535
1461
1413
1360
1276
1201
1106
877
712
542
496
440
-184
-403
-473
-899
-730
-1079
-1697
-1667
-2236
-2742
-2848
-3515
-3963
-4075
-4557
-4824
-4880
-5245
-5290
-5171
-5374
-5220
-5044
-5154
-4898
-4796
-4891
-4706
-4798
-4897
-4780
-4987
-5097
-5107
-5406
-5436
-5404
-5523
-5197
-4965
-4858
-4303
-3966
-3660
-3070
-2831
-2561
-2217
-2269
-2214
-2114
-2213
-2096
-2022
-2089
-1861
-1661
-1571
-1245
-1044
-925
-528
-230
-12
387
632
813
1129
1302
1511
1780
1839
1939
2142
2388
2563
2681
3101
3423
3539
3788
3844
3958
4112
3921
3986
4048
3876
4146
4227
4070
4328
4361
4325
4595
4583
4458
4480
4359
4196
4053
3762
3577
3454
3194
3029
2864
2701
2641
2508
2373
2242
2088
2036
2007
1950
1961
2015
2079
2177
2287
2442
2591
2649
2734
2831
2814
2849
2965
2928
2881
2875
2735
2655
2558
2294
2160
2093
1841
1622
1495
1326
1256
1154
1041
1009
862
886
1009
1002
1214
1381
1350
1480
1508
1434
1537
1506
1457
1535
1442
1431
1579
1686
2029
2340
2476
2838
3036
3112
3391
3502
3570
3733
3793
3813
3837
3771
3687
3573
3320
3123
2844
2373
2028
1619
1135
858
515
87
-171
-450
-785
-1031
-1347
-1717
-2059
-2415
-2707
-3039
-3401
-3636
-3900
-4118
-4169
-4250
-4292
-4191
-4077
-3972
-3834
-3733
-3742
-3725
-3688
-3767
-3892
-4107
-4371
-4636
-5036
-5424
-5736
-6120
-6382
-6475
-6615
-6608
-6418
-6286
-6044
-5712
-5425
-5015
-4619
-4304
-3961
-3680
-3391
-3105
-2897
-2635
-2432
-2323
-2120
-1944
-1801
-1576
-1355
-1169
-918
-530
-201
80
457
745
1057
1476
1778
2080
2497
2951
3455
3958
4527
5221
5866
6483
7156
7763
8258
8716
9141
9504
9816
9999
10065
10176
10222
10242
10426
10486
10463
10622
10660
10636
10764
10717
10588
10551
10381
10179
9944
9629
9330
8937
8528
8121
7625
7190
6765
6267
5838
5451
5004
4576
4229
3835
3360
2903
2415
1867
1377
927
339
-229
-617
-1013
-1385
-1651
-1861
-2063
-2237
-2352
-2534
-2767
-2990
-3242
-3519
-3769
-4038
-4379
-4595
-4780
-5075
-5224
-5283
-5358
-5313
-5255
-5185
-5008
-4950
-4909
-4800
-4901
-4935
-4957
-5307
-5550
-5789
-6267
-6548
-6760
-7040
-7083
-7065
-7056
-6863
-6709
-6573
-6344
-6233
-6097
-5848
-5696
-5531
-5286
-5090
-4828
-4372
-3823
-3158
-2345
-1567
-745
163
916
1623
2362
2979
3573
4165
4654
5167
5696
6183
6745
7322
7854
8396
8971
9498
9959
10467
10881
11098
11356
11565
11567
11658
11687
11521
11502
11333
10961
10783
10458
10010
9741
9291
8842
8536
8085
7848
7661
7236
7013
6731
6339
6229
5984
5660
5515
5226
4982
4906
4742
4579
4505
4358
4130
3976
3826
3648
3552
3486
3445
3457
3472
3482
3484
3437
3369
3276
3115
2979
2753
2392
2134
1837
1467
1177
872
601
353
156
80
-110
-313
-390
-615
-867
-968
-1181
-1460
-1576
-1730
-1995
-2174
-2342
-2634
-2890
-3073
-3355
-3625
-3846
-4120
-4337
-4495
-4671
-4828
-4936
-5010
-5056
-5087
-5111
-5142
-5221
-5320
-5423
-5534
-5665
-5750
-5775
-5878
-5929
-5865
-5852
-5730
-5496
-5373
-5125
-4830
-4699
-4353
-4053
-3925
-3480
-3120
-2816
-2212
-1777
-1293
-584
-64
491
1106
1531
1932
2328
2603
2835
3050
3123
3152
3248
3238
3234
3322
3308
3278
3231
3184
3207
3156
3130
3158
3059
2980
2988
2892
2801
2755
2611
2479
2346
2121
1971
1797
1487
1288
1087
813
627
425
274
182
68
-25
-199
-265
-222
-287
-232
-150
-110
113
314
452
646
688
636
672
657
631
692
687
672
697
572
514
593
508
603
823
829
942
950
805
826
752
672
710
676
661
633
650
682
747
936
834
871
1089
876
848
916
768
769
706
610
669
608
542
638
592
613
784
805
895
1053
1174
1403
1646
1860
2205
2557
2707
3065
3585
3780
4181
4646
4668
4905
5123
4930
4889
4802
4516
4396
4221
3947
3824
3686
3512
3397
3181
3007
2967
2744
2490
2333
2015
1699
1490
1221
955
737
511
302
84
-147
-302
-480
-733
-860
-1009
-1224
-1204
-1330
-1458
-1328
-1512
-1521
-1408
-1708
-1722
-1710
-1928
-1898
-2026
-2183
-2159
-2430
-2567
-2535
-2758
-2897
-3019
-3223
-3378
-3527
-3598
-3708
-3784
-3665
-3560
-3430
-3161
-2884
-2565
-2105
-1564
-1041
-522
57
583
964
1252
1513
1729
1855
1974
2044
2074
2191
2294
2410
2591
2781
3003
3229
3428
3594
3755
3890
4015
4227
4463
4697
4968
5205
5377
5544
5697
5810
5898
5977
6089
6207
6326
6522
6691
6855
7121
7328
7530
7827
7995
8069
8193
8227
8171
8114
7970
7813
7705
7487
7326
7233
7013
6897
6736
6384
6051
5700
5346
4896
4359
3922
3604
3394
3215
3111
3055
2934
2901
2901
2770
2636
2406
2068
1864
1557
1150
880
458
54
-189
-596
-887
-1034
-1381
-1716
-1988
-2323
-2607
-2809
-3013
-3225
-3362
-3500
-3654
-3704
-3718
-3701
-3651
-3604
-3538
-3471
-3368
-3250
-3100
-2911
-2749
-2579
-2439
-2386
-2317
-2229
-2212
-2167
-2102
-2145
-2115
-2039
-2095
-2074
-2042
-2098
-2041
-1986
-1930
-1792
-1687
-1566
-1432
-1299
-1098
-895
-748
-573
-404
-253
-37
191
426
731
1054
1388
1748
2061
2340
2589
2827
3057
3196
3325
3453
3542
3627
3690
3781
3912
3992
4079
4238
4299
4309
4302
4235
4344
4440
4379
4378
4289
4271
4375
4302
4330
4509
4635
4841
4950
4831
4766
4643
4401
4319
4133
3824
3617
3273
2993
2870
2593
2393
2296
2066
1891
1756
1561
1394
1211
1064
1003
925
931
1064
1137
1259
1449
1492
1549
1665
1708
1727
1695
1582
1381
1200
1120
1000
878
821
769
672
603
575
444
388
436
375
392
495
460
470
566
561
581
649
633
588
581
510
402
386
346
321
370
431
589
746
870
1030
1093
1097
1080
1055
1029
873
838
833
651
693
646
398
386
272
63
-43
-336
-722
-1029
-1463
-1896
-2155
-2520
-2831
-2955
-3220
-3432
-3465
-3607
-3707
-3724
-3863
-3994
-4107
-4193
-4184
-4264
-4426
-4504
-4557
-4549
-4452
-4514
-4602
-4523
-4491
-4453
-4371
-4315
-4176
-4019
-3779
-3368
-2986
-2613
-2205
-1946
-1734
-1497
-1468
-1509
-1496
-1622
-1732
-1713
-1696
-1621
-1431
-1192
-969
-751
-552
-446
-447
-481
-489
-555
-602
-593
-626
-584
-529
-498
-383
-304
-260
-183
-167
-193
-117
-4
133
399
677
977
1363
1741
2124
2509
2846
3202
3567
3834
4071
4290
4442
4565
4682
4850
5069
5309
5497
5658
5880
6072
6384
6827
7101
7280
7417
7493
7616
7698
7703
7648
7620
7666
7626
7629
7600
7435
7499
7476
7214
7011
6593
6213
5940
5387
4997
4767
4363
4061
3806
3346
2965
2765
2445
2161
1930
1518
1160
805
350
81
-122
-360
-490
-609
-751
-849
-892
-961
-1085
-1244
-1479
-1696
-1899
-2105
-2238
-2362
-2456
-2483
-2524
-2599
-2627
-2630
-2726
-2801
-2847
-3026
-3161
-3227
-3413
-3561
-3659
-3865
-3934
-3886
-4012
-4108
-4150
-4284
-4353
-4416
-4511
-4581
-4697
-4809
-4930
-5048
-4957
-4799
-4728
-4700
-4741
-4712
-4662
-4532
-4332
-4355
-4268
-3986
-3768
-3438
-3019
-2724
-2406
-1989
-1771
-1486
-1121
-1056
-855
-609
-508
-262
-40
233
682
1140
1570
2048
2521
2966
3474
3872
4216
4619
4830
5018
5340
5513
5736
6028
6306
6741
6982
7126
7115
7274
7791
7876
8237
8033
7090
7405
7588
7647
8358
8089
8017
8542
8505
8947
9308
9047
9486
9797
9579
9775
9532
9117
9481
9376
8780
8691
8410
8067
8216
7985
7509
7386
7219
6986
6779
6552
6337
5977
5656
5396
4814
4278
4023
3566
3188
3102
2889
2702
2579
2450
2421
2198
1920
1746
1377
1045
809
408
127
17
-174
-176
32
100
208
431
519
513
457
370
277
59
-151
-259
-436
-606
-728
-996
-1341
-1647
-2050
-2483
-2891
-3413
-3902
-4289
-4696
-4967
-5108
-5214
-5142
-5064
-5063
-4877
-4718
-4738
-4718
-4728
-4852
-4961
-5082
-5285
-5393
-5405
-5375
-5189
-4974
-4711
-4311
-3944
-3540
-3037
-2622
-2215
-1741
-1362
-945
-429
52
622
1259
1847
2452
3074
3594
4017
4428
4854
5265
5557
5782
5994
6158
6392
6583
6677
6865
7046
7243
7461
7533
7628
7842
8154
8599
8950
9172
9370
9531
9875
10272
10414
10367
10189
10005
9847
9616
9294
8936
8733
8604
8485
8531
8536
8491
8575
8568
8457
8329
8150
8012
7837
7537
7228
6881
6475
6210
5946
5570
5335
5040
4629
4343
3930
3411
2967
2414
1837
1299
700
156
-311
-724
-1085
-1473
-1903
-2351
-2753
-3145
-3535
-3810
-4023
-4168
-4360
-4761
-5120
-5487
-5970
-6287
-6584
-6955
-7253
-7660
-8067
-8366
-8758
-9157
-9474
-9796
-10116
-10329
-10501
-10710
-10836
-10926
-11025
-11013
-11003
-10991
-10817
-10675
-10513
-10155
-9836
-9523
-9184
-8940
-8573
-8154
-7837
-7482
-7148
-6794
-6379
-6011
-5637
-5172
-4654
-4159
-3610
-3031
-2489
-1976
-1577
-1242
-909
-502
-112
118
394
658
864
1109
1272
1532
1890
2190
2602
3041
3322
3692
4122
4386
4754
5116
5257
5460
5599
5597
5744
5924
5992
6192
6499
6740
7096
7483
7792
8225
8669
9092
9461
9685
9856
9861
9719
9566
9482
9464
9501
9648
9719
9839
10150
10301
10345
10417
10241
9963
9826
9572
9286
9099
8823
8618
8484
8294
8182
8159
8229
8258
8229
8164
7992
7906
7742
7488
7372
7122
6796
6519
6092
5585
5132
4736
4372
4109
3956
3791
3516
3157
2843
2445
2064
1791
1196
451
-231
-1081
-1797
-2238
-2579
-2729
-2845
-3103
-3331
-3510
-3638
-3729
-3834
-3899
-4040
-4267
-4454
-4669
-4895
-5061
-5286
-5543
-5735
-5870
-5918
-5941
-5930
-5877
-5862
-5802
-5726
-5792
-5858
-5897
-6090
-6281
-6458
-6705
-6777
-6694
-6661
-6599
-6481
-6379
-6212
-6003
-5846
-5725
-5631
-5525
-5401
-5339
-5280
-5094
-4932
-4820
-4589
-4421
-4282
-3944
-3632
-3444
-3259
-3188
-3134
-3067
-3135
-3071
-2929
-2789
-2419
-2209
-2175
-1954
-1809
-1636
-1195
-816
-500
-140
144
443
736
994
1252
1471
1733
1944
2091
2297
2471
2641
2817
2996
3245
3436
3662
3921
4057
4261
4425
4512
4697
4790
4799
4894
4942
4872
4903
4983
4993
5113
5229
5311
5514
5686
5830
6066
6274
6516
6839
7053
7308
7603
7750
7954
8124
8123
8104
8005
7812
7607
7387
7246
7329
7494
7603
7745
7813
7858
8013
8047
7972
7973
7862
7634
7540
7349
7027
6882
6641
6285
6121
5809
5362
5027
4568
4094
3643
3099
2619
2057
1444
1034
629
220
-88
-477
-838
-1154
-1534
-1816
-2074
-2359
-2547
-2748
-2922
-3014
-3225
-3424
-3567
-3860
-4158
-4462
-4858
-5153
-5409
-5691
-5846
-5942
-5981
-5921
-5845
-5677
-5486
-5333
-5139
-5070
-5055
-4959
-5015
-5126
-5095
-5132
-5192
-5138
-5208
-5212
-4984
-4793
-4489
-4143
-3953
-3778
-3722
-3692
-3596
-3637
-3671
-3562
-3533
-3487
-3215
-2956
-2648
-2126
-1697
-1293
-769
-316
140
600
967
1309
1545
1734
1961
2096
2274
2502
2615
2787
3057
3368
3715
4062
4461
4769
5050
5410
5581
5705
5938
6055
6136
6212
6285
6497
6653
6890
7258
7508
7898
8301
8586
8925
9191
9425
9573
9597
9607
9510
9417
9322
9116
9025
8974
8849
8895
8880
8730
8674
8464
8171
7904
7531
7120
6747
6408
6019
5708
5384
5018
4814
4457
4084
3834
3403
3041
2705
2293
2020
1734
1448
1173
710
244
-124
-591
-998
-1322
-1797
-2151
-2397
-2646
-2683
-2742
-2777
-2768
-2926
-2937
-2984
-3210
-3263
-3412
-3676
-3746
-3853
-4058
-4171
-4272
-4470
-4655
-4789
-4960
-5106
-5204
-5281
-5328
-5317
-5190
-5009
-4812
-4611
-4437
-4267
-4156
-4095
-4141
-4267
-4310
-4462
-4652
-4676
-4775
-4864
-4792
-4712
-4572
-4402
-4329
-4258
-4195
-4223
-4256
-4300
-4377
-4431
-4514
-4533
-4496
-4492
-4341
-4127
-3901
-3569
-3286
-2957
-2611
-2377
-2078
-1809
-1593
-1300
-1072
-841
-522
-241
137
579
929
1315
1669
1917
2218
2495
2680
2869
2986
3064
3217
3353
3436
3574
3767
3935
4029
4064
4029
3926
3836
3603
3309
3160
2894
2672
2661
2579
2641
2927
3098
3358
3719
3877
4087
4281
4229
4197
4172
4016
3876
3756
3559
3454
3439
3364
3379
3485
3568
3681
3804
3887
3953
4068
4200
4258
4321
4424
4501
4649
4832
4971
5204
5424
5607
5830
5925
5975
6029
5916
5838
5847
5742
5710
5736
5687
5695
5689
5659
5652
5578
5482
5445
5356
5234
5170
5016
4948
4981
4841
4773
4733
4557
4461
4365
4217
4082
3898
3721
3664
3625
3528
3518
3518
3511
3594
3654
3794
3972
4081
4210
4278
4358
4471
4494
4553
4609
4557
4506
4451
4294
4138
4037
3866
3747
3637
3384
3246
3087
2790
2598
2379
2149
2059
1913
1734
1665
1554
1436
1353
1142
885
700
525
308
175
84
-124
-299
-487
-762
-950
-1145
-1375
-1544
-1722
-1892
-2070
-2216
-2257
-2346
-2431
-2495
-2677
-2783
-2827
-2983
-3144
-3300
-3429
-3518
-3607
-3643
-3710
-3764
-3729
-3773
-3853
-3900
-4036
-4140
-4159
-4289
-4431
-4493
-4578
-4601
-4581
-4621
-4597
-4553
-4565
-4480
-4453
-4489
-4329
-4245
-4212
-3987
-3841
-3712
-3448
-3203
-2916
-2614
-2376
-2149
-1987
-1828
-1672
-1522
-1301
-1128
-940
-680
-455
-173
169
489
839
1220
1548
1870
2115
2217
2384
2536
2599
2734
2828
2918
3113
3234
3306
3467
3620
3728
3859
3889
3879
3939
3953
4023
4130
4180
4289
4466
4634
4770
4929
5062
5130
5175
5139
5082
5005
4866
4792
4713
4646
4674
4684
4729
4827
4960
5024
4992
5059
5096
5068
4978
4817
4746
4635
4605
4661
4569
4561
4625
4643
4725
4731
4603
4540
4401
4120
3973
3767
3477
3318
3072
2885
2801
2554
2416
2315
2074
1953
1821
1642
1552
1348
1137
987
726
512
382
211
70
-3
-128
-277
-412
-645
-754
-822
-1117
-1258
-1350
-1624
-1753
-1911
-2147
-2209
-2378
-2576
-2608
-2797
-2948
-3000
-3175
-3144
-3085
-3144
-3040
-3053
-3178
-3182
-3239
-3352
-3357
-3398
-3575
-3685
-3812
-3987
-4077
-4255
-4480
-4597
-4737
-4902
-4989
-5098
-5211
-5249
-5347
-5420
-5426
-5489
-5477
-5385
-5362
-5288
-5130
-5022
-4864
-4671
-4501
-4268
-4081
-3861
-3567
-3339
-3050
-2792
-2649
-2430
-2209
-2082
-1896
-1705
-1660
-1558
-1400
-1325
-1171
-968
-733
-403
-72
280
632
966
1331
1681
1933
2136
2382
2507
2567
2701
2759
2797
2897
3004
3080
3138
3252
3300
3322
3409
3400
3395
3438
3419
3393
3416
3462
3494
3591
3716
3779
3843
3933
4026
4147
4249
4304
4395
4432
4492
4615
4599
4643
4772
4810
4935
5048
5077
5212
5237
5184
5286
5300
5314
5369
5276
5233
5178
5061
5042
5004
4988
4990
4842
4776
4795
4651
4598
4626
4494
4492
4556
4473
4451
4471
4472
4465
4422
4440
4424
4319
4309
4269
4104
4047
3940
3668
3504
3321
3041
2844
2584
2246
1983
1706
1387
1141
947
778
625
458
398
372
305
410
448
352
426
382
257
278
180
96
126
84
70
77
22
10
-78
-272
-369
-530
-763
-918
-1153
-1404
-1591
-1845
-2076
-2194
-2299
-2363
-2414
-2510
-2524
-2591
-2751
-2819
-2967
-3167
-3236
-3331
-3476
-3537
-3538
-3531
-3453
-3339
-3231
-3069
-2965
-2859
-2721
-2656
-2501
-2361
-2266
-2059
-1893
-1698
-1424
-1241
-1039
-783
-605
-396
-179
-3
240
429
624
892
1052
1196
1343
1472
1653
1801
1984
2170
2326
2528
2651
2819
3012
3146
3381
3498
3572
3740
3845
3957
3995
4002
4023
3967
3903
3817
3761
3653
3511
3460
3306
3270
3356
3248
3197
3140
3035
2971
2895
2924
2655
2400
2502
2316
2291
2425
2138
2071
2082
1923
2148
2313
2349
2645
2799
2989
3331
3444
3614
3839
3867
3998
4069
3925
3964
4002
3937
3967
3949
3936
3930
3808
3713
3587
3295
3045
2730
2223
1830
1489
1047
674
392
77
-208
-410
-631
-806
-905
-1030
-1144
-1231
-1293
-1378
-1479
-1469
-1446
-1451
-1365
-1262
-1214
-1116
-951
-844
-719
-556
-489
-418
-348
-371
-395
-410
-468
-558
-598
-616
-681
-675
-634
-638
-597
-517
-463
-382
-294
-256
-115
71
233
477
696
934
1230
1455
1661
1888
2058
2214
2406
2526
2648
2859
3040
3209
3432
3646
3842
4069
4285
4466
4632
4768
4865
4878
4836
4768
4671
4616
4569
4469
4386
4331
4274
4220
4186
4188
4152
4104
4066
3951
3825
3728
3613
3456
3321
3232
3069
2932
2834
2648
2501
2376
2197
2089
1943
1708
1534
1303
1048
804
492
276
90
-137
-276
-400
-597
-770
-882
-1008
-1139
-1293
-1436
-1560
-1686
-1747
-1780
-1788
-1773
-1763
-1662
-1560
-1571
-1601
-1614
-1661
-1793
-1935
-2075
-2355
-2590
-2713
-2931
-3038
-3040
-3153
-3190
-3200
-3256
-3192
-3090
-3109
-3157
-3023
-2905
-2870
-2685
-2650
-2643
-2332
-2220
-2182
-1943
-1965
-1907
-1586
-1483
-1321
-1051
-1013
-886
-643
-547
-319
-29
123
397
686
853
1089
1271
1328
1451
1553
1628
1847
2042
2208
2493
2714
2907
3148
3305
3435
3561
3646
3646
3607
3577
3472
3455
3480
3406
3403
3389
3352
3352
3251
3140
3047
2883
2744
2566
2254
1973
1718
1369
1120
957
766
695
593
459
431
328
242
256
237
242
305
371
474
583
685
875
1033
1186
1449
1614
1761
2028
2236
2393
2562
2703
2817
2882
2971
3133
3243
3406
3635
3731
3829
3959
3957
3963
4004
3955
3931
3954
3945
3918
3902
3885
3835
3795
3727
3627
3493
3306
3167
3031
2889
2795
2714
2657
2664
2737
2749
2787
2910
2908
2950
3053
2958
2928
2955
2838
2851
2931
2897
2949
3046
3056
3105
3128
3069
3078
3047
2953
2923
2828
2686
2666
2590
2389
2340
2291
2140
2079
1910
1757
1645
1286
1071
971
694
545
420
133
18
4
-233
-447
-560
-759
-874
-950
-1185
-1388
-1553
-1802
-1938
-2008
-2061
-1961
-1905
-1780
-1536
-1467
-1304
-1132
-1232
-1180
-994
-971
-935
-850
-820
-709
-534
-388
-236
-115
20
140
156
143
101
-14
-141
-265
-415
-527
-639
-793
-916
-1052
-1174
-1278
-1478
-1644
-1800
-2048
-2216
-2374
-2638
-2848
-2953
-3053
-3075
-3004
-2937
-2776
-2632
-2547
-2321
-2158
-2035
-1774
-1601
-1367
-1003
-715
-354
75
448
796
1125
1400
1661
1972
2346
2787
3159
3532
4041
4489
4841
5198
5511
5780
6070
6359
6530
6661
6825
6881
6921
6976
6957
7065
7165
7084
7072
7007
6871
6841
6628
6377
6240
5893
5627
5451
5014
4716
4509
4129
3945
3775
3477
3292
3083
2922
2763
2509
2401
2276
2148
2191
2145
2104
2195
2252
2243
2295
2415
2332
2258
2277
2104
1997
1927
1768
1604
1413
1367
1247
1046
1021
811
618
559
247
11
-201
-536
-718
-1004
-1322
-1453
-1672
-1887
-1993
-2147
-2242
-2256
-2325
-2412
-2414
-2418
-2474
-2464
-2503
-2637
-2668
-2735
-2912
-2971
-3046
-3130
-3054
-3052
-3077
-3027
-3025
-3013
-3009
-3010
-3005
-3023
-2932
-2764
-2598
-2378
-2142
-1941
-1727
-1464
-1221
-991
-716
-472
-225
14
216
515
780
1025
1395
1668
1914
2242
2507
2760
2989
3135
3230
3314
3332
3337
3407
3391
3397
3428
3407
3442
3406
3374
3399
3357
3362
3366
3356
3394
3360
3349
3339
3279
3347
3330
3226
3257
3234
3226
3253
3249
3330
3306
3220
3242
3163
3015
2966
2833
2695
2750
2681
2550
2524
2417
2414
2469
2480
2569
2570
2578
2661
2672
2735
2827
2870
2953
3062
3135
3156
3222
3280
3274
3349
3396
3389
3459
3522
3535
3500
3487
3486
3437
3447
3439
3329
3280
3271
3149
3094
3081
2912
2890
2902
2715
2714
2678
2447
2384
2271
2129
2065
1866
1744
1681
1497
1433
1529
1511
1485
1548
1450
1344
1213
1010
920
651
374
247
-42
-234
-360
-636
-775
-880
-1095
-1213
-1385
-1684
-1885
-2145
-2534
-2828
-3133
-3487
-3804
-4172
-4473
-4682
-4951
-5121
-5180
-5304
-5381
-5428
-5504
-5480
-5464
-5487
-5398
-5319
-5294
-5175
-4996
-4805
-4612
-4374
-4088
-3867
-3651
-3389
-3198
-3103
-2949
-2775
-2686
-2513
-2349
-2184
-1842
-1544
-1239
-847
-511
-107
268
503
734
937
1095
1213
1294
1354
1387
1439
1485
1527
1574
1612
1681
1731
1798
1917
1978
2016
2060
2079
2139
2196
2198
2190
2158
2181
2265
2261
2279
2408
2518
2627
2749
2822
2923
3050
3145
3259
3387
3499
3642
3814
3951
4061
4225
4457
4636
4782
4958
5086
5216
5338
5447
5572
5654
5779
5917
6027
6147
6260
6407
6510
6594
6689
6699
6696
6640
6560
6487
6332
6185
5950
5708
5536
5282
5162
5027
4772
4644
4456
4232
4062
3809
3538
3251
2894
2609
2391
2082
1791
1577
1349
1144
996
810
604
446
236
-2
-275
-566
-842
-1156
-1411
-1715
-2010
-2162
-2405
-2597
-2691
-2877
-2960
-3023
-3176
-3259
-3366
-3485
-3541
-3605
-3678
-3674
-3630
-3698
-3767
-3799
-3853
-3820
-3797
-3845
-3839
-3779
-3753
-3772
-3743
-3707
-3743
-3763
-3748
-3760
-3736
-3661
-3609
-3476
-3317
-3303
-3174
-2946
-2858
-2641
-2399
-2274
-1970
-1668
-1337
-865
-472
-4
510
930
1378
1805
2158
2472
2716
2919
3109
3274
3450
3577
3741
3989
4156
4359
4600
4824
5080
5306
5590
5860
6019
6132
6240
6352
6433
6471
6504
6608
6560
6532
6712
6634
6729
7011
6926
6943
7029
7157
7327
7153
7148
7224
7023
7070
7088
6859
6851
6814
6519
6278
6120
5743
5339
5160
4814
4454
4322
4111
3946
3835
3696
3626
3464
3359
3308
3061
2862
2659
2257
1944
1673
1284
1001
771
510
376
308
189
84
66
3
-185
-412
-666
-927
-1218
-1523
-1778
-2031
-2281
-2465
-2609
-2737
-2768
-2818
-2969
-3024
-3209
-3537
-3575
-3634
-3749
-3648
-3717
-3855
-3833
-3809
-3777
-3737
-3670
-3661
-3570
-3280
-3111
-2931
-2686
-2558
-2340
-2093
-1911
-1698
-1537
-1426
-1256
-1114
-1026
-847
-611
-350
-33
290
548
763
968
1113
1240
1289
1272
1241
1118
1025
928
798
751
697
643
625
587
464
305
204
98
-20
-200
-367
-384
-381
-396
-387
-345
-268
-281
-455
-609
-597
-537
-441
-273
-140
22
261
518
755
884
1071
1293
1401
1660
1918
1959
2091
2260
2331
2497
2644
2680
2773
2819
2794
2800
2738
2669
2692
2678
2653
2659
2578
2554
2622
2589
2588
2643
2586
2573
2596
2531
2524
2498
2425
2485
2593
2649
2659
2696
2785
2860
3018
3166
3274
3509
3620
3548
3514
3442
3397
3480
3527
3524
3505
3375
3274
3184
2939
2769
2581
2289
2158
1984
1667
1429
1252
1015
814
639
314
39
-171
-429
-577
-713
-816
-840
-976
-1118
-1247
-1384
-1446
-1546
-1630
-1762
-1904
-1942
-2119
-2266
-2288
-2404
-2490
-2514
-2542
-2539
-2554
-2583
-2567
-2539
-2476
-2341
-2162
-1923
-1709
-1537
-1286
-969
-647
-307
77
439
726
930
977
973
983
970
1151
1400
1572
1922
2206
2338
2532
2680
2868
3069
3234
3386
3438
3536
3614
3625
3706
3779
3819
3884
4038
4239
4332
4341
4291
4150
4049
4028
3986
3950
3973
3924
3793
3766
3697
3574
3636
3679
3639
3711
3712
3660
3723
3705
3615
3533
3386
3209
3003
2806
2662
2551
2448
2391
2353
2199
2061
1923
1630
1426
1308
1084
947
862
659
498
302
18
-120
-207
-357
-415
-482
-639
-742
-911
-1176
-1351
-1507
-1703
-1853
-2001
-2094
-2052
-2021
-2003
-1935
-1920
-1925
-1929
-2016
-2081
-2087
-2149
-2151
-2059
-1999
-1897
-1777
-1727
-1608
-1427
-1323
-1251
-1149
-1090
-1034
-940
-858
-722
-550
-372
-144
34
177
393
624
898
1177
1321
1424
1472
1428
1519
1728
1901
2104
2226
2277
2467
2649
2857
3110
3149
3100
3007
2801
2697
2725
2773
2924
3087
3121
3226
3312
3275
3375
3435
3368
3342
3222
3107
3083
3065
3122
3198
3287
3393
3400
3398
3497
3564
3568
3548
3465
3401
3340
3256
3169
3014
2900
2789
2569
2461
2417
2247
2100
1944
1697
1490
1327
1185
1044
856
658
474
261
32
-192
-493
-842
-1103
-1302
-1414
-1429
-1501
-1605
-1739
-1975
-2211
-2406
-2567
-2659
-2789
-3014
-3247
-3516
-3784
-3978
-4182
-4325
-4337
-4270
-4135
-4028
-3965
-3858
-3745
-3657
-3530
-3469
-3537
-3583
-3637
-3614
-3463
-3364
-3195
-3029
-2950
-2686
-2390
-2209
-1928
-1683
-1623
-1476
-1318
-1353
-1286
-1098
-979
-817
-558
-282
1
334
618
817
1012
1267
1526
1692
1939
2178
2271
2431
2529
2553
2759
3102
3486
3871
4246
4476
4586
4752
4911
5135
5361
5387
5351
5367
5308
5218
5250
5192
5106
5134
5088
5083
5054
4946
4967
4956
4886
4881
4772
4616
4598
4517
4388
4419
4387
4288
4328
4334
4263
4289
4278
4179
4177
4057
3881
3792
3589
3415
3108
2870
2833
2484
2247
2125
1802
1669
1499
1148
904
599
338
308
193
77
-2
-291
-499
-557
-699
-746
-697
-770
-773
-712
-784
-788
-771
-787
-663
-473
-275
-58
132
213
263
347
412
577
751
759
781
862
855
889
985
1051
1241
1469
1587
1709
1787
1786
1886
2004
2055
2187
2254
2278
2461
2651
2883
3189
3382
3598
3874
4039
4222
4381
4359
4315
4242
4127
4044
3954
4004
4112
4052
3911
3713
3473
3345
3284
3139
2996
2856
2628
2447
2301
2124
2017
1984
1919
1831
1809
1743
1668
1671
1627
1610
1617
1577
1582
1511
1353
1349
1376
1313
1338
1360
1319
1346
1297
1114
954
756
458
182
-122
-495
-831
-1170
-1383
-1508
-1687
-1678
-1684
-1739
-1574
-1578
-1745
-1788
-1962
-2239
-2387
-2645
-2925
-2975
-3066
-3088
-3069
-3182
-3160
-3182
-3165
-2938
-2870
-2830
-2747
-2825
-2810
-2686
-2674
-2611
-2534
-2533
-2466
-2432
-2392
-2350
-2398
-2336
-2229
-2144
-1988
-1856
-1723
-1480
-1229
-980
-675
-390
-87
161
325
563
704
799
998
1097
1193
1405
1577
1732
1933
2155
2375
2623
2905
3147
3358
3565
3743
3922
4096
4199
4273
4383
4459
4497
4585
4699
4810
4951
5114
5199
5233
5354
5402
5352
5432
5514
5570
5726
5838
5927
6052
6138
6266
6399
6440
6500
6531
6449
6431
6380
6208
6158
6130
6054
6098
6116
6084
6170
6214
6234
6378
6376
6278
6277
6189
6086
5967
5799
5797
5766
5674
5624
5392
5139
4916
4609
4388
4146
3856
3641
3357
3047
2737
2349
2041
1752
1428
1161
809
415
36
-420
-898
-1390
-1909
-2412
-2868
-3279
-3670
-4065
-4377
-4536
-4683
-4810
-4841
-4920
-5016
-5096
-5197
-5231
-5323
-5438
-5490
-5671
-5822
-5884
-6024
-6097
-6168
-6314
-6370
-6470
-6616
-6676
-6775
-6895
-6957
-7027
-7062
-7044
-7074
-7037
-6938
-6856
-6657
-6474
-6349
-6160
-5989
-5805
-5563
-5382
-5189
-4935
-4769
-4544
-4234
-4020
-3765
-3511
-3315
-3028
-2743
-2508
-2255
-2015
-1816
-1642
-1438
-1244
-1088
-863
-663
-490
-169
112
381
737
973
1257
1605
1873
2196
2527
2840
3202
3568
3879
4218
4530
4720
5042
5332
5444
5652
5807
5934
6133
6286
6480
6672
6935
7229
7397
7621
7793
7844
7893
7886
7902
7881
7792
7744
7618
7405
7292
7154
6880
6800
6782
6643
6653
6618
6508
6491
6420
6354
6300
6191
6102
6029
5909
5782
5668
5539
5484
5419
5265
5159
5019
4798
4643
4493
4276
4102
3976
3799
3672
3658
3526
3338
3210
2938
2701
2576
2340
2132
1913
1620
1432
1198
933
819
654
409
301
216
58
10
-83
-290
-335
-417
-603
-680
-836
-1059
-1141
-1256
-1479
-1635
-1743
-1877
-2052
-2186
-2292
-2474
-2542
-2524
-2593
-2600
-2580
-2599
-2586
-2512
-2427
-2424
-2343
-2246
-2293
-2277
-2273
-2382
-2389
-2369
-2442
-2457
-2493
-2602
-2635
-2662
-2691
-2699
-2740
-2727
-2694
-2692
-2641
-2535
-2442
-2329
-2246
-2297
-2306
-2258
-2266
-2245
-2209
-2161
-2077
-2017
-1980
-1920
-1769
-1575
-1483
-1388
-1255
-1182
-1013
-853
-750
-497
-300
-185
71
265
378
637
764
796
1024
1145
1248
1491
1607
1787
2065
2187
2348
2566
2644
2777
2964
3025
3162
3334
3418
3563
3642
3685
3785
3814
3933
4122
4163
4239
4405
4482
4624
4832
4949
5140
5335
5416
5587
5788
5887
6048
6236
6304
6386
6462
6421
6418
6446
6427
6420
6460
6496
6449
6419
6362
6210
6135
6046
5904
5834
5697
5519
5348
5110
4947
4812
4613
4525
4409
4153
3963
3744
3460
3297
3149
2980
2867
2716
2490
2278
2093
1836
1569
1320
1032
809
626
419
265
143
-7
-108
-197
-435
-616
-711
-1038
-1315
-1469
-1769
-1905
-2002
-2232
-2253
-2280
-2348
-2270
-2365
-2513
-2535
-2723
-2911
-2961
-3108
-3243
-3299
-3397
-3420
-3398
-3503
-3574
-3613
-3700
-3718
-3785
-3847
-3780
-3728
-3616
-3394
-3213
-2994
-2720
-2497
-2287
-2093
-1862
-1648
-1510
-1323
-1153
-987
-738
-503
-273
-9
193
376
618
772
914
1098
1144
1246
1398
1420
1546
1659
1655
1776
1848
1797
1818
1846
1786
1724
1696
1627
1560
1502
1423
1359
1251
1139
1031
887
786
684
563
432
324
260
213
262
279
243
280
261
236
274
271
270
330
369
382
466
556
668
877
1067
1222
1386
1520
1648
1807
1901
1951
2060
2122
2186
2256
2258
2338
2493
2631
2713
2882
3081
3092
3195
3276
3164
3224
3235
3116
3167
3187
3146
3206
3244
3262
3365
3463
3537
3624
3686
3761
3828
3927
4088
4193
4316
4458
4563
4723
4876
5014
5173
5332
5509
5646
5798
5963
6091
6267
6393
6480
6592
6652
6703
6751
6811
6842
6782
6701
6528
6318
6133
5847
5607
5417
5130
4870
4629
4342
4047
3755
3430
3073
2728
2293
1869
1562
1189
828
538
218
-96
-472
-849
-1133
-1432
-1727
-1970
-2227
-2473
-2648
-2812
-2973
-3081
-3173
-3283
-3354
-3402
-3519
-3620
-3676
-3814
-3931
-3958
-4086
-4214
-4273
-4405
-4472
-4524
-4646
-4661
-4649
-4663
-4669
-4760
-4844
-4903
-4965
-4968
-5030
-5116
-5120
-5149
-5136
-5014
-4926
-4796
-4638
-4541
-4342
-4213
-4172
-4006
-3965
-3966
-3819
-3752
-3636
-3394
-3255
-3112
-2897
-2714
-2540
-2375
-2216
-2096
-2042
-1960
-1855
-1787
-1655
-1482
-1323
-1029
-702
-478
-163
160
375
658
914
1127
1375
1552
1815
2141
2380
2757
3171
3487
3912
4292
4553
4931
5321
5499
5715
6069
6274
6523
6864
7088
7375
7662
7903
8180
8390
8606
8833
9027
9208
9315
9434
9540
9578
9647
9671
9710
9769
9713
9700
9684
9545
9447
9361
9208
9037
8895
8754
8539
8318
8067
7734
7426
7147
6854
6587
6385
6139
5901
5749
5481
5249
5106
4837
4586
4272
3925
3662
3215
2789
2478
2081
1786
1551
1286
1112
937
785
679
510
369
231
32
-117
-284
-499
-624
-802
-1056
-1149
-1314
-1563
-1635
-1795
-2054
-2255
-2463
-2683
-2871
-2959
-3056
-3115
-3064
-3119
-3206
-3209
-3227
-3230
-3155
-3065
-2973
-2811
-2647
-2460
-2234
-2017
-1732
-1514
-1352
-1078
-880
-768
-560
-396
-273
-79
82
224
401
580
764
920
1068
1267
1445
1561
1719
1858
1939
2039
2086
2166
2311
2342
2346
2381
2382
2414
2420
2391
2367
2241
2145
2120
1960
1809
1670
1436
1307
1139
926
866
796
758
687
558
559
478
333
281
195
93
2
-106
-211
-322
-445
-488
-489
-524
-447
-376
-371
-284
-289
-348
-306
-271
-297
-323
-319
-373
-363
-266
-223
-70
102
239
453
591
748
891
865
894
911
781
708
678
600
591
676
738
844
1064
1250
1422
1673
1891
2018
2150
2221
2177
2224
2343
2408
2558
2774
2971
3265
3584
3775
3930
4046
4056
4041
3926
3753
3639
3436
3277
3247
3136
3111
3224
3203
3130
3157
3091
2957
2911
2776
2570
2411
2207
1938
1674
1375
1044
731
380
86
-253
-674
-981
-1375
-1771
-2035
-2384
-2723
-2980
-3276
-3618
-3890
-4149
-4441
-4639
-4921
-5277
-5487
-5717
-5998
-6180
-6391
-6644
-6709
-6731
-6809
-6797
-6782
-6710
-6592
-6558
-6443
-6322
-6321
-6165
-5986
-5930
-5646
-5382
-5236
-4795
-4371
-4113
-3767
-3522
-3331
-3033
-2732
-2356
-2039
-1826
-1455
-1081
-811
-486
-177
11
174
462
738
941
1258
1533
1716
2059
2403
2627
2969
3327
3566
3876
4178
4431
4772
5033
5229
5522
5732
5910
6169
6295
6399
6586
6711
6828
7007
7205
7329
7444
7669
7796
7808
7937
7977
7963
8090
8029
7940
7990
7849
7722
7641
7460
7394
7286
7130
7023
6714
6435
6338
6082
5787
5595
5274
4940
4682
4397
4107
3764
3484
3268
2990
2788
2609
2352
2104
1852
1541
1239
945
579
221
-104
-437
-728
-1026
-1282
-1454
-1636
-1726
-1825
-2002
-2013
-2004
-2012
-1892
-1819
-1783
-1739
-1763
-1729
-1649
-1613
-1549
-1519
-1490
-1392
-1359
-1292
-1160
-1092
-1009
-916
-868
-824
-762
-716
-640
-561
-528
-386
-262
-171
59
178
261
506
684
814
1036
1220
1332
1449
1605
1792
1920
2053
2223
2294
2366
2503
2606
2660
2639
2614
2624
2568
2557
2549
2459
2546
2657
2657
2774
2841
2859
2971
2985
2928
2878
2795
2729
2609
2455
2321
2168
1993
1793
1631
1459
1240
1198
1166
914
851
858
664
640
560
310
273
158
-104
-205
-345
-531
-578
-666
-724
-682
-774
-772
-654
-749
-730
-618
-734
-732
-697
-863
-861
-781
-818
-749
-692
-664
-518
-440
-357
-230
-221
-196
-247
-400
-439
-462
-535
-608
-603
-574
-582
-489
-446
-455
-353
-291
-224
-128
-63
91
168
188
415
606
683
856
1072
1241
1363
1545
1733
1815
1968
2205
2282
2328
2500
2532
2579
2778
2795
2853
3039
3059
3167
3383
3473
3638
3805
3813
3850
3884
3816
3771
3717
3607
3573
3510
3394
3390
3288
3168
3261
3208
3118
3156
3000
2911
2866
2615
2502
2349
2008
1904
1793
1501
1439
1307
1034
990
774
465
390
209
-20
-213
-563
-904
-1113
-1327
-1507
-1655
-1827
-1901
-1983
-2027
-1915
-1971
-2067
-1994
-2006
-2010
-1932
-1974
-1996
-1875
-1811
-1790
-1725
-1752
-1819
-1818
-1849
-1902
-1890
-1854
-1778
-1726
-1708
-1593
-1513
-1455
-1275
-1115
-1047
-936
-807
-768
-631
-426
-339
-172
63
179
335
574
765
962
1132
1206
1316
1450
1536
1685
1790
1826
1982
2137
2230
2342
2460
2585
2694
2786
2809
2825
2926
2931
2876
2882
2839
2794
2768
2683
2690
2786
2797
2801
2898
3003
3066
3184
3258
3268
3374
3390
3314
3324
3285
3254
3290
3194
3039
3015
3003
2909
2862
2819
2751
2717
2660
2576
2408
2232
2169
2031
1908
1926
1848
1725
1690
1603
1470
1458
1487
1388
1302
1266
1135
1013
925
797
702
662
678
688
677
709
742
697
663
649
542
528
522
360
337
360
270
286
349
350
411
476
427
377
348
258
192
118
37
50
22
13
69
88
180
206
155
225
212
133
130
53
-100
-202
-261
-389
-536
-593
-665
-714
-648
-633
-704
-718
-731
-800
-850
-920
-987
-1019
-1086
-1099
-1080
-1084
-969
-872
-905
-839
-737
-755
-699
-566
-458
-273
-62
113
316
539
807
1078
1231
1346
1508
1574
1600
1705
1697
1690
1782
1775
1853
2011
2037
2074
2181
2191
2093
2060
1994
1834
1804
1802
1710
1697
1821
1912
1930
2067
2084
2029
2147
2048
2094
2196
1988
2200
2242
2068
2412
2338
2198
2588
2583
2571
2880
2836
2868
3132
3140
3195
3275
3191
3249
3256
3159
3203
3143
3046
3094
2986
2835
2901
2877
2795
2877
2868
2847
2983
3033
3016
3018
2990
2998
2951
2830
2731
2625
2566
2507
2385
2346
2302
2182
2141
2059
1907
1796
1625
1434
1262
1012
762
600
426
309
300
227
175
227
237
248
293
245
179
103
-65
-144
-188
-286
-280
-266
-287
-253
-162
-38
25
61
108
115
87
47
-2
-105
-180
-166
-162
-140
-101
-102
-54
-32
-108
-147
-166
-248
-298
-294
-402
-451
-361
-408
-381
-259
-246
-195
-225
-292
-276
-394
-510
-505
-537
-509
-399
-357
-292
-214
-248
-229
-167
-178
-165
-197
-275
-290
-322
-347
-300
-215
-69
139
319
462
597
681
723
715
685
706
714
724
788
874
996
1196
1444
1614
1794
2053
2180
2289
2481
2522
2580
2731
2722
2718
2827
2922
2998
3089
3240
3360
3418
3533
3591
3554
3570
3501
3401
3461
3496
3507
3644
3844
4032
4235
4485
4689
4838
4934
4985
5047
5045
5054
5096
5050
5095
5224
5243
5310
5453
5487
5556
5642
5620
5660
5616
5481
5447
5341
5252
5152
4937
4819
4673
4463
4307
4156
4049
3933
3847
3721
3503
3382
3141
2812
2605
2276
1967
1784
1540
1371
1283
1177
1101
1032
988
917
763
624
444
196
4
-202
-414
-583
-736
-869
-1166
-1536
-1828
-2220
-2593
-2859
-3184
-3474
-3723
-4039
-4244
-4378
-4620
-4939
-5269
-5558
-5853
-6053
-6160
-6354
-6488
-6495
-6519
-6503
-6417
-6378
-6389
-6370
-6343
-6319
-6262
-6240
-6211
-6132
-6003
-5807
-5652
-5435
-5187
-5018
-4738
-4502
-4310
-4039
-3902
-3741
-3600
-3554
-3315
-3113
-2930
-2577
-2308
-2029
-1651
-1354
-1048
-654
-329
-28
323
623
909
1226
1569
1983
2385
2751
3201
3588
3947
4431
4776
5057
5478
5774
6009
6318
6498
6675
6927
7147
7391
7607
7806
8067
8333
8578
8833
9077
9257
9453
9656
9787
9971
10168
10327
10497
10567
10609
10680
10656
10589
10545
10458
10328
10251
10192
10051
9916
9766
9555
9441
9260
8967
8760
8443
8087
7872
7515
7116
6885
6545
6201
5997
5627
5265
5043
4674
4336
4087
3712
3383
3070
2652
2279
1883
1442
1036
587
142
-248
-666
-1085
-1452
-1818
-2212
-2560
-2839
-3099
-3350
-3617
-3834
-4092
-4485
-4817
-5178
-5587
-5824
-6139
-6517
-6712
-6985
-7280
-7430
-7629
-7835
-7956
-8049
-8188
-8289
-8298
-8331
-8307
-8296
-8236
-8013
-7918
-7734
-7416
-7208
-6815
-6395
-6087
-5653
-5233
-4890
-4551
-4246
-4002
-3788
-3572
-3403
-3242
-3057
-2855
-2637
-2414
-2105
-1739
-1463
-1191
-902
-770
-617
-391
-270
-43
220
349
582
834
1004
1246
1441
1597
1878
2115
2348
2606
2673
2794
2924
2888
3023
3206
3253
3415
3588
3654
3848
4054
4191
4418
4544
4685
4942
5029
5144
5364
5445
5587
5779
5797
5897
6015
5949
6011
6049
5934
5973
5985
5956
6011
5992
6011
6042
6032
6109
6150
6125
6170
6169
6076
6123
6113
5997
6049
5968
5790
5827
5836
5771
5760
5684
5595
5607
5575
5568
5621
5536
5460
5395
5202
5081
4989
4784
4626
4508
4347
4288
4234
4043
3864
3617
3287
3054
2885
2694
2336
2124
2147
1821
1662
1561
841
545
545
225
160
-99
-503
-472
-525
-660
-747
-1033
-1256
-1432
-1644
-1662
-1808
-2145
-2252
-2364
-2517
-2471
-2565
-2747
-2752
-2793
-2842
-2824
-2944
-3082
-3188
-3352
-3405
-3377
-3326
-3179
-3080
-3025
-2811
-2581
-2452
-2311
-2175
-2095
-2009
-1816
-1721
-1693
-1532
-1461
-1385
-1166
-908
-665
-504
-369
-287
-211
-110
-44
3
9
144
299
456
790
967
1249
1577
1708
2144
2264
2170
2436
2350
2341
2588
2585
2731
2846
2790
2920
3170
3398
3561
3713
3852
3954
4055
4157
4143
4021
4062
4080
3979
4016
3949
3850
3906
3898
3872
3765
3612
3490
3249
3069
2879
2594
2404
2183
1966
1836
1644
1515
1453
1258
1071
909
633
459
328
93
28
-17
-174
-206
-362
-524
-488
-654
-828
-1007
-1259
-1134
-1075
-1216
-1303
-1518
-1494
-1393
-1318
-1010
-973
-858
-635
-899
-975
-965
-1103
-912
-962
-1069
-832
-802
-697
-568
-798
-872
-780
-733
-566
-570
-684
-562
-510
-458
-205
-215
-426
-279
-75
-58
170
219
12
147
139
21
245
138
-52
88
81
240
424
358
492
489
444
607
474
471
665
553
659
909
958
1194
1393
1489
1716
1815
2039
2275
2231
2418
2461
2256
2372
2364
2418
2835
3057
3225
3419
3433
3500
3560
3623
3749
3695
3711
3798
3728
3763
3749
3771
3933
3986
4209
4320
4443
4913
5020
5159
5460
5242
5122
5173
5015
4990
4896
4758
4837
4729
4647
4691
4478
4478
4574
4353
4295
4070
3554
3385
3150
2724
2467
2213
1978
1729
1453
1304
1127
914
702
323
-27
-249
-578
-922
-1203
-1468
-1694
-1984
-2191
-2314
-2603
-2739
-2719
-2931
-3048
-3119
-3428
-3636
-3909
-4214
-4286
-4487
-4633
-4685
-4835
-4812
-4903
-5009
-4865
-4964
-5047
-4980
-5152
-5199
-5126
-5161
-5088
-4966
-4907
-4796
-4474
-4150
-3906
-3599
-3385
-3083
-2757
-2659
-2426
-2233
-2154
-1776
-1500
-1331
-895
-551
-276
211
585
772
1130
1367
1433
1703
1889
2182
2715
2997
3242
3650
4058
4399
4641
4864
5062
5084
5036
5233
5324
5243
5555
5948
6186
6463
6715
6916
6952
6982
7060
7002
6902
6736
6603
6513
6477
6607
6611
6661
6828
6847
6952
6967
6761
6623
6379
5891
5399
4889
4361
3978
3592
3295
3184
3035
2980
2907
2667
2490
2131
1590
1092
403
-217
-637
-1108
-1336
-1312
-1314
-1133
-904
-894
-787
-800
-1073
-1141
-1331
-1807
-2191
-2609
-2971
-3043
-3072
-2998
-2739
-2688
-2641
-2444
-2450
-2417
-2389
-2544
-2508
-2509
-2575
-2464
-2538
-2533
-2344
-2289
-1975
-1598
-1400
-1057
-833
-699
-378
-165
-94
-17
-77
-116
50
259
515
852
1183
1496
1698
1801
1877
1834
1780
1702
1431
1234
1137
928
888
1034
1055
1080
1159
1085
1029
1149
1150
1079
1151
1098
966
931
870
897
914
873
929
814
714
898
1030
1155
1328
1287
1162
1165
1175
1107
1078
1111
1075
954
865
740
599
593
561
531
677
834
937
1070
1205
1259
1241
1251
1167
879
706
611
339
244
320
353
590
859
986
1125
1189
1140
1052
938
781
550
336
375
578
686
992
1391
1609
1974
2175
2026
2020
2116
2119
2019
1923
1947
1877
1754
1786
1835
1910
2151
2329
2334
2489
2704
2746
2789
2802
2738
2662
2554
2461
2331
2147
2004
1854
1738
1720
1709
1722
1807
1921
2056
2202
2347
2446
2406
2347
2259
2035
1935
1896
1781
1899
2105
2249
2577
2858
3036
3320
3475
3563
3676
3620
3534
3404
3160
3045
3025
2974
3026
3135
3217
3408
3536
3560
3641
3559
3396
3277
3023
2768
2550
2256
2036
1941
1887
1927
1930
1871
1955
1914
1801
1766
1447
1166
1023
677
476
320
10
-47
-93
-290
-267
-274
-323
-249
-395
-494
-424
-541
-591
-665
-932
-984
-1041
-1310
-1470
-1662
-1967
-2140
-2356
-2558
-2541
-2584
-2569
-2435
-2377
-2302
-2227
-2209
-2301
-2435
-2624
-2945
-3162
-3259
-3341
-3229
-2978
-2903
-2726
-2392
-2428
-2459
-2306
-2334
-2324
-2384
-2542
-2549
-2528
-2401
-2123
-1798
-1371
-951
-667
-381
-89
60
157
263
343
415
542
793
1107
1453
1883
2308
2632
2952
3142
3234
3457
3524
3528
3639
3635
3765
3961
4088
4392
4565
4619
4843
4845
4763
4834
4650
4499
4507
4321
4297
4390
4336
4438
4549
4560
4644
4575
4428
4334
4101
3871
3668
3357
3122
2950
2677
2466
2316
2054
1810
1633
1411
1135
883
681
459
216
8
-134
-294
-439
-453
-533
-603
-512
-590
-698
-640
-755
-888
-862
-948
-1029
-978
-1022
-1100
-1094
-1095
-1074
-1026
-964
-917
-891
-799
-706
-632
-495
-349
-226
-72
79
190
234
354
535
563
713
921
992
1267
1568
1782
2160
2508
2789
3031
3154
3254
3249
3239
3291
3261
3193
3181
3236
3250
3341
3476
3571
3733
3761
3739
3731
3644
3631
3535
3414
3390
3272
3230
3270
3207
3206
3188
3068
2974
2821
2633
2466
2318
2193
2012
1899
1825
1695
1652
1588
1553
1581
1464
1424
1384
1227
1217
1147
1037
996
796
687
680
576
531
482
493
504
357
371
390
278
283
215
124
99
-8
-74
-133
-132
-8
-25
9
164
101
69
123
-14
-92
-134
-337
-445
-439
-435
-385
-327
-200
-156
-208
-135
-163
-202
-130
-177
-169
-136
-184
-105
-39
47
275
382
530
770
740
767
919
817
874
1013
912
1009
1053
942
1082
1177
1274
1495
1496
1550
1690
1589
1609
1669
1505
1496
1454
1235
1180
1114
1032
1047
967
909
889
816
800
766
681
640
575
477
425
412
425
400
423
463
437
507
554
563
637
691
750
803
881
968
1083
1221
1228
1237
1258
1218
1238
1326
1361
1350
1453
1575
1592
1649
1803
1837
1947
2097
1919
1935
1908
1672
1772
1614
1510
1684
1398
1403
1512
1082
1075
1176
843
875
1013
813
936
1062
903
1086
1090
959
1171
1047
952
1110
908
890
1109
1064
1187
1444
1492
1621
1803
1821
1808
1821
1846
1826
1735
1727
1738
1710
1796
1893
1986
2152
2246
2301
2326
2279
2271
2209
2190
2226
2119
2136
2195
2082
2126
2248
2183
2193
2327
2340
2363
2390
2281
2207
2130
2034
2028
1946
1868
1892
1819
1797
1882
1876
1921
2040
1990
1875
1863
1745
1570
1600
1587
1465
1514
1584
1651
1814
1893
1971
2044
2037
2048
1961
1818
1789
1682
1485
1477
1468
1365
1450
1467
1285
1234
1149
893
731
573
233
-35
-134
-288
-452
-503
-522
-598
-638
-609
-691
-811
-948
-1189
-1427
-1660
-1839
-1994
-2146
-2130
-2087
-2104
-2021
-1933
-1929
-1861
-1779
-1835
-1915
-2047
-2265
-2387
-2428
-2377
-2257
-2132
-1891
-1716
-1626
-1451
-1383
-1335
-1203
-1216
-1292
-1253
-1213
-1247
-1178
-1023
-954
-825
-647
-546
-419
-320
-241
-77
63
217
431
577
765
987
1087
1251
1451
1542
1701
1893
2066
2327
2567
2737
2925
3107
3234
3347
3510
3629
3692
3819
3972
4138
4282
4392
4567
4727
4867
5061
5163
5168
5207
5186
5089
5036
4973
4901
4864
4859
4916
4979
5054
5129
5125
5094
5030
4892
4792
4729
4583
4461
4379
4227
4158
4157
4067
4037
3987
3888
3922
3867
3732
3715
3635
3482
3396
3270
3127
3114
3063
2978
3006
2965
2952
3012
2950
2945
2973
2935
2977
2918
2773
2745
2650
2525
2518
2440
2342
2348
2275
2195
2186
2110
2052
1983
1809
1657
1534
1366
1238
1096
863
711
551
312
175
-4
-230
-369
-518
-666
-739
-784
-903
-971
-939
-1085
-1179
-1085
-1181
-1257
-1300
-1550
-1716
-1865
-2061
-2072
-2094
-2138
-2024
-2032
-2077
-1941
-2012
-2117
-2073
-2296
-2437
-2397
-2555
-2572
-2518
-2578
-2463
-2399
-2341
-2176
-2222
-2204
-2137
-2255
-2194
-2158
-2322
-2222
-2148
-2253
-2118
-2025
-1968
-1720
-1593
-1466
-1279
-1256
-1195
-1105
-1138
-1084
-1028
-1095
-972
-874
-980
-814
-598
-495
-115
222
438
821
1072
1259
1563
1682
1757
1902
1901
1980
2100
2082
2231
2408
2466
2663
2832
2925
3149
3310
3349
3497
3543
3397
3372
3323
3258
3307
3327
3382
3396
3461
3672
3782
3863
3955
3905
3795
3726
3623
3536
3542
3468
3292
3214
3155
3107
3192
3194
3169
3117
2934
2925
2880
2707
2780
2768
2588
2591
2420
2088
2012
1884
1700
1749
1720
1615
1717
1819
1913
2044
2036
2047
2027
1894
1799
1558
1262
1099
865
619
521
445
350
423
528
574
715
760
751
788
704
550
345
43
-278
-583
-905
-1164
-1352
-1554
-1571
-1513
-1591
-1525
-1474
-1578
-1591
-1708
-1898
-2005
-2100
-2186
-2281
-2307
-2386
-2462
-2430
-2523
-2518
-2480
-2571
-2478
-2360
-2267
-2147
-2144
-2143
-2147
-2239
-2353
-2371
-2437
-2588
-2465
-2351
-2404
-2137
-1890
-1807
-1473
-1282
-1266
-1102
-1074
-1048
-933
-985
-902
-587
-431
-228
71
104
337
678
618
657
816
830
945
1101
1193
1368
1622
1869
2107
2282
2429
2663
2785
2823
2971
2925
2860
3034
3095
3199
3411
3504
3666
3910
4138
4344
4513
4640
4704
4696
4638
4663
4649
4589
4688
4785
4893
5075
5220
5370
5492
5555
5565
5536
5512
5392
5200
5033
4839
4591
4335
4116
3897
3736
3621
3450
3353
3328
3284
3199
3153
3086
2857
2697
2484
2171
2006
1773
1552
1409
1244
1234
1294
1427
1659
1798
1827
1804
1739
1628
1520
1325
1066
926
717
454
425
542
626
731
886
1007
1108
1215
1259
1215
1144
1138
1126
1056
1075
1057
957
996
1021
937
914
896
818
829
896
914
959
1043
1129
1168
1188
1256
1217
1130
1106
966
843
845
798
743
740
715
698
730
776
798
757
764
754
644
657
651
518
429
335
225
106
6
-50
-128
-140
-80
-98
-104
-52
-114
-213
-275
-447
-629
-694
-832
-1006
-1086
-1163
-1241
-1319
-1261
-1194
-1334
-1331
-1304
-1487
-1543
-1587
-1741
-1778
-1774
-1815
-1843
-1785
-1682
-1622
-1571
-1503
-1413
-1395
-1346
-1246
-1226
-1113
-1012
-1062
-1085
-1031
-957
-873
-689
-533
-488
-306
-153
-138
1
137
181
294
439
539
677
839
907
994
1159
1283
1394
1559
1720
1899
2070
2169
2311
2468
2602
2733
2884
3043
3157
3359
3561
3710
3959
4174
4329
4500
4563
4573
4642
4655
4649
4741
4816
4851
4950
4981
4941
4996
5022
5025
5102
5152
5108
5088
5106
4985
4883
4870
4764
4681
4674
4630
4590
4519
4386
4290
4152
3930
3725
3484
3307
3222
2983
2815
2797
2675
2612
2589
2442
2320
2152
1908
1758
1544
1279
1104
883
745
752
674
637
683
589
554
583
406
211
91
-138
-298
-315
-481
-610
-577
-590
-537
-482
-472
-370
-357
-357
-227
-338
-527
-470
-579
-717
-638
-692
-693
-559
-561
-449
-327
-440
-493
-549
-668
-685
-775
-810
-716
-719
-668
-549
-445
-307
-211
-125
7
85
84
124
133
167
323
397
540
765
872
1055
1270
1395
1554
1744
1924
2064
2114
2150
2197
2214
2240
2250
2277
2378
2440
2478
2580
2690
2786
2864
2871
2898
2949
2887
2871
2821
2669
2673
2607
2524
2576
2513
2448
2401
2311
2255
2181
2124
2052
1948
1911
1862
1775
1731
1653
1529
1428
1322
1256
1225
1213
1237
1171
1172
1255
1214
1308
1432
1390
1447
1465
1322
1292
1272
1154
1163
1174
1162
1329
1394
1408
1593
1539
1472
1644
1514
1439
1554
1283
1110
1084
736
559
517
218
93
103
-56
-18
29
-124
-23
-33
-257
-235
-365
-535
-458
-605
-700
-563
-666
-695
-536
-666
-705
-556
-741
-819
-748
-939
-954
-979
-1112
-985
-988
-1002
-815
-889
-1005
-931
-1058
-1118
-1024
-1212
-1191
-984
-1008
-815
-643
-598
-358
-347
-372
-284
-467
-540
-570
-877
-866
-727
-868
-671
-445
-415
-112
-31
34
295
194
248
469
409
567
787
810
1096
1335
1392
1744
1992
2080
2429
2652
2815
3155
3364
3655
4042
4263
4555
4814
4915
5169
5308
5236
5372
5394
5334
5516
5487
5500
5743
5708
5699
5861
5822
5766
5837
5728
5556
5502
5305
5110
4979
4765
4612
4472
4342
4216
4043
3910
3736
3524
3235
2868
2625
2315
1960
1852
1711
1517
1571
1529
1375
1509
1415
1097
1035
693
273
138
-212
-451
-439
-637
-653
-491
-608
-639
-639
-892
-1046
-1219
-1640
-1894
-1951
-2158
-2216
-1998
-1986
-1982
-1756
-1826
-2012
-2039
-2359
-2648
-2667
-2906
-2970
-2772
-2859
-2735
-2492
-2645
-2554
-2486
-2830
-2834
-2952
-3334
-3118
-2979
-3021
-2513
-2251
-2190
-1668
-1501
-1540
-1237
-1383
-1583
-1409
-1676
-1777
-1418
-1424
-1221
-731
-581
-250
113
120
350
572
432
522
669
558
782
1011
1022
1440
1750
1857
2255
2360
2352
2591
2534
2490
2559
2436
2520
2579
2538
2803
2973
3158
3510
3544
3678
3926
3832
3930
4025
3812
3914
3980
3821
3994
4106
4076
4300
4375
4289
4384
4304
4105
4163
4078
3953
4085
3927
3732
3805
3591
3428
3514
3329
3314
3464
3306
3369
3484
3345
3436
3436
3199
3100
2864
2534
2339
2081
1964
2018
1985
2112
2284
2275
2333
2225
1945
1856
1672
1375
1217
999
771
728
683
660
730
688
623
426
65
-157
-498
-845
-933
-1159
-1368
-1338
-1449
-1619
-1641
-1776
-1956
-2084
-2334
-2528
-2723
-2961
-2994
-3070
-3108
-2962
-3011
-3069
-3050
-3247
-3362
-3355
-3489
-3505
-3379
-3250
-3050
-2940
-2850
-2640
-2583
-2579
-2462
-2507
-2544
-2437
-2463
-2381
-2082
-1915
-1685
-1331
-1225
-1088
-846
-856
-832
-759
-752
-595
-512
-425
-147
25
212
517
638
735
967
1030
1054
1164
1091
1047
1158
1228
1346
1500
1613
1714
1770
1833
1918
1950
1995
2117
2216
2287
2406
2525
2618
2796
2989
3079
3212
3409
3504
3597
3797
3885
3973
4234
4365
4461
4620
4576
4548
4588
4480
4425
4451
4454
4508
4554
4574
4634
4614
4536
4559
4480
4355
4428
4426
4376
4542
4709
4803
4891
4802
4648
4600
4445
4258
4169
4075
4057
4114
4198
4295
4325
4294
4248
4114
3828
3597
3410
3110
2829
2677
2632
2619
2578
2479
2579
2748
2521
2382
2383
2140
1919
1628
1374
1344
1111
880
931
829
649
614
517
432
327
138
97
36
-180
-263
-302
-505
-688
-802
-937
-1035
-1105
-1134
-1166
-1265
-1267
-1279
-1403
-1471
-1539
-1655
-1726
-1792
-1930
-1988
-1958
-1973
-1862
-1696
-1660
-1634
-1622
-1646
-1646
-1663
-1743
-1721
-1648
-1705
-1624
-1531
-1540
-1400
-1376
-1352
-1212
-1250
-1162
-975
-928
-781
-640
-565
-400
-323
-218
-2
93
237
451
593
798
981
1123
1327
1462
1570
1778
1942
2072
2272
2434
2615
2811
2916
3080
3182
3133
3151
3086
2969
2984
2952
2940
2945
2897
2981
3064
3001
2955
2955
2869
2737
2532
2267
2138
1996
1798
1698
1664
1642
1556
1555
1589
1488
1489
1499
1404
1358
1289
1176
1027
855
684
585
565
480
430
423
421
492
492
504
557
411
284
310
191
-12
-103
-211
-367
-417
-395
-379
-347
-341
-360
-335
-312
-364
-419
-436
-477
-585
-628
-573
-636
-664
-520
-473
-429
-302
-252
-177
-114
-91
9
55
188
431
557
814
1072
1143
1358
1561
1622
1731
1800
1784
1818
1934
2036
2135
2229
2368
2510
2535
2623
2707
2656
2631
2610
2570
2650
2767
2768
2839
2958
2913
2832
2782
2699
2562
2480
2473
2349
2308
2416
2409
2473
2594
2586
2630
2650
2575
2533
2458
2408
2369
2256
2247
2255
2194
2255
2355
2380
2433
2521
2546
2516
2516
2467
2391
2407
2335
2282
2352
2324
2406
2532
2573
2722
2779
2833
2962
2930
2892
2872
2758
2663
2607
2501
2426
2415
2273
2129
2067
1896
1834
1885
1814
1769
1768
1725
1690
1641
1558
1428
1270
1117
987
886
784
745
672
570
596
587
544
597
621
564
534
443
251
105
-61
-205
-297
-433
-529
-592
-613
-565
-553
-478
-411
-488
-533
-717
-902
-955
-1236
-1394
-1484
-1722
-1690
-1697
-1714
-1499
-1502
-1451
-1325
-1468
-1488
-1497
-1596
-1580
-1704
-1803
-1801
-1898
-1844
-1780
-1816
-1664
-1515
-1441
-1294
-1196
-1112
-1040
-1019
-966
-935
-915
-843
-748
-686
-649
-563
-474
-364
-205
-64
98
226
327
488
589
676
789
814
862
954
1039
1148
1230
1295
1386
1508
1578
1630
1730
1792
1880
1971
2057
2160
2216
2326
2364
2394
2523
2566
2603
2532
2401
2325
2216
2177
2138
2180
2265
2390
2577
2579
2660
2663
2503
2507
2369
2237
2253
2229
2283
2389
2551
2673
2823
2980
2976
3033
2914
2713
2611
2341
2260
2206
2127
2304
2341
2433
2667
2807
2982
3081
3094
3051
2967
2831
2666
2609
2470
2491
2630
2595
2842
3001
3035
3318
3260
3191
3212
2881
2688
2502
2138
2050
2085
2146
2425
2687
2881
3146
3198
3101
3048
2708
2414
2312
1933
1756
1766
1636
1754
1893
1934
2060
2160
2124
2006
1872
1613
1433
1216
993
1019
889
920
1144
1114
1291
1478
1377
1348
1217
979
916
854
782
830
825
893
1001
880
910
921
696
696
587
308
207
80
-78
-73
43
59
197
444
511
634
698
665
613
398
250
115
-73
-127
-71
-51
7
263
318
358
593
522
518
597
398
287
272
222
216
277
362
540
766
930
1201
1325
1349
1357
1063
923
813
586
580
571
567
556
676
904
929
1029
1160
1169
1205
1318
1347
1341
1460
1373
1368
1557
1595
1805
1994
2082
2288
2317
2271
2285
2185
2074
2004
1826
1795
1948
1944
2076
2296
2305
2348
2341
2228
2125
1979
1841
1694
1513
1446
1340
1169
1340
1357
1194
1443
1470
1384
1476
1350
1227
1102
944
874
742
521
427
361
205
327
374
297
558
617
589
763
715
672
677
558
475
323
255
314
241
320
495
447
516
675
621
644
720
593
583
682
663
739
807
803
899
913
909
959
866
791
717
570
559
568
580
698
667
553
692
903
975
1083
1196
1251
1355
1303
1136
1088
993
1065
1064
804
1003
1068
833
1087
1037
716
813
663
396
483
345
88
183
142
79
233
137
78
33
-236
-306
-437
-645
-602
-769
-995
-1008
-1077
-998
-856
-866
-833
-856
-893
-786
-789
-881
-902
-1048
-1181
-1135
-1160
-1096
-896
-783
-588
-341
-152
-13
38
61
24
-121
-187
-204
-373
-353
-202
-262
-76
137
117
373
543
596
754
719
717
740
737
825
884
985
1161
1379
1504
1549
1694
1717
1737
1900
1824
1775
1956
1983
2046
2250
2359
2502
2669
2754
2834
2876
2888
2927
2928
2979
3054
3036
3105
3175
3198
3267
3251
3291
3334
3198
3228
3247
3004
3006
2952
2724
2844
2855
2721
2823
2799
2652
2615
2438
2252
2169
1930
1805
1785
1610
1664
1865
1834
1989
2204
2060
2095
2160
1886
1816
1690
1308
1235
1081
900
1143
1133
1157
1540
1441
1396
1643
1381
1307
1378
961
869
860
517
502
487
352
482
432
385
510
317
250
329
91
74
270
244
375
588
558
625
726
626
566
533
395
306
226
197
276
256
373
582
608
742
830
701
653
560
354
270
270
266
314
409
492
586
689
779
768
706
734
626
484
412
213
74
0
-91
-176
-282
-345
-422
-511
-514
-514
-577
-520
-531
-778
-835
-897
-1093
-1036
-969
-953
-840
-768
-658
-542
-516
-501
-493
-516
-503
-507
-594
-550
-534
-580
-345
-194
-86
257
421
576
766
781
928
1019
953
1037
1051
982
1116
1132
1117
1341
1331
1390
1701
1742
1817
1944
1900
1927
1967
1970
2003
1955
1928
2006
2004
2079
2253
2263
2348
2534
2547
2588
2675
2626
2592
2622
2678
2751
2830
2924
2950
2903
2891
2889
2804
2763
2795
2815
2881
3040
3156
3163
3306
3372
3250
3250
3146
2979
2877
2763
2707
2652
2763
2844
2800
3041
3182
3114
3193
3124
3036
3063
2917
2819
2815
2698
2670
2724
2628
2654
2716
2597
2722
2770
2526
2562
2561
2347
2370
2328
2142
2196
2127
1941
2051
2077
2033
2124
2089
2090
2131
2097
2152
2187
2142
2143
2086
2026
2090
2021
1923
1961
1926
1932
2022
1918
1746
1707
1551
1419
1377
1201
1196
1216
1104
1133
1075
933
919
849
773
784
675
607
609
554
659
706
684
782
692
528
469
366
331
387
307
272
357
305
329
410
370
411
462
440
463
454
348
332
266
33
-49
-178
-352
-312
-353
-351
-164
-58
64
240
227
215
231
18
-44
-9
-104
34
175
236
475
625
687
766
775
771
805
897
1000
1113
1272
1415
1479
1467
1515
1486
1330
1324
1255
1263
1547
1639
1732
1979
2078
2153
2234
2194
2150
2114
2035
2040
2071
2072
2132
2152
2171
2292
2334
2364
2494
2457
2420
2494
2405
2305
2243
2087
1981
1926
1868
1883
1902
1920
2011
1984
1864
1853
1665
1349
1211
955
661
565
404
279
371
449
463
530
515
394
294
119
-128
-346
-586
-781
-915
-1100
-1208
-1242
-1386
-1400
-1389
-1598
-1597
-1621
-1839
-1812
-1789
-1789
-1718
-1745
-1685
-1669
-1660
-1530
-1666
-1738
-1590
-1712
-1695
-1465
-1456
-1300
-1018
-889
-652
-430
-294
-56
21
78
302
343
380
535
507
580
835
865
993
1273
1274
1402
1626
1637
1772
1839
1861
2063
2060
2131
2347
2244
2263
2393
2272
2309
2366
2188
2146
2224
2214
2287
2457
2574
2750
2924
2995
3032
2976
2978
2989
2771
2652
2616
2329
2207
2261
2159
2216
2256
2098
2208
2351
2271
2356
2367
2203
2168
1977
1787
1760
1582
1545
1621
1433
1358
1371
1128
1041
1030
760
616
486
209
125
-111
-485
-490
-567
-770
-765
-822
-837
-742
-736
-813
-1042
-1254
-1370
-1548
-1625
-1672
-1822
-1908
-1956
-2022
-2068
-2087
-2146
-2238
-2280
-2353
-2434
-2397
-2299
-2259
-2218
-2159
-2166
-2057
-1897
-1828
-1638
-1519
-1497
-1301
-1239
-1183
-941
-954
-916
-729
-793
-688
-558
-668
-511
-351
-331
-50
141
250
628
868
1012
1271
1345
1415
1522
1508
1573
1591
1630
1761
1751
1912
2190
2342
2688
3031
3158
3414
3617
3604
3740
3804
3722
3877
3931
3917
4181
4316
4448
4754
4856
5011
5221
5218
5347
5533
5571
5682
5753
5718
5692
5604
5541
5520
5444
5416
5379
5291
5265
5188
5057
4986
4862
4734
4661
4537
4393
4279
4159
3977
3827
3703
3516
3383
3181
2962
2891
2598
2325
2286
1977
1766
1739
1383
1129
991
655
455
273
25
-65
-218
-406
-492
-697
-890
-985
-1234
-1438
-1537
-1748
-1842
-1850
-1941
-1953
-1958
-2044
-2099
-2121
-2247
-2454
-2613
-2805
-3035
-3183
-3273
-3281
-3176
-3053
-2904
-2735
-2584
-2415
-2379
-2379
-2261
-2292
-2293
-2122
-2108
-2026
-1773
-1624
-1373
-1126
-964
-630
-570
-591
-291
-291
-255
81
-10
56
551
644
838
1317
1378
1595
2042
2026
2185
2559
2527
2620
2780
2763
2946
3029
3117
3384
3439
3631
3940
3946
4121
4430
4391
4466
4621
4510
4623
4756
4748
4922
4990
5054
5264
5375
5520
5675
5665
5743
5874
5746
5666
5660
5422
5303
5232
5024
5003
4965
4927
5021
4909
4895
4944
4716
4678
4646
4357
4261
4139
3868
3798
3712
3526
3462
3401
3333
3288
3178
3088
2979
2796
2639
2474
2213
1995
1836
1618
1457
1300
1140
1084
982
907
865
746
615
431
270
145
-123
-338
-435
-646
-796
-876
-992
-1047
-1100
-1142
-1233
-1335
-1413
-1571
-1637
-1698
-1844
-1890
-1915
-1954
-1953
-1934
-1918
-1955
-1960
-1961
-2062
-2081
-2122
-2264
-2287
-2311
-2298
-2216
-2189
-2062
-1969
-1907
-1696
-1552
-1494
-1349
-1192
-1267
-1326
-1197
-1268
-1405
-1393
-1283
-1058
-832
-606
-364
-228
-105
109
190
168
268
281
267
398
485
623
805
890
1140
1471
1544
1659
1927
1949
1976
2167
2146
2152
2278
2209
2207
2385
2441
2460
2607
2758
2885
2978
2986
2984
2948
2833
2710
2623
2512
2463
2530
2528
2600
2791
2831
2893
3012
2912
2807
2767
2534
2307
2227
2126
1991
1940
1940
1887
1903
1928
1877
1849
1718
1592
1540
1379
1309
1306
1177
1133
1124
991
942
915
734
632
558
365
331
330
253
354
404
395
470
431
412
404
282
230
249
211
189
215
201
206
244
279
289
280
323
292
252
321
329
369
510
548
537
573
591
601
624
662
673
737
852
889
932
951
999
1110
1118
1182
1270
1266
1336
1365
1399
1493
1487
1570
1665
1671
1772
1722
1657
1743
1566
1447
1521
1360
1359
1563
1540
1550
1644
1588
1543
1526
1415
1266
1164
1119
1027
941
1012
1077
1028
1114
1202
1068
1036
1023
802
668
610
538
532
544
618
634
652
762
697
592
555
367
156
91
-37
-204
-194
-212
-227
-137
-90
-3
19
38
158
88
46
114
-29
-141
-174
-333
-452
-444
-455
-540
-543
-489
-462
-363
-260
-242
-234
-207
-270
-372
-416
-529
-646
-697
-693
-573
-441
-242
-14
62
210
350
277
280
297
190
207
246
256
357
465
625
719
813
1000
1001
985
1031
946
910
975
1040
1061
1051
1098
1081
1018
1035
967
881
942
966
914
951
1042
1030
993
1046
1062
1028
1080
1159
1113
1040
1077
1104
1162
1399
1567
1621
1861
2020
2002
2110
2202
2270
2353
2452
2620
2716
2923
3162
3219
3341
3350
3254
3350
3351
3259
3377
3458
3442
3563
3622
3683
3865
3834
3828
3888
3713
3624
3539
3363
3317
3264
3189
3192
3266
3329
3409
3544
3508
3446
3505
3427
3353
3291
3089
3001
2940
2791
2825
2869
2793
2862
2843
2695
2704
2536
2218
2113
1901
1631
1587
1460
1361
1423
1368
1298
1224
1084
939
708
496
271
-26
-172
-352
-540
-519
-599
-687
-670
-729
-717
-706
-802
-830
-872
-989
-964
-928
-1001
-934
-907
-975
-841
-814
-899
-812
-858
-973
-979
-1044
-1052
-992
-998
-881
-755
-794
-677
-590
-687
-640
-666
-760
-693
-717
-806
-760
-718
-733
-648
-528
-445
-333
-234
-166
-142
-138
-135
-183
-253
-297
-288
-276
-189
-31
91
310
535
645
748
826
877
847
747
737
744
703
771
862
922
1091
1217
1302
1480
1561
1532
1516
1508
1477
1374
1321
1370
1366
1316
1380
1488
1508
1592
1637
1581
1640
1611
1529
1586
1611
1593
1637
1825
1969
2007
2188
2320
2344
2405
2357
2345
2351
2203
2126
2053
2029
2095
2076
2268
2461
2407
2504
2591
2495
2441
2386
2285
2217
2130
2105
2145
2158
2247
2238
2145
2241
2240
2153
2233
2187
2079
2116
2143
2182
2206
2177
2213
2188
2083
2077
2000
1914
1954
1867
1864
1977
1961
2064
2198
2201
2260
2275
2218
2135
1950
1846
1764
1547
1460
1438
1301
1325
1362
1213
1283
1382
1246
1233
1208
1009
885
787
656
616
553
441
465
450
411
535
502
456
557
449
415
515
384
288
290
159
117
215
240
270
305
335
437
482
572
675
595
569
583
519
602
731
733
819
971
1003
1029
1030
924
852
770
647
578
515
524
620
638
704
868
901
944
1040
939
843
847
730
651
666
615
594
666
720
815
974
1102
1244
1284
1300
1367
1275
1325
1399
1266
1329
1326
1229
1324
1370
1508
1695
1795
1999
2109
2166
2292
2255
2182
2150
1997
1849
1778
1743
1813
1927
2072
2294
2424
2511
2628
2632
2693
2587
2330
2455
2347
2081
2306
2262
2181
2544
2526
2441
2620
2461
2394
2498
2308
2290
2343
2115
2123
2263
2208
2377
2557
2500
2635
2716
2654
2709
2636
2608
2661
2547
2550
2554
2390
2375
2365
2230
2287
2335
2218
2327
2413
2385
2553
2534
2482
2602
2469
2380
2393
2269
2304
2287
2183
2271
2205
2112
2164
2019
1880
1795
1531
1315
1176
958
849
825
707
705
766
692
707
684
506
429
231
-20
-135
-395
-609
-760
-1001
-1063
-1060
-1100
-963
-838
-863
-771
-751
-952
-1069
-1270
-1592
-1744
-1914
-2100
-2112
-2092
-2049
-1893
-1742
-1652
-1506
-1381
-1313
-1204
-1217
-1239
-1161
-1234
-1249
-1142
-1185
-1099
-846
-775
-632
-356
-273
-153
-15
-12
93
181
256
433
565
765
951
1018
1191
1274
1245
1436
1528
1464
1715
1905
1897
2177
2347
2401
2649
2646
2629
2748
2676
2717
2846
2855
3025
3217
3176
3313
3468
3339
3359
3282
3085
3099
3016
3005
3074
3038
3162
3260
3301
3435
3392
3265
3274
3138
2916
2911
2783
2638
2696
2527
2449
2542
2413
2432
2504
2413
2458
2443
2324
2274
2089
1828
1697
1556
1359
1359
1376
1292
1394
1407
1278
1241
1117
945
792
625
507
410
433
532
529
542
506
314
170
34
-226
-474
-585
-685
-833
-851
-865
-996
-967
-928
-1036
-1056
-1098
-1168
-1197
-1253
-1223
-1236
-1282
-1230
-1275
-1325
-1247
-1197
-1184
-1097
-1043
-1040
-916
-871
-823
-780
-821
-669
-737
-637
-381
-618
-322
-29
-283
16
203
-18
131
263
104
140
217
254
586
664
765
1305
1388
1454
1808
1717
1684
1809
1687
1699
1745
1684
1791
1818
1872
2121
2148
2209
2425
2366
2311
2410
2373
2397
2502
2478
2539
2602
2570
2647
2693
2672
2696
2688
2670
2669
2590
2531
2505
2366
2312
2308
2202
2161
2116
2021
2045
2126
2085
2055
2096
1983
1866
1794
1618
1529
1411
1163
1015
807
569
560
480
362
444
366
313
397
241
158
133
-44
-121
-223
-452
-613
-730
-867
-891
-864
-882
-788
-727
-776
-703
-712
-803
-694
-684
-743
-638
-643
-573
-361
-393
-342
-160
-203
-176
-136
-189
-60
15
68
229
236
310
460
510
678
802
811
900
912
966
1136
1115
1191
1294
1209
1389
1386
1342
1648
1637
1750
2038
2081
2228
2350
2494
2559
2405
2442
2493
2494
2546
2564
2765
2915
2959
3202
3296
3265
3332
3248
3225
3243
3080
3030
3030
3031
3145
3149
3175
3305
3281
3248
3234
3107
3010
2927
2833
2714
2631
2665
2621
2610
2651
2608
2677
2672
2551
2558
2437
2271
2251
2163
2126
2101
2038
2087
2031
1974
1957
1800
1735
1623
1459
1426
1273
1141
1049
885
820
671
545
511
348
262
153
-22
-116
-279
-364
-437
-675
-832
-956
-1132
-1240
-1384
-1556
-1635
-1780
-1971
-2013
-2048
-2155
-2152
-2093
-2149
-2174
-2117
-2123
-2125
-2107
-2141
-2161
-2191
-2244
-2226
-2217
-2252
-2258
-2260
-2183
-2102
-2120
-1988
-1815
-1792
-1608
-1438
-1473
-1362
-1269
-1322
-1243
-1236
-1296
-1187
-1240
-1272
-1087
-1021
-766
-443
-409
-192
80
-42
50
223
-148
33
228
-170
285
484
346
923
980
1007
1361
1344
1607
1750
1452
1657
1805
1550
1771
2009
2000
2285
2539
2709
2833
2743
2867
2990
2880
3014
3044
2885
3089
3262
3239
3451
3640
3678
3794
3902
3967
3967
4011
4102
4050
4000
3915
3848
3860
3795
3822
3816
3736
3731
3549
3374
3321
3071
2882
2842
2653
2537
2508
2335
2280
2276
2103
2054
1969
1707
1623
1454
1208
1229
1055
837
864
612
440
508
296
275
376
175
222
283
81
110
83
-57
5
-87
-186
-111
-214
-197
-89
-211
-119
-31
-138
51
104
-44
71
-19
-153
-25
-78
-20
119
87
329
488
442
668
744
722
894
826
750
829
774
803
904
884
935
1008
1060
1183
1172
1171
1228
1138
1111
1120
1102
1176
1235
1307
1457
1523
1652
1805
1810
1977
1983
1839
2011
2015
1970
2122
2037
2017
2142
2210
2453
2524
2546
2747
2685
2661
2703
2600
2677
2630
2488
2573
2478
2463
2705
2680
2726
2927
2899
2930
3013
2944
2906
2825
2702
2720
2592
2430
2553
2456
2293
2463
2437
2382
2560
2508
2431
2500
2373
2256
2199
2032
2000
1934
1785
1776
1681
1620
1695
1578
1424
1425
1330
1164
1106
1001
879
884
857
868
974
974
1030
1069
942
953
872
666
655
511
332
334
310
330
364
446
519
492
605
615
459
441
315
93
-8
-142
-236
-214
-247
-271
-226
-224
-141
-70
-125
-52
-88
-205
-160
-251
-280
-206
-193
-58
11
107
326
391
539
658
561
660
742
669
769
875
924
1098
1224
1305
1502
1523
1548
1753
1661
1640
1813
1719
1820
2008
1918
2020
2115
1982
1949
1883
1722
1643
1674
1678
1467
1331
1378
1411
1532
1600
1667
1808
1752
1728
1739
1554
1532
1534
1273
1204
1131
884
965
1009
916
1098
1158
1194
1447
1423
1359
1403
1210
1133
1098
909
999
1077
972
1157
1251
1152
1294
1208
951
987
885
774
910
896
924
1035
1057
1166
1092
951
988
876
806
867
809
825
998
1157
1277
1415
1523
1570
1603
1611
1543
1397
1352
1301
1141
1190
1275
1281
1498
1679
1748
1939
2054
2086
2140
2063
2046
2019
1795
1780
1777
1613
1733
1789
1714
1920
2001
1973
2125
2137
2098
2118
2076
2041
1972
1911
1860
1785
1770
1748
1750
1741
1660
1668
1649
1645
1735
1643
1608
1690
1540
1448
1415
1181
1095
1114
960
962
1031
979
1066
1078
1074
1184
1090
1070
1074
868
866
923
896
995
1010
1063
1159
1178
1265
1172
1116
1132
997
999
973
938
949
996
1114
1000
1086
1352
1275
1289
1364
1207
1178
1181
1094
1092
971
940
1074
968
1020
1213
1089
1048
1035
825
784
722
429
301
288
163
160
227
263
400
492
487
503
467
369
286
102
-127
-224
-320
-354
-242
-161
-32
153
228
272
311
264
174
115
3
-154
-212
-250
-222
-86
-24
82
193
202
284
296
223
208
41
-89
-52
-238
-300
-138
-253
-218
-76
-141
-3
22
-117
-60
-164
-261
-164
-224
-208
-34
-29
20
177
140
128
169
46
87
161
71
163
241
299
467
433
461
631
684
868
1039
1036
1160
1258
1253
1374
1419
1404
1539
1536
1533
1754
1790
1841
2060
2059
2140
2304
2238
2334
2501
2530
2694
2833
2926
3103
3187
3318
3508
3543
3632
3712
3635
3724
3787
3753
3924
3952
3891
3957
3931
3963
4057
4073
4138
4155
4075
4063
3990
3909
3913
3849
3827
3743
3575
3546
3470
3384
3390
3245
3125
3091
2912
2816
2660
2358
2256
2040
1727
1607
1412
1231
1176
1059
929
814
641
462
294
101
-67
-217
-388
-499
-598
-716
-720
-783
-962
-1038
-1120
-1282
-1408
-1568
-1794
-2021
-2210
-2311
-2357
-2360
-2322
-2339
-2310
-2248
-2336
-2367
-2298
-2379
-2513
-2600
-2684
-2751
-2710
-2629
-2624
-2528
-2450
-2411
-2283
-2309
-2265
-2123
-2197
-2130
-1983
-2022
-1903
-1782
-1854
-1714
-1575
-1569
-1313
-1154
-1034
-716
-576
-398
-276
-294
-106
-108
-174
-31
-19
77
309
479
750
1076
1290
1457
1603
1671
1733
1801
1864
1929
1993
2185
2395
2570
2826
3022
3125
3190
3274
3331
3290
3400
3546
3530
3663
3862
3980
4206
4385
4485
4641
4659
4647
4673
4563
4538
4477
4345
4450
4448
4433
4646
4665
4642
4734
4687
4581
4457
4257
4062
3909
3807
3802
3817
3837
3882
3841
3829
3814
3697
3641
3545
3378
3176
2942
2845
2684
2551
2658
2645
2688
2866
2860
2854
2801
2661
2528
2248
2000
1789
1460
1291
1209
1006
1028
1143
1051
1152
1213
999
934
793
514
306
18
-235
-425
-664
-784
-786
-837
-756
-629
-747
-753
-716
-906
-925
-932
-1137
-1105
-1075
-1299
-1171
-1186
-1556
-1621
-1982
-1727
-1539
-2505
-1721
-1311
-2240
-1074
-947
-1889
-970
-1234
-2012
-1338
-1811
-2447
-1974
-2398
-2599
-2204
-2639
-2355
-1997
-2494
-1891
-1623
-2229
-1736
-1712
-2273
-1920
-2054
-2380
-1988
-2032
-1981
-1581
-1522
-1129
-912
-1010
-581
-602
-786
-435
-599
-695
-378
-453
-290
49
132
428
629
798
1051
941
1040
1223
1086
1279
1411
1301
1526
1674
1700
1896
1969
2042
2124
2021
2068
2112
1976
2138
2261
2160
2367
2503
2511
2831
3057
3158
3403
3468
3408
3427
3309
3231
3253
3229
3389
3395
3291
3511
3556
3619
3890
3844
3919
4148
4075
4057
3988
3769
3745
3585
3454
3560
3413
3397
3513
3360
3436
3481
3310
3390
3310
3138
3126
2847
2644
2602
2297
2191
2246
2010
2071
2216
1985
2097
2139
1933
2098
1948
1757
1866
1548
1390
1401
1024
944
973
640
587
598
325
413
483
272
374
310
151
263
68
-120
-171
-414
-409
-384
-510
-376
-332
-356
-180
-200
-234
-163
-282
-374
-513
-637
-652
-859
-809
-672
-744
-492
-407
-453
-147
-122
-94
97
-74
-42
42
-139
-48
-106
-249
14
73
56
303
307
351
571
575
690
820
781
882
953
925
953
855
773
803
660
664
771
689
801
877
847
1055
1224
1372
1508
1523
1574
1443
1262
1200
1005
954
986
952
1165
1343
1402
1618
1786
1891
1988
1984
2009
1992
1869
1873
1843
1739
1845
1865
1851
2027
2053
2124
2302
2272
2329
2398
2267
2315
2268
2089
2194
2027
1837
2021
1855
1820
2010
1867
2061
2189
2045
2232
2123
2047
2229
1973
1890
1944
1675
1657
1662
1547
1682
1748
1855
1988
1923
1995
1917
1729
1825
1643
1445
1636
1513
1505
1717
1546
1677
1867
1725
1767
1724
1633
1696
1617
1499
1503
1475
1493
1530
1459
1508
1403
1161
1182
1087
929
850
640
565
666
754
799
770
770
759
593
426
352
226
68
26
-23
-13
202
289
311
429
372
233
167
81
14
-32
-112
-143
-142
-118
13
107
174
371
474
496
645
605
453
419
243
57
-29
-147
-95
17
31
238
383
407
646
677
623
810
721
574
644
511
453
533
467
605
823
983
1316
1515
1680
1944
1949
1934
1981
1871
1826
1864
1878
1937
2095
2292
2446
2649
2860
2992
3113
3168
3101
2958
2854
2804
2651
2554
2613
2620
2724
2971
3126
3234
3317
3334
3255
3070
2929
2752
2508
2405
2315
2144
2102
2164
2175
2276
2424
2382
2326
2274
2086
1944
1821
1644
1548
1506
1487
1512
1485
1426
1405
1289
1156
1182
1135
1037
1127
1119
1107
1312
1274
1223
1258
1068
990
833
604
614
535
432
449
338
268
379
362
315
281
126
43
-34
-123
-222
-368
-349
-357
-507
-512
-429
-363
-234
-229
-428
-602
-644
-689
-763
-738
-836
-836
-561
-511
-463
-407
-440
-183
-187
-357
-153
-223
-336
-106
-149
9
455
346
348
550
269
219
336
222
360
436
544
934
1028
1159
1407
1263
1182
1162
815
637
623
455
528
740
817
1065
1360
1431
1494
1570
1568
1576
1458
1298
1189
962
855
928
1006
1235
1560
1793
2003
2164
2193
2111
1939
1769
1530
1254
1172
1199
1324
1609
1868
2096
2302
2360
2390
2366
2212
2115
1937
1723
1676
1586
1636
1820
1799
1872
2019
2049
2153
2233
2255
2218
2099
2011
1923
1896
1914
1911
1952
1928
1777
1673
1615
1514
1490
1483
1492
1599
1600
1599
1669
1673
1753
1769
1566
1410
1342
1288
1258
1202
1210
1229
1211
1307
1348
1300
1321
1242
1095
1005
850
784
872
915
939
947
998
1120
1141
1147
1139
978
842
745
564
526
623
692
875
1041
1139
1341
1496
1609
1638
1482
1389
1208
842
701
630
490
558
675
778
1044
1312
1468
1626
1687
1538
1317
1095
845
616
485
438
488
734
1083
1373
1602
1856
2012
1948
1932
1832
1492
1312
1168
974
1047
1235
1422
1619
1801
1996
2065
2132
2193
2009
1812
1704
1551
1516
1651
1668
1688
1943
2049
2019
2041
1959
1912
1859
1785
1787
1689
1664
1758
1737
1824
1959
1872
1889
2033
2090
2173
2222
2241
2239
2190
2198
2076
1882
1904
1876
1732
1817
1906
1857
2010
2139
2108
2123
2021
1904
1847
1715
1595
1451
1389
1446
1419
1448
1547
1512
1493
1537
1498
1390
1253
1109
930
761
700
641
634
726
722
734
758
699
741
683
539
494
267
102
104
-112
-224
-191
-349
-376
-272
-341
-354
-287
-337
-318
-259
-349
-313
-255
-379
-309
-335
-495
-428
-626
-786
-661
-790
-805
-680
-748
-653
-561
-745
-774
-817
-1079
-1124
-1154
-1205
-1067
-1104
-1061
-862
-973
-866
-557
-618
-615
-690
-935
-909
-1030
-1193
-1100
-1082
-982
-792
-665
-413
-206
-132
39
99
12
70
35
-129
-127
-131
-159
-31
47
125
338
523
756
932
962
1002
977
955
940
819
742
756
760
802
926
1054
1145
1257
1401
1454
1475
1543
1494
1453
1522
1464
1398
1480
1505
1556
1708
1793
1923
2035
2070
2171
2114
2022
2042
1880
1846
1982
1929
1969
2129
2195
2303
2426
2488
2563
2608
2613
2661
2745
2803
2917
3002
2981
3087
3108
2960
2950
2849
2677
2679
2582
2446
2531
2649
2787
2994
3135
3299
3443
3440
3373
3193
2927
2762
2539
2293
2290
2302
2332
2509
2632
2770
2841
2759
2683
2513
2311
2123
1873
1704
1592
1501
1514
1534
1477
1500
1644
1690
1687
1683
1543
1385
1195
956
789
600
452
437
427
485
670
769
807
915
880
760
768
653
417
273
113
3
0
21
90
115
169
268
170
70
115
11
-120
-124
-243
-331
-278
-252
-240
-181
-34
8
-9
98
12
-138
-116
-208
-263
-185
-219
-188
-52
24
150
307
421
569
625
571
601
571
513
617
571
505
744
913
1005
1238
1323
1329
1444
1412
1352
1376
1338
1436
1468
1414
1586
1604
1624
1890
1891
1853
1995
1927
1819
1825
1706
1578
1544
1462
1377
1307
1258
1292
1252
1200
1251
1217
1230
1375
1371
1352
1439
1415
1381
1419
1381
1310
1348
1385
1322
1340
1370
1343
1371
1362
1363
1380
1432
1568
1566
1602
1764
1754
1715
1718
1581
1492
1534
1510
1553
1683
1739
1837
1828
1774
1811
1670
1625
1661
1507
1570
1712
1709
1896
2059
2045
2111
2104
1998
1951
1807
1678
1671
1602
1676
1832
1780
1927
2121
2028
2132
2219
1999
1936
1910
1701
1631
1639
1586
1610
1689
1784
1807
1871
2019
1977
1922
1903
1789
1737
1635
1492
1449
1422
1467
1525
1449
1454
1516
1444
1465
1482
1320
1294
1261
1152
1181
1099
1013
994
871
832
767
637
616
548
451
479
496
441
491
552
493
475
429
361
390
399
442
519
571
709
784
728
763
731
628
702
641
472
463
393
337
428
469
468
570
637
622
674
665
597
576
463
382
336
176
179
165
-23
25
71
-56
43
120
-3
104
143
1
103
107
37
114
11
9
102
6
151
270
221
429
425
291
426
387
312
429
394
332
375
329
301
322
293
352
379
313
377
387
353
467
512
497
652
743
690
773
746
641
701
680
662
693
718
811
825
855
935
893
895
942
905
911
968
998
1052
1142
1204
1258
1340
1425
1469
1435
1435
1467
1410
1423
1502
1465
1536
1632
1656
1746
1771
1876
1798
1715
1940
1752
1684
1931
1769
1794
1930
1786
1899
2022
1916
1971
1999
1909
1961
1913
1743
1707
1611
1525
1623
1693
1741
1906
1997
1996
2092
2077
1985
1973
1911
1908
1919
1945
2114
2209
2284
2395
2374
2347
2257
2117
2022
1872
1802
1710
1636
1769
1827
1898
2043
1999
1950
1902
1683
1518
1346
1124
1055
925
821
896
876
903
994
931
922
927
801
751
741
624
533
493
315
185
203
178
224
232
214
298
232
181
223
110
29
40
-62
-133
-107
-171
-202
-121
-130
-171
-140
-166
-206
-178
-134
-138
-195
-176
-177
-264
-245
-218
-247
-140
3
36
78
102
46
-8
-23
-43
-110
-99
-47
-88
-97
-27
26
51
141
245
267
365
477
476
560
722
803
864
1007
1179
1321
1462
1626
1797
1899
2035
2208
2243
2341
2402
2295
2366
2466
2455
2587
2743
2767
2865
3036
3117
3240
3357
3345
3326
3240
3114
3053
2956
2885
2939
2974
3042
3242
3272
3220
3294
3182
3045
3060
2921
2846
2961
2929
2949
3069
3061
3081
3024
2928
2855
2610
2466
2417
2296
2293
2410
2473
2495
2575
2522
2443
2436
2262
2095
1967
1806
1670
1516
1483
1534
1564
1586
1553
1490
1381
1286
1199
1058
1056
1039
931
1057
1078
947
1045
946
729
604
281
85
-8
-166
-177
-168
-178
-143
-147
-188
-149
-259
-517
-549
-667
-820
-740
-712
-615
-469
-418
-346
-344
-333
-327
-509
-706
-837
-1064
-1246
-1238
-1315
-1334
-1054
-896
-817
-583
-494
-505
-510
-614
-772
-972
-1148
-1272
-1451
-1484
-1276
-1109
-887
-513
-273
-54
194
233
157
125
38
-153
-206
-169
-179
-16
216
388
653
928
1168
1377
1513
1618
1672
1633
1588
1583
1520
1554
1689
1686
1845
2121
2206
2412
2631
2678
2854
3021
3056
3149
3247
3287
3302
3278
3246
3272
3307
3297
3291
3311
3322
3295
3345
3429
3413
3512
3589
3514
3608
3567
3395
3480
3376
3226
3322
3197
3078
3151
3091
3052
3034
2943
2930
2855
2814
2894
2792
2725
2781
2633
2463
2340
2057
1840
1819
1703
1575
1617
1585
1531
1530
1485
1479
1422
1283
1078
762
476
230
-36
-210
-268
-291
-320
-333
-288
-269
-200
-91
-187
-305
-393
-660
-876
-1026
-1236
-1297
-1318
-1358
-1276
-1264
-1221
-1069
-1056
-977
-894
-1069
-1146
-1190
-1385
-1348
-1226
-1237
-1157
-1085
-1064
-1048
-1057
-1021
-1084
-1143
-1098
-1111
-1048
-909
-807
-677
-482
-316
-291
-261
-221
-330
-409
-358
-377
-308
-38
166
428
753
916
1120
1281
1308
1411
1389
1283
1275
1174
1147
1256
1252
1352
1573
1655
1833
2089
2138
2219
2381
2440
2530
2590
2541
2507
2367
2210
2113
1932
1882
1901
1862
1956
2101
2251
2416
2560
2661
2648
2550
2424
2296
2104
1935
1797
1649
1717
1835
1918
2206
2503
2685
2853
2935
2935
2840
2695
2589
2391
2249
2231
2158
2173
2258
2278
2362
2458
2488
2526
2513
2532
2511
2359
2280
2109
1885
1737
1502
1385
1331
1254
1320
1290
1274
1322
1214
1233
1211
982
874
656
370
300
162
3
24
13
-45
-12
-11
-38
-12
-75
-163
-227
-441
-644
-723
-914
-1124
-1207
-1330
-1419
-1418
-1438
-1394
-1317
-1268
-1175
-1106
-1127
-1162
-1208
-1266
-1313
-1438
-1509
-1454
-1533
-1542
-1391
-1398
-1299
-1161
-1183
-1013
-927
-1017
-941
-931
-977
-954
-980
-952
-917
-867
-712
-632
-543
-322
-138
-16
161
298
372
462
500
514
507
544
623
620
765
925
923
1102
1304
1423
1698
1920
2044
2185
2335
2510
2568
2629
2785
2806
2846
3017
3096
3210
3457
3612
3662
3788
3920
3944
4018
4058
4035
4070
4106
4182
4172
4157
4209
4098
4034
4063
4014
3980
4001
4099
4156
4148
4265
4277
4148
4170
4039
3732
3619
3407
3055
2937
2822
2603
2593
2557
2360
2376
2417
2289
2231
2164
2023
1871
1713
1549
1350
1169
1007
860
806
785
773
731
685
795
734
574
561
285
51
-12
-265
-436
-582
-746
-797
-893
-947
-959
-958
-943
-1025
-1076
-1095
-1096
-1076
-1114
-1100
-1149
-1210
-1140
-1204
-1297
-1315
-1381
-1380
-1304
-1204
-1083
-856
-612
-406
-201
-87
215
303
175
322
112
75
217
-88
-4
98
142
462
643
944
1165
1369
1626
1710
1848
1810
1841
1880
1672
1680
1592
1510
1703
1831
2077
2329
2508
2667
2766
2948
3000
3066
3112
2962
2903
2836
2766
2748
2805
2974
3081
3305
3550
3675
3823
3843
3791
3616
3402
3324
3100
2943
2940
2930
3040
3150
3277
3410
3491
3543
3501
3432
3281
3016
2755
2522
2301
2120
2011
1926
1817
1692
1626
1553
1450
1410
1332
1250
1219
1159
1035
827
680
562
296
95
-26
-190
-186
-147
-143
-27
2
-20
-12
-114
-231
-321
-477
-592
-703
-813
-753
-765
-804
-740
-743
-729
-727
-703
-651
-598
-459
-428
-414
-368
-431
-367
-323
-396
-371
-440
-451
-378
-453
-375
-277
-257
-77
43
134
293
409
514
559
598
653
669
716
745
813
950
1068
1205
1350
1502
1661
1773
1889
1936
1876
1850
1779
1644
1581
1545
1525
1549
1638
1770
1924
2122
2260
2329
2374
2375
2326
2195
2026
1848
1624
1396
1273
1181
1095
1207
1318
1432
1753
1935
2041
2189
2144
2100
2012
1792
1649
1464
1318
1290
1193
1224
1395
1433
1519
1692
1751
1834
1915
1889
1862
1786
1651
1576
1439
1287
1227
1035
1004
1113
995
1147
1372
1315
1513
1708
1680
1747
1625
1452
1429
1196
1043
994
776
798
906
888
1174
1504
1600
1830
1932
1718
1706
1647
1350
1296
1172
962
1058
1097
1180
1430
1485
1569
1673
1536
1537
1513
1220
1173
1104
860
903
930
896
1033
1149
1216
1194
1101
1066
1086
1134
1132
1083
1196
1427
1503
1485
1451
1337
1236
1168
1091
1017
979
1056
1180
1240
1455
1745
1769
1842
1945
1711
1551
1454
1142
976
862
730
809
857
929
1181
1326
1499
1775
1723
1645
1664
1350
1142
1064
787
734
811
805
979
1229
1446
1733
1977
2107
2175
2106
1887
1666
1364
1066
952
772
709
859
860
932
1153
1190
1188
1266
1183
1054
1004
848
718
647
583
648
676
721
829
802
745
642
435
265
173
84
42
172
308
436
683
818
846
919
848
627
475
254
-59
-248
-384
-445
-422
-382
-242
-132
-76
53
68
-39
-102
-215
-368
-433
-534
-695
-751
-766
-789
-779
-739
-648
-603
-493
-298
-301
-267
-128
-242
-294
-187
-246
-256
-230
-306
-309
-289
-264
-158
-75
106
409
479
515
651
536
456
548
489
432
508
573
661
849
1032
1116
1169
1211
1212
1161
1141
1195
1191
1240
1405
1510
1639
1840
1930
1935
1999
1988
1892
1884
1859
1816
1819
1753
1773
1904
1923
2048
2237
2297
2446
2466
2344
2324
2192
2071
2043
1964
1965
1993
2014
2124
2223
2287
2342
2286
2180
2063
1872
1744
1664
1527
1492
1546
1562
1586
1640
1670
1610
1457
1236
946
691
472
270
199
149
165
277
329
402
417
381
350
206
24
-167
-437
-750
-993
-1162
-1219
-1158
-1057
-855
-637
-462
-312
-302
-326
-389
-584
-769
-985
-1244
-1384
-1428
-1375
-1271
-1086
-785
-554
-277
-31
2
73
139
40
-140
-224
-252
-309
-164
28
157
367
498
612
764
849
908
878
762
710
714
717
840
956
986
1231
1425
1447
1544
1490
1405
1408
1355
1371
1389
1439
1567
1646
1773
1954
2077
2176
2299
2301
2244
2313
2300
2311
2478
2588
2704
2793
2876
3030
3115
3177
3258
3306
3373
3533
3636
3668
3822
3886
3846
3888
3911
3896
3848
3822
3805
3687
3640
3675
3653
3639
3680
3708
3734
3822
3796
3810
3890
3750
3692
3679
3568
3548
3443
3356
3336
3202
3205
3298
3253
3312
3396
3288
3252
3184
2954
2886
2787
2566
2474
2347
2186
2028
1892
1905
1850
1780
1834
1761
1638
1667
1601
1408
1306
1104
850
719
486
314
271
164
129
77
50
178
156
44
0
-192
-431
-535
-741
-990
-998
-982
-985
-874
-862
-899
-889
-944
-1007
-1046
-1104
-1108
-1133
-1229
-1214
-1243
-1330
-1264
-1287
-1399
-1398
-1387
-1374
-1262
-1182
-1179
-1095
-1004
-963
-893
-828
-747
-696
-713
-670
-636
-633
-498
-349
-270
-73
105
215
461
624
707
801
789
783
740
745
827
832
974
1229
1392
1551
1782
1966
2066
2244
2326
2268
2335
2321
2298
2418
2393
2452
2631
2722
2989
3102
3052
3247
3257
3174
3271
3196
3089
3166
3137
3085
3240
3277
3224
3321
3357
3405
3533
3565
3612
3646
3606
3586
3499
3411
3407
3343
3284
3333
3292
3233
3253
3107
2952
2868
2694
2540
2431
2368
2312
2238
2263
2336
2335
2291
2262
2134
1970
1881
1701
1561
1506
1405
1356
1321
1339
1352
1303
1299
1129
877
711
429
195
90
-68
-105
-33
-7
91
175
163
157
40
-143
-284
-509
-763
-932
-1098
-1200
-1109
-1051
-1028
-870
-809
-797
-728
-804
-919
-1019
-1206
-1365
-1503
-1622
-1596
-1532
-1420
-1241
-1094
-906
-738
-599
-465
-401
-372
-458
-613
-694
-818
-948
-909
-824
-724
-440
-146
102
449
686
812
950
916
856
836
632
528
541
470
645
920
1094
1421
1640
1685
1885
1951
1831
1772
1572
1353
1298
1212
1217
1363
1455
1593
1761
1828
1900
1936
1873
1849
1862
1785
1743
1796
1763
1859
2091
2090
2161
2330
2243
2203
2193
2008
1894
1837
1762
1789
1834
1851
1873
1849
1880
1900
1809
1775
1774
1727
1658
1606
1597
1594
1573
1542
1560
1624
1654
1627
1625
1628
1570
1549
1475
1369
1307
1153
1096
1099
1044
1101
1124
1171
1275
1272
1294
1289
1261
1290
1230
1109
999
882
817
796
756
790
899
897
921
995
922
894
871
782
742
598
533
545
404
446
532
481
607
605
496
546
516
521
548
502
541
543
556
630
580
576
646
605
601
626
616
671
748
822
861
809
771
697
558
614
610
429
496
499
382
495
523
519
630
615
572
571
534
510
424
340
355
286
274
394
397
467
609
650
749
807
736
702
647
553
499
417
426
481
463
596
621
528
603
572
562
638
613
622
570
517
565
545
589
671
684
833
958
929
971
996
909
833
742
691
691
632
692
762
745
894
986
979
1056
1009
919
890
781
678
643
634
730
835
968
1235
1393
1490
1599
1520
1417
1359
1198
1024
901
848
943
1101
1238
1399
1540
1599
1618
1604
1573
1550
1463
1364
1287
1250
1279
1272
1337
1414
1364
1404
1411
1324
1339
1245
1128
1128
1025
967
1030
1039
1056
1193
1330
1423
1503
1467
1440
1341
1065
915
794
674
747
791
853
1094
1186
1197
1428
1509
1501
1702
1609
1428
1436
1181
1097
1113
939
1096
1123
1123
1430
1435
1454
1534
1440
1368
1327
1311
1113
1018
1083
1052
1190
1369
1477
1510
1575
1697
1601
1570
1503
1287
1236
1158
1068
1013
1072
1229
1271
1491
1738
1836
2033
2171
2186
2107
2031
1953
1654
1512
1529
1367
1422
1544
1488
1619
1812
1838
1885
1976
1928
1849
1746
1591
1453
1254
1213
1263
1192
1196
1263
1231
1203
1284
1203
1083
1111
909
726
717
594
546
520
485
536
509
569
674
627
682
731
595
494
432
330
274
258
181
149
225
287
325
393
534
600
597
663
619
503
475
461
390
411
611
737
833
1033
1136
1190
1287
1274
1184
1097
1048
1002
989
1132
1266
1380
1578
1771
1871
1924
2056
2042
1974
2099
2024
1917
2101
2185
2287
2583
2738
2856
3037
3135
3178
3175
3224
3322
3306
3333
3412
3390
3512
3696
3731
3867
4025
4042
4083
4139
4103
3977
3870
3810
3711
3664
3670
3649
3621
3613
3634
3595
3570
3584
3493
3392
3351
3257
3084
2923
2839
2748
2709
2741
2599
2486
2501
2379
2258
2185
2079
1969
1863
1802
1701
1605
1566
1493
1434
1349
1229
1116
970
876
762
626
586
494
377
323
229
125
60
8
-50
-114
-182
-286
-434
-535
-616
-769
-825
-757
-719
-676
-618
-630
-700
-720
-796
-982
-1082
-1173
-1337
-1409
-1400
-1404
-1327
-1140
-1059
-1004
-816
-798
-841
-792
-891
-980
-1011
-1056
-1022
-975
-862
-685
-567
-436
-342
-374
-363
-366
-449
-405
-340
-295
-178
-60
67
211
347
461
572
662
731
754
735
798
882
907
980
1132
1142
1223
1467
1427
1470
1591
1485
1577
1654
1662
1908
2044
2092
2310
2371
2436
2676
2655
2691
2829
2748
2802
2887
2858
2956
3037
3077
3219
3274
3328
3447
3401
3416
3443
3331
3284
3202
3149
3165
3178
3211
3196
3255
3294
3225
3257
3249
3142
3138
3142
3047
2982
2924
2787
2714
2663
2533
2463
2381
2312
2321
2227
2188
2203
2070
1946
1866
1696
1467
1351
1223
1013
919
759
564
487
367
313
258
140
146
107
-24
-104
-240
-459
-604
-793
-1039
-1092
-1181
-1370
-1385
-1395
-1427
-1386
-1371
-1327
-1297
-1335
-1317
-1323
-1369
-1344
-1381
-1461
-1490
-1557
-1619
-1654
-1688
-1665
-1591
-1486
-1384
-1295
-1165
-1111
-1155
-1104
-1113
-1202
-1150
-1169
-1275
-1189
-1057
-984
-766
-541
-463
-319
-186
-205
-142
-95
-200
-148
-48
22
283
462
608
869
874
934
1141
985
948
1054
887
973
1087
1019
1227
1354
1457
1745
1783
1866
2017
1875
1919
2030
1897
1986
2082
2085
2312
2475
2585
2727
2812
2908
2944
2959
2990
3012
3048
3122
3227
3269
3354
3514
3499
3506
3617
3516
3462
3512
3423
3377
3396
3484
3612
3696
3889
3949
3846
3848
3729
3523
3411
3303
3161
3044
3017
2950
2951
3131
3193
3202
3263
3169
3007
2800
2563
2384
2123
1964
1864
1716
1782
1806
1771
1819
1718
1587
1405
1157
909
557
376
301
119
155
250
210
326
375
272
274
184
75
-28
-217
-272
-423
-544
-519
-653
-613
-457
-417
-330
-313
-324
-353
-443
-523
-639
-733
-755
-730
-742
-670
-529
-525
-402
-278
-368
-370
-385
-499
-506
-446
-421
-446
-359
-173
-125
-45
133
84
52
237
260
293
465
506
585
721
821
927
965
1064
1178
1119
1145
1234
1148
1258
1510
1562
1779
2021
1989
2088
2152
2105
2158
2051
1954
1955
1825
1802
1898
1838
1868
2016
1967
2061
2261
2143
2071
2103
1928
1822
1816
1716
1686
1673
1669
1740
1664
1640
1803
1814
1869
1972
1784
1672
1675
1479
1375
1374
1222
1140
1174
1212
1306
1384
1494
1614
1627
1671
1668
1499
1375
1239
1041
997
976
873
818
855
913
910
979
1026
993
1067
1073
987
914
890
857
661
624
653
519
569
599
471
465
436
298
222
105
-111
-171
-190
-264
-166
-122
-84
114
112
154
281
145
127
104
-81
-95
-152
-256
-282
-350
-372
-363
-322
-227
-159
-66
21
8
3
46
-8
-149
-236
-323
-460
-512
-516
-565
-520
-383
-324
-228
-82
-70
10
44
-86
-69
-147
-312
-341
-453
-487
-387
-312
-175
3
132
277
424
411
347
336
205
69
44
36
111
144
223
535
726
926
1257
1316
1296
1271
1039
874
791
659
638
718
811
1008
1301
1568
1788
1916
2035
2086
1913
1784
1649
1420
1371
1364
1288
1338
1433
1489
1644
1751
1751
1771
1676
1591
1521
1312
1248
1213
1087
1191
1291
1258
1427
1548
1504
1574
1517
1384
1399
1289
1225
1291
1202
1270
1411
1321
1438
1542
1435
1548
1547
1408
1448
1358
1259
1315
1281
1331
1439
1419
1493
1527
1408
1392
1338
1215
1232
1179
1133
1265
1343
1402
1568
1692
1658
1656
1679
1559
1421
1287
1169
1102
1082
1129
1169
1271
1481
1691
1840
1924
1937
1830
1725
1695
1539
1398
1444
1429
1435
1579
1650
1742
1877
1953
1981
1870
1720
1577
1393
1338
1363
1380
1495
1666
1770
1848
1947
1966
1975
1972
1845
1729
1657
1633
1564
1466
1563
1566
1550
1700
1648
1576
1587
1529
1453
1388
1428
1408
1426
1514
1515
1653
1730
1781
1844
1767
1801
1668
1447
1396
1254
1167
1191
1199
1205
1302
1456
1571
1683
1744
1802
1751
1693
1751
1588
1486
1489
1328
1302
1282
1256
1331
1343
1458
1540
1531
1688
1786
1816
1953
1913
1825
1856
1731
1624
1603
1495
1490
1520
1559
1757
1829
1848
1984
1920
1852
1863
1708
1600
1490
1299
1207
1228
1250
1267
1417
1489
1492
1571
1545
1556
1505
1341
1309
1180
1045
1017
943
971
1062
1110
1134
1208
1303
1307
1392
1458
1417
1415
1316
1221
1156
1081
1116
1082
1092
1232
1233
1261
1406
1335
1232
1270
1159
1073
1023
904
895
879
976
1084
1015
1136
1232
1137
1201
1184
1022
1006
956
815
834
927
926
959
1049
1127
1258
1368
1444
1546
1507
1420
1364
1139
1025
1032
872
865
939
860
915
1038
1046
1105
1182
1120
1037
1011
1040
1091
1058
1088
1154
1064
1100
1156
892
808
869
681
727
800
600
671
772
678
775
834
762
813
769
693
722
601
536
551
412
432
501
394
454
549
523
615
700
755
818
764
747
746
642
629
666
612
673
748
696
854
990
894
986
1090
1055
1155
1170
1084
1149
1141
1097
1171
1100
1058
1150
1073
1093
1230
1232
1374
1521
1473
1558
1621
1536
1610
1616
1489
1462
1379
1295
1256
1173
1173
1197
1200
1277
1382
1438
1482
1537
1517
1478
1444
1329
1239
1183
1113
1111
1141
1190
1216
1179
1238
1272
1178
1197
1174
981
966
952
789
861
957
940
1065
1158
1179
1209
1222
1210
1116
1039
942
799
703
615
617
600
596
741
739
813
1052
1010
966
999
832
734
694
552
487
470
487
590
695
834
952
1005
1154
1264
1256
1347
1367
1313
1296
1215
1182
1142
1153
1223
1198
1256
1343
1385
1446
1530
1610
1556
1569
1626
1475
1474
1530
1402
1458
1482
1330
1355
1347
1202
1188
1156
1038
1014
999
1035
1146
1193
1286
1355
1254
1193
1161
990
866
800
603
444
398
288
250
339
362
438
570
588
587
552
451
322
160
28
-79
-163
-193
-180
-149
-91
24
91
42
8
-18
-137
-238
-273
-317
-337
-269
-180
-145
-74
-34
-117
-96
-4
-69
-99
-77
-143
-89
13
90
265
351
453
612
559
585
690
604
632
707
695
849
1008
1068
1207
1372
1469
1576
1728
1776
1743
1754
1773
1793
1764
1752
1793
1809
1947
2041
2049
2191
2270
2302
2347
2364
2424
2434
2476
2566
2539
2583
2743
2741
2718
2789
2732
2652
2647
2611
2593
2576
2595
2683
2703
2746
2798
2726
2709
2664
2489
2353
2208
2040
1884
1798
1811
1769
1779
1893
1919
1958
2079
2062
1965
1886
1695
1493
1332
1195
1156
1121
1184
1363
1404
1445
1535
1407
1274
1158
828
661
667
568
575
667
699
770
905
967
926
924
858
731
698
582
441
400
346
398
472
499
615
653
667
714
592
457
378
211
72
82
99
139
329
474
624
870
966
1024
1003
814
671
453
229
146
74
106
250
431
672
879
1056
1179
1217
1231
1134
972
844
681
519
490
537
569
734
948
1053
1188
1296
1297
1305
1242
1069
844
614
556
533
461
626
779
801
1021
1188
1177
1238
1195
994
880
823
702
645
714
779
872
1042
1227
1349
1418
1501
1440
1269
1205
1091
945
976
946
840
947
1061
1121
1293
1410
1437
1436
1454
1481
1393
1309
1290
1205
1128
1148
1172
1201
1259
1302
1269
1265
1380
1391
1364
1445
1448
1418
1481
1554
1569
1548
1566
1553
1467
1477
1496
1395
1401
1422
1337
1386
1439
1420
1488
1542
1558
1549
1543
1551
1452
1332
1254
1078
855
724
574
483
636
809
914
1075
1211
1229
1178
1080
898
671
481
328
197
154
179
212
275
365
450
521
586
532
381
322
197
36
16
-59
-145
-149
-158
-194
-232
-250
-315
-319
-321
-388
-346
-357
-370
-234
-265
-312
-212
-385
-529
-484
-727
-848
-796
-955
-892
-713
-679
-490
-375
-387
-316
-392
-484
-485
-605
-718
-736
-791
-824
-676
-540
-468
-248
-116
-80
69
111
76
127
154
148
176
240
336
403
473
586
628
692
783
827
963
1019
1018
1118
1156
1272
1361
1303
1444
1574
1558
1635
1624
1524
1518
1552
1560
1631
1774
1871
2036
2215
2280
2407
2496
2458
2440
2355
2292
2271
2152
2130
2177
2209
2373
2527
2652
2848
2948
2989
3052
3085
3176
3201
3101
3075
2983
2869
2958
2930
2898
3104
3165
3216
3418
3429
3435
3528
3445
3382
3302
3185
3206
3114
3075
3149
3083
3091
3170
3187
3189
3219
3158
3057
3073
2968
2859
2817
2690
2667
2610
2517
2456
2313
2296
2254
2140
2222
2268
2283
2417
2430
2387
2411
2321
2161
1998
1824
1778
1731
1724
1807
1701
1666
1742
1709
1741
1730
1694
1691
1620
1547
1462
1427
1376
1277
1226
1125
1053
975
873
898
872
779
727
669
579
592
731
687
698
748
577
548
472
310
183
-40
-120
-223
-286
-184
-222
-196
-102
-102
-138
-189
-156
-279
-396
-356
-532
-602
-604
-749
-743
-734
-717
-616
-509
-326
-177
-90
-2
90
77
-15
-42
-189
-316
-297
-323
-259
-102
-18
-8
90
152
102
207
277
298
361
348
412
418
403
518
504
543
708
705
736
880
952
1020
1121
1211
1262
1358
1538
1578
1617
1747
1718
1744
1874
1897
1928
1987
2051
2157
2275
2431
2594
2676
2772
2880
2843
2863
3009
3040
3114
3259
3265
3302
3374
3316
3252
3201
3120
3087
3083
3088
3166
3231
3276
3392
3426
3423
3492
3493
3441
3376
3268
3148
3116
3048
2879
2877
2874
2803
2819
2756
2692
2666
2573
2476
2431
2364
2248
2160
2067
2076
2100
2019
2077
2124
2032
1970
1875
1710
1568
1486
1343
1185
1166
1125
1070
1117
1093
1034
996
877
715
527
375
234
51
-28
-113
-228
-193
-97
-17
-4
16
39
-95
-212
-326
-577
-753
-867
-1039
-1095
-1009
-1009
-1016
-862
-765
-754
-681
-656
-680
-700
-704
-734
-794
-762
-767
-818
-787
-800
-801
-725
-639
-558
-462
-340
-258
-200
-122
-14
95
192
308
354
402
526
579
582
657
727
735
788
881
921
988
1104
1153
1254
1451
1575
1649
1720
1815
1842
1855
2010
2010
1900
1931
1942
1966
2094
2199
2231
2328
2474
2631
2798
2872
2901
2834
2764
2821
2750
2643
2695
2649
2630
2825
2904
2992
3218
3266
3259
3205
3027
2941
2831
2711
2675
2560
2551
2658
2657
2738
2873
2871
2860
2877
2800
2670
2602
2490
2351
2304
2226
2152
2123
2122
2142
2036
1981
2006
1883
1767
1670
1445
1282
1253
1234
1251
1260
1256
1250
1207
1217
1172
1043
947
710
415
303
214
85
20
-35
-81
-103
-139
-181
-224
-188
-222
-398
-413
-430
-499
-454
-494
-500
-527
-699
-746
-782
-844
-732
-706
-732
-532
-491
-553
-401
-423
-545
-522
-570
-611
-607
-641
-602
-576
-533
-342
-248
-176
33
44
18
127
55
10
72
84
196
281
315
425
496
640
848
856
871
931
752
703
780
638
702
925
1066
1272
1419
1589
1718
1695
1776
1770
1623
1562
1353
1145
1190
1238
1303
1492
1680
1818
1987
2137
2154
2143
2103
2009
1855
1635
1594
1573
1493
1646
1721
1737
1978
2074
2048
2141
2152
2054
1963
1894
1815
1704
1671
1719
1717
1775
1913
1930
1972
2079
2085
2068
1997
1864
1759
1633
1542
1454
1333
1344
1377
1282
1285
1333
1250
1276
1328
1203
1185
1212
1046
997
1081
975
872
858
682
493
470
421
331
373
485
573
658
716
746
751
709
666
575
413
332
278
189
188
182
168
232
306
417
463
505
580
481
485
570
412
380
478
356
390
568
528
642
791
700
796
818
573
553
460
239
289
266
252
419
407
456
623
573
587
618
460
438
492
461
433
470
491
455
521
534
483
529
519
504
562
581
531
504
560
587
578
577
537
582
680
727
839
940
969
1024
1043
971
963
954
803
694
622
494
417
428
457
509
653
810
931
1015
1004
942
902
855
720
626
695
731
696
773
835
804
870
956
998
1067
1085
1146
1232
1247
1293
1215
1093
1095
951
813
908
928
860
1005
1166
1158
1334
1538
1528
1581
1488
1272
1147
879
713
750
768
947
1182
1313
1538
1649
1570
1601
1500
1229
1139
1014
799
769
736
760
1046
1259
1487
1737
1709
1783
1785
1456
1363
1199
760
706
674
431
658
911
945
1373
1611
1543
1753
1705
1416
1324
1034
713
711
626
671
1010
1046
1207
1551
1447
1513
1523
1085
922
643
234
287
307
350
667
821
1013
1303
1306
1358
1444
1169
971
820
425
358
402
290
615
945
1046
1389
1489
1378
1460
1242
1008
993
718
707
871
757
1060
1349
1283
1614
1761
1597
1791
1712
1421
1417
1150
991
1108
899
981
1195
1100
1434
1629
1455
1690
1657
1387
1505
1383
1202
1385
1410
1442
1666
1645
1643
1693
1498
1439
1333
1059
1087
1048
942
1162
1294
1468
1769
1843
1906
1847
1672
1501
1159
932
744
519
548
601
707
1058
1283
1411
1653
1728
1720
1687
1433
1240
1005
602
496
424
277
479
643
813
1219
1379
1490
1671
1581
1439
1273
997
880
791
673
788
769
636
788
767
758
1014
955
925
1068
996
969
967
793
707
736
612
574
607
498
648
707
630
902
906
887
1165
1105
1072
1166
1033
931
836
594
402
278
126
218
334
398
824
1055
1278
1754
1699
1677
1714
1253
1038
919
615
653
753
757
1060
1283
1456
1896
1973
2073
2292
1949
1821
1678
1174
1139
1009
869
1225
1353
1639
2131
2190
2375
2422
2098
2167
2040
1678
1773
1566
1316
1605
1658
1790
2132
2078
2129
2201
2067
2155
2028
1716
1701
1499
1289
1455
1352
1319
1600
1539
1678
1966
1976
2203
2201
2022
2023
1546
1140
933
470
525
679
694
1165
1486
1664
1919
1896
1830
1716
1409
1161
835
488
463
430
473
801
910
1025
1218
1103
1033
995
849
758
656
639
702
687
653
629
560
480
412
316
209
254
380
417
535
635
549
574
586
389
352
286
88
128
182
196
333
466
581
703
790
902
1045
1047
1001
942
751
759
788
604
695
798
784
1066
1324
1571
1881
1950
2043
2062
1875
1858
1686
1424
1484
1403
1362
1618
1709
1887
2149
2177
2275
2230
2003
1874
1644
1521
1561
1568
1689
1891
2031
2114
2199
2144
1968
1932
1756
1436
1425
1381
1285
1512
1595
1568
1721
1650
1574
1581
1312
1226
1201
949
1017
1102
1029
1200
1309
1245
1208
1110
949
848
843
904
1040
1236
1435
1506
1468
1431
1181
812
539
199
1
58
95
214
483
673
881
1156
1195
1131
1033
780
633
403
6
-133
-222
-231
78
264
479
881
1002
1041
1038
720
426
143
-251
-489
-593
-504
-129
325
878
1526
1884
2014
2018
1529
933
450
-302
-774
-825
-793
-253
570
1347
2220
2837
3109
3049
2500
1751
1032
280
-217
-272
-160
331
1157
1781
2396
3048
3378
3476
3394
3038
2489
1851
1320
1031
910
1013
1377
1843
2434
3137
3623
3919
4144
3958
3426
2946
2299
1515
1102
853
827
1307
1771
2314
3050
3537
3951
4064
3727
3397
2774
1989
1659
1283
860
988
1100
1226
1715
1901
2126
2542
2563
2618
2620
2414
2340
2057
1782
1670
1220
823
616
254
94
155
230
488
831
1189
1526
1726
1872
1766
1483
1284
838
378
32
-473
-717
-794
-809
-584
-311
148
640
962
1307
1504
1338
927
369
-346
-966
-1461
-1927
-2075
-1891
-1426
-753
-134
458
912
1140
1310
1221
819
446
-73
-777
-1232
-1662
-1955
-1765
-1472
-902
-171
349
1040
1468
1488
1548
1116
517
164
-475
-807
-772
-828
-434
45
441
1036
1299
1453
1491
1050
813
505
-72
-103
-119
-191
106
263
553
936
1105
1291
1240
1093
953
650
417
232
100
119
283
564
836
1234
1695
1900
2047
2074
1743
1418
1111
723
484
402
531
869
1282
1777
2256
2552
2758
2783
2473
2104
1766
1367
1111
1092
1109
1157
1383
1723
2013
2165
2304
2303
2133
2087
1848
1520
1545
1460
1293
1389
1366
1250
1339
1375
1326
1367
1368
1344
1371
1422
1517
1563
1528
1427
1176
990
904
683
576
599
559
642
805
994
1257
1378
1382
1372
1208
1026
861
624
440
381
402
428
575
706
653
724
778
564
465
443
207
117
131
58
253
563
736
937
1069
1031
946
779
579
457
277
87
76
77
96
379
725
1016
1414
1666
1647
1698
1665
1324
1083
808
351
176
200
299
549
849
1235
1560
1907
2263
2275
2271
2238
1950
1762
1469
1196
1219
1136
1206
1443
1569
1906
2144
2152
2282
2247
1956
1755
1679
1522
1477
1713
1794
1874
2192
2316
2433
2475
2270
2278
2171
2020
2126
1962
1943
2100
1866
1938
2108
1988
2193
2175
1984
2194
2203
2273
2484
2322
2252
2178
1930
1946
1920
1793
1982
2112
2031
2186
2309
2229
2249
2178
1915
1699
1531
1279
1127
1118
1125
1329
1541
1728
2048
2099
2091
2044
1614
1349
1174
804
628
575
529
661
922
1128
1367
1665
1753
1704
1600
1391
1255
1092
807
566
383
366
501
552
628
767
801
873
975
973
955
878
774
644
470
472
478
404
580
756
839
1120
1216
1095
1135
960
598
424
132
-88
-9
34
207
495
783
1164
1380
1453
1511
1383
1185
1055
796
518
429
345
275
414
636
847
1097
1305
1447
1512
1522
1452
1241
1132
1064
869
806
854
959
1175
1409
1655
1801
1880
2019
2001
1863
1860
1782
1658
1728
1720
1730
1920
2007
2045
2116
2101
1986
1928
1905
1856
1945
2002
2069
2242
2236
2285
2294
2072
2025
1941
1758
1804
1860
1858
1905
1943
1919
1794
1733
1760
1657
1609
1658
1580
1566
1586
1507
1503
1470
1367
1268
1167
1202
1214
1176
1338
1410
1408
1545
1500
1349
1243
1098
1031
996
987
1076
1155
1284
1456
1533
1524
1450
1349
1146
925
778
553
504
650
687
883
1192
1246
1301
1404
1262
1089
992
715
496
495
364
342
490
532
860
1108
1070
1302
1263
1144
1291
976
796
861
583
618
795
724
877
1003
916
967
949
851
853
716
616
652
571
566
670
656
688
797
730
684
757
676
635
642
476
440
464
409
433
353
336
476
426
464
686
688
710
829
697
650
681
468
413
433
324
410
582
731
970
1205
1365
1478
1521
1492
1423
1254
1152
1103
917
995
1182
1178
1394
1570
1647
1877
1925
1957
1987
1820
1801
1760
1599
1656
1631
1508
1608
1714
1806
1932
2008
2030
1939
1860
1762
1603
1592
1615
1568
1532
1545
1635
1684
1703
1731
1724
1754
1830
1885
1833
1796
1778
1647
1627
1574
1420
1512
1557
1547
1706
1688
1667
1746
1668
1621
1544
1311
1201
1074
852
842
756
625
744
725
732
953
988
1003
1082
1013
934
799
577
401
138
-55
-54
-120
-16
233
259
378
545
486
527
587
406
221
70
-102
-160
-219
-216
-2
157
356
675
717
730
840
654
540
471
142
-10
-81
-117
98
285
529
827
947
1068
1139
944
777
689
384
221
269
195
291
567
750
997
1241
1287
1334
1354
1232
1164
1048
881
820
713
694
806
807
946
1203
1286
1482
1675
1549
1529
1572
1382
1284
1205
1045
1039
1042
1039
1185
1302
1405
1625
1634
1628
1747
1584
1465
1412
1199
1118
1125
1094
1083
1123
1167
1222
1315
1313
1282
1278
1189
1148
1113
987
965
908
780
838
905
913
1067
1140
1094
1174
1153
965
878
803
632
529
473
443
528
599
685
792
801
888
956
899
910
821
643
544
464
428
406
475
565
525
593
604
410
384
413
307
292
345
316
397
618
684
783
907
793
768
754
590
603
620
538
713
846
895
1196
1275
1279
1469
1401
1301
1309
1232
1111
1102
1177
1117
1233
1458
1518
1723
1853
1887
1961
1934
2048
2026
1907
2007
1893
1858
2046
2022
2077
2204
2193
2267
2352
2324
2327
2351
2345
2333
2257
2279
2410
2379
2427
2549
2373
2371
2505
2310
2320
2339
2112
2134
2063
1920
1987
1903
1875
1965
1853
1850
1932
1750
1613
1612
1339
1076
1057
798
628
812
791
788
919
805
677
654
511
292
100
-56
-182
-357
-441
-417
-492
-480
-437
-540
-574
-598
-660
-721
-771
-695
-710
-804
-746
-768
-856
-841
-839
-845
-796
-687
-647
-609
-469
-525
-633
-625
-686
-661
-650
-666
-529
-464
-314
-102
-131
-35
58
-146
-145
-102
-318
-241
-89
-188
87
400
460
840
1078
1021
1138
1192
1191
1306
1343
1320
1362
1409
1466
1618
1747
1804
1928
2011
2058
2234
2341
2346
2441
2493
2493
2540
2586
2696
2796
2883
3024
3018
2970
2961
2793
2694
2628
2393
2371
2430
2409
2655
2889
2998
3190
3294
3354
3382
3208
3017
2804
2443
2294
2232
2014
2041
2095
2033
2233
2400
2403
2431
2367
2248
2073
1825
1662
1392
1087
1070
1043
1008
1159
1252
1276
1355
1434
1435
1404
1358
1150
895
738
488
248
140
48
53
146
327
567
758
938
983
879
803
617
249
4
-145
-385
-417
-236
-130
25
271
450
537
582
610
547
381
284
221
91
120
136
-23
1
59
44
153
285
476
632
678
833
877
745
752
693
532
527
420
236
277
319
359
584
838
999
1135
1305
1317
1228
1222
1099
956
880
733
636
581
621
779
900
1204
1616
1796
1949
2143
2037
1859
1870
1599
1316
1373
1243
1255
1594
1716
1922
2199
2232
2325
2379
2304
2284
2172
2018
2049
2077
2076
2204
2240
2222
2279
2276
2238
2231
2193
2090
2097
2134
2108
2189
2278
2277
2249
2232
2190
2082
1951
1802
1668
1558
1537
1622
1627
1743
1949
1908
1928
1964
1737
1634
1518
1220
1106
1020
956
1084
1141
1239
1447
1473
1588
1722
1495
1404
1324
934
835
809
630
681
666
598
701
711
757
842
778
834
851
687
735
723
532
588
583
427
501
524
398
398
346
206
94
-19
22
90
81
211
327
302
413
484
317
334
324
118
211
295
177
321
510
526
675
818
787
765
710
594
495
441
466
518
651
892
1123
1294
1362
1384
1341
1221
1251
1221
1019
1129
1263
1117
1261
1455
1414
1570
1622
1459
1449
1315
1067
1029
1059
1074
1091
1194
1420
1547
1654
1833
1865
1827
1798
1588
1316
1118
907
795
773
766
890
1004
1071
1312
1459
1412
1564
1586
1372
1364
1153
844
851
720
562
632
661
710
836
888
921
945
906
857
678
471
411
265
204
380
364
318
508
576
629
772
733
704
711
589
511
415
315
335
218
110
186
159
267
570
585
564
759
708
618
712
488
252
258
192
308
487
602
884
995
1016
1131
1028
889
840
655
439
406
460
509
762
1011
1114
1376
1496
1430
1475
1374
1260
1196
989
909
973
1058
1284
1531
1631
1820
1963
1848
1852
1758
1478
1423
1331
1271
1441
1577
1767
1955
2042
2188
2211
2103
2048
1880
1683
1670
1587
1512
1694
1862
1982
2171
2279
2266
2245
2193
1975
1722
1501
1211
974
889
927
1006
1133
1300
1426
1541
1575
1542
1465
1264
1101
936
716
642
593
500
606
752
719
815
973
864
827
856
660
607
654
577
587
667
739
770
802
841
803
816
867
825
776
751
789
870
859
984
1184
1253
1482
1568
1360
1404
1374
1119
1129
1064
900
998
1045
1093
1290
1382
1602
1896
1916
2074
2179
1892
1867
1843
1465
1415
1450
1333
1600
1873
1927
2133
2241
2174
2187
2135
1978
1874
1758
1720
1762
1732
1794
1890
1882
1923
1986
2030
2171
2348
2380
2319
2199
1964
1697
1488
1367
1191
1100
1228
1299
1501
1770
1754
1715
1643
1427
1302
1162
900
767
701
589
613
620
605
779
802
720
775
632
495
562
436
250
223
91
-43
36
41
23
125
135
232
367
308
335
319
167
215
144
-99
-84
-124
-238
-19
149
174
445
589
488
565
551
368
375
294
161
209
198
304
464
432
544
628
425
416
512
455
624
830
812
928
1107
1102
1143
1215
1117
1039
1038
993
982
1057
1098
1139
1254
1377
1513
1605
1651
1750
1786
1764
1806
1804
1777
1875
1920
1853
1881
1842
1735
1726
1660
1654
1707
1727
1922
2086
2164
2307
2263
2208
2256
2047
1799
1656
1422
1345
1375
1310
1373
1442
1461
1587
1616
1686
1851
1800
1727
1688
1461
1369
1370
1226
1279
1330
1224
1271
1277
1249
1297
1190
1081
1031
844
804
858
715
733
855
733
715
810
705
667
665
423
238
189
117
128
200
265
321
319
339
391
365
350
423
386
264
258
165
9
32
10
-81
15
81
51
222
364
361
439
467
476
497
426
456
433
305
359
378
330
420
456
394
508
672
671
828
1047
1070
1158
1195
1074
990
911
851
756
631
641
718
873
1118
1280
1417
1645
1817
1876
1920
1834
1613
1447
1295
1137
1109
1194
1349
1552
1790
2027
2139
2204
2280
2218
2092
2040
1885
1700
1782
1825
1749
1857
1924
1866
1884
1983
2123
2169
2108
2111
2036
1922
2016
2024
1941
2039
1996
1806
1776
1746
1707
1810
1831
1780
1834
1798
1699
1680
1714
1754
1718
1733
1804
1799
1805
1833
1818
1722
1614
1600
1498
1386
1416
1285
1186
1253
1186
1212
1333
1343
1402
1495
1531
1552
1487
1355
1251
1054
905
915
812
781
908
894
998
1195
1186
1269
1351
1255
1186
1128
1138
1128
1066
1166
1220
1217
1389
1419
1255
1281
1278
1120
1101
1099
1070
1163
1350
1538
1664
1761
1837
1823
1764
1773
1634
1454
1483
1336
1179
1308
1384
1497
1651
1706
1825
1810
1712
1711
1526
1361
1377
1212
1085
1215
1184
1136
1329
1393
1424
1567
1602
1572
1483
1377
1230
1009
956
942
841
877
993
1045
1156
1400
1563
1657
1770
1692
1523
1420
1217
1021
925
876
886
871
926
1045
1117
