58091     
200.0
8682
8704
8613
8647
8817
8896
9024
9275
9378
9279
9159
9021
8824
8730
8749
8730
8828
9096
9243
9266
9270
9131
8903
8832
8899
8871
8860
9046
9156
9137
9246
9279
9031
8792
8721
8661
8660
8880
9099
9103
9113
9222
9249
9223
9219
9067
8855
8813
8796
8792
8913
8993
8941
8946
9074
9083
9003
9074
9131
9099
9175
9206
9027
8948
9052
9024
8907
8931
8993
8946
8931
8985
8934
8861
8908
9005
9101
9225
9346
9298
9155
9086
8962
8806
8772
8741
8683
8821
9029
9047
9039
9082
9030
8935
9015
9162
9135
9085
9027
8796
8657
8812
8933
8920
9028
9172
9144
9093
9149
9051
8797
8753
8865
8906
9041
9285
9275
9154
9165
9076
8864
8755
8795
8824
8944
9176
9195
9098
9111
9102
9012
8982
8933
8801
8804
8921
8982
9082
9242
9256
9134
9068
9020
8912
8831
8804
8807
8852
8921
8982
8978
8975
9060
9113
9105
9104
9131
9157
9119
9041
8938
8809
8744
8785
8936
9156
9246
9169
9084
8983
8905
8935
8968
8979
9017
9097
9202
9232
9171
8957
8746
8777
8784
8709
8846
9123
9240
9321
9521
9438
9089
8833
8689
8617
8601
8686
8798
8931
9138
9196
9178
9279
9288
9148
9096
9097
8980
8853
8794
8713
8626
8710
8863
8824
8842
9034
9157
9262
9346
9251
9079
9127
9246
9075
8870
8805
8649
8560
8796
9051
9086
9206
9381
9283
9154
9201
9125
8877
8808
8877
8830
8901
9120
9126
8989
9002
8939
8729
8844
9065
8998
9065
9343
9325
9042
9005
9035
8806
8714
8777
8721
8760
8989
9086
9010
9110
9222
9063
9005
9155
9118
8966
9012
8979
8748
8810
9046
8986
8942
9147
9194
9142
9299
9396
9209
9008
8900
8622
8433
8614
8736
8752
8989
9196
9123
9152
9329
9225
9020
9023
8969
8812
8918
9118
9035
8976
9100
9053
8920
8931
8906
8773
8775
8893
8915
9051
9366
9501
9399
9260
9108
8886
8823
8995
9008
8879
8939
9042
8982
8991
9076
8903
8715
8768
8768
8765
8980
9239
9329
9368
9378
9094
8730
8623
8638
8677
8875
9164
9252
9269
9339
9194
8933
8821
8689
8541
8675
8935
9120
9355
9518
9396
9110
8944
8867
8740
8730
8864
8971
9065
9273
9425
9338
9239
9123
8832
8560
8509
8588
8741
9050
9295
9289
9324
9408
9230
8978
8894
8809
8662
8654
8801
8879
9055
9353
9359
9203
9125
8977
8781
8775
8914
8919
8927
9014
8915
8771
8886
9033
8970
9015
9233
9258
9211
9317
9206
8862
8790
8820
8716
8792
9035
9138
9177
9297
9219
8982
8941
8930
8802
8796
8904
8896
8936
9132
9180
9071
9029
9007
8856
8783
8859
8800
8831
9124
9265
9247
9357
9406
9199
9009
8925
8734
8576
8670
8764
8729
8906
9173
9175
9132
9187
9118
8969
9065
9221
9099
9045
9150
9012
8786
8830
8896
8838
8959
9166
9164
9154
9272
9233
9040
8987
8961
8789
8762
8917
8940
8903
8997
9051
8972
9011
9091
9026
9069
9227
9151
8940
8895
8843
8674
8697
8854
8853
8888
9068
9111
9032
9069
9107
8983
8930
9046
9040
8948
9040
9068
8911
8944
9120
9076
8917
8942
8955
8878
9030
9156
8992
8980
9196
9189
9079
9179
9109
8859
8922
9004
8814
8834
9050
8971
8936
9193
9202
9029
9135
9204
8996
8979
9066
8846
8738
8946
9026
8995
9112
9118
8892
8875
9033
8947
8836
8935
8947
8857
8931
9021
9028
9073
9111
9086
9068
9110
9047
8848
8804
8872
8813
8838
9035
9119
9157
9219
9128
8957
8922
8971
8946
8978
9089
9023
8922
9003
9016
8910
8938
9006
8955
8963
9076
9103
9048
9089
9147
9045
8963
8998
8967
8924
8993
9043
9033
9120
9240
9175
9050
9004
8883
8764
8807
8886
8937
9043
9135
9127
9126
9104
8957
8851
8882
8914
8911
8975
9112
9197
9196
9144
9017
8840
8700
8703
8800
8870
8997
9176
9254
9232
9209
9080
8814
8756
8851
8846
8955
9161
9197
9167
9193
9076
8817
8723
8741
8678
8808
9114
9175
9167
9327
9271
8970
8866
8804
8618
8667
8867
8824
8845
9180
9277
9126
9205
9218
8965
8948
9120
8990
8920
9177
9203
9012
9025
8977
8687
8586
8733
8753
8817
9172
9373
9337
9419
9410
9152
8977
8941
8795
8724
8896
8939
8837
8922
9053
8969
8893
9018
9086
9070
9149
9162
9110
9121
9037
8798
8645
8712
8786
8832
8974
9103
9175
9265
9320
9163
8959
8958
8946
8894
9023
9209
9204
9098
9042
8898
8718
8734
8854
8901
9006
9207
9252
9233
9266
9089
8784
8659
8686
8665
8708
9026
9229
9203
9251
9170
8900
8764
8780
8715
8741
8991
9139
9182
9292
9321
9177
9081
9071
8992
9009
9140
9144
9038
8998
8969
8828
8773
8860
8880
8892
9053
9205
9169
9113
9184
9153
8965
8940
8958
8831
8832
8938
8893
8869
9042
9087
8986
9083
9194
9075
8994
9044
8932
8827
8948
8910
8749
8892
9075
9000
9035
9224
9169
9116
9315
9345
9176
9185
9166
8850
8662
8718
8628
8602
8860
9019
9038
9251
9430
9270
9125
9129
8981
8847
8923
8879
8745
8863
8975
8867
8866
9016
9058
9050
9131
9165
9102
9104
9122
9048
8993
8968
8862
8782
8857
8957
9027
9098
9129
9145
9118
9030
8947
8879
8877
8985
9042
9005
9088
9210
9128
9038
9064
8948
8797
8885
8975
8941
9041
9171
9076
8993
9062
8940
8751
8846
8923
8857
9006
9219
9128
9047
9126
9001
8828
8873
8886
8796
8913
9107
9094
9173
9340
9228
9043
9075
9080
8955
8975
8981
8830
8839
8970
8971
8904
8915
8950
8942
9025
9169
9184
9108
9113
9124
8995
8949
9049
9019
8923
8961
8977
8861
8864
8996
8956
8831
8870
8893
8847
9024
9249
9209
9158
9248
9192
9060
9090
8996
8750
8732
8786
8660
8701
8975
9052
9041
9181
9256
9203
9229
9245
9072
8964
9009
8913
8820
8980
9116
9124
9192
9180
8955
8775
8760
8731
8751
8943
9139
9215
9301
9431
9397
9181
8957
8762
8567
8488
8648
8842
8964
9232
9476
9436
9325
9233
8925
8614
8644
8655
8570
8848
9239
9302
9346
9440
9195
8941
9014
8882
8587
8708
8858
8705
8818
9129
9067
9069
9392
9339
9050
9135
9146
8828
8850
9039
8783
8673
8968
8991
8934
9241
9284
8950
9034
9234
8964
8827
9043
8953
8750
9037
9208
8928
8995
9294
9137
8975
9204
9199
8953
9010
9055
8853
8822
8951
8858
8725
8885
9052
9027
9078
9222
9202
9101
9094
9027
8836
8731
8749
8694
8741
9085
9310
9272
9286
9278
9004
8773
8811
8730
8641
8887
9111
9143
9306
9485
9275
9033
9116
8963
8668
8822
8936
8753
8866
9121
9017
8958
9145
9043
8794
8975
9172
8978
9026
9265
9083
8938
9105
8990
8637
8637
8755
8688
8844
9158
9164
9137
9343
9357
9175
9129
9043
8782
8649
8775
8863
8964
9223
9351
9307
9244
9143
8959
8811
8839
8870
8836
8885
8989
9068
9097
9127
9091
8930
8868
8913
8872
8848
8967
9016
8930
8989
9047
8902
8905
9062
9042
9007
9098
9001
8819
8966
9089
8897
8903
9109
9049
9016
9240
9219
8982
9044
9138
8946
8908
9045
8903
8795
9007
9033
8880
9008
9139
9023
9073
9271
9155
8986
9079
9020
8779
8795
8901
8820
8880
9114
9155
9149
9307
9337
9135
9033
8974
8784
8728
8804
8791
8808
8991
9135
9153
9232
9293
9191
9070
9001
8896
8787
8742
8756
8791
8889
9112
9232
9199
9253
9317
9253
9103
8950
8798
8712
8755
8760
8748
8858
9057
9191
9228
9230
9098
8950
8939
8904
8791
8749
8819
8869
8899
9048
9150
9129
9209
9258
9162
9094
9049
8933
8865
8959
9008
8962
9039
9149
9121
9094
9143
9123
9019
9016
9044
8894
8799
8868
8849
8866
9041
9055
8928
9031
9241
9156
8955
8968
8979
8867
8893
8975
8888
8916
9138
9160
9111
9207
9147
8898
8829
8879
8715
8641
8841
8879
8914
9256
9378
9141
9156
9293
9092
8948
9064
8937
8738
8929
9073
8997
9117
9245
9089
9022
9167
9051
8828
8939
9016
8878
8909
9022
8920
8884
9056
8999
8813
8901
9042
9047
9107
9223
9136
9024
9107
9065
8906
8858
8846
8813
8815
8912
9011
9076
9183
9271
9224
9082
8995
8892
8710
8664
8770
8841
8980
9244
9357
9337
9373
9315
9040
8835
8792
8649
8586
8764
8879
8892
9057
9262
9169
9081
9204
9049
8842
8998
9050
8887
8956
9105
8920
8802
9016
9055
8972
9123
9226
9111
9160
9251
8962
8744
8770
8638
8635
8994
9267
9331
9506
9590
9229
8844
8745
8594
8512
8774
9020
9108
9279
9363
9162
9026
8982
8729
8523
8583
8757
8973
9286
9531
9484
9357
9213
8909
8663
8622
8606
8599
8823
9100
9223
9324
9335
9222
9042
8840
8724
8726
8823
8923
9050
9204
9279
9345
9363
9221
8974
8751
8630
8639
8795
8951
8997
9077
9124
8960
8834
8874
8838
8880
9139
9295
9272
9276
9269
9048
8846
8868
8740
8549
8683
8828
8774
8882
9109
9130
9179
9371
9345
9215
9270
9235
9025
8960
8900
8654
8583
8730
8760
8830
9121
9289
9246
9296
9329
9145
9016
8979
8779
8639
8693
8711
8733
8913
9083
9111
9254
9398
9253
9064
8974
8819
8627
8656
8836
8906
9014
9203
9261
9178
9117
9123
9054
8948
8908
8828
8784
8932
9090
9045
8974
9009
9001
9004
9075
9025
8849
8844
8995
8958
8944
9211
9333
9194
9206
9249
8978
8765
8781
8592
8465
8814
9133
9158
9315
9479
9239
9031
9084
8890
8647
8802
8932
8813
8958
9278
9266
9249
9417
9279
8947
8887
8862
8637
8609
8832
8901
8978
9270
9396
9282
9256
9217
8954
8794
8853
8757
8622
8780
8997
9049
9136
9198
8997
8798
8868
8874
8743
8873
9014
8941
9064
9257
9140
8995
9113
9138
8964
9000
9108
9037
9016
9043
8938
8811
8835
8932
8952
9042
9189
9150
9093
9152
9224
9254
9206
9110
8954
8777
8678
8635
8655
8797
9019
9208
9366
9487
9425
9212
9034
8865
8612
8486
8637
8811
8914
9089
9194
9132
9138
9161
9035
8942
8984
9044
9024
9036
9081
9007
8967
8985
8860
8750
8870
8969
8918
9032
9226
9205
9153
9189
9091
8881
8848
8847
8678
8688
8916
8994
9008
9144
9152
9006
9042
9135
9030
9025
9181
9139
9046
9130
9082
8854
8806
8872
8766
8790
9075
9137
9093
9277
9322
9035
8858
8893
8742
8606
8795
8869
8779
9011
9319
9308
9289
9366
9215
8991
8937
8742
8409
8478
8802
8881
9031
9379
9394
9224
9322
9323
9048
8982
9063
8897
8769
8875
8802
8632
8814
9017
8921
9023
9315
9304
9265
9404
9271
8903
8764
8651
8381
8426
8744
8873
9029
9422
9606
9484
9508
9443
8923
8577
8603
8462
8344
8649
8991
9088
9361
9618
9406
9247
9315
9054
8647
8674
8807
8673
8813
9209
9199
9094
9276
9167
8819
8881
8964
8747
8851
9172
9083
8976
9212
9231
9029
9097
9118
8810
8712
8895
8796
8663
8903
9057
8979
9157
9416
9331
9265
9355
9161
8827
8750
8653
8414
8485
8755
8854
9058
9426
9512
9418
9490
9419
9027
8722
8593
8413
8385
8722
9019
9095
9270
9420
9259
9098
9163
9098
8930
9026
9156
9096
9150
9244
9021
8757
8738
8657
8527
8696
8929
8970
9160
9443
9409
9286
9272
9106
8828
8733
8746
8661
8690
8892
8977
8976
9089
9185
9087
9025
9068
9022
9032
9214
9301
9216
9163
9074
8865
8734
8729
8666
8591
8799
9143
9327
9443
9474
9336
9102
8928
8788
8587
8602
8846
9008
9092
9194
9278
9266
9201
9106
8899
8708
8648
8618
8625
8798
9074
9165
9138
9257
9293
9121
8996
8922
8769
8754
8994
9100
9045
9163
9245
9113
9080
9150
9016
8855
8931
8960
8878
8944
9019
8961
9042
9233
9131
8923
8953
8938
8789
8846
9039
9028
9017
9195
9209
9073
9037
8987
8817
8765
8919
8888
8776
8938
9067
9002
9025
9094
9010
8958
9070
9028
8855
8937
9057
9003
9104
9274
9121
8891
8948
8945
8785
8843
8921
8818
8925
9222
9199
9059
9162
9108
8899
9000
9065
8815
8831
9088
8992
8886
9125
9157
8920
8934
9072
9032
9067
9205
9117
9015
9117
8993
8655
8675
8877
8858
8949
9235
9268
9193
9330
9303
8998
8840
8769
8617
8698
8995
9106
9158
9386
9450
9230
9061
8930
8659
8554
8760
8801
8715
8888
9055
9086
9232
9352
9215
9044
9009
8870
8702
8784
8892
8888
9023
9207
9171
9092
9105
9081
9057
9069
8994
8850
8842
8946
8990
9010
9077
9157
9202
9217
9195
9103
8996
8897
8777
8713
8762
8812
8821
8888
8993
9099
9205
9212
9143
9056
8957
8908
8924
8981
8998
8997
9013
8973
8908
8862
8869
8900
8971
9131
9281
9380
9410
9352
9225
8975
8689
8598
8657
8668
8729
8909
9018
9041
9175
9288
9155
9014
9051
9034
8974
9091
9113
8975
9016
9027
8817
8793
8978
8934
8873
9071
9164
9079
9126
9142
8913
8855
9002
8878
8711
8875
9018
8921
8966
9132
9116
9150
9292
9185
8976
8974
8968
8855
8824
8848
8817
8870
9030
9039
9002
9118
9165
9059
9073
9126
8923
8760
8834
8819
8691
8742
8900
9010
9229
9428
9381
9235
9217
9234
9052
8899
8852
8714
8660
8802
8934
8889
8943
9169
9213
9201
9260
9149
8913
8856
8918
8846
8851
8990
8959
8925
9070
9079
8929
8934
8993
8891
8906
9116
9137
9055
9140
9168
9013
8938
8969
8849
8798
9033
9142
9028
9091
9240
9134
9014
9062
8920
8745
8935
9056
8890
8922
9093
9007
8922
9072
9057
8860
8922
9038
8923
8934
9085
9030
8963
9083
9062
8836
8812
8913
8869
8910
9014
8943
8930
9120
9174
9070
9104
9092
8929
8935
9030
8931
8826
8895
8881
8838
9049
9214
9078
8992
9031
8887
8766
8926
9068
9123
9333
9439
9250
9144
9141
8954
8754
8765
8793
8727
8823
9077
9184
9203
9321
9328
9195
9136
9028
8774
8614
8638
8670
8774
8990
9073
9035
9044
9111
9078
8948
8950
9005
9005
9045
9096
9052
8962
9007
9050
8927
8856
8903
8908
8896
8974
9049
9034
9099
9233
9182
9103
9112
8964
8777
8784
8815
8751
8829
9093
9233
9267
9383
9345
9138
9100
8985
8593
8413
8528
8609
8806
9214
9383
9322
9452
9485
9197
8966
8848
8657
8555
8714
8832
8875
9151
9324
9176
9097
9151
9045
8897
8964
8993
8886
8935
9075
9004
8898
8926
8794
8645
8815
9027
9108
9264
9430
9375
9189
9079
8915
8672
8622
8715
8826
8983
9175
9304
9276
9242
9206
9042
8883
8795
8689
8620
8773
9004
9054
9153
9348
9301
9125
9105
9033
8800
8787
8924
8862
8856
9082
9169
9094
9175
9203
9077
9105
9144
8957
8805
8863
8862
8758
8858
8953
8840
8877
9013
8957
8899
9000
9033
8983
9165
9413
9360
9163
9011
8860
8734
8721
8754
8698
8752
9051
9302
9350
9325
9219
9025
8981
9019
8905
8814
8875
8921
8911
9054
9241
9214
9174
9204
9094
8908
8809
8680
8526
8615
8792
8848
9020
9272
9276
9117
9124
9136
8906
8839
8949
8820
8743
8949
9074
9083
9252
9389
9278
9173
9128
8934
8732
8782
8812
8717
8868
9082
9064
9119
9320
9281
9038
8976
8916
8701
8743
8963
8981
9032
9294
9366
9152
9084
8968
8555
8436
8654
8700
8765
9141
9448
9399
9326
9265
9007
8825
8816
8726
8715
8944
9023
8863
8898
9059
9067
9127
9227
9133
9035
9078
9072
8952
8904
8978
8976
8942
9065
9152
9106
9149
9115
8821
8662
8780
8875
8889
8986
9123
9178
9229
9234
9102
8964
8860
8755
8717
8782
8910
9078
9224
9243
9166
9064
8995
8958
8822
8684
8688
8780
8852
8953
9138
9198
9185
9248
9188
9022
9010
9038
8940
8958
9067
8971
8866
8971
8920
8675
8770
8986
8914
9016
9302
9288
9183
9253
9159
8853
8814
8882
8717
8734
9027
9094
9063
9328
9413
9109
9049
9067
8724
8568
8788
8854
8856
9113
9246
9090
9152
9256
8905
8653
8812
8771
8627
8851
9070
9047
9221
9502
9403
9250
9317
9166
8926
8916
8787
8540
8611
8809
8788
8789
8983
9105
9091
9150
9182
9091
9022
8975
8879
8827
8903
8997
9071
9219
9327
9220
9054
9023
8953
8796
8826
8938
8902
8940
9162
9268
9174
9173
9208
9003
8854
8898
8762
8641
8859
9036
8973
8989
9109
9044
8964
9106
9078
8865
8904
8941
8762
8807
9058
9061
9049
9291
9313
9046
8971
8986
8788
8711
8875
8865
8873
9106
9142
9055
9154
9106
8803
8782
8997
8990
8982
9174
9210
9050
9118
9294
9200
9102
9142
9055
8907
8897
8893
8764
8724
8775
8729
8790
9070
9234
9202
9247
9272
9111
8886
8726
8620
8556
8689
8889
8937
9010
9175
9226
9180
9178
9131
8954
8830
8847
8782
8750
8985
9196
9226
9288
9345
9220
9106
9076
8899
8666
8630
8714
8793
9009
9242
9243
9194
9220
9125
8932
8888
8853
8762
8858
9006
9002
8992
9069
9115
9133
9160
9118
9015
8962
8948
8826
8671
8667
8739
8802
8935
9109
9223
9309
9404
9383
9176
8980
8840
8630
8499
8581
8677
8778
9074
9348
9394
9414
9432
9229
8898
8691
8518
8381
8558
8848
8995
9160
9330
9330
9208
9146
9024
8834
8907
9061
9044
9097
9226
9177
9048
9022
8938
8784
8814
8980
9026
9051
9131
9090
9007
8993
8951
8838
8829
8936
9003
9079
9140
9117
9079
8996
8814
8644
8566
8590
8748
8945
9192
9473
9566
9496
9391
9219
8973
8780
8748
8699
8642
8794
8952
8991
9130
9214
9052
8953
9070
9110
9068
9177
9181
8980
8964
8964
8669
8502
8673
8757
8813
9088
9202
9123
9248
9346
9078
8891
9020
8961
8837
9035
9095
8879
8928
9053
8822
8742
9029
9076
8997
9232
9336
9115
9060
9108
8898
8702
8771
8740
8631
8848
9146
9233
9235
9194
9105
9073
9062
8998
9005
9074
9064
9001
8955
8951
9017
9039
8992
9004
9013
9008
9013
8984
8865
8690
8675
8732
8815
9026
9141
9161
9280
9295
9051
8885
8924
8835
8720
8892
9051
8976
9021
9156
9027
8982
9203
9199
9103
9237
9226
8959
8934
9068
8900
8816
9020
8931
8772
9019
9221
9107
9034
9084
8952
8825
8945
8885
8645
8727
8989
9013
9011
9230
9311
9185
9149
9091
8844
8650
8783
8921
8908
9023
9055
8962
9031
9129
9010
8844
8955
9049
8963
9014
9025
8876
8831
8923
8936
8878
9041
9228
9188
9225
9317
9174
8980
9003
8976
8797
8843
8985
8944
8983
9150
9125
9021
9119
9159
9009
8981
9026
8915
8849
8944
8892
8748
8835
8938
8895
8986
9125
9030
8959
9098
9090
8882
8845
8853
8738
8823
9053
9132
9176
9307
9250
9046
9059
9049
8858
8823
8934
8957
9028
9203
9218
9144
9131
9034
8834
8748
8797
8783
8771
8858
8905
8914
9033
9140
9053
8947
8962
8962
8935
9013
9122
9090
8994
8931
8847
8818
8901
8974
8967
9028
9196
9236
9161
9172
9171
9026
8934
8931
8827
8817
9032
9136
9018
8958
8991
8947
8985
9138
9045
8892
9032
9059
8888
8969
9074
8864
8757
8942
8974
8962
9200
9368
9317
9257
9180
8918
8732
8803
8771
8696
8864
9015
9013
9176
9380
9228
8972
8962
8946
8724
8642
8809
8901
8966
9122
9108
8944
8925
8918
8766
8819
9087
9153
9180
9354
9349
9182
9117
8969
8607
8502
8768
8916
9032
9343
9446
9323
9327
9254
8930
8679
8602
8493
8489
8762
9000
9106
9278
9373
9228
9084
9059
8945
8818
8846
8886
8849
8933
9140
9132
8983
9012
9069
8973
8914
8968
8971
9031
9240
9249
9043
8957
8890
8682
8604
8774
8821
8808
9103
9364
9319
9303
9280
8975
8694
8687
8592
8448
8686
9039
9201
9435
9629
9430
9192
9220
9095
8794
8745
8772
8667
8748
8986
9001
8941
9064
9080
8979
9120
9315
9206
9031
9073
9043
8858
8784
8731
8677
8844
9066
9088
9146
9302
9246
9024
8895
8825
8703
8653
8750
8911
9053
9175
9301
9301
9184
9070
8912
8747
8709
8855
9031
9137
9310
9414
9296
9159
8984
8673
8455
8489
8640
8799
9085
9388
9417
9322
9271
9080
8783
8622
8571
8551
8717
9036
9215
9285
9393
9356
9191
9118
9024
8827
8768
8912
8963
8932
9094
9101
8822
8754
8749
8550
8619
9024
9205
9208
9431
9483
9106
8898
8815
8460
8347
8660
8906
9099
9486
9637
9341
9198
9189
8892
8658
8762
8755
8729
9082
9325
9196
9140
9203
9076
8975
9082
9008
8830
8956
9088
8970
8969
9094
9013
8861
8844
8772
8589
8560
8764
8966
9097
9288
9354
9218
9137
9150
8996
8799
8872
8926
8845
8942
9067
8973
8948
9087
9042
8903
8984
9014
8884
8995
9181
9028
8912
9073
9039
8914
9066
9093
8923
9019
9180
9077
9043
9129
8961
8773
8892
8907
8736
8828
9026
9009
9062
9296
9289
9052
9018
9016
8768
8653
8761
8785
8846
9084
9265
9283
9299
9311
9160
8980
8975
8902
8714
8736
8853
8827
8899
9153
9214
9111
9113
9028
8719
8562
8657
8654
8696
8962
9099
9144
9401
9582
9360
9105
9026
8788
8604
8762
8796
8696
8950
9240
9197
9206
9285
9084
8887
8942
8870
8720
8899
9116
9080
9141
9318
9235
9104
9134
9001
8805
8894
9029
8957
8969
9093
9005
8874
8956
8998
8845
8800
8879
8784
8734
8963
9125
9093
9152
9230
9125
9057
9087
8947
8767
8788
8820
8781
8833
8967
9035
9069
9113
9082
9059
9022
8907
8897
8934
8871
8836
8927
9090
9231
9335
9428
9442
9393
9276
9018
8779
8616
8495
8507
8602
8668
8809
9098
9285
9303
9317
9214
9048
9066
9050
8778
8587
8658
8706
8736
9001
9237
9238
9374
9488
9208
8963
8978
8869
8707
8844
9001
8944
9070
9307
9193
8955
8957
8874
8610
8717
8986
8887
8902
9232
9327
9289
9441
9374
8944
8771
8823
8621
8512
8713
8748
8689
8988
9265
9204
9274
9393
9171
9033
9162
9021
8748
8796
8805
8638
8765
9011
8982
9053
9330
9335
9185
9227
9124
8782
8655
8627
8504
8601
8898
9037
9103
9326
9426
9238
9047
8988
8933
8889
8975
8954
8809
8892
9058
9127
9223
9228
9076
8983
8976
8912
8825
8816
8902
9020
9100
9111
9154
9223
9150
9058
9050
8992
8856
8743
8679
8634
8725
8863
8923
9099
9337
9346
9236
9260
9241
9107
9031
8888
8685
8665
8775
8827
8914
9117
9176
9096
9144
9172
9047
9000
9022
8896
8822
8915
8845
8711
8891
9149
9127
9120
9288
9285
9176
9119
8873
8574
8614
8744
8682
8815
9206
9336
9202
9238
9281
9044
8896
8913
8768
8697
8902
9035
9012
9091
9145
8968
8835
8865
8792
8693
8864
9065
9033
9147
9389
9240
9020
9198
9196
8814
8808
9070
8923
8754
8978
9076
8894
8968
9152
8986
8904
9114
9094
8981
9151
9194
8926
8896
9070
8951
8824
8965
8937
8729
8796
8968
8912
8893
9027
8995
8902
9148
9385
9200
9049
9124
9069
9005
9139
9126
8964
9029
9026
8793
8754
8862
8849
8937
9158
9214
9258
9285
9033
8846
8909
8788
8561
8739
8997
8889
8895
9158
9169
9117
9339
9318
8990
8905
8916
8820
8898
9105
9076
8962
9106
9192
8930
8687
8729
8845
8937
9053
9104
9128
9231
9301
9177
8917
8770
8744
8643
8641
8756
8765
8808
9000
9211
9316
9338
9276
9091
8926
8838
8708
8547
8568
8844
9129
9355
9585
9601
9403
9259
9085
8774
8594
8681
8795
8832
8938
9051
8983
8917
8986
8888
8720
8788
8822
8744
8936
9260
9290
9217
9262
9180
8981
8938
8921
8803
8881
9111
9133
9063
9112
9081
8957
8982
9028
8995
9040
9176
9192
8982
8852
8827
8725
8740
8975
9171
9233
9460
9641
9418
9146
8936
8581
8295
8336
8436
8519
8972
9473
9544
9540
9608
9309
8779
8561
8488
8336
8410
8751
9062
9345
9648
9686
9453
9226
8926
8527
8362
8460
8554
8678
8952
9154
9239
9406
9402
9098
8895
8858
8729
8705
8955
9092
9068
9213
9385
9333
9182
8987
8734
8659
8820
8891
8886
9054
9136
9035
9084
9149
9045
8989
9030
8973
8875
8953
9067
9007
8937
8985
9012
8961
8976
8969
8867
8938
9088
9074
8982
8949
8927
8811
8792
8892
8932
9002
9148
9257
9262
9222
9166
9006
8804
8739
8737
8734
8883
8977
8945
9098
9277
9253
9205
9184
9055
8941
8980
8968
8892
8998
9123
9064
9031
9065
8970
8788
8728
8750
8736
8808
8978
9079
9127
9188
9166
9060
9016
9005
8935
8870
8897
8982
9031
9082
9098
8983
8886
8888
8903
8896
8934
9017
9005
9028
9157
9153
9054
9016
8979
8907
8910
8997
9019
9004
9069
9153
9136
9063
9018
8876
8686
8654
8696
8769
9012
9290
9360
9345
9358
9269
9134
9101
9045
8814
8628
8642
8701
8858
9147
9254
9126
9045
9029
8943
8848
8794
8749
8769
8940
9090
9056
9067
9129
9081
9065
9037
8897
8782
8835
8948
8942
8955
9088
9131
9035
9091
9183
9089
9087
9149
9041
8929
9010
9103
9037
9017
9005
8823
8717
8866
8981
8995
9188
9361
9224
9080
9088
8976
8786
8744
8789
8845
8977
9107
9102
9123
9174
9026
8816
8748
8683
8626
8814
9118
9217
9182
9216
9201
9029
8873
8723
8609
8724
8903
8947
8981
9136
9232
9129
9013
9006
9001
8997
9135
9235
9160
9131
9073
8869
8795
8894
8887
8878
9094
9229
9167
9227
9294
9129
9022
9060
8891
8690
8718
8752
8836
9093
9200
9007
8959
9148
9158
9116
9151
8997
8798
8789
8797
8673
8626
8783
8932
9027
9118
9188
9269
9297
9179
8945
8792
8789
8841
8964
9082
9135
9119
8995
8921
8995
9081
9051
8961
8919
8960
9087
9144
9032
8939
8964
8944
8878
8964
9034
8979
9099
9297
9222
9083
9180
9173
8965
8902
8799
8556
8546
8790
8960
9095
9309
9272
9049
9055
9079
8877
8716
8668
8601
8642
8903
9152
9246
9351
9430
9262
9001
8953
8912
8753
8811
8977
8943
9021
9377
9467
9213
9084
8978
8793
8866
9098
9178
9199
9238
9143
8951
8852
8709
8467
8434
8541
8572
8770
9233
9634
9780
9805
9694
9334
8965
8680
8362
8179
8258
8416
8566
8887
9290
9475
9559
9629
9409
9011
8857
8835
8642
8525
8626
8657
8780
9174
9420
9408
9460
9455
9170
8945
8929
8862
8874
9011
9011
8944
8997
9052
8962
8932
8984
8912
8930
9106
9170
9135
9162
9240
9235
9080
8862
8734
8677
8617
8640
8729
8812
8997
9263
9412
9477
9496
9308
9061
8965
8884
8749
8644
8605
8564
8558
8694
8873
9110
9428
9604
9581
9493
9317
8987
8756
8671
8532
8439
8575
8870
9107
9301
9405
9309
9160
9045
8955
8835
8783
8877
8896
8866
8976
9047
8949
8987
9158
9095
9056
9266
9271
9106
9218
9313
9026
8820
8873
8753
8663
8858
8916
8848
9084
9351
9257
9199
9328
9133
8736
8678
8714
8588
8716
8988
8980
8979
9131
9092
8974
9087
9112
8946
8996
9063
8903
8865
9004
8955
8831
8937
9002
8980
9109
9229
9190
9118
9126
9035
8821
8815
8896
8811
8785
8875
8899
8947
9177
9332
9219
9191
9265
9143
8987
8947
8875
8747
8766
8878
8876
8952
9146
9196
9134
9160
9145
8963
8950
9091
9023
8934
8979
8901
8759
8814
8932
8946
9010
9149
9106
8989
9115
9176
8970
8886
8927
8830
8804
8992
9122
9144
9188
9184
9044
8888
8874
8905
8873
8893
9053
9189
9229
9217
9014
8718
8593
8626
8692
8819
9063
9226
9258
9338
9356
9152
9021
9040
8879
8759
8875
8886
8773
8859
9059
8984
8901
9054
9067
9009
9141
9159
8947
8991
9171
9011
8905
9092
9117
8966
8984
9006
8908
9024
9236
9137
9001
9097
9022
8769
8740
8796
8727
8807
9074
9087
8984
9172
9343
9187
9027
8990
8786
8619
8684
8660
8634
8875
9129
9193
9310
9500
9462
9317
9287
9095
8748
8700
8760
8596
8666
9017
9077
8973
9052
9081
8954
9051
9257
9151
9058
9172
9099
8914
8966
8983
8762
8734
8922
8963
8966
9071
9014
8837
8871
9019
9045
9107
9304
9338
9174
9082
8987
8803
8758
8797
8720
8742
8996
9254
9395
9456
9316
9018
8833
8708
8566
8572
8751
8905
9033
9250
9346
9251
9154
8985
8738
8632
8612
8652
8867
9094
9219
9275
9275
9219
9147
9027
8891
8897
8901
8839
8874
9020
9139
9143
9183
9185
9008
8943
9010
8907
8813
8935
8989
8985
9100
9151
9174
9241
9142
8845
8632
8641
8642
8658
8830
8995
9121
9326
9491
9487
9405
9254
8963
8722
8687
8681
8689
8811
8977
9087
9056
9045
9119
9109
9099
9076
8953
8906
8963
8998
9005
9064
9117
9048
8940
8906
8880
8790
8855
9019
9027
9142
9341
9254
9063
9026
8957
8743
8682
8818
8795
8780
9008
9109
9069
9191
9296
9134
8955
8940
8779
8611
8784
8953
8947
9091
9306
9234
9103
9135
8991
8751
8793
8910
8861
8986
9232
9143
9062
9206
9082
8794
8802
8896
8825
8876
9081
9080
8985
9097
9169
9021
8997
9054
8915
8911
9086
9071
9022
9111
9119
8969
8962
9093
9052
9018
9115
9101
9066
9165
9137
8913
8826
8855
8815
8833
8925
8986
9066
9189
9241
9115
8911
8800
8774
8784
8864
8962
9003
9110
9262
9229
9037
8892
8783
8620
8556
8681
8819
8940
9193
9416
9414
9356
9247
9007
8831
8857
8912
8859
8926
9065
9026
8997
9057
8960
8801
8873
8964
8915
8997
9161
9151
9135
9227
9158
8971
8925
8920
8833
8871
9044
8998
8845
8927
8990
8884
8959
9115
9120
9217
9357
9304
9135
9041
8929
8677
8591
8695
8715
8770
8996
9197
9273
9371
9406
9215
8996
8909
8775
8605
8682
8785
8685
8784
9085
9126
9021
9087
9138
9074
9113
9139
9014
8998
9119
9066
8914
8971
9017
8823
8757
8878
8828
8867
9183
9300
9224
9292
9267
8966
8799
8854
8820
8807
8947
9018
8990
9111
9281
9186
9015
8990
8872
8643
8670
8860
8842
8780
8882
8946
8959
9093
9148
9098
9203
9292
9214
9159
9187
9112
9002
9046
8963
8727
8662
8717
8745
8777
8952
9174
9232
9335
9462
9321
9135
9086
9018
8876
8820
8839
8700
8617
8795
8901
8858
8975
9175
9139
9082
9199
9167
9039
9021
8956
8869
8903
8941
8883
8891
8965
8929
8861
8888
8949
8969
9047
9184
9181
9106
9110
9054
8955
8963
8905
8765
8823
9031
9119
9139
9299
9356
9136
9004
9001
8799
8578
8677
8814
8857
9028
9169
9179
9227
9256
9101
8926
8877
8789
8729
8812
8954
9050
9050
9072
9068
8960
8941
8991
8971
8949
9025
9104
9050
9021
9074
8994
8898
8935
8914
8856
8972
9137
9082
9006
9101
9080
8930
8937
8991
8924
8963
9070
8981
8958
9129
9114
8953
9012
9066
8857
8748
8845
8865
8876
9087
9215
9140
9217
9274
9068
8949
9007
8943
8876
9027
9042
8834
8863
9026
8939
8851
8985
9043
8998
9077
9107
8939
8914
9021
8925
8913
9100
9132
9104
9220
9244
9099
9064
9055
8853
8653
8657
8688
8667
8849
9104
9133
9132
9209
9135
9012
9035
8997
8833
8808
8986
9080
9048
9092
9082
8960
8927
8970
8937
8909
9021
9072
9013
9089
9147
8973
8818
8860
8869
8833
9010
9162
9127
9208
9282
9142
9036
9062
8955
8673
8626
8762
8706
8756
9040
9175
9247
9438
9441
9179
9084
9129
8972
8845
8912
8848
8707
8826
9036
9081
9126
9193
9055
8872
8826
8737
8609
8679
8903
9000
9149
9478
9629
9574
9435
9113
8717
8570
8618
8620
8685
8883
9023
9069
9218
9355
9235
9100
9058
8890
8710
8742
8881
8923
9007
9159
9098
9001
9108
9149
8979
8895
8931
8868
8898
9110
9185
9063
9032
9056
8927
8887
8983
8923
8841
8967
9054
8923
8896
8993
8919
8943
9168
9151
9020
9165
9241
9010
8936
9031
8908
8788
8907
8975
8928
9037
9177
9116
9067
9099
9005
8877
8979
9098
8995
8964
9024
8971
8942
8976
8905
8758
8810
8944
8897
8970
9178
9154
9043
9111
9189
9050
8960
9046
8980
8900
9070
9192
9076
9060
9117
8962
8879
8975
8922
8750
8859
9082
9023
9058
9283
9219
9011
9079
9091
8820
8773
8940
8835
8700
8875
8960
8911
9095
9245
9097
9031
9117
8939
8762
8931
8989
8870
8957
9111
9068
9040
9111
8997
8841
8963
9104
9049
9125
9301
9214
9063
9041
8927
8788
8849
8915
8840
8875
9042
9087
9128
9274
9267
9111
9030
9004
8904
8877
8932
8896
8899
8961
8971
8989
9045
9050
8990
8926
8854
8841
8863
8886
8957
8974
9012
9167
9275
9216
9084
9030
8937
8825
8869
8971
9008
9072
9234
9257
9112
9016
8929
8851
8814
8811
8891
9018
9153
9225
9206
9199
9120
9008
9008
8930
8776
8743
8797
8786
8740
8831
8947
8969
9081
9275
9297
9264
9342
9317
9150
9016
8914
8750
8618
8718
8899
8967
9070
9169
9072
8919
8898
8914
8914
9017
9144
9114
9038
9017
8983
8970
9013
8999
8901
8941
9053
9048
9111
9190
9113
9074
9149
9141
9030
8979
8957
8808
8712
8809
8806
8763
8938
9041
8927
8984
9267
9382
9324
9296
9138
8887
8864
8928
8763
8577
8621
8656
8723
9056
9305
9346
9474
9544
9319
9067
8981
8825
8632
8670
8774
8717
8818
9136
9212
9139
9242
9277
9096
9035
9065
8871
8745
8862
8866
8847
9017
9084
8925
8900
9057
9029
8983
9136
9111
8978
9090
9180
9065
9091
9133
8834
8664
8826
8879
8877
8994
9003
8817
8789
9023
9100
9115
9295
9232
8989
8994
9065
9037
8985
8874
8715
8642
8761
8922
9010
9097
9188
9230
9230
9239
9214
9143
9106
9017
8827
8705
8695
8721
8749
8785
8886
9005
9139
9316
9363
9255
9194
9186
9057
8904
8838
8745
8725
8882
9106
9217
9178
9190
9178
9025
8961
9016
8996
8960
8948
8838
8754
8804
8854
8914
8991
8995
9023
9115
9167
9161
9106
9083
9097
9045
9073
9157
9029
8907
8979
8965
8897
8941
8952
8946
8971
8962
8951
8941
8977
9018
8968
9039
9167
9040
8912
8918
8770
8656
8851
9112
9209
9245
9269
9131
8946
8992
8999
8770
8734
8830
8677
8627
8924
9124
9112
9197
9259
9067
8934
9024
8954
8767
8838
8946
8844
8918
9203
9309
9395
9483
9265
8987
8951
8923
8802
8824
8962
8987
8992
9142
9111
8912
8993
9096
8989
9062
9272
9152
8936
9031
9090
8906
8746
8733
8703
8717
8940
9033
8927
8965
9076
9016
9001
9145
9056
8932
9096
9099
8886
8858
8910
8809
8754
8894
9014
9038
9115
9210
9187
9144
9084
8891
8709
8737
8904
9036
9154
9255
9246
9165
9153
9155
8981
8816
8797
8728
8768
9123
9379
9348
9328
9227
8946
8784
8783
8694
8580
8657
8782
8906
9223
9493
9434
9288
9207
8956
8624
8599
8744
8832
8978
9056
8994
9046
9159
9118
9068
9074
8943
8743
8740
8922
9034
9067
9085
8954
8817
8929
9114
9144
9102
9104
9093
9066
9123
9177
9080
8923
8867
8851
8884
9068
9143
9030
8942
8815
8694
8769
8946
9061
9085
9110
9230
9332
9327
9233
8973
8726
8718
8740
8744
8874
9025
9110
9181
9249
9267
9256
9222
9064
8811
8656
8633
8649
8749
8939
9025
9009
9098
9172
9111
9118
9146
9061
8964
8874
8797
8814
8964
9128
9076
8940
8983
8995
8905
8944
8963
8899
8982
9132
9124
9061
9064
9035
8953
8900
8913
8909
8897
9000
9089
9150
9272
9251
9105
9069
9121
9145
9120
9073
9013
8947
8921
8917
8849
8817
8973
9057
8967
8976
9035
9041
9014
8949
8842
8685
8714
8858
8885
9039
9313
9371
9240
9162
9095
8933
8861
8878
8754
8670
8844
8999
9101
9354
9453
9226
9049
8975
8747
8612
8860
9003
8875
9051
9305
9148
9091
9255
9068
8874
9003
8920
8732
8916
9111
8982
9009
9231
9096
8869
8931
8877
8708
8881
9072
8959
8926
9028
8975
8851
8943
9083
9036
9092
9243
9183
9080
9128
9099
8892
8818
8906
8863
8821
8982
9011
8860
8908
9001
8925
8943
9141
9179
9055
9155
9273
9198
9247
9328
9130
8896
8902
8833
8613
8594
8704
8733
8865
9185
9366
9340
9321
9234
8948
8687
8626
8567
8572
8812
9066
9163
9192
9229
9173
9083
9075
9008
8864
8945
9210
9237
9165
9209
9059
8846
8950
9030
8843
8836
9048
9046
8990
9117
9055
8802
8778
8893
8906
9011
9235
9223
9139
9252
9232
8992
8858
8871
8837
8752
8764
8813
8810
8929
9048
8989
9052
9203
9064
8904
9095
9179
8959
8979
9113
8940
8914
9208
9196
8970
9116
9213
8912
8810
8866
8668
8607
8848
8984
9058
9283
9344
9168
9131
9177
8992
8756
8764
8817
8807
8921
9051
9025
9096
9321
9359
9211
9081
8932
8723
8623
8654
8667
8731
8937
9128
9184
9223
9221
9085
9043
9191
9186
9007
9002
9026
8897
8874
8973
8915
8759
8790
8909
8974
9104
9201
9135
9099
9212
9181
8985
8876
8775
8644
8625
8816
9083
9199
9271
9292
9172
9108
9077
8927
8859
8983
9035
8919
8870
8911
8903
8956
9053
8956
8780
8835
9008
9074
9165
9294
9343
9371
9340
9162
8959
8859
8790
8736
8789
8952
9139
9291
9345
9244
9106
8971
8810
8652
8544
8587
8640
8661
8775
8957
9176
9274
9258
9237
9164
9098
9027
8941
8964
9058
9135
9202
9241
9203
9055
8890
8777
8645
8562
8622
8794
8952
9047
9134
9167
9183
9189
9137
9092
9074
9020
8920
8995
9141
9008
8849
8929
8940
8803
8922
9102
8952
8940
9150
9063
8863
8888
8898
8816
8898
9003
8910
8873
8974
9025
9128
9288
9171
8904
8936
9094
9064
9086
9222
9142
9009
9100
9146
9035
8988
8947
8806
8796
9011
9106
8923
8877
8951
8802
8906
9392
9553
9377
9318
9179
8788
8613
8754
8767
8766
9024
9147
9115
9286
9277
8919
8801
8854
8601
8422
8604
8732
8836
9258
9604
9410
9098
8978
8816
8670
8794
8886
8667
8693
9117
9452
9578
9567
9409
9053
8783
8751
8673
8692
8930
8984
8852
8967
9184
9182
9195
9291
9087
8791
8883
8925
8700
8739
8985
9052
9106
9266
9134
8930
9136
9214
8913
8793
8821
8653
8605
8793
8787
8707
8962
9319
9359
9323
9385
9192
8981
9026
8969
8869
8915
8841
8642
8602
8706
8861
9119
9447
9616
9487
9287
9080
8769
8539
8518
8633
8778
9008
9320
9450
9321
9141
9015
8805
8627
8660
8668
8696
8979
9273
9390
9527
9547
9218
8872
8748
8627
8440
8531
8814
8931
9151
9466
9434
9245
9230
9165
8919
8755
8644
8445
8468
8703
8772
8872
9161
9322
9255
9198
9216
9142
9158
9278
9106
8835
8802
8868
8902
8981
9126
9128
9002
8997
9061
9056
9053
9071
8952
8814
8856
8800
8662
8753
8850
8854
8968
9173
9295
9344
9470
9486
9224
8933
8773
8627
8619
8888
9027
8972
9024
8954
8741
8770
8908
8907
9028
9333
9436
9357
9423
9383
9037
8838
8838
8644
8487
8637
8708
8660
8848
9068
9134
9316
9496
9317
9030
9004
9043
8951
8941
8987
8876
8881
9101
9111
8917
8874
8907
8866
8957
9180
9275
9299
9359
9275
9008
8755
8600
8486
8495
8692
8928
9107
9223
9262
9216
9085
8915
8756
8700
8835
9008
9034
9023
9163
9248
9122
9079
9009
8760
8707
8892
8966
8926
9096
9258
9138
9187
9329
9085
8846
8879
8791
8683
8924
9117
9045
9209
9410
9286
9228
9283
9073
8737
8653
8623
8576
8825
9097
9097
9101
9214
9198
9122
9199
9161
8939
8876
8865
8694
8627
8818
9000
9086
9265
9389
9236
9075
9025
8810
8604
8599
8590
8648
8909
9217
9380
9471
9526
9378
9116
8894
8719
8572
8551
8737
8921
9081
9259
9299
9219
9147
9158
9112
8870
8662
8689
8820
8930
9061
9122
9101
9159
9168
9032
8954
8950
8862
8795
8898
8892
8792
8977
9170
9053
8981
9030
8935
8899
9058
9092
9000
9124
9323
9220
9043
9014
8873
8720
8791
8877
8824
8863
9066
9112
9106
9249
9199
9007
8989
9009
8885
8792
8856
8873
8903
9070
9169
9178
9265
9397
9351
9139
8981
8877
8781
8799
8883
8871
8839
8934
8986
8858
8783
8816
8797
8883
9131
9183
9101
9225
9268
9053
8990
9051
8858
8679
8883
9039
8940
9041
9199
9090
9058
9180
9057
8863
9001
9029
8768
8830
8930
8629
8629
9044
9103
9002
9230
9308
9100
9154
9226
8959
8838
8947
8850
8733
8908
8963
8782
8881
9035
8845
8812
9054
9024
8928
9198
9379
9205
9180
9329
9217
9040
9044
8903
8672
8771
9007
9053
9157
9345
9267
9115
9142
9083
8925
8844
8780
8676
8596
8682
8820
8870
9058
9317
9391
9352
9297
9203
9056
8960
8992
8979
8852
8804
8782
8639
8629
8779
8809
8916
9264
9493
9461
9453
9410
9112
8910
8935
8799
8601
8691
8784
8693
8870
9146
9072
9068
9310
9301
9091
9065
9028
8829
8794
8896
8833
8831
9040
9073
8935
9030
9168
9027
8990
9097
8947
8785
8838
8920
8952
9105
9349
9320
9184
9167
8974
8683
8659
8709
8612
8652
8796
8833
8949
9187
9359
9384
9361
9324
9208
9131
9089
8928
8822
8954
9099
9088
9072
9047
8947
8908
8907
8871
8908
9088
9228
9214
9168
9104
9012
8852
8653
8599
8648
8697
8822
8984
9104
9290
9459
9425
9297
9145
8905
8676
8647
8747
8785
8835
9055
9236
9252
9325
9310
9045
8776
8664
8630
8681
8981
9252
9302
9354
9321
9117
8954
8914
8844
8874
9042
8940
8744
8840
8928
8881
9043
9284
9282
9271
9264
9019
8744
8645
8635
8619
8735
8921
8932
9047
9219
9112
9016
9117
9178
9096
9059
9056
8956
8905
8930
8903
8872
8977
9151
9247
9318
9337
9217
9064
8939
8788
8679
8729
8863
8914
8882
8932
9031
8984
8940
9064
9173
9226
9354
9430
9231
9015
8913
8612
8372
8527
8729
8846
9143
9431
9341
9224
9302
9103
8756
8726
8730
8606
8708
8915
8919
9036
9363
9418
9307
9381
9315
9025
8949
9000
8782
8601
8801
8921
8882
9070
9178
8996
9003
9164
9056
9018
9142
8924
8694
8885
9003
8829
8890
9078
8958
8934
9204
9260
9078
9113
9183
9002
8948
9036
8895
8793
8953
9020
8938
9001
9108
8935
8662
8615
8683
8810
9033
9168
9276
9451
9364
9017
8852
8931
8993
9094
9321
9361
9119
8931
8888
8803
8750
8853
8973
8995
8868
8717
8687
8677
8770
9090
9384
9459
9458
9342
8996
8785
8828
8829
8886
9121
9223
9028
8820
8684
8437
8352
8579
8806
9108
9534
9753
9735
9639
9389
8955
8692
8659
8524
8448
8651
8916
9108
9366
9566
9425
9261
9284
9102
8784
8745
8800
8669
8718
9120
9270
9059
8993
8938
8746
8811
9029
9053
9049
9149
9153
9066
9087
9100
9006
9016
9047
8893
8782
8870
8855
8723
8875
9117
9059
9052
9269
9285
9133
9197
9226
8851
8604
8774
8809
8751
9000
9213
9025
8985
9315
9386
9270
9247
9009
8696
8718
8848
8873
9010
9031
8677
8553
8909
9090
9072
9305
9436
9247
9252
9340
9082
8848
8785
8543
8447
8807
9088
9019
9076
9343
9333
9169
9139
8963
8799
8964
9091
8929
8813
8865
8818
8801
8919
8933
8997
9281
9426
9311
9231
9107
8791
8640
8738
8700
8638
8801
8979
9176
9466
9597
9447
9247
9101
8875
8679
8676
8887
9190
9423
9531
9401
9118
8840
8557
8338
8224
8301
8602
9029
9477
9811
9901
9626
9205
8888
8557
8334
8353
8472
8744
9224
9599
9651
9523
9306
9060
8906
8844
8765
8600
8491
8606
8856
9127
9393
9485
9359
9233
9142
8937
8715
8608
8514
8485
8715
9053
9229
9361
9508
9460
9343
9316
9125
8810
8752
8832
8809
8821
8890
8848
8802
8978
9136
9086
9151
9278
9091
8849
8916
8934
8776
8839
9017
9005
8941
9027
9013
8879
9022
9153
9061
9147
9254
9090
9011
9132
9127
9086
9161
9135
8898
8701
8667
8624
8685
8950
9195
9324
9464
9528
9320
9075
8939
8729
8584
8729
8894
8847
8874
9045
8983
8811
8906
8985
8901
9000
9116
8967
8909
9072
9070
9004
9162
9212
9013
9011
9187
9093
8934
9018
8985
8807
8884
8976
8843
8910
9216
9278
9186
9239
9190
8950
8899
8997
8899
8813
8925
8949
8890
9000
9081
8974
9030
9181
9041
8818
8797
8764
8627
8721
8943
8974
9077
9321
9292
9102
9154
9208
9082
9025
8985
8796
8717
8933
9074
9021
9137
9346
9302
9202
9233
9127
8991
9063
9034
8824
8797
8829
8622
8526
8656
8637
8706
9155
9460
9431
9530
9607
9304
8974
8889
8693
8431
8557
8759
8747
8965
9294
9246
9136
9192
9046
8824
8885
8979
8886
8904
9108
9122
8990
9015
8955
8739
8815
9047
9047
9102
9330
9314
9116
9136
9144
8941
8874
8902
8800
8759
8873
8934
8938
9041
9095
9069
9153
9205
9092
8945
8841
8771
8795
8896
8926
8946
9018
9022
8990
9009
9031
9028
9122
9233
9212
9203
9242
9176
9068
8999
8837
8683
8710
8781
8826
8940
9138
9287
9362
9390
9215
8897
8676
8520
8392
8489
8780
9016
9274
9549
9476
9130
8897
8705
8407
8328
8616
8879
9099
9440
9575
9390
9207
9054
8775
8648
8801
8918
9070
9417
9595
9448
9287
9104
8706
8389
8351
8352
8546
9106
9513
9512
9516
9533
9244
8913
8750
8563
8464
8661
8933
9033
9142
9320
9323
9198
9115
9000
8845
8773
8749
8710
8707
8812
8962
9023
9094
9136
9036
8999
9049
9049
9077
9133
9083
9018
9083
9128
9045
8986
8983
8900
8868
9039
9138
9077
9169
9279
9147
9003
8939
8809
8686
8702
8752
8785
8925
9157
9343
9408
9455
9405
9145
8948
8840
8669
8554
8562
8600
8631
8818
9087
9220
9370
9535
9522
9412
9328
9091
8670
8537
8668
8709
8808
9005
9061
9001
9065
9143
9051
8991
8988
8943
8936
9014
9059
9008
9136
9354
9311
9213
9150
8923
8698
8649
8614
8585
8774
9099
9287
9317
9330
9256
8993
8764
8659
8538
8474
8585
8830
9103
9432
9759
9758
9553
9443
9216
8779
8401
8148
7953
8080
8521
8837
9150
9625
9894
9851
9779
9646
9240
8840
8687
8535
8420
8649
8945
8999
9160
9361
9200
8991
9026
9009
8886
9008
9217
9175
9138
9162
8973
8726
8685
8607
8395
8519
8894
9063
9208
9393
9316
9131
9082
8980
8777
8773
8953
8959
8913
9087
9128
8915
8901
9013
8927
8938
9160
9261
9339
9512
9448
9104
8851
8736
8534
8459
8732
9043
9234
9500
9689
9523
9265
9005
8551
8152
8016
8034
8230
8753
9416
9785
9908
9981
9806
9417
9017
8517
8042
7975
8278
8579
8894
9340
9599
9596
9518
9335
9047
8802
8722
8671
8612
8760
9067
9305
9397
9380
9216
8914
8663
8558
8633
8907
9257
9549
9690
9646
9404
9001
8614
8344
8257
8374
8674
9092
9402
9534
9543
9330
8986
8699
8505
8483
8641
8901
9135
9260
9317
9205
8975
8898
8887
8782
8812
9082
9314
9443
9566
9429
8954
8546
8316
8141
8290
8839
9261
9470
9770
9869
9555
9247
8999
8525
8234
8436
8617
8742
9198
9546
9433
9382
9384
9008
8734
8829
8781
8739
8997
9129
9000
8961
8931
8671
8548
8730
8820
8917
9225
9413
9404
9416
9354
9046
8762
8719
8664
8640
8877
9151
9237
9292
9398
9276
8901
8586
8430
8422
8666
9032
9256
9391
9479
9396
9133
8855
8665
8470
8408
8634
8965
9249
9427
9449
9284
9053
8977
8967
8908
8976
9187
9284
9248
9238
9089
8788
8681
8636
8456
8526
8904
9112
9181
9371
9336
9013
8939
9049
8908
8813
8970
8906
8771
8950
9075
8986
9067
9239
9122
9068
9239
9184
9043
9072
9006
8745
8637
8739
8746
8835
9088
9100
9007
9146
9270
9229
9267
9311
9126
8941
9009
9063
8919
8859
8906
8889
8947
9138
9267
9271
9289
9229
8946
8709
8630
8511
8528
8824
9023
8998
9067
9189
9073
8927
8956
8876
8748
8877
9049
9099
9221
9357
9292
9179
9148
8921
8570
8506
8634
8692
8813
9064
9180
9117
9246
9458
9231
8923
8898
8817
8928
9248
9249
9294
9527
9311
8866
8738
8503
8181
8438
8772
8895
9331
9665
9542
9391
9269
8895
8570
8547
8482
8521
8851
9134
9324
9505
9432
9081
8909
8809
8475
8444
8792
8966
9148
9584
9786
9681
9625
9390
8888
8564
8379
8119
8185
8612
8913
9185
9578
9717
9520
9393
9284
8869
8547
8559
8473
8454
8852
9185
9330
9685
9875
9555
9239
9053
8568
8128
8214
8371
8455
8899
9415
9558
9603
9659
9379
8913
8691
8525
8361
8572
8916
9100
9368
9608
9533
9274
9065
8884
8614
8412
8386
8451
8650
9000
9348
9556
9674
9698
9515
9214
8943
8698
8454
8397
8573
8763
8990
9237
9311
9291
9273
9161
8927
8729
8681
8676
8749
8938
9112
9234
9285
9335
9328
9144
9029
9031
8906
8797
8928
9009
8881
8916
9038
8922
8900
9109
9105
8996
9152
9209
9002
8961
8938
8692
8634
8814
8826
8843
9149
9294
9145
9211
9324
9091
8896
8940
8800
8610
8761
8874
8806
8964
9232
9250
9222
9345
9238
8894
8828
8852
8681
8769
9145
9239
9207
9498
9597
9227
9004
8932
8663
8528
8685
8732
8772
9107
9322
9199
9159
9202
8988
8754
8791
8790
8658
8836
9134
9088
9122
9325
9204
8972
8903
8771
8592
8695
8987
9133
9306
9558
9491
9249
9182
8963
8574
8478
8548
8610
8857
9281
9603
9666
9676
9614
9276
8874
8560
8274
8176
8375
8657
8870
9180
9554
9656
9539
9452
9220
8779
8521
8477
8403
8519
8949
9257
9296
9371
9385
9097
8846
8826
8676
8528
8770
9060
9182
9421
9597
9450
9289
9193
8966
8754
8643
8518
8519
8763
9013
9129
9208
9272
9285
9242
9184
9133
8996
8846
8908
8988
8914
8886
8910
8861
8769
8842
8983
8957
9049
9238
9163
9084
9192
9090
8790
8719
8763
8685
8812
9214
9408
9453
9617
9469
8977
8702
8531
8246
8246
8533
8716
8999
9519
9779
9676
9573
9432
9045
8705
8602
8480
8460
8815
9243
9410
9546
9681
9506
9182
8917
8576
8289
8419
8759
8990
9310
9604
9523
9294
9147
8828
8363
8206
8394
8639
8990
9433
9606
9505
9371
9086
8638
8304
8167
8242
8577
9110
9557
9738
9866
9793
9355
8905
8511
8158
8068
8374
8881
9307
9736
10095
10081
9791
9384
8787
8157
7881
7995
8269
8718
9338
9766
9920
9965
9684
9066
8573
8341
8189
8249
8584
8980
9389
9703
9722
9369
8789
8318
8040
8001
8319
8825
9310
9748
10107
10165
9833
9336
8779
8273
8126
8355
8645
8932
9297
9638
9753
9594
9336
8941
8511
8378
8392
8372
8516
8856
9114
9304
9615
9778
9581
9344
9200
8915
8679
8642
8532
8515
8729
8896
9002
9254
9537
9553
9414
9239
8883
8491
8417
8537
8549
8754
9248
9551
9569
9507
9321
8984
8745
8629
8425
8359
8715
9148
9372
9564
9631
9384
9111
8955
8680
8406
8472
8748
9025
9410
9762
9698
9393
9113
8693
8291
8216
8317
8474
8861
9365
9634
9696
9723
9533
9049
8700
8553
8321
8267
8519
8728
8892
9282
9663
9596
9334
9183
8865
8547
8676
8920
8992
9162
9350
9271
9232
9395
9254
8853
8720
8698
8623
8867
9233
9276
9232
9228
9058
8831
8730
8599
8391
8505
8941
9223
9422
9701
9735
9532
9366
9063
8522
8197
8281
8390
8545
8940
9206
9278
9438
9459
9178
8953
8894
8773
8726
8896
8987
8971
9128
9294
9238
9201
9246
9092
8895
8962
9004
8898
8997
9162
9063
8929
8937
8735
8465
8626
8828
8898
9210
9515
9510
9443
9388
9048
8662
8569
8532
8528
8771
9041
9095
9170
9208
9049
9075
9219
9191
9298
9487
9376
9160
8979
8607
8265
8289
8372
8477
8962
9506
9732
9877
9915
9466
8921
8686
8295
8017
8360
8709
8880
9369
9768
9616
9525
9557
9118
8607
8466
8304
8192
8598
9145
9358
9416
9299
8961
8826
8976
8951
8806
8921
9023
8981
9131
9348
9348
9223
9161
9043
8817
8779
8818
8685
8694
8916
8977
8954
9136
9291
9231
9226
9314
9189
8895
8824
8894
8774
8704
8853
8916
8896
9026
9115
8953
8889
8998
8929
8905
9130
9212
9093
9186
9339
9179
9067
9137
8964
8698
8704
8756
8775
9022
9255
9230
9212
9208
8994
8746
8694
8692
8627
8735
9050
9251
9331
9486
9500
9238
9039
8933
8698
8574
8717
8781
8767
9038
9347
9316
9342
9524
9355
9054
8957
8718
8369
8331
8464
8535
8824
9330
9737
10007
10071
9747
9139
8622
8216
7881
7912
8233
8547
8967
9552
9906
9863
9747
9610
9205
8737
8482
8279
8175
8414
8800
9063
9392
9726
9692
9476
9358
9089
8631
8467
8547
8527
8699
9151
9362
9287
9300
9228
8950
8854
8910
8784
8692
8921
9075
9057
9286
9455
9294
9190
9190
9004
8744
8721
8702
8567
8757
9083
9093
9145
9373
9278
8978
8932
8892
8661
8695
8909
8925
9062
9343
9414
9398
9461
9372
9031
8793
8672
8475
8448
8659
8793
8876
9175
9422
9382
9338
9276
9023
8781
8720
8760
8794
8874
9059
9182
9195
9218
9173
9007
8855
8796
8802
8878
9035
9202
9262
9235
9241
9121
8818
8682
8748
8784
8912
9186
9265
9220
9357
9315
8942
8770
8779
8573
8505
8846
9020
9003
9298
9417
9077
9010
9195
9046
8858
9017
9031
8831
8988
9149
8959
8938
9067
8897
8713
8852
8920
8870
9079
9286
9169
9051
9111
9022
8876
8959
8984
8940
9110
9256
9208
9192
9189
8978
8726
8707
8766
8782
8941
9201
9246
9134
9118
9061
8900
8807
8816
8864
8956
9130
9249
9253
9227
9136
8970
8780
8701
8656
8608
8788
9036
9154
9294
9460
9334
8989
8840
8724
8557
8614
8821
8978
9207
9539
9570
9309
9145
8949
8634
8557
8676
8681
8753
9013
9118
9039
9126
9212
9027
8952
9055
8977
8926
9149
9238
9081
9048
9028
8865
8804
8916
8965
8971
9173
9333
9262
9216
9156
8908
8705
8740
8791
8818
9009
9229
9300
9314
9276
9065
8767
8589
8566
8641
8823
9156
9474
9640
9760
9672
9254
8816
8423
8019
7870
8094
8540
9039
9556
9980
10019
9766
9450
8998
8504
8275
8311
8425
8716
9130
9372
9495
9497
9236
8859
8636
8598
8566
8628
8903
9152
9311
9540
9645
9426
9160
9017
8788
8580
8661
8717
8654
8841
9135
9225
9202
9199
9069
8789
8667
8728
8784
8963
9292
9406
9296
9262
9148
8849
8679
8727
8777
8855
9176
9480
9456
9385
9301
8948
8575
8479
8413
8337
8687
9194
9433
9698
9921
9742
9389
9169
8872
8486
8420
8557
8652
8928
9290
9349
9320
9411
9170
8731
8621
8626
8564
8683
8988
9104
9043
9215
9355
9158
9063
9090
8876
8699
8778
8749
8668
8897
9159
9159
9157
9245
9194
9022
8950
8987
8962
8956
9056
9015
8928
9007
8977
8858
8951
9107
9149
9213
9328
9275
9044
8932
8884
8679
8571
8655
8706
8834
9147
9370
9402
9444
9417
9166
8968
8945
8839
8771
8996
9125
8952
8936
8993
8751
8589
8773
8878
8884
9145
9354
9228
9227
9430
9347
9075
8995
8822
8438
8425
8704
8760
8899
9290
9473
9414
9438
9378
9027
8764
8737
8664
8600
8823
9104
9118
9214
9440
9355
9184
9178
8959
8628
8627
8728
8722
8868
9133
9113
9005
9216
9283
9071
9089
9120
8809
8611
8835
9006
9078
9396
9525
9250
9141
9085
8600
8242
8411
8506
8482
8830
9279
9474
9634
9720
9502
9187
9038
8850
8596
8635
8715
8641
8817
9108
9151
9144
9260
9237
9047
9038
9095
9044
9118
9249
9152
8913
8784
8708
8623
8684
8855
9026
9230
9468
9564
9404
9157
8967
8752
8516
8478
8591
8689
8884
9187
9378
9408
9475
9475
9186
8906
8785
8569
8392
8591
8898
9024
9236
9425
9302
9167
9073
8845
8726
8793
8835
8828
8973
9223
9349
9499
9674
9479
9020
8751
8554
8312
8408
8718
8898
9135
9469
9608
9440
9190
8976
8647
8426
8513
8615
8734
9097
9447
9533
9569
9558
9294
8931
8721
8545
8328
8408
8728
8930
9134
9433
9512
9393
9372
9253
8944
8786
8838
8827
8773
8916
9053
9003
8996
8964
8773
8773
8993
9020
9014
9236
9383
9282
9194
9156
8968
8807
8880
8915
8813
8890
9011
8926
8945
9081
9025
9001
9153
9143
9077
9210
9236
8996
8792
8744
8639
8563
8741
8952
9067
9278
9454
9373
9184
8997
8751
8532
8510
8634
8852
9194
9473
9538
9439
9258
8962
8605
8485
8591
8756
9008
9288
9517
9666
9622
9320
8927
8612
8409
8428
8672
8897
9112
9369
9381
9175
9037
8908
8716
8645
8745
8899
9176
9459
9501
9414
9252
8985
8684
8441
8380
8514
8864
9277
9475
9591
9670
9402
8921
8632
8439
8248
8329
8644
8970
9381
9814
9917
9727
9556
9260
8741
8460
8489
8429
8490
8813
8971
9027
9282
9413
9234
9146
9128
8863
8644
8742
8755
8656
8881
9059
8916
9035
9312
9220
9063
9118
9087
8942
9003
9122
9096
9228
9429
9293
9127
9203
9056
8665
8515
8485
8403
8619
8977
9042
9208
9672
9815
9589
9508
9358
8840
8493
8557
8570
8519
8755
9017
9019
9122
9319
9192
8986
9034
8997
8894
9067
9127
8895
8833
8958
8857
8666
8782
8940
9026
9265
9397
9293
9231
9226
9084
8923
8953
9043
9052
9061
9080
8953
8714
8596
8602
8671
8899
9225
9405
9475
9617
9660
9437
9031
8612
8344
8294
8447
8644
8845
9267
9735
9823
9687
9510
9056
8491
8280
8296
8254
8399
8830
9178
9403
9662
9630
9243
8982
8882
8732
8768
9062
9168
9135
9264
9227
8907
8773
8827
8687
8700
9082
9280
9324
9517
9529
9198
8963
8892
8588
8343
8527
8691
8710
8988
9315
9318
9397
9615
9472
9216
9176
9008
8557
8338
8428
8327
8436
8945
9202
9301
9567
9711
9538
9301
9063
8678
8440
8510
8576
8624
8939
9276
9342
9434
9462
9144
8887
8878
8819
8821
9068
9278
9295
9334
9340
9101
8780
8544
8395
8415
8673
8991
9221
9476
9639
9603
9432
9095
8760
8553
8448
8473
8662
8945
9138
9331
9526
9515
9374
9155
8909
8722
8579
8492
8478
8627
8867
9076
9309
9498
9464
9294
9236
9185
8992
8859
8764
8591
8636
8952
9178
9224
9279
9292
9128
9056
9102
8938
8773
8827
8820
8784
8987
9197
9237
9274
9263
9064
8846
8836
8769
8572
8671
8889
8970
9154
9393
9445
9389
9360
9110
8617
8365
8329
8308
8572
9067
9406
9575
9747
9719
9384
9111
8882
8451
8159
8317
8672
9023
9470
9830
9848
9690
9452
8913
8327
8159
8133
8052
8301
8918
9469
9775
9933
9820
9472
9180
8841
8423
8373
8683
8843
8953
9292
9467
9331
9224
9129
8867
8717
8871
8997
9014
9075
9026
8858
8816
8859
8864
8953
9160
9269
9181
9154
9224
9108
8899
8780
8636
8586
8883
9194
9200
9312
9607
9479
9000
8762
8564
8227
8295
8627
8718
8956
9480
9681
9582
9605
9470
9037
8795
8705
8489
8446
8618
8633
8597
8923
9376
9521
9612
9650
9319
8948
8867
8854
8722
8764
8995
8959
8840
8946
8999
8943
9001
9078
9079
9234
9486
9500
9368
9261
8975
8600
8492
8546
8614
8791
9001
9027
8963
9078
9174
9084
9061
9129
9126
9076
9105
9076
8892
8773
8735
8767
8950
9245
9479
9396
9180
9026
8796
8632
8743
8959
8980
8939
8977
8901
8835
8899
8950
9059
9282
9415
9278
9144
9237
9131
8797
8657
8554
8436
8707
9217
9463
9531
9569
9358
9036
8925
8823
8573
8606
8943
8978
8887
9080
9133
8921
8857
8853
8696
8774
9161
9349
9403
9555
9432
9022
8831
8740
8477
8385
8660
8970
9188
9521
9638
9375
9271
9202
8815
8488
8493
8552
8635
9031
9407
9461
9413
9313
9043
8755
8839
8987
8830
8796
8947
8983
9051
9317
9339
8985
8845
8923
8923
9011
9295
9457
9319
9225
9030
8541
8301
8363
8319
8332
8666
9055
9359
9820
10204
10092
9686
9306
8850
8346
8164
8204
8171
8294
8617
8892
9164
9492
9692
9696
9698
9642
9369
9157
9013
8608
8173
8108
8226
8354
8773
9314
9603
9843
10053
9877
9417
9057
8771
8487
8396
8463
8538
8740
9056
9202
9168
9177
9159
8995
8922
9054
9161
9075
9021
9094
9020
8922
8998
8974
8803
8850
8942
8803
8871
9173
9265
9251
9351
9269
8907
8819
8917
8755
8704
8947
9048
9032
9245
9370
9239
9190
9128
8870
8747
8870
8769
8592
8718
8785
8746
8959
9226
9219
9176
9261
9191
8961
8940
9017
8947
8977
9098
9123
9153
9240
9190
8998
8964
8948
8768
8697
8838
8959
9068
9289
9294
9042
8898
8875
8765
8645
8699
8715
8698
8904
9243
9491
9648
9763
9598
9200
8862
8562
8356
8407
8588
8789
9102
9427
9589
9577
9458
9215
8883
8681
8689
8762
8811
8929
9043
9063
9099
9131
9011
8782
8776
8916
8887
8933
9207
9317
9215
9234
9187
8919
8748
8763
8759
8696
8786
8962
9077
9229
9326
9266
9204
9147
8955
8831
8955
8997
8855
8839
8845
8688
8646
8796
8898
9018
9353
9597
9615
9697
9649
9236
8759
8510
8310
8070
8173
8587
8991
9361
9657
9731
9522
9226
8976
8617
8315
8362
8629
8960
9307
9521
9478
9318
9182
8831
8426
8445
8585
8606
8937
9454
9547
9449
9571
9412
8936
8799
8801
8605
8610
8837
8837
8816
9030
9041
8885
9149
9510
9419
9348
9431
9194
8891
8871
8782
8513
8574
8835
8868
8986
9246
9269
9200
9266
9175
8843
8706
8887
9027
9138
9320
9260
8996
8893
8918
8828
8764
8839
8887
9019
9294
9441
9352
9241
9130
8801
8554
8652
8752
8829
9129
9360
9250
9162
9219
9017
8676
8630
8667
8578
8669
8961
9174
9299
9433
9321
8930
8770
8768
8625
8689
8978
9130
9256
9523
9584
9323
9206
9129
8756
8428
8368
8411
8566
8923
9194
9250
9404
9560
9477
9306
9161
8861
8530
8565
8703
8722
8880
9080
9151
9142
9186
9222
9107
9059
9078
8988
8908
8902
8953
9002
8997
8999
8946
8857
8881
8944
8942
8990
9139
9227
9282
9415
9380
9107
8887
8770
8624
8557
8657
8724
8844
9152
9379
9378
9353
9415
9273
9021
8996
8859
8557
8543
8725
8794
8856
9031
9099
9128
9426
9657
9497
9289
9126
8752
8443
8437
8377
8334
8603
8886
8988
9211
9612
9746
9688
9738
9580
9209
9006
8815
8428
8255
8325
8261
8390
8831
9089
9209
9491
9646
9511
9543
9683
9480
9203
9106
8857
8455
8285
8192
7990
8107
8502
8785
9163
9666
9888
9875
9861
9647
9194
8897
8793
8647
8565
8601
8676
8840
9070
9184
9073
8926
8823
8721
8740
8832
8916
9031
9220
9479
9643
9620
9470
9216
8922
8657
8435
8348
8396
8493
8685
8889
9021
9202
9433
9568
9607
9646
9530
9207
9019
8845
8475
8295
8352
8343
8439
8887
9355
9633
9919
9975
9672
9354
9011
8492
8144
8255
8437
8604
9077
9479
9532
9537
9514
9239
8865
8736
8614
8396
8499
8790
8950
9077
9260
9289
9207
9343
9402
9205
9083
9011
8844
8677
8702
8717
8625
8749
8936
9012
9157
9415
9489
9287
9200
9040
8687
8625
8690
8590
8630
8983
9277
9375
9623
9801
9574
9372
9330
9000
8583
8488
8412
8317
8531
8762
8757
8866
9110
9136
9093
9210
9230
9189
9307
9341
9211
9131
9090
8949
8852
8843
8679
8572
8582
8511
8618
8945
9197
9399
9647
9734
9713
9683
9348
8872
8618
8411
8229
8371
8683
8849
9067
9331
9338
9285
9357
9228
8933
8877
8877
8764
8903
9126
9016
8978
9205
9143
8921
8887
8724
8524
8654
8919
9057
9226
9479
9521
9404
9386
9318
9059
8883
8825
8651
8580
8717
8754
8736
8880
9039
9050
9037
9062
9023
8982
9139
9331
9309
9377
9512
9295
8980
8821
8548
8235
8316
8580
8681
8989
9459
9626
9664
9732
9514
9049
8717
8498
8254
8238
8539
8791
9009
9373
9567
9470
9395
9379
9139
8834
8759
8746
8719
8814
8989
8985
8960
9098
9001
8758
8744
8814
8809
8937
9219
9332
9403
9585
9535
9223
9020
8868
8565
8431
8516
8503
8584
8857
9036
9162
9379
9521
9434
9331
9330
9267
9160
9018
8782
8557
8495
8580
8597
8645
8916
9158
9289
9497
9693
9635
9388
9173
8902
8513
8286
8296
8360
8531
8876
9210
9450
9632
9623
9382
9125
8907
8667
8572
8740
8922
8973
9065
9191
9180
9122
9092
9020
8991
9042
9083
9058
8999
8968
8886
8750
8729
8751
8790
9035
9252
9202
9137
9217
9147
8895
8827
8840
8777
8879
9140
9192
9106
9170
9116
8932
8949
9025
8986
9075
9230
9125
8974
8954
8826
8622
8673
8853
8916
9048
9275
9360
9289
9274
9148
8771
8559
8618
8681
8823
9088
9165
9185
9370
9387
9160
9008
8884
8606
8526
8729
8816
8899
9193
9387
9358
9311
9156
8856
8600
8490
8545
8726
9034
9365
9566
9651
9667
9469
9025
8603
8370
8245
8226
8435
8733
9032
9402
9686
9718
9532
9290
9044
8740
8582
8650
8685
8698
8843
9006
9019
9096
9227
9101
9008
9094
9056
8964
9048
9099
8985
9008
9119
8989
8853
8951
8894
8748
8957
9189
9066
9052
9295
9272
9119
9180
9044
8649
8584
8774
8730
8692
9019
9217
9127
9243
9311
9021
8839
8902
8715
8525
8756
8888
8841
9058
9268
9150
9143
9368
9319
9152
9220
9097
8709
8632
8777
8711
8738
9098
9274
9163
9243
9347
9131
8990
9058
8901
8705
8916
9160
9097
9161
9276
9009
8805
8907
8750
8457
8628
8911
8935
9133
9410
9252
8980
8941
8804
8607
8762
9037
9118
9296
9536
9436
9225
9172
8969
8610
8551
8734
8774
8882
9203
9318
9233
9290
9256
8974
8873
8909
8730
8597
8719
8773
8803
9137
9452
9480
9447
9368
9087
8795
8731
8644
8469
8504
8714
8918
9120
9342
9395
9278
9252
9161
8879
8687
8679
8722
8819
8979
9063
9133
9336
9484
9402
9225
9056
8898
8763
8685
8753
8852
8870
8940
9072
9107
9015
9000
9117
9138
9117
9157
9081
8994
8985
8841
8663
8683
8751
8729
8862
9026
8895
8851
9010
8964
8896
9134
9347
9298
9298
9359
9192
8990
8989
8883
8673
8732
8878
8914
9038
9209
9202
9133
9213
9212
9075
9136
9173
8881
8691
8767
8733
8774
9095
9236
9161
9210
9184
8954
8813
8778
8646
8544
8668
8856
8935
9086
9365
9422
9202
9072
9090
9029
8942
9001
8985
8818
8830
8905
8809
8785
8931
9015
9046
9253
9514
9591
9580
9466
9092
8691
8499
8400
8350
8512
8765
8860
9089
9513
9658
9627
9653
9395
8854
8500
8305
8094
8216
8682
8995
9182
9447
9494
9309
9318
9330
9026
8878
9034
9037
8957
9045
9060
8881
8831
8882
8727
8606
8698
8713
8791
9188
9482
9430
9455
9631
9517
9223
9037
8702
8245
8081
8261
8517
8786
9189
9549
9625
9627
9656
9425
9072
8866
8638
8390
8404
8620
8794
8991
9175
9190
9212
9300
9304
9332
9414
9353
9081
8786
8657
8550
8416
8490
8733
8901
9108
9451
9557
9388
9243
9014
8704
8639
8780
8816
8893
9114
9138
9057
9140
9077
8771
8697
8864
8891
8974
9297
9398
9180
9062
9001
8814
8805
9101
9246
9216
9370
9386
9119
9014
8934
8588
8428
8674
8837
8908
9218
9407
9208
9064
9068
8855
8653
8823
8982
8969
9165
9353
9211
9127
9193
9014
8736
8754
8788
8627
8753
9078
9031
8948
9175
9190
9014
9155
9261
9001
8867
8944
8773
8552
8651
8735
8694
8917
9187
9191
9296
9552
9513
9350
9376
9168
8701
8591
8740
8715
8779
9104
9207
9022
8990
8991
8814
8805
8972
8969
8996
9302
9491
9366
9273
9185
8841
8534
8525
8426
8314
8659
9050
9142
9330
9702
9808
9594
9493
9363
8884
8434
8293
8267
8407
8800
9047
9042
9206
9383
9195
9056
9181
9132
9035
9192
9213
9002
9011
9084
8753
8437
8497
8552
8675
9058
9255
9115
9123
9184
8851
8632
8876
9082
9168
9414
9611
9478
9239
8997
8618
8258
8156
8210
8285
8656
9222
9532
9624
9575
9374
9056
8732
8497
8284
8212
8362
8608
8946
9404
9729
9624
9335
9182
9008
8793
8780
8906
8934
8974
9053
8896
8701
8752
8750
8567
8588
8812
8835
8831
9069
9179
9020
8953
8938
8676
8464
8579
8574
8466
8714
8978
9022
9292
9739
9913
9876
9821
9658
9438
9309
9114
8788
8573
8506
8461
8538
8823
9184
9512
9758
9917
9903
9726
9575
9365
9051
8751
8559
8581
8655
8711
8852
8947
8976
9155
9411
9559
9762
9876
9641
9412
9232
8864
8691
8855
9014
9293
9855
10324
10541
10673
10562
10021
9277
8606
8053
7792
8095
8702
9184
9573
9813
9661
9332
9079
8705
8316
8336
8625
8927
9418
9980
10207
10032
9568
8827
7854
7129
6954
7055
7476
8324
9253
9917
10363
10650
10444
9836
9277
8737
8236
8092
8172
8217
8532
9034
9164
9117
9179
9026
8647
8440
8293
7925
7759
7992
8098
8055
8314
8630
8568
8509
8672
8706
8771
9037
9147
9135
9314
9410
9164
8955
8743
8187
7742
7682
7597
7522
7850
8356
8647
8984
9468
9650
9614
9792
9869
9488
9107
8851
8364
8009
8135
8287
8349
8733
9241
9532
9796
9928
9608
9085
8641
8071
7485
7265
7428
7843
8492
9319
9950
10240
10396
10328
10005
9849
9958
9982
10049
10363
10529
10378
10185
9812
9080
8434
8115
7916
7921
8328
8927
9444
9933
10339
10395
10259
10178
9971
9680
9646
9781
9791
9833
9930
9680
9170
8793
8458
8015
7830
8072
8428
8875
9407
9722
9730
9542
9131
8475
7858
7499
7342
7527
8176
8939
9522
9963
10127
9889
9448
8923
8283
7707
7449
7433
7490
7685
8023
8325
8483
8648
8893
9064
9313
9688
9917
10106
10355
10508
10567
10608
10585
10398
10238
10188
9850
9294
8870
8383
7837
7408
6953
6594
6581
6769
6962
7275
7734
8138
8466
8756
8915
8929
8875
8797
8687
8491
8244
8145
8174
8182
8242
8229
8007
7893
7964
7867
7682
7770
7880
7787
7997
8517
8769
9053
9741
10321
10678
11144
11417
11244
11103
11047
10628
10149
10091
10193
10241
10565
11020
11074
10984
11023
10842
10440
10201
10104
10006
10123
10435
10683
10933
11162
11065
10707
10406
10099
9614
9249
9229
9238
9249
9410
9435
9294
9272
9290
9043
8666
8429
8145
7796
7706
7716
7553
7571
7986
8455
8812
9228
9583
9625
9535
9427
9240
9103
9068
9008
8834
8766
8784
8505
8198
8230
8305
8402
8896
9543
9950
10402
10924
11021
10733
10467
10107
9393
8717
8207
7458
6872
6894
6992
6961
7228
7670
7820
7831
7849
7481
6891
6488
5953
5307
5132
5345
5545
5969
6733
7351
7757
8173
8318
8146
8112
8136
7840
7473
7340
7167
6981
7216
7707
8118
8719
9589
10142
10328
10569
10606
10282
10070
10111
10119
10287
10971
11741
12332
12982
13416
13351
13087
12780
12142
11339
10747
10092
9350
8820
8346
7792
7478
7584
7825
8253
9096
10008
10710
11329
11696
11566
11154
10654
10016
9212
8432
7898
7488
7160
7039
6969
6837
6833
7004
7173
7357
7559
7527
7342
7368
7396
7139
7051
7319
7547
7793
8259
8703
9060
9567
10056
10236
10289
10315
10117
9772
9543
9369
9135
9032
9148
9282
9417
9712
9963
9849
9524
9228
8885
8507
8248
8125
8094
8247
8550
8633
8523
8448
8103
7524
7176
6952
6659
6669
7047
7394
7819
8523
9157
9652
10183
10531
10578
10562
10520
10155
9575
9131
8497
7583
6975
6576
6139
6149
6466
6535
6766
7431
7996
8497
9350
10227
10787
11236
11522
11388
11119
10954
10564
10123
10011
9926
9944
10390
10875
11098
11331
11604
11510
11122
10767
10280
9693
9349
9209
8987
8818
8923
9011
9074
9358
9708
10100
10640
11210
11641
11886
11878
11563
11223
10941
10617
10381
10308
10376
10505
10750
11074
11245
11251
11085
10664
9974
9127
8267
7427
6747
6452
6561
7103
8067
9267
10731
12209
13155
13507
13325
12605
11232
9528
8312
7536
6966
6841
7030
7313
7582
7688
7525
7130
6743
6451
6309
6487
6850
7304
7947
8512
8661
8538
8327
7869
7313
7056
6997
7019
7338
7804
8052
8279
8643
8745
8556
8370
8029
7424
6850
6338
5740
5247
5023
4905
5044
5715
6484
7116
7952
8794
9087
8952
8768
8225
7345
6769
6393
5960
5985
6520
6914
7293
7906
8148
8017
8223
8552
8608
8960
9697
10238
10720
11282
11453
11266
11037
10457
9511
8740
8097
7498
7312
7473
7799
8463
9319
10081
10876
11638
12082
12283
12387
12334
12121
11921
11647
11207
10919
10755
10533
10373
10238
10059
9976
10023
10020
9975
9993
9798
9286
8789
8281
7655
7339
7461
7808
8543
9728
10944
12010
13121
13944
14095
14079
14148
13794
13155
12824
12375
11464
10794
10333
9505
8714
8240
7579
6887
6823
7011
7097
7715
8726
9383
9906
10501
10706
10620
10666
10596
10250
9957
9670
9203
8849
8803
8810
8806
9004
9232
9298
9429
9553
9263
8781
8574
8250
7588
7245
7218
6980
6814
6839
6538
6083
6028
6067
5967
6289
6884
7292
7834
8326
8272
7940
7421
6479
5475
4791
4220
3800
3792
4017
4269
4650
5054
5195
5259
5328
4903
4196
3863
3578
3170
3409
4239
4937
6051
8079
9898
11087
12455
13574
13641
13392
13165
12166
10870
10097
9256
8462
8456
8623
8705
9549
10813
11630
12580
13817
14338
14385
14611
14462
13904
13654
13382
12759
12448
12348
11901
11483
11297
10873
10348
10130
9875
9577
9678
9771
9482
9350
9201
8344
7397
6846
6184
5712
6049
6649
7105
8082
9186
9477
9628
9868
9376
8501
7923
7282
6584
6568
6991
7289
7934
8955
9623
10003
10465
10724
10699
10795
10976
10966
10981
11058
10894
10728
10868
11243
11867
12796
13998
15360
16648
17697
18424
18483
17723
16624
15271
13286
11063
9145
7279
5801
5310
5181
5432
6645
7859
8501
9243
9606
8737
7521
6697
5749
5007
5022
5250
5642
6527
7286
7481
7519
7255
6098
4611
3706
2967
2104
1997
2677
3474
4641
6157
7403
8538
9829
10748
10998
11022
10842
10075
8990
7769
6049
4122
2690
1714
1087
1288
2351
3808
5583
7460
8903
10026
11042
11579
11627
11656
11758
11751
11709
11551
10862
9786
8756
7493
5924
4862
4446
4172
4549
5991
7618
8974
10470
11823
12451
12735
12876
12328
11695
11905
12230
12310
13020
13958
13887
13118
12242
10738
8711
7298
6792
6693
7184
8528
10364
12295
14053
15457
16267
16496
16388
15965
15539
15445
15462
15646
16324
16817
16415
15712
14987
13327
10726
8342
6035
3330
1282
201
-681
-956
-213
618
1376
2693
3890
4546
5513
6655
7213
7563
8064
8208
8125
8346
8380
7963
7538
7022
6362
5922
5703
5479
5459
5845
6347
6973
7991
9292
10649
12000
13204
13923
14244
14271
13738
12831
11926
11228
10842
10783
11144
11784
12337
12439
12058
11220
9569
7304
5004
2955
1503
960
1408
2681
4624
7030
9307
11142
12551
13238
13152
12632
11864
11124
10567
10218
10179
10274
10179
9596
8368
6675
4721
2674
914
-38
50
1051
3074
6120
9526
12588
15149
17073
17839
17473
16247
14208
11944
9871
8039
6859
6430
6436
6961
7899
8605
9228
10158
10818
11103
11632
12138
12186
12251
12278
11655
10849
10202
9088
7831
7265
6952
6562
6790
7460
7718
7754
7807
7323
6510
6301
6669
7122
8007
9550
10893
11689
12458
12819
12450
12111
11990
11569
11209
11523
11958
12033
11985
11652
10878
9863
8758
7735
6924
6459
6434
6835
7610
8444
9032
9541
10166
10652
10875
11037
11078
10836
10404
9869
9053
7907
6707
5560
4418
3439
2806
2288
1845
1866
2237
2697
3449
4633
5927
7095
8500
10178
11645
12723
13255
13021
12232
11203
9831
8350
7618
7634
7787
8353
9498
10465
11123
11894
12167
11505
10856
10507
9897
9639
10255
11021
11912
13184
13857
13514
12912
11827
9872
7974
6509
5007
3964
3907
4062
4143
4797
5667
6109
6518
6873
6619
6118
5713
5050
4305
4130
4397
4777
5744
7211
8515
9699
10656
10761
10117
9285
8069
6364
4904
4053
3524
3560
4528
5972
7633
9705
11855
13698
15485
17361
18954
20143
21141
21708
21341
20080
18210
15822
13051
10226
7751
5814
4566
4183
4677
6017
7989
10287
12781
15184
16965
17826
17956
17421
15920
13683
11369
9128
6908
5091
4035
3565
3513
4130
5258
6298
7275
8273
8751
8702
8672
8494
8006
7841
8228
8747
9557
10957
12310
13107
13760
14242
13929
13066
12234
11090
9455
8007
6912
5636
4517
4060
3599
3137
3496
4107
4308
4699
5266
5453
5803
6639
7121
7284
7761
7990
7667
7460
7383
6948
6546
6691
6878
6997
7520
8140
8478
8809
9198
9164
8707
8238
7721
7247
7017
6995
7291
7864
8622
9659
10794
11679
12143
12272
12145
11604
10517
8911
6945
5024
3603
2921
3000
3739
5125
7201
9577
11656
13413
14846
15521
15327
14515
13370
12209
11175
10313
9741
9447
9322
9417
9554
9407
9014
8510
7862
7042
6283
5768
5444
5397
5622
5929
6318
6778
7062
7216
7393
7357
7180
7062
6749
6332
6216
6266
6284
6620
7281
7788
8235
8697
8690
8307
8106
8013
7865
8114
9036
10358
12131
14462
16515
17695
18536
18890
18129
16982
15772
13889
12138
11041
9655
8222
7439
6526
5158
4304
4090
3945
4454
6114
8148
10663
13999
16778
18663
20535
21411
20448
18695
16475
13449
10381
7948
6112
5171
5454
6685
8299
9818
11049
11780
11798
11249
10380
9513
8759
7930
7333
7300
7412
7218
6879
6530
6034
5739
6057
6619
7198
8319
9534
9929
9958
9643
8212
5972
3756
1945
444
-563
-611
-73
786
1957
2589
2647
2908
2991
2714
3136
4495
6039
7903
10364
12540
13677
14149
14128
13077
11460
10329
9606
9268
9980
11583
13409
15280
16957
18125
18786
18846
18379
17871
17232
16271
15406
14563
13272
11695
9972
7426
4345
2142
495
-1072
-1129
384
2044
4022
6484
8285
9561
11141
12218
12453
13095
14186
14754
15223
15956
15921
15058
14264
13045
10819
8726
7195
5051
3093
2780
2631
2116
2707
3495
3605
4585
6170
6801
7722
9774
11027
11519
12730
13308
12351
11694
11157
9206
7428
6794
5634
4618
5025
5386
5297
5866
6317
5922
5923
6139
5260
4531
4921
4922
4760
5767
6797
7170
8095
9059
9063
9356
10260
10416
10341
10943
11140
10562
10064
9314
7730
6061
4908
4145
4232
5412
7054
9151
11609
13289
13991
14461
14245
12756
11218
10488
9816
9565
10617
11992
12812
13552
13899
13041
11563
10271
9064
8383
8973
10405
12238
14464
16597
18278
19258
19156
18103
16404
14146
11655
9139
6598
4436
2862
1591
609
-31
-684
-1444
-2014
-2462
-3027
-3557
-3670
-3348
-2690
-1440
406
2626
5294
8257
11010
13330
15130
16038
16023
15615
14893
13682
12340
11297
10532
10009
10087
10611
11141
11926
12964
13849
14735
15881
16883
17524
18260
19161
19788
19889
19458
18300
16152
13322
10419
7613
4849
2549
1272
948
1292
2364
3845
4898
5407
5572
4870
3357
2062
1145
135
-315
479
1801
3218
5064
6920
8191
9086
9782
10004
9963
10034
9792
9135
8627
8154
7524
7296
7616
8174
9214
10823
12566
14334
15798
16461
16710
16565
15483
13955
12622
11252
9900
9173
8923
8823
9262
9996
10516
11350
12757
14081
15303
16755
17813
18158
18233
17759
16280
14421
12897
11193
9146
7793
6939
5840
5088
4788
4043
3015
2461
1856
945
639
869
1125
2084
4099
6296
8276
10341
12269
13710
14860
15742
16162
16318
16117
15261
14199
13378
12329
10782
9330
7965
6322
4902
3856
2675
1534
863
405
143
463
1116
1815
2902
4476
6128
7807
9539
10734
11025
10795
10275
9013
7061
5300
3863
2471
1674
1759
2021
2360
3206
3987
4533
5518
6426
6593
6770
7274
7288
7085
7652
8492
9114
10377
12165
13545
15063
17179
18742
19414
20052
20161
19184
17975
16808
15569
14789
14614
14534
14567
14886
14876
14313
13592
12489
10921
9790
9021
7883
7195
7219
6882
6336
6079
5536
4667
4072
3641
3315
3548
4233
4922
5699
6475
6709
6419
6109
5706
5009
4683
4954
5181
5565
6488
7243
7594
8147
8713
8993
9415
9978
10317
10644
11125
11500
11629
11510
11271
11053
11038
11518
12447
13613
14838
15873
16556
16905
16889
16420
15766
15323
15108
15012
15128
15357
15266
14558
13185
11353
8995
6127
3899
2867
2499
3232
5530
8451
11145
13684
15454
15625
14819
13399
11214
9167
7635
5894
3912
1896
-490
-3253
-6276
-9402
-12156
-14229
-15504
-15614
-14404
-12462
-10039
-6944
-3538
-349
2521
5020
6860
7915
8143
7566
6468
4969
3317
2179
1825
2438
4428
7566
11407
15649
19645
22721
24631
25259
24510
22649
20064
17628
16090
14916
14234
14823
15959
16777
17228
17544
17663
16719
14832
13074
11390
9666
8867
9378
10317
11579
13760
16030
17557
18767
19485
19098
17944
16563
15234
14151
13105
12208
11822
11602
11343
11230
10963
10395
9832
9208
8515
8106
7784
7212
6896
7151
7533
8261
9732
11227
12607
14501
16170
16809
17160
17458
16766
15172
13637
12068
10310
9251
9009
8858
9038
9801
10356
10367
10128
9265
7389
5027
2587
-106
-2490
-3679
-4027
-3745
-1912
1189
4031
6546
9052
10404
10597
10538
9332
7338
6212
5039
3501
3303
3846
3544
3177
3324
2956
2216
2003
1994
2277
3683
5656
7625
10061
12457
14236
15842
17105
17642
18110
18782
19039
19039
19159
18904
18118
17198
15922
14089
12273
10657
8835
7093
5887
4767
3853
3857
4323
4783
5752
7049
7910
8655
9449
9641
9517
9716
9898
9756
9787
10041
9974
9687
9433
8859
7746
6211
4305
2271
344
-1695
-3798
-5415
-6351
-6606
-6032
-4706
-2684
13
2877
5486
8017
10287
11723
12407
12957
13689
14580
16031
18425
21300
24068
26437
28078
28937
29053
28113
25924
22690
19198
16237
13818
12052
11187
11075
11377
11587
11493
11038
9788
7616
5266
3221
985
-1489
-3465
-4857
-6216
-7514
-8436
-9331
-10536
-11648
-12306
-12597
-12169
-10688
-8677
-5968
-1818
3040
7349
11064
14592
17469
19173
20337
21361
21703
21368
21026
20827
20361
19515
18491
17258
15558
13469
11565
10379
10093
10526
11411
12970
15647
18841
21545
23843
25663
26126
25017
22907
20208
16923
12913
8621
4497
245
-3408
-5634
-7455
-8987
-9058
-8285
-7399
-5326
-2168
954
4474
8607
12229
15058
17784
20006
20894
20943
20389
18627
16391
14446
11908
9066
7119
5232
2764
831
-402
-1366
-1065
682
2758
6008
11076
15948
20229
25217
29463
31444
32320
31987
29470
26098
22713
18547
14283
11162
8650
6144
4001
1731
-1119
-3549
-5339
-7206
-8431
-8149
-7184
-5881
-3669
-1470
-491
27
396
-573
-1804
-1867
-2408
-3152
-1894
-113
520
1712
3458
3500
2722
3163
3771
4145
6105
9028
11231
13757
17112
19657
21117
22426
22893
21716
20189
19047
17520
16194
15760
15194
14323
13633
12467
10647
8809
6976
4722
1972
-688
-2814
-4756
-6700
-8349
-9629
-10764
-11783
-12373
-12249
-11254
-9440
-6817
-3325
584
4474
8200
11311
13353
14435
14702
13985
13009
12745
12619
12329
13014
15113
17568
19746
22327
24943
26268
27044
28411
29433
29886
30653
30955
30464
30715
31337
30756
29782
29201
28244
27018
26106
25089
23707
22660
21953
20672
18547
16000
13585
11404
9169
7066
5469
4512
4050
3920
4304
4920
5322
5811
6342
6231
5653
5286
4659
3959
4558
5689
6424
7628
8671
8676
8293
7066
4178
1069
-735
-2010
-2658
-803
2731
5585
7957
10093
10740
9895
8927
8277
7230
6498
7191
7926
7822
7991
8162
7162
5546
4028
2278
798
244
363
1089
2167
2937
3278
3317
2435
625
-769
-1775
-3077
-3305
-2084
-1353
-1210
-939
-1794
-4056
-6113
-7684
-9844
-12031
-12738
-12350
-11410
-8907
-5137
-1754
1639
5646
8655
10685
13175
15022
15584
16927
19025
19870
20713
22518
22781
21920
21747
20362
17699
16258
15129
12926
11637
11639
10933
10226
10758
11094
11047
12141
13433
13858
14763
15699
14784
13110
11993
10050
7441
6058
5065
3449
2952
3577
3032
2028
2144
1786
748
1377
3096
4304
6742
10995
14282
16318
18913
20899
21082
21246
21933
21914
22100
23630
25502
27135
28729
29457
28675
27123
24928
21686
18568
16510
14883
14175
15085
16323
17356
18808
20020
20211
20070
19886
18999
17881
17095
15920
14327
13077
11786
10077
8835
8091
6967
5785
4860
3358
871
-1938
-4745
-7905
-10546
-11843
-12630
-12555
-10572
-7505
-3946
467
4887
8043
10244
11923
12298
11414
10027
8109
5999
4324
3018
2177
1951
2103
2642
3430
4082
4723
5387
5952
6930
8344
9565
10650
11675
12173
12334
12667
12621
11775
10732
9541
7636
5609
4183
1985
-1387
-3994
-6102
-8883
-10482
-10210
-9975
-8609
-4430
129
4042
9040
14419
18608
22564
26741
29377
30227
30837
31119
30089
28418
26953
25074
23120
22421
22492
22852
24047
24681
23498
21796
19109
13782
8115
4227
401
-2707
-2546
-622
1634
5313
8756
9507
9085
8280
4700
-458
-3887
-6976
-10422
-11562
-11504
-12305
-12198
-11098
-11071
-11483
-11012
-10587
-10343
-8558
-5322
-1929
1677
5331
8096
9964
11312
11416
10248
9314
8651
7639
7290
7973
9257
11704
15211
18633
21713
24550
26302
26601
26229
25244
23189
21018
19788
18934
18532
19443
21169
23164
25333
27010
27564
26855
24944
21794
17782
13496
8961
4632
1348
-786
-1759
-1572
-698
446
1495
2202
2924
3753
3898
3412
3200
2853
1888
1136
712
226
406
1409
2277
2802
3320
3579
3140
2379
2086
2131
1914
1762
2541
4174
5774
7540
9870
11843
13498
15549
17298
18393
19448
20211
19873
18886
18280
17603
16097
14730
14157
13410
12632
12841
13156
12693
12764
13416
13030
12439
12853
12918
12065
11730
11830
11198
10467
10070
9026
7211
5470
4113
2799
1659
1393
1819
2510
4236
6669
8299
9512
10916
11470
10858
10037
9161
7754
6621
6400
6017
5632
6318
6905
6578
6742
7424
7368
7332
7928
7725
6841
6296
5172
3383
1693
-791
-4038
-6651
-9130
-12155
-14587
-16200
-17575
-18391
-18760
-19150
-19067
-18187
-17170
-16015
-14194
-12108
-10103
-8018
-6033
-4590
-3924
-3917
-4251
-4516
-4562
-4411
-3492
-1266
1915
5455
9001
12081
14308
16108
17754
18588
18968
19993
21107
21803
23279
25385
26898
28494
30263
31243
31437
31338
30662
29517
29377
28833
28354
29827
30893
31648
32404
32131
31217
30240
29510
28467
28382
29760
31220
33791
38507
43471
47061
50320
52958
52588
49703
45834
40180
33673
28574
23584
18147
15025
13592
11631
10575
10880
10650
10282
10994
11982
13065
14967
16937
18508
20248
21739
22606
23092
22808
21901
21266
20606
19215
17612
15831
13193
10592
8774
6478
3842
2439
1410
94
-271
-395
-1532
-2616
-3221
-4602
-6099
-6232
-6158
-6583
-5986
-4574
-4037
-3836
-3075
-3245
-4620
-5386
-5723
-6043
-4950
-3093
-2530
-2829
-3224
-4590
-6505
-7933
-9384
-10026
-8576
-6132
-3367
-176
2784
5212
6915
7240
6006
4293
2937
1076
-1123
-1886
-1747
-2314
-2858
-3070
-4105
-5652
-6973
-8637
-10386
-11212
-11911
-13004
-13437
-13594
-14271
-14454
-13557
-11842
-8532
-3591
906
4465
8720
12938
15594
17657
18639
16947
14405
12167
8699
5088
2720
-360
-3936
-5720
-7052
-8906
-9213
-8250
-6727
-2459
3771
8605
13184
19135
23354
24121
23618
22362
19563
17414
17497
17890
19123
23169
27521
30365
33151
34713
33367
31515
30532
28456
26571
27663
29935
32413
36878
41328
43057
43715
43181
39198
33823
28968
22887
15906
10412
6203
2676
1257
1647
2352
3818
5751
7108
8618
10553
12251
14319
17369
20339
22793
25664
28419
30221
31694
32621
31893
29644
26631
22122
15483
8672
3314
-1297
-4986
-6061
-4386
-1920
244
3314
7057
8890
8755
8394
7371
5606
5038
5410
4728
4039
4180
2265
-1844
-5798
-10987
-17655
-23153
-27296
-30228
-31125
-30215
-27631
-23949
-20483
-17296
-14246
-12487
-11973
-11264
-10755
-10817
-9895
-8119
-6800
-4646
-584
3114
5605
8631
11110
11198
10201
8688
5354
961
-2430
-4634
-5701
-4273
-185
4917
10261
15964
21178
24887
27516
29412
29778
28929
28008
26781
24983
23519
23103
23148
22602
21673
20712
18462
13947
9030
5450
2368
235
496
2267
4601
8613
14427
20839
27778
34618
40138
44524
48360
51107
52289
52176
50289
46628
43063
40330
36849
33037
30925
29619
27689
26227
25629
24289
22065
20457
19255
17306
15565
15336
16168
17787
20266
22714
24233
24390
23203
20790
16253
9604
2471
-4613
-12141
-18689
-22391
-24675
-26202
-25148
-22655
-21118
-19319
-16450
-14862
-14578
-14189
-14812
-15758
-14681
-12743
-11249
-8053
-2810
1444
3941
5488
5143
2721
-156
-2450
-4457
-6094
-6684
-6248
-5087
-3527
-2060
-711
423
1354
3131
5179
5835
6737
9055
10623
11461
13645
16737
19329
21972
24608
25531
25349
25776
25420
22647
18928
15178
10609
6223
2468
-2034
-5759
-6936
-8160
-10461
-10875
-10289
-11962
-14277
-15764
-18173
-19989
-18269
-15588
-13627
-8563
-2026
610
1634
3475
2034
-2943
-7185
-11264
-16228
-18462
-17475
-16845
-14814
-8104
-1158
2992
8030
12847
14022
15043
17212
17433
18282
22243
25621
27638
30678
32667
31414
28963
26873
24754
23420
23862
24355
23978
24515
25958
26885
27701
28011
26716
25393
24971
23722
21860
21777
23006
23300
23018
22967
22129
20691
20186
20716
21914
23815
25452
26369
27733
28983
28605
27522
26482
25428
25343
25990
26698
28633
32101
35521
38301
40695
41620
40581
38707
36015
31926
27079
22169
17397
13193
10199
7959
6073
5109
4394
4087
4880
5666
6385
7477
8570
8884
7681
5355
1879
-3472
-9855
-15614
-20981
-26357
-30450
-33384
-36092
-37444
-36798
-35262
-33472
-31052
-28330
-26106
-23828
-21772
-21515
-22482
-22812
-22911
-23773
-24036
-23057
-21747
-19447
-15009
-9138
-3431
2224
8183
12364
13740
13927
12878
9540
5511
2336
-684
-3253
-4261
-4708
-5606
-5656
-4671
-4116
-3476
-1858
589
3960
8477
13734
18576
22831
26299
27541
26104
23179
20163
17382
14723
12594
11188
9994
8818
7924
6974
5814
4525
2931
1454
114
-525
-386
-1040
-729
1217
1696
2050
4949
8336
10851
15130
21636
27327
31613
35374
37235
37109
37275
37458
36739
36931
37939
38889
42454
48045
52961
59303
67152
74216
81270
88215
93863
98952
103890
107653
109554
109885
108756
105386
99408
91925
84323
77164
70713
65427
61645
58973
57212
56353
55363
53978
52757
51040
48182
44619
40413
35672
31692
28910
26797
25176
23915
22845
20807
16686
10933
3990
-4470
-13468
-21186
-27971
-33698
-36680
-37792
-38373
-37932
-37584
-38713
-40175
-41840
-45242
-49413
-52875
-56379
-59646
-61265
-62050
-63863
-66545
-69514
-72966
-76660
-80313
-83689
-86131
-87524
-88429
-88298
-86511
-83904
-81084
-78134
-76176
-76299
-77513
-78481
-79923
-82352
-83891
-84015
-83971
-82566
-78927
-74931
-71078
-66305
-61685
-58560
-55537
-52046
-49493
-47506
-44621
-41139
-37617
-32684
-26209
-20659
-15963
-9109
-932
4935
10179
17144
22364
25284
29983
34106
33865
34864
40952
47008
51687
58943
66969
71700
75050
79571
82380
81410
80420
81160
80238
78598
81676
86486
86539
85537
88597
90201
86463
84029
82641
76445
70029
68255
65718
60838
60373
62284
60350
57332
56183
54383
51447
49624
48424
46721
45524
46081
47187
46827
44674
41169
37212
33050
28537
24673
22992
23874
26909
32984
40687
45796
49529
55902
62293
64274
63748
62662
58881
53756
50686
47846
42215
35586
29694
23184
17276
14706
13916
13351
15202
16810
13590
9747
8829
6061
523
-2588
-5524
-12222
-16491
-15719
-15484
-14763
-10993
-9459
-11748
-13852
-17385
-24909
-33649
-41346
-49206
-56972
-60310
-60320
-60919
-57158
-49393
-46531
-45835
-41224
-39318
-43633
-47073
-48755
-52513
-55256
-55073
-56440
-59247
-59554
-60074
-63344
-65138
-65253
-67826
-69781
-67324
-64850
-63786
-59807
-54811
-52125
-47933
-42071
-39386
-37370
-32106
-27645
-25923
-22825
-19071
-17311
-13853
-7646
-3542
-528
5331
10561
12892
16490
21450
23693
24369
26808
29061
30075
33311
38901
44218
49657
56319
62719
69101
77433
85216
90628
95943
100270
101004
100009
99412
96772
91179
86481
83269
79331
77017
78001
79183
79816
82190
84726
84345
81847
78131
72859
67119
60728
52706
44995
38520
32176
27869
26151
23687
22050
24397
26630
27181
30310
33564
32721
31888
33341
32585
29836
28873
27498
24566
22940
21147
16773
11418
5751
-986
-7142
-11360
-14396
-16395
-16827
-15838
-14554
-14469
-15697
-17529
-20599
-25546
-30766
-34703
-37851
-39244
-37183
-33158
-28429
-23188
-19804
-19273
-20042
-22463
-27582
-33839
-39933
-46137
-50011
-49028
-45246
-40407
-34165
-27658
-21591
-15895
-11812
-9675
-8206
-6978
-6267
-5598
-4742
-3145
-114
3358
5842
6738
5545
1559
-3717
-8945
-15136
-20866
-24193
-26394
-27714
-25232
-19521
-14986
-11231
-4989
2017
5398
5878
5726
2460
-3913
-8261
-10689
-14968
-17898
-15783
-12416
-11198
-10097
-7946
-6548
-5011
-2174
-188
556
1962
4330
6633
9256
12986
17089
22176
28024
31425
33253
37164
41312
43140
45986
51507
56668
61884
69552
76744
80206
82543
84942
84022
79594
74926
71184
68353
67508
69113
72780
78314
84231
88264
90293
90474
87828
82448
74699
64900
54269
43359
32247
22829
16697
12260
8053
5382
3825
912
-2802
-6620
-11608
-17290
-21769
-25050
-30079
-34811
-34765
-34910
-37853
-35873
-30802
-30005
-26581
-18128
-14754
-14139
-9772
-8875
-13110
-13336
-11775
-15171
-17403
-15554
-17060
-20573
-20245
-20992
-25549
-27387
-28373
-34044
-38219
-38236
-40600
-43594
-42174
-40945
-41956
-39179
-35136
-36477
-37676
-35332
-36484
-39672
-38563
-37627
-39472
-36973
-30521
-26850
-22953
-15332
-10286
-9912
-8451
-7242
-10058
-11098
-8547
-8268
-6887
415
6713
10041
18817
31710
40355
47422
58024
66077
68535
72514
77025
74840
70924
72504
73892
72179
72747
74836
75925
78068
81224
82591
82349
82330
82225
80942
77880
74418
72856
71770
67681
60855
54939
50984
47053
43368
41019
39057
37467
37217
37597
37448
35822
32517
27069
19102
10087
1185
-7578
-16425
-23835
-28539
-31519
-33558
-34925
-36049
-37305
-38805
-40938
-43652
-45121
-44243
-42163
-39208
-35573
-30906
-24264
-18001
-13730
-10031
-7657
-8567
-11555
-14947
-17949
-19880
-20920
-20096
-17355
-13932
-9447
-4069
677
4414
7187
7269
4896
2288
-1602
-6396
-8484
-9524
-11719
-11264
-8004
-5630
-3339
184
2738
3290
2940
784
-4302
-11052
-18452
-26315
-33861
-39835
-43283
-43345
-39025
-29630
-16379
-3224
8788
22017
33568
39297
42058
42694
36924
27353
20965
17567
14678
14702
18165
22326
27763
34963
41258
46048
49621
50391
48872
46825
43819
39294
34371
29998
26509
24398
22824
20972
19606
18637
17111
15670
14976
13660
11917
10969
9189
5527
1061
-4515
-11343
-17203
-21866
-26425
-28207
-26435
-24308
-20998
-14874
-9113
-4723
-341
1506
438
-143
-505
-1495
-1170
451
2208
5705
11553
17276
22640
29119
34454
36847
39521
42880
43913
44027
44934
45462
46696
49970
53451
56507
60178
63299
64642
65076
64145
60771
56828
53021
47671
42041
37817
33949
30822
29505
28520
27218
26219
23661
18796
13647
7095
-1724
-9314
-15125
-21259
-25322
-25868
-26086
-25255
-21572
-19114
-19329
-18990
-19897
-24238
-27841
-30376
-34768
-36911
-34184
-31158
-28448
-22845
-16436
-11706
-6553
-1675
109
1032
3282
4212
2965
2276
2346
1690
1572
2840
3660
3807
4235
3710
1593
-516
-2430
-4840
-6581
-7432
-8734
-10123
-10708
-11568
-13590
-16021
-18327
-20711
-23186
-24746
-25012
-25355
-25752
-25018
-23880
-23169
-22698
-22503
-22114
-21278
-19965
-17460
-14167
-11339
-8864
-5973
-2842
336
3440
6537
10167
13677
16394
19010
22066
24631
26332
28504
30899
33104
36105
38628
39551
41576
45740
48037
47451
48033
49824
50281
51184
53736
55424
56013
56991
57570
57299
57154
57225
56546
55151
53976
52658
50397
47638
45187
42346
38126
33789
30302
26532
22463
19237
16201
12853
10802
9768
7976
6938
7802
8322
8514
9883
10918
11536
14143
17640
19791
22313
26171
29028
31582
36220
40425
41714
42408
43462
42434
40134
39619
39373
38114
39378
42676
44446
46592
49209
48123
43356
36895
28370
18703
10354
3060
-3924
-9355
-12979
-15373
-16864
-18706
-21501
-23799
-26250
-31808
-38726
-43335
-47437
-52922
-57244
-59648
-62213
-64623
-66423
-69687
-74400
-78667
-82880
-87316
-90117
-90385
-88962
-85813
-80588
-74260
-66924
-58371
-50224
-43186
-36473
-30431
-24720
-18404
-12744
-8244
-3820
121
3219
6068
7983
8561
9039
9891
10756
11449
12415
14564
17158
20126
25461
32326
38179
43157
47735
50332
50831
50900
50152
48435
47124
46213
45744
46650
48021
48661
49444
49698
47445
44140
41116
35955
29546
25698
22561
18310
16380
16794
16638
17776
21433
24000
25133
27432
29303
30070
32618
36050
38615
42288
46591
48906
50590
52866
53484
52673
52876
53491
53804
55564
58898
62542
66609
70980
74790
77735
79797
80804
80452
78291
74353
69082
62641
55721
48964
41807
34376
27469
20828
14322
8694
3680
-1694
-7060
-11930
-16631
-21151
-24858
-27634
-29580
-30249
-30046
-29247
-27691
-26617
-26811
-27955
-30045
-32812
-35889
-39060
-41977
-44883
-47763
-49736
-50861
-51244
-50018
-48017
-46443
-44090
-40747
-37957
-35201
-31644
-28890
-27742
-26938
-26630
-27900
-29306
-29727
-30242
-30460
-29814
-29819
-31073
-32100
-32359
-33152
-34491
-34549
-33830
-33576
-31968
-28778
-25914
-22796
-18945
-16156
-14460
-12762
-12552
-14035
-14860
-15288
-16327
-16587
-16024
-15891
-14867
-11931
-9064
-6669
-3087
976
4284
7901
11969
14934
17766
21870
25531
28490
31948
34746
36703
39642
43145
45389
46747
47973
48755
49683
51340
53194
55280
58050
60960
63342
65677
68546
71171
72875
75136
79245
83776
87605
91424
94625
95713
95362
94208
90308
84024
79023
74736
69217
65719
64897
62939
60464
59563
57671
53867
50682
46609
39533
32770
27925
21927
15292
11185
7953
3799
1520
1530
664
-827
-1354
-2552
-4777
-6150
-7006
-7902
-7389
-5234
-2818
-709
1692
3881
4426
5433
8250
8136
4146
1515
-666
-4739
-6581
-7601
-10892
-11499
-10675
-13420
-13578
-9567
-9952
-12463
-11902
-14158
-21013
-26533
-31573
-39354
-44763
-46884
-50670
-53868
-54001
-53270
-53800
-55945
-57181
-57099
-58342
-59315
-58011
-57082
-55832
-52550
-50239
-49126
-47035
-45100
-44622
-44139
-43146
-42342
-39773
-34872
-30152
-24934
-17609
-10698
-5579
-428
3913
5433
5608
5820
5040
4139
4890
6057
7697
10807
13074
14456
17522
21585
25662
29257
29875
29663
32997
36127
36279
38104
40828
39961
39205
41324
40539
35827
33222
32671
30292
28586
30489
32278
31735
32067
34310
35960
36127
36452
38252
40277
41051
42396
45548
48413
50990
55341
60247
64611
70069
75694
78769
79198
77796
73942
68002
61552
54270
46376
40530
37996
37945
40147
44449
48655
51197
53526
55330
53580
48529
42841
36393
28348
20200
14258
11311
9469
7949
8743
10206
9364
8885
9469
7012
2453
-926
-5050
-11337
-16569
-19339
-21323
-21370
-19103
-18957
-22085
-25139
-28478
-34374
-41041
-47035
-54422
-62429
-67765
-71817
-76458
-79031
-79049
-78700
-77062
-73076
-69112
-66004
-61569
-56092
-51406
-47462
-44439
-43383
-43750
-44198
-44716
-45242
-44795
-42918
-40154
-36009
-29289
-21417
-14342
-7259
425
7446
13683
19917
25707
31028
36803
42702
48184
53602
58422
61926
64155
64648
62939
59365
54952
51433
49026
46241
43574
43324
46033
49552
52446
55809
59207
60365
59496
57826
54308
48623
42761
37313
32106
28044
25022
22622
21746
22987
25329
27295
28596
29784
30915
31857
33113
34862
36729
39202
42434
45149
46978
48299
48980
48980
47862
45162
41680
38616
35757
32666
30324
28702
26090
22198
18243
13999
8668
3723
542
-1869
-4274
-6194
-6738
-5591
-4911
-6767
-9700
-12767
-18279
-26241
-33264
-39401
-46038
-49676
-49618
-50248
-49622
-44546
-40257
-39547
-38307
-36833
-38285
-39449
-37075
-34124
-30804
-23040
-12326
-2866
6486
16641
23985
27286
28156
25265
18712
13520
10098
3841
-2176
-2727
-1986
-1605
2782
7578
8377
9434
11747
11485
10257
10762
11177
11688
14647
18396
20994
23686
25499
24587
22651
20217
15645
10244
5868
1479
-1986
-2178
-947
-108
1703
3934
5093
6717
9042
9434
8916
9982
10718
10559
12424
16517
21334
26799
32370
37060
40570
42907
43712
41910
37891
33231
27787
21952
17793
15265
13780
14595
17410
20379
22453
23052
22099
19634
15622
10610
5254
187
-3733
-6395
-8116
-8045
-6251
-5022
-4995
-5220
-7203
-12314
-18201
-23538
-29570
-35126
-37897
-38893
-39641
-38083
-33402
-28796
-25313
-21482
-18562
-17740
-16674
-15413
-15923
-15405
-11883
-8684
-6200
-1688
3014
5446
7645
11029
13403
14506
17180
20687
22974
25571
28059
28615
29438
30397
28061
23792
20459
17134
13862
13415
15217
16888
20298
25796
29683
32920
37467
39294
37241
34918
31435
25624
21130
18545
15690
14131
15700
17971
18956
20641
23218
23821
22882
22808
22950
22282
22048
23231
24990
26972
30164
33508
34872
34909
34611
33280
31062
29140
27629
26032
24960
24949
25955
28303
31316
33890
36593
39593
41375
41786
41713
40987
39891
39271
39201
39879
41481
42647
42554
41651
39267
34989
29494
22874
15292
7796
1199
-4223
-8044
-9958
-9716
-7635
-5315
-3247
-939
72
-1107
-2875
-5144
-8835
-13174
-17785
-22878
-27539
-31444
-35331
-39258
-42515
-44717
-46594
-47921
-47471
-45581
-42610
-38244
-32900
-26965
-20279
-13002
-5894
-703
1060
590
-1086
-4144
-6927
-8861
-11750
-14545
-14662
-14351
-16634
-19152
-20433
-23131
-26384
-27233
-27554
-28049
-25346
-20793
-17414
-12694
-6452
-2282
1186
5449
6663
4862
4576
4127
771
-1283
-1172
-2695
-3760
-2294
-2222
-4051
-4177
-3583
-4470
-4853
-3552
-1668
1819
8684
16958
23911
31210
39633
45211
47747
50400
50614
46421
42311
39712
36386
34525
35408
35617
35364
37269
39246
39296
39814
41294
41372
40937
42070
43607
44809
47564
51354
53381
54455
55678
54585
50855
46660
42152
37177
32962
30153
28444
27871
28509
29494
30483
31816
32367
31496
30707
30273
29679
30589
33362
36351
40532
45951
49508
52017
55711
57339
55130
51780
45920
35519
24540
14806
3730
-7119
-14545
-20297
-25762
-28950
-30623
-33075
-34580
-34044
-33867
-34053
-33196
-32641
-33040
-32849
-32450
-33510
-34805
-35006
-36061
-38611
-40665
-42165
-44057
-45573
-46503
-47945
-49389
-49424
-48342
-46768
-44057
-39807
-34600
-28381
-21526
-15664
-10742
-6230
-3849
-4545
-7283
-11134
-15270
-19340
-23123
-25088
-24274
-21535
-17159
-11777
-7314
-3411
958
4104
5231
6190
7271
7615
8920
12133
16168
21662
28743
35966
43520
51297
57623
62639
67457
71165
72789
73235
73081
71832
69966
68446
66928
65086
63791
63232
62811
62971
63789
63700
62448
61838
61564
59732
57967
58010
57806
56857
57408
59077
59365
58573
57384
54841
51420
48019
44669
40443
35408
31357
28023
24309
21399
19988
18243
15906
15121
15410
15128
16284
19680
21122
19487
18171
16377
11340
5332
312
-5770
-13485
-21201
-28002
-33783
-38129
-40899
-43157
-45404
-47265
-48835
-50129
-51158
-51911
-51797
-50662
-48847
-46183
-42004
-36767
-31607
-26399
-21873
-19702
-19076
-18435
-18728
-20293
-20781
-19967
-19589
-18236
-14465
-10830
-8472
-5008
-1448
-694
-1166
-1377
-2507
-3464
-2391
-443
2018
6361
10251
11589
13112
14369
12001
7308
1763
-5562
-13154
-19110
-23902
-27018
-27404
-26210
-23813
-19434
-14470
-9412
-2922
3503
8367
12661
15565
15746
14838
14359
13742
13405
14399
16006
18131
21545
25119
28191
31609
34285
35325
36494
38033
38593
39417
41690
43743
45532
48851
52655
55599
58816
62181
63997
64605
64903
63655
60520
56844
52593
47132
41647
37477
33896
30415
27450
25025
23509
23505
24605
26396
29666
33738
37070
39988
43009
45890
48854
52380
55563
57709
59884
61895
62023
60414
58465
55699
51582
47739
44919
41384
37047
34190
32480
30646
29948
30838
31962
33136
34439
34889
34704
34489
33061
29438
24556
19288
13566
7902
2802
-1650
-5122
-7316
-8446
-9525
-10547
-11294
-13477
-17155
-21246
-26344
-31368
-34583
-36728
-38156
-37876
-36566
-35330
-33670
-32471
-32962
-34718
-38287
-43802
-49240
-54164
-59282
-63245
-65818
-67959
-69086
-68496
-68121
-69104
-70414
-72637
-73184
-73567
-76565
-76376
-73471
-71890
-69826
-64724
-59195
-56275
-52510
-47428
-44577
-43157
-40690
-39593
-41267
-41665
-41022
-42224
-43412
-43221
-44256
-46215
-44928
-41644
-39590
-36709
-31589
-26563
-22347
-16251
-8887
-2353
5249
14042
21105
26292
31760
36722
39626
41633
43073
42469
39762
37188
36310
37094
39532
42715
46286
51532
57512
62422
67403
73365
77300
78052
78274
76932
73478
70678
67151
61098
55731
52070
46833
41056
37277
33282
29825
30850
34354
36138
37299
39959
41485
41127
42339
41996
38114
37544
39034
37488
37708
41668
43210
41263
41090
40675
36313
33300
32674
29812
25812
24834
25146
23033
21973
22953
21608
18569
16538
14090
9359
5183
3021
615
-1745
-3091
-4329
-6348
-8346
-9691
-11579
-13856
-16332
-20013
-23495
-24753
-25067
-25450
-23172
-18028
-12832
-6460
1999
9630
15955
22064
25784
26719
27984
29413
28663
26618
24729
22265
20066
19847
19280
16936
15294
13310
9259
6796
6867
5688
4491
5961
7451
7689
8485
9882
10678
11510
12943
13804
14979
16904
17594
17510
17855
17317
15676
14691
13844
12053
11574
13040
13574
13694
15413
16489
15698
15785
16069
13452
10250
8667
6175
2416
-411
-3703
-9122
-13613
-16178
-20060
-25177
-29193
-33227
-37875
-41244
-44023
-47519
-49891
-50493
-51808
-53658
-53608
-52124
-50248
-47097
-42491
-37523
-32304
-26175
-19491
-12624
-5544
732
5793
10944
16652
21237
24044
27670
33171
38543
43838
49868
55765
62098
68963
73495
74819
74638
72669
68241
63205
59198
55882
53318
52164
51508
49332
45658
42211
38253
32669
27641
24232
20777
17340
14653
12979
13179
13739
12088
8211
3533
-1155
-6468
-12763
-18206
-21338
-23199
-23772
-21658
-17945
-15352
-14707
-15468
-18135
-23224
-29286
-35326
-42359
-49029
-52421
-53935
-55603
-55214
-52439
-50981
-51058
-49380
-46661
-44982
-42336
-38980
-37272
-34285
-28849
-25025
-21151
-13934
-8206
-6119
-2722
1545
2744
3355
5343
5102
3624
5091
7028
7321
8787
10644
10299
9987
11464
11878
11181
12411
13688
13109
14647
19781
24510
28224
33444
37993
40022
43225
47254
48257
48963
51913
53284
52846
54125
54765
52244
49866
48233
44507
40264
38638
38208
36424
34772
35557
37521
38821
40219
42045
42788
43240
44758
45107
43201
41884
41664
39625
36277
34340
32793
30347
28388
26351
22572
17876
12476
4656
-4608
-12012
-18032
-24419
-29551
-32971
-36347
-39220
-40675
-42564
-45831
-48770
-51278
-54005
-56114
-57515
-58465
-57206
-53546
-50756
-49405
-47936
-47317
-47246
-46408
-46462
-47480
-46610
-43675
-40173
-35273
-29072
-23955
-19496
-14118
-9334
-6034
-2395
1919
5410
9150
14844
21214
27667
35229
43380
51748
60581
68840
76238
82458
86815
91242
96449
100460
102994
104529
104655
104199
104210
103264
101324
99861
97634
94902
93550
91380
85368
78046
72497
65419
55975
49227
44452
38022
32294
28600
23587
17118
11835
7057
2853
849
-1194
-5259
-9702
-13319
-17313
-22039
-25992
-29372
-32533
-34384
-35446
-36228
-35437
-33036
-30104
-27101
-24135
-21648
-21577
-23076
-22016
-20765
-20206
-13989
-5749
-687
4099
7682
13464
23625
28809
30590
34191
33229
31889
37086
41449
46256
56909
63545
68709
82043
89201
87275
92470
97175
89559
84156
87760
85345
78466
79767
80132
72093
67860
67942
60757
50981
47068
41776
33054
31294
34113
32978
32794
35591
33649
28134
24617
19101
9561
2326
-1933
-7886
-13042
-14308
-15603
-18477
-20851
-23306
-27533
-33663
-40348
-46184
-51327
-56076
-58066
-56142
-53112
-50226
-46537
-43676
-44213
-45493
-45151
-47027
-50488
-50899
-50043
-48731
-43505
-35967
-29315
-21405
-11699
-3917
1389
5940
9190
10548
11009
10689
9674
10270
13184
16206
18901
22046
24141
24136
22719
19861
14463
5641
-4367
-12164
-18644
-26120
-33536
-39463
-44848
-49649
-52198
-53708
-55439
-55402
-54489
-54825
-53185
-48998
-46793
-44397
-40319
-40636
-43712
-42742
-41282
-43965
-44856
-42174
-41948
-41249
-35845
-32290
-31665
-27403
-23188
-23456
-21444
-16525
-14729
-11593
-3279
3623
8482
16188
23782
28139
32318
36021
35939
34220
34092
33877
32530
32252
32848
32513
31913
31806
31442
29732
27465
26099
24692
24173
26359
28831
29815
30748
32255
33333
34110
35806
37915
40111
44079
50880
59195
66639
72844
78211
81295
81278
79030
74477
67229
59223
52442
46303
40531
36745
34709
32457
30297
28968
27606
26082
24746
22824
20108
17376
14057
9370
4670
1286
-1221
-3313
-4584
-4609
-3323
-1838
-527
2657
6791
8995
10398
12308
11512
8033
5957
2644
-4573
-12326
-18679
-25390
-31430
-35180
-38175
-37122
-32173
-28701
-28697
-27139
-25976
-31539
-27816
-21313
-34950
-51784
-51020
-43890
-49826
-55236
-47283
-43984
-46173
-43067
-42163
-50492
-55024
-50737
-54271
-59796
-52776
-49171
-55190
-50790
-39629
-37400
-30998
-15215
-8215
-7314
2560
12028
12921
18997
30823
36429
39816
47618
53971
56334
62671
72427
76223
77585
84166
89444
90681
95596
101712
102332
101148
100916
96823
91724
92830
95251
93249
90454
88644
83695
76771
72950
69951
65012
60923
58208
54798
52147
51056
49152
47464
48045
48568
46158
40794
34001
28008
23604
20032
17674
17970
21070
25291
31089
38168
44218
49487
53168
52898
48559
43797
40079
33767
25359
19889
18088
16850
18810
25546
30991
34530
38961
41973
40371
34729
28992
23456
16972
12957
11152
7865
6934
11846
17177
21556
27707
31493
30881
30008
27578
20685
13278
6142
-3511
-11330
-14103
-16421
-19775
-21290
-22551
-26272
-30238
-33483
-38784
-45177
-48905
-50771
-53148
-54404
-54593
-56023
-57343
-57884
-59199
-62000
-65577
-68924
-72219
-75228
-77910
-79652
-79409
-78144
-76771
-76263
-77273
-77534
-76671
-77608
-78731
-76491
-73549
-71843
-67673
-62012
-60021
-59509
-57122
-57289
-61198
-63549
-64680
-67020
-65961
-61211
-58702
-55530
-47971
-41868
-37926
-30576
-23092
-19612
-15735
-11099
-10255
-10323
-7377
-5522
-5965
-4434
-2043
-2066
-1475
2303
5727
8616
14513
21238
26040
32506
41911
50616
58699
67460
74750
80347
86673
92449
95623
98803
102746
103876
102683
102927
103284
102140
102783
104851
105168
106078
108752
109148
107712
107697
106819
103646
101355
100151
97797
95736
95236
93732
90909
88900
86769
82751
78046
73391
67420
61318
57301
54122
50417
47366
45098
42176
38950
36145
33142
30329
28178
25910
23789
22607
21082
18382
16258
14499
11523
7998
4023
-1190
-7026
-12012
-16449
-21369
-24286
-24020
-23545
-22304
-18787
-16179
-14469
-12059
-11929
-13139
-14152
-18318
-23293
-25310
-27566
-29466
-27324
-25428
-25848
-23933
-22364
-25224
-27088
-26015
-27424
-30173
-29852
-29105
-30003
-29194
-26136
-23419
-20359
-15911
-12440
-10651
-8239
-5309
-3756
-1809
2079
3946
2549
1874
1733
-311
-2687
-4549
-7667
-11603
-14841
-17581
-19512
-20623
-22383
-23236
-21848
-22225
-24705
-25095
-25323
-27898
-29356
-29365
-30673
-30934
-28799
-29156
-32229
-31904
-28598
-26201
-23107
-19412
-17809
-15944
-12204
-10007
-9383
-7269
-5028
-4249
-1953
2621
6123
8364
11162
13153
13854
15112
16305
16454
17891
21897
26588
31493
36891
40953
43189
45687
48453
49002
47572
46854
47272
47015
46260
47918
51533
53262
53925
55210
54055
50541
47885
44844
40202
37364
37497
37813
38289
39603
39534
37915
36953
35718
32341
29003
26523
22327
18502
18216
18320
17363
18803
21559
22090
22483
23886
22835
20324
19335
17058
12498
9253
6141
476
-4424
-7106
-10690
-13618
-13690
-14728
-17550
-18058
-17118
-17744
-17581
-15852
-16113
-17723
-18275
-19729
-22911
-25535
-28662
-33557
-37229
-39464
-42421
-44709
-45343
-45624
-44821
-43069
-43270
-45009
-46574
-48900
-51185
-51416
-51121
-50874
-47382
-41216
-35400
-28720
-20578
-13113
-6277
745
6568
10556
14084
17429
19787
22058
25328
29054
33480
39370
46083
53659
62556
70707
76716
82049
87089
90671
92849
94882
96482
97084
98824
102554
105989
108365
110651
111979
111167
109011
105358
99186
91874
84500
76248
67585
59987
53539
47280
41164
35534
30065
24632
19688
15140
10705
7516
5895
4607
3591
3036
1941
233
-1337
-3455
-6507
-9738
-13171
-17078
-20864
-24030
-26560
-28397
-29448
-29214
-28001
-26903
-25615
-23666
-21437
-18800
-15926
-13594
-11813
-11130
-12676
-15520
-18668
-23102
-28835
-34959
-41153
-46588
-50772
-54312
-56632
-56910
-56597
-56519
-55539
-53562
-51752
-49773
-45997
-40796
-35646
-29706
-22321
-15753
-10802
-5719
-1060
1441
3134
5430
6742
6731
6931
6388
4267
2458
1292
-454
-1974
-1909
-682
665
2644
6740
11253
13444
15017
16451
14792
11347
8371
3625
-2756
-7689
-11361
-14272
-14818
-13493
-11865
-8729
-4130
-1436
-620
1252
2787
2119
2602
5174
6455
8155
12909
17314
20520
25576
30960
33957
35772
36837
35510
32395
29691
27077
23250
19873
18660
18330
18688
21207
24058
24930
25802
27657
28286
27579
26896
26284
25441
24222
22683
20924
18392
14582
10587
6931
2335
-2269
-5234
-7034
-6493
-2168
4117
11357
21729
35624
49815
63028
76415
88251
95714
99294
99886
96205
89056
81524
73612
64887
58172
54175
50825
48486
48447
49129
48449
47517
47570
46895
44700
43060
42748
41554
39198
38458
39439
40113
40918
42045
41391
39549
38421
35879
31235
27473
24388
20181
16803
15435
13140
9378
6269
2635
-2899
-8789
-14538
-20855
-26532
-29827
-30934
-29826
-25268
-18624
-12667
-7591
-3030
-79
711
-185
-3619
-10582
-19275
-27819
-36564
-43824
-46947
-47990
-49032
-47058
-40244
-33281
-28299
-20880
-12792
-8815
-5373
-205
2017
1563
3708
6174
5461
6048
8395
7927
7164
8522
7279
4769
6171
6048
390
-3979
-6129
-11816
-18344
-22393
-28176
-35223
-38615
-40772
-45212
-47087
-44175
-42132
-40773
-36563
-34320
-36489
-37998
-39573
-45696
-53152
-58499
-66125
-75641
-80773
-82712
-84358
-83088
-78170
-72342
-65662
-57028
-47635
-37703
-27526
-18923
-11428
-3430
3357
7508
12342
18375
22761
26982
32406
37074
41148
45851
49406
50867
51612
51886
50160
46230
42901
40420
38316
40032
44603
46635
47915
51450
51947
48403
46954
45824
40048
34378
32078
27858
23367
24408
26116
24626
25481
28623
28891
29157
32902
36421
39047
44048
48044
47206
46940
49831
50015
47732
47924
47866
45251
44747
46409
46011
46459
50496
53202
53466
54856
55301
52435
49995
49182
47358
45733
46054
46401
46433
48549
52233
55220
58506
62612
64632
64165
62826
59390
53629
47986
42265
34609
26511
19808
13880
9166
6474
4407
2231
881
-366
-3148
-6418
-8849
-11459
-14727
-17794
-20276
-22965
-26190
-28983
-31495
-34772
-38180
-40925
-43269
-44508
-44507
-44442
-44035
-42627
-41604
-41145
-40045
-39378
-39155
-37733
-35104
-31388
-25898
-19902
-14341
-8174
-2355
2007
4611
6195
9626
11918
9415
9999
13837
10723
6862
9001
6229
-1524
-2867
-4326
-12223
-14653
-11701
-14545
-16380
-11604
-11143
-13580
-10072
-8432
-12253
-12193
-10664
-14519
-17002
-15100
-15847
-17476
-15373
-14418
-15666
-13790
-10740
-9890
-7290
-2316
1324
5055
11141
17617
23450
30416
38233
44507
49468
54455
57717
58317
58251
57447
54865
52806
52398
51607
51672
54632
58564
62706
68761
74736
78121
80010
79811
77141
73364
67967
60827
53160
44517
35525
29405
24901
19406
15950
14820
11565
7350
5453
2821
-1741
-4306
-5620
-8300
-9461
-6952
-4355
-1883
4509
11784
16173
21188
26434
26995
25921
26602
24405
20013
18897
19103
17744
18191
21202
22515
22467
23617
23375
20735
19365
18913
17135
16451
17609
17070
14811
13946
13543
11372
8409
5080
89
-6045
-11611
-16719
-21372
-24850
-28423
-33365
-38596
-42984
-47656
-52609
-56395
-59400
-61836
-62968
-61277
-57295
-53558
-48645
-40100
-29915
-20549
-10858
-1351
5415
10170
14243
15933
14072
11720
11097
10532
9584
9846
11525
13293
15357
18324
18212
14121
11580
8588
2201
-1000
-1106
-4048
-5067
-702
1964
2652
6018
7436
5001
3921
1125
-7076
-14010
-18206
-24644
-29311
-28426
-27832
-27863
-23376
-18483
-17405
-15958
-14362
-16783
-20503
-22419
-25582
-30006
-31430
-31236
-32426
-33103
-33060
-35122
-38434
-41018
-44976
-50680
-54717
-57377
-60439
-61069
-58254
-54033
-47985
-40454
-33165
-26820
-21547
-16797
-14105
-14433
-13337
-10313
-8946
-6132
-814
2190
4633
10310
15561
19039
24890
31366
34930
39285
46601
52696
57726
65363
72827
77229
81486
86129
88023
89119
92966
96462
98191
103115
110601
114180
114919
116562
115896
111240
104463
93921
79883
67911
58629
49751
45212
46025
47925
53063
63684
73127
78813
84812
87904
84735
80428
76147
68460
60432
55644
50832
46168
46504
49364
50252
51756
53649
51389
46973
44026
39924
33042
28073
26936
25667
25052
29058
34916
39943
47813
58353
65815
68736
69001
65264
56406
45635
35364
24659
13729
5269
-449
-4881
-6430
-5533
-5753
-6422
-5587
-6765
-12619
-18869
-23000
-28167
-34263
-38672
-43600
-49423
-52738
-54872
-58772
-62519
-64597
-68146
-73107
-76651
-77984
-79051
-82029
-82655
-80665
-80624
-80421
-77482
-74232
-72222
-69061
-66032
-64313
-60342
-54288
-49490
-46176
-42862
-40826
-40554
-42219
-46093
-48394
-48876
-49829
-48477
-44081
-40458
-37050
-29456
-21158
-17624
-13830
-6335
151
4688
10641
16125
18779
21985
25432
25660
23919
22192
19778
16092
12162
8631
4691
1455
1495
2665
2337
3221
5358
4635
2201
1080
-1832
-7492
-11289
-13750
-16749
-15957
-10588
-4819
919
7483
14849
20793
21445
21988
27958
32272
33351
39953
49220
52061
53890
59902
61409
57837
58422
59385
53314
46689
45215
43774
41526
43151
45890
46193
47575
49380
46909
44183
43956
38861
29605
23969
17879
7597
1517
-119
-5551
-9976
-8562
-9332
-11898
-8644
-4599
-5157
-5118
-6047
-11097
-12790
-12833
-18583
-19493
-10919
-8687
-9443
-1014
2048
-4511
-2642
1716
-6635
-12399
-6235
-5105
-6780
3455
16784
25236
37836
52853
59576
62705
68731
68872
58856
49636
45664
39534
31888
29020
27918
24964
24840
26382
23432
20889
21029
15792
7386
2834
-1933
-7661
-8408
-8451
-12497
-14383
-14664
-19808
-25477
-26787
-30247
-37409
-39723
-39121
-42886
-44992
-40055
-37055
-38264
-34594
-30285
-32567
-32768
-27887
-27118
-29264
-26940
-24085
-24924
-22148
-16066
-14716
-10261
109
2658
4596
16885
23880
24800
35890
47702
48284
51095
59107
57986
53531
56160
54921
47853
48474
52384
50018
50363
56175
57665
58133
64009
66123
60742
56675
52235
41874
33077
29035
21701
14216
14744
17046
17435
22963
30531
32520
34467
39852
42740
42484
42014
40231
36834
33347
30054
29232
31227
32650
33046
33499
35324
38105
36148
30394
27456
21389
10650
6753
6969
2800
1230
5354
5599
3015
5071
4947
-2424
-7394
-8170
-12281
-14901
-10812
-8604
-9290
-4497
1867
3434
5314
8745
7403
3715
3458
2915
740
2387
5585
5309
5830
9181
10370
10142
12361
14839
15383
16355
18481
19552
19933
20965
19827
15489
12616
10579
3999
-3533
-6724
-9666
-13170
-12134
-9212
-8194
-4968
1163
5584
8559
11703
12169
9699
7737
5213
392
-3954
-7333
-11024
-12243
-10060
-8498
-8794
-8323
-7586
-10088
-14977
-18946
-22056
-25847
-29082
-29868
-29393
-27364
-22819
-17962
-13427
-8778
-6283
-6639
-8499
-11172
-14285
-18020
-21370
-23362
-25477
-25805
-20592
-15783
-15017
-11850
-8358
-9395
-9501
-7381
-8044
-7937
-3382
-372
891
6315
11745
12500
13451
14963
11982
8194
8424
7386
4096
5017
8140
9678
14283
22210
27389
30785
35879
39128
38841
39128
40300
40038
39878
41008
41554
41771
44038
47883
51042
53229
55422
56576
55636
55319
57157
59748
61422
62214
63951
63964
60128
57618
56152
49531
43110
42101
39739
35516
34592
34076
30797
29634
31488
31265
30105
30268
28448
24556
22919
22382
19819
17696
17226
16110
15444
16521
16731
15158
13498
11486
7651
4596
6812
10510
10544
13641
22277
27674
31336
39687
46022
44563
42807
43266
37422
28537
27532
27705
20973
16857
17469
13775
10010
11630
9802
3275
1319
-732
-10060
-18242
-22211
-30725
-41406
-46196
-52528
-64659
-71255
-72908
-77861
-79533
-75984
-76640
-78983
-77029
-76995
-80529
-81191
-80363
-81204
-80320
-76428
-71937
-67465
-62045
-55690
-50591
-47866
-45480
-42515
-41309
-41536
-39870
-37768
-37136
-35259
-31439
-27422
-22368
-16066
-11945
-9953
-5806
-570
1731
3096
6089
8619
11385
16875
22082
24887
28425
32557
33691
33418
34722
35216
34496
36001
38483
39554
42011
46806
50190
51640
53450
54619
53962
53434
53601
53280
54030
57346
61906
67212
73053
77469
79406
79962
79655
77492
73206
68267
63739
58310
52574
49684
48644
47662
49131
51271
50155
50378
53310
52563
49791
48916
45527
39900
38664
39254
37300
37556
40655
41417
41660
45132
48205
48137
47900
46934
42780
38079
34275
29157
23353
19292
16210
13410
12543
13191
13338
12871
12284
10498
6996
2831
-1743
-7413
-14279
-21092
-27523
-34431
-40928
-45746
-49447
-52333
-53751
-54634
-55950
-56781
-56987
-57246
-57001
-56415
-56641
-56237
-53842
-51457
-49729
-47108
-44187
-42617
-41865
-41272
-42217
-44344
-45676
-47153
-49074
-49555
-49694
-49656
-47567
-44785
-41422
-36120
-31262
-27800
-23043
-18168
-15577
-12838
-9394
-7836
-6790
-3803
-1041
-76
1354
2811
1998
925
1623
1674
801
2927
7157
8872
9617
12537
14689
14868
16546
17353
13780
11795
13479
11374
7103
7953
9177
7446
10077
15878
19211
25479
35167
39154
40778
48164
54597
56071
60795
68395
71884
75563
84522
92450
96517
101995
107765
108188
105951
106257
104795
99324
95707
92649
86911
83519
82263
77100
71423
68615
63173
54729
46859
37384
26001
16678
8942
1702
-2530
-4078
-5526
-7349
-9658
-13593
-19088
-25121
-31913
-39477
-46086
-50229
-51483
-49550
-44942
-38350
-29812
-20116
-9681
839
8934
13742
16552
17397
15537
12055
8349
3494
-2265
-6198
-8106
-10266
-12636
-14119
-16515
-20592
-24000
-26683
-30763
-35596
-38800
-40945
-43977
-46032
-45750
-46450
-47820
-46953
-45913
-45567
-43346
-40388
-39068
-37141
-33235
-30066
-27570
-23433
-19057
-16303
-13634
-10052
-6783
-3741
-466
2193
4777
8478
12946
17959
23728
29364
34321
38494
40935
41960
42961
42934
40264
37377
36210
34608
33761
36505
40793
45464
51541
58106
64389
69900
73496
75451
76232
75275
73349
71506
68707
64987
63124
64407
67506
70865
73231
73947
73605
72638
69962
65113
59274
52819
45755
39712
35463
32402
31518
33167
36243
41873
49149
54515
58929
63405
64905
63154
60596
55643
47154
38654
30572
20682
10726
3116
-2804
-7014
-9498
-12286
-15288
-17828
-21190
-24995
-27978
-30933
-34405
-37069
-38568
-39949
-40947
-41366
-41766
-41288
-39703
-38652
-39128
-40598
-42880
-45939
-48991
-53108
-58798
-64023
-68575
-72556
-74395
-73612
-70446
-65042
-58710
-52495
-46054
-40270
-36397
-33933
-32834
-33412
-35646
-39075
-41057
-41536
-43514
-45211
-44488
-43369
-42284
-41582
-42212
-42143
-41131
-40897
-39483
-35294
-30596
-26151
-19919
-12140
-5064
1661
9537
16531
20068
21833
22379
19180
13785
9199
4180
-860
-1675
1554
5119
11123
21701
31515
39213
49460
59558
65027
69961
76063
78780
79278
81926
84606
85474
87252
88918
87958
86394
84347
79110
71975
65280
58317
51255
45793
41580
38781
39003
41149
43965
47722
50566
51227
51458
51527
50731
50236
50547
50426
49937
50821
52213
51990
51840
53049
52078
47122
41259
35236
27142
19213
14011
9454
5186
4117
5023
4128
3084
4559
4785
1227
-1946
-3429
-6393
-9057
-8807
-9122
-10788
-10778
-10873
-13478
-16630
-18725
-21096
-24526
-27378
-28881
-29333
-27955
-25667
-24258
-21978
-17806
-14897
-13659
-11611
-10433
-11536
-11683
-10269
-9896
-9300
-7172
-7294
-10133
-11671
-13799
-19340
-23604
-25050
-28359
-30976
-28362
-24928
-22690
-18433
-14361
-13345
-12373
-10547
-11130
-12766
-11909
-10778
-11441
-10714
-8421
-7401
-6385
-4948
-5445
-7129
-8256
-9825
-12631
-15466
-16949
-16904
-15808
-12925
-7807
-1812
4614
12089
20318
28453
35795
41692
46248
49948
51662
50324
47099
42865
37398
31962
27707
23889
21201
21086
23219
26794
30405
32771
33854
33449
31303
28403
26170
24675
23532
23958
26561
30100
34186
38346
41204
42712
43128
42265
40372
37540
34810
33536
32647
31799
32639
34976
37636
39633
40750
42683
45450
46687
46501
46532
45509
43685
44604
46026
43625
40485
38037
31576
21533
12895
5429
-3289
-11058
-16139
-20422
-21721
-17198
-12396
-10950
-8144
-4051
-3519
-4944
-6066
-8645
-11438
-11668
-10718
-10573
-9369
-6304
-4142
-2958
-898
965
2045
3880
6279
7927
9052
9648
8513
5656
1933
-2709
-7876
-12473
-17298
-22990
-27681
-30388
-31514
-30705
-28051
-24927
-21410
-17018
-13101
-10529
-8618
-7454
-7535
-8488
-10139
-12547
-16106
-20095
-23802
-28920
-34511
-37406
-40463
-45447
-45747
-42537
-42261
-39507
-29961
-20963
-15209
-6873
2367
6496
8797
12657
12944
9404
8353
8450
7024
8306
12158
15539
20402
25901
28601
30589
33249
33810
32987
32058
28148
22165
19302
18495
15737
13602
15203
17788
19905
24483
30597
34351
37924
44068
49723
53262
55813
56357
53637
50370
48612
45134
39501
36087
34354
31633
31113
33613
34482
34047
35026
34591
31337
29120
26433
19580
13156
9292
3908
-632
-33
1085
878
5233
12074
14935
16150
18434
17358
11346
3991
-4181
-14088
-23628
-31298
-37407
-41138
-41476
-38813
-34276
-28583
-22550
-17368
-13888
-12352
-11499
-10424
-9637
-8437
-7025
-6672
-6052
-4621
-3543
-1831
459
979
1091
2594
3287
3530
5709
8400
9918
11499
13846
15450
15973
17611
19774
20673
22937
26970
29504
31816
36299
40670
43020
44669
45171
42495
38278
34120
29277
25466
24037
23780
26085
30531
32605
34100
36908
36089
32167
29866
26447
19437
14856
14130
11724
9337
10592
11376
10433
10768
9610
4885
512
-3113
-9401
-16498
-20191
-21629
-22474
-19923
-14159
-9118
-4426
1111
4175
3578
2147
-1052
-7418
-12478
-14588
-17119
-18840
-16572
-12054
-7652
-2563
3048
6297
6885
7353
7542
5949
3771
2359
1704
2991
6729
10512
13041
15757
18504
20492
22957
25700
27670
30183
33923
37222
40117
43907
46967
48020
49210
50893
51078
50279
49557
47831
45310
43891
43556
43384
44072
47063
51192
52430
51372
52624
52911
46963
40347
36266
28395
18545
13693
9288
1983
-876
331
-1128
-1769
904
490
-1827
-32
1550
-448
135
3314
4092
6102
11623
15479
17489
21804
25613
24931
23347
21609
16055
8920
2454
-5464
-13672
-20364
-26428
-31172
-34652
-38158
-41010
-42782
-44399
-45956
-46795
-46831
-46368
-45132
-42367
-38313
-33354
-27669
-22603
-19027
-16873
-16149
-17287
-20914
-26504
-33093
-40396
-47712
-53795
-58615
-61831
-61344
-57049
-51492
-44696
-34582
-23219
-13484
-3886
5384
11459
14816
16742
15494
10547
4712
-903
-7754
-14774
-19435
-22127
-23574
-21990
-17632
-13388
-8233
-702
5891
10813
16580
21599
24550
28283
33042
36820
40870
46085
50057
52520
55314
56993
55782
53804
51982
47663
41215
35337
29212
22000
16244
12676
9261
7187
8545
10793
12346
15581
19512
20813
21129
22629
22805
21332
21934
24057
24323
24669
27847
31087
33263
36852
39758
39137
37680
36847
34141
30265
27753
25487
23683
24883
27925
30910
35682
42663
48770
53792
60012
65382
66487
65222
63973
60708
55362
51917
50622
49413
49584
51775
54582
57381
59677
61077
61012
58717
54871
49800
43315
36888
32294
28551
23870
20271
19036
16929
13712
11563
7211
-657
-7829
-15254
-25968
-35718
-41560
-48212
-55939
-60558
-64539
-69970
-72473
-71972
-73100
-74074
-71462
-68513
-67030
-64071
-60588
-59222
-57430
-54066
-51832
-49475
-45104
-41087
-38584
-35789
-32570
-30788
-29631
-27864
-27380
-27879
-26408
-23755
-22017
-19597
-14977
-9671
-4715
1246
8026
13624
17837
21603
25497
29047
31445
32730
32917
31286
28421
26104
23811
20821
19557
21361
23432
25182
29208
33762
36225
38648
41484
42491
42723
43632
43639
43122
44214
46077
48022
51322
54555
55108
54165
52234
46651
39184
33605
27791
20801
16601
14636
12282
12221
14876
16235
16567
17438
16417
12542
8358
4743
94
-4086
-5260
-4799
-3352
625
6721
12597
17324
21430
24520
25561
24568
22366
19863
18199
17519
18077
20260
23295
27746
33318
37477
39906
41760
41817
38771
35066
32228
27990
23405
21624
21042
20409
21647
23600
24301
25095
25201
23627
23351
23847
22385
21419
22224
20917
17053
14706
13433
9284
4516
3764
3173
-860
-2903
-1377
-1588
-2549
-770
-298
-3379
-6022
-8066
-12890
-19201
-23924
-28511
-34016
-39174
-42643
-44807
-47490
-50246
-53356
-54937
-55091
-57050
-57902
-57366
-58228
-59296
-58445
-56776
-55668
-52521
-45854
-39605
-35175
-27027
-17115
-12542
-9424
-4258
-3633
-6753
-6681
-6919
-11195
-14015
-13755
-15531
-16931
-12964
-10642
-13502
-11418
-7025
-10515
-12498
-8588
-10742
-15489
-11360
-6197
-6698
-2447
6017
8461
10524
17194
18896
15716
17059
17787
12870
12172
16338
16423
17178
24644
31213
34742
42260
50954
54318
56028
58884
57424
52144
50476
50703
47505
45733
49109
51359
51288
54187
57302
55776
53109
51476
47024
42092
41109
39390
35407
35338
38390
40745
43426
44917
45598
47046
45384
40915
38546
37604
34684
32362
33287
34213
33519
33074
33145
32294
29895
27426
25550
22478
19129
16724
13869
10849
7720
3429
-1070
-4603
-8017
-10600
-9924
-8149
-7042
-3149
1069
1427
4292
12048
16231
16876
20371
22633
20804
21158
22840
21333
22116
27252
29683
30915
36172
40522
41227
44182
49276
51067
51822
54379
54975
53876
54394
53321
49035
47319
48546
46195
40922
37393
33028
24866
15022
5151
-5716
-18115
-30235
-40575
-49691
-58106
-62811
-64441
-66495
-65582
-62025
-61009
-61228
-60838
-62907
-64828
-61620
-58837
-57561
-50722
-44023
-44389
-43410
-39397
-40498
-41990
-39350
-39852
-41856
-38580
-34443
-31631
-24714
-15329
-8800
-3835
1766
5102
5099
4550
2959
404
538
3144
5681
10474
19006
26282
30156
33917
36093
33282
29152
24940
16238
6352
35
-6131
-11577
-12245
-11259
-9895
-4463
2036
6011
11659
18442
21772
24546
28506
30035
30144
31995
33521
33688
34585
35838
36910
38428
39579
38909
37199
35175
31912
29029
28521
27330
23906
23300
23688
19528
17504
21081
21502
19646
23658
28169
28185
31024
35575
33599
29263
27228
21953
14279
10632
8120
4006
3297
5376
6232
8885
13031
12884
10270
8808
4707
-2293
-5682
-6001
-7654
-6269
252
7144
15603
26906
35891
41199
44923
45029
39495
31376
23150
13933
5616
1426
385
41
1975
7262
11088
11732
13120
13804
10450
7680
7994
7252
6594
10787
17118
21086
25829
32257
34687
33459
32086
27174
18218
10714
4127
-3850
-8641
-7853
-4971
-912
5055
10742
14521
17026
18051
17112
14785
11020
5794
650
-2481
-2137
1211
5336
10167
15934
20318
21842
21150
18951
13613
3738
-7484
-17125
-26938
-37833
-46043
-50394
-53247
-53254
-49469
-44578
-39203
-31695
-24024
-18333
-12213
-5369
-154
4141
9249
13250
15587
19844
25110
28170
30895
34347
36702
38232
38876
37770
36678
36315
35309
35256
37868
41152
44410
48758
52587
55087
58350
61593
62359
61543
60939
60183
59029
57755
54732
49007
42229
35754
28913
20778
12190
3797
-4464
-9997
-10211
-8455
-7443
-3416
2767
5869
8234
12326
13707
12047
12285
12920
10277
8009
8244
7315
5393
5828
6142
2806
-270
-1293
-5116
-10526
-12815
-14911
-18947
-21000
-21700
-24518
-26533
-25687
-25497
-25374
-22959
-21677
-22200
-20316
-17539
-17556
-18499
-20260
-25651
-32923
-40172
-49059
-58531
-66268
-73571
-80024
-82681
-82441
-81747
-79060
-72490
-64778
-57984
-50388
-42635
-36548
-30228
-24874
-24259
-23368
-17467
-12140
-9893
-5584
2043
9324
15106
21314
28849
35936
41495
46546
51262
55402
59262
62996
67234
72493
78150
83694
88613
92821
97626
102615
106398
109669
113030
116862
122167
126625
127690
127800
126338
120257
112758
105403
94658
83439
76574
69928
63591
62995
63709
62696
64935
68061
67157
66368
66532
62058
54527
49340
44584
36620
29406
25903
23463
21982
22480
23170
21788
19113
16249
11667
5638
-726
-7971
-15348
-21185
-25761
-28842
-28804
-26728
-24415
-21589
-18763
-18888
-22539
-25759
-28321
-34808
-42953
-48274
-54840
-62981
-66747
-67867
-69957
-69246
-65240
-62769
-60216
-54942
-51369
-50963
-50357
-51127
-55165
-58588
-60035
-62588
-65284
-65196
-64689
-65478
-64829
-63670
-64846
-66138
-65995
-66784
-67511
-66296
-65966
-66812
-65885
-64300
-64023
-63341
-61729
-60604
-58995
-56487
-54793
-53051
-49531
-45567
-41474
-35261
-27591
-20881
-14630
-7447
-573
5799
13010
19226
22689
25633
29546
32594
34793
37981
40734
41703
43672
47297
48918
49804
53008
55379
55879
58051
60709
60942
61604
63151
61463
58405
57929
56901
53385
51142
49704
47312
46739
47866
48045
48791
51134
51683
50306
50696
52610
53944
56275
61161
66923
73356
82233
91239
96558
101181
107978
112421
113691
116168
117832
115739
113960
113024
109263
104520
100976
96958
91263
85265
81443
78915
76601
77167
80110
82165
83855
85569
84078
78330
71511
63164
51260
40615
33039
25034
18574
14812
11902
11919
11780
6549
2897
689
-9656
-20461
-23014
-29661
-40609
-41206
-40206
-50002
-57578
-52783
-55548
-66643
-67276
-73933
-85463
-97370
-90243
-55842
-80167
-123355
-94742
-60089
-70785
-93295
-82620
-68476
-81627
-93182
-83434
-76882
-101223
-106589
-84945
-87953
-99135
-83578
-70271
-84374
-83177
-62494
-64340
-70505
-53344
-45338
-58808
-57809
-47770
-56326
-62211
-53765
-59065
-70512
-63822
-59395
-65248
-56940
-43344
-42276
-38170
-26681
-23164
-22136
-13447
-7208
-5114
3280
12441
15116
21090
32458
38826
44216
55283
62537
64321
71633
81174
83887
86429
93371
96404
96328
102182
109630
110536
110340
113121
110948
103361
99489
96032
86150
77338
73024
65492
56965
54036
50445
43617
41145
40184
34642
30380
30546
29310
29081
37529
50355
63177
80741
99694
112158
122381
133327
137083
133402
128894
120101
104939
93513
86922
76127
67662
68652
68744
65717
67253
69523
66949
64177
61279
51730
39336
30383
19955
6058
-3354
-8933
-18114
-26025
-27771
-30242
-34424
-34534
-34635
-39733
-44535
-47403
-52328
-56090
-54973
-53516
-53672
-52309
-50874
-51198
-49844
-45268
-41842
-41697
-41392
-41125
-43308
-45901
-48373
-51320
-52259
-51822
-53476
-57230
-62398
-68670
-74188
-78626
-82789
-86927
-90548
-92848
-94356
-95139
-94261
-92352
-89870
-86107
-81722
-77244
-73227
-70005
-66517
-63498
-61432
-59255
-57785
-57469
-56234
-53352
-49781
-45494
-40704
-36129
-31920
-28174
-25519
-22943
-18421
-14032
-11765
-9218
-5263
-763
4506
10418
16193
23264
33519
44587
53002
60373
69263
76852
81367
85733
89012
88257
86634
87044
85982
82375
80274
78961
75261
71682
70964
70472
68125
66516
67160
68483
71238
75951
78809
80143
82649
82077
77389
73919
70286
62381
54361
48941
42406
37140
36640
36261
34629
35876
38202
38201
38740
40452
39399
36385
34637
32842
29736
27674
27322
26613
26009
27113
29347
32624
35845
36435
35354
34296
31189
25243
18771
11010
1556
-5504
-10452
-17464
-24367
-27964
-31973
-38000
-43064
-47872
-53776
-59242
-64362
-70086
-74261
-75376
-75335
-74187
-71217
-68812
-67118
-64104
-60651
-58197
-56702
-55829
-55496
-55475
-54855
-52941
-49848
-45674
-40316
-33995
-27484
-21978
-17167
-11948
-7655
-5776
-6195
-8689
-12268
-15925
-19911
-23460
-24854
-24732
-24906
-24840
-22646
-19015
-15762
-12748
-8976
-4847
-2603
-1629
543
1231
-2580
-6287
-5623
-3812
-1849
3151
9555
16727
28012
41858
53488
62389
69250
73370
77402
83585
88994
92144
94882
97736
100676
104956
109230
110871
111849
114715
117500
117715
117821
120191
121104
120071
120155
119759
118196
116417
113463
108217
101871
96001
87744
76928
68862
63804
58633
55241
56165
58862
61925
67152
72921
77093
80622
82854
82230
80402
78062
73745
68283
63377
58469
51656
44328
38287
32627
26322
19145
12679
6393
-1982
-11200
-18774
-25839
-34066
-41666
-47513
-51774
-54210
-55180
-54901
-53355
-50962
-48850
-48270
-48710
-49209
-50665
-53809
-58429
-65272
-74308
-83324
-91729
-100220
-107706
-113532
-118847
-123861
-126598
-126545
-125945
-125664
-123870
-120618
-118722
-117892
-116459
-115341
-114015
-110892
-107316
-104690
-101472
-97512
-95270
-94115
-91564
-89344
-88880
-86350
-80965
-76607
-72619
-66400
-59401
-53355
-47981
-42995
-38446
-33693
-29109
-25325
-21943
-18826
-14754
-9439
-3778
2968
11808
21858
30608
37272
44156
51014
54789
58977
66140
70733
73285
79192
86118
90123
94142
101796
110565
117418
124596
133185
139946
145277
152406
158505
160585
162185
164880
166213
165610
164191
161977
158449
154319
150149
145356
139007
131430
124219
117572
110592
104142
99878
96560
93195
91608
91314
90766
90865
91187
90419
89607
89490
88765
87282
85941
84001
80936
77695
76304
76114
75576
77812
82582
86717
92969
102482
110340
115765
120984
123454
121674
118037
113342
107032
99339
90671
81567
72289
64033
58273
52400
43191
32690
22400
9828
-5183
-21476
-40209
-60170
-77700
-92771
-107051
-119709
-129990
-138717
-145762
-150835
-154837
-159790
-167293
-176111
-185379
-193699
-199166
-202052
-203000
-201649
-196136
-187489
-179297
-171463
-161828
-151501
-143207
-137560
-131612
-124648
-120192
-115529
-106644
-97673
-91621
-85213
-78002
-73971
-71719
-67211
-63734
-63326
-61234
-57782
-58049
-61113
-63408
-66417
-70847
-74692
-79413
-86110
-91959
-94468
-92834
-86145
-75211
-62128
-47664
-31534
-12064
7668
19573
25354
31838
35398
33237
30533
27809
21763
15185
13114
12726
11427
15470
24293
30749
39645
54162
63604
67707
76566
85552
88405
92681
100534
104151
105878
113841
123509
130164
136747
141605
142221
142747
146005
147434
145174
141745
136727
131973
131346
132794
133877
135927
138681
142221
147011
150737
150984
148138
146023
144722
139214
129036
117232
104467
91195
79952
68954
55246
43554
33971
21563
9902
1008
-11657
-25994
-32551
-36817
-47592
-57934
-63804
-72641
-83983
-90443
-95539
-105682
-115491
-120559
-124184
-125945
-124235
-122742
-122186
-119057
-115207
-113273
-110914
-107519
-104612
-102236
-100036
-95605
-88116
-81184
-74156
-63403
-50612
-39079
-28999
-20700
-14526
-9342
-4439
-121
2640
4197
5648
7107
8796
11205
13793
15156
16144
18680
21133
21832
22841
24353
23693
22309
22654
21765
18564
16308
13824
8536
3063
-341
-3217
-5113
-4502
-4094
-4580
-2766
92
706
2053
6714
10096
11258
14082
16710
16553
17111
19116
18773
17687
19311
21639
23634
28540
36013
41563
45782
52942
61504
67667
73589
82153
90924
98431
108820
122211
132740
140070
143123
138095
131921
129969
125086
116719
112639
109823
104376
102368
102796
101710
103206
106233
105716
105368
107132
104413
97869
94561
93576
89229
81900
74556
64791
52220
41046
31219
19420
7472
320
-3973
-7197
-7881
-9868
-15197
-21555
-27968
-37215
-49577
-60556
-70941
-83301
-93469
-96371
-97252
-101214
-103605
-102126
-101789
-105240
-106351
-105672
-109752
-114652
-116760
-121255
-128706
-133218
-135391
-140017
-144956
-146346
-147418
-150066
-152085
-154344
-157795
-161054
-163845
-167417
-171694
-174908
-175047
-173445
-172466
-168547
-161120
-155022
-146403
-132616
-124610
-121477
-112045
-104511
-103404
-97602
-86220
-77888
-72583
-62378
-52809
-50792
-45637
-34574
-29389
-25022
-11690
-1003
5714
20571
37890
49097
61517
78236
90237
98726
110869
122785
130289
137584
146888
154207
158997
164476
170295
175148
180115
188058
197640
206541
217145
230605
247568
262579
276387
290195
298885
307716
309460
304566
297627
285099
271366
254844
243169
229944
211397
200867
194228
185587
175279
169401
162840
150626
141438
136597
132014
126919
124422
125099
126504
130298
140026
149845
155899
162631
166765
163747
158780
154807
147300
137653
132752
130108
120743
109893
103765
92653
76393
64574
53271
36349
22191
14470
5404
-4486
-9732
-13724
-21564
-28277
-33313
-42968
-54540
-64380
-75386
-88727
-100057
-107790
-113783
-117352
-117889
-117231
-117977
-119052
-119792
-123381
-127553
-128851
-131353
-137386
-143211
-148105
-156137
-165252
-172082
-180269
-189611
-197813
-205572
-212833
-218201
-221055
-222120
-221841
-221335
-220192
-218624
-218309
-218788
-219859
-222231
-224197
-224743
-225940
-225513
-221220
-217097
-213928
-208549
-204024
-203838
-202485
-198678
-197248
-198180
-199479
-200012
-202575
-205571
-205296
-204700
-201380
-191260
-180240
-173067
-161195
-145094
-133992
-123376
-109669
-97594
-87604
-76834
-67182
-59955
-53160
-46302
-39297
-30942
-19493
-5160
9652
25295
43286
59972
72359
84635
99976
112602
121563
133211
145545
154681
161191
168797
178924
187675
196329
206534
216133
223216
227845
234191
243128
250313
254310
257849
260923
262497
264514
268301
271094
270374
269463
268100
263367
257576
251934
244385
233538
221084
209911
199324
187614
176745
170579
170027
168356
165213
169708
177707
180022
182947
191062
193655
188490
184045
175066
155574
137312
123860
106321
88431
75290
64171
54757
48139
44796
40907
35206
31509
26539
17887
10003
3460
-6271
-17180
-24260
-31840
-42031
-49398
-55166
-63997
-71961
-76150
-80165
-84550
-88538
-94011
-99436
-102965
-108652
-115851
-121345
-127858
-135846
-141293
-143763
-146994
-150439
-151999
-153046
-153071
-149733
-145780
-143735
-139842
-136438
-137051
-136466
-133855
-133497
-134989
-134301
-132272
-131657
-130410
-128941
-128346
-125163
-121282
-121046
-118664
-113055
-110832
-108510
-101843
-95620
-92169
-87313
-80456
-74981
-69610
-63249
-58446
-53988
-48604
-44448
-40123
-32302
-23886
-18102
-11845
-4049
2670
7400
12200
16736
18185
19163
22284
24823
25489
26927
26418
19978
15920
20090
26416
32452
37360
34100
26824
28758
35745
38223
39057
41195
43640
46333
50977
57489
63197
71519
84111
92147
95139
103654
116845
127041
137562
150230
157717
161007
170316
184212
193458
200172
209422
217272
218523
217075
216549
214560
210235
204586
198717
192660
186971
181928
176880
170432
163640
159341
155927
150274
141044
132552
127723
117692
98323
81573
73127
61820
47956
42393
37335
26923
23893
28198
25191
17843
17412
15243
-316
-19091
-29394
-39518
-50969
-52332
-49664
-53378
-54545
-48625
-49946
-61486
-69450
-76996
-93792
-110738
-122717
-136037
-151266
-160862
-163705
-165377
-162235
-154532
-148270
-145265
-146284
-145967
-141710
-140248
-143254
-145488
-145479
-144427
-142331
-137379
-128037
-117422
-107392
-96438
-86754
-80491
-75564
-72314
-71980
-70418
-66343
-64717
-66046
-66473
-66763
-69685
-73097
-74706
-77400
-83185
-87156
-86508
-85948
-86511
-81554
-72291
-68267
-65829
-56252
-46539
-43006
-34659
-20168
-12033
-6729
4853
16075
20288
26078
36883
43997
48274
56704
66521
73770
82531
94006
103650
113293
126645
138673
146000
153390
161860
166028
165460
164829
162961
156231
148275
143322
138556
131893
128693
130077
130992
133494
139026
141585
138992
136789
135872
130396
122299
116210
109707
101192
93642
87826
82445
78914
77693
77157
75834
74360
74650
75056
72832
69727
69915
72215
73062
75577
82054
87835
94654
107320
118615
123299
126053
125422
116291
102479
87016
67409
47799
34494
23775
9493
-2679
-5926
-5888
-7436
-8015
-8600
-13827
-21624
-28540
-37064
-48208
-59911
-71681
-84616
-97532
-108076
-116764
-125777
-134891
-143426
-152498
-161216
-167094
-172570
-180841
-187003
-190294
-194755
-199518
-201357
-199115
-197351
-196440
-192439
-186385
-181108
-174616
-164310
-154517
-146853
-138111
-129777
-124114
-119024
-113755
-110407
-107836
-103785
-100155
-98147
-95384
-90677
-84589
-77419
-68942
-60960
-53877
-45779
-38759
-33117
-27794
-23306
-19584
-17318
-16335
-14404
-10826
-8428
-7153
-5240
-1765
2171
5605
9611
13013
15839
20564
27671
33293
36989
41140
45795
51593
59984
70027
78744
86719
95141
105252
115673
126558
139289
149383
157867
169150
181797
190613
198768
210105
216470
215563
215857
219415
217507
210796
208647
209591
205668
200047
203418
208379
206895
208117
213171
214947
213397
213992
214461
207201
196388
189349
182469
171275
158395
146423
132697
118589
108842
100698
94131
90041
83464
75121
67709
58399
45767
33618
23034
9612
-5912
-19125
-30734
-42138
-49105
-50103
-51207
-52947
-52940
-55982
-63196
-69689
-78327
-91846
-104340
-114277
-124155
-131275
-131613
-128411
-125107
-118292
-109238
-103844
-100318
-95922
-95577
-100598
-105787
-110383
-116056
-120079
-120863
-120025
-117587
-113826
-109618
-104573
-100170
-98400
-98375
-100632
-106421
-112708
-117716
-123481
-129055
-131871
-132064
-128972
-122683
-116225
-109222
-101283
-95104
-88587
-79497
-71729
-66360
-59027
-50593
-45311
-40492
-33188
-26899
-22446
-15961
-9518
-6382
-957
8001
15010
21288
28912
35455
41110
47358
51918
53693
55222
57893
58241
54675
51285
49004
46885
46552
47706
47912
49088
53269
58173
61810
63160
62289
60763
59655
59242
59567
58453
57888
60293
62457
65163
69194
73357
78775
83971
85842
87983
92353
93402
93468
97759
102399
103471
104578
107863
110293
112399
115502
117732
117492
115743
113100
107773
99675
90813
83827
78266
72406
69530
69790
68798
68727
72076
73319
70368
67947
65241
58378
50749
44661
36445
27123
20676
15193
8950
5659
4266
-241
-6062
-9268
-12633
-20267
-28425
-34521
-42359
-50785
-54759
-56591
-60822
-62822
-60110
-59430
-61567
-59998
-57860
-62704
-67583
-66931
-68780
-73537
-73793
-73248
-77299
-79634
-78470
-80879
-85759
-87600
-89136
-94285
-99427
-101447
-103446
-106221
-105833
-102555
-99476
-94553
-86815
-79806
-73973
-67624
-62269
-59813
-58594
-57936
-59205
-61152
-62344
-63772
-65691
-67361
-68646
-68274
-65392
-60620
-54072
-46382
-38905
-31196
-21791
-13947
-11374
-7884
1177
7775
9949
16898
27633
34062
39220
48478
57701
65186
75179
85289
90342
94124
101277
107292
108819
111125
116781
121186
123135
125548
126878
124914
122292
119524
114291
108108
103698
99825
96466
96666
98476
99219
101255
103986
103846
101920
99798
94764
85608
75913
67294
57125
47196
41706
38142
33516
30834
31190
31815
31772
32449
33613
34056
35594
37645
37855
39527
44262
46441
45700
47110
48433
45332
40100
35098
27559
17089
7604
-438
-9100
-17795
-25701
-33588
-41490
-48131
-53069
-57281
-60886
-62736
-62908
-62374
-60856
-58720
-56528
-53868
-51469
-50244
-49690
-49924
-51747
-54047
-56297
-59076
-62085
-65265
-68188
-70659
-73114
-74623
-73525
-70886
-67748
-63978
-61674
-57739
-48515
-40686
-37313
-31980
-25115
-21668
-17972
-12868
-12694
-14887
-13236
-14778
-22775
-26543
-24957
-26593
-28185
-23768
-21557
-21112
-11810
700
8793
18138
31952
44000
53243
64343
73353
76486
80285
86666
89001
88973
93730
99259
101622
107495
116620
121819
124579
128650
129899
126261
121948
115880
104211
92114
85863
80519
73724
71176
71420
69178
67972
72851
77618
78198
80953
85356
84054
79904
78992
77734
74810
74240
75329
76356
78425
79890
77719
72774
68513
64346
55005
42073
32255
24669
16899
14738
19251
21363
18741
17196
15571
9649
4110
-76
-9197
-19283
-23650
-27730
-34948
-40224
-45334
-55676
-65924
-69924
-74089
-82339
-88943
-94691
-103596
-110420
-111408
-113027
-117283
-119262
-120445
-124220
-127831
-128411
-127219
-124875
-119290
-111927
-106488
-99693
-90291
-83181
-77069
-69594
-63936
-61807
-60668
-59615
-60472
-61686
-61976
-62703
-62660
-61003
-57987
-54873
-52800
-49979
-46869
-44200
-41111
-38896
-38469
-37536
-34914
-32392
-30664
-29555
-29189
-28411
-28416
-32357
-34813
-31642
-28826
-26724
-20998
-15098
-13365
-12796
-11230
-10695
-11291
-11116
-10393
-11117
-12170
-10908
-7554
-3250
1997
10277
22143
34482
46162
57637
68317
77386
84585
88996
91204
93400
95487
98346
103525
110008
115551
121399
128637
134321
138335
142289
145314
145044
142345
139810
135808
129837
124729
120985
116851
113317
111026
107793
103791
99049
92543
86158
81239
74229
65167
56298
45203
33247
22918
13012
3464
-2408
-3909
-4433
-5467
-7858
-11878
-15949
-18348
-20016
-23581
-29866
-37353
-42011
-44892
-49162
-49032
-43757
-39060
-33006
-25484
-21090
-18551
-16590
-18504
-22163
-23623
-26022
-30434
-32194
-31941
-33769
-35479
-35373
-36981
-39732
-40152
-40108
-41893
-41734
-37373
-32642
-28654
-23708
-19211
-15737
-10906
-5227
-2871
-3494
-4228
-5447
-6466
-6092
-4978
-3425
-1014
426
2614
10237
18464
22098
25662
33015
40211
45713
54345
63772
67662
68657
71774
75031
76012
77792
80207
78325
73784
71274
68575
63416
59626
58540
55649
50449
48496
50162
50731
52207
58559
65599
70149
76753
85784
92719
98812
106184
111971
115421
120094
124006
123177
120177
117022
110853
100377
90533
83569
75917
67443
62004
58537
53906
50311
47745
44523
42051
40278
37936
36047
35881
36670
38486
41032
42511
43087
43150
40408
34256
26960
17014
2542
-12497
-26159
-40310
-52876
-62120
-69346
-73189
-73182
-72344
-72403
-72477
-71597
-71204
-72870
-75146
-76856
-78594
-79694
-78977
-76259
-71687
-65287
-57399
-49679
-42931
-36089
-30423
-28844
-30270
-32683
-37864
-45677
-53361
-60951
-69118
-75761
-79081
-79831
-78037
-73967
-68908
-62893
-56544
-50297
-43896
-39377
-36899
-35110
-35140
-35510
-34836
-34194
-33690
-33053
-33518
-35685
-36567
-37978
-43255
-45728
-44355
-50215
-56007
-50028
-47582
-53200
-50328
-42828
-45184
-48089
-43251
-44494
-52247
-53365
-53147
-58951
-61538
-59988
-64117
-68211
-64210
-60873
-61154
-56354
-49165
-46231
-41389
-32008
-25776
-22404
-16727
-11239
-8099
-3650
3105
7935
10080
14005
20301
25361
30363
38104
46001
52816
60451
68319
75845
84812
95476
104365
109089
112103
115454
117712
117791
116146
114229
113147
112682
112746
114319
118632
124456
129784
134649
139499
142853
142892
140378
134843
124487
112517
102909
90647
73482
60854
53317
43091
34143
31749
29206
23694
21321
21162
19250
17721
17483
14964
9208
4855
2804
-490
-3662
-3010
-99
2141
6563
13398
17675
21292
27475
30584
28178
25306
20966
12355
3648
-3146
-10075
-15542
-16793
-15668
-13687
-7709
387
4389
7330
11611
9131
264
-5833
-12926
-25699
-36004
-43658
-55169
-64542
-65941
-66099
-67399
-64061
-60024
-61133
-61119
-58797
-61090
-63497
-60192
-57262
-55744
-49551
-41273
-35906
-29847
-21876
-16697
-13852
-11241
-11357
-15217
-18921
-21128
-24579
-28395
-29608
-28695
-27388
-23975
-18186
-12203
-5580
916
6514
11859
16014
19165
22606
23577
22511
24703
26416
23757
22386
22804
19848
16570
16000
13966
10724
9469
8243
5449
4580
6905
8910
9850
11517
12928
13329
14889
17939
18367
16027
16011
17340
18053
22794
32631
43199
54685
68914
83116
96109
108879
119537
125717
128111
128806
127455
123481
117108
108968
102246
98729
95788
91094
87414
85235
81350
76953
72518
65919
59396
55034
48349
41429
40035
38609
34965
35369
38974
39366
39160
43700
47605
46867
46179
45629
41324
36884
34853
30352
24502
22485
20963
17387
16159
16369
13696
10446
8271
4108
-1571
-6898
-13216
-20669
-26963
-32484
-38605
-42925
-44422
-45417
-46270
-44804
-41411
-38490
-35719
-32567
-30711
-31836
-35394
-39660
-45153
-52952
-60975
-67694
-74225
-79228
-80669
-80727
-80851
-78675
-74320
-69934
-63953
-56068
-50367
-48120
-46959
-46659
-48825
-51457
-51983
-53336
-57135
-59670
-61467
-66301
-70509
-71751
-75239
-79507
-79613
-79716
-82682
-83732
-83117
-85726
-89397
-91051
-93618
-96886
-97061
-94579
-91638
-86817
-79397
-71988
-64469
-54929
-45219
-37179
-28404
-19680
-13167
-6019
2532
10052
16435
24291
33664
41791
49297
58021
66573
73541
80200
87807
95533
103622
112924
122469
131343
138281
142962
146591
149636
150207
147494
144299
141765
139988
138044
134415
130206
126297
122944
118890
112569
105970
99557
90649
80432
71052
60566
48749
38913
32552
27142
22732
21518
20324
17788
17233
18279
17771
15429
13121
11322
6445
-1064
-3311
-1764
-2718
-1856
4213
10439
16169
26120
37566
45989
55398
65544
67764
63587
63337
64386
58644
53300
54457
53632
50434
52984
53582
45622
37557
28444
10564
-10580
-26673
-43246
-63313
-78322
-86490
-92682
-94895
-90087
-83307
-77484
-70880
-65306
-63664
-64448
-65575
-69540
-76090
-81223
-86887
-93275
-93894
-89996
-86158
-78738
-67744
-59035
-51571
-43110
-38645
-39454
-40083
-41065
-44418
-45835
-45146
-45684
-44618
-40683
-38579
-37006
-32292
-27972
-24830
-20048
-15397
-12583
-9889
-5713
-1108
3421
10402
19915
27671
31154
33000
36618
39415
36194
31100
30416
28329
22469
20426
19925
16131
15170
17256
15020
11968
13304
12820
8872
7805
8535
8437
11096
15093
14589
12811
16662
21856
23581
27845
34450
36474
38893
47057
52683
53270
57031
62835
65141
68055
74605
79382
81839
87082
92771
95299
98619
104738
110147
114175
120045
126931
131181
133602
135190
134261
130138
125999
123014
117786
112629
109360
103937
96635
90484
84515
77588
70459
61869
51852
43106
35657
27180
18106
10196
2776
-4319
-9322
-12650
-17827
-24753
-29080
-29892
-28500
-24062
-18041
-13027
-9113
-7005
-6176
-5870
-8315
-14168
-20904
-28875
-39437
-49316
-57352
-65893
-72237
-72780
-71482
-70107
-64543
-56553
-50829
-44496
-35703
-30523
-28828
-25906
-23554
-22797
-19997
-15712
-12534
-8024
-3112
-979
-27
-170
-3554
-8628
-14108
-22546
-32892
-41675
-50581
-60945
-68116
-70144
-70513
-68565
-62061
-54230
-47790
-40671
-32904
-28342
-26392
-24415
-24757
-28617
-32498
-35425
-39799
-43973
-45582
-47455
-50113
-49910
-47424
-46355
-44920
-40347
-35948
-32539
-27989
-25221
-25397
-24504
-23476
-25568
-27832
-29720
-34360
-38564
-39165
-38922
-38358
-35929
-32872
-29273
-24019
-18589
-14378
-10887
-8129
-5912
-3861
-2616
-2139
-2587
-2866
-639
2782
6676
13126
21218
29150
37769
47732
58388
68969
79044
88980
97622
103273
107696
112798
118637
125448
132092
136951
140723
143598
145221
146285
145693
142707
139797
138132
135804
133392
133048
132707
130528
128661
127150
123833
120414
117586
110991
100645
89735
75109
55341
36043
18077
-555
-12967
-14410
-12319
-9951
-2479
8433
15809
17875
20492
25822
28506
28789
30094
28548
20065
10313
6200
8353
18166
33354
44593
48442
48752
46705
41185
33834
27705
22685
16344
10100
6032
2463
362
690
685
1184
2194
-149
-5223
-10868
-19083
-29270
-38078
-46624
-56606
-66370
-73856
-80009
-86231
-91636
-95749
-98971
-100509
-99694
-99005
-98331
-94806
-91479
-90476
-86621
-79545
-75382
-73407
-68725
-64856
-66309
-66607
-63101
-63590
-64934
-60732
-58568
-60366
-57479
-51748
-50325
-48204
-42010
-38348
-37895
-34867
-31759
-33706
-33086
-27245
-20242
-10286
1226
11367
22821
36325
45354
51690
59596
65403
67347
69581
72876
72976
74951
82343
87759
88595
91146
96136
97435
96558
98443
98981
97485
100294
104594
105700
107446
110791
110340
107904
108471
109340
106994
104061
102264
97941
91365
84728
75565
62319
48203
35834
24201
12391
1426
-8195
-18328
-26686
-30599
-34411
-39549
-41068
-38985
-38485
-37231
-32506
-30285
-32004
-32237
-31509
-34347
-37862
-38488
-39969
-42426
-40677
-35523
-30219
-22972
-13895
-7170
-1686
6466
14086
17410
19129
18922
13430
6748
2210
-4803
-13381
-18021
-21279
-25500
-28075
-30364
-33347
-34819
-36564
-39968
-42226
-43450
-45603
-47050
-45876
-43944
-43114
-41498
-39080
-37715
-36186
-34088
-32925
-32719
-32806
-33894
-36212
-37711
-37732
-37855
-36934
-33456
-29193
-24361
-17587
-9828
-2639
4558
13082
21909
28813
34683
40194
42451
41513
40968
41586
42169
43540
47035
51694
57110
65077
73956
81046
89148
99269
107255
112681
118254
122712
123445
121102
117702
112990
106111
98813
92004
84153
75331
67507
60722
53470
46727
41977
37729
32563
28461
26666
24917
23108
21868
19080
14685
10646
7349
4032
570
-2170
-3188
-3021
-3182
-3231
-2589
-3192
-5977
-8630
-10350
-13498
-17270
-18984
-20807
-24938
-28070
-28475
-29600
-31921
-33316
-35951
-41895
-47435
-49807
-50942
-50849
-48992
-49306
-52840
-54515
-54902
-57725
-59841
-60357
-64104
-69866
-72420
-74182
-78077
-79725
-78328
-78098
-77970
-75333
-72868
-72236
-70557
-68391
-69001
-69947
-68620
-67350
-66109
-62154
-56760
-51979
-46412
-40640
-36549
-32735
-28796
-26748
-25052
-21117
-16706
-12387
-6421
146
5357
10911
18493
25590
32078
39642
46777
51906
56543
62466
67233
69196
70409
72784
75505
76544
75836
73072
68666
64609
60345
55712
53163
51307
47533
44747
44574
44547
45168
47842
50538
51944
53517
55222
56070
57537
60117
61578
61509
62472
64110
64018
62756
60931
57642
53031
48745
44418
38575
32328
27613
23737
19817
17839
16847
15368
15409
16260
16556
19093
23686
26507
30220
36641
40705
41774
43018
41449
34925
29422
26128
20659
16134
16829
18613
19714
23137
26481
28401
32698
37522
38092
37791
39492
39233
35460
31393
30119
28490
21899
15348
13200
7755
-1717
-5856
-7029
-11075
-12934
-10239
-8981
-9122
-6155
-3012
-2488
-301
3018
1857
-2035
-3937
-5190
-7859
-10035
-12802
-18212
-22394
-23715
-25892
-28372
-27531
-25032
-23471
-20993
-16911
-13968
-12408
-11176
-12104
-14755
-17130
-20438
-25237
-30106
-34492
-38053
-39211
-37302
-32940
-26021
-16915
-7426
1635
11284
20218
26048
29201
31134
31633
28663
23907
21115
18533
14392
13598
17280
19084
19114
21812
25014
24625
23026
22172
16243
6312
1724
-2611
-14568
-20186
-15378
-19564
-30338
-30319
-28996
-37423
-40012
-34712
-40159
-49349
-47671
-47416
-53671
-52579
-47654
-51127
-54168
-49692
-49523
-54093
-52552
-49676
-51169
-49923
-45173
-44018
-44498
-40918
-38194
-40163
-39940
-36515
-36233
-37405
-35837
-34807
-35761
-34110
-30250
-27691
-24263
-19354
-15721
-11161
-4235
1845
9667
20488
28238
33976
41260
47371
50619
54621
61847
68945
75331
84374
95462
106492
118041
128199
134761
140275
143975
141868
135308
126942
116196
104848
96476
91569
87862
84593
85023
87354
85316
81631
80893
75082
59476
45700
37653
27070
15633
12918
15866
14307
17083
25071
20233
15907
28694
36046
28946
30262
39287
37927
37220
46488
51150
51253
58907
65817
62926
63269
68740
66242
62806
69657
74077
70196
74212
83781
83034
79970
84067
83678
76720
75264
74333
63915
54269
52073
46703
37672
35363
36184
32794
31121
31931
27306
19868
15694
10502
1247
-7016
-14146
-26222
-41942
-53691
-61948
-71370
-78662
-80084
-80337
-82487
-81800
-78793
-79598
-81892
-81945
-83876
-88185
-90192
-90892
-93502
-94834
-92753
-91522
-91441
-87989
-81719
-76374
-69092
-59117
-52959
-49905
-45349
-41446
-41363
-41145
-38877
-40747
-46298
-50207
-55709
-64201
-68128
-67461
-69506
-72042
-69533
-65534
-63194
-58714
-51624
-46842
-43724
-38411
-33863
-32665
-31468
-29207
-29076
-30482
-29862
-28182
-26935
-23872
-19328
-15934
-11992
-6438
-3145
-2696
-1086
468
-1176
-2543
-1407
-439
501
3336
7158
11416
17462
24522
31254
40059
51549
62426
73512
86462
98018
106902
115076
121638
125385
128465
131431
132389
131935
132437
133523
132380
130303
130830
131831
130501
130091
131990
131358
128550
127775
125790
120384
116138
112683
106315
99057
93363
86368
75932
65769
56460
45355
36030
30172
23732
17817
16208
16272
14707
14258
15877
15470
13886
15110
15383
12254
12555
15764
14611
11667
11464
9682
3810
-1157
-6469
-15881
-24496
-31428
-39929
-46043
-47533
-49012
-50736
-49148
-46401
-45795
-45577
-45243
-47877
-52455
-56064
-60302
-65561
-68964
-71359
-75053
-77658
-78305
-79556
-80633
-79370
-77556
-76665
-74304
-71434
-69156
-65181
-61108
-57919
-54501
-52250
-50450
-47675
-47042
-47486
-45172
-43988
-44224
-41306
-37149
-33536
-28267
-21371
-14501
-7517
-284
5902
10770
14640
15735
15442
15960
13932
9158
9016
15136
19463
24704
33949
41553
45718
46118
59168
80665
80368
79903
97637
96101
82606
97469
110729
96146
95641
111963
105303
95496
112132
120872
108496
113152
129039
124581
120701
136627
143983
134994
136535
144089
134340
121491
121344
115511
98864
90505
87623
77247
69699
70440
67425
59949
57360
55093
46319
37990
31713
21970
12043
6438
478
-8243
-14917
-19673
-25643
-30719
-33624
-36821
-39345
-38473
-36816
-37303
-36957
-35256
-36288
-38847
-41258
-46770
-54687
-62577
-72792
-84354
-93338
-101555
-109647
-113943
-114443
-113130
-109017
-101273
-92426
-84190
-75592
-68894
-68052
-70244
-71684
-76033
-83369
-87244
-88287
-89959
-88724
-83754
-80036
-77134
-72104
-67463
-65017
-62953
-61665
-61905
-62081
-61713
-61501
-60704
-58598
-56176
-52499
-46603
-41137
-38281
-37535
-37489
-37895
-39188
-41234
-42995
-43868
-44031
-42652
-41465
-42515
-42281
-37676
-32784
-30219
-25797
-21412
-20694
-17686
-10061
-3891
1985
12988
25189
34262
43387
54680
66009
77361
89024
98710
106175
111520
113596
112738
110808
108759
105805
101059
95223
90358
87966
88156
89794
92937
97508
101757
105470
110913
116999
118989
118524
118569
116102
110764
106970
102646
94660
89275
86802
79918
70657
63511
54599
43267
33639
24123
12544
2132
-6239
-15155
-22520
-25075
-25342
-25401
-21470
-12897
-4199
3716
12940
21423
25726
27437
28223
26519
22344
18484
15412
11423
7433
5103
4399
4935
7161
10446
12345
13278
15155
16435
16672
17926
20474
24177
29112
35536
43455
50165
53366
54569
54221
48431
36626
25359
17339
7754
-2548
-6712
-5548
-3030
3744
14120
21606
27191
33793
35980
29066
18686
11312
3653
-6350
-12615
-14129
-16265
-17175
-14301
-14323
-17491
-17383
-18606
-26044
-33905
-40490
-49439
-57962
-62075
-64461
-67347
-67318
-64852
-63841
-61842
-57480
-55266
-55916
-56040
-56744
-59039
-59336
-58443
-59781
-60304
-57621
-55864
-54625
-51204
-48933
-47147
-43272
-41770
-42877
-40958
-36928
-33757
-30453
-26011
-19577
-11007
-2172
5450
12612
20035
26733
32176
37589
43265
47220
49446
50918
50098
47447
45580
44679
43733
43704
44227
42414
41293
44769
47619
46010
43346
40334
34626
28967
26867
24887
20760
19149
21611
24520
28884
36664
43433
47319
51604
56264
58356
58644
60058
61391
61664
63940
67973
70455
73744
80283
86035
88634
89057
86731
81414
75791
71367
65352
57021
51515
50285
48379
46700
49846
54771
58262
63328
67681
65422
61241
59947
55686
48135
44681
43131
38437
36110
38959
40718
39964
40305
40493
38310
35033
30810
24806
17944
11857
6515
1181
-3814
-8356
-12746
-17166
-21538
-27039
-34016
-41433
-50438
-60488
-69801
-78796
-87194
-93737
-98860
-102741
-102594
-98445
-95156
-94189
-92089
-89479
-90751
-94247
-95978
-98425
-102984
-105556
-107267
-112118
-115655
-113682
-110996
-109654
-106059
-100907
-96656
-91506
-85184
-81608
-79674
-75378
-72284
-73266
-73273
-70648
-68387
-65336
-59888
-54879
-51964
-47740
-41474
-36806
-33466
-29314
-25661
-23716
-21358
-18014
-15931
-13248
-7928
-4258
-2525
1700
5154
4144
3931
6916
7672
6681
9453
13892
16971
21707
28766
34727
40516
49048
58135
66867
76800
87470
98028
107663
116983
127045
136934
145844
154831
163214
167116
165435
160560
151788
138378
125463
116030
107814
101655
99901
100266
101556
105990
111967
113762
111037
109680
108613
104218
101182
101139
97840
92428
90357
87456
81908
79246
77099
71163
66675
62625
54793
48987
45357
38571
31456
28652
27147
23968
21301
18859
15316
11931
8531
3018
-3925
-10088
-15982
-21957
-27392
-32762
-37871
-42115
-45941
-49520
-53185
-57306
-60040
-60923
-62401
-63396
-61357
-58957
-57245
-51841
-43368
-36148
-27789
-16353
-6004
3326
14849
26026
33815
40450
47242
52370
55355
56607
55795
53632
52375
52263
50591
47240
44547
40552
32340
22737
16011
10424
1911
-7473
-15188
-24329
-35316
-43581
-48423
-52632
-55985
-57700
-59197
-60417
-59757
-58788
-59928
-61376
-62527
-65515
-69469
-73537
-79910
-88711
-96375
-102104
-107201
-110574
-110859
-106966
-99072
-91599
-86614
-79141
-70589
-67604
-66542
-63095
-63700
-69720
-72518
-73109
-77752
-80008
-75919
-74521
-75596
-71192
-65549
-64379
-63351
-59897
-58245
-58256
-55680
-52643
-51294
-47720
-41520
-36815
-32683
-25291
-16723
-10827
-4760
3811
10776
17633
28184
37129
43276
53182
65806
75834
84378
93976
103729
112000
119691
127866
135273
141908
148877
155423
161304
168436
175913
181481
185224
187738
188821
187573
185445
182550
178022
174117
170530
165326
161312
162515
165286
165446
166601
168844
167182
162183
157374
150809
139814
127600
114975
98667
82290
71903
64535
55929
49633
47195
43902
39429
36749
34076
29734
25313
20837
14932
8011
1980
-2069
-4222
-3119
3208
10610
14403
19710
29895
39329
42601
34825
16693
1586
-5843
-15923
-29713
-41824
-53709
-65964
-73017
-77153
-86761
-95814
-98208
-102150
-110051
-114890
-116630
-119183
-119545
-114565
-108900
-106963
-104628
-100075
-100326
-106616
-112377
-116853
-123833
-130507
-132094
-132581
-134315
-131308
-125390
-123450
-121426
-114813
-109835
-108774
-105855
-103073
-104537
-105248
-101965
-99471
-96262
-86330
-75978
-69428
-59158
-45857
-39032
-32589
-20285
-14736
-15001
-9324
-3161
-3592
-914
6892
10495
13482
20273
25953
28402
34039
42854
49246
55099
62022
65403
64984
66506
68518
69051
69811
71767
74080
75420
76116
76331
76162
74548
72425
70793
69093
67009
63284
59790
58295
56317
55551
58349
62616
67726
72496
76123
79456
83475
87153
89074
91511
94636
97280
99564
101973
104436
107135
110745
115163
121172
127546
133983
139435
143344
148220
154412
160319
162144
160468
157141
152571
149680
148737
144234
134277
127873
125635
117308
104953
96284
86197
69804
54373
43659
29905
11965
56
-7531
-21992
-34665
-33189
-34341
-47140
-53323
-54755
-68387
-86369
-97404
-112354
-133795
-149501
-161946
-179734
-198148
-208988
-216007
-225064
-231314
-231551
-231250
-232428
-229243
-222443
-217846
-212723
-205440
-201829
-201261
-196828
-189810
-184187
-177216
-169256
-165358
-163365
-158067
-150061
-140766
-129802
-119059
-109644
-99845
-90248
-78882
-62874
-47423
-35720
-24160
-11789
-2175
5792
18335
32681
42481
49673
58295
66520
72080
78397
84387
87175
89361
89592
86500
86453
91259
94492
97196
105696
116324
124059
131965
142195
153593
164152
172414
178645
182688
185493
187532
188076
189118
193113
199863
206317
212023
218465
223827
223763
217183
209923
202045
188368
173365
164189
155874
143348
134676
134075
136665
138940
139226
134437
124590
117480
113379
102527
85326
70993
58905
45404
36064
33051
31867
33466
41340
49279
52824
54507
50841
41685
33987
25310
8590
-11685
-29499
-46758
-63586
-73872
-77791
-82724
-86763
-86268
-85644
-86752
-86743
-87963
-93292
-100630
-111468
-123908
-131436
-135458
-140338
-144881
-145834
-146139
-149216
-150541
-148216
-145291
-143023
-142487
-143347
-143485
-142564
-140147
-134155
-125893
-117736
-107574
-95143
-83224
-71267
-59187
-50891
-48576
-49227
-49908
-51453
-53447
-54820
-57741
-61622
-62632
-61659
-59744
-53380
-43658
-35009
-25938
-15035
-6381
-624
5212
10007
12705
14579
15350
14923
13556
10671
8055
8607
10007
7950
5472
5138
2854
1608
7444
14081
15836
19459
26034
28707
31717
40439
47680
49246
51005
55155
57417
58603
63026
68966
74334
81522
91318
101566
110471
117780
124773
131886
137251
140448
141944
141762
141531
140804
138431
137307
137928
137603
138961
145053
152687
159268
165035
169650
173648
175462
173155
169448
164766
155475
142791
130536
116226
100838
90438
83120
74156
67734
67805
65944
59477
56651
54197
44090
32170
23213
9685
-8733
-23471
-35621
-49302
-59398
-64548
-70258
-74063
-72288
-69745
-68895
-67900
-67491
-67846
-67025
-65039
-65198
-67868
-69389
-71843
-77818
-83047
-86847
-93110
-99329
-101573
-103591
-106812
-105838
-102601
-102914
-100906
-93812
-90413
-89801
-85026
-80915
-81496
-78930
-72415
-69747
-68623
-65916
-66761
-70397
-71714
-75420
-83273
-89966
-99031
-108825
-114104
-119126
-123295
-123816
-123647
-124389
-123651
-120317
-118089
-118519
-117024
-111889
-107263
-104882
-100046
-91806
-86489
-81871
-72898
-64932
-60500
-54800
-48001
-43440
-38175
-30864
-25640
-21503
-15964
-10993
-6096
684
7738
15131
25289
36779
46900
56410
66418
75557
81602
85448
90480
95073
95057
93461
94115
94243
93553
96118
101352
105706
110083
116106
122273
127341
132588
139135
144817
148644
151845
154412
155057
154049
152686
149621
144996
141243
137143
131606
128125
127286
125621
122678
120165
116984
110891
103495
95937
86486
76383
68432
61525
53847
48196
46337
43930
37846
36399
45624
50299
43688
43511
49700
44865
37036
36489
29528
18162
16796
17835
12813
11050
14315
12282
9548
14114
16702
12569
10980
12327
8493
2251
-974
-5762
-14815
-22284
-26685
-32375
-37157
-37532
-38334
-41661
-42844
-43199
-46062
-48290
-48727
-50207
-52752
-54262
-55042
-56016
-56431
-57942
-61064
-62089
-62251
-64401
-64178
-61755
-62457
-62572
-60645
-62050
-63307
-60540
-58671
-58296
-54900
-50028
-46584
-41462
-34279
-28565
-23600
-18377
-13934
-10094
-6899
-4478
-2420
-663
1260
3535
5796
8574
12095
16303
21920
28010
33446
39688
47183
54662
62826
72010
79697
85233
90679
95735
99890
105652
111565
113933
115084
117016
117277
114943
112581
111799
109471
104191
99680
95259
87589
80790
77373
71376
64432
65509
68093
60145
51916
54522
54267
46776
48007
51539
43257
36516
38428
33797
21921
17781
17995
10366
634
-2515
-6288
-15511
-20557
-21436
-27806
-36834
-41209
-45130
-52464
-56153
-56286
-60626
-66749
-70166
-74811
-81741
-85783
-87646
-91174
-94813
-98415
-103705
-107658
-108221
-108379
-108599
-106702
-104485
-103114
-99654
-93857
-88054
-82669
-77090
-71489
-67781
-65701
-61838
-57609
-55453
-51646
-46744
-44894
-42670
-37910
-34000
-29157
-20461
-12739
-8878
-4358
2050
6480
9235
14306
19964
23472
28345
35994
42841
48265
55908
65127
72678
79941
87684
93909
98193
102400
106906
109491
110070
111244
112809
113015
113775
116097
117473
116988
116744
116271
112691
106806
100146
92611
84224
75788
69394
65553
61258
57050
57751
60926
61046
60792
62551
60879
54709
48895
42077
32001
23090
16719
9835
5208
5652
7062
8013
12197
17756
19914
21141
22394
18064
8699
-382
-9543
-19933
-27763
-30688
-31184
-29537
-23260
-14513
-8282
-5259
-4651
-8668
-17540
-28112
-39717
-54395
-70795
-83662
-92922
-103180
-111934
-114404
-115536
-119799
-123380
-125142
-129132
-134210
-135293
-136388
-137152
-132983
-129627
-124665
-116085
-109309
-102880
-96050
-90787
-88161
-85678
-82308
-80905
-79686
-75834
-71596
-69013
-64932
-59015
-55052
-52349
-49018
-45809
-42820
-38976
-35310
-32448
-28294
-23334
-19153
-14764
-9371
-4225
757
6933
13230
19173
25542
31904
37547
42388
47382
53291
58962
64106
70270
77384
84099
90055
96015
101093
104170
105846
105283
102072
98291
95026
91304
87064
83750
81493
79605
78773
78889
78476
77570
77274
77194
76641
76573
77269
78013
79590
82712
86493
91311
97515
103599
109552
115497
119780
121539
121659
121017
118397
113798
109907
105916
99784
94709
92374
88882
84979
84106
83326
80076
75628
69677
60769
50987
42709
33961
24697
17432
10872
3965
-1664
-5972
-9713
-12981
-15452
-18620
-23941
-29666
-35981
-44127
-51739
-57938
-63826
-67963
-69895
-70525
-69958
-68580
-65415
-60974
-57983
-55173
-51360
-49098
-47823
-44983
-41867
-39561
-35609
-29916
-24897
-19449
-12917
-8928
-7490
-5596
-5137
-7167
-9134
-11425
-14733
-17177
-18388
-18712
-17280
-14668
-12664
-10285
-6238
-3968
-4866
-4120
-1779
-3513
-7202
-6831
-6014
-8981
-10085
-8798
-11578
-13660
-8619
-3167
-1000
4216
10663
12180
13851
18464
19577
17767
18816
19390
15320
12025
11988
10672
9366
12412
17050
19717
22717
27914
32741
37248
44525
53066
59467
63980
68621
73909
79787
86147
91871
96152
98778
100286
100234
97139
92154
86846
80906
73856
64894
55703
48817
41439
32935
26990
22290
15875
9107
3318
-3395
-11626
-19234
-27170
-37635
-47750
-55110
-61803
-68986
-76741
-84292
-89140
-93231
-98669
-100148
-96721
-94769
-92463
-83980
-76890
-78160
-78726
-75600
-76303
-75076
-65268
-60253
-65036
-62951
-50426
-40648
-31815
-16502
-2661
6397
17330
30137
39739
45828
50420
53415
56144
62063
69363
72139
73541
78213
82419
83812
82798
79330
73572
64841
55930
48532
42219
40026
40084
35393
30738
35193
41748
45710
50940
57863
62026
60563
59536
59808
56805
52179
49639
47430
44569
45846
49287
49590
52358
61973
69163
70848
76098
81946
79662
77749
83701
86277
82375
83081
86599
84545
82582
86969
89915
87860
87784
89176
86075
81896
80788
76123
66970
60744
56120
47235
36463
28214
19022
7606
-2578
-12413
-23117
-30138
-33059
-38055
-41169
-38796
-39438
-43687
-44533
-44503
-49444
-55125
-56743
-58087
-59499
-60153
-63982
-66328
-62973
-63497
-65689
-58570
-52091
-54095
-52208
-45734
-46947
-50085
-47862
-49017
-53495
-51692
-45967
-43885
-40186
-30346
-26545
-31368
-30700
-28767
-34832
-35565
-31857
-42422
-54922
-53778
-57997
-72138
-75011
-71486
-78906
-86074
-85159
-91909
-105775
-115859
-128859
-148441
-166815
-180198
-189165
-189706
-183403
-177687
-167054
-148128
-131075
-119448
-105753
-92344
-87301
-84593
-79844
-79327
-83740
-84675
-80256
-76839
-70649
-56541
-41737
-30947
-18262
-2062
10085
17773
28630
39258
44881
52405
60765
69167
80967
94727
110839
125696
142557
162959
177554
188433
201412
209720
211126
209677
207919
208964
199030
184451
183749
180629
170748
169601
174686
179488
185457
190252
199039
201358
195518
197038
194822
188188
178766
169452
162827
152466
143170
135598
128608
121299
115214
109331
102694
99328
95689
89253
82621
76508
70570
63740
55162
47102
39198
31050
24474
18530
12611
7687
3297
-1995
-7452
-11644
-15586
-21732
-27914
-30355
-33427
-39792
-41414
-38739
-38757
-34740
-22442
-13474
-11522
-5185
2238
-4459
-17774
-25148
-40220
-66232
-87049
-105352
-124513
-137290
-146317
-155713
-159013
-152458
-148754
-151496
-149614
-149006
-152142
-151634
-152891
-154620
-153919
-154814
-155447
-148849
-134054
-121114
-110416
-99292
-94363
-92385
-85613
-81456
-84818
-85665
-84729
-89436
-91515
-87166
-85058
-84709
-79428
-70787
-65893
-57946
-42813
-29370
-19865
-11128
2172
13786
21152
29192
38630
51997
59186
61715
73257
83707
87914
101213
123273
136130
133945
132200
137360
136668
133380
136106
134610
128205
130158
135142
131621
126461
122613
111238
97514
90999
81942
67150
60718
60399
54706
51831
59933
67298
67915
71726
77495
76709
74268
73584
68438
60127
56169
52652
44369
36215
31307
27745
24879
24886
26785
28562
31787
37782
43303
46163
49997
54556
58188
61432
63323
62533
60181
58083
56075
55801
55786
52742
49538
50094
49237
42617
37747
37346
34983
32437
31056
22136
13275
15838
19759
17791
13914
10774
10320
9699
1328
-9470
-16912
-29048
-45798
-59077
-69682
-82149
-91983
-95613
-99853
-105565
-104832
-99565
-100549
-105385
-107183
-111798
-118958
-119114
-117725
-122794
-120733
-107285
-97991
-89889
-75153
-65426
-62733
-55397
-49137
-52073
-53781
-51434
-51691
-51878
-47489
-40741
-31765
-21349
-14947
-8314
220
4284
6039
10041
12841
10742
8953
9639
7729
5247
7613
10372
9353
9603
11536
10897
9662
10396
10413
8414
8379
8906
7239
7306
8653
10147
12050
15070
18949
24545
34660
41906
50223
62182
70224
81125
92690
102932
112438
118298
125653
129987
131468
135005
136574
135724
135232
136148
133180
127645
126399
123863
118059
116687
117492
112653
107496
107586
104201
92969
83497
78672
69805
59927
54803
48670
39629
30786
23336
13630
-774
-14123
-23704
-33991
-45869
-55560
-63024
-69324
-71641
-68814
-63905
-58300
-51107
-43421
-36901
-31124
-24571
-19145
-16896
-16913
-19488
-24489
-30234
-34580
-37223
-39520
-39684
-36055
-31826
-29770
-29001
-27719
-27206
-30439
-36038
-40274
-44337
-51325
-54520
-51352
-51435
-52452
-48030
-45732
-46545
-42377
-38474
-40533
-41349
-40153
-42968
-48260
-51282
-53357
-58099
-61623
-62458
-63852
-64925
-65194
-64498
-64201
-64761
-64718
-65673
-68250
-69284
-68850
-70849
-72908
-71740
-70554
-70931
-70747
-70451
-71329
-72046
-72135
-73001
-73739
-73069
-72722
-71557
-67886
-62500
-56074
-47591
-36314
-26568
-17169
-4670
7684
17593
27602
38458
47347
55866
64923
73596
80481
86663
92983
96579
100000
103687
103659
102290
104194
104500
101427
100314
98780
95205
94998
100092
104969
108503
112396
112215
108118
104322
99864
93090
86616
81047
71659
61484
58214
56377
50446
47945
49995
48196
44337
45954
49200
47570
46259
47437
45654
43495
43902
42670
38768
37163
36945
33153
29183
26906
22259
18475
20345
22752
23693
27092
31722
35764
40638
47043
52983
56627
58521
59464
59444
57758
53020
45993
38761
31853
25777
21225
18797
18681
21323
26333
30734
33326
36417
39335
38916
36006
31547
24782
16274
8075
-1245
-12820
-19782
-22805
-28102
-30937
-28741
-28163
-28658
-26285
-25757
-28270
-29992
-32267
-36966
-41116
-44307
-48847
-51680
-50701
-48843
-46856
-41513
-32934
-25900
-20495
-13426
-7461
-5105
-3047
-1398
-2564
-4602
-6637
-9157
-10640
-12145
-13716
-14313
-15463
-16345
-17261
-19578
-21248
-20950
-20943
-24275
-30215
-35747
-40754
-46077
-51115
-54578
-56084
-58772
-63150
-64397
-63012
-64209
-66338
-65562
-64259
-64849
-65488
-66143
-70094
-75479
-79594
-82695
-84225
-84193
-81366
-75534
-66269
-55339
-45455
-35405
-26917
-20628
-13945
-8261
-5860
-2882
1851
4654
8815
15858
18417
18292
23892
30595
33097
34708
36483
36120
36117
41990
50550
58893
69378
79108
84739
89531
97126
104500
108806
112396
116363
118546
120156
123903
126099
124099
121187
117681
112965
110780
110024
106881
104212
105118
107608
108265
108091
109687
109656
106361
104858
103576
99098
97010
100016
102713
103357
107747
113048
114152
117465
122794
121354
116793
116999
112558
100383
93828
90119
79883
74749
79376
75779
66410
68723
70972
61501
56491
57340
48942
36929
31550
25925
13640
2912
-271
-4067
-9020
-9655
-9907
-10253
-9067
-8840
-9353
-7233
-3845
-1121
2432
3367
1151
-759
-3674
-10769
-19808
-27632
-36347
-45888
-54973
-63937
-72180
-78006
-82394
-87443
-89845
-89022
-90102
-92083
-91427
-91075
-92465
-94042
-95985
-98393
-101551
-103987
-105394
-107554
-109187
-109065
-107717
-105498
-101327
-97277
-96105
-94133
-92480
-93225
-91694
-91684
-96128
-95970
-92211
-95484
-102413
-103926
-104298
-105010
-100176
-93971
-89787
-85381
-79017
-70815
-64218
-59028
-54354
-52290
-53712
-54570
-52511
-50618
-50421
-49832
-45173
-41481
-39635
-29788
-17327
-12207
-9591
-2684
4659
5564
5222
8048
8103
6248
6041
3243
-526
1864
7049
10190
16275
26078
32354
36269
43610
50395
54686
63131
73658
77357
77883
81763
85177
87239
92339
99292
105501
111371
115506
117887
120075
123497
126256
124511
123192
126375
127313
125348
127929
130963
129432
129903
133306
132892
130598
131199
130780
126331
122221
118980
112909
107518
104898
101122
95481
92240
89356
81028
72782
68947
64479
58480
55305
54980
55238
56739
59164
59738
59476
61470
64189
65601
66837
68579
69495
68840
67284
65241
61214
54940
48716
43728
39466
34642
30223
26190
18406
7990
-1165
-11306
-23280
-33778
-43476
-54073
-62484
-67335
-69655
-69241
-67868
-66406
-63622
-60736
-59185
-56804
-53853
-53386
-53075
-50482
-48275
-47539
-45024
-40928
-37445
-32959
-25002
-15017
-11057
-12866
-14081
-18526
-26670
-32071
-37057
-46834
-55436
-59528
-65250
-70317
-69720
-68640
-70262
-69697
-68741
-71480
-70227
-65166
-65292
-67018
-65715
-64415
-64708
-62361
-54993
-48920
-44399
-33975
-23911
-22810
-20827
-14546
-15146
-20498
-22691
-25204
-28229
-27598
-27225
-29436
-27886
-20515
-13051
-5912
3079
8276
7172
5517
3034
-3214
-7752
-9836
-15196
-20527
-19195
-14578
-12554
-8827
-1654
2022
4422
10145
14057
14422
16430
18787
16290
16434
24156
29532
30784
36543
45100
49008
53585
63320
70858
71715
70767
70606
66703
61062
57541
52838
45963
40353
36287
32925
32606
34892
38001
43782
51774
58032
62566
66935
68700
66521
62143
55420
46931
39936
35057
30814
26990
24885
24059
22056
18884
15880
12695
8574
4482
388
-4399
-8211
-11452
-15140
-16579
-15723
-17002
-18761
-17430
-17164
-18305
-17169
-17592
-22249
-25294
-24935
-26181
-28489
-27261
-25060
-24355
-20060
-13750
-11185
-8656
-3990
-2163
-1104
3636
7721
9763
14099
18834
21381
25404
29662
30394
31277
33684
34838
36130
38328
38340
35856
33866
31115
26247
24445
24318
17269
7305
4944
7341
8095
12611
22694
29893
34146
40080
44937
48303
52707
53106
47632
44488
47343
50278
50709
54235
60310
62865
62639
61963
58792
54730
55171
57043
54651
52994
55774
56364
53624
51981
49364
45748
45629
45536
40486
34423
29899
23035
12118
2082
-5036
-14494
-25068
-31254
-35287
-38915
-38151
-34645
-32955
-30295
-25691
-22300
-18405
-12688
-9941
-11056
-10964
-10695
-13394
-15595
-16244
-18315
-18778
-15428
-13806
-14005
-11215
-8123
-7849
-8936
-11765
-16436
-20692
-24631
-28460
-32707
-39426
-45523
-49833
-56285
-64495
-71196
-76138
-80077
-80785
-79076
-77670
-74160
-66379
-57549
-50739
-43872
-37251
-35042
-35678
-34627
-34253
-36519
-35671
-31869
-30857
-28965
-22100
-15516
-10502
-3019
4716
8684
11350
15377
17374
16344
16164
16552
13918
9990
7761
5463
2741
1292
25
-1973
-2194
-1984
-4395
-6843
-8797
-12732
-16937
-19914
-24963
-31715
-36516
-40954
-46398
-50636
-53309
-55543
-57286
-58013
-57339
-55046
-50478
-42997
-36086
-31640
-25447
-18217
-14453
-11922
-6302
170
5860
14104
24159
32022
38032
44336
50309
56089
62194
68199
73596
77560
81531
86521
91611
99415
113173
127371
137099
148820
164973
177939
186022
195150
204699
206740
201299
195757
189632
178632
166124
156210
144443
127078
111227
103801
100957
98318
97619
98964
98873
95842
91182
85618
79910
74757
68633
60347
52237
46941
42853
38137
33897
30652
27972
26614
26374
24744
21417
17089
10769
3962
-1668
-7258
-13099
-16897
-17612
-16599
-14488
-11520
-5824
2353
9879
16916
23408
27895
30154
30492
27086
20694
13688
4280
-6331
-15660
-24455
-32935
-40415
-46695
-52048
-55582
-57443
-59099
-60203
-60340
-61650
-64792
-66326
-67267
-71800
-76589
-78323
-81657
-87174
-89632
-90339
-91742
-90086
-86949
-87879
-88440
-85345
-83817
-82640
-77324
-72004
-70158
-66967
-61259
-57432
-53322
-46062
-40843
-38226
-33046
-27862
-26048
-23544
-20481
-21376
-23816
-25662
-30199
-37537
-44363
-50300
-54301
-53869
-52597
-51865
-48826
-45356
-42231
-37726
-33586
-32273
-32873
-33655
-33870
-34119
-35297
-35705
-34857
-34666
-33829
-30864
-28802
-28098
-25811
-24415
-25522
-24146
-20576
-18899
-15562
-8097
-1483
4323
13035
21204
25190
27083
29239
30611
30795
32440
34660
35758
39241
48464
59403
66020
70950
76542
77967
75089
73108
69709
61962
57125
56824
54341
53192
60091
68013
71274
76636
84535
87799
88000
89833
90248
87891
86510
84754
80336
77293
77637
76771
73710
73994
78793
82358
84054
88243
91358
89557
89007
91706
90158
85379
85423
86493
82193
79057
80872
80389
77964
78745
78410
74522
72845
73352
70504
66422
65220
63525
59285
57483
58164
55665
51853
50474
47619
41515
36883
33527
27628
21583
18066
13340
6562
2014
-782
-4813
-9453
-13929
-19798
-26647
-32780
-38645
-45345
-52462
-58719
-65716
-73264
-78287
-81860
-85068
-85644
-83860
-81964
-78488
-71960
-64939
-58806
-53109
-49194
-47428
-45888
-43620
-41531
-39158
-35761
-31925
-27303
-22793
-16563
-7057
1282
6654
10561
12790
11714
7889
4110
139
-4784
-7432
-8959
-12923
-16194
-17265
-19827
-23861
-26444
-29716
-34419
-38568
-43804
-51464
-59535
-65142
-69120
-73085
-76275
-77543
-77028
-74683
-70087
-65230
-60568
-55135
-50408
-47864
-46732
-46119
-46586
-48223
-50059
-51091
-52025
-53288
-52793
-49699
-45772
-42295
-37617
-32183
-28508
-25047
-19462
-13112
-8449
-2050
6302
11175
14590
19789
24343
27824
33122
38023
41788
46635
50495
52302
54503
58624
61924
63961
66032
67206
67148
67670
70192
72522
74685
80108
86703
89839
93354
99333
102201
102195
103067
101948
96625
92577
91492
89181
87128
88024
88583
87593
87498
87166
84856
81865
78993
75295
70395
66017
62509
58200
55163
54947
55143
55590
56364
55664
54059
53571
52934
50607
49138
48768
45988
41782
39137
35771
30678
26566
22330
16086
9812
4335
-1985
-8343
-13062
-16689
-19680
-20844
-20369
-20105
-19596
-18877
-19537
-21021
-22259
-24118
-26852
-29021
-31626
-35966
-39734
-42262
-45505
-48706
-50013
-50715
-52065
-52333
-51370
-50785
-50136
-48983
-48464
-47980
-46302
-44728
-43502
-41540
-39272
-36908
-33124
-27487
-21758
-16390
-9917
-2845
2730
7476
12814
16909
19175
21259
22934
23311
22951
22891
22717
22190
22108
22448
22912
23741
24821
25648
26887
28796
30455
32074
33988
35546
36871
38750
40460
41191
41779
42432
42100
40531
38426
36105
33528
30759
27898
24850
21718
19298
18276
18678
20361
23455
26969
29141
30737
33337
35524
35939
35967
35938
34210
31642
30961
31321
30675
30538
31554
31302
30445
31291
31328
29131
28035
27708
25326
22871
22106
20368
17452
15426
12693
8110
3564
-765
-6275
-12090
-16610
-19956
-21942
-22234
-22210
-23361
-24948
-25389
-25268
-25904
-26905
-27750
-28240
-28245
-27909
-26840
-24518
-20736
-16630
-13255
-9932
-6888
-5762
-6494
-6909
-7586
-10163
-12142
-13033
-15238
-16312
-14574
-13502
-12748
-9593
-6740
-6304
-5808
-5209
-6067
-6935
-7589
-9553
-11712
-13091
-14768
-16360
-16721
-16629
-16736
-15825
-14262
-13501
-12753
-11651
-11665
-12330
-11651
-10602
-10283
-9178
-7653
-7455
-7350
-6068
-5669
-6224
-5274
-3224
-1132
2160
6748
10937
14990
19897
24579
28537
32403
35671
37776
39447
41210
42513
42917
42734
42694
43785
45979
48411
50996
53607
56043
58824
61752
63467
63732
63290
61782
58959
56085
53500
49904
45989
43395
41468
39812
39491
39771
38499
35605
31908
27215
21462
14858
8252
2768
-1476
-4408
-5262
-4566
-4060
-3227
-1566
-1567
-4077
-6822
-10665
-17412
-22890
-25351
-28575
-31363
-30160
-27244
-24568
-19553
-14155
-12331
-10536
-6513
-4626
-4929
-2828
859
2831
4390
6883
8705
9508
10011
9735
8472
6054
2698
-323
-3937
-8899
-12927
-15523
-18648
-21906
-23908
-26460
-30419
-33557
-36831
-42301
-47065
-49535
-52050
-53922
-53134
-50839
-48416
-44851
-39804
-35182
-31381
-27340
-24137
-22626
-21131
-19558
-19302
-19038
-17523
-16449
-15545
-12945
-9601
-6263
-1982
2937
7272
11443
16312
21585
27207
32978
37894
41660
44527
46207
46840
46542
45118
42935
40057
36951
34944
33751
32108
31063
31369
31030
29635
28730
27787
25701
23365
21015
17613
13902
11099
8353
5482
3980
3322
2145
1235
1369
2224
3238
3660
3383
3660
4555
4463
4672
6951
8895
9601
11694
14122
14199
14022
15005
14612
12886
12283
12094
11016
10426
10743
10662
10649
12012
13788
15039
16944
19655
21451
22662
24385
24957
24014
23380
22364
19678
17543
17250
16853
16893
19369
22902
26493
31871
38095
43101
48437
54812
60058
64194
68654
72399
74547
76001
76908
76520
75535
75335
75017
73271
71483
70737
69382
66860
64577
62282
58862
55190
52273
49684
47571
46415
45745
45089
44020
41868
39016
36177
32971
28554
23140
18273
13950
8999
4685
2124
-194
-2619
-4052
-5111
-7129
-9809
-12448
-15725
-20224
-25053
-29572
-34668
-39886
-42978
-44236
-45310
-45312
-43733
-42382
-41411
-39659
-38256
-38369
-38909
-39437
-40789
-42393
-43280
-44092
-44930
-44908
-44483
-44428
-44508
-44581
-44727
-44460
-43386
-41833
-39843
-37302
-34347
-30518
-25854
-21382
-16927
-11952
-7578
-4449
-1772
540
1862
2578
3797
5032
5181
5112
5596
5963
6571
8160
9898
11348
13117
14913
15535
15193
15132
14592
12835
11642
11389
10339
9124
8918
8415
7116
6422
6305
5545
4682
4363
3720
2623
2274
2609
2647
3708
5975
6857
7291
9053
9912
9848
10647
10350
8331
6984
5605
2543
-452
-2119
-3850
-5508
-5649
-5379
-5555
-4753
-2975
-1764
-909
453
1263
1137
1413
2371
3554
5783
9518
13497
17986
23399
28052
32447
37493
41370
44060
47485
50705
51930
53598
57188
60135
62943
67712
71812
73432
76423
80246
80577
80028
80552
78499
74426
72173
70076
66203
63532
62518
60641
58627
58098
57199
54851
52697
50277
46078
41271
36898
31693
25731
20541
15771
10714
6372
3272
704
-1208
-2117
-2575
-2656
-2122
-1393
-425
1239
3129
4813
6906
9529
11893
14022
16326
18293
19584
20524
21115
21032
20493
20077
19612
18968
18307
17750
17276
16612
16160
15386
14044
12858
10207
5653
1502
-2468
-7619
-12591
-16543
-20298
-24156
-28198
-32318
-36346
-40476
-44663
-48137
-50674
-52767
-54214
-54842
-54949
-54780
-54416
-53805
-53155
-53124
-54132
-55576
-57167
-58832
-59491
-59298
-59419
-58658
-56229
-53720
-50039
-44064
-38792
-35275
-31245
-26419
-21954
-17622
-13127
-8505
-3709
896
5139
9201
12422
14281
15943
17644
18282
18069
18126
17996
16958
16595
17835
19126
20520
23595
26737
28177
28960
29474
28849
27404
26179
24672
22939
22349
22363
21998
22709
24817
26614
28693
31766
34050
35059
36179
37174
36860
35794
34636
32915
30921
29371
27861
26154
25226
25306
25476
25503
25839
26473
27116
27816
28567
29360
30423
31751
33188
34978
36934
38450
39734
41040
41777
41719
41428
40778
39376
37827
36739
35746
34549
33799
33803
33711
33129
32287
31121
29899
28474
26230
23299
19962
16333
12857
9488
6048
3186
642
-1812
-3474
-4725
-6031
-7032
-8411
-11218
-14269
-16854
-20348
-23683
-24826
-25707
-27342
-27472
-26868
-26340
-23055
-17880
-15051
-13714
-10838
-8426
-8452
-8764
-9699
-12656
-14243
-13792
-14940
-15806
-14075
-12912
-12489
-10560
-9103
-9558
-9581
-9358
-10838
-12230
-12515
-13844
-15528
-15316
-14775
-15074
-13884
-11686
-11348
-11318
-9912
-9568
-10486
-10532
-10623
-11744
-11874
-10864
-10595
-9920
-7596
-5534
-4339
-2539
-797
-277
467
2184
3194
3318
4227
5650
6619
8043
9949
11072
11991
13706
15006
15288
15994
16912
16785
16605
17093
17091
16892
17435
17655
17376
18087
19494
20554
21827
23547
25047
26368
27596
28296
28758
29641
30536
31262
32389
33530
34268
35256
36458
37231
37857
38573
39101
39489
39615
39173
38638
38828
39586
40072
40257
40720
41411
41922
42101
41823
40990
39497
37279
34350
30320
25674
21188
16057
10493
5921
1892
-2355
-5632
-7415
-9262
-11642
-13397
-14819
-16817
-18504
-19426
-20417
-21035
-20271
-18868
-17919
-16708
-14796
-13693
-13858
-13759
-12756
-10971
-8290
-6529
-7268
-6907
-2671
991
2143
4979
8482
8761
8412
9014
7500
5839
7062
7634
6455
7365
9538
10151
11611
14885
16233
15425
15497
15801
14442
13081
13148
12816
11670
11786
12778
13230
14433
16589
17406
17130
17770
18293
17292
16454
16254
14956
13712
14348
15209
15951
18469
21569
23507
25516
27782
28808
29521
31109
31920
31530
31447
31146
29759
28705
28430
27502
26249
25738
25240
24301
23743
23684
23778
24469
25646
26198
26026
25759
25183
24137
22754
20780
18285
15937
13817
11672
10136
9357
8777
8681
9454
10505
11555
12974
13988
14197
14448
14502
13973
13487
13140
12546
12129
12118
11911
11696
12051
12697
13221
13521
13263
12217
10781
9237
7056
4116
1340
-1535
-5065
-7971
-10002
-12238
-13972
-14419
-14641
-14787
-13980
-12884
-12347
-11839
-11338
-11660
-12541
-13375
-14518
-16032
-17261
-18264
-19582
-20684
-20962
-20801
-19887
-17847
-15917
-14725
-13522
-12063
-10062
-6965
-3567
-705
2444
6073
9117
11773
14625
16905
18548
20279
21554
21914
22016
21993
21760
21949
22525
23033
23771
24560
25060
25630
26108
26402
26875
27372
27743
28513
29929
31433
33143
35244
37218
39239
41497
43362
44771
46240
47574
48547
49437
50092
50058
49502
48686
47265
45235
43155
41190
39101
36833
34574
32486
30977
30569
31034
31882
32859
33423
33472
33600
33569
32907
32249
31711
30875
30438
30657
30493
29888
29518
28650
26814
24840
22733
19857
16367
13128
10358
7312
4190
1875
48
-1708
-2818
-3302
-3741
-4045
-4389
-5377
-6783
-8203
-9865
-11753
-13529
-15159
-16685
-18024
-19243
-20578
-21956
-23141
-24379
-25988
-27734
-29402
-31226
-33190
-34944
-36448
-37794
-38818
-39540
-40052
-40186
-39916
-39373
-38999
-38923
-38735
-38713
-39107
-39458
-39897
-40758
-41410
-41395
-41160
-40783
-39874
-38655
-37395
-35645
-33481
-31725
-30100
-28170
-26691
-25603
-24113
-22560
-21437
-20208
-18703
-17527
-16331
-14566
-12744
-11061
-9101
-7119
-5604
-4188
-2695
-1743
-1239
-455
254
590
1438
2896
4358
6212
8942
11748
14317
17545
20895
23142
24867
26681
27669
27970
28625
28981
28593
28555
28983
29153
29657
30767
31655
32556
34021
35404
36470
37819
39025
39488
39690
39854
39594
38932
38273
37480
36254
35046
34220
33474
32679
32251
32340
32594
33032
33936
34953
35683
36490
37525
38148
38280
38568
38843
38766
38947
39561
40098
40727
41509
41979
42128
42065
41715
40976
39860
38637
37180
35414
33966
32601
30728
29068
27940
26600
25067
23740
22336
20703
19057
17048
14457
11875
9577
7377
5455
4092
3113
2300
1609
875
-64
-1185
-2538
-4225
-6269
-8633
-10720
-12306
-13963
-15106
-15051
-14863
-14775
-13962
-13252
-13440
-13735
-14085
-15319
-16895
-18127
-19762
-21666
-22845
-23905
-25205
-25576
-25254
-25321
-25113
-24269
-23876
-23703
-22946
-22411
-22254
-21470
-20377
-19669
-18540
-16790
-15497
-14330
-12720
-11598
-11019
-10028
-9053
-8843
-8497
-7873
-8184
-8803
-8971
-9657
-10819
-11566
-12319
-13424
-14060
-14175
-14366
-14230
-13239
-11906
-10308
-7911
-5500
-3472
-885
1787
3639
5402
7206
8084
8222
8377
8130
7358
6911
6700
6542
6947
8009
9272
10585
12456
14510
15928
17095
18354
19202
19693
20393
21112
21495
21791
22108
22285
22652
23539
24547
25355
26280
27347
28256
29282
30476
31338
31889
32510
33217
33814
34435
35229
35971
36713
37575
38148
38255
38327
38521
38553
38577
38631
38514
38601
38937
39197
39452
39819
40204
40748
41551
42146
42227
41921
41358
40579
39822
39172
38436
37944
37914
38013
38290
38854
39371
39796
40292
40667
40613
40011
38847
37200
35504
34066
32559
30855
29393
28063
26401
24668
23127
21405
19544
17963
16180
13841
11610
9518
7090
4845
3067
1142
-799
-2248
-3585
-5019
-6082
-7061
-8377
-9661
-10887
-12376
-13846
-14971
-16144
-17272
-17705
-17596
-17311
-16567
-15303
-13992
-12808
-11767
-11007
-10438
-9932
-9759
-9973
-10205
-10423
-10640
-10644
-10368
-9915
-9335
-8714
-8146
-7679
-7368
-7053
-6722
-6357
-5649
-4562
-3165
-1261
1134
3427
5514
8021
10502
12124
13559
15186
16171
16698
17720
18726
19046
19681
20851
21381
21470
22025
22401
21903
21441
21129
19832
18125
16887
15112
12596
10436
8473
6204
4479
3659
2931
2490
2886
3473
3994
4871
5641
5766
5722
5624
4889
3733
2703
1625
333
-703
-1162
-1340
-1209
-677
65
1037
2063
2874
3325
3389
3345
3426
3555
3742
4134
4695
5448
6578
7996
9253
10271
11150
11543
11388
10893
9852
8299
6767
5356
3830
2462
1599
922
363
278
397
511
644
579
479
475
410
438
578
479
175
149
270
182
341
736
921
1358
2300
3215
4191
5722
7262
8384
9921
11869
13346
14828
16811
18511
19785
21358
22977
23993
24903
25902
26220
26027
26092
26004
25363
24835
24498
23867
23267
22905
22171
21224
20698
20225
19542
19128
18900
18380
17820
17381
16721
16046
15533
14778
13925
13374
12870
12181
11389
10442
9255
7899
6409
4822
3307
1818
335
-681
-1119
-1288
-1101
-418
434
1155
1875
2479
2760
2990
3204
3216
3316
3650
3987
4521
5358
6273
7281
8277
9118
9868
10266
10219
10265
10285
9693
9002
8615
7973
7322
7088
6683
6278
6430
6349
5745
5574
5674
5219
4568
4231
3880
3458
3358
3600
3969
4231
4199
3863
3606
3438
2580
1081
-580
-2437
-4121
-5280
-6381
-7537
-8064
-7966
-7869
-7534
-6767
-6304
-6031
-5235
-4513
-4545
-4484
-4087
-4134
-4152
-3756
-3673
-3844
-3504
-2942
-2714
-2269
-1638
-1520
-1536
-1224
-980
-766
-255
96
286
954
1865
2686
3789
5179
6337
7356
8727
10116
11299
12682
14026
14987
16033
17277
18228
19118
20308
21465
22407
23503
24644
25364
25910
26258
26095
25818
25619
25190
24748
24769
25224
25883
26747
27833
29205
30897
32479
33617
34373
34827
34874
34335
33219
31876
30602
29257
28297
28461
29209
29882
31192
33355
35208
36485
37810
38840
38981
38632
38136
37086
35527
34197
33065
31809
31081
30985
30710
30360
30342
29932
29010
28413
27657
26242
25090
24165
22493
20628
19460
18230
16524
15172
13992
12517
11475
10995
10281
9502
9166
8698
7894
7357
6878
5815
4463
3258
1943
631
-317
-1165
-2293
-3573
-4891
-6443
-8187
-9986
-11664
-13209
-14876
-16534
-17957
-19171
-20154
-20930
-21791
-22753
-23454
-24013
-24777
-25406
-25722
-26202
-26588
-26561
-26768
-27140
-26994
-26620
-26181
-25343
-24365
-23424
-22312
-21262
-20559
-19896
-19266
-19102
-19096
-18776
-18418
-17975
-17098
-15993
-14649
-12729
-10507
-8710
-7203
-5434
-3786
-2409
-806
630
1300
1759
2303
2609
3080
4005
4949
5817
6699
7414
8183
9222
10132
10767
11441
12024
12265
12556
13055
13464
13970
14771
15467
16172
17460
18886
20030
21552
23176
24085
25010
26216
26854
27171
27693
27915
27834
28083
28098
27407
26730
26175
25535
25131
24800
24082
23508
23619
23817
24097
25090
26450
27840
29725
32073
34274
36287
38247
39793
40765
41395
41627
41333
40586
39491
38167
36972
36173
35505
34859
34301
33751
33100
32227
31209
30152
28691
26954
25678
24556
23324
22730
22673
22484
22741
23702
24143
23874
23929
23926
22888
21482
20348
18794
16822
15287
14064
12556
11113
10124
9125
8065
7366
6669
5788
5242
4798
4011
3221
2441
1201
-248
-1678
-3535
-5631
-7641
-9979
-12558
-14723
-16856
-19393
-21569
-23150
-24656
-26001
-26823
-27520
-28210
-28378
-28430
-28824
-29102
-28934
-28737
-28683
-28314
-27652
-26995
-26373
-25579
-24157
-22330
-20700
-18761
-16254
-14038
-12182
-10369
-8849
-7396
-5996
-5430
-5205
-4357
-3653
-3267
-2127
-505
682
1993
3837
4936
5274
6061
6679
6617
7017
7911
8385
9079
10424
11336
11902
13009
14183
15020
15910
16589
16599
16425
16572
16723
16853
17455
18339
19126
19980
21006
22087
22943
23431
23728
23949
24164
24438
24788
25249
25960
26722
27256
28015
29273
30388
30812
31033
31296
30950
30246
29974
29836
29396
29217
29552
29798
29973
30251
30166
29873
29797
29478
28733
28037
27363
26464
25515
24516
23246
21877
20624
19394
18082
16777
15429
14030
12817
11671
10464
9582
9005
8172
7276
6651
5757
4338
2973
1601
-185
-1610
-2509
-3843
-5051
-5192
-5149
-5273
-4610
-3617
-3275
-2856
-2084
-2047
-2542
-2650
-2792
-3348
-3545
-3232
-3244
-3272
-2701
-2444
-2419
-1634
-1056
-1133
-794
-527
-1052
-1253
-951
-1257
-1729
-1776
-2236
-3077
-3406
-3750
-4558
-4902
-4792
-4795
-4286
-3109
-2072
-1431
-1020
-787
-458
49
378
658
1244
2234
3622
5201
6743
8112
9298
10280
11109
11822
12150
12278
12608
12845
12935
13318
13697
13547
13235
12912
12247
11875
12216
12478
12543
12908
13381
13758
14526
15933
17380
18610
19938
21020
21563
22135
22750
22864
22432
21556
20259
18732
17222
15868
14716
13623
12484
11479
10669
9934
9353
9140
9260
9585
10221
11138
12116
13058
13733
14068
14227
13961
13199
12437
11872
11298
10890
10891
11227
12088
13558
15080
16171
16985
18019
19200
20008
20766
21796
22472
22806
23466
24114
24301
24631
25153
25051
24372
23583
22389
20788
19420
18260
16803
15250
14068
12950
11549
10291
9204
7929
6691
5435
3943
2334
622
-895
-2025
-3055
-3722
-3782
-4037
-4714
-5145
-5435
-5696
-5320
-4494
-4094
-4054
-3728
-2957
-1856
-362
1316
2775
3887
4796
5677
6212
6154
5699
4855
3492
1772
-106
-2173
-4239
-6033
-7322
-8301
-9373
-10067
-10298
-10754
-11306
-11684
-12311
-13150
-13669
-14118
-14817
-15240
-15286
-15378
-15347
-14818
-14110
-13641
-13115
-12507
-12086
-11220
-9598
-7810
-5676
-2973
-252
2548
5757
8825
11443
14257
17076
19103
20783
22530
23925
25211
26825
28388
29780
31374
32938
33990
34545
34641
34269
33837
33510
32761
31535
30485
29543
28459
28018
28350
28482
28360
28489
28554
28406
28558
28984
29236
29516
30259
31155
31838
32569
33305
33465
33305
33500
33485
32888
32475
32346
32059
31917
32152
32226
31999
31844
31441
30468
29709
29204
27918
26098
24459
22424
20101
18705
17661
15918
14260
13214
12154
11067
10226
8836
6416
3573
789
-2019
-5061
-7912
-10253
-12547
-14650
-15978
-16693
-17145
-17340
-17394
-17721
-18381
-19263
-20453
-21894
-23387
-24700
-25818
-26657
-26985
-26983
-26785
-26290
-25740
-25328
-24755
-24012
-23467
-22913
-22125
-21380
-20466
-19120
-17737
-16472
-15042
-13512
-12156
-10839
-9461
-8309
-7508
-6695
-5741
-4889
-3871
-2561
-1379
-201
1308
2789
4003
5082
6003
6847
7555
8049
8331
8347
8384
8598
8765
9052
9699
10195
10392
10972
11969
12914
14081
15536
16649
17497
18301
18659
18449
18228
18234
18257
18621
19417
20247
21051
22185
23581
24563
25379
26504
27346
27802
28631
29643
30021
30382
31303
31852
32168
33348
34737
35631
36941
38640
39708
40480
41452
41907
41856
42054
42135
41783
41699
41833
41450
41049
41136
41002
40492
39980
39030
37292
35343
33490
31393
29341
27959
26815
25448
24242
23361
22491
21685
21286
20759
19796
18733
17321
15472
13579
11803
9716
7406
5572
3971
2234
776
-274
-1386
-2512
-3301
-4058
-4830
-5324
-5849
-6526
-7042
-7443
-7874
-8130
-8090
-8018
-7882
-7448
-6991
-6695
-6293
-5951
-6081
-6326
-6374
-6722
-7297
-7579
-7900
-8490
-8939
-9203
-9637
-10049
-10170
-10356
-10577
-10645
-10920
-11376
-11636
-11847
-12123
-12218
-12286
-12470
-12432
-12111
-12009
-12100
-11925
-11890
-12112
-11922
-11529
-11371
-10992
-10220
-9669
-9108
-7949
-6891
-6157
-4998
-3891
-3434
-2678
-1559
-1054
-436
941
2096
3080
4720
6364
7431
8743
10283
11178
11874
12820
13322
13484
14010
14402
14287
14486
14966
15065
15352
16139
16578
16652
17002
17278
17191
17258
17342
17065
16869
16761
16296
15780
15427
14794
13968
13408
12836
12052
11472
11074
10453
9880
9581
9040
8234
7640
7275
6961
6784
6782
6767
6790
7058
7517
7977
8485
9083
9679
10324
10985
11698
12513
13323
14148
14917
15421
15563
15544
15713
16007
16182
16317
16454
16621
17022
17627
18193
18705
19293
19847
20227
20459
20560
20553
20454
20221
19942
19611
18990
18338
18175
18420
18831
19415
20003
20507
21242
22093
22619
22857
22912
22691
22357
22129
21901
21682
21646
21690
21754
21808
21696
21525
21468
21378
20991
20491
20183
19836
19290
18818
18349
17593
16809
16111
15282
14531
14050
13602
13085
12631
12129
11659
11422
11116
10497
9841
9208
8344
7442
6692
5913
5072
4316
3572
2762
2081
1632
1325
1091
868
417
-231
-853
-1557
-2349
-3058
-3700
-4533
-5484
-6171
-6747
-7377
-7667
-7506
-7197
-6685
-5812
-4906
-4100
-3273
-2557
-1938
-1533
-1443
-1467
-1665
-1985
-2357
-3045
-3882
-4345
-4293
-3917
-3405
-2813
-2229
-1777
-1618
-1711
-1913
-2499
-3470
-4313
-4711
-5097
-6071
-6704
-6053
-5352
-5122
-4441
-4106
-4752
-4971
-4787
-5472
-6196
-6213
-6624
-7331
-7069
-6340
-5866
-4707
-2918
-1425
322
2562
4136
5275
7055
8528
9180
10295
11695
12400
13247
14624
15449
15916
16910
18041
18926
20157
21745
23041
24203
25498
26376
26857
27642
28373
28544
28727
29216
29555
29858
30694
31711
32336
33021
33859
34254
34789
35876
36404
36130
35954
36036
36136
36278
36351
36215
36029
35965
35792
35168
34370
33866
33329
32529
31896
31229
30219
29469
29076
28463
27846
27402
26688
25814
25044
24103
22751
21177
19657
18209
16899
15917
15117
14425
14081
13711
12896
12067
11250
9807
7898
6069
3971
1557
-460
-2194
-3981
-5312
-6085
-6815
-7389
-7514
-7468
-7434
-7377
-7633
-8201
-8513
-8573
-8712
-8895
-8939
-8974
-9093
-9121
-9240
-9529
-9734
-9916
-10324
-10844
-11393
-12178
-13153
-14044
-14782
-15579
-16332
-16786
-17139
-17374
-17151
-16644
-16236
-15664
-14787
-14116
-13628
-12761
-11689
-10839
-9807
-8366
-7077
-5904
-4466
-3220
-2261
-1077
54
873
1956
3399
4637
5830
7433
9153
10733
12385
14130
15685
17024
18287
19295
20026
20662
20963
20711
20179
19617
18939
18198
17613
17187
16975
17114
17522
18057
18690
19226
19467
19640
19747
19548
19378
19416
19352
19429
19968
20511
20787
20951
20865
20763
20826
20371
19468
18706
17901
16980
16328
15995
15659
15445
15604
15643
15327
15438
15819
15635
15369
15339
15145
14944
15003
15053
14962
14989
15106
14996
14578
14010
13252
12324
11502
10769
9864
8895
8112
7411
6695
6124
5605
4983
4461
4049
3650
3410
3475
3751
4039
4504
5257
5930
6441
7018
7487
7603
7662
7731
7540
7376
7348
7201
7127
7318
7625
8014
8630
9303
9906
10724
11634
12311
12992
13847
14635
15390
16392
17455
18317
19314
20557
21518
22246
23154
23798
24097
24554
24800
24616
24562
24590
24275
24039
24049
23666
23062
22678
22058
21046
20185
19292
17927
16635
15632
14414
13174
12282
11351
10178
9166
8183
6825
5529
4413
2928
1374
72
-1365
-2899
-4191
-5363
-6564
-7473
-8179
-9010
-9611
-9941
-10356
-10700
-10789
-10868
-11027
-10994
-10862
-10800
-10641
-10397
-10136
-9743
-9199
-8633
-7938
-7123
-6482
-5846
-5063
-4484
-4148
-3822
-3575
-3500
-3416
-3287
-3315
-3318
-3183
-3171
-3052
-2754
-2651
-2568
-2347
-2344
-2411
-2024
-1682
-1744
-1162
13
874
2113
3999
5512
6830
8635
10234
11223
12407
13720
14518
15367
16678
17745
18578
19902
21467
22781
24195
25786
26961
27765
28640
29340
29706
30167
30736
31009
31227
31791
32211
32391
33010
33689
33828
33983
34354
34346
34108
34195
34178
33754
33461
33220
32595
31994
31673
31002
29962
29201
28366
26966
25707
24806
23548
22059
21067
20199
18895
17866
17261
16296
15179
14501
13696
12346
11187
10112
8485
6859
5599
4134
2548
1462
517
-778
-1852
-2596
-3646
-4679
-5276
-5979
-6922
-7600
-8230
-9120
-9812
-10265
-10864
-11456
-11922
-12520
-13168
-13735
-14367
-15041
-15579
-16044
-16566
-16971
-17174
-17313
-17403
-17381
-17355
-17379
-17357
-17402
-17497
-17452
-17461
-17567
-17421
-17108
-16684
-15915
-15031
-14188
-13102
-11891
-10884
-9903
-8907
-8165
-7638
-7092
-6524
-6022
-5331
-4424
-3538
-2523
-1205
226
1633
3109
4513
5656
6673
7642
8510
9313
10057
10841
11750
12691
13755
15005
16271
17403
18353
19095
19610
19978
20218
20227
20126
19978
19720
19536
19598
19704
19696
19907
20181
20082
19967
20042
20069
20081
20301
20488
20508
20864
21433
21826
22402
23216
23755
24172
24710
24884
24781
24924
25005
24777
24766
24856
24483
23991
23655
23094
22285
21656
21067
20268
19722
19493
19224
19036
19137
19246
19102
18937
18638
17858
16757
15486
13810
11939
10439
8981
7274
6035
5435
4720
4020
3839
3506
2815
2382
1935
1087
231
-452
-1177
-1846
-2299
-2674
-2914
-2952
-2915
-2701
-2304
-1785
-1103
-486
-9
496
821
910
1201
1538
1507
1601
2030
2313
2761
3747
4602
5114
5830
6618
7284
8169
9201
10027
10818
11889
12995
13984
14994
15848
16414
16800
17074
17197
17195
17175
17016
16675
16549
16708
16891
17264
17965
18832
19686
20479
21347
22301
23077
23640
24255
24782
25019
25413
26259
27077
27812
28966
30154
30935
31786
32749
33391
34028
34838
35198
35068
34799
34270
33529
32817
32003
30849
29702
28994
28251
27279
26530
25629
24280
23066
21943
20329
18538
17116
15722
14213
13126
12463
11769
11019
10327
9486
8510
7682
6843
5879
4886
3784
2881
2286
1604
1033
977
1001
844
950
1025
654
390
343
92
-96
116
254
84
259
660
642
569
536
-16
-974
-1983
-3234
-4681
-5911
-7047
-8184
-9097
-9790
-10359
-10824
-10923
-10633
-10381
-10203
-9987
-9810
-9868
-10142
-10628
-11511
-12227
-12542
-13004
-13453
-13524
-13381
-13153
-12579
-11753
-11136
-10504
-9668
-9174
-8949
-8407
-7939
-7866
-7614
-7223
-7058
-6773
-6139
-5502
-4867
-3978
-3176
-2611
-1897
-1074
-409
312
1246
1898
2260
2796
3269
3536
4029
4684
5032
5306
5825
6139
6187
6549
7038
7238
7662
8438
8980
9547
10526
11311
11951
13169
14509
15568
16982
18656
19811
20861
22318
23529
24472
25640
26578
26936
27248
27598
27608
27544
27463
26925
26229
25720
24968
23916
23029
22111
20939
20059
19406
18516
17737
17315
16801
16180
15836
15335
14419
13638
12840
11566
10266
9286
8186
7041
6223
5438
4517
3740
3222
2806
2525
2373
2229
2262
2424
2564
2926
3433
3646
3729
3987
4255
4589
5126
5638
6015
6483
7097
7683
8246
8743
9062
9310
9596
9819
9992
10247
10419
10504
10735
10940
10965
11073
11200
11045
10892
10914
10709
10467
10536
10394
9978
9901
9900
9560
9436
9514
9158
8721
8513
8119
7695
7623
7544
7329
7435
7722
7830
8075
8515
8621
8578
8806
8810
8471
8422
8487
8205
8116
8490
8774
9102
9957
10915
11594
12556
13844
14796
15521
16403
17319
17987
18537
19271
19914
20292
20645
20928
20857
20624
20563
20234
19512
19009
18657
18103
17650
17402
17010
16589
16369
15947
15190
14552
13907
12974
12159
11576
10770
9891
9381
8985
8541
8343
8228
7875
7592
7474
7102
6557
6162
5720
5166
4873
4767
4577
4566
4843
5107
5338
5672
6015
6270
6447
6475
6341
6202
5982
5750
5778
5939
6039
6247
6664
7037
7435
7996
8451
8868
9407
9621
9451
9489
9502
9140
8990
9052
8708
8318
8377
8238
7684
7392
7310
6881
6322
6051
5787
5507
5468
5418
5328
5502
5794
6015
6441
7051
7527
8059
8891
9720
10397
11165
11864
12343
12899
13512
13959
14393
14863
15075
15147
15316
15271
14980
14854
14859
14691
14537
14667
14748
14666
14721
14712
14383
13852
13237
12572
11878
11122
10169
9112
8111
7157
6381
5759
5027
4335
3820
3178
2479
1868
1177
500
-54
-593
-1007
-1225
-1528
-1815
-1708
-1433
-1339
-1147
-741
-518
-414
-248
-362
-628
-444
-148
-208
-77
318
436
658
1297
1628
1548
1596
1411
761
488
760
844
784
895
915
1037
1599
2068
2156
2154
2082
2014
2142
2261
2290
2600
3112
3576
4332
5383
6228
7081
8184
8996
9692
10878
11965
12578
13431
14433
15073
15862
16894
17552
18222
19389
20293
20743
21413
22013
22221
22658
23345
23698
23988
24495
24613
24388
24495
24532
24062
23649
23397
22947
22684
22946
23205
23225
23378
23638
23696
23687
23719
23426
22884
22436
21847
21094
20555
20030
19167
18343
17816
17263
16711
16317
15947
15626
15426
15200
14874
14611
14381
14076
13882
13898
13936
13995
14210
14344
14303
14263
14092
13589
12890
12196
11343
10293
9394
8724
8062
7429
6914
6329
5718
5345
4969
4222
3282
2415
1423
213
-852
-1650
-2475
-3380
-4090
-4712
-5416
-5954
-6467
-7089
-7524
-7882
-8295
-8412
-8232
-8000
-7501
-6792
-6326
-6017
-5635
-5454
-5482
-5317
-5105
-5177
-5138
-4621
-3965
-3325
-2513
-1639
-879
-80
749
1262
1602
2029
2304
2436
2729
3061
3215
3443
3947
4478
5026
5705
6113
6348
6994
7778
8252
8773
9485
9901
10200
10769
11325
11623
11718
11580
11069
10630
10825
11315
11793
12592
13714
14708
15713
17026
17912
18099
18466
18900
18804
18736
19096
19333
19516
20265
21180
21659
22079
22706
23192
23526
23827
23901
23765
23598
23366
23044
22812
22674
22570
22669
22813
22861
22956
22842
22511
22390
22337
22002
21616
21444
21233
20799
20291
19721
18937
17932
16814
15525
13998
12391
10862
9379
8056
7048
6137
5254
4730
4512
4292
4183
4204
4020
3660
3414
3034
2423
1915
1333
496
-418
-1456
-2502
-3276
-3882
-4256
-4193
-3852
-3430
-2813
-1877
-1038
-596
-232
171
286
247
354
333
293
699
1214
1385
1571
1776
1489
1071
904
433
-372
-904
-1434
-2236
-2772
-3059
-3492
-3816
-3808
-3894
-4106
-3976
-3741
-3690
-3498
-3154
-2872
-2518
-2064
-1807
-1665
-1511
-1629
-1928
-2109
-2246
-2420
-2243
-1553
-787
84
1308
2405
3178
4065
4864
5270
5628
6096
6472
6883
7577
8250
8749
9461
10491
11370
11831
12349
12897
12831
12557
12908
13403
13436
13752
14620
15157
15556
16534
17402
17637
18008
18654
18845
18842
19305
19844
20171
20807
21825
22837
23888
25072
26300
27314
27978
28604
29152
29403
29438
29320
29037
28583
28173
27957
27743
27513
27350
27134
26870
26599
26224
25644
24930
24123
22986
21632
20337
18866
17297
16069
15043
13999
13226
12818
12419
12093
11999
11732
11232
10817
10336
9581
8821
8060
7172
6507
6162
5782
5322
4915
4247
3377
2762
2162
1447
906
505
223
278
658
1115
1764
2690
3439
3799
3855
3579
2956
2158
1280
171
-929
-1683
-2272
-2791
-3001
-2823
-2459
-2121
-1821
-1592
-1588
-1831
-2249
-2740
-3290
-3852
-4272
-4541
-4718
-4798
-4794
-4793
-4845
-4915
-5042
-5299
-5569
-5798
-6074
-6268
-6306
-6308
-6219
-6044
-6046
-6102
-5966
-5871
-5860
-5508
-4856
-4384
-3834
-2929
-2113
-1319
-165
886
1595
2547
3518
3994
4520
5277
5701
6032
6756
7443
8010
9015
10126
10984
12156
13525
14491
15494
16769
17552
17922
18522
18920
18777
18729
18760
18352
18081
18202
17999
17625
17615
17529
17126
16988
16959
16521
16197
16338
16329
16120
16219
16402
16408
16680
17172
17297
17332
17636
17774
17719
17949
18229
18150
18207
18516
18523
18422
18531
18561
18447
18487
18693
18799
18915
19300
19751
20068
20372
20750
21023
21136
21269
21284
21020
20608
20064
19375
18722
18236
17803
17333
16951
16548
16080
15778
15489
14994
14465
14050
13581
13144
12938
12738
12546
12679
12959
13045
13232
13547
13513
13341
13264
12904
12281
11732
11087
10245
9674
9358
8919
8709
8867
9029
9214
9573
9904
9988
10053
10030
9624
9117
8603
7758
6781
6070
5300
4384
3797
3339
2793
2546
2526
2385
2335
2495
2563
2504
2445
2280
2027
1755
1355
924
622
312
66
159
328
461
821
1079
1036
1119
1220
1023
1012
1282
1049
549
619
687
470
998
1880
2089
2435
3230
3435
3441
4126
4699
4609
4599
4697
4345
4048
4234
4258
4134
4532
5039
5187
5626
6443
6935
7333
8045
8485
8601
9055
9570
9791
10250
10987
11597
12291
13250
14163
14912
15708
16430
16858
17178
17446
17589
17712
17866
17996
18156
18380
18593
18804
18943
18991
18945
18733
18336
17676
16889
16035
15077
14203
13416
12687
12037
11466
10968
10456
9949
9442
8963
8532
8133
7922
7912
7963
8102
8432
8837
9240
9706
10132
10408
10649
10846
10779
10659
10702
10626
10460
10525
10644
10686
10958
11186
11029
10966
10979
10488
9800
9423
8813
7759
7026
6405
5316
4429
3985
3297
2528
2195
1795
1173
924
750
308
129
161
-164
-436
-238
-237
-422
-217
-74
-221
-95
189
158
229
721
983
1103
1619
1991
2098
2426
2723
2774
2960
3313
3495
3774
4310
4697
5081
5704
6228
6614
7165
7677
7917
8244
8652
8756
8818
9060
9141
9109
9318
9562
9699
10077
10554
10895
11353
11904
12307
12696
13221
13657
13941
14348
14828
15195
15723
16444
17021
17580
18267
18850
19303
19877
20455
20859
21337
21878
22258
22568
22867
22973
22872
22736
22534
22159
21743
21429
21075
20626
20211
19858
19505
19127
18869
18627
18212
17828
17460
16895
16309
15826
15153
14261
13561
12964
12108
11281
10649
9926
9265
8924
8613
8185
8013
7996
7675
7422
7369
6915
6369
6175
5889
5553
5715
5997
5912
6032
6447
6555
6619
6996
7172
7041
7088
7031
6617
6427
6361
5863
5478
5460
5259
5107
5282
5302
5119
5233
5412
5319
5382
5474
5138
4924
5088
4960
4659
4587
4236
3551
3096
2703
2186
2086
2383
2474
2597
3103
3529
3895
4595
5160
5265
5390
5581
5341
4984
4957
4773
4383
4429
4784
4917
5162
5811
6233
6294
6455
6539
6280
5908
5507
4840
4067
3488
2842
2098
1541
1157
962
964
1146
1681
2456
3227
4156
5207
6070
6855
7749
8472
8926
9467
10035
10374
10765
11301
11587
11679
11960
12351
12703
13095
13479
13933
14549
15203
15876
16625
17393
17995
18549
19228
19881
20502
20992
20954
20382
19773
19231
18662
18509
18758
18639
18045
17575
17281
16869
16622
16648
16580
16527
16567
16494
16440
16590
16747
16747
16860
17040
17052
17080
16987
16503
15911
15254
14413
13625
12706
11449
10311
9276
7888
6521
5399
4033
2617
1751
1173
456
-47
-339
-883
-1359
-1540
-1882
-2225
-2187
-2252
-2553
-2556
-2451
-2495
-2194
-1640
-1275
-750
-42
388
888
1822
2765
3568
4331
4859
5139
5253
5116
4970
5153
5385
5482
5839
6528
7114
7648
8537
9324
9554
9860
10312
10194
9915
9914
9619
9129
8886
8582
8147
8080
8208
8114
8279
8834
9141
9362
9888
10282
10400
10731
11130
11109
11141
11530
11700
11793
12243
12619
12792
13242
13654
13491
13252
13142
12690
12215
11988
11563
11088
10932
10606
9855
9341
9068
8541
8048
7635
6843
6027
5673
5325
4848
4708
4623
4248
4080
4139
3915
3615
3513
3283
2895
2631
2357
2089
2032
2008
2022
2394
3035
3623
4236
4884
5317
5628
5917
5910
5606
5382
5197
4814
4480
4300
4071
3853
3744
3741
3801
3889
3920
3872
3786
3523
3171
2862
2507
2013
1418
885
511
295
126
64
114
85
53
140
249
231
220
304
263
312
651
954
1281
1937
2631
3113
3825
4749
5314
5737
6405
6833
6883
7249
7715
7741
7965
8555
8784
8968
9635
10052
10074
10455
10761
10551
10613
10910
10763
10685
11071
11259
11345
12003
12738
13174
13967
14906
15347
15809
16536
16820
16799
17104
17266
17026
17161
17503
17502
17732
18278
18499
18579
18978
19260
19216
19414
19667
19532
19454
19635
19699
19797
20140
20361
20414
20614
20819
20816
20791
20721
20447
20039
19552
19018
18497
17887
17125
16532
16245
16035
15924
15918
15773
15572
15494
15333
15025
14837
14715
14434
14274
14320
14260
14284
14481
14494
14420
14567
14728
14699
14717
14747
14480
14162
14086
14011
13930
14057
14165
14126
14189
14269
14196
14148
14065
13685
13230
12897
12413
11905
11629
11268
10805
10573
10360
9983
9726
9549
9129
8679
8432
8028
7554
7327
7086
6764
6578
6407
6126
5997
5997
5754
5467
5428
5343
5135
4980
4720
4354
4082
3793
3391
3064
2738
2197
1657
1192
564
-52
-564
-1289
-2048
-2515
-2984
-3553
-3855
-3996
-4214
-4207
-3982
-3940
-3867
-3529
-3345
-3298
-3007
-2780
-2833
-2699
-2351
-2294
-2259
-1846
-1644
-1655
-1201
-788
-797
-455
171
470
868
1666
2296
2827
3740
4580
5080
5718
6302
6488
6735
7180
7528
7829
8142
8387
8620
8935
9195
9294
9305
9269
9313
9465
9425
9334
9649
10038
10216
10606
11119
11447
11891
12466
12735
12803
13022
13167
13074
13044
13003
12784
12678
12731
12690
12731
12986
13133
13190
13445
13689
13697
13768
13955
13921
13726
13644
13541
13307
13212
13152
12939
12813
12782
12644
12546
12634
12674
12631
12688
12695
12580
12535
12438
12110
11738
11399
10987
10633
10382
10012
9640
9513
9386
9215
9338
9540
9653
9988
10432
10756
11190
11736
12138
12603
13220
13631
13983
14488
14675
14602
14774
14870
14692
14788
15102
15175
15393
15964
16275
16385
16760
17028
16923
16929
17013
16754
16506
16483
16300
16056
15988
15822
15509
15326
15054
14544
14172
13792
13081
12416
11887
11080
10256
9761
9142
8368
7934
7474
6658
6003
5439
4479
3530
2858
1878
774
160
-503
-1412
-1821
-1995
-2497
-2764
-2630
-2774
-2964
-2666
-2402
-2351
-1939
-1351
-979
-398
339
733
1162
1813
2108
2139
2445
2755
2807
3025
3449
3755
4097
4648
5118
5502
6064
6577
6863
7220
7682
7957
8137
8388
8522
8622
8870
9049
9130
9338
9579
9703
9894
10214
10480
10738
11068
11379
11762
12231
12575
12877
13270
13587
13772
14008
14287
14454
14653
14988
15225
15458
15883
16278
16520
16690
16816
16776
16528
16215
15817
15408
15081
14750
14442
14100
13737
13502
13404
13370
13337
13268
13036
12768
12731
12680
12506
12445
12190
11544
11019
10620
9917
9227
8838
8302
7595
7211
6976
6573
6350
6329
6045
5759
5811
5728
5511
5628
5861
5962
6228
6644
6871
7035
7159
6939
6623
6487
6269
6020
5916
5727
5488
5431
5344
5146
5163
5239
5084
5010
5074
4889
4663
4757
4779
4636
4843
5163
5182
5362
5829
6003
6049
6379
6542
6434
6523
6566
6298
6210
6256
6053
6003
6196
6133
5946
5996
5932
5632
5558
5470
5109
4963
4998
4786
4652
4802
4747
4611
4813
4972
4894
4971
5134
5086
5137
5348
5324
5296
5533
5729
5849
6234
6730
7051
7549
8228
8712
9239
9959
10493
10886
11549
12284
12869
13620
14460
15145
15861
16562
17050
17517
17953
18027
17915
17921
17737
17422
17389
17303
16978
16826
16782
16519
16337
16419
16396
16373
16617
16792
16804
17104
17535
17631
17760
18076
18117
18063
18270
18364
18134
18041
18024
17719
17547
17583
17302
16874
16691
16539
16195
15966
15916
15766
15708
15870
16027
16153
16388
16669
16719
16623
16647
16623
16445
16329
16293
16099
15844
15808
15744
15447
15131
14830
14320
13620
13056
12461
11576
10866
10343
9551
8877
8547
8048
7478
7194
6802
6247
6095
6039
5642
5363
5311
5017
4585
4333
3817
2912
2273
1723
829
195
13
-431
-1001
-1058
-1121
-1478
-1405
-1216
-1512
-1609
-1387
-1609
-1894
-1775
-1888
-2179
-2172
-2346
-2851
-2999
-2980
-3408
-3774
-3890
-4344
-4839
-4935
-5180
-5707
-5915
-6054
-6528
-6736
-6693
-6955
-7117
-6891
-6775
-6774
-6443
-6124
-6103
-5841
-5362
-5146
-4886
-4286
-3791
-3471
-2824
-1986
-1411
-730
221
956
1664
2576
3338
4055
4987
5906
6803
7837
8812
9810
11073
12306
13458
14797
16133
17304
18499
19689
20715
21794
22918
23764
24483
25154
25507
25693
26048
26350
26472
26826
27285
27464
27614
27834
27855
27712
27557
27322
26847
26145
25298
24386
23587
22878
22152
21489
20959
20440
19952
19614
19204
18683
18267
17861
17335
16765
16109
15447
14952
14369
13704
13403
13331
13125
13025
13152
13082
12828
12780
12628
12140
11817
11616
11206
10930
10911
10776
10595
10595
10440
9996
9722
9528
9046
8617
8336
7854
7391
7202
6967
6652
6536
6405
6113
6047
6171
6045
5820
5749
5516
5154
4993
4699
4184
3875
3561
3017
2595
2336
1952
1631
1466
1150
909
966
922
772
855
981
1025
1316
1809
2179
2697
3473
3946
4257
4846
5224
5198
5297
5451
5405
5574
6090
6448
6662
7066
7325
7341
7506
7537
7100
6628
6291
5740
5233
5149
5063
4880
5060
5385
5554
5916
6390
6546
6628
6883
7054
7164
7532
8038
8382
8706
9069
9408
9910
10527
11025
11478
12087
12623
13005
13628
14298
14710
15178
15771
16112
16257
16502
16638
16619
16665
16717
16825
17007
17137
17237
17313
17336
17289
17197
17108
16980
16782
16571
16344
16097
15926
15782
15593
15374
15118
14885
14746
14653
14533
14536
14646
14676
14751
14883
14920
14923
14955
14947
14878
14837
14809
14687
14518
14346
14165
13989
13722
13339
12967
12532
11928
11439
11084
10560
9999
9664
9422
9167
9174
9377
9461
9585
9806
9779
9539
9451
9298
8808
8394
8101
7620
7285
7227
6948
6559
6490
6337
5931
5773
5543
4942
4548
4305
3745
3310
3221
2896
2494
2542
2626
2473
2527
2646
2457
2316
2339
2089
1660
1486
1255
756
517
478
266
226
502
639
664
871
951
820
870
908
746
742
848
784
749
840
834
902
1109
1052
969
1212
1246
994
993
971
613
411
325
-145
-509
-451
-570
-718
-377
-58
-73
228
713
801
1007
1548
1741
1726
2110
2389
2364
2837
3465
3650
4051
4738
5043
5169
5567
5933
6162
6714
7419
7897
8551
9462
10103
10715
11667
12469
13018
13777
14558
15086
15692
16345
16793
17355
18037
18495
19044
19858
20484
20927
21503
21952
22037
22123
22247
22071
21871
21864
21630
21250
21221
21340
21318
21445
21703
21689
21574
21701
21750
21550
21345
21142
20822
20428
20077
19727
19376
19106
18859
18578
18245
17970
17810
17529
17105
16758
16400
15843
15214
14620
13873
13093
12421
11649
10864
10157
9370
8488
7776
7222
6564
6016
5611
5107
4652
4356
4024
3596
3285
2990
2540
2288
2213
1982
1934
2254
2481
2673
3213
3703
3831
4036
4272
4093
3856
3787
3377
2838
2707
2530
2095
1991
2052
1819
1718
1915
1883
1805
2072
2164
2064
2251
2351
2103
1965
1893
1487
1111
951
606
221
47
-111
-186
-6
127
54
39
60
-52
-9
284
385
478
998
1468
1759
2416
3136
3474
3812
4240
4390
4500
4822
4950
4946
5258
5623
5792
6123
6630
6937
7239
7748
8057
8220
8596
8860
9000
9330
9590
9683
9923
10205
10239
10283
10463
10425
10265
10280
10201
9926
9879
9976
9843
9829
10267
10652
10862
11354
11828
11922
12064
12332
12380
12387
12546
12646
12759
13150
13649
14083
14600
15163
15646
16159
16715
17181
17526
17733
17831
17931
18042
18091
18145
18236
18254
18315
18519
18744
18972
19214
19424
19614
19704
19645
19525
19234
18670
18066
17604
17066
16442
16031
15656
14986
14266
13775
13209
12504
12011
11585
11028
10673
10575
10392
10282
10320
10159
9997
9991
9786
9473
9330
9092
8578
8147
7795
7158
6603
6306
5775
5232
5012
4635
4045
3759
3522
3011
2668
2432
1814
1191
857
265
-490
-944
-1510
-2282
-2637
-2794
-3192
-3278
-3034
-3104
-3116
-2704
-2542
-2612
-2350
-2267
-2554
-2461
-2169
-2219
-2071
-1498
-1148
-857
-115
603
1091
1880
2760
3302
3952
4770
5159
5420
6060
6519
6718
7292
7872
8081
8518
9209
9547
9792
10333
10664
10734
11000
11235
11161
11182
11382
11330
11297
11573
11649
11568
11816
12014
11888
11978
12262
12296
12448
12904
13100
13128
13424
13624
13528
13701
14032
14108
14348
14624
14847
15435
15730
15706
16239
16654
16471
16634
16844
16463
16468
16758
16251
15864
16178
15965
15490
15655
15697
15256
15039
14987
14518
13904
13625
13199
12405
12044
11906
11260
10855
10873
10250
9491
9367
8752
7716
7428
7073
6301
6204
6428
6257
6444
7046
7178
7289
7698
7705
7504
7518
7382
6991
6740
6566
6233
6012
6024
6017
5987
6159
6357
6349
6446
6640
6534
6422
6542
6494
6498
6836
7067
7356
8045
8583
8866
9434
9886
9800
9760
9827
9617
9462
9540
9543
9639
10013
10362
10658
11103
11505
11701
11990
12297
12285
12340
12534
12372
12213
12422
12405
12134
12193
12155
11758
11829
12108
11853
11736
12070
12101
11975
12300
12493
12231
12249
12380
12112
12110
12485
12496
12453
12883
13341
13626
14090
14543
14758
15139
15625
15738
15806
16098
16199
16197
16405
16536
16450
16473
16529
16311
16103
16024
15700
15166
14744
14368
13848
13368
13024
12599
12187
11956
11605
11000
10445
9913
9177
8374
7480
6359
5266
4325
3452
2711
2109
1433
696
181
-208
-602
-826
-1002
-1340
-1754
-2266
-2840
-3331
-3820
-4395
-4906
-5218
-5514
-5830
-6033
-6230
-6469
-6661
-6792
-7013
-7313
-7504
-7711
-7963
-8111
-8227
-8270
-8240
-8166
-8005
-7783
-7457
-7051
-6622
-6281
-5969
-5568
-5216
-4876
-4432
-3968
-3567
-3131
-2583
-2029
-1421
-681
13
724
1627
2469
3255
4303
5326
6006
6824
7916
8759
9560
10673
11534
12079
12990
13977
14580
15289
16246
16966
17630
18605
19423
19966
20732
21467
21825
22330
22999
23329
23690
24224
24289
24182
24614
25059
25294
26030
26707
26505
26372
26830
27057
27048
27144
26849
26247
26055
25839
25181
24818
24601
23834
23164
22864
22068
21076
20602
19951
18851
18250
17808
16626
15633
15247
14450
13546
13235
12584
11455
10943
10482
9420
8830
8756
8029
7181
7062
6703
5874
5565
5317
4438
3777
3630
3136
2543
2570
2610
2522
2906
3335
3506
3899
4407
4669
4996
5339
5176
4833
4727
4391
3795
3463
3125
2592
2406
2419
2148
2076
2340
2304
2182
2419
2512
2386
2718
3166
3161
3424
4170
4333
4096
4587
5197
5113
5270
5969
6043
5716
6246
7133
7303
7537
8682
9380
9131
9752
10983
11126
11243
12276
12616
12182
12676
13498
13374
13411
14138
14204
13864
14404
14846
14407
14454
14914
14630
14480
14944
14797
14342
14566
14642
14085
13865
13890
13266
12657
12590
12096
11292
11181
11123
10578
10515
10797
10557
10391
10694
10621
10306
10487
10590
10235
10205
10497
10415
10397
10808
10968
10948
11360
11761
11808
12193
12811
13075
13460
14113
14479
14804
15415
15873
16119
16559
16981
17160
17484
17840
17956
18105
18321
18326
18181
18105
17899
17513
17186
16818
16329
15860
15434
15007
14660
14453
14271
14009
13674
13277
12822
12303
11687
11069
10481
9749
8981
8376
7762
7037
6382
5764
5004
4370
3959
3478
2980
2680
2501
2220
2010
1970
1785
1625
1676
1674
1702
1999
2307
2450
2757
3125
3210
3325
3535
3471
3305
3251
2978
2524
2350
2248
1973
1902
2033
2024
2098
2459
2695
2792
3082
3265
3178
3247
3398
3305
3289
3505
3637
3790
4197
4574
4824
5152
5497
5743
5973
6295
6590
6828
7190
7632
8109
8741
9418
10134
10914
11539
12113
12726
13214
13574
13945
14283
14475
14706
15045
15334
15605
15947
16210
16360
16583
16708
16618
16568
16488
16221
15979
15800
15474
15051
14719
14322
13823
13460
13042
12490
12046
11617
11092
10632
10219
9676
9136
8698
8125
7461
6993
6532
5942
5543
5285
4868
4505
4325
3896
3314
3018
2667
2108
1860
1684
1285
1222
1458
1488
1547
1894
2049
1960
2062
2068
1804
1763
1881
1715
1610
1871
2032
2121
2531
2923
3109
3434
3712
3682
3867
4248
4243
4298
4649
4702
4677
5066
5346
5282
5544
5864
5719
5792
6229
6357
6493
7041
7438
7687
8328
9000
9303
9751
10400
10689
10917
11432
11755
11923
12338
12727
12982
13488
14085
14407
14811
15317
15506
15620
15821
15793
15540
15346
14999
14367
13887
13468
12848
12362
12000
11492
11096
10940
10699
10341
10133
9883
9418
9069
8806
8415
8137
8085
7999
7924
8128
8407
8477
8585
8834
8960
9037
9204
9283
9168
9068
9035
8909
8804
8809
8777
8617
8438
8311
8115
7885
7756
7689
7515
7287
7238
7226
7070
6958
6943
6780
6504
6429
6339
6017
5810
5730
5515
5290
5247
5157
4887
4706
4533
4245
4108
4004
3721
3532
3512
3462
3509
3746
3900
4029
4286
4393
4373
4481
4510
4370
4371
4372
4193
4182
4312
4238
4235
4530
4651
4637
4884
5087
5099
5285
5514
5466
5516
5779
5858
5962
6323
6552
6629
6960
7258
7213
7279
7497
7443
7388
7573
7601
7534
7805
8229
8480
8858
9445
9871
10314
10946
11429
11789
12325
12699
12725
12971
13390
13632
14051
14674
15108
15518
16168
16720
17027
17466
17844
17915
18074
18326
18412
18606
19022
19293
19540
20053
20470
20693
21058
21407
21512
21623
21773
21699
21554
21482
21222
20821
20556
20229
19750
19377
19021
18549
18125
17738
17204
16667
16271
15750
15162
14803
14461
14049
13854
13764
13605
13579
13685
13755
13804
13888
13910
13792
13654
13438
13034
12589
12156
11615
11009
10557
10062
9454
9127
8853
8412
8080
7835
7536
7153
6838
6553
6158
5870
5648
5361
5064
4782
4560
4266
3846
3453
3118
2825
2710
2736
2656
2648
2957
3298
3477
3676
3895
4009
4107
4297
4483
4614
4925
5369
5712
6124
6597
6913
7216
7573
7796
7989
8344
8580
8585
8727
8921
8873
8859
8976
8890
8773
8822
8728
8564
8610
8604
8436
8430
8465
8232
7972
7866
7561
7097
6904
6660
6160
6028
6019
5547
5418
5741
5335
4910
5433
5382
4639
4817
5075
4569
4646
5218
5071
4992
5731
6138
6058
6514
6844
6534
6726
7155
6937
6861
7229
7198
7053
7509
7829
7664
7923
8357
8199
8176
8527
8373
8115
8384
8397
8005
8138
8388
8031
7924
8157
7830
7461
7577
7441
7034
7026
7009
6602
6537
6763
6581
6408
6583
6540
6334
6570
6865
6821
7055
7554
7791
8089
8603
8860
9054
9515
9782
9806
10057
10337
10386
10551
10874
11085
11375
11889
12286
12573
13078
13591
13860
14123
14430
14556
14604
14761
14829
14759
14825
14929
14897
14938
15052
15085
15100
15211
15371
15453
15563
15751
15911
16067
16274
16473
16517
16535
16598
16439
16140
15933
15676
15321
15062
14840
14398
13928
13675
13252
12621
12152
11616
10920
10432
10057
9520
9072
8921
8686
8379
8374
8349
8094
7978
7936
7587
7309
7340
7129
6880
6988
6923
6632
6651
6636
6175
5806
5615
5053
4426
4156
3723
3118
2901
2769
2352
2068
1973
1548
1075
888
432
-208
-550
-1031
-1741
-2121
-2368
-2873
-3265
-3409
-3795
-4261
-4476
-4845
-5340
-5557
-5803
-6234
-6384
-6387
-6577
-6521
-6127
-5871
-5576
-4980
-4523
-4192
-3524
-2839
-2451
-1822
-961
-408
150
980
1619
2162
2985
3691
4158
4868
5701
6302
6994
7886
8534
9159
10098
10866
11426
12259
13079
13617
14317
15189
15777
16302
17073
17664
17953
18268
18495
18516
18626
18843
18884
18974
19297
19522
19757
20217
20573
20791
21128
21417
21468
21424
21344
21162
21087
21185
21139
21093
21330
21486
21500
21665
21691
21389
21099
20875
20411
19914
19664
19337
19031
19052
19045
18900
19010
19280
19293
19276
19424
19319
19054
18999
18871
18497
18263
18117
17692
17238
16964
16559
15951
15436
14948
14292
13665
13080
12410
11774
11256
10747
10227
9754
9281
8855
8415
7932
7515
7051
6527
6076
5559
4955
4458
3979
3385
2872
2523
2021
1443
1085
699
232
-29
-231
-588
-838
-948
-1214
-1459
-1487
-1593
-1813
-1836
-1834
-1988
-1998
-1852
-1923
-2095
-1889
-1728
-2018
-2072
-1800
-1875
-1950
-1608
-1486
-1558
-1255
-1007
-1027
-739
-332
-258
6
585
851
1089
1724
2153
2317
2825
3337
3440
3688
4141
4225
4272
4693
4947
5038
5509
5972
6229
6833
7648
8199
8874
9885
10623
11177
12005
12669
13019
13624
14224
14387
14735
15356
15629
15877
16470
16881
17065
17524
17984
18106
18315
18645
18682
18651
18819
18847
18750
18881
18946
18769
18789
18902
18773
18730
18795
18613
18444
18440
18231
17872
17696
17474
16973
16523
16158
15618
15091
14712
14237
13726
13406
13088
12675
12354
12024
11596
11198
10728
10130
9569
9093
8509
7874
7401
6886
6337
5949
5574
5151
4845
4592
4235
3927
3717
3475
3317
3329
3319
3328
3472
3553
3573
3685
3742
3665
3666
3608
3392
3367
3475
3435
3476
3765
3936
3983
4246
4404
4287
4353
4430
4152
3937
3967
3815
3640
3832
3987
4009
4355
4780
4949
5201
5553
5659
5757
5986
5999
5962
6176
6393
6473
6613
6845
6952
7014
7179
7246
7315
7531
7729
7953
8288
8680
9117
9521
9826
10155
10624
11020
11174
11403
11692
11826
12068
12445
12659
12879
13401
13862
14084
14512
14958
14953
14965
15197
15072
14806
14842
14817
14627
14740
14964
14844
14863
15175
15152
15029
15211
15158
14793
14700
14681
14286
14000
14034
13843
13647
13801
13784
13515
13580
13738
13545
13432
13496
13354
13207
13307
13225
12919
12835
12733
12392
12225
12200
11922
11708
11731
11540
11318
11362
11218
10820
10638
10431
9864
9435
9195
8683
8211
8034
7731
7264
6944
6553
5919
5377
4907
4308
3790
3407
2970
2628
2498
2390
2305
2406
2498
2379
2283
2206
2038
1952
1880
1702
1632
1700
1690
1789
2071
2254
2404
2719
3021
3147
3358
3566
3581
3732
4017
4220
4532
5055
5535
5966
6537
7068
7477
7936
8286
8410
8580
8779
8817
8849
9023
9248
9484
9901
10416
10805
11189
11537
11747
11986
12172
12142
12190
12428
12556
12720
13144
13514
13742
14147
14637
14931
15197
15414
15224
14899
14827
14697
14523
14671
14849
14886
15178
15622
15762
15798
15959
15843
15499
15423
15325
14951
14803
14800
14550
14360
14417
14309
13960
13748
13434
12770
12295
11929
11222
10669
10228
9395
8808
8671
8238
7664
7460
7196
6635
6292
6130
5802
5598
5564
5394
5330
5428
5378
5379
5556
5548
5392
5397
5404
5219
5128
5186
5055
4966
5114
5107
4974
5052
5039
4657
4385
4228
3790
3428
3277
2914
2462
2266
2060
1686
1546
1512
1253
1151
1215
1043
885
960
921
824
1001
1162
1206
1427
1629
1614
1649
1818
1839
1802
1926
2011
2086
2380
2758
3124
3580
4028
4393
4797
5189
5427
5589
5759
5842
5899
6095
6229
6179
6192
6263
6304
6493
6854
7189
7519
8028
8588
9008
9449
9912
10246
10533
10709
10678
10628
10649
10563
10456
10451
10363
10283
10335
10314
10221
10287
10361
10335
10439
10553
10574
10720
10929
10958
10966
11121
11157
11118
11244
11280
11181
11321
11598
11752
12010
12459
12763
12971
13312
13448
13259
13191
13204
13053
13030
13110
12981
12929
13089
13070
13002
13169
13109
12692
12453
12153
11425
10900
10561
9838
9179
8871
8463
7961
7785
7639
7218
7066
7037
6626
6371
6418
6149
5805
5840
5805
5580
5654
5752
5470
5314
5359
5066
4825
4954
4881
4728
4943
5130
5102
5361
5773
5864
6104
6617
6747
6781
7142
7260
7114
7308
7509
7296
7280
7536
7467
7427
7730
7811
7691
7905
8089
7851
7800
7881
7571
7356
7403
7214
6984
7100
7221
7169
7412
7793
7857
8017
8384
8456
8471
8783
8889
8737
8902
9060
8909
9029
9359
9421
9581
10062
10330
10480
10931
11257
11333
11547
11684
11570
11580
11707
11591
11474
11635
11696
11634
11814
11999
11967
12032
12160
12048
11951
12022
11928
11818
11918
11913
11804
11860
11965
12016
12091
12150
12176
12308
12539
12699
12868
13151
13366
13523
13753
13943
14033
14116
14225
14264
14258
14318
14333
14288
14306
14314
14262
14290
14418
14558
14758
15027
15293
15578
15898
16260
16644
16933
17139
17318
17426
17466
17521
17604
17561
17477
17458
17283
17007
16819
16493
15979
15616
15294
14745
14264
14023
13707
13334
13192
13027
12638
12428
12312
11826
11343
11122
10569
9813
9464
9088
8414
8063
7949
7616
7489
7735
7777
7803
8219
8556
8633
8868
9079
8914
8814
8832
8512
8190
8131
7864
7410
7267
7117
6652
6391
6220
5660
5171
4910
4325
3665
3316
2813
2115
1713
1366
752
309
129
-244
-537
-471
-561
-739
-530
-308
-322
-48
342
384
569
1024
1159
1170
1586
1958
2064
2535
3115
3337
3781
4467
4822
5181
5822
6155
6179
6482
6707
6516
6484
6568
6288
6039
6061
5883
5685
5799
5795
5587
5630
5759
5608
5579
5717
5532
5323
5416
5399
5278
5457
5694
5749
5990
6418
6680
6975
7479
7873
8175
8593
8958
9240
9656
10123
10468
10883
11368
11718
12149
12695
13077
13400
13812
14134
14353
14656
14915
15046
15241
15463
15605
15759
15985
16169
16320
16494
16565
16605
16653
16586
16486
16369
16157
15912
15728
15563
15340
15204
15121
14892
14710
14651
14457
14205
14130
13985
13695
13616
13606
13459
13459
13586
13565
13571
13760
13890
13917
14064
14226
14231
14314
14449
14419
14450
14621
14692
14709
14855
14998
15029
15133
15216
15102
15043
15006
14773
14582
14521
14310
14044
13943
13779
13463
13223
12940
12440
12014
11676
11171
10748
10490
10097
9684
9496
9326
9012
8823
8714
8390
8125
8021
7701
7317
7164
6929
6535
6363
6260
5948
5783
5853
5684
5481
5590
5516
5304
5430
5567
5488
5645
5944
6002
6226
6634
6772
6877
7156
7258
7219
7424
7585
7534
7743
8050
8030
8142
8507
8505
8352
8491
8462
8133
8053
8025
7667
7478
7552
7364
7173
7302
7222
6930
6912
6822
6442
6320
6327
6000
5823
5990
5908
5774
6046
6210
6087
6239
6504
6390
6370
6655
6633
6532
6755
6864
6793
6968
7158
7064
7138
7363
7314
7344
7682
7863
7940
8297
8636
8756
9057
9462
9568
9667
9973
10036
9914
10046
10122
9987
10022
10109
9964
9853
9881
9670
9351
9172
8884
8461
8160
7907
7525
7200
6965
6673
6414
6232
6052
5826
5624
5463
5271
5101
4966
4846
4742
4671
4638
4584
4576
4594
4572
4569
4546
4526
4558
4629
4763
4913
5043
5226
5444
5609
5775
5963
6081
6151
6247
6308
6270
6225
6241
6171
6058
6097
6070
5948
5977
5975
5823
5791
5830
5676
5563
5620
5531
5391
5466
5493
5382
5514
5752
5782
5984
6398
6585
6805
7299
7606
7741
8167
8551
8605
8856
9313
9482
9665
10187
10492
10612
11084
11405
11367
11635
11921
11765
11813
12162
12195
12211
12599
12816
12796
13061
13319
13266
13341
13519
13363
13199
13310
13192
12920
12994
12980
12604
12484
12479
12038
11687
11708
11394
10866
10769
10650
10232
10122
10169
9846
9673
9853
9690
9376
9410
9336
9045
9061
9125
8879
8796
8904
8696
8420
8429
8272
7858
7663
7454
7008
6791
6710
6396
6196
6294
6200
5981
6081
6070
5829
5853
5875
5628
5517
5567
5385
5218
5291
5197
5008
5069
5059
4864
4910
5033
4942
4965
5161
5144
5010
5065
5074
4887
4838
4925
4880
4876
4955
4964
5037
5153
5179
5164
5115
4967
4779
4610
4428
4297
4245
4142
4018
4024
4021
3919
3927
3977
3887
3875
3963
3945
4003
4238
4434
4619
4946
5234
5348
5579
5863
5926
6101
6510
6823
7141
7649
8123
8526
9081
9687
10182
10747
11411
11916
12338
12880
13347
13706
14218
14770
15177
15689
16280
16680
17152
17817
18304
18694
19298
19758
19977
20409
20828
20948
21155
21431
21405
21348
21484
21443
21235
21183
21064
20783
20685
20604
20339
20176
20095
19795
19417
19238
18930
18418
18137
17807
17230
16856
16570
16041
15547
15232
14726
14154
13847
13454
12973
12824
12709
12383
12251
12279
12105
12000
12101
11881
11440
11226
10874
10269
9847
9451
8783
8266
7985
7436
6897
6708
6322
5640
5199
4762
4026
3466
3080
2412
1801
1636
1377
1001
1076
1231
1091
1152
1416
1395
1414
1720
1832
1861
2195
2428
2503
2891
3311
3468
3791
4244
4375
4552
4984
5166
5247
5595
5857
5909
6220
6609
6652
6779
7147
7297
7396
7750
7976
8046
8342
8596
8605
8828
9119
8977
8848
9041
9065
8937
9035
9124
9070
9207
9445
9457
9521
9800
9894
9884
10030
10062
9913
9910
9951
9784
9717
9856
9887
9877
10071
10338
10548
10863
11256
11565
11835
12173
12573
12947
13289
13605
13881
14088
14210
14307
14374
14431
14488
14480
14478
14515
14528
14519
14528
14569
14538
14499
14580
14494
14335
14406
14250
13960
14099
14223
13953
13643
13563
13603
13445
13194
13068
12852
12705
12718
12436
12099
12049
11870
11533
11361
11112
10599
10211
9952
9439
8938
8659
8235
7757
7604
7482
7106
6920
6881
6553
6295
6212
5863
5380
5113
4793
4220
3828
3573
3035
2580
2396
1949
1460
1299
956
450
325
204
-251
-451
-507
-900
-1174
-1187
-1459
-1779
-1689
-1689
-1938
-1851
-1605
-1627
-1515
-1110
-1017
-1042
-699
-591
-777
-627
-471
-568
-427
-76
37
258
910
1272
1388
2082
2796
2869
3097
3745
4074
4342
5012
5518
5864
6583
7304
7687
8125
8690
8974
9147
9556
9849
9953
10244
10509
10605
10957
11340
11434
11729
12171
12311
12490
12914
13057
13040
13350
13548
13490
13698
14003
14045
14169
14517
14637
14667
14972
15146
15137
15298
15396
15327
15323
15291
15121
15087
15222
15201
15152
15243
15231
15146
15152
15125
14974
14772
14517
14118
13717
13359
12906
12482
12156
11823
11534
11368
11241
10970
10577
10220
9832
9431
9121
8790
8439
8247
8170
8135
8276
8479
8658
8853
9002
9190
9378
9467
9497
9503
9476
9421
9448
9515
9553
9698
9908
10022
10162
10456
10695
10793
11016
11205
11181
11311
11484
11423
11470
11687
11658
11530
11631
11608
11363
11244
11097
10726
10432
10273
9953
9651
9659
9579
9329
9414
9605
9561
9605
9755
9643
9415
9450
9465
9321
9476
9735
9779
10056
10493
10596
10665
10951
11014
10851
10959
11076
10899
11039
11439
11430
11508
11999
12146
12090
12404
12549
12292
12342
12541
12254
12025
12127
11838
11345
11235
10994
10406
10133
9993
9476
9233
9393
9137
8757
8746
8539
8030
7819
7675
7145
6672
6413
6004
5697
5656
5491
5328
5391
5390
5334
5421
5475
5381
5337
5315
5144
5065
5135
4981
4746
4712
4562
4257
4197
4218
4046
4054
4165
3968
3835
3941
3839
3606
3583
3500
3205
3096
3057
2748
2623
2772
2721
2650
2815
2911
2844
2979
3185
3110
3079
3220
3113
2931
3062
3096
2925
3063
3284
3152
3131
3369
3324
3186
3354
3481
3481
3760
4150
4330
4670
5302
5757
6136
6798
7449
7983
8711
9487
10080
10743
11499
12103
12697
13475
14168
14666
15273
15818
16102
16457
16899
17144
17372
17784
18038
18186
18569
18933
19149
19462
19788
19936
20068
20201
20112
19966
19875
19662
19345
18997
18645
18212
17752
17412
17053
16706
16442
16160
15931
15738
15500
15319
15170
14945
14780
14710
14561
14460
14510
14457
14338
14395
14570
14657
14721
14932
15083
15048
15002
14993
14887
14718
14630
14537
14356
14212
14132
14056
14018
13903
13663
13432
13165
12773
12332
11906
11408
10901
10461
9967
9490
9091
8602
8068
7634
7201
6694
6193
5689
5121
4584
4003
3323
2755
2280
1714
1174
802
314
-320
-769
-1192
-1794
-2228
-2452
-2948
-3428
-3513
-3778
-4188
-4163
-4105
-4370
-4393
-4145
-4222
-4266
-3904
-3835
-4003
-3769
-3564
-3733
-3666
-3382
-3531
-3612
-3258
-3202
-3284
-2937
-2653
-2713
-2511
-2074
-1968
-1772
-1250
-1052
-928
-405
-48
67
551
1127
1352
1769
2429
2733
3002
3641
4073
4248
4824
5453
5712
6196
6955
7385
7846
8670
9224
9626
10254
10662
10855
11238
11608
11747
12002
12448
12666
12822
13262
13599
13800
14289
14744
14909
15205
15615
15771
15929
16337
16587
16722
17199
17686
17972
18446
19017
19374
19722
20234
20565
20765
21135
21304
21273
21511
21739
21708
21810
22031
22013
22057
22356
22412
22290
22340
22201
21781
21607
21454
20947
20593
20402
19964
19641
19573
19232
18788
18611
18190
17498
17127
16814
16163
15684
15477
14973
14395
14149
13844
13333
13013
12775
12358
12139
12125
11841
11592
11542
11237
10860
10649
10322
9877
9609
9296
8705
8204
7828
7228
6732
6545
6024
5421
5303
4987
4270
3981
3890
3266
2746
2598
2121
1608
1502
1189
576
393
395
-68
-505
-586
-993
-1528
-1515
-1504
-1740
-1624
-1350
-1302
-1124
-764
-614
-482
-77
238
332
531
778
870
1020
1310
1508
1736
2105
2417
2642
2891
3178
3458
3719
4030
4399
4707
5048
5532
5972
6342
6813
7270
7530
7678
7842
7980
7916
7831
7899
7864
7827
7997
8103
8124
8423
8707
8664
8953
9495
9378
9152
9588
9809
9650
10071
10676
10793
11059
11587
11616
11534
12019
12336
12201
12459
12849
12716
12733
13143
13082
12851
13053
12975
12575
12559
12594
12285
12201
12395
12286
12241
12639
12830
12796
13102
13305
13100
13114
13264
12980
12689
12672
12430
12140
12187
12206
12047
12106
12238
12100
12093
12287
12202
12092
12230
12206
12063
12215
12379
12309
12415
12558
12387
12302
12368
12146
11847
11808
11583
11174
11077
10925
10533
10408
10443
10197
9941
10007
10033
9937
9989
9947
9759
9800
9905
9759
9675
9701
9561
9578
9839
9868
9744
9816
9784
9487
9377
9388
9197
9158
9339
9241
9181
9548
9726
9682
9919
10050
9805
9695
9705
9439
9235
9295
9153
8916
8961
8926
8686
8627
8677
8533
8383
8483
8521
8412
8449
8470
8322
8227
8137
7895
7640
7446
7199
6958
6832
6720
6654
6655
6621
6609
6611
6528
6374
6235
6097
5926
5793
5676
5520
5448
5434
5331
5239
5214
5152
5071
5077
5088
5043
5107
5252
5342
5477
5671
5830
6050
6322
6548
6779
7038
7233
7373
7605
7799
7900
8157
8413
8470
8675
9055
9249
9453
9835
10062
10161
10505
10882
10995
11269
11638
11595
11584
11970
12121
11887
11840
11911
11838
11971
12251
12232
12289
12671
12807
12732
12868
12909
12699
12647
12664
12429
12230
12216
12024
11780
11776
11616
11262
11202
11135
10795
10679
10627
10218
9943
9936
9618
9125
8938
8722
8303
8184
8203
7875
7599
7634
7425
7044
6974
6779
6378
6314
6231
5857
5774
5919
5725
5593
5833
5837
5702
5913
6019
5820
5966
6251
6136
6175
6537
6636
6684
7096
7378
7353
7583
7887
7842
7918
8205
8178
8121
8404
8556
8502
8739
9075
9126
9287
9621
9634
9549
9696
9734
9649
9801
9955
9933
10124
10467
10656
10825
11021
11051
10966
10899
10743
10591
10549
10366
10205
10306
10355
10321
10433
10527
10510
10607
10629
10300
10040
10086
9996
9635
9379
9210
8908
8778
8818
8599
8353
8413
8419
8192
8046
7895
7581
7412
7417
7369
7406
7562
7652
7845
8223
8450
8558
8813
8989
9016
9152
9285
9285
9328
9473
9518
9435
9418
9405
9292
9180
9053
8915
8863
8851
8833
8886
8982
9026
9095
9217
9204
9174
9305
9314
9226
9296
9274
9171
9276
9412
9438
9586
9850
9912
9906
10083
10176
10146
10267
10360
10246
10283
10508
10507
10529
10840
10976
10981
11268
11500
11420
11561
11944
11937
11848
11990
11850
11615
11704
11666
11359
11373
11605
11510
11426
11651
11689
11581
11781
11827
11577
11704
11933
11766
11692
11923
11993
11946
12093
12127
11947
11934
11934
11695
11534
11503
11249
10963
10920
10754
10460
10369
10219
9965
9917
9807
9498
9318
9162
8777
8383
8119
7672
7123
6790
6365
5827
5581
5297
4730
4364
4162
3638
3089
2853
2469
1995
1893
1783
1423
1326
1476
1378
1342
1615
1676
1553
1623
1595
1356
1309
1264
944
824
1046
1044
955
1241
1359
1186
1378
1631
1466
1478
1815
1868
1865
2193
2455
2554
2840
3174
3266
3406
3678
3741
3855
4116
4127
4151
4456
4659
4746
5058
5353
5480
5805
6214
6410
6651
7057
7340
7540
7916
8307
8555
8840
9187
9464
9706
10031
10469
11056
11429
11315
11173
11064
11095
11732
12272
11793
11491
12449
12876
12243
12391
12774
12381
12534
13051
12538
12151
12746
12707
12029
12133
12208
11742
12034
12543
12031
11660
12078
11839
11188
11511
11818
11343
11423
11840
11475
11381
11919
11823
11551
12019
12219
11761
11820
12157
11853
11750
12198
12085
11678
11880
11995
11658
11782
12090
11803
11668
11958
11833
11541
11728
11791
11472
11509
11700
11486
11334
11456
11325
11046
11057
11057
10838
10734
10658
10442
10359
10368
10260
10187
10205
10140
10138
10325
10465
10620
10904
11077
11208
11530
11839
12056
12367
12543
12370
12240
12205
11909
11616
11526
11264
10931
10892
10779
10388
10246
10277
10009
9734
9710
9512
9124
8990
8837
8416
8204
8142
7856
7655
7647
7443
7184
7136
6829
6200
5775
5315
4580
4054
3753
3288
2850
2681
2507
2220
2112
2034
1606
1201
1126
1108
1121
1120
851
526
408
288
117
116
217
245
309
362
301
406
684
851
1036
1380
1663
1959
2470
2936
3342
3964
4540
4894
5372
5948
6305
6655
7215
7617
7869
8279
8692
9046
9527
10050
10365
10722
11260
11637
11990
12498
12931
13267
13768
14356
14755
15274
16006
16470
16811
17334
17758
18039
18370
18598
18613
18708
18919
19012
19139
19406
19539
19553
19787
20046
20103
20219
20339
20280
20206
20244
20218
20077
20035
19911
19640
19541
19481
19273
19000
18659
18164
17635
17213
16694
16102
15617
15150
14631
14150
13723
13249
12815
12438
11958
11494
11170
10830
10473
10181
9875
9562
9320
9040
8691
8412
8187
7948
7697
7461
7237
7040
6918
6732
6485
6393
6262
5957
5899
6062
6001
5898
5996
5953
5753
5719
5625
5358
5215
5133
4915
4773
4825
4760
4596
4564
4502
4430
4534
4561
4504
4673
4921
5048
5278
5628
5778
5958
6410
6706
6891
7370
7817
8032
8416
8853
9037
9289
9662
9709
9739
10149
10345
10301
10595
10871
10830
11014
11419
11516
11612
11995
12013
11725
11804
11781
11344
11164
11086
10654
10403
10514
10449
10313
10492
10524
10261
10368
10545
10202
9836
9783
9608
9321
9335
9345
9130
9192
9604
10016
10466
10867
10982
11131
11477
11620
11637
11861
11928
11717
11794
12058
12054
12089
12337
12342
12243
12386
12341
12061
12068
12108
11777
11457
11310
10954
10536
10372
10119
9682
9405
9133
8615
8170
7893
7463
7068
6948
6742
6366
6129
5859
5445
5176
4968
4599
4338
4260
3970
3639
3591
3525
3361
3441
3663
3721
3806
3981
4001
4007
4150
4193
4078
4022
4029
3997
3943
3865
3786
3829
3996
4088
4086
4139
4290
4497
4645
4616
4490
4494
4675
4858
4977
5084
5246
5468
5613
5708
5827
5864
5877
6015
6175
6212
6258
6417
6488
6535
6748
6852
6798
6868
7010
7059
7117
7269
7341
7401
7580
7702
7841
8060
8135
8175
8341
8436
8403
8460
8623
8617
8603
8843
9005
9101
9389
9618
9658
9801
10000
9936
9861
9959
9829
9591
9644
9673
9551
9669
9899
9953
10105
10370
10341
10271
10522
10594
10335
10336
10485
10397
10489
10784
10703
10583
10822
10918
10788
10841
10884
10630
10468
10442
10129
9905
10045
9984
9811
10017
10132
9927
10023
10237
10040
9903
10017
9801
9470
9529
9459
9120
9122
9218
9009
8920
9015
8845
8634
8661
8513
8227
8264
8333
8167
8310
8624
8573
8629
8854
8737
8567
8668
8601
8293
8268
8334
8062
7907
7973
7658
7296
7305
7106
6714
6613
6438
5947
5735
5761
5454
5242
5414
5314
5064
5196
5235
4935
4898
4990
4683
4466
4571
4399
4141
4297
4392
4217
4353
4619
4557
4623
4957
5042
5097
5537
5903
6035
6396
6825
7007
7223
7498
7583
7655
7907
8116
8207
8478
8812
9020
9355
9756
10013
10319
10676
10798
10834
11042
11190
11142
11168
11358
11489
11561
11732
11918
12015
12109
12228
12301
12340
12416
12543
12617
12617
12670
12762
12731
12656
12681
12649
12558
12622
12745
12783
12866
13018
12992
12864
12880
12785
12557
12498
12417
12157
12050
12064
11883
11797
11946
11949
11892
12042
12044
11772
11737
11802
11604
11560
11719
11516
11296
11498
11469
11226
11393
11551
11323
11215
11330
11179
10973
11113
11081
10824
10896
10960
10746
10725
10872
10806
10774
10939
10921
10866
11038
11041
10891
10986
11010
10780
10776
10886
10703
10621
10762
10619
10449
10560
10436
10127
10179
10228
9892
9735
9760
9482
9319
9462
9351
9148
9363
9516
9405
9603
9897
9863
9919
10195
10171
10066
10271
10185
9822
9872
9907
9595
9591
9736
9503
9393
9596
9542
9336
9420
9386
9027
8900
8867
8519
8250
8243
8007
7660
7632
7512
7212
7188
7192
6973
6951
7039
6864
6819
6971
6896
6819
6943
6867
6669
6735
6720
6498
6497
6572
6433
6428
6626
6609
6565
6810
6948
6904
7115
7338
7304
7420
7673
7708
7785
8102
8254
8318
8629
8883
8977
9240
9529
9562
9659
9920
9964
9994
10278
10438
10438
10667
10946
11045
11307
11661
11772
11921
12192
12233
12228
12431
12499
12389
12503
12675
12602
12610
12766
12684
12556
12692
12721
12519
12519
12577
12397
12267
12272
12180
11998
11903
11835
11741
11733
11729
11737
11798
11880
11988
12088
12222
12387
12531
12604
12614
12638
12607
12480
12373
12303
12144
11974
11942
11827
11610
11605
11589
11336
11209
11183
10905
10611
10504
10257
9988
9975
9837
9509
9396
9327
8909
8494
8351
7917
7329
7097
6703
6081
5807
5589
5103
4845
4831
4539
4279
4349
4208
3882
3843
3806
3530
3499
3641
3417
3282
3467
3360
3130
3231
3280
3057
3061
3193
3020
2995
3255
3242
3135
3400
3583
3473
3676
3983
3992
4216
4641
4781
4966
5401
5511
5452
5826
6051
5885
6057
6362
6268
6283
6650
6715
6710
7120
7334
7252
7507
7847
7807
7910
8281
8323
8305
8654
8847
8835
9200
9605
9681
9972
10443
10545
10685
11130
11277
11211
11404
11574
11530
11666
11872
11803
11833
12093
12173
12219
12484
12617
12547
12661
12798
12687
12725
12866
12709
12638
12793
12707
12533
12606
12612
12426
12433
12469
12257
12213
12276
12091
12006
12134
12073
11898
11943
11925
11734
11735
11770
11592
11517
11594
11492
11372
11451
11405
11175
11101
11033
10780
10551
10331
10024
9772
9630
9412
9157
9016
8837
8620
8560
8562
8479
8392
8297
8166
8112
8116
8076
8047
8049
8010
7966
7923
7811
7753
7764
7658
7556
7553
7438
7180
7008
6930
6737
6539
6497
6381
6134
6090
6186
6130
6087
6182
6200
6140
6154
6119
6025
5978
5895
5802
5800
5814
5737
5715
5774
5750
5747
5859
5890
5808
5839
5882
5754
5715
5786
5677
5599
5731
5815
5830
5949
6031
6028
6204
6363
6312
6395
6618
6662
6629
6761
6859
6816
6865
6887
6744
6705
6704
6468
6219
6100
5857
5585
5500
5322
5073
5077
5076
4850
4774
4842
4700
4602
4692
4609
4474
4628
4749
4690
4911
5271
5344
5529
5985
6140
6218
6639
6876
6840
7106
7454
7516
7781
8304
8535
8766
9351
9719
9838
10267
10629
10628
10794
11038
10958
10928
11195
11281
11199
11491
11766
11683
11840
12144
12077
12051
12315
12295
12146
12346
12418
12265
12407
12575
12403
12402
12600
12512
12461
12680
12721
12639
12890
13126
13054
13224
13564
13632
13801
14134
14143
14037
14206
14198
13923
13930
13839
13381
13191
13143
12789
12592
12649
12336
11968
11899
11545
11033
10913
10731
10173
9835
9716
9266
8834
8749
8459
7994
7887
7764
7320
7133
7132
6781
6469
6450
6240
5921
5925
5877
5605
5692
5929
5854
5961
6350
6428
6475
6864
7043
7064
7442
7791
7765
7909
8273
8294
8325
8649
8700
8625
8943
9269
9333
9615
10039
10156
10299
10642
10757
10757
10994
11144
11060
11138
11319
11285
11233
11410
11460
11361
11463
11494
11369
11394
11444
11306
11222
11271
11165
11015
11007
10951
10851
10865
10865
10784
10794
10868
10868
10916
11048
11103
11164
11308
11431
11525
11684
11826
11922
12034
12028
12013
12069
12027
11954
11931
11850
11723
11689
11626
11444
11313
11181
10959
10752
10599
10395
10105
9933
9741
9332
9055
8897
8584
8317
8179
7880
7503
7303
7034
6632
6382
6155
5763
5452
5267
4910
4530
4351
4018
3561
3389
3215
2819
2663
2670
2398
2216
2335
2265
2120
2296
2405
2305
2531
2917
2963
3084
3538
3774
3947
4483
4894
5010
5317
5656
5749
6054
6463
6461
6475
6831
6959
6916
7336
7693
7618
7820
8137
7969
7883
8197
8187
7967
8165
8300
8100
8232
8532
8484
8552
8890
8952
8932
9282
9517
9479
9772
10201
10247
10418
10901
11019
11104
11586
11905
12099
12679
13289
13553
13988
14570
14802
15066
15554
15778
15828
16097
16309
16342
16612
16985
17125
17323
17659
17727
17669
17840
17841
17595
17585
17532
17206
17087
17059
16733
16448
16289
15882
15411
15130
14715
14136
13782
13448
12889
12434
12085
11583
11072
10658
10133
9520
9085
8711
8237
7931
7728
7352
7017
6859
6640
6325
6121
5925
5624
5455
5351
5132
5013
4985
4854
4722
4639
4489
4308
4187
4009
3740
3514
3292
3009
2777
2616
2387
2188
2081
1894
1707
1603
1442
1253
1128
1010
884
862
889
827
862
1023
1074
1120
1310
1398
1407
1587
1674
1660
1884
2174
2387
2717
3138
3451
3788
4284
4702
4980
5362
5781
6040
6408
6933
7320
7707
8205
8664
9097
9551
9925
10201
10572
10966
11218
11511
11847
12089
12361
12682
12911
13128
13438
13695
13837
14054
14296
14394
14619
14969
14979
14969
15319
15485
15405
15521
15593
15468
15565
15796
15674
15523
15686
15626
15382
15438
15355
14966
14849
14891
14703
14603
14696
14528
14283
14339
14269
13980
13925
13868
13542
13357
13325
13021
12697
12630
12398
12029
11926
11787
11453
11355
11331
11060
10946
11003
10773
10530
10578
10435
10057
9993
9953
9595
9435
9448
9154
8822
8733
8509
8161
8117
8056
7685
7506
7527
7314
7113
7122
6961
6726
6704
6604
6392
6313
6195
5942
5814
5780
5600
5503
5526
5309
5106
5151
5004
4658
4569
4458
4008
3813
3931
3735
3536
3715
3720
3532
3657
3758
3563
3586
3801
3752
3770
4096
4242
4287
4655
4968
5084
5468
5879
6008
6281
6749
7010
7224
7633
7905
8062
8453
8792
8921
9220
9560
9645
9768
10037
10113
10084
10333
10603
10647
10879
11209
11228
11264
11502
11535
11398
11499
11618
11448
11419
11641
11674
11630
11807
11950
11885
11900
12034
12025
11947
11940
11934
11929
11857
11727
11699
11730
11730
11736
11716
11724
11920
12107
12027
11850
11845
11888
11834
11867
11904
11842
11830
11758
11578
11539
11554
11436
11420
11465
11289
11056
11034
10964
10691
10602
10512
10131
9879
9811
9523
9155
9048
8899
8513
8317
8236
7876
7568
7531
7291
6862
6715
6596
6237
6035
5965
5714
5576
5647
5526
5382
5490
5526
5485
5689
5879
5883
6048
6302
6380
6527
6844
6976
7017
7264
7431
7417
7548
7668
7503
7452
7618
7524
7366
7449
7397
7245
7338
7392
7228
7169
7239
7183
7129
7141
6947
6804
6914
6787
6508
6554
6575
6317
6280
6412
6258
6139
6318
6352
6202
6299
6506
6459
6450
6615
6647
6713
6897
6974
7117
7365
7469
7604
7888
7972
7943
8138
8290
8237
8366
8613
8634
8705
9028
9142
9120
9436
9631
9550
9802
10133
10097
10133
10411
10461
10398
10602
10661
10482
10630
10888
10811
10794
10998
10929
10749
10903
10963
10750
10793
10974
10865
10946
11366
11530
11599
11924
12178
12251
12452
12654
12688
12793
12882
12830
12968
13196
13140
13127
13425
13587
13560
13816
14081
14042
14166
14451
14428
14331
14521
14597
14456
14533
14642
14466
14401
14538
14408
14240
14324
14245
14020
14013
13932
13589
13393
13264
12859
12550
12462
12066
11576
11427
11167
10680
10494
10346
9815
9384
9210
8798
8259
8024
7800
7366
7114
6994
6669
6389
6324
6132
5889
5836
5743
5568
5516
5453
5263
5150
5104
4969
4836
4814
4748
4662
4719
4739
4701
4748
4811
4824
4838
4864
4855
4852
4863
4834
4806
4848
4865
4834
4836
4832
4852
4972
5085
5107
5172
5293
5348
5408
5444
5348
5286
5281
5166
5107
5262
5353
5412
5669
5780
5783
6065
6288
6212
6286
6567
6553
6459
6650
6689
6552
6712
6897
6822
6917
7233
7329
7410
7833
8131
8230
8625
9031
9160
9462
9938
10148
10372
10845
11062
11090
11417
11635
11579
11807
12084
12029
12133
12500
12562
12538
12898
13133
13058
13309
13707
13606
13528
13881
13926
13709
13927
14111
13896
14005
14331
14203
14097
14318
14236
13957
13991
13924
13582
13527
13546
13225
13074
13162
12961
12767
12857
12681
12338
12313
12184
11792
11654
11576
11175
10898
10837
10491
10141
10157
9972
9552
9472
9390
8985
8816
8846
8526
8255
8260
7996
7658
7676
7677
7431
7435
7650
7617
7665
7944
8010
7939
7978
7875
7625
7497
7340
7072
6995
6989
6833
6851
7016
6972
6949
7147
7132
6930
6990
7026
6821
6812
6956
6864
6864
7196
7338
7275
7451
7560
7430
7489
7611
7458
7344
7509
7553
7496
7647
7750
7728
7846
8060
8147
8226
8369
8339
8323
8480
8552
8631
8894
9075
9130
9340
9586
9633
9733
9993
10107
10108
10233
10353
10354
10446
10629
10680
10700
10806
10836
10839
10953
11007
10991
11069
11088
10996
10989
10956
10772
10626
10543
10340
10114
9997
9782
9505
9406
9303
9091
8993
8899
8694
8584
8483
8311
8217
8177
8043
7864
7801
7700
7519
7439
7332
7156
7057
6942
6748
6622
6575
6476
6414
6430
6342
6318
6453
6463
6407
6496
6547
6442
6409
6431
6329
6270
6354
6323
6182
6197
6202
6074
6075
6062
5865
5823
5949
5888
5753
5934
6112
5971
6045
6274
6148
6057
6289
6297
6125
6318
6450
6283
6430
6682
6577
6623
6947
6976
6946
7345
7606
7553
7865
8271
8273
8438
8919
9005
8945
9341
9579
9501
9778
10108
10034
10169
10589
10546
10391
10674
10706
10417
10544
10669
10445
10539
10730
10541
10587
10811
10567
10471
10724
10433
10062
10304
10214
9687
9787
9966
9427
9277
9706
9278
8657
9102
9200
8450
8471
8875
8509
8316
8713
8618
8306
8662
8804
8380
8518
8864
8540
8374
8699
8555
8224
8439
8431
8060
8195
8385
8154
8215
8530
8460
8414
8739
8788
8593
8782
8928
8687
8712
8932
8788
8693
8882
8857
8736
8922
9014
8873
9026
9261
9205
9287
9658
9807
9806
10055
10177
10079
10186
10278
10140
10134
10301
10294
10228
10327
10333
10263
10399
10513
10398
10318
10319
10210
10162
10271
10318
10348
10512
10641
10610
10612
10655
10631
10702
10803
10709
10617
10642
10606
10558
10575
10508
10321
10162
9999
9834
9830
9851
9739
9665
9751
9787
9735
9784
9806
9755
9720
9564
9410
9408
9301
9033
8898
8867
8670
8527
8535
8410
8306
8341
8269
8194
8279
8227
8039
8010
7954
7708
7614
7713
7652
7613
7786
7800
7624
7529
7361
7006
6772
6677
6485
6349
6374
6333
6245
6321
6400
6330
6436
6608
6495
6473
6677
6757
6844
7156
7347
7372
7664
7957
8031
8307
8668
8762
8862
9212
9451
9531
9834
10106
10138
10307
10554
10590
10679
10930
11037
11112
11335
11464
11527
11754
11911
11855
11943
12065
11906
11837
11982
11950
11850
11957
11927
11675
11621
11549
11224
11085
11110
10889
10654
10688
10599
10371
10435
10468
10201
10115
10173
9892
9644
9707
9519
9221
9292
9264
8952
8936
8999
8712
8614
8781
8658
8488
8636
8662
8398
8297
8283
8041
7884
7871
7635
7405
7462
7433
7200
7123
7093
6857
6658
6575
6400
6223
6107
5858
5673
5701
5593
5432
5462
5341
5016
4947
5019
4877
4878
5100
5014
4863
5093
5192
5027
5167
5384
5364
5565
5921
5970
6088
6484
6557
6456
6807
7189
7218
7456
7887
8001
8151
8590
8778
8748
9089
9522
9631
9925
10439
10657
10928
11429
11639
11660
11931
12187
12237
12500
12800
12796
12949
13347
13530
13672
14053
14321
14374
14610
14907
14967
15102
15309
15304
15344
15599
15828
15963
16248
16587
16715
16871
17096
17066
16933
16889
16734
16495
16406
16383
16276
16256
16372
16379
16284
16250
16152
15923
15685
15366
15012
14765
14483
14085
13672
13276
12927
12607
12316
12031
11638
11228
10796
10267
9745
9217
8696
8209
7702
7250
6882
6452
6024
5745
5462
5044
4609
4200
3744
3293
2917
2612
2392
2210
2008
1837
1729
1587
1365
1164
956
651
410
347
285
249
372
403
360
530
662
523
388
396
334
291
386
364
346
664
1039
1172
1364
1619
1620
1670
1937
2038
2134
2485
2731
2813
3114
3499
3656
3951
4451
4650
4772
5215
5575
5750
6182
6594
6738
7113
7708
8075
8453
9118
9559
9743
10271
10837
11018
11293
11762
11908
11974
12352
12580
12601
12858
13101
13064
13196
13519
13525
13551
13876
13982
13995
14281
14379
14121
14105
14288
14150
14058
14263
14228
14117
14351
14495
14384
14451
14566
14316
14103
14162
13932
13569
13567
13484
13160
13145
13162
12796
12657
12797
12536
12217
12243
12009
11532
11436
11348
10890
10719
10766
10346
9893
9793
9515
9051
8934
8784
8314
8155
8125
7748
7512
7552
7264
6871
6821
6577
6073
5905
5767
5298
5032
4894
4395
4021
4071
3966
3708
3734
3720
3469
3390
3376
3069
2777
2708
2513
2315
2440
2581
2676
3009
3306
3350
3484
3744
3835
3974
4253
4282
4224
4408
4574
4601
4837
5133
5223
5493
5886
5980
6081
6440
6642
6663
6937
7230
7280
7492
7840
7976
8131
8466
8631
8676
8968
9248
9322
9503
9772
9945
10187
10484
10526
10512
10780
11067
11185
11390
11703
11959
12232
12454
12542
12745
13106
13345
13522
13834
14109
14348
14708
15001
15090
15178
15329
15455
15642
15845
15883
15876
15966
16036
16118
16239
16279
16265
16253
16236
16233
16255
16182
15979
15832
15721
15530
15382
15236
14958
14674
14510
14352
14151
14087
13986
13652
13394
13242
12925
12579
12360
12072
11705
11487
11308
10944
10650
10466
10187
10038
10010
9832
9614
9586
9548
9270
9005
8832
8589
8454
8465
8295
8046
8009
7937
7739
7647
7511
7227
7112
7133
6942
6775
6864
6799
6662
6815
6887
6703
6684
6746
6529
6372
6514
6482
6300
6442
6556
6440
6605
6852
6739
6715
6914
6760
6561
6763
6825
6656
6774
6935
6758
6707
6908
6855
6686
6755
6697
6480
6574
6672
6565
6766
7041
6973
7081
7390
7262
7010
7089
7019
6765
6890
7139
7149
7395
7884
8029
8154
8593
8734
8624
8803
8928
8831
8996
9228
9127
9198
9625
9803
9885
10286
10474
10343
10505
10637
10320
10214
10347
10087
9798
9926
9930
9625
9667
9841
9618
9543
9722
9518
9193
9255
9180
8761
8686
8752
8464
8328
8395
8154
7909
8029
8027
7800
7912
8091
7978
8036
8245
8204
8192
8389
8400
8326
8516
8681
8681
8938
9311
9447
9701
10076
10195
10280
10493
10521
10463
10586
10644
10579
10682
10825
10745
10735
10948
11004
10979
11157
11211
11076
11079
11075
10927
10852
10827
10650
10498
10498
10385
10224
10212
10135
9894
9692
9512
9247
9090
9093
9011
8952
9049
9012
8834
8777
8706
8483
8368
8280
8025
7932
8019
7977
7932
8054
8092
7979
7970
7924
7706
7612
7585
7349
7157
7159
7038
6817
6804
6813
6639
6566
6564
6371
6241
6257
6075
5837
5754
5597
5386
5263
5118
4908
4810
4803
4670
4593
4651
4583
4553
4646
4641
4633
4739
4780
4788
4951
5061
5012
5093
5281
5348
5495
5790
5930
6062
6357
6553
6669
6968
7256
7355
7622
7979
8104
8324
8680
8789
8873
9152
9306
9327
9567
9795
9759
9899
10178
10181
10206
10505
10644
10541
10648
10765
10621
10687
10905
10765
10651
10793
10627
10298
10289
10187
9796
9702
9726
9400
9258
9475
9382
9165
9361
9489
9264
9233
9386
9255
9167
9333
9292
9208
9349
9385
9395
9658
9832
9769
9833
9966
9842
9747
9906
9934
9862
10015
10158
10108
10218
10384
10259
10233
10355
10243
10119
10216
10199
10059
10140
10183
10015
10013
10109
9898
9707
9801
9660
9389
9444
9410
9092
8992
9061
8887
8756
8936
8920
8734
8907
9024
8804
8838
9010
8815
8670
8868
8801
8500
8597
8716
8563
8637
8831
8722
8570
8631
8571
8480
8633
8630
8431
8504
8630
8522
8653
8964
8978
9009
9234
9313
9293
9377
9365
9227
9320
9468
9402
9502
9743
9764
9831
10104
10171
10119
10336
10449
10279
10343
10541
10380
10235
10376
10290
10128
10253
10200
9896
9817
9780
9485
9338
9375
9107
8856
8914
8721
8462
8642
8688
8414
8444
8588
8394
8218
8273
8150
7887
7872
7826
7559
7466
7507
7357
7157
7122
7023
6769
6621
6466
6175
6022
5963
5746
5574
5583
5542
5478
5506
5480
5446
5536
5573
5456
5411
5446
5380
5378
5472
5543
5708
5965
6224
6486
6796
7107
7335
7602
7874
8060
8270
8450
8633
8879
9085
9300
9547
9801
9978
10105
10301
10395
10421
10603
10713
10673
10868
11142
11153
11311
11693
11799
11851
12171
12332
12312
12551
12760
12675
12779
13066
13132
13285
13742
14110
14373
14855
15311
15503
15804
16206
16349
16477
16753
16810
16752
16958
17139
17088
17254
17565
17584
17624
17857
17894
17840
18006
18059
17859
17793
17803
17596
17401
17355
17174
16942
16835
16652
16385
16175
15849
15417
15211
14995
14492
14141
14007
13590
13084
12825
12370
11781
11576
11324
10765
10470
10320
9868
9505
9415
9058
8585
8421
8093
7530
7261
7065
6555
6169
6091
5714
5279
5293
5139
4703
4637
4625
4235
4031
4073
3763
3436
3484
3317
2883
2803
2825
2525
2426
2557
2316
2077
2168
2034
1749
1793
1799
1561
1616
1828
1737
1759
2032
2090
2074
2316
2458
2335
2419
2595
2546
2650
2914
2999
3125
3459
3646
3704
4001
4274
4334
4579
4924
5053
5252
5620
5816
5979
6361
6625
6754
7127
7488
7632
7946
8360
8481
8607
8988
9205
9242
9522
9814
9872
10124
10518
10613
10720
11078
11247
11287
11620
11928
11990
12234
12590
12718
12931
13376
13600
13695
14016
14224
14214
14407
14631
14582
14599
14738
14685
14624
14746
14761
14607
14570
14565
14440
14380
14362
14268
14212
14222
14139
13977
13852
13712
13546
13351
13088
12786
12476
12190
11947
11728
11494
11222
10930
10664
10437
10225
9993
9764
9571
9336
9097
8910
8639
8320
8094
7857
7594
7409
7294
7155
6965
6852
6767
6582
6410
6386
6325
6165
6167
6188
6060
6010
6081
6032
5949
6053
6088
6001
6066
6151
6062
6043
6168
6152
6106
6215
6223
6147
6251
6374
6318
6364
6626
6697
6703
6958
7061
6953
7029
7087
6924
6911
6980
6879
6912
7135
7249
7321
7535
7653
7643
7774
7873
7786
7805
7893
7785
7772
7997
8067
8033
8246
8435
8388
8524
8774
8704
8651
8809
8705
8516
8623
8630
8423
8448
8507
8301
8293
8487
8357
8206
8387
8351
8102
8178
8221
7930
7816
7912
7730
7544
7620
7456
7168
7245
7224
6926
6996
7191
6968
6879
7110
7002
6816
7075
7185
6967
7153
7456
7322
7423
7781
7752
7720
7988
8038
7927
8195
8436
8296
8403
8669
8527
8488
8789
8764
8590
8805
8921
8777
8995
9299
9217
9282
9609
9593
9535
9820
9805
9540
9658
9786
9591
9634
9902
9785
9638
9906
9967
9752
9912
10063
9768
9727
9940
9789
9748
10031
9992
9800
10032
10248
10152
10348
10657
10559
10535
10800
10852
10798
11038
11201
11091
11249
11503
11372
11338
11492
11368
11171
11220
11174
10914
10971
11118
10929
10870
11049
10988
10809
10782
10586
10251
10051
9788
9440
9293
9199
8857
8602
8573
8329
8043
8041
7898
7578
7466
7358
7092
6978
7033
6934
6860
7008
7078
7102
7320
7518
7530
7612
7763
7720
7709
7829
7766
7754
7972
8084
8131
8317
8468
8493
8554
8657
8707
8706
8684
8648
8694
8855
9001
9143
9280
9338
9384
9488
9573
9577
9552
9531
9491
9433
9397
9368
9422
9466
9322
9309
9520
9524
9405
9560
9731
9674
9749
9928
9886
9879
10041
10014
9918
10048
10122
10000
10075
10261
10201
10258
10501
10495
10481
10707
10818
10791
10949
11068
10939
10975
11081
10867
10704
10741
10580
10389
10523
10565
10372
10427
10519
10306
10201
10242
9994
9733
9803
9760
9542
9657
9790
9586
9669
9994
9941
9952
10306
10355
10228
10441
10560
10394
10552
10838
10691
10727
11145
11193
11070
11300
11416
11191
11234
11401
11214
11218
11567
11608
11589
11938
12065
11899
12054
12164
11823
11662
11662
11272
11007
11160
11013
10742
10983
11091
10804
10845
10922
10460
10082
10026
9601
9084
9091
9045
8648
8584
8735
8499
8342
8532
8410
8132
8222
8184
7857
7860
7934
7590
7428
7560
7374
7137
7218
7214
7068
7110
7061
6929
7060
7092
6901
6907
6988
6812
6738
6934
6930
6822
6965
6924
6623
6631
6672
6357
6215
6303
6034
5796
6020
6000
5692
5743
5764
5373
5159
5140
4829
4560
4647
4637
4474
4569
4717
4637
4647
4846
4818
4657
4731
4711
4504
4548
4646
4531
4591
4828
4849
4862
5067
5157
5172
5358
5550
5594
5669
5844
5848
5795
5931
6006
5968
6070
6214
6282
6459
6689
6834
6962
7078
7152
7262
7409
7391
7299
7355
7417
7521
7775
7946
8043
8247
8457
8618
8830
9004
9053
9173
9388
9531
9683
9973
10170
10237
10528
10801
10854
11077
11355
11405
11506
11815
12059
12206
12539
12831
12877
13046
13279
13286
13255
13412
13484
13398
13550
13672
13578
13699
13879
13779
13740
13861
13732
13534
13580
13510
13243
13264
13436
13314
13147
13231
13202
12894
12792
12773
12499
12389
12471
12298
12130
12248
12192
11961
11978
11962
11707
11599
11590
11347
11119
11114
10993
10756
10705
10644
10458
10307
10220
10164
10047
9849
9697
9629
9437
9137
9027
9023
8920
8871
8885
8775
8660
8576
8391
8250
8177
7936
7641
7603
7632
7465
7446
7601
7472
7395
7637
7596
7340
7433
7518
7278
7242
7378
7209
7122
7423
7565
7476
7656
7874
7784
7878
8192
8178
8097
8273
8312
8177
8313
8488
8314
8265
8466
8381
8265
8545
8684
8544
8789
9131
9041
9183
9679
9737
9679
10032
10159
9973
10144
10338
10048
9947
10186
9995
9768
10027
10071
9857
10004
10179
10014
10077
10312
10104
9952
10105
9975
9753
9838
9844
9664
9743
9847
9619
9519
9593
9374
9156
9166
8963
8614
8552
8557
8278
8099
8221
8195
8010
8074
8183
7999
7987
8241
8183
8136
8402
8350
8111
8243
8323
8065
8020
8195
8016
7881
8158
8172
7992
8176
8291
8097
8063
8084
7893
7786
7837
7736
7614
7683
7709
7706
7796
7860
7842
7831
7859
7767
7664
7638
7487
7315
7245
7200
7152
7068
6928
6804
6732
6566
6337
6202
6073
5890
5733
5569
5344
5192
5085
4898
4719
4647
4612
4541
4568
4638
4610
4635
4681
4667
4782
4982
5077
5196
5418
5578
5701
5913
6103
6166
6271
6496
6628
6744
6968
7068
7150
7412
7635
7765
8034
8360
8507
8707
9099
9372
9523
9759
9952
10008
10127
10368
10544
10686
10931
11150
11314
11587
11904
12049
12156
12343
12398
12401
12557
12667
12681
12843
13041
13099
13227
13459
13574
13650
13833
13936
13881
13828
13795
13680
13540
13502
13452
13326
13345
13515
13616
13625
13628
13647
13542
13360
13273
13071
12757
12579
12456
12261
12127
12077
11878
11623
11534
11380
11063
10892
10797
10494
10225
10184
10056
9850
9826
9730
9463
9289
9091
8699
8373
8220
7940
7568
7421
7300
7025
6941
6943
6705
6544
6593
6466
6200
6206
6240
5992
5906
5969
5768
5609
5645
5493
5281
5330
5279
4963
4893
4941
4707
4623
4799
4759
4707
4962
5114
5101
5338
5576
5541
5637
5864
5855
5889
6214
6349
6242
6367
6502
6343
6300
6485
6457
6452
6783
6953
6914
7106
7367
7381
7534
7834
7826
7923
8290
8389
8417
8781
9027
9078
9455
9773
9694
9878
10283
10198
10094
10403
10378
10178
10499
10661
10499
10757
11008
10832
10904
11251
11098
10884
11166
11150
10821
10972
11156
10839
10820
11152
10952
10705
10986
11046
10773
10987
11268
11004
11054
11434
11259
11072
11386
11404
11023
11070
11196
10865
10897
11209
10970
10847
11196
11126
10811
10990
11136
10852
10812
10921
10551
10333
10510
10274
9891
9988
9946
9445
9335
9469
9149
9016
9261
9110
8831
8980
8982
8615
8577
8657
8326
8149
8252
8089
7912
8117
8227
8038
8113
8300
8176
8120
8255
8188
8034
8052
7989
7829
7890
7951
7733
7649
7719
7587
7544
7650
7617
7541
7579
7650
7628
7617
7706
7805
7924
8029
8079
8225
8417
8492
8542
8640
8621
8567
8655
8617
8448
8407
8324
8109
8023
8065
7959
7829
7856
7776
7631
7674
7656
7478
7441
7483
7339
7237
7318
7281
7178
7190
7143
6996
6968
6946
6787
6727
6758
6695
6676
6764
6750
6728
6859
6890
6806
6903
7007
6970
7034
7129
7097
7088
7195
7238
7253
7369
7398
7398
7532
7620
7620
7730
7850
7829
7851
7992
8044
8069
8243
8361
8420
8608
8794
8905
9103
9316
9373
9486
9726
9834
9871
10052
10182
10170
10296
10450
10443
10580
10884
11002
11137
11451
11582
11598
11804
11933
11856
11975
12189
12161
12206
12409
12385
12377
12658
12789
12714
12816
12900
12725
12720
12874
12724
12571
12707
12703
12536
12633
12747
12586
12558
12710
12591
12456
12601
12547
12298
12341
12349
12033
11953
12013
11709
11498
11619
11471
11206
11316
11293
11009
10983
10952
10597
10340
10332
10050
9601
9530
9376
8935
8874
8876
8450
8235
8266
7883
7469
7432
7191
6743
6734
6725
6298
6195
6268
5930
5732
5850
5682
5360
5414
5407
5100
5163
5368
5186
5226
5623
5563
5277
5466
5593
5372
5449
5619
5364
5264
5542
5462
5294
5609
5752
5626
5905
6287
6333
6516
6909
6958
6965
7299
7362
7218
7464
7673
7588
7797
8182
8217
8363
8814
8925
8918
9258
9499
9448
9680
10054
10043
10171
10615
10764
10796
11174
11426
11390
11651
11976
11941
12037
12388
12404
12349
12654
12815
12712
12839
12970
12748
12755
12998
12909
12899
13171
13241
13252
13495
13558
13371
13414
13459
13179
13033
13060
12788
12472
12467
12374
12099
12060
12068
11811
11681
11747
11534
11233
11124
10915
10613
10437
10228
9932
9772
9695
9543
9398
9343
9237
9096
9087
8971
8737
8656
8551
8304
8140
8101
7997
7881
7880
7809
7682
7651
7540
7386
7374
7375
7272
7220
7261
7211
7158
7227
7279
7259
7276
7283
7216
7232
7295
7282
7329
7457
7518
7587
7732
7836
7916
7981
7970
7946
7955
7965
8007
8128
8295
8445
8652
8913
9029
9088
9246
9331
9279
9297
9385
9416
9491
9629
9728
9882
10085
10142
10131
10162
10140
10081
10057
10025
9933
9935
10002
9872
9762
9792
9651
9507
9534
9430
9197
9146
9130
8903
8758
8739
8523
8247
8155
7974
7607
7425
7239
6863
6740
6764
6537
6382
6496
6403
6150
6198
6186
5862
5823
5902
5555
5364
5563
5448
5196
5397
5537
5294
5309
5468
5200
5046
5214
4947
4582
4744
4756
4454
4570
4815
4686
4718
5020
4938
4760
4949
4878
4616
4800
4950
4818
4987
5311
5315
5403
5758
5833
5810
6124
6284
6185
6405
6707
6688
6880
7352
7485
7540
7913
8151
8213
8600
8977
8937
9028
9345
9363
9427
9828
9964
9948
10303
10592
10609
10920
11355
11347
11393
11821
12005
12072
12525
12848
12865
13166
13550
13581
13734
14149
14228
14249
14653
14840
14704
14875
15138
15028
15032
15297
15270
15219
15557
15684
15540
15812
16174
16207
16217
16105
15837
16078
16602
16334
15675
15573
15655
15572
15527
15330
14950
14879
15063
14963
14703
14546
14316
14115
14132
13981
13583
13493
13484
13179
13019
12988
12717
12444
12345
12012
11549
11461
11316
10855
10648
10575
10237
9985
10004
9795
9397
9326
9172
8720
8606
8633
8262
7943
7988
7808
7476
7533
7472
7095
7023
7106
6924
6820
6889
6623
6262
6337
6374
6073
5871
5742
5392
5087
5021
4908
4903
5182
5241
5045
5126
5298
5098
4920
5065
5087
4940
4986
5011
4928
5115
5332
5227
5156
5299
5276
5125
5118
5115
5072
5126
5338
5596
5777
5930
6042
6080
6103
6177
6257
6252
6221
6246
6352
6507
6655
6824
7020
7204
7305
7363
7445
7542
7724
7888
8009
8194
8400
8635
8889
9115
9331
9511
9569
9669
9884
9994
10001
10057
10154
10259
10581
11039
11032
10699
10809
11180
11341
11476
11487
11346
11427
11450
11048
10807
11146
11337
11144
11291
11495
11283
11236
11427
11361
11246
11389
11353
11003
10874
10918
10740
10598
10633
10438
10178
10188
10154
9855
9580
9410
9160
9025
9030
8874
8690
8600
8376
8159
8085
7940
7790
7691
7381
6976
6899
6882
6628
6507
6577
6443
6275
6390
6331
6156
6316
6353
6101
6071
6162
5994
5947
6224
6309
6304
6549
6587
6370
6477
6660
6512
6596
6947
6912
6871
7205
7362
7346
7674
7993
7896
7984
8327
8240
8088
8330
8340
8230
8622
8885
8473
8218
8497
8552
8607
9122
9222
8830
8902
9107
8907
8966
9281
9147
9011
9393
9514
9229
9498
9919
9809
10012
10513
10433
10381
10844
10956
10731
10991
11239
10976
11037
11359
11187
11166
11606
11586
11352
11640
11831
11688
11955
12272
11954
11823
12089
11840
11527
11752
11757
11436
11497
11653
11433
11382
11582
11361
11052
11118
10976
10658
10773
10842
10504
10476
10667
10489
10438
10686
10528
10198
10237
10113
9665
9527
9561
9296
9181
9348
9213
9077
9266
9180
8820
8740
8699
8354
8102
8047
7776
7573
7701
7649
7422
7467
7558
7437
7413
7361
7033
6789
6712
6547
6411
6388
6165
5894
5943
5981
5882
5998
6096
5849
5653
5664
5504
5288
5375
5446
5355
5511
5767
5778
5875
6193
6224
6128
6290
6267
6089
6243
6385
6278
6431
6799
6951
7130
7467
7567
7604
7930
8136
8096
8293
8583
8550
8594
8916
9027
9086
9384
9522
9448
9557
9734
9660
9674
9982
10039
9930
10151
10372
10381
10519
10695
10634
10603
10668
10599
10599
10830
11022
11047
11035
11039
11119
11230
11282
11335
11394
11384
11313
11372
11509
11479
11393
11387
11285
11140
11137
11048
10835
10726
10596
10437
10408
10354
10177
10014
9915
9767
9619
9546
9427
9231
9024
8819
8591
8521
8566
8455
8334
8196
7896
7760
7901
7900
7742
7680
7481
7072
6971
7107
6912
6817
7037
6846
6532
6717
6729
6261
6156
6271
5955
5854
6213
6260
6176
6496
6712
6572
6722
6885
6530
6459
6797
6736
6642
7154
7541
7502
7898
8366
8273
8381
8751
8614
8471
8818
8881
8738
9156
9554
9538
9847
10310
10334
10435
10843
10857
10667
10960
11228
11118
11249
11547
11514
11655
12076
12044
11934
12245
12269
11955
12099
12278
11936
11878
12232
12142
11985
12326
12385
12160
12523
12757
12135
11859
12149
11750
11160
11306
11256
10780
10962
11367
11148
11022
11222
10890
10325
10237
9994
9395
9184
9124
8704
8508
8648
8460
8227
8313
8155
7759
7695
7599
7165
6985
7018
6746
6512
6542
6399
6219
6379
6493
6327
6381
6538
6330
6150
6222
6087
5870
5955
5940
5772
5950
6158
6088
6231
6489
6423
6367
6500
6438
6344
6546
6587
6476
6706
6909
6778
6781
6950
6804
6677
6893
6855
6646
6887
7105
7049
7409
7898
7936
8018
8286
8194
7961
8053
8046
7787
7828
8032
8045
8259
8699
8914
9107
9458
9527
9426
9534
9517
9225
9101
9175
9111
9146
9421
9556
9673
10058
10346
10436
10681
10848
10654
10475
10465
10243
9946
9926
9911
9838
9962
10175
10307
10488
10629
10513
10330
10227
10031
9665
9388
9312
9273
9244
9271
9365
9452
9394
9251
9203
9131
8979
8920
8947
9004
9164
9300
9242
9216
9283
9131
8832
8671
8471
8163
8051
8093
8116
8293
8706
9022
9184
9445
9544
9312
9127
8943
8523
8219
8201
8119
8059
8319
8578
8747
9077
9296
9252
9236
9215
8975
8731
8616
8403
8249
8416
8510
8502
8824
9075
8997
9080
9206
8949
8726
8818
8738
8572
8817
9062
8925
9056
9386
9237
9154
9423
9331
9092
9299
9378
9170
9451
9846
9733
9799
10192
10131
9876
10028
10005
9623
9638
9778
9527
9500
9811
9749
9612
9868
9836
9572
9752
9803
9434
9467
9732
9533
9456
9800
9716
9434
9669
9679
9265
9338
9561
9279
9230
9597
9454
9224
9542
9507
9065
9159
9265
8857
8850
9164
8927
8701
8991
8921
8495
8609
8699
8268
8196
8454
8226
8008
8342
8477
8236
8398
8607
8344
8381
8665
8509
8376
8589
8631
8548
8754
8956
8951
9105
9227
9000
8890
8922
8688
8503
8597
8523
8294
8348
8459
8360
8382
8488
8285
8137
8264
8117
7868
8011
8125
7935
7989
8212
8109
8133
8415
8313
8160
8391
8350
8009
8101
8272
8002
7990
8357
8366
8346
8769
8971
8857
9147
9452
9239
9243
9533
9368
9248
9600
9714
9624
9919
10259
10266
10433
10721
10581
10477
10748
10770
10619
10809
10917
10765
10882
11120
11049
11036
11214
11115
10916
10958
10927
10767
10833
10911
10726
10639
10682
10540
10400
10429
10351
10138
10092
10077
9863
9732
9742
9631
9515
9518
9412
9225
9202
9152
8933
8796
8745
8553
8379
8443
8518
8501
8565
8619
8484
8385
8440
8380
8247
8180
8084
7991
7970
7938
7950
8041
8065
8080
8117
8094
8047
8009
7975
7899
7795
7726
7726
7764
7769
7894
8044
8023
8122
8189
8023
8053
8181
8043
8078
8307
8164
8184
8536
8538
8492
8701
8773
8670
8711
8832
8748
8690
8876
8971
9000
9241
9459
9466
9534
9735
9753
9703
9887
10003
9914
9994
10213
10241
10266
10476
10608
10602
10648
10789
10835
10691
10683
10779
10684
10730
10913
10846
10780
10916
10940
10888
11085
11232
11166
11263
11405
11327
11294
11469
11485
11279
11280
11334
11120
11064
11247
11173
11063
11238
11205
10955
11065
11126
10779
10677
10746
10435
10269
10449
10287
10032
10176
10165
9885
9937
10028
9712
9521
9623
9413
9052
9106
9086
8767
8829
9023
8774
8693
8962
8771
8485
8724
8669
8258
8335
8421
8070
8094
8416
8240
8127
8432
8345
8083
8304
8406
8112
8179
8369
8052
7923
8220
8131
7936
8247
8316
8023
8194
8325
7981
8101
8589
8462
8277
8625
8599
8170
8331
8583
8214
8150
8501
8194
7869
8285
8328
7920
8146
8423
8034
7995
8360
8065
7798
8064
7845
7430
7682
7786
7346
7329
7574
7320
7154
7450
7424
7122
7243
7267
6848
6853
7126
6935
6885
7241
7239
7107
7416
7497
7194
7326
7489
7156
7095
7384
7269
7146
7515
7644
7457
7671
7863
7640
7665
7922
7825
7700
7941
7982
7790
8006
8205
7986
8020
8279
8135
8010
8210
8171
8015
8195
8294
8063
8047
8210
8084
8035
8316
8390
8283
8489
8648
8566
8733
8985
8948
8938
9130
9198
9203
9376
9484
9508
9705
9855
9853
9991
10172
10157
10139
10264
10323
10315
10428
10538
10547
10633
10687
10593
10596
10648
10640
10700
10818
10885
10939
11011
11021
11016
11023
11024
11009
10960
10930
10930
10971
11040
11065
11122
11168
11078
10975
10899
10755
10584
10493
10419
10310
10259
10221
10158
10188
10266
10267
10257
10241
10155
10060
9995
9856
9674
9591
9462
9266
9222
9230
9100
9062
9141
9002
8818
8806
8615
8225
8079
7979
7616
7454
7549
7347
7096
7184
7141
6916
6972
7027
6787
6763
6906
6679
6507
6707
6667
6391
6458
6539
6302
6274
6487
6407
6301
6512
6502
6341
6510
6569
6317
6327
6518
6395
6351
6582
6575
6484
6732
6880
6726
6850
7051
6839
6768
6968
6814
6624
6832
6906
6743
6923
7168
7036
7043
7236
7088
6922
7122
7194
7063
7208
7381
7312
7459
7783
7825
7869
8154
8258
8207
8433
8589
8461
8545
8715
8623
8619
8856
8874
8830
9076
9135
8979
9121
9268
9135
9239
9556
9562
9570
9875
9942
9858
10097
10213
10042
10171
10431
10261
10176
10405
10351
10313
10663
10813
10705
10949
11245
11170
11272
11577
11495
11339
11564
11616
11364
11464
11641
11521
11675
12003
11905
11799
12063
12080
11850
11999
12103
11760
11674
11815
11533
11388
11616
11479
11232
11385
11407
11126
11210
11398
11119
11000
11179
10911
10517
10583
10460
10029
10086
10241
9952
9931
10192
9965
9701
9867
9732
9305
9331
9362
8999
8976
9225
9077
8976
9213
9095
8740
8821
8833
8426
8359
8516
8264
8125
8375
8408
8258
8399
8428
8056
7946
7940
7497
7267
7425
7220
6924
7092
7154
6885
6970
7130
6785
6620
6779
6532
6222
6369
6314
5971
6123
6432
6287
6210
6426
6401
6376
6730
6821
6522
6568
6823
6844
7001
7277
7264
7368
7842
8030
7891
8103
8462
8392
8275
8449
8466
8449
8754
8959
8969
9196
9398
9349
9450
9673
9639
9488
9558
9564
9293
9210
9346
9351
9356
9514
9573
9532
9639
9778
9794
9845
9952
9971
9938
9986
10092
10128
10233
10409
10411
10397
10534
10643
10689
10854
11104
11276
11444
11661
11809
11905
11969
12003
11984
11918
11900
11837
11819
11918
11985
12048
12177
12371
12487
12503
12536
12501
12430
12449
12383
12163
12004
11943
11902
11999
12175
12051
11834
11871
11829
11616
11550
11500
11307
11279
11367
11301
11282
11328
11113
10865
10918
10905
10637
10555
10635
10495
10441
10651
10684
10626
10829
10895
10656
10603
10594
10346
10294
10435
10262
10095
10222
10116
9863
9940
9944
9623
9534
9582
9282
9056
9169
9085
8854
8958
8972
8683
8641
8635
8269
8094
8180
7917
7654
7837
7895
7681
7797
7921
7568
7420
7470
7081
6764
6864
6729
6424
6613
6808
6573
6667
6962
6754
6593
6777
6606
6249
6395
6478
6195
6274
6471
6277
6249
6494
6312
6013
6247
6369
6051
6088
6372
6217
6159
6497
6492
6265
6458
6522
6147
6204
6503
6318
6327
6734
6677
6500
6863
7039
6846
7125
7465
7247
7315
7745
7709
7650
8041
8136
7961
8285
8587
8410
8520
8914
8853
8811
9242
9403
9340
9653
9867
9746
9905
10133
9971
9987
10330
10348
10241
10474
10568
10430
10564
10715
10595
10670
10888
10740
10657
10965
11021
10863
11024
11138
10995
11064
11220
11059
11020
11262
11178
11020
11190
11137
10854
10891
10948
10658
10494
10528
10241
9967
10052
9989
9769
9838
9913
9625
9500
9616
9400
9189
9273
9132
8891
8983
8978
8665
8577
8622
8363
8218
8300
8109
7896
7958
7882
7611
7584
7568
7215
7058
7147
6999
6914
7094
7075
6911
7034
7110
6886
6886
7048
6929
6892
7062
7018
6994
7249
7385
7428
7676
7822
7759
7824
7954
7933
7932
7994
7983
7989
8091
8212
8296
8432
8627
8701
8691
8745
8754
8710
8721
8722
8703
8730
8797
8863
8916
8977
9001
8971
8904
8801
8705
8599
8495
8466
8486
8532
8587
8592
8561
8562
8545
8465
8454
8505
8515
8511
8555
8631
8647
8620
8608
8607
8581
8566
8555
8497
8466
8445
8343
8300
8314
8197
8103
8087
8037
8012
8041
8085
8055
8017
8115
8137
8073
8207
8313
8234
8298
8455
8412
8419
8626
8617
8534
8711
8741
8641
8832
9048
9013
9142
9512
9653
9732
10059
10216
10163
10412
10626
10493
10580
10811
10694
10606
10845
10857
10692
10920
11076
10916
11022
11249
11201
11177
11423
11486
11362
11542
11625
11425
11531
11725
11519
11474
11724
11600
11425
11658
11667
11410
11555
11738
11526
11522
11715
11470
11226
11384
11289
10975
11076
11147
10866
10934
11147
10891
10786
10997
10733
10309
10401
10330
9848
9778
9878
9528
9297
9387
9093
8697
8761
8608
8105
8047
8046
7612
7480
7674
7381
7034
7204
7061
6604
6664
6729
6336
6211
6392
6147
5892
6140
6108
5791
5943
6019
5613
5497
5653
5385
5180
5446
5406
5183
5407
5521
5306
5415
5679
5508
5409
5716
5710
5530
5825
6026
5850
6035
6366
6256
6315
6678
6741
6808
7169
7353
7364
7670
7959
7904
8020
8257
8149
8176
8573
8649
8559
8885
9110
9031
9342
9791
9774
9898
10311
10320
10219
10423
10442
10188
10258
10440
10328
10486
10940
11094
11289
11798
11975
11865
12036
12047
11607
11442
11513
11235
11117
11467
11550
11449
11776
11967
11625
11466
11422
10861
10437
10495
10265
10034
10312
10463
10332
10512
10677
10324
10013
9877
9374
8784
8610
8455
8174
8348
8755
8827
8975
9290
9112
8702
8551
8172
7612
7484
7513
7498
7806
8243
8444
8638
8855
8806
8637
8520
8349
8119
8039
8142
8225
8417
8751
8860
8814
8845
8699
8390
8206
8044
7890
7939
8066
8135
8229
8293
8237
8139
8094
7958
7717
7674
7637
7467
7533
7699
7742
7898
8102
8177
8247
8362
8395
8390
8506
8573
8550
8679
8860
8927
9044
9248
9354
9398
9613
9883
10063
10381
10716
10832
10924
10990
10810
10589
10558
10519
10524
10701
10909
11093
11272
11341
11194
11021
10858
10545
10237
10048
9869
9754
9812
9957
10103
10274
10374
10282
10097
9874
9558
9286
9176
9062
9066
9330
9544
9760
10177
10456
10387
10321
10205
9759
9424
9385
9294
9315
9684
10125
10527
10927
11074
10914
10709
10400
9869
9536
9542
9528
9564
9861
10075
10056
10146
10215
9934
9586
9418
9103
8720
8712
8749
8604
8727
8922
8760
8612
8614
8340
7980
8052
8114
7954
8129
8334
8182
8127
8258
8072
7801
7906
7834
7539
7661
7782
7531
7549
7777
7661
7604
7838
7790
7521
7507
7444
7092
6982
7093
6905
6882
7213
7125
6873
6988
6799
6268
6189
6159
5695
5509
5660
5430
5198
5452
5520
5296
5430
5512
5060
4819
4850
4433
4055
4208
4109
3760
3964
4176
3877
3887
4214
4017
3783
4059
4055
3779
4016
4302
4173
4357
4786
4769
4812
5240
5355
5325
5778
6103
6059
6403
6875
6844
6991
7584
7711
7636
8119
8452
8350
8718
9229
9220
9445
10048
10215
10204
10624
10854
10749
11068
11389
11241
11414
11997
12153
12232
12785
13056
12888
12984
13090
12870
12894
13178
13169
13267
13770
14017
14090
14439
14595
14392
14404
14472
14200
14171
14463
14425
14460
15009
15262
15093
15250
15377
14945
14594
14549
14135
13708
13779
13783
13708
13923
14086
14031
14095
14181
13981
13757
13630
13192
12665
12493
12295
11938
11862
11888
11683
11668
11844
11648
11367
11358
11074
10525
10337
10136
9560
9237
9290
9111
8907
9099
9148
8918
8867
8764
8393
8107
7892
7469
7083
6973
6734
6409
6482
6545
6345
6332
6438
6249
6034
5982
5670
5285
5138
4927
4647
4611
4648
4570
4679
4899
4893
4885
5008
4875
4582
4526
4446
4191
4163
4338
4389
4514
4855
5062
5083
5160
5121
4943
4907
4894
4814
4865
5074
5238
5358
5579
5805
5957
6130
6292
6398
6483
6532
6554
6568
6662
6869
7062
7285
7652
8047
8378
8741
9055
9095
9060
9245
9388
9356
9438
9657
9800
9975
10390
10812
11091
11438
11750
11784
11866
12046
11936
11789
11882
11968
11985
12262
12631
12724
12953
13348
13347
13174
13223
13130
12724
12528
12534
12318
12267
12567
12706
12734
13009
13156
12953
12920
12867
12400
12071
12015
11699
11401
11630
11766
11599
11881
12272
12131
12094
12360
12153
11673
11600
11416
10907
10823
10888
10597
10554
10865
10829
10701
11003
10995
10572
10579
10574
10074
9843
9943
9669
9394
9675
9805
9572
9756
9964
9583
9338
9407
9084
8703
8814
8816
8593
8723
8779
8387
8321
8533
8235
7977
8177
8073
7734
7845
7954
7663
7714
8012
7816
7718
7997
7853
7593
7844
7970
7759
7935
8214
8045
8094
8538
8623
8581
8925
9059
8865
8934
9014
8811
8729
8816
8750
8743
9004
9118
9103
9334
9418
9246
9289
9251
8901
8773
8862
8615
8401
8646
8691
8492
8638
8758
8498
8436
8635
8447
8206
8360
8237
7966
8194
8341
8137
8221
8431
8227
8200
8546
8439
8225
8490
8531
8229
8322
8556
8337
8199
8440
8351
8174
8502
8687
8535
8682
8888
8690
8650
8921
8856
8749
9072
9241
9129
9345
9581
9404
9363
9565
9454
9214
9310
9396
9310
9484
9728
9691
9793
10021
9829
9575
9600
9394
9063
9143
9185
8928
8981
9157
8999
9010
9290
9252
9099
9257
9236
8875
8814
8908
8753
8751
8955
8924
8840
9077
9239
9183
9339
9446
9226
9128
9189
9053
8971
9104
9105
9055
9184
9263
9217
9314
9452
9354
9208
9128
8925
8724
8746
8818
8828
8998
9265
9375
9403
9390
9215
8974
8781
8544
8348
8281
8266
8337
8533
8790
8998
9117
9187
9146
9017
8947
8882
8776
8704
8691
8759
8882
9040
9225
9435
9607
9689
9786
9862
9773
9592
9448
9300
9110
9003
9026
9083
9218
9429
9655
9912
10085
10224
10335
10261
10046
9802
9581
9339
9191
9212
9273
9435
9686
9851
9944
10074
10081
9846
9633
9484
9201
8943
8925
8928
8834
8911
9089
9044
8943
8998
8953
8776
8689
8531
8302
8276
8335
8267
8246
8352
8298
8191
8254
8192
8004
8041
8116
7933
7903
8164
8168
8054
8237
8275
8037
8095
8244
8046
7962
8081
7904
7723
7853
7826
7615
7777
8048
7899
7940
8246
8064
7811
7927
7805
7476
7591
7749
7543
7629
7933
7846
7778
8038
8024
7710
7780
7895
7653
7715
7938
7770
7701
7869
7718
7536
7757
7775
7544
7723
7927
7725
7736
7964
7732
7447
7617
7632
7407
7589
7818
7666
7759
8084
8016
8034
8446
8520
8377
8587
8668
8364
8420
8705
8504
8459
8841
8846
8772
9146
9294
9083
9250
9459
9252
9325
9663
9583
9517
9861
9924
9712
9949
10179
9947
9988
10229
10011
9902
10230
10186
9931
10256
10465
10189
10322
10602
10310
10118
10404
10348
10114
10374
10467
10193
10346
10629
10365
10262
10594
10377
9989
10193
10192
9888
10084
10302
10090
10212
10584
10472
10311
10516
10384
9899
9944
10031
9603
9616
10046
9868
9706
10210
10232
9805
10015
10085
9462
9281
9402
8874
8505
8822
8786
8456
8752
8957
8543
8531
8728
8289
7991
8170
7964
7684
7915
7887
7487
7562
7724
7425
7378
7636
7446
7221
7404
7326
7048
7120
7179
6952
6897
7012
6869
6791
7016
7072
6967
7116
7211
7013
7030
7149
6955
6950
7212
7095
6993
7290
7312
7167
7342
7330
7217
7584
7781
7528
7571
7833
7768
7654
7823
7842
7644
7797
8035
7899
8002
8377
8336
8348
8717
8736
8540
8712
8938
8865
8879
9133
9196
9196
9485
9645
9539
9664
9786
9658
9785
10058
10076
10128
10342
10329
10219
10391
10498
10395
10517
10764
10755
10790
11019
11012
10881
10988
10944
10626
10661
10791
10538
10426
10581
10501
10363
10524
10504
10184
10159
10168
9770
9644
9761
9463
9320
9495
9379
9195
9316
9311
9014
8939
8986
8765
8579
8614
8519
8345
8360
8304
8100
8094
8222
8188
8196
8318
8262
8184
8194
8088
7931
7899
7890
7701
7582
7643
7597
7479
7403
7370
7355
7382
7450
7484
7504
7534
7547
7527
7522
7537
7512
7455
7488
7563
7551
7632
7814
7854
7836
7938
7981
7922
7935
7904
7734
7677
7823
7888
7929
8208
8547
8651
8702
8949
8987
8774
8875
8942
8669
8749
9046
8953
8966
9379
9475
9363
9743
10034
9852
9975
10277
10071
9983
10309
10248
10081
10397
10535
10306
10484
10769
10526
10406
10660
10499
10165
10307
10294
9916
9972
10230
9984
9888
10222
10110
9808
9975
10021
9716
9819
10061
9801
9698
9946
9760
9464
9660
9663
9349
9481
9644
9383
9430
9725
9610
9536
9843
9871
9678
9871
9885
9480
9494
9680
9342
9197
9469
9285
9111
9504
9618
9354
9552
9780
9439
9346
9553
9243
8891
9084
9040
8721
9000
9257
8964
9073
9482
9320
9208
9546
9504
9243
9505
9638
9300
9414
9713
9433
9253
9520
9414
9161
9394
9448
9166
9283
9526
9305
9220
9461
9299
9077
9302
9288
8994
9138
9311
9022
9015
9415
9331
9131
9439
9383
8982
9164
9338
9009
8956
9196
9055
8903
9178
9173
8900
9110
9258
8936
8937
9167
8913
8696
8958
8901
8551
8733
8851
8504
8573
8849
8601
8474
8838
8830
8609
8889
9019
8742
8877
9165
8892
8735
9013
8900
8634
8871
8918
8648
8892
9205
9037
9127
9510
9348
9113
9378
9345
8972
9101
9248
8848
8802
9101
8945
8830
9149
9218
8960
9046
9084
8684
8557
8619
8325
8164
8383
8353
8152
8336
8492
8321
8421
8666
8419
8168
8326
8257
8012
8103
8131
7929
7979
8151
8080
8058
8170
8138
8153
8339
8395
8329
8484
8641
8496
8467
8610
8465
8337
8563
8636
8539
8726
8875
8769
8863
8997
8801
8614
8596
8489
8359
8451
8525
8439
8510
8687
8691
8687
8809
8815
8703
8673
8679
8620
8621
8705
8700
8719
8865
8960
8971
9060
9196
9272
9342
9451
9538
9591
9702
9814
9833
9863
9975
10034
10068
10231
10369
10415
10483
10562
10523
10411
10408
10353
10183
10141
10194
10166
10188
10384
10501
10434
10461
10436
10160
10010
9958
9701
9489
9467
9324
9160
9279
9391
9290
9313
9412
9188
8945
8988
8837
8477
8365
8215
7847
7777
7887
7728
7728
8065
8132
8033
8223
8321
8117
8054
8064
7809
7645
7780
7737
7638
7961
8205
8105
8331
8678
8564
8578
8848
8643
8364
8484
8399
8157
8392
8644
8471
8618
9041
8997
8931
9255
9299
9113
9341
9462
9162
9213
9476
9276
9190
9532
9522
9300
9537
9687
9495
9701
10058
9922
9859
10157
10001
9613
9732
9760
9438
9511
9714
9420
9345
9688
9561
9315
9562
9567
9209
9292
9454
9144
9148
9474
9179
8868
9117
8979
8520
8598
8634
8185
8100
8329
8079
7919
8299
8273
7934
8117
8121
7645
7633
7791
7374
7110
7344
7204
6850
7068
7239
6961
7142
7609
7446
7316
7748
7671
7233
7506
7678
7291
7474
7932
7735
7752
8323
8313
8096
8578
8719
8248
8450
8876
8593
8557
9099
9103
8931
9404
9599
9310
9559
9844
9438
9359
9765
9576
9291
9631
9744
9512
9760
10076
9977
10143
10546
10491
10414
10721
10737
10520
10741
10912
10701
10784
11091
11106
11174
11495
11571
11587
11951
12128
12028
12201
12384
12235
12230
12443
12307
12167
12544
12682
12413
12515
12730
12648
12698
12904
12769
12508
12544
12558
12463
12475
12459
12334
12281
12355
12302
12170
12223
12189
11939
11852
11787
11441
11156
11083
10924
10722
10659
10546
10314
10187
10084
9851
9670
9555
9281
9011
8902
8693
8448
8341
8153
7924
7854
7756
7507
7336
7276
7073
6832
6729
6529
6260
6183
6098
5824
5672
5675
5543
5412
5421
5345
5176
5133
5079
4896
4772
4720
4705
4745
4808
4956
5151
5281
5384
5467
5404
5253
5167
5059
4921
4914
4995
5033
5102
5292
5476
5641
5903
6122
6160
6188
6282
6295
6309
6429
6548
6680
6904
7144
7353
7610
7886
8086
8259
8425
8490
8530
8661
8754
8803
8977
9165
9360
9752
10157
10328
10533
10875
10956
10945
11113
11141
11108
11272
11437
11480
11626
11869
11946
12002
12187
12210
12074
12073
12071
11912
11878
11946
11847
11884
12148
12187
12104
12240
12281
12081
12102
12163
11936
11908
12093
11931
11732
11835
11655
11262
11227
11173
10806
10695
10819
10609
10419
10584
10545
10305
10386
10337
9928
9874
9866
9337
9073
9174
8869
8646
8901
8814
8445
8537
8577
8122
7902
7961
7710
7508
7624
7504
7302
7525
7638
7345
7302
7418
7098
6816
6910
6748
6454
6664
6826
6597
6746
7083
6913
6864
7252
7181
6823
6946
7030
6759
6813
7095
7005
7048
7490
7583
7487
7827
8068
7870
7972
8333
8211
8126
8553
8636
8504
8901
9149
8978
9149
9433
9284
9294
9620
9607
9518
9801
9923
9718
9901
10228
10076
10105
10441
10370
10264
10555
10607
10361
10510
10696
10499
10601
10890
10713
10564
10751
10675
10428
10508
10527
10310
10411
10598
10372
10313
10561
10434
10211
10298
10198
9884
9907
9954
9641
9575
9728
9476
9268
9391
9209
8893
8965
8880
8404
8250
8269
7889
7646
7789
7666
7365
7456
7476
7087
7010
7119
6780
6568
6780
6672
6382
6518
6605
6334
6331
6571
6463
6356
6532
6431
6168
6324
6488
6318
6345
6498
6375
6348
6515
6423
6307
6423
6335
6237
6528
6603
6417
6680
6949
6727
6730
7020
6872
6635
6850
6880
6589
6777
7084
6880
6904
7317
7325
7252
7596
7645
7402
7605
7813
7673
7831
8239
8256
8257
8652
8798
8689
8940
9196
9169
9370
9722
9776
9829
10146
10239
10115
10301
10478
10334
10397
10687
10685
10696
10994
11104
11064
11237
11315
11106
11045
11015
10718
10564
10637
10613
10589
10720
10802
10746
10781
10852
10707
10549
10505
10334
10119
10121
10184
10132
10209
10395
10419
10413
10470
10351
10127
10041
9946
9755
9741
9915
9961
9990
10175
10274
10219
10211
10157
9910
9733
9682
9527
9380
9449
9534
9484
9517
9643
9647
9547
9512
9407
9159
9000
8927
8754
8611
8700
8763
8723
8862
9001
8915
8856
8896
8738
8566
8679
8618
8387
8547
8728
8635
8783
9068
8955
8818
8968
8828
8529
8690
8824
8601
8692
9063
9068
9041
9367
9353
8986
9065
9110
8683
8589
8786
8568
8425
8783
8839
8571
8812
9011
8652
8591
8734
8376
8195
8565
8542
8259
8549
8734
8447
8537
8808
8522
8356
8664
8551
8317
8625
8719
8454
8631
8800
8407
8299
8538
8287
8009
8243
8227
7873
7963
8101
7791
7774
8008
7742
7488
7689
7630
7288
7423
7611
7355
7384
7686
7508
7299
7557
7503
7132
7291
7462
7187
7280
7629
7545
7510
7847
7799
7406
7589
7752
7314
7375
7783
7601
7658
8257
8303
8117
8515
8668
8253
8331
8610
8258
8155
8508
8343
8159
8641
8834
8569
8866
9190
8806
8735
9158
8980
8708
9098
9181
8844
9098
9459
9233
9269
9697
9589
9402
9774
9843
9545
9786
10108
9968
10093
10480
10389
10281
10593
10550
10213
10441
10678
10450
10586
10940
10836
10811
11163
11117
10791
10974
11066
10700
10719
10915
10674
10618
10937
10895
10728
10981
10973
10605
10683
10804
10516
10499
10720
10491
10269
10500
10501
10260
10429
10560
10237
10223
10451
10193
9978
10177
10069
9743
9868
9971
9736
9835
10081
9896
9871
10191
10104
9863
9989
9953
9617
9614
9771
9587
9517
9762
9756
9691
9928
9957
9718
9711
9768
9540
9410
9491
9314
9163
9331
9296
9124
9308
9403
9131
9116
9268
9034
8846
8992
8876
8560
8630
8731
8510
8510
8680
8544
8475
8699
8723
8599
8743
8752
8494
8505
8603
8407
8371
8633
8599
8474
8688
8787
8649
8742
8901
8772
8716
8832
8686
8523
8673
8691
8554
8698
8938
8949
8952
9124
9178
9127
9196
9165
9017
9043
9075
8994
9033
9174
9249
9288
9388
9409
9333
9345
9431
9448
9431
9515
9540
9484
9579
9694
9646
9622
9711
9741
9742
9805
9815
9783
9857
9989
10047
10079
10136
10102
10000
9994
9985
9854
9831
9869
9746
9749
9922
9922
9845
9922
9956
9856
9906
9978
9790
9657
9797
9827
9763
9900
9873
9646
9661
9784
9694
9539
9586
9576
9379
9405
9529
9424
9312
9282
9187
9106
9148
9081
8959
9083
9143
9048
9201
9401
9273
9186
9347
9276
8988
9006
9055
8758
8661
8829
8738
8693
8982
9071
8997
9171
9163
8892
8909
8955
8603
8425
8618
8492
8280
8526
8599
8328
8413
8593
8379
8286
8513
8439
8241
8425
8501
8318
8409
8543
8289
8233
8482
8320
8170
8530
8686
8499
8662
8903
8690
8565
8691
8441
8083
8180
8147
7830
8048
8435
8277
8337
8772
8610
8319
8560
8437
7973
8095
8227
7834
7831
8269
8226
8158
8612
8655
8279
8406
8454
7948
7879
8138
7852
7751
8159
8076
7800
8107
8256
7959
8058
8264
7919
7781
8044
7809
7490
7790
7920
7654
7836
8082
7769
7713
8057
7914
7675
7985
8032
7674
7820
8041
7761
7757
8087
7960
7790
8117
8201
7897
8010
8193
7900
7867
8128
7947
7723
7849
7814
7617
7748
7949
7796
7763
7940
7764
7634
7848
7812
7679
7910
8058
7916
8088
8423
8319
8246
8491
8430
8205
8388
8549
8413
8608
8984
8921
8970
9406
9463
9347
9621
9729
9508
9575
9747
9520
9398
9664
9674
9546
9738
9801
9611
9700
9874
9759
9802
10056
10021
9914
10047
10080
9999
10063
10091
9983
9981
10043
9973
10017
10171
10121
10075
10233
10317
10281
10422
10595
10578
10642
10774
10674
10540
10526
10389
10203
10212
10278
10201
10211
10335
10272
10244
10347
10283
10164
10178
10166
10095
10141
10220
10181
10125
10113
10065
9992
9966
9905
9789
9805
9867
9837
9920
10093
10191
10262
10310
10274
10219
10184
10087
9963
9892
9837
9758
9753
9881
9959
9985
10101
10137
10076
10098
10073
9932
9861
9817
9659
9506
9388
9248
9125
9063
9054
9039
9097
9242
9333
9376
9451
9413
9209
8992
8734
8460
8217
8033
7935
7874
7879
7965
8124
8239
8282
8352
8338
8207
8071
7958
7875
7814
7757
7678
7658
7733
7700
7648
7732
7798
7761
7717
7782
7776
7707
7760
7736
7631
7612
7632
7613
7656
7872
8030
8074
8177
8211
8134
8073
8021
7903
7846
7877
7844
7906
8029
8042
8071
8204
8268
8201
8310
8458
8401
8516
8779
8827
8861
9085
9183
9119
9198
9239
9162
9241
9376
9397
9502
9761
9791
9746
9977
10046
9900
10036
10218
10069
10061
10301
10228
10099
10310
10389
10196
10202
10253
10016
9945
10164
10133
10076
10352
10447
10299
10428
10517
10231
10176
10304
10006
9751
9908
9806
9519
9685
9813
9578
9643
9861
9635
9465
9635
9520
9244
9393
9444
9053
9029
9216
8915
8712
8950
8928
8607
8782
9100
8609
8306
8921
8986
8570
8936
9156
8516
8328
8581
8123
7807
8175
8058
7691
8012
8282
8081
8351
8765
8414
8226
8572
8327
7924
8193
8192
7819
8050
8349
8143
8246
8590
8376
8201
8456
8318
8009
8215
8298
7953
8013
8301
8088
8074
8398
8196
7970
8228
8205
7863
7944
8088
7854
7890
8227
8217
8231
8644
8768
8623
8838
8902
8508
8475
8687
8521
8510
8880
8998
9013
9386
9626
9559
9768
9963
9722
9616
9779
9734
9710
10005
10169
10085
10272
10504
10362
10363
10543
10377
10270
10545
10582
10362
10508
10686
10535
10615
10833
10717
10634
10786
10770
10644
10784
10880
10754
10815
10895
10684
10570
10654
10491
10282
10360
10370
10174
10170
10298
10133
9944
9913
9672
9443
9496
9415
9243
9402
9564
9535
9640
9686
9449
9296
9206
8868
8513
8298
8189
8251
8298
8232
8359
8538
8326
8072
8100
7988
7705
7636
7611
7364
7257
7468
7509
7424
7570
7655
7475
7330
7266
7006
6816
6917
6939
6872
6948
6999
6909
6925
7028
6952
6870
7022
7092
7003
7028
7087
7050
7033
7146
7170
7111
7207
7254
7175
7207
7294
7289
7347
7475
7504
7533
7640
7701
7687
7700
7740
7741
7753
7796
7834
7903
7999
8145
8330
8480
8601
8688
8764
8774
8725
8757
8791
8780
8804
8874
8992
9118
9265
9443
9557
9641
9705
9708
9700
9715
9814
9952
9962
9957
10077
10127
10109
10205
10326
10317
10296
10374
10430
10454
10525
10563
10498
10445
10394
10316
10335
10349
10252
10221
10315
10263
10125
10154
10157
10067
10080
10121
10039
9990
10064
9996
9810
9806
9722
9445
9373
9390
9226
9128
9159
9060
8997
9156
9174
8989
9007
9080
8929
8902
9091
8728
8055
8303
8556
7794
7573
8200
7933
7318
7727
7860
7330
7652
8043
7295
6931
7390
7031
6501
6990
7127
6599
6836
7238
6864
6803
7217
7015
6747
7176
7244
6835
7109
7481
7170
7169
7613
7503
7337
7679
7672
7380
7624
7865
7693
7892
8309
8187
8171
8649
8734
8555
8872
9060
8740
8891
9311
9173
9146
9478
9451
9284
9502
9569
9349
9594
9891
9727
9838
10199
10109
10024
10296
10269
10056
10239
10361
10187
10337
10634
10522
10486
10759
10661
10417
10558
10511
10223
10363
10603
10471
10568
10924
10827
10705
10981
10965
10713
10859
10929
10605
10611
10840
10633
10503
10785
10780
10554
10795
11002
10746
10842
11103
10790
10562
10734
10534
10180
10340
10374
10021
10073
10277
10036
9975
10283
10217
9999
10188
10231
9901
9889
10011
9729
9597
9752
9492
9160
9315
9281
8973
9101
9310
9132
8975
9003
9052
9076
8989
8871
8842
8705
8379
8232
8354
8343
8256
8358
8356
8220
8327
8425
8148
7985
8117
7900
7637
7842
7812
7472
7554
7742
7500
7383
7611
7522
7297
7547
7692
7401
7468
7733
7494
7349
7679
7694
7458
7675
7787
7511
7645
7911
7717
7632
7908
7952
7814
8053
8242
8094
8235
8536
8434
8367
8695
8746
8598
8856
9013
8822
8932
9254
9182
9135
9466
9511
9324
9476
9576
9313
9240
9360
9207
9160
9483
9576
9480
9696
9861
9747
9837
10021
9866
9774
9911
9828
9672
9802
9912
9806
9900
10054
9918
9857
9961
9849
9669
9746
9763
9577
9573
9660
9559
9531
9642
9623
9554
9615
9669
9554
9466
9478
9368
9229
9198
9137
9050
9102
9232
9247
9271
9438
9503
9425
9452
9522
9417
9327
9398
9354
9214
9226
9266
9184
9217
9455
9512
9352
9378
9499
9481
9519
9619
9629
9583
9515
9343
9151
9117
9080
9019
9051
9072
9104
9185
9203
9128
9062
9038
8906
8738
8752
8721
8500
8434
8563
8483
8299
8328
8261
8043
7968
7897
7765
7785
7888
7811
7781
7994
7975
7783
7830
7790
7524
7463
7538
7365
7276
7413
7242
6969
7069
7110
6893
6915
7023
6811
6697
6875
6763
6487
6599
6603
6293
6374
6645
6472
6413
6716
6578
6302
6516
6590
6320
6399
6640
6463
6507
6930
6878
6727
7032
7121
6836
6904
7099
6825
6810
7275
7326
7319
7853
8114
7903
8092
8361
8091
8035
8363
8284
8174
8591
8783
8657
8933
9174
8984
9039
9360
9225
9030
9373
9470
9192
9427
9724
9550
9617
9914
9798
9694
10022
10064
9855
10099
10270
10087
10263
10605
10518
10492
10790
10746
10467
10594
10664
10373
10427
10656
10504
10504
10837
10830
10733
11024
10985
10622
10835
11049
10544
10320
10691
10575
10239
10501
10529
10033
10070
10266
9826
9621
9923
9748
9432
9718
9756
9313
9354
9510
9085
8870
9050
8814
8566
8816
8860
8635
8722
8678
8219
8067
8128
7803
7594
7819
7807
7626
7838
7968
7773
7802
7813
7424
7179
7259
7075
6840
7005
7052
6927
7107
7288
7125
7103
7266
7004
6716
6814
6728
6500
6643
6851
6752
6802
7022
6890
6827
7084
6988
6704
6777
6769
6541
6712
7112
7156
7219
7611
7713
7587
7808
7919
7700
7757
7985
7882
7830
8099
8150
8134
8521
8840
8849
9073
9366
9275
9231
9475
9511
9404
9563
9645
9540
9735
10030
10041
10140
10457
10547
10579
10891
11078
11062
11234
11381
11295
11324
11490
11480
11462
11649
11758
11767
11938
12151
12180
12226
12402
12462
12524
12682
12672
12596
12672
12705
12621
12647
12729
12701
12703
12846
12896
12863
12968
13025
12942
12925
12911
12771
12656
12618
12572
12548
12503
12352
12269
12390
12488
12422
12354
12281
12088
11968
11899
11654
11465
11477
11406
11231
11206
11208
11058
10967
10876
10608
10447
10405
10196
9926
9812
9771
9654
9619
9711
9685
9599
9641
9601
9386
9255
9130
8870
8709
8704
8639
8548
8586
8653
8613
8536
8514
8432
8310
8225
8098
7997
8012
8051
8074
8155
8251
8229
8094
7980
7778
7423
7204
7134
7002
6921
7044
7188
7250
7379
7515
7447
7340
7299
7134
6975
6945
6946
6944
7073
7360
7515
7635
7842
7843
7745
7789
7755
7578
7570
7680
7629
7631
7851
7957
7981
8230
8421
8311
8358
8565
8440
8313
8470
8430
8265
8428
8581
8463
8530
8772
8789
8864
9159
9201
9064
9165
9192
8952
8979
9139
8987
8970
9254
9354
9347
9628
9820
9711
9870
10138
9992
9923
10187
10142
9923
10081
10212
10079
10203
10473
10398
10411
10757
10793
10686
10983
11102
10874
10997
11250
11108
11094
11379
11283
11080
11310
11355
11095
11285
11496
11186
11209
11568
11374
11151
11415
11367
11049
11242
11451
11147
11163
11490
11225
11007
11283
11167
10800
10922
10948
10517
10540
10809
10515
10378
10669
10462
10119
10350
10316
9766
9692
9767
9233
8938
9174
8975
8698
9065
9135
8754
8931
9110
8633
8373
8488
7995
7349
7378
7180
6657
6807
7158
6977
7047
7519
7146
6892
7510
6752
5828
6759
6700
5418
5753
6509
5953
5883
6712
6474
5828
6437
6637
5698
5890
6468
5716
5532
6284
5927
5336
5948
6099
5366
5656
6222
5625
5460
6166
6020
5617
6204
6378
5744
6004
6496
5965
5843
6492
6320
5873
6349
6578
6119
6391
6921
6540
6466
7085
7025
6807
7357
7541
7186
7541
7994
7692
7756
8326
8203
7983
8515
8734
8449
8770
9184
8957
9059
9576
9543
9458
9882
9928
9600
9845
10202
10103
10323
10814
10722
10690
11171
11195
10917
11173
11338
10973
11014
11417
11289
11293
11875
11981
11738
11963
11990
11496
11433
11646
11312
11102
11420
11412
11231
11516
11685
11456
11460
11553
11281
11108
11222
11041
10811
10978
11023
10919
11098
11266
11120
10987
10956
10739
10524
10499
10371
10183
10197
10229
10133
10107
10197
10157
10113
10261
10240
10103
10145
10119
10004
9984
9921
9747
9615
9557
9450
9330
9270
9154
8981
8843
8736
8650
8666
8720
8668
8577
8461
8305
8120
7915
7746
7565
7429
7359
7288
7255
7253
7214
7142
7093
7093
7114
7100
7047
7002
6917
6848
6853
6789
6732
6780
6788
6765
6817
6897
6922
6883
6860
6929
6967
6979
7112
7180
7129
7155
7162
7102
7140
7173
7153
7271
7488
7621
7708
7801
7787
7760
7869
7922
7801
7784
7901
7946
8054
8229
8250
8214
8342
8454
8454
8579
8739
8720
8690
8767
8796
8838
8899
8942
9060
9146
9165
9179
9183
9128
9034
9015
9013
8948
8896
8935
9019
9086
9210
9374
9458
9517
9580
9561
9497
9543
9537
9365
9348
9438
9386
9382
9485
9416
9358
9557
9552
9346
9469
9634
9514
9554
9753
9663
9547
9700
9717
9559
9666
9773
9559
9532
9747
9703
9617
9782
9715
9392
9422
9528
9375
9426
9536
9379
9399
9695
9742
9630
9762
9798
9588
9558
9587
9324
9172
9329
9281
9183
9365
9459
9389
9500
9704
9718
9614
9469
9232
9005
8912
8843
8785
8974
9245
9386
9542
9678
9658
9568
9496
9319
9105
9036
8951
8857
8965
9138
9193
9224
9295
9253
9150
9231
9302
9222
9320
9486
9434
9431
9525
9371
9174
9188
9028
8694
8630
8631
8467
8512
8690
8637
8654
8879
8856
8617
8611
8557
8190
8069
8076
7681
7442
7599
7481
7283
7547
7746
7600
7767
8010
7687
7428
7558
7356
6971
7039
7029
6704
6855
7205
7042
7020
7387
7289
6976
7165
7211
6846
6931
7225
6984
6871
7193
7104
6886
7211
7324
6998
7081
7268
6950
6859
7180
7105
7026
7490
7669
7491
7757
7990
7634
7470
7647
7398
7197
7616
7836
7819
8300
8700
8535
8608
8872
8567
8277
8459
8383
8218
8642
9057
9076
9422
9926
9825
9741
10085
9999
9652
9832
9986
9755
9976
10546
10604
10697
11281
11394
11097
11316
11504
11168
11137
11474
11339
11132
11549
11763
11495
11703
12072
11890
11872
12211
12101
11906
12143
12059
11763
11991
12069
11829
12115
12412
12043
11943
12438
12317
11766
11873
11858
11311
11334
11732
11605
11553
11978
11926
11547
11636
11490
10912
10757
10701
10273
10143
10457
10453
10294
10555
10557
10061
9938
9962
9438
9044
9183
9049
8744
8906
9021
8754
8677
8711
8396
8054
7907
7621
7313
7287
7287
7265
7406
7473
7330
7325
7404
7120
6884
6984
6806
6443
6448
6491
6304
6275
6463
6535
6528
6659
6654
6493
6508
6503
6365
6386
6529
6566
6618
6779
6867
6971
7191
7293
7272
7263
7237
7170
7141
7244
7346
7402
7598
7900
8158
8361
8500
8507
8402
8282
8169
8061
8057
8172
8269
8374
8597
8786
8896
9123
9374
9466
9500
9563
9521
9413
9452
9558
9611
9769
10007
10021
9915
9954
10025
10065
10176
10296
10291
10288
10420
10520
10569
10685
10678
10580
10613
10559
10427
10510
10627
10539
10500
10616
10590
10481
10545
10549
10356
10289
10252
9981
9744
9676
9524
9385
9459
9498
9455
9568
9669
9493
9319
9289
8998
8649
8719
8782
8696
8869
8974
8687
8527
8667
8575
8383
8415
8219
7819
7762
7842
7772
7948
8237
8202
8252
8510
8440
8166
8161
8119
7793
7681
7769
7612
7644
8063
8134
7978
8172
8294
8088
8137
8297
8012
7817
7980
7916
7848
8142
8234
8037
8154
8344
8117
8107
8459
8422
8364
8650
8676
8441
8529
8646
8321
8250
8530
8392
8316
8706
8753
8583
8888
9065
8776
8823
8989
8592
8317
8449
8192
7844
8158
8421
8271
8502
8816
8563
8513
8926
8749
8328
8559
8563
8085
8162
8475
8274
8297
8803
8825
8661
9085
9223
8793
8845
9036
8653
8587
9032
8986
8862
9348
9536
9328
9673
9972
9662
9640
9885
9593
9297
9607
9651
9388
9677
9916
9681
9795
10119
9894
9732
10065
9979
9613
9820
9931
9537
9559
9908
9745
9639
9995
9894
9664
10060
10225
9877
9893
10053
9624
9348
9634
9525
9188
9480
9817
9662
9809
10141
9895
9854
10324
10211
9791
9951
10027
9678
9752
10068
9928
9910
10281
10254
9980
10101
10092
9737
9749
9849
9506
9342
9495
9337
9244
9577
9604
9316
9401
9486
9176
9127
9254
8923
8639
8699
8511
8295
8516
8575
8258
8263
8419
8152
8012
8152
7943
7729
7882
7838
7608
7725
7804
7499
7440
7601
7341
7117
7283
7189
6969
7235
7489
7320
7415
7708
7487
7245
7341
7158
6793
6810
6816
6565
6723
7091
7048
7109
7459
7384
7076
7155
7152
6786
6739
6935
6830
6830
7150
7226
7172
7423
7485
7226
7271
7414
7206
7109
7272
7161
7051
7357
7530
7463
7734
8080
8020
7988
8213
8195
8091
8306
8371
8235
8370
8543
8462
8513
8722
8694
8724
8996
9119
9148
9397
9612
9572
9631
9810
9771
9663
9716
9698
9703
9965
10193
10225
10332
10544
10546
10520
10660
10694
10655
10742
10869
10900
10972
11165
11223
11139
11191
11259
11183
11190
11308
11326
11408
11700
11888
11907
12031
12187
12111
12023
12039
11899
11755
11768
11706
11577
11670
11880
11901
11896
12028
12008
11838
11853
11895
11710
11608
11655
11492
11313
11346
11266
11042
11015
11008
10784
10722
10811
10662
10461
10453
10367
10107
10010
9993
9769
9581
9557
9389
9197
9240
9209
9003
8956
8970
8780
8643
8677
8549
8390
8472
8404
8157
8134
8093
7806
7660
7691
7487
7307
7461
7448
7198
7262
7420
7221
7152
7325
7183
7001
7140
7076
6774
6814
6935
6772
6812
7091
7072
7043
7304
7335
7172
7331
7451
7224
7224
7398
7227
7163
7470
7509
7414
7717
7956
7868
7993
8260
8150
8077
8289
8249
8152
8429
8620
8614
8967
9372
9412
9565
9906
9921
9830
10058
10096
9873
10036
10267
10165
10323
10717
10719
10723
11077
11131
10912
11108
11317
11096
11174
11540
11415
11328
11693
11676
11413
11628
11766
11452
11457
11696
11487
11328
11566
11532
11290
11397
11327
10901
10941
11165
10845
10678
10891
10613
10277
10483
10462
10108
10186
10289
9852
9685
9927
9672
9320
9523
9469
9029
9119
9328
9061
9066
9408
9186
8842
9051
8956
8534
8670
8766
8401
8425
8745
8595
8520
8901
8848
8537
8739
8821
8447
8426
8596
8291
8169
8548
8563
8405
8797
9018
8795
8996
9265
8941
8782
9032
8852
8573
8855
8939
8642
8800
9017
8752
8745
9048
8947
8844
9193
9251
9025
9303
9510
9163
9142
9384
9097
8878
9155
9152
8943
9233
9459
9259
9453
9787
9596
9544
9834
9670
9350
9545
9584
9220
9269
9480
9246
9230
9593
9548
9416
9740
9787
9477
9605
9731
9318
9148
9329
9071
8827
9093
9103
8870
9112
9300
8968
8895
9047
8694
8378
8511
8347
8002
8161
8319
8114
8213
8459
8250
8162
8350
8103
7762
7867
7823
7476
7557
7825
7654
7597
7916
7884
7696
7933
8020
7767
7860
8072
7900
7867
8132
8064
7900
8142
8200
7997
8167
8322
8119
8131
8371
8274
8100
8319
8394
8168
8302
8550
8450
8504
8761
8748
8719
8827
8704
8506
8597
8655
8490
8584
8910
8965
9049
9323
9255
9065
9135
9172
9109
9232
9414
9341
9302
9432
9365
9264
9400
9428
9202
9115
9160
9065
9061
9251
9288
9202
9305
9388
9294
9291
9350
9279
9150
9154
9169
9058
9057
9162
9179
9210
9328
9312
9166
9075
8948
8808
8731
8694
8715
8764
8869
8981
9010
8985
8947
8834
8620
8458
8373
8247
8151
8150
8130
8151
8281
8347
8364
8487
8618
8616
8617
8669
8589
8438
8413
8398
8330
8414
8514
8499
8590
8715
8663
8567
8568
8511
8444
8549
8640
8652
8743
8791
8727
8751
8860
8834
8772
8832
8836
8771
8813
8837
8722
8738
8853
8777
8766
8937
8932
8844
8966
8998
8788
8776
8895
8794
8818
9059
9018
8832
8907
8918
8698
8677
8771
8619
8570
8855
8932
8802
8966
9063
8805
8719
8790
8584
8478
8691
8666
8481
8647
8748
8526
8659
8917
8690
8563
8750
8623
8401
8608
8670
8396
8519
8732
8497
8483
8796
8651
8385
8604
8601
8261
8454
8740
8534
8587
8931
8729
8436
8675
8616
8269
8506
8688
8381
8485
8866
8707
8571
8921
8901
8542
8713
8796
8274
8212
8588
8470
8508
9027
8995
8619
8726
8752
8426
8586
8924
8711
8688
9107
9124
8963
9221
9264
8859
8823
8989
8718
8673
9138
9244
9212
9609
9744
9486
9550
9594
9145
8944
9118
8903
8779
9226
9358
9213
9529
9672
9252
9223
9500
9160
8805
8954
8787
8465
8718
8880
8612
8725
8945
8599
8408
8698
8600
8361
8706
8848
8572
8830
9255
9052
8976
9324
9021
8465
8612
8502
7929
8057
8388
8116
8211
8799
8806
8752
9202
9228
8869
9010
9034
8442
8340
8610
8226
7976
8382
8362
8082
8511
8862
8593
8743
9152
8868
8631
8887
8705
8296
8443
8488
8102
8212
8583
8453
8521
9088
9200
9032
9332
9391
8972
8944
8991
8588
8482
8777
8708
8638
9049
9231
9115
9341
9516
9237
9154
9408
9271
9064
9346
9423
9211
9402
9661
9512
9486
9596
9258
8907
8996
8999
8888
9193
9434
9176
9177
9522
9448
9316
9685
9744
9298
9262
9334
9002
9031
9446
9369
9171
9490
9560
9208
9284
9494
9303
9253
9487
9364
9178
9464
9619
9525
9739
9972
9855
9902
10131
9996
9872
10061
10038
9880
10016
10100
9919
9926
10110
10080
10067
10280
10329
10186
10220
10257
10105
10125
10317
10287
10187
10305
10283
10100
10125
10078
9867
9804
9855
9795
9759
9936
10040
10010
10042
9964
9693
9469
9316
9123
8988
8959
8920
8913
9016
9065
9035
9076
9119
9043
8944
8874
8814
8741
8685
8711
8723
8715
8685
8580
8497
8461
8334
8182
8157
8135
8128
8223
8405
8584
8667
8701
8597
8364
8194
8039
7840
7736
7726
7695
7725
7915
8117
8230
8343
8351
8156
7930
7745
7534
7375
7390
7505
7580
7766
8122
8316
8410
8583
8552
8330
8267
8265
8133
8111
8288
8380
8454
8782
8991
8964
9150
9332
9203
9143
9301
9258
9124
9280
9366
9286
9493
9799
9820
9854
10104
10105
9926
10076
10115
9865
9884
10061
10011
10014
10284
10333
10221
10320
10292
10083
10068
10091
9908
9835
9930
9900
9907
10075
10089
9970
9990
9959
9727
9666
9746
9581
9490
9709
9799
9733
9868
9929
9667
9548
9553
9237
8932
8962
8924
8858
9185
9541
9573
9734
9906
9594
9311
9340
9116
8724
8758
8854
8662
8784
9072
8991
9030
9331
9214
8893
8875
8675
8209
8147
8230
7953
7932
8257
8284
8295
8631
8677
8424
8515
8485
8013
7843
7919
7633
7515
7895
7991
7954
8343
8536
8322
8385
8523
8221
8124
8479
8468
8354
8759
8983
8818
8999
9228
8889
8766
9008
8658
8319
8645
8712
8562
9049
9468
9234
9312
9671
9388
9113
9390
9221
8746
8975
9200
8838
8951
9472
9352
9263
9726
9712
9381
9670
9840
9433
9494
9858
9580
9415
9787
9651
9311
9592
9677
9305
9429
9713
9453
9430
9825
9747
9569
9866
9821
9385
9446
9524
9008
8807
9049
8764
8468
8798
8878
8630
8856
9036
8601
8468
8723
8395
8056
8343
8257
7779
7915
8108
7711
7644
7922
7610
7312
7582
7531
7194
7418
7568
7189
7216
7484
7152
6846
7021
6810
6368
6478
6502
6140
6183
6467
6398
6494
6903
6910
6783
6980
6943
6612
6697
6960
6717
6627
6954
6776
6544
6987
7221
6941
7204
7698
7511
7592
8027
7738
7508
7878
7817
7504
7750
7969
7814
8079
8587
8523
8505
8893
8807
8539
8906
9114
8723
8783
9179
8971
8839
9232
9192
8934
9217
9380
9143
9260
9506
9271
9218
9580
9612
9557
9896
10009
9759
9859
10019
9711
9589
9809
9667
9450
9693
9868
9740
9940
10276
10234
10295
10498
10304
10015
9994
9784
9429
9443
9545
9518
9715
10115
10286
10369
10585
10520
10258
10162
9937
9475
9221
9200
9105
9140
9427
9630
9763
9993
10078
9903
9756
9591
9250
9017
8899
8640
8449
8571
8695
8691
8899
9092
8999
8980
9003
8746
8503
8482
8371
8204
8282
8416
8426
8553
8736
8758
8741
8748
8594
8333
8284
8292
8207
8310
8524
8622
8748
8975
9006
8869
8816
8691
8469
8382
8412
8422
8552
8875
9113
9271
9504
9605
9537
9466
9325
9067
8910
8900
8844
8843
9069
9341
9539
9794
10002
9991
9902
9833
9695
9472
9356
9312
9213
9189
9284
9377
9481
9645
9724
9781
9922
9997
9957
9882
9840
9762
9702
9763
9789
9750
9783
9850
9892
9973
10092
10187
10154
10031
9922
9749
9631
9667
9697
9727
9859
10041
10109
10105
10096
9958
9776
9609
9322
9038
8915
8828
8835
9131
9493
9647
9693
9736
9639
9421
9342
9263
8982
8807
8762
8503
8311
8449
8519
8493
8683
8910
8979
9080
9208
9094
8881
8842
8702
8353
8210
8165
7950
7946
8204
8307
8365
8583
8595
8421
8485
8544
8388
8339
8413
8312
8193
8278
8247
8109
8148
8101
7918
8036
8296
8304
8461
8804
8747
8624
8799
8738
8362
8218
8192
7925
7855
8078
8092
8145
8437
8414
8245
8497
8667
8444
8519
8723
8397
8229
8490
8300
8011
8266
8337
8019
8232
8756
8657
8623
9093
9001
8620
8843
8877
8396
8401
8668
8415
8415
8938
8995
8831
9235
9536
9261
9384
9757
9443
9308
9742
9696
9513
10005
10280
9946
10118
10443
10013
9796
10177
10091
9816
10218
10457
10212
10510
10955
10761
10727
11104
10893
10454
10616
10549
10059
10108
10300
9999
10003
10432
10388
10286
10669
10734
10469
10629
10749
10374
10295
10494
10203
9999
10268
10233
10012
10260
10409
10138
10190
10342
10039
9890
10048
9847
9645
9916
9945
9682
9847
9995
9692
9677
9839
9527
9335
9579
9494
9204
9432
9552
9163
9163
9385
9019
8742
8985
8833
8483
8755
8925
8679
8967
9496
9362
9246
9553
9257
8688
8824
8772
8208
8271
8630
8342
8278
8854
8894
8592
8902
9048
8657
8795
9166
8848
8653
8993
8808
8338
8554
8682
8295
8412
8810
8656
8621
9081
9121
8851
9080
9180
8799
8827
9033
8775
8678
9020
9077
8960
9281
9450
9234
9365
9530
9221
9060
9212
9045
8895
9265
9460
9369
9601
9793
9562
9452
9596
9401
9168
9377
9427
9295
9550
9758
9570
9621
9858
9684
9515
9663
9616
9476
9719
9919
9760
9788
9954
9750
9605
9703
9542
9386
9568
9672
9640
9870
10105
10017
10038
10211
10078
9936
10052
9918
9584
9544
9513
9227
9200
9389
9285
9282
9595
9655
9575
9819
9889
9583
9496
9471
9099
8844
8926
8827
8684
8925
9052
8866
8976
9212
9063
8951
9086
8928
8625
8714
8751
8511
8521
8590
8338
8145
8213
8135
7978
8126
8271
8185
8267
8425
8277
8131
8174
8075
7849
7789
7771
7642
7625
7707
7686
7674
7778
7794
7716
7798
7919
7910
7981
8134
8067
7898
7908
7834
7600
7544
7582
7514
7526
7762
7895
7907
8072
8141
8035
8008
8057
7978
7900
8002
8003
7933
7999
8063
8062
8109
8222
8172
8017
8079
8171
8099
8160
8339
8381
8434
8651
8793
8772
8818
8870
8764
8666
8588
8454
8482
8640
8720
8840
9140
9334
9347
9477
9570
9419
9282
9263
9083
8909
9045
9189
9215
9385
9619
9666
9734
9882
9801
9614
9571
9462
9275
9323
9435
9453
9660
9953
9978
9962
10107
9985
9643
9581
9516
9224
9218
9420
9417
9505
9862
10025
9938
10027
10041
9695
9400
9269
8965
8743
8947
9084
9077
9432
9860
9908
9978
10136
9828
9399
9281
8950
8473
8426
8512
8445
8651
9089
9187
9169
9365
9240
8851
8784
8659
8181
8006
8151
8036
8004
8403
8569
8447
8624
8682
8268
8068
8162
7871
7598
7824
7860
7737
8074
8370
8248
8327
8528
8263
7987
8080
7871
7492
7693
7919
7848
8218
8714
8617
8580
8855
8680
8332
8446
8411
8072
8247
8528
8351
8488
8975
8965
8862
9161
9107
8764
8889
8988
8649
8663
9033
8962
8888
9299
9414
9204
9417
9595
9336
9338
9588
9445
9362
9690
9696
9502
9760
9919
9663
9714
9880
9590
9424
9600
9453
9205
9403
9503
9301
9393
9573
9353
9256
9443
9258
8997
9091
8991
8632
8622
8686
8345
8160
8334
8190
7956
8243
8354
8104
8273
8468
8125
7916
7995
7663
7303
7432
7401
7160
7371
7651
7539
7656
7981
7781
7511
7609
7404
6983
7024
7137
6904
7000
7440
7507
7577
8010
8106
7840
7922
7924
7507
7424
7542
7324
7264
7628
7829
7907
8373
8719
8569
8695
8923
8540
8245
8374
8192
7899
8237
8609
8553
8901
9463
9416
9365
9649
9448
9035
9137
9086
8651
8714
9027
8914
8989
9472
9553
9477
9854
9927
9552
9593
9743
9396
9229
9480
9310
9085
9377
9418
9186
9456
9749
9541
9589
9858
9603
9387
9631
9531
9220
9448
9640
9383
9527
9976
9886
9844
10185
10116
9845
9986
9982
9626
9669
9836
9556
9522
9932
9965
9849
10199
10349
10055
10127
10277
9878
9616
9764
9593
9330
9561
9668
9483
9681
9887
9651
9597
9751
9545
9352
9517
9449
9131
9247
9444
9251
9313
9625
9532
9405
9623
9623
9408
9521
9607
9379
9399
9592
9462
9456
9749
9717
9572
9839
9946
9677
9812
10096
9889
9833
10118
10018
9820
10038
10089
9776
9768
9907
9632
9502
9732
9619
9436
9693
9789
9521
9520
9615
9374
9310
9497
9303
9076
9281
9288
9052
9133
9198
8969
8943
9095
8958
8811
8878
8735
8525
8655
8717
8518
8545
8700
8606
8606
8814
8771
8593
8676
8734
8520
8461
8590
8489
8414
8615
8654
8539
8633
8661
8497
8516
8600
8510
8472
8571
8556
8484
8612
8712
8635
8710
8862
8801
8768
8938
9002
8941
9014
9096
9021
8969
9011
8965
8920
8949
8907
8896
9036
9203
9222
9250
9330
9198
9021
9012
8976
8886
8949
9071
9060
9085
9196
9141
8990
8960
8892
8665
8568
8654
8632
8623
8768
8804
8675
8670
8789
8751
8730
8857
8898
8946
9105
9125
9006
9049
9145
9064
9046
9108
9028
8980
9060
9105
9122
9230
9340
9304
9274
9304
9257
9210
9233
9215
9168
9250
9316
9238
9281
9412
9407
9424
9588
9674
9635
9751
9867
9732
9625
9636
9507
9357
9429
9483
9477
9686
9884
9800
9750
9797
9534
9236
9250
9154
8943
9061
9268
9259
9421
9699
9564
9355
9469
9377
9022
9028
9144
8882
8767
8982
8936
8946
9329
9392
9223
9387
9486
9238
9173
9289
9020
8790
8968
8958
8825
9046
9207
9014
9090
9390
9258
9115
9265
9093
8797
8930
9000
8764
8820
8984
8774
8785
9096
8966
8736
8942
8982
8651
8715
8933
8704
8673
8931
8780
8611
8937
9061
8824
9000
9178
8880
8922
9258
9102
8959
9293
9308
8989
9194
9438
9178
9221
9558
9327
9078
9381
9342
8964
9143
9349
9072
9175
9599
9449
9310
9669
9571
9177
9411
9493
8973
8931
9208
8902
8789
9295
9312
9034
9376
9553
9132
9157
9423
9026
8777
9144
9055
8731
9042
9135
8710
8862
9237
8948
8827
9188
8990
8628
8972
9055
8630
8868
9255
8961
8958
9369
9145
8819
9188
9276
8875
9093
9400
9089
9150
9608
9452
9197
9540
9534
9113
9369
9669
9315
9320
9681
9404
9202
9671
9718
9402
9678
9862
9452
9515
9894
9618
9474
9876
9792
9505
9902
10126
9786
9949
10251
9821
9633
10040
9932
9613
9955
10162
9824
9994
10423
10170
10079
10461
10216
9778
9952
9947
9625
9775
10009
9728
9690
10066
9943
9712
9947
9844
9410
9484
9577
9180
9072
9339
9120
8808
9044
9029
8697
8803
8903
8590
8584
8850
8649
8488
8712
8561
8180
8216
8174
7805
7827
7987
7699
7611
7894
7831
7645
7834
7872
7575
7579
7622
7278
7206
7484
7396
7270
7544
7572
7345
7460
7545
7297
7347
7588
7389
7236
7478
7451
7251
7495
7659
7441
7512
7750
7553
7404
7655
7604
7371
7575
7702
7529
7712
8058
8021
8041
8386
8432
8243
8416
8504
8255
8305
8521
8395
8392
8786
8944
8966
9305
9472
9283
9316
9467
9272
9221
9496
9493
9530
9910
10036
10007
10245
10349
10198
10296
10437
10176
10048
10250
10180
10044
10323
10536
10442
10581
10790
10667
10605
10707
10572
10380
10460
10515
10382
10429
10637
10625
10575
10682
10638
10441
10428
10443
10245
10164
10186
10060
10005
10096
10076
9971
10014
10003
9803
9716
9696
9519
9406
9456
9377
9259
9320
9320
9179
9144
9182
9015
8809
8826
8764
8559
8502
8496
8348
8273
8358
8299
8195
8253
8276
8192
8161
8157
8047
7927
7910
7898
7837
7841
7866
7791
7710
7693
7678
7630
7546
7459
7388
7321
7289
7255
7210
7219
7262
7210
7154
7199
7153
7075
7027
6955
6879
6811
6835
6836
6828
6902
6907
6867
6917
6933
6847
6869
6903
6802
6803
6869
6841
6869
7016
7121
7131
7283
7407
7285
7301
7411
7311
7260
7405
7416
7348
7507
7677
7713
7833
8005
8019
8004
8071
8080
8051
8140
8217
8201
8314
8417
8405
8549
8767
8767
8773
8971
9004
8925
9091
9236
9177
9304
9495
9366
9322
9551
9530
9421
9696
9886
9792
9975
10251
10135
10087
10332
10271
9990
10113
10279
10077
10154
10450
10373
10324
10574
10552
10312
10455
10557
10276
10259
10452
10245
10119
10393
10281
10003
10233
10270
9872
9890
10085
9832
9778
10122
10031
9798
10047
10093
9740
9762
9897
9516
9311
9517
9341
9109
9410
9559
9279
9370
9566
9291
9237
9440
9176
8869
9042
9006
8670
8798
8983
8701
8655
8918
8749
8518
8747
8723
8397
8485
8560
8270
8273
8532
8382
8245
8530
8470
8164
8292
8319
8009
8064
8269
8001
7829
8102
8032
7768
8017
8131
7821
7931
8191
7953
7968
8388
8323
8138
8451
8550
8255
8382
8560
8245
8240
8576
8423
8279
8652
8693
8424
8632
8847
8574
8557
8849
8636
8492
8850
8775
8442
8730
8936
8581
8685
9040
8785
8679
9037
8929
8647
8928
8991
8574
8729
9093
8759
8652
9123
9044
8731
9056
9196
8889
9152
9507
9136
9053
9503
9398
9166
9518
9599
9283
9546
9914
9657
9685
10099
9889
9684
10125
10114
9717
9953
10198
9886
9960
10445
10320
10158
10597
10629
10273
10555
10784
10364
10398
10802
10574
10370
10710
10580
10194
10544
10733
10305
10446
10873
10538
10363
10769
10539
10105
10453
10554
10047
10109
10420
10113
10049
10541
10462
10124
10392
10359
9811
9851
10029
9609
9486
9811
9663
9471
9864
9964
9632
9789
9980
9598
9480
9773
9623
9381
9614
9655
9379
9490
9648
9364
9290
9457
9268
9122
9346
9341
9159
9382
9568
9361
9365
9469
9129
8909
9030
8831
8632
8875
8930
8720
8832
8978
8740
8637
8821
8657
8422
8612
8599
8299
8366
8458
8156
8085
8279
8099
7876
8039
8061
7831
7954
8133
7892
7795
7924
7674
7431
7615
7632
7476
7645
7795
7621
7613
7768
7619
7482
7616
7549
7337
7483
7655
7569
7611
7723
7653
7660
7873
7859
7663
7771
7855
7684
7690
7745
7577
7463
7551
7515
7403
7583
7706
7588
7656
7795
7704
7640
7730
7650
7496
7590
7641
7491
7528
7667
7576
7563
7760
7815
7785
7880
7956
7900
7906
8016
7958
7856
7979
8017
7869
7934
8053
7931
7944
8124
8128
8169
8407
8531
8521
8651
8808
8743
8666
8732
8681
8562
8642
8755
8838
9062
9278
9363
9482
9597
9558
9497
9535
9533
9411
9362
9418
9451
9550
9750
9890
9950
10086
10234
10237
10262
10362
10272
10165
10254
10288
10244
10312
10435
10456
10481
10572
10539
10469
10570
10674
10694
10829
11008
11025
11037
11192
11220
11080
11065
11031
10821
10697
10715
10662
10591
10670
10722
10700
10853
10999
10936
10893
10826
10591
10443
10458
10290
10061
10122
10167
10072
10177
10331
10230
10173
10296
10179
9972
10074
10024
9700
9686
9758
9508
9373
9493
9338
9085
9185
9133
8856
8930
9058
8855
8779
8945
8768
8473
8564
8511
8207
8182
8190
7923
7838
7975
7832
7686
7852
7832
7576
7627
7717
7438
7346
7519
7362
7210
7425
7389
7100
7176
7291
7074
7077
7329
7210
7043
7247
7168
6854
7008
7166
6928
6919
7172
7086
7017
7306
7261
6961
7096
7167
6814
6833
7127
6973
6926
7308
7326
7180
7554
7766
7489
7572
7798
7490
7342
7617
7504
7308
7652
7889
7759
8006
8378
8183
8147
8499
8336
8077
8414
8573
8328
8531
8844
8618
8628
9048
9003
8879
9300
9465
9218
9433
9685
9405
9428
9730
9506
9358
9730
9763
9587
9987
10250
10000
10133
10475
10262
10137
10497
10415
10115
10413
10542
10179
10295
10613
10354
10342
10846
10835
10646
11023
11121
10736
10834
11016
10638
10514
10824
10722
10541
10913
11014
10641
10793
11064
10750
10673
10958
10731
10475
10768
10736
10337
10487
10678
10295
10222
10475
10188
9980
10237
10082
9651
9783
9979
9690
9742
10050
9836
9784
10179
10056
9607
9726
9744
9272
9269
9439
9077
8910
9169
9074
8889
9146
9108
8699
8824
9052
8730
8633
8858
8556
8180
8371
8374
8034
8192
8432
8133
8061
8324
8133
7891
8116
8004
7545
7655
7797
7427
7413
7704
7503
7365
7680
7662
7407
7599
7724
7378
7345
7592
7386
7254
7546
7496
7283
7573
7767
7569
7751
8132
7981
7886
8262
8272
8020
8235
8384
8124
8217
8536
8346
8316
8779
8807
8660
9056
9281
9098
9299
9581
9365
9323
9647
9546
9348
9682
9833
9627
9837
10112
9959
10053
10434
10374
10224
10512
10590
10349
10547
10762
10516
10582
10942
10847
10750
11119
11183
10906
11052
11186
10959
11047
11351
11231
11113
11422
11456
11205
11354
11451
11169
11172
11317
11067
10963
11255
11242
11035
11230
11314
11014
10983
11101
10833
10598
10705
10542
10273
10405
10454
10296
10373
10515
10351
10246
10334
10118
9861
9902
9786
9502
9485
9496
9258
9222
9415
9324
9219
9375
9327
9109
9126
9087
8742
8556
8573
8355
8191
8308
8247
8099
8240
8344
8209
8228
8292
8035
7861
7960
7882
7732
7860
7952
7909
8045
8166
8044
7962
8047
7922
7714
7773
7711
7450
7429
7551
7527
7563
7772
7844
7841
8017
8059
7871
7855
7903
7748
7643
7754
7758
7671
7843
8017
8002
8092
8217
8113
8001
8097
8088
7958
8035
8105
8006
8044
8216
8230
8201
8323
8305
8180
8256
8365
8344
8371
8512
8521
8448
8526
8580
8491
8493
8532
8435
8441
8609
8675
8627
8696
8734
8574
8503
8526
8438
8378
8454
8466
8415
8510
8633
8579
8540
8645
8655
8590
8675
8716
8565
8555
8694
8689
8691
8889
8927
8759
8822
8848
8600
8576
8755
8686
8624
8879
9027
8985
9188
9352
9133
9047
9134
8902
8667
8758
8714
8593
8898
9181
9094
9179
9423
9248
8974
9043
8906
8515
8518
8618
8386
8383
8693
8681
8528
8721
8819
8589
8667
8865
8602
8433
8627
8524
8273
8424
8498
8300
8415
8604
8489
8565
8840
8773
8583
8691
8689
8452
8471
8528
8298
8231
8397
8316
8276
8561
8622
8502
8670
8780
8547
8490
8609
8432
8356
8544
8467
8370
8653
8846
8743
8876
9110
8949
8880
9026
8817
8593
8747
8768
8627
8907
9254
9224
9449
9899
9858
9759
9997
9889
9538
9594
9571
9239
9339
9670
9596
9663
10085
10079
9919
10215
10208
9787
9807
9881
9489
9401
9701
9525
9304
9603
9625
9327
9526
9703
9322
9298
9628
9414
9231
9551
9507
9171
9319
9425
9057
9007
9238
8989
8771
9043
9014
8740
9024
9200
8882
9019
9381
9140
8963
9279
9113
8678
8907
8984
8487
8534
8898
8581
8405
8818
8767
8517
8896
9045
8629
8710
8965
8514
8261
8612
8448
8106
8480
8679
8339
8493
8845
8626
8635
9044
8924
8619
8808
8779
8346
8408
8638
8411
8432
8808
8781
8753
9126
9150
8922
9131
9279
9021
9061
9338
9166
9073
9430
9401
9166
9407
9500
9162
9194
9415
9187
9189
9569
9563
9514
9836
9905
9677
9817
9956
9561
9372
9561
9334
9103
9402
9444
9174
9379
9614
9361
9389
9685
9412
9067
9200
9050
8595
8660
8786
8485
8566
8961
8842
8740
9097
9082
8686
8763
8840
8328
8176
8483
8273
8094
8565
8661
8335
8619
8912
8551
8507
8851
8576
8276
8574
8583
8298
8506
8717
8347
8232
8544
8356
8083
8344
8339
8063
8300
8545
8316
8356
8673
8460
8175
8322
8130
7656
7706
7787
7514
7651
8036
7967
7951
8314
8323
8101
8284
8359
8053
8044
8193
7900
7780
8163
8195
8014
8329
8558
8316
8309
8498
8338
8251
8523
8507
8331
8593
8805
8786
9050
9313
9179
9115
9234
9005
8748
8881
8805
8554
8841
9225
9185
9382
9821
9778
9697
9933
9805
9474
9536
9512
9164
9154
9375
9231
9203
9597
9698
9572
9805
9903
9595
9602
9777
9565
9498
9733
9651
9494
9736
9858
9668
9769
9957
9837
9849
10083
10063
9953
10128
10125
9851
9864
9955
9760
9717
9940
9877
9750
9953
9993
9790
9852
9918
9643
9565
9703
9541
9427
9600
9570
9355
9446
9575
9337
9260
9422
9268
9070
9208
9215
8976
9075
9223
8980
8941
9162
9009
8757
8852
8799
8518
8600
8735
8482
8390
8564
8468
8281
8425
8445
8135
8185
8381
8184
8090
8242
8138
7888
7930
7967
7769
7757
7942
7934
7911
8144
8270
8206
8324
8424
8254
8214
8339
8216
8041
8150
8244
8193
8362
8600
8567
8596
8788
8739
8606
8654
8588
8395
8465
8681
8699
8786
9036
9097
9104
9297
9397
9302
9331
9389
9283
9285
9409
9377
9331
9525
9713
9717
9844
10029
9941
9884
10047
10044
9938
10086
10184
10094
10217
10441
10473
10518
10730
10764
10653
10811
10936
10843
10889
11042
11042
11058
11226
11263
11185
11246
11265
11093
11077
11173
11091
11039
11093
11075
10972
10972
11002
10865
10786
10783
10641
10513
10535
10472
10327
10342
10312
10174
10184
10229
10077
9915
9878
9715
9474
9381
9280
9082
9056
9153
9076
9049
9139
9057
8924
8915
8785
8550
8514
8435
8246
8278
8403
8383
8358
8490
8472
8276
8278
8269
8063
7997
8052
7815
7549
7594
7523
7331
7434
7534
7403
7455
7639
7534
7433
7600
7578
7368
7436
7480
7228
7217
7356
7164
7037
7184
7139
6980
7140
7230
7040
7177
7435
7332
7345
7576
7477
7245
7299
7254
7009
7089
7316
7262
7375
7746
7760
7675
7881
7887
7670
7757
7875
7644
7595
7801
7744
7761
8123
8215
8036
8149
8227
7967
7958
8194
8117
8081
8435
8554
8391
8595
8756
8469
8417
8578
8366
8219
8509
8570
8411
8701
8907
8688
8825
9106
8890
8784
9086
9016
8770
9089
9289
8993
9063
9326
9075
9028
9460
9437
9292
9671
9783
9445
9538
9714
9326
9132
9317
9085
8803
9142
9381
9269
9651
10126
9974
9918
10150
9831
9344
9410
9335
9001
9296
9740
9676
9845
10303
10216
10013
10248
10100
9613
9640
9629
9207
9199
9556
9551
9622
10111
10173
9862
10009
10094
9644
9507
9668
9320
9067
9403
9444
9251
9621
9915
9646
9723
10020
9672
9341
9528
9318
8836
9022
9192
8887
9108
9601
9437
9383
9790
9597
9092
9166
9125
8674
8775
9089
8794
8708
9071
8893
8610
8987
9088
8669
8772
8985
8569
8450
8787
8579
8259
8537
8568
8117
8237
8540
8226
8197
8584
8396
8104
8418
8498
8159
8377
8675
8330
8356
8828
8583
8184
8450
8399
7899
8117
8477
8177
8332
8965
8903
8786
9295
9388
8958
9040
9101
8507
8421
8781
8492
8384
8922
8969
8736
9169
9405
9052
9210
9469
9066
8968
9361
9271
9075
9453
9563
9190
9354
9608
9162
8935
9252
9169
8990
9477
9778
9576
9810
10195
10012
9961
10288
10014
9499
9639
9686
9342
9496
9835
9651
9714
10241
10216
10064
10496
10493
10012
10056
10082
9565
9468
9802
9596
9448
9861
9952
9784
10040
10179
9861
9853
10007
9660
9430
9630
9487
9227
9478
9580
9296
9402
9611
9316
9182
9420
9303
9030
9161
9161
8844
8959
9175
8866
8740
9000
8821
8548
8730
8677
8340
8403
8484
8160
8168
8483
8342
8263
8615
8622
8336
8406
8452
8116
8025
8243
8128
8050
8358
8423
8348
8660
8831
8570
8578
8700
8389
8247
8455
8294
8120
8506
8701
8598
8919
9216
9058
9076
9254
9016
8770
8886
8815
8599
8779
9049
9070
9236
9567
9627
9620
9764
9680
9386
9246
9156
8961
8992
9244
9358
9503
9832
10014
9959
9923
9777
9445
9312
9330
9226
9272
9564
9761
9902
10096
10120
9903
9663
9506
9275
9042
9036
9101
9225
9564
9777
9644
9550
9584
9308
8997
9026
8922
8748
8926
9132
9105
9191
9369
9264
9082
9035
8865
8668
8704
8739
8682
8819
9070
9077
9062
9296
9390
9232
9175
9180
9046
8979
9002
8949
8931
8996
9054
9138
9329
9520
9611
9704
9832
9855
9802
9745
9608
9404
9271
9308
9373
9534
9872
10148
10323
10473
10494
10361
10237
10079
9845
9718
9689
9630
9604
9662
9736
9790
9987
10343
10544
10658
10830
10770
10496
10379
10221
9837
9669
9657
9580
9677
9967
10302
10587
10718
10696
10555
10339
10131
9845
9503
9360
9347
9296
9502
9860
9914
9970
10122
9972
9642
9419
9256
9089
9017
9048
9045
9006
9106
9195
9093
9099
9168
8986
8908
9028
8945
8819
8821
8675
8429
8368
8340
8264
8299
8388
8419
8480
8609
8552
8392
8411
8305
7942
7795
7804
7600
7566
7837
7831
7721
7933
7998
7745
7680
7779
7567
7308
7315
7216
7060
7175
7301
7151
7214
7475
7378
7450
7839
7857
7768
8019
8094
7802
7678
7636
7336
7191
7407
7477
7489
7866
8140
8061
8254
8453
8117
7925
8046
7856
7706
8070
8289
8228
8504
8781
8636
8638
8877
8706
8471
8676
8712
8458
8570
8724
8435
8429
8838
8873
8883
9347
9533
9438
9720
9861
9522
9448
9555
9154
8874
9204
9321
9216
9621
10033
10030
10306
10684
10502
10261
10338
10048
9581
9689
9743
9513
9783
10236
10195
10243
10650
10551
10177
10320
10291
9780
9641
9701
9318
9170
9575
9603
9474
9857
10002
9649
9663
9811
9427
9220
9305
8882
8424
8521
8481
8165
8390
8757
8615
8845
9396
9189
8949
9232
8980
8342
8246
8085
7520
7551
7990
7953
8031
8598
8682
8393
8625
8640
8037
7887
7940
7397
7230
7779
7852
7724
8191
8426
8197
8391
8600
8138
7888
8122
7850
7417
7639
7742
7379
7549
7987
7834
7953
8604
8613
8356
8671
8643
8081
8070
8222
7798
7625
7938
7862
7786
8327
8586
8353
8571
8883
8623
8516
8671
8342
8013
8229
8140
7789
8105
8428
8217
8332
8737
8620
8518
8921
8943
8687
8927
9049
8658
8578
8763
8456
8288
8689
8665
8400
8768
8989
8659
8768
9143
9007
9024
9394
9175
8774
9007
9030
8552
8656
8978
8634
8573
9118
9141
9009
9514
9720
9434
9669
9917
9485
9326
9561
9215
8809
9150
9331
9179
9719
10272
10103
10177
10489
10082
9578
9688
9512
9049
9307
9702
9540
9767
10398
10382
10262
10558
10286
9552
9383
9232
8621
8519
8891
8835
8942
9678
9857
9541
9757
9706
9029
8906
9057
8590
8392
8812
8716
8399
8786
9023
8680
8764
8991
8561
8326
8610
8450
8160
8448
8512
8144
8318
8644
8347
8299
8758
8697
8448
8687
8574
8006
7965
8110
7776
7762
8270
8298
8249
8754
8830
8405
8492
8591
8118
8041
8348
8076
7864
8269
8381
8229
8591
8799
8359
8276
8472
8098
7782
7975
8047
7991
8307
8642
8724
9164
9627
9426
9234
9284
8918
8422
8319
8202
7965
8267
8858
9073
9445
10041
10057
9859
10016
9863
9248
9070
9109
8819
8974
9542
9604
9641
10085
10090
9684
9683
9671
9195
9032
9248
9107
9095
9616
9780
9654
9952
10126
9844
9876
10117
9782
9445
9547
9355
9040
9209
9270
8927
8999
9324
9212
9328
9891
9976
9761
9958
9962
9443
9233
9230
8847
8603
8784
8753
8668
9086
9397
9327
9565
9825
9537
9369
9477
9145
8728
8822
8856
8512
8451
8621
8514
8581
9011
9184
9157
9393
9494
9217
9173
9175
8703
8293
8156
7823
7554
7756
7876
7876
8335
8853
9022
9222
9518
9403
9001
8849
8557
7964
7718
7738
7578
7502
7720
7845
7923
8315
8615
8597
8729
8934
8856
8746
8758
8552
8204
8035
7856
7642
7681
7841
7943
8216
8687
8950
8990
9152
9304
9169
8986
8914
8692
8426
8430
8519
8577
8795
9006
9025
9132
9299
9211
9075
9091
9046
8960
9035
9180
9282
9515
9786
9790
9728
9723
9472
9019
8640
8318
8037
8108
8570
9014
9470
10066
10473
10655
10736
10491
9946
9420
8907
8292
7894
7980
8239
8575
9241
9883
10214
10612
10900
10615
10192
9926
9439
8874
8571
8348
8183
8396
8820
9058
9348
9811
10010
9988
10062
9927
9411
9099
9011
8645
8386
8516
8574
8593
8946
9289
9297
9448
9722
9534
9210
9236
9126
8744
8753
8984
8823
8678
8841
8805
8765
9124
9259
8956
8887
8929
8613
8358
8433
8385
8294
8582
8791
8663
8764
8986
8879
8772
8789
8577
8379
8476
8509
8460
8656
8824
8703
8737
8990
8936
8784
8876
8835
8660
8774
9010
8947
8986
9306
9253
9058
9163
9042
8649
8672
8847
8693
8858
9375
9505
9513
9817
9835
9466
9390
9315
8866
8739
8987
8870
8719
9105
9302
9120
9336
9558
9295
9271
9552
9384
9096
9219
9150
8913
9168
9400
9192
9288
9618
9431
9215
9433
9427
9203
9421
9566
9277
9405
9791
9668
9585
9888
9798
9487
9610
9523
9043
9109
9410
9181
9145
9557
9498
9251
9611
9804
9477
9593
9845
9443
9216
9470
9189
8723
8847
8809
8442
8659
9080
8977
9125
9643
9525
9201
9387
9233
8708
8738
8768
8340
8384
8828
8774
8712
9161
9307
9019
9172
9363
8950
8786
8925
8551
8321
8708
8745
8572
8994
9295
9035
9108
9362
8976
8677
8911
8732
8322
8615
8881
8568
8721
9193
8999
8885
9329
9199
8753
9010
9111
8614
8616
8878
8517
8413
8859
8728
8448
8939
9255
9010
9254
9654
9405
9308
9554
9128
8581
8734
8666
8276
8604
9110
9024
9263
9917
9948
9836
10231
10138
9471
9354
9270
8617
8514
8963
8834
8816
9474
9667
9499
9924
10191
9719
9599
9755
9227
8858
9156
9072
8858
9358
9685
9402
9581
9919
9473
9224
9414
8975
8548
8888
9023
8709
8962
9450
9323
9320
9656
9305
8809
9080
9047
8554
8794
9139
8761
8740
9243
9103
8843
9240
9203
8633
8791
9175
8932
8991
9469
9228
8878
9237
9234
8778
8945
9149
8749
8855
9501
9444
9249
9706
9699
9186
9338
9411
8787
8675
8992
8689
8535
9077
9164
8901
9283
9534
9067
9002
9261
8807
8474
8927
9045
8889
9442
9814
9444
9455
9626
9047
8544
8638
8363
7951
8397
8907
8924
9418
10079
9934
9716
9843
9359
8564
8439
8308
7863
8110
8734
8851
9119
9741
9746
9373
9382
9209
8611
8534
8808
8698
8829
9360
9427
9305
9560
9460
8939
8870
8880
8463
8396
8726
8673
8695
9248
9489
9322
9546
9716
9391
9374
9606
9340
9055
9246
9258
9095
9443
9816
9701
9794
10123
10006
9835
10009
9875
9474
9594
9757
9511
9581
9843
9629
9486
9790
9753
9518
9782
9922
9643
9704
9946
9738
9590
9743
9503
9154
9305
9325
9051
9223
9518
9388
9480
9833
9683
9448
9558
9391
8954
8935
9044
8694
8500
8698
8559
8378
8686
8744
8413
8526
8668
8326
8332
8609
8378
8182
8395
8288
7851
7814
7828
7470
7425
7690
7599
7523
7939
8090
7860
8106
8370
8070
7927
8074
7837
7513
7600
7537
7206
7268
7474
7354
7401
7764
7825
7747
7958
7917
7607
7606
7589
7292
7215
7370
7285
7253
7581
7747
7713
7928
8118
8023
8000
8082
7912
7711
7840
7961
7993
8259
8487
8450
8573
8800
8713
8656
8769
8635
8430
8544
8654
8552
8705
9014
9004
9066
9427
9512
9435
9634
9690
9486
9518
9645
9530
9530
9710
9655
9634
9934
10114
10138
10317
10414
10226
10107
10183
10099
9978
10083
10132
10145
10416
10698
10799
10961
11084
10912
10715
10699
10569
10373
10369
10359
10314
10432
10622
10721
10805
10963
10944
10699
10585
10495
10240
10150
10237
10233
10304
10511
10562
10469
10367
10210
9964
9734
9594
9455
9403
9533
9682
9768
9864
9906
9773
9573
9385
9122
8862
8762
8718
8667
8735
8872
8944
8926
8879
8797
8588
8396
8287
8149
8072
8080
8045
8006
8058
8043
7967
7980
7894
7754
7679
7635
7609
7538
7528
7504
7338
7263
7319
7298
7291
7414
7491
7515
7621
7673
7504
7365
7326
7134
6957
6978
7033
7052
7129
7289
7440
7625
7885
8011
7973
7924
7830
7712
7676
7663
7643
7734
7915
7982
8014
8196
8265
8196
8315
8449
8434
8595
8847
8817
8818
9003
8915
8716
8814
8892
8773
8851
9056
9045
9094
9350
9400
9277
9379
9470
9276
9274
9499
9435
9406
9692
9755
9648
9805
9850
9619
9646
9806
9660
9581
9805
9834
9741
9971
10108
9875
9797
9864
9667
9554
9733
9711
9606
9828
9999
9954
10124
10364
10248
10103
10152
9989
9745
9843
9899
9727
9841
10028
9917
10004
10281
10207
10101
10283
10244
10030
10147
10194
9962
10036
10176
9883
9749
9939
9801
9590
9734
9721
9449
9536
9797
9707
9726
10014
9935
9741
9872
9745
9261
9097
9095
8802
8670
8936
8943
8792
9092
9274
9053
9109
9210
8876
8742
8985
8829
8545
8789
8869
8573
8667
8705
8206
8002
8157
7889
7655
8032
8193
8079
8498
8828
8522
8454
8576
8053
7555
7690
7613
7349
7702
8096
7961
8133
8587
8353
8016
8156
7896
7381
7539
7804
7599
7768
8279
8202
8110
8491
8455
8032
8056
8137
7819
7839
8214
8125
8027
8474
8661
8532
8879
9148
8823
8757
8934
8636
8417
8647
8551
8313
8656
8892
8717
8992
9452
9357
9336
9692
9526
9104
9183
9069
8649
8786
9087
8948
9133
9710
9703
9549
9870
9848
9416
9380
9369
8976
8990
9382
9291
9261
9731
9783
9534
9863
10071
9644
9663
10000
9683
9487
9812
9636
9257
9549
9713
9342
9507
9871
9459
9323
9840
9741
9418
9798
9851
9271
9323
9554
9040
8856
9284
9138
8882
9392
9618
9205
9318
9608
9196
8979
9244
8964
8626
9017
9057
8634
8945
9306
8906
8868
9317
9064
8734
9151
9199
8828
9155
9442
8911
8724
9041
8694
8295
8611
8482
7951
8261
8664
8358
8460
8985
8713
8385
8723
8529
7904
8069
8290
7786
7775
8296
8137
8031
8624
8666
8190
8383
8480
7786
7599
7949
7656
7458
7970
7987
7552
7830
8127
7720
7777
8246
7928
7610
8056
8065
7648
8029
8382
7947
8050
8649
8456
8222
8622
8480
7928
8138
8295
7802
7895
8360
8175
8192
8813
8856
8614
9091
9308
8845
8867
9048
8515
8301
8748
8626
8392
8927
9164
8866
9172
9538
9163
9058
9376
9061
8709
9087
9173
8885
9259
9686
9482
9617
10008
9618
9273
9646
9577
9138
9454
9754
9322
9372
9912
9748
9609
10069
10035
9601
9792
10043
9685
9731
10154
9943
9817
10279
10288
9940
10166
10255
9767
9762
10077
9832
9756
10179
10111
9854
10158
10261
9862
9886
10055
9691
9629
10021
9891
9638
9936
10010
9677
9823
10037
9650
9590
9931
9637
9344
9730
9782
9428
9602
9781
9389
9327
9655
9398
9130
9509
9513
9075
9219
9395
8915
8853
9275
9062
8854
9291
9366
9044
9313
9569
9144
9006
9184
8827
8550
8838
8832
8551
8836
9111
8805
8901
9289
8987
8719
8980
8863
8508
8740
8890
8565
8720
9055
8800
8783
9232
9150
8839
9023
8961
8523
8648
8888
8623
8623
8948
8737
8493
8880
8972
8670
8853
9062
8734
8655
9029
8969
8810
9129
9177
8901
9018
9168
8939
8943
9232
9169
9122
9506
9567
9266
9392
9525
9213
9225
9521
9349
9189
9473
9517
9324
9564
9773
9552
9578
9743
9499
9353
9536
9387
9140
9423
9611
9390
9467
9608
9347
9253
9448
9324
9024
9076
9054
8716
8694
8869
8716
8658
8911
8932
8918
9169
9095
8750
8743
8662
8271
8188
8384
8347
8258
8515
8697
8618
8741
8771
8378
8082
7994
7721
7548
7781
7980
8051
8375
8652
8550
8528
8613
8408
8167
8124
8011
7862
7932
8031
7999
8145
8380
8367
8388
8535
8492
8350
8366
8365
8206
8135
8179
8236
8376
8566
8685
8798
8986
9078
8998
8971
8973
8841
8785
8836
8800
8864
9149
9303
9360
9625
9808
9782
9832
9915
9835
9731
9753
9720
9589
9645
9800
9740
9791
10097
10224
10212
10304
10247
9983
9928
10040
9964
9875
10006
10132
10212
10407
10561
10542
10530
10526
10303
10039
9991
9918
9753
9793
9921
9946
10056
10308
10410
10345
10338
10204
9900
9704
9586
9360
9212
9301
9342
9376
9606
9780
9747
9689
9572
9304
9192
9258
9103
8869
8834
8752
8608
8672
8850
8834
8756
8812
8708
8529
8597
8650
8461
8378
8491
8396
8245
8327
8314
8213
8324
8327
8025
7919
8058
7977
7938
8178
8256
8206
8395
8511
8221
8053
8063
7776
7570
7680
7671
7627
7965
8317
8285
8384
8639
8462
8157
8110
7908
7536
7427
7478
7471
7624
7960
8077
8067
8273
8357
8201
8175
8163
7917
7781
7926
7847
7722
7958
8094
8005
8148
8385
8288
8265
8452
8331
8163
8289
8289
8098
8210
8409
8284
8310
8615
8598
8527
8792
8806
8594
8733
8856
8638
8679
8924
8807
8783
9112
9206
9089
9227
9332
9109
9131
9391
9238
9075
9325
9356
9154
9371
9570
9302
9336
9635
9441
9290
9647
9748
9592
9869
10123
9950
9997
10256
9992
9603
9717
9655
9346
9576
9851
9654
9753
10126
10020
9906
10226
10194
9818
9930
10042
9731
9810
10171
10072
10012
10355
10274
9910
10082
10160
9786
9744
9869
9548
9418
9798
9728
9418
9710
9826
9452
9546
9849
9569
9414
9695
9472
9084
9312
9396
9059
9160
9403
9069
8892
9157
8963
8702
9064
9170
8836
8990
9142
8595
8395
8721
8533
8349
8753
8759
8318
8452
8684
8419
8522
8923
8697
8483
8849
8806
8449
8712
8821
8306
8285
8671
8485
8350
8839
8886
8525
8778
8880
8388
8480
8890
8589
8428
8917
8921
8664
9147
9513
9208
9258
9475
9000
8723
9091
8973
8578
8849
8968
8556
8768
9261
9045
9026
9502
9365
9063
9399
9421
8908
8997
9206
8743
8677
9120
8963
8705
9058
9065
8616
8828
9155
8831
8782
9039
8683
8347
8700
8713
8315
8667
9074
8791
8979
9531
9283
8967
9238
9058
8564
8783
8950
8558
8667
9084
8898
8812
9269
9232
8873
9153
9198
8660
8789
9190
8896
8870
9331
9084
8710
9072
9078
8488
8497
8705
8331
8410
9002
8935
8822
9368
9447
8863
8863
8967
8299
8049
8428
8191
7939
8460
8617
8320
8738
9181
8842
8751
9029
8688
8256
8475
8400
7949
8193
8425
8066
8277
8892
8750
8482
8874
8917
8455
8630
8822
8393
8442
8906
8781
8694
9185
9186
8794
8984
9057
8614
8610
8885
8599
8451
8902
8914
8653
9067
9352
9037
9175
9506
9183
9039
9391
9225
8883
9244
9352
8906
9091
9431
9037
8882
9336
9192
8715
9049
9254
8818
9028
9490
9128
9017
9489
9204
8698
9043
9076
8506
8761
9224
8890
8924
9420
9112
8686
9073
9032
8403
8598
8953
8532
8525
9098
8980
8725
9129
9079
8469
8505
8670
8189
8153
8667
8508
8277
8757
8896
8529
8696
8812
8202
8009
8287
7976
7787
8340
8445
8087
8400
8664
8209
8185
8520
8176
7912
8248
8152
7845
8266
8550
8239
8450
8839
8497
8306
8633
8470
8070
8329
8497
8196
8405
8848
