58091     
200.0
1091465
1091351
1091228
1091178
1091192
1091160
1091055
1090924
1090841
1090840
1090843
1090827
1090831
1090864
1090968
1091115
1091303
1091511
1091654
1091707
1091568
1091260
1090941
1090674
1090526
1090505
1090545
1090641
1090809
1091002
1091194
1091356
1091469
1091541
1091569
1091586
1091564
1091441
1091259
1091052
1090792
1090561
1090432
1090427
1090596
1090856
1091136
1091399
1091540
1091602
1091640
1091640
1091577
1091371
1091075
1090822
1090626
1090496
1090493
1090573
1090748
1091035
1091229
1091375
1091535
1091600
1091620
1091529
1091321
1091136
1090971
1090838
1090762
1090702
1090712
1090832
1090959
1091059
1091168
1091271
1091376
1091486
1091513
1091432
1091309
1091115
1090910
1090763
1090638
1090563
1090547
1090618
1090803
1091042
1091259
1091422
1091561
1091627
1091610
1091528
1091356
1091160
1090952
1090785
1090715
1090686
1090764
1090907
1091030
1091147
1091161
1091222
1091360
1091416
1091456
1091365
1091129
1090906
1090726
1090668
1090685
1090684
1090685
1090733
1090902
1091190
1091510
1091721
1091755
1091683
1091538
1091410
1091300
1091116
1090959
1090826
1090723
1090721
1090744
1090761
1090819
1090895
1090991
1091102
1091146
1091192
1091316
1091421
1091470
1091472
1091350
1091110
1090859
1090698
1090674
1090728
1090878
1091015
1091057
1091153
1091221
1091232
1091261
1091283
1091304
1091230
1091052
1090900
1090809
1090760
1090780
1090869
1090947
1091054
1091241
1091446
1091654
1091781
1091752
1091568
1091232
1090889
1090654
1090532
1090570
1090693
1090748
1090756
1090793
1090911
1091114
1091341
1091545
1091659
1091647
1091518
1091341
1091169
1090988
1090802
1090617
1090518
1090563
1090724
1090978
1091235
1091386
1091413
1091399
1091389
1091402
1091444
1091418
1091280
1091066
1090790
1090531
1090404
1090418
1090599
1090913
1091188
1091417
1091586
1091613
1091582
1091515
1091425
1091324
1091133
1090908
1090726
1090618
1090596
1090651
1090789
1090969
1091134
1091247
1091326
1091409
1091502
1091569
1091519
1091376
1091138
1090825
1090577
1090504
1090635
1090824
1090973
1091061
1091055
1091048
1091090
1091200
1091375
1091535
1091609
1091545
1091395
1091185
1090962
1090816
1090735
1090760
1090826
1090920
1091083
1091169
1091251
1091398
1091488
1091520
1091448
1091242
1090991
1090792
1090716
1090747
1090856
1090929
1090912
1090870
1090856
1090948
1091166
1091375
1091426
1091364
1091231
1091089
1091054
1091107
1091161
1091144
1091100
1091066
1091045
1091068
1091077
1091032
1090894
1090754
1090807
1090976
1091199
1091386
1091383
1091333
1091272
1091220
1091227
1091187
1091154
1091093
1090969
1090928
1090925
1090891
1090908
1090962
1091006
1091061
1091063
1091082
1091200
1091323
1091360
1091294
1091190
1091047
1090946
1090933
1090938
1091005
1091083
1091150
1091225
1091254
1091219
1091128
1091033
1090983
1090973
1091005
1091051
1091072
1091107
1091135
1091176
1091192
1091094
1091020
1091000
1090986
1091012
1091058
1091096
1091131
1091220
1091318
1091345
1091283
1091175
1091115
1091072
1091034
1090986
1090935
1090950
1090988
1090992
1090969
1090962
1091000
1091117
1091265
1091332
1091298
1091195
1091053
1090947
1090923
1090944
1090967
1090964
1090991
1091050
1091142
1091293
1091426
1091453
1091355
1091198
1091076
1091010
1090960
1090968
1090981
1090910
1090867
1090922
1091042
1091165
1091259
1091301
1091294
1091310
1091289
1091215
1091157
1091052
1090979
1090998
1091005
1091022
1091032
1091024
1091044
1091047
1091053
1091063
1091080
1091114
1091149
1091212
1091261
1091265
1091198
1091102
1090991
1090858
1090826
1090833
1090856
1090922
1090991
1091080
1091124
1091125
1091105
1091107
1091174
1091222
1091266
1091292
1091277
1091272
1091220
1091167
1091126
1091040
1090987
1091005
1091081
1091146
1091160
1091172
1091166
1091128
1091125
1091178
1091211
1091226
1091219
1091128
1091037
1090993
1091004
1091000
1090951
1090971
1090998
1091030
1091076
1091076
1091057
1091021
1091019
1091055
1091086
1091120
1091166
1091211
1091238
1091205
1091100
1090997
1090939
1090977
1091130
1091236
1091190
1091072
1090931
1090850
1090870
1090944
1091075
1091186
1091252
1091323
1091319
1091224
1091133
1091117
1091182
1091253
1091305
1091304
1091263
1091234
1091164
1091064
1090970
1090873
1090815
1090859
1090968
1091112
1091238
1091272
1091227
1091107
1090992
1090974
1091016
1091071
1091130
1091120
1091010
1090912
1090873
1090884
1090963
1091092
1091204
1091257
1091259
1091200
1091156
1091156
1091131
1091114
1091125
1091158
1091212
1091207
1091117
1091007
1090951
1090985
1091077
1091177
1091257
1091276
1091232
1091177
1091140
1091110
1091118
1091190
1091224
1091194
1091092
1090940
1090865
1090881
1090952
1091073
1091157
1091158
1091168
1091174
1091152
1091158
1091130
1091060
1090985
1090939
1090946
1090940
1090960
1091003
1091039
1091093
1091126
1091171
1091179
1091136
1091072
1091000
1091015
1091063
1091092
1091133
1091172
1091228
1091297
1091321
1091270
1091170
1091073
1090991
1090940
1090924
1090913
1090925
1090956
1091009
1091072
1091152
1091298
1091408
1091394
1091329
1091192
1091050
1091027
1091062
1091117
1091158
1091187
1091214
1091185
1091102
1090982
1090906
1090923
1091007
1091140
1091240
1091252
1091237
1091209
1091167
1091087
1090980
1090917
1090869
1090904
1091013
1091073
1091140
1091189
1091170
1091152
1091128
1091085
1091038
1091022
1091060
1091096
1091142
1091191
1091173
1091135
1091130
1091110
1091111
1091138
1091122
1091081
1091003
1090931
1090934
1091002
1091110
1091193
1091240
1091240
1091193
1091190
1091197
1091170
1091111
1091030
1091013
1091012
1091027
1091053
1091021
1091012
1091036
1091114
1091214
1091248
1091255
1091242
1091225
1091176
1091107
1091070
1091038
1091042
1091027
1091030
1091118
1091168
1091180
1091149
1091054
1090995
1090985
1091041
1091164
1091281
1091325
1091288
1091221
1091108
1091016
1090963
1090881
1090863
1090905
1090931
1090973
1091007
1091044
1091144
1091217
1091240
1091257
1091213
1091153
1091128
1091100
1091112
1091162
1091111
1090984
1090896
1090841
1090873
1090956
1091035
1091155
1091227
1091260
1091310
1091264
1091130
1091004
1090905
1090920
1091008
1091078
1091153
1091162
1091146
1091132
1091045
1090960
1090943
1090999
1091107
1091212
1091261
1091258
1091228
1091172
1091142
1091192
1091263
1091283
1091224
1091115
1091008
1090937
1090942
1091011
1091095
1091147
1091169
1091209
1091218
1091183
1091156
1091114
1091020
1090918
1090869
1090871
1090933
1091026
1091109
1091158
1091119
1091018
1090977
1091046
1091144
1091179
1091134
1091039
1090954
1090957
1090987
1090967
1090941
1090918
1090937
1091044
1091162
1091281
1091403
1091460
1091447
1091356
1091222
1091100
1091022
1091009
1091049
1091084
1091072
1091054
1090990
1090912
1090877
1090883
1090993
1091178
1091367
1091483
1091483
1091343
1091176
1091048
1090933
1090944
1090972
1090981
1091009
1090960
1090940
1090966
1090981
1091007
1091039
1091063
1091110
1091187
1091223
1091230
1091189
1091082
1090987
1090929
1090903
1090955
1091099
1091217
1091307
1091373
1091336
1091276
1091200
1091095
1091014
1090961
1090918
1090871
1090868
1090890
1090923
1091018
1091112
1091178
1091229
1091263
1091281
1091253
1091190
1091054
1090914
1090890
1090894
1090942
1091062
1091148
1091219
1091308
1091324
1091285
1091232
1091156
1091136
1091134
1091070
1090986
1090953
1090968
1090999
1091059
1091075
1091043
1091017
1090997
1091041
1091150
1091214
1091225
1091203
1091109
1091012
1090964
1090942
1090983
1091060
1091093
1091127
1091178
1091256
1091352
1091368
1091361
1091301
1091171
1091094
1090992
1090880
1090821
1090787
1090802
1090838
1090895
1090977
1091097
1091235
1091293
1091290
1091270
1091247
1091249
1091275
1091245
1091106
1090947
1090835
1090799
1090805
1090813
1090879
1090994
1091126
1091261
1091338
1091338
1091266
1091193
1091146
1091078
1091061
1091095
1091106
1091111
1091097
1091099
1091100
1091091
1091086
1091034
1091005
1090989
1090996
1091090
1091136
1091124
1091114
1091079
1091067
1091065
1091068
1091090
1091092
1091092
1091113
1091145
1091139
1091103
1091088
1091083
1091118
1091174
1091204
1091186
1091132
1091127
1091146
1091140
1091098
1090990
1090867
1090842
1090924
1091025
1091138
1091182
1091191
1091246
1091275
1091285
1091270
1091218
1091159
1091103
1091037
1090955
1090847
1090773
1090787
1090817
1090923
1091057
1091146
1091241
1091287
1091275
1091181
1091064
1091013
1091032
1091126
1091207
1091243
1091243
1091214
1091165
1091106
1091054
1090992
1090935
1090897
1090893
1090924
1090977
1091046
1091122
1091190
1091208
1091185
1091130
1091051
1091029
1091072
1091168
1091273
1091377
1091451
1091405
1091294
1091134
1090986
1090912
1090927
1091026
1091103
1091144
1091115
1091066
1091066
1091079
1091095
1091043
1090981
1090959
1090943
1091003
1091101
1091167
1091188
1091178
1091161
1091131
1091101
1091056
1091028
1091023
1091012
1091004
1090988
1091017
1091067
1091082
1091146
1091235
1091277
1091281
1091222
1091122
1091051
1091033
1091039
1090985
1090921
1090912
1090923
1091033
1091139
1091174
1091253
1091288
1091300
1091275
1091135
1091019
1090983
1090979
1090978
1091007
1091064
1091105
1091149
1091169
1091179
1091221
1091290
1091325
1091284
1091203
1091074
1090977
1090954
1090970
1091001
1090996
1091041
1091087
1091126
1091213
1091228
1091157
1091040
1090963
1090950
1091000
1091083
1091100
1091135
1091181
1091194
1091186
1091154
1091140
1091088
1091065
1091085
1091077
1091093
1091087
1091027
1090954
1090915
1090934
1090960
1090993
1091026
1091046
1091121
1091186
1091166
1091147
1091141
1091124
1091086
1091055
1091071
1091094
1091119
1091188
1091274
1091335
1091365
1091320
1091218
1091079
1090935
1090889
1090910
1090940
1090971
1091015
1091097
1091163
1091183
1091176
1091165
1091157
1091131
1091090
1091040
1091007
1091001
1090998
1091018
1091074
1091088
1091090
1091118
1091098
1091055
1090995
1090945
1090973
1091021
1091091
1091188
1091240
1091273
1091324
1091414
1091466
1091406
1091312
1091169
1091015
1090892
1090760
1090684
1090681
1090742
1090847
1090996
1091154
1091258
1091336
1091345
1091326
1091283
1091152
1091039
1090962
1090900
1090894
1090957
1091026
1091058
1091121
1091160
1091177
1091225
1091222
1091172
1091118
1091039
1090960
1090949
1091013
1091108
1091180
1091190
1091173
1091165
1091101
1091060
1091074
1091073
1091138
1091181
1091194
1091202
1091108
1090999
1090944
1090979
1091060
1091159
1091231
1091224
1091254
1091245
1091157
1091094
1090990
1090919
1090915
1090881
1090922
1090996
1091033
1091104
1091169
1091225
1091249
1091235
1091205
1091144
1091114
1091121
1091107
1091076
1091067
1091036
1090951
1090913
1090913
1090941
1091026
1091076
1091096
1091122
1091160
1091242
1091278
1091232
1091195
1091142
1091051
1091002
1090957
1090950
1091006
1091078
1091174
1091196
1091174
1091131
1091045
1091012
1091006
1091019
1091044
1091067
1091108
1091123
1091167
1091249
1091312
1091350
1091318
1091230
1091135
1091032
1090974
1090970
1090984
1091030
1091049
1091081
1091156
1091187
1091211
1091180
1091117
1091085
1091055
1091071
1091105
1091148
1091169
1091151
1091111
1091030
1090966
1090874
1090823
1090899
1091007
1091083
1091098
1091096
1091134
1091191
1091215
1091179
1091128
1091085
1091062
1091094
1091078
1090986
1090940
1090954
1091039
1091150
1091170
1091153
1091155
1091146
1091159
1091176
1091149
1091119
1091112
1091087
1091087
1091136
1091180
1091242
1091251
1091205
1091183
1091147
1091110
1091073
1091004
1090941
1090919
1090934
1090990
1091061
1091105
1091105
1091052
1091023
1091084
1091127
1091120
1091115
1091133
1091176
1091216
1091222
1091144
1091022
1090917
1090899
1091031
1091150
1091164
1091089
1090979
1090899
1090846
1090919
1091043
1091106
1091100
1091060
1091083
1091122
1091187
1091243
1091229
1091221
1091188
1091188
1091222
1091193
1091148
1091081
1091030
1091029
1091076
1091149
1091205
1091241
1091202
1091133
1091061
1091069
1091157
1091150
1091132
1091083
1090996
1090935
1090857
1090858
1090929
1091046
1091181
1091257
1091280
1091240
1091179
1091117
1091062
1091004
1090956
1090937
1090920
1090937
1090958
1090950
1091019
1091195
1091320
1091324
1091259
1091141
1091081
1091058
1090963
1090882
1090885
1090996
1091165
1091289
1091346
1091321
1091274
1091262
1091232
1091147
1091015
1090891
1090815
1090803
1090868
1090990
1091083
1091105
1091110
1091118
1091186
1091302
1091379
1091376
1091288
1091175
1091065
1090937
1090822
1090815
1090894
1091027
1091210
1091325
1091361
1091320
1091201
1091108
1091075
1091038
1090985
1090954
1090934
1090931
1090947
1090971
1090997
1091052
1091161
1091215
1091247
1091268
1091168
1091094
1091034
1090906
1090851
1090864
1090954
1091123
1091236
1091268
1091246
1091149
1091056
1091034
1091048
1091069
1091071
1091105
1091200
1091263
1091275
1091238
1091125
1091028
1090953
1090884
1090891
1090934
1091023
1091097
1091115
1091185
1091266
1091315
1091334
1091300
1091199
1091074
1090987
1090934
1090903
1090887
1090920
1090998
1091083
1091177
1091244
1091260
1091260
1091208
1091109
1091085
1091114
1091126
1091131
1091118
1091113
1091152
1091184
1091199
1091206
1091127
1091014
1090924
1090847
1090859
1090937
1091016
1091082
1091132
1091176
1091197
1091183
1091133
1091082
1091038
1090975
1090951
1090973
1091013
1091109
1091185
1091181
1091126
1091079
1091130
1091184
1091163
1091103
1090993
1090955
1091032
1091117
1091179
1091195
1091153
1091138
1091140
1091112
1091131
1091144
1091154
1091184
1091174
1091155
1091157
1091214
1091258
1091285
1091274
1091150
1091000
1090865
1090795
1090837
1090937
1091007
1091063
1091138
1091170
1091234
1091291
1091269
1091232
1091152
1091031
1090930
1090877
1090860
1090902
1091022
1091159
1091236
1091208
1091133
1091067
1090994
1090961
1090982
1091039
1091144
1091216
1091230
1091181
1091096
1091033
1091035
1091116
1091160
1091157
1091124
1091092
1091119
1091115
1091079
1091072
1091129
1091215
1091216
1091145
1091059
1090989
1090964
1090974
1090949
1090918
1091005
1091193
1091401
1091519
1091519
1091436
1091252
1091057
1090904
1090802
1090804
1090877
1090966
1091036
1091074
1091131
1091221
1091290
1091324
1091292
1091219
1091170
1091111
1091077
1091065
1090997
1090956
1090935
1090885
1090924
1091025
1091102
1091148
1091111
1091082
1091124
1091134
1091164
1091196
1091172
1091197
1091179
1091102
1091052
1090953
1090914
1090951
1090965
1091042
1091129
1091152
1091180
1091185
1091162
1091187
1091157
1091084
1091111
1091123
1091112
1091136
1091129
1091155
1091166
1091130
1091121
1091111
1091060
1091031
1091068
1091077
1091098
1091171
1091233
1091297
1091289
1091179
1091035
1090913
1090881
1090894
1090905
1090956
1091006
1091052
1091149
1091260
1091339
1091365
1091314
1091224
1091140
1091027
1090910
1090822
1090768
1090761
1090799
1090889
1090998
1091142
1091270
1091315
1091337
1091307
1091249
1091231
1091190
1091104
1091008
1090866
1090796
1090906
1091050
1091200
1091319
1091353
1091397
1091379
1091305
1091233
1091105
1091021
1090983
1090948
1090928
1090844
1090760
1090734
1090782
1090912
1091057
1091222
1091374
1091487
1091495
1091389
1091290
1091174
1091062
1090997
1090900
1090807
1090767
1090770
1090870
1091019
1091137
1091255
1091307
1091306
1091302
1091199
1091108
1091099
1091071
1091092
1091148
1091174
1091186
1091141
1091047
1090988
1090957
1090906
1090878
1090872
1090895
1091004
1091174
1091344
1091438
1091445
1091420
1091368
1091265
1091121
1090965
1090846
1090793
1090784
1090809
1090846
1090871
1090924
1091021
1091176
1091347
1091442
1091493
1091471
1091326
1091145
1090916
1090728
1090659
1090627
1090722
1090948
1091133
1091324
1091488
1091483
1091411
1091286
1091094
1090944
1090850
1090853
1090920
1090961
1090967
1090988
1091081
1091169
1091201
1091159
1091106
1091147
1091232
1091324
1091395
1091349
1091219
1091086
1090959
1090913
1090905
1090878
1090895
1090911
1090944
1091011
1091064
1091125
1091143
1091138
1091163
1091157
1091115
1091116
1091190
1091282
1091331
1091232
1091053
1090901
1090765
1090742
1090785
1090860
1090988
1091088
1091200
1091299
1091332
1091329
1091320
1091289
1091192
1091121
1091072
1091005
1090991
1091016
1091028
1091032
1091035
1091018
1091020
1091068
1091154
1091256
1091305
1091283
1091192
1091077
1090993
1090922
1090881
1090875
1090900
1090965
1091016
1091082
1091164
1091192
1091200
1091199
1091220
1091251
1091274
1091313
1091272
1091148
1090990
1090855
1090822
1090906
1091033
1091090
1091151
1091184
1091171
1091226
1091226
1091193
1091197
1091152
1091116
1091044
1090920
1090850
1090796
1090806
1090869
1090939
1091070
1091227
1091325
1091342
1091355
1091314
1091252
1091241
1091164
1091083
1091050
1091005
1090983
1090969
1090947
1090962
1090962
1090957
1091035
1091168
1091325
1091438
1091423
1091312
1091179
1091089
1091075
1091066
1090994
1090900
1090831
1090800
1090842
1090924
1091009
1091134
1091256
1091352
1091372
1091316
1091269
1091188
1091116
1091030
1090894
1090827
1090845
1090906
1090968
1091000
1090993
1090999
1091053
1091129
1091225
1091297
1091338
1091357
1091334
1091269
1091119
1090926
1090845
1090884
1090967
1091051
1091054
1091044
1091102
1091173
1091256
1091312
1091351
1091365
1091296
1091205
1091082
1090958
1090856
1090769
1090798
1090894
1091021
1091146
1091205
1091229
1091220
1091235
1091255
1091274
1091343
1091310
1091196
1091073
1090883
1090765
1090771
1090750
1090802
1090962
1091076
1091220
1091315
1091294
1091285
1091201
1091108
1091080
1090995
1090910
1090860
1090826
1090899
1091025
1091086
1091122
1091164
1091226
1091351
1091431
1091437
1091432
1091382
1091334
1091272
1091135
1090976
1090828
1090697
1090619
1090601
1090617
1090738
1090936
1091150
1091402
1091575
1091594
1091507
1091362
1091219
1091138
1091091
1091005
1090885
1090755
1090699
1090778
1090961
1091152
1091271
1091354
1091390
1091369
1091301
1091211
1091113
1090993
1090905
1090867
1090873
1090901
1090931
1090985
1091062
1091170
1091232
1091268
1091313
1091287
1091296
1091286
1091165
1091005
1090847
1090781
1090791
1090859
1090941
1091047
1091186
1091247
1091274
1091275
1091260
1091251
1091178
1091063
1090981
1090960
1091004
1091108
1091156
1091098
1090997
1090905
1090938
1091104
1091287
1091394
1091370
1091302
1091259
1091212
1091199
1091184
1091074
1090964
1090947
1090972
1090991
1091014
1091050
1091068
1091080
1091088
1091085
1091077
1091073
1091068
1091072
1091098
1091095
1091075
1091062
1091053
1091054
1091090
1091186
1091245
1091266
1091214
1091109
1091073
1091063
1091081
1091118
1091135
1091114
1091082
1091072
1091039
1091026
1091038
1091066
1091132
1091154
1091137
1091163
1091185
1091196
1091222
1091205
1091177
1091152
1091086
1091024
1090920
1090853
1090933
1091066
1091244
1091391
1091410
1091335
1091224
1091131
1091031
1090958
1090910
1090896
1090942
1090999
1091106
1091211
1091249
1091268
1091282
1091233
1091105
1090998
1090946
1090962
1091040
1091072
1091031
1091000
1091034
1091105
1091180
1091244
1091296
1091295
1091269
1091254
1091161
1091024
1090887
1090749
1090752
1090881
1091017
1091144
1091231
1091258
1091311
1091422
1091467
1091403
1091240
1091013
1090875
1090826
1090797
1090816
1090887
1091009
1091133
1091219
1091283
1091336
1091369
1091350
1091285
1091216
1091144
1091025
1090880
1090772
1090770
1090855
1090984
1091148
1091272
1091339
1091359
1091340
1091301
1091221
1091115
1091036
1090980
1090939
1090932
1090920
1090931
1090968
1090991
1091039
1091111
1091191
1091239
1091226
1091194
1091116
1091035
1091034
1091058
1091126
1091192
1091204
1091226
1091202
1091185
1091193
1091191
1091193
1091100
1091006
1090971
1090966
1091044
1091080
1091092
1091116
1091094
1091136
1091188
1091172
1091121
1091071
1091089
1091114
1091105
1091105
1091070
1091026
1091008
1090986
1090987
1090983
1090970
1090976
1090981
1091016
1091095
1091161
1091209
1091255
1091253
1091244
1091216
1091173
1091178
1091190
1091210
1091194
1091121
1091082
1091096
1091107
1091113
1091097
1091017
1090953
1090935
1090926
1090972
1091052
1091127
1091188
1091195
1091192
1091226
1091233
1091208
1091199
1091168
1091129
1091089
1091024
1091005
1090976
1090880
1090873
1090934
1090978
1091057
1091097
1091084
1091062
1091050
1091090
1091171
1091217
1091196
1091186
1091187
1091216
1091268
1091251
1091199
1091179
1091152
1091082
1090976
1090806
1090715
1090795
1090976
1091171
1091260
1091268
1091234
1091231
1091247
1091200
1091136
1091064
1091067
1091096
1091054
1090973
1090898
1090945
1091079
1091231
1091357
1091381
1091345
1091294
1091220
1091100
1090968
1090851
1090790
1090827
1090902
1090954
1090997
1091047
1091132
1091238
1091275
1091268
1091244
1091204
1091163
1091063
1090984
1090974
1091022
1091135
1091200
1091117
1090934
1090889
1091041
1091256
1091416
1091401
1091277
1091106
1090950
1090889
1090839
1090830
1090893
1090993
1091120
1091182
1091201
1091236
1091240
1091194
1091129
1091051
1091026
1091091
1091134
1091167
1091223
1091259
1091319
1091394
1091374
1091268
1091129
1090913
1090779
1090747
1090672
1090732
1090834
1090934
1091128
1091200
1091267
1091379
1091381
1091369
1091300
1091162
1091068
1090976
1090916
1090942
1090986
1091046
1091082
1091057
1091040
1091052
1091081
1091116
1091159
1091144
1091093
1091084
1091039
1090975
1090951
1090911
1090897
1090934
1090964
1091051
1091174
1091266
1091348
1091387
1091369
1091309
1091246
1091180
1091068
1090921
1090813
1090824
1090869
1090946
1091050
1091126
1091246
1091346
1091418
1091435
1091323
1091141
1090884
1090694
1090670
1090722
1090881
1091075
1091267
1091474
1091524
1091476
1091417
1091286
1091158
1090973
1090710
1090530
1090466
1090515
1090724
1091001
1091232
1091432
1091554
1091577
1091542
1091422
1091262
1091081
1090910
1090818
1090797
1090873
1090987
1091125
1091242
1091220
1091196
1091200
1091168
1091155
1091077
1090967
1090931
1090944
1091049
1091181
1091193
1091093
1090972
1090894
1090885
1090982
1091106
1091181
1091207
1091162
1091167
1091205
1091208
1091223
1091177
1091105
1091025
1090950
1090894
1090845
1090906
1090996
1091051
1091103
1091099
1091145
1091259
1091324
1091329
1091241
1091167
1091113
1091007
1090951
1090881
1090854
1090963
1091115
1091266
1091331
1091337
1091319
1091233
1091163
1091123
1091069
1091044
1091047
1091085
1091106
1091032
1090936
1090915
1090956
1091032
1091082
1091051
1091042
1091054
1091085
1091126
1091112
1091162
1091266
1091376
1091409
1091252
1091060
1090937
1090871
1090862
1090925
1091018
1091077
1091132
1091168
1091188
1091234
1091250
1091186
1091051
1090885
1090796
1090826
1090940
1091104
1091223
1091292
1091303
1091207
1091068
1090981
1091003
1091033
1091069
1091143
1091192
1091246
1091243
1091197
1091108
1090996
1090962
1090983
1091044
1091099
1091141
1091203
1091245
1091184
1091062
1090964
1090891
1090936
1091055
1091155
1091221
1091200
1091127
1091054
1091002
1090971
1090958
1091007
1091087
1091126
1091163
1091187
1091178
1091189
1091187
1091146
1091073
1091001
1090903
1090853
1090877
1090910
1091026
1091140
1091228
1091290
1091324
1091356
1091308
1091177
1091019
1090908
1090841
1090879
1090981
1091070
1091169
1091225
1091252
1091227
1091196
1091124
1091016
1090971
1090940
1090988
1091016
1090975
1090949
1090930
1091058
1091253
1091311
1091289
1091208
1091109
1091133
1091165
1091131
1091160
1091119
1090986
1090913
1090891
1090999
1091147
1091221
1091328
1091376
1091340
1091279
1091123
1090901
1090720
1090627
1090579
1090654
1090839
1091033
1091295
1091488
1091561
1091582
1091439
1091260
1091141
1090979
1090882
1090866
1090879
1090977
1091074
1091110
1091141
1091131
1091099
1091082
1091025
1091055
1091144
1091178
1091200
1091143
1091054
1091022
1091026
1091031
1090995
1090974
1090999
1091096
1091243
1091304
1091281
1091228
1091108
1091006
1090982
1090946
1090941
1090983
1090996
1091038
1091092
1091138
1091190
1091182
1091131
1091092
1091039
1090960
1090945
1091013
1091120
1091234
1091246
1091220
1091160
1091087
1091100
1091095
1091175
1091269
1091240
1091188
1091011
1090853
1090847
1090866
1090945
1091014
1091078
1091177
1091253
1091326
1091318
1091284
1091275
1091187
1091102
1091040
1090936
1090881
1090875
1090867
1090898
1090903
1090904
1090926
1090988
1091077
1091141
1091307
1091442
1091469
1091477
1091317
1091118
1090926
1090756
1090748
1090758
1090816
1090957
1091085
1091176
1091222
1091252
1091258
1091274
1091285
1091307
1091325
1091244
1091146
1091099
1091030
1090916
1090811
1090732
1090745
1090879
1091064
1091247
1091413
1091540
1091578
1091514
1091353
1091128
1090883
1090686
1090615
1090642
1090712
1090808
1090935
1091075
1091218
1091387
1091509
1091563
1091518
1091351
1091194
1091025
1090903
1090909
1090896
1090833
1090744
1090693
1090758
1090897
1091073
1091220
1091338
1091427
1091424
1091380
1091292
1091174
1091104
1091079
1091085
1091083
1091079
1091094
1091062
1091002
1090973
1090980
1091055
1091213
1091351
1091340
1091240
1091179
1091152
1091093
1091003
1090922
1090843
1090798
1090805
1090845
1090902
1090947
1090983
1091049
1091203
1091385
1091537
1091600
1091506
1091350
1091122
1090866
1090703
1090637
1090680
1090806
1091027
1091222
1091312
1091351
1091311
1091300
1091318
1091293
1091243
1091137
1091043
1091000
1091000
1091003
1090966
1090959
1090987
1091046
1091144
1091218
1091276
1091308
1091271
1091198
1091080
1090941
1090877
1090856
1090855
1090922
1091044
1091195
1091271
1091250
1091182
1091041
1090979
1090932
1090859
1090908
1090962
1091064
1091165
1091250
1091371
1091367
1091345
1091244
1091121
1091083
1091041
1091069
1091074
1091084
1091074
1091050
1091113
1091100
1091036
1090972
1090942
1091039
1091149
1091214
1091250
1091190
1091130
1091107
1091030
1090986
1091000
1091047
1091120
1091209
1091320
1091350
1091313
1091274
1091136
1090989
1090900
1090833
1090830
1090836
1090854
1090921
1091058
1091229
1091330
1091321
1091242
1091126
1091050
1091042
1091005
1090959
1090929
1090966
1091037
1091079
1091117
1091135
1091197
1091266
1091322
1091329
1091243
1091165
1091085
1091014
1090971
1090925
1090887
1090895
1090925
1090945
1091009
1091088
1091194
1091334
1091398
1091367
1091249
1091118
1091067
1091059
1091075
1091107
1091077
1091002
1090971
1090952
1090996
1091132
1091245
1091330
1091345
1091279
1091179
1091063
1090976
1090927
1090878
1090836
1090872
1090948
1091061
1091191
1091224
1091179
1091130
1091096
1091075
1091096
1091103
1091105
1091139
1091112
1091112
1091136
1091057
1090960
1090878
1090865
1090960
1091073
1091184
1091266
1091337
1091359
1091318
1091232
1091046
1090896
1090834
1090852
1091026
1091229
1091348
1091409
1091329
1091160
1091003
1090864
1090877
1090981
1091077
1091148
1091146
1091154
1091203
1091244
1091240
1091188
1091067
1090944
1090869
1090808
1090807
1090858
1090957
1091059
1091126
1091194
1091229
1091236
1091255
1091218
1091119
1091052
1091049
1091066
1091014
1090938
1090911
1090952
1091068
1091173
1091230
1091260
1091221
1091133
1091103
1091063
1090993
1090992
1091046
1091121
1091124
1091103
1091153
1091198
1091216
1091208
1091195
1091167
1091125
1091093
1091048
1091038
1091059
1091077
1091076
1091029
1090995
1090975
1090987
1091041
1091075
1091147
1091206
1091196
1091145
1091033
1090943
1090938
1091024
1091123
1091172
1091200
1091203
1091224
1091159
1091021
1090958
1090977
1091121
1091266
1091320
1091295
1091217
1091156
1091051
1090978
1090913
1090820
1090855
1090912
1090967
1091081
1091182
1091278
1091289
1091249
1091188
1091041
1090922
1090825
1090805
1090925
1091058
1091161
1091176
1091154
1091179
1091221
1091295
1091354
1091356
1091291
1091149
1091033
1090946
1090911
1090938
1090954
1090985
1091006
1091048
1091109
1091161
1091219
1091255
1091231
1091175
1091183
1091190
1091194
1091155
1091081
1091049
1091043
1091103
1091157
1091166
1091121
1091021
1090941
1090910
1090955
1091040
1091108
1091216
1091307
1091274
1091158
1090996
1090858
1090779
1090797
1090858
1090896
1090958
1090999
1091037
1091128
1091232
1091299
1091354
1091336
1091279
1091254
1091187
1091122
1091041
1090967
1090974
1090982
1091017
1091107
1091184
1091233
1091204
1091137
1091080
1091063
1091072
1091035
1090993
1090957
1090982
1091068
1091168
1091219
1091172
1091132
1091134
1091157
1091149
1091131
1091140
1091129
1091145
1091181
1091187
1091212
1091218
1091166
1091096
1091034
1090985
1090980
1090987
1090962
1090979
1090990
1091021
1091098
1091103
1091105
1091142
1091156
1091159
1091118
1091044
1091014
1091026
1091069
1091121
1091157
1091155
1091111
1091049
1091010
1091012
1091047
1091107
1091117
1091124
1091165
1091160
1091130
1091096
1091005
1090895
1090866
1090883
1090935
1091018
1091090
1091167
1091225
1091264
1091333
1091396
1091409
1091399
1091318
1091208
1091111
1091025
1091025
1091065
1091097
1091111
1091126
1091174
1091258
1091311
1091241
1091083
1090916
1090852
1090869
1090858
1090838
1090828
1090869
1091004
1091122
1091168
1091192
1091193
1091190
1091156
1091117
1091086
1091032
1091040
1091034
1090951
1090904
1090974
1091094
1091151
1091137
1091065
1090964
1090932
1090993
1091050
1091082
1091089
1091114
1091210
1091338
1091453
1091467
1091385
1091266
1091155
1091062
1090994
1090939
1090930
1091044
1091126
1091135
1091125
1091125
1091205
1091263
1091238
1091132
1091002
1090958
1090958
1090966
1091021
1091044
1090980
1090909
1090891
1090946
1091049
1091158
1091251
1091319
1091349
1091305
1091162
1091044
1091027
1091050
1091080
1091027
1090910
1090827
1090838
1090925
1090995
1091047
1091126
1091255
1091380
1091472
1091478
1091372
1091245
1091151
1091073
1090937
1090817
1090729
1090689
1090789
1090958
1091149
1091268
1091295
1091265
1091211
1091255
1091305
1091304
1091235
1091039
1090862
1090775
1090767
1090899
1091074
1091209
1091304
1091288
1091192
1091081
1091019
1091018
1091029
1091023
1090982
1090995
1091091
1091195
1091277
1091241
1091118
1091052
1091047
1091075
1091132
1091179
1091206
1091248
1091272
1091227
1091151
1091048
1090969
1090988
1091026
1091071
1091097
1091059
1091047
1091034
1091043
1091101
1091144
1091203
1091189
1091103
1091083
1091124
1091142
1091118
1091046
1090918
1090858
1090842
1090849
1090958
1091048
1091121
1091218
1091249
1091308
1091388
1091427
1091451
1091349
1091146
1090935
1090741
1090655
1090732
1090884
1091021
1091117
1091131
1091133
1091176
1091229
1091350
1091419
1091335
1091243
1091167
1091090
1091016
1090918
1090878
1090938
1091039
1091125
1091218
1091286
1091285
1091288
1091248
1091180
1091122
1091030
1090999
1090997
1091001
1091087
1091122
1091126
1091188
1091219
1091269
1091332
1091290
1091218
1091126
1090944
1090807
1090756
1090739
1090826
1090922
1090989
1091132
1091222
1091205
1091136
1091033
1091016
1091057
1091068
1091129
1091222
1091241
1091218
1091157
1091067
1091060
1091077
1091084
1091100
1091053
1090985
1090970
1090990
1091036
1091131
1091238
1091338
1091334
1091250
1091272
1091304
1091338
1091355
1091193
1091049
1090988
1090893
1090869
1090930
1090998
1091043
1091025
1091043
1091166
1091245
1091247
1091231
1091197
1091171
1091162
1091101
1091056
1091080
1091068
1091117
1091191
1091138
1091076
1091067
1091086
1091048
1090911
1090781
1090752
1090863
1091019
1091129
1091186
1091248
1091372
1091439
1091379
1091238
1091063
1090957
1090921
1090919
1090956
1091007
1091110
1091206
1091295
1091389
1091389
1091352
1091247
1091137
1091075
1090962
1090861
1090844
1090965
1091140
1091250
1091222
1091151
1091127
1091088
1091162
1091274
1091301
1091260
1091124
1090989
1090962
1091028
1091095
1091148
1091171
1091172
1091190
1091148
1091023
1090893
1090833
1090924
1091072
1091142
1091192
1091216
1091218
1091206
1091164
1091174
1091192
1091172
1091107
1090965
1090839
1090832
1090956
1091152
1091271
1091249
1091143
1091027
1090986
1090950
1090920
1090984
1091101
1091227
1091295
1091324
1091320
1091273
1091214
1091156
1091134
1091109
1091086
1091068
1091055
1091076
1091090
1091129
1091197
1091283
1091378
1091342
1091199
1091049
1090922
1090870
1090866
1090920
1091029
1091172
1091330
1091418
1091380
1091252
1091183
1091105
1091046
1091041
1090931
1090853
1090768
1090669
1090701
1090804
1090968
1091133
1091310
1091405
1091358
1091243
1091094
1091103
1091181
1091265
1091326
1091255
1091225
1091197
1091173
1091154
1091059
1090950
1090877
1090929
1091005
1091101
1091184
1091193
1091225
1091198
1091207
1091181
1091095
1091086
1091084
1091162
1091157
1091068
1091009
1090983
1091090
1091172
1091220
1091203
1091171
1091193
1091156
1091114
1091043
1091005
1091001
1090997
1090997
1090985
1091052
1091139
1091255
1091328
1091331
1091322
1091204
1091090
1090974
1090891
1090891
1090857
1090876
1090905
1090947
1091057
1091146
1091208
1091188
1091113
1091051
1091024
1091052
1091181
1091342
1091385
1091358
1091274
1091194
1091131
1091047
1091059
1091114
1091145
1091163
1091138
1091082
1091029
1090990
1090997
1091049
1091091
1091101
1091047
1090999
1091009
1091047
1091112
1091113
1091105
1091159
1091231
1091284
1091223
1091136
1091095
1091094
1091122
1091075
1091006
1090916
1090908
1091006
1091101
1091233
1091241
1091165
1091046
1090957
1090979
1090951
1090983
1091028
1091073
1091160
1091183
1091188
1091195
1091218
1091220
1091261
1091319
1091365
1091364
1091246
1091134
1090989
1090931
1090964
1090994
1091105
1091169
1091241
1091245
1091157
1091127
1091103
1091119
1091073
1090958
1090843
1090763
1090850
1090971
1091139
1091333
1091419
1091417
1091310
1091171
1090971
1090840
1090800
1090736
1090779
1090857
1091015
1091197
1091306
1091367
1091291
1091223
1091134
1091060
1091058
1091055
1091109
1091147
1091250
1091375
1091420
1091397
1091247
1091159
1091131
1091134
1091204
1091181
1091082
1090910
1090781
1090754
1090799
1090956
1091130
1091338
1091394
1091348
1091369
1091331
1091313
1091224
1091122
1091042
1090926
1090869
1090798
1090764
1090750
1090800
1090922
1091063
1091249
1091267
1091186
1091118
1091072
1091098
1091028
1090899
1090801
1090819
1091021
1091254
1091429
1091463
1091417
1091368
1091288
1091207
1091086
1090980
1090926
1090916
1090902
1090853
1090958
1091147
1091275
1091317
1091237
1091190
1091291
1091496
1091622
1091564
1091338
1091041
1090895
1090825
1090848
1090969
1091049
1091222
1091322
1091318
1091278
1091102
1090990
1090918
1090851
1090816
1090795
1090876
1090976
1091049
1091020
1090939
1090880
1090835
1090926
1091049
1091185
1091294
1091302
1091283
1091144
1091029
1091011
1091040
1091157
1091191
1091172
1091137
1091095
1091150
1091231
1091357
1091446
1091448
1091403
1091262
1091164
1091103
1090999
1090844
1090616
1090550
1090707
1090918
1091129
1091281
1091386
1091518
1091619
1091630
1091529
1091310
1091060
1090785
1090571
1090540
1090616
1090766
1090973
1091142
1091254
1091341
1091444
1091549
1091533
1091401
1091225
1090988
1090804
1090702
1090667
1090727
1090788
1090892
1091011
1091116
1091236
1091309
1091367
1091354
1091274
1091120
1090987
1091017
1091068
1091096
1091040
1090963
1090944
1090937
1090982
1091067
1091259
1091454
1091540
1091505
1091322
1091198
1091115
1091007
1090967
1090889
1090805
1090780
1090818
1091023
1091248
1091372
1091432
1091423
1091384
1091374
1091405
1091341
1091166
1090927
1090695
1090590
1090554
1090606
1090713
1090842
1091023
1091174
1091324
1091454
1091520
1091505
1091378
1091189
1090999
1090877
1090823
1090824
1090845
1090838
1090841
1090956
1091227
1091513
1091718
1091792
1091646
1091350
1091048
1090829
1090761
1090799
1090868
1090881
1090789
1090798
1090995
1091270
1091563
1091719
1091677
1091519
1091320
1091148
1090985
1090777
1090522
1090306
1090213
1090319
1090635
1091047
1091457
1091705
1091723
1091641
1091506
1091365
1091265
1091137
1090987
1090855
1090795
1090788
1090776
1090804
1090893
1091071
1091263
1091414
1091521
1091511
1091496
1091446
1091302
1091189
1091008
1090821
1090749
1090728
1090824
1090973
1091065
1091151
1091258
1091382
1091468
1091492
1091467
1091380
1091240
1091126
1091040
1090924
1090844
1090773
1090702
1090775
1090952
1091131
1091291
1091346
1091309
1091238
1091111
1090997
1090931
1090849
1090772
1090775
1090828
1090919
1091099
1091306
1091422
1091379
1091258
1091183
1091183
1091253
1091254
1091146
1091001
1090852
1090805
1090844
1090993
1091241
1091430
1091526
1091506
1091432
1091415
1091417
1091350
1091210
1091027
1090850
1090760
1090745
1090798
1090869
1090868
1090897
1091062
1091295
1091529
1091651
1091611
1091435
1091203
1091025
1090828
1090676
1090593
1090514
1090574
1090714
1090936
1091254
1091508
1091682
1091689
1091535
1091339
1091165
1091116
1091127
1091029
1090805
1090583
1090475
1090552
1090747
1090932
1091146
1091281
1091332
1091455
1091547
1091593
1091557
1091340
1091052
1090722
1090482
1090468
1090646
1091016
1091373
1091560
1091576
1091435
1091340
1091449
1091582
1091559
1091379
1091025
1090755
1090707
1090735
1090851
1090903
1090865
1090873
1090954
1091205
1091526
1091686
1091657
1091452
1091184
1091016
1090881
1090748
1090664
1090637
1090686
1090859
1091125
1091358
1091533
1091574
1091475
1091330
1091123
1090972
1090934
1090857
1090765
1090674
1090578
1090610
1090796
1091073
1091371
1091574
1091582
1091475
1091350
1091235
1091211
1091223
1091203
1091151
1091007
1090871
1090874
1090947
1091094
1091214
1091181
1091159
1091210
1091357
1091538
1091551
1091392
1091116
1090851
1090715
1090703
1090782
1090843
1090887
1090965
1091077
1091281
1091518
1091697
1091768
1091577
1091173
1090822
1090639
1090621
1090699
1090757
1090749
1090758
1090867
1091055
1091261
1091391
1091422
1091367
1091240
1091164
1091157
1091140
1091076
1090936
1090787
1090696
1090789
1091050
1091257
1091391
1091456
1091458
1091438
1091389
1091288
1091172
1091109
1091017
1090940
1090938
1090934
1091017
1091135
1091146
1091112
1091079
1091118
1091221
1091310
1091358
1091256
1091022
1090815
1090722
1090775
1090898
1091017
1091036
1090965
1090948
1090970
1091078
1091228
1091311
1091430
1091475
1091424
1091382
1091275
1091176
1091086
1090955
1090859
1090836
1090941
1091098
1091199
1091250
1091225
1091162
1091175
1091232
1091241
1091186
1091012
1090763
1090582
1090566
1090701
1090899
1091128
1091291
1091397
1091511
1091543
1091504
1091439
1091342
1091225
1091072
1090901
1090765
1090748
1090842
1090974
1091094
1091190
1091287
1091372
1091384
1091311
1091173
1090984
1090840
1090773
1090799
1090919
1090988
1091060
1091135
1091164
1091202
1091208
1091245
1091231
1091211
1091259
1091176
1091118
1091105
1091015
1090982
1090971
1090960
1091003
1091056
1091079
1091139
1091211
1091194
1091175
1091135
1091054
1091000
1090890
1090784
1090811
1090952
1091199
1091387
1091345
1091202
1091072
1091049
1091155
1091264
1091316
1091243
1091133
1091060
1091013
1091057
1091135
1091231
1091270
1091196
1091156
1091123
1091133
1091219
1091221
1091153
1091093
1091058
1091012
1090961
1090907
1090849
1090863
1090914
1091001
1091080
1091105
1091170
1091230
1091283
1091303
1091260
1091246
1091238
1091231
1091173
1091033
1090937
1090909
1090912
1090925
1090959
1091052
1091118
1091153
1091171
1091107
1091024
1090982
1090979
1091003
1091055
1091101
1091110
1091138
1091161
1091174
1091201
1091234
1091280
1091275
1091221
1091123
1090985
1090902
1090893
1090981
1091126
1091237
1091315
1091330
1091312
1091307
1091296
1091261
1091180
1091065
1090940
1090883
1090894
1090869
1090866
1090899
1090940
1091053
1091154
1091229
1091288
1091270
1091232
1091206
1091217
1091220
1091146
1091055
1090942
1090855
1090824
1090812
1090870
1090955
1091081
1091273
1091427
1091520
1091516
1091372
1091201
1091092
1091051
1091074
1091113
1091094
1091035
1091018
1090994
1090967
1090974
1090943
1090954
1091014
1091085
1091212
1091285
1091262
1091236
1091235
1091194
1091139
1091086
1091005
1090955
1090863
1090796
1090858
1090962
1091121
1091236
1091223
1091138
1091049
1091026
1091040
1091091
1091134
1091088
1091020
1090979
1090988
1091043
1091112
1091172
1091193
1091246
1091308
1091325
1091356
1091356
1091307
1091258
1091206
1091089
1090951
1090865
1090796
1090843
1090961
1091077
1091250
1091328
1091322
1091310
1091235
1091194
1091180
1091138
1091108
1091022
1090909
1090912
1090972
1091055
1091165
1091203
1091196
1091185
1091156
1091112
1091065
1091049
1091048
1091069
1091114
1091144
1091143
1091138
1091148
1091158
1091128
1091038
1090983
1090960
1090943
1090992
1091011
1090981
1090957
1090955
1091005
1091083
1091146
1091166
1091212
1091250
1091229
1091209
1091137
1091046
1090988
1090944
1090954
1091029
1091114
1091148
1091168
1091168
1091152
1091202
1091281
1091321
1091347
1091330
1091274
1091249
1091229
1091225
1091199
1091130
1091052
1090962
1090945
1090968
1091006
1091090
1091159
1091205
1091198
1091130
1091055
1091041
1091054
1091034
1091050
1091076
1091070
1091071
1091021
1090956
1090963
1091015
1091101
1091179
1091204
1091220
1091215
1091189
1091143
1091038
1090891
1090796
1090799
1090877
1091056
1091197
1091207
1091228
1091230
1091233
1091279
1091242
1091173
1091111
1091020
1091004
1091054
1091077
1091087
1091094
1091111
1091189
1091289
1091306
1091238
1091136
1091064
1091045
1091046
1091073
1091073
1091087
1091126
1091087
1091035
1091011
1091010
1091070
1091152
1091181
1091161
1091102
1091032
1091036
1091090
1091157
1091269
1091350
1091352
1091340
1091273
1091161
1091077
1090951
1090872
1090910
1090938
1090970
1091066
1091159
1091211
1091192
1091093
1091045
1091030
1090963
1090908
1090896
1090948
1091071
1091165
1091194
1091224
1091240
1091277
1091307
1091228
1091140
1091045
1090906
1090852
1090870
1090925
1091028
1091080
1091096
1091153
1091194
1091217
1091258
1091263
1091248
1091301
1091324
1091250
1091140
1090984
1090864
1090824
1090808
1090859
1090997
1091137
1091253
1091362
1091412
1091406
1091335
1091252
1091230
1091186
1091096
1090968
1090822
1090713
1090720
1090840
1090993
1091182
1091323
1091378
1091383
1091289
1091169
1091101
1091080
1091110
1091067
1090950
1090918
1090957
1091013
1091074
1091119
1091161
1091155
1091090
1091056
1091064
1091089
1091108
1091071
1090980
1090886
1090837
1090844
1090951
1091121
1091246
1091338
1091400
1091362
1091263
1091216
1091189
1091139
1091103
1091087
1091090
1091110
1091154
1091167
1091138
1091178
1091184
1091096
1091022
1090999
1091049
1091054
1091035
1091081
1091108
1091146
1091192
1091226
1091230
1091173
1091078
1091022
1091042
1091071
1091127
1091182
1091183
1091167
1091129
1091050
1090998
1090957
1090921
1090956
1090980
1091010
1091068
1091127
1091203
1091211
1091160
1091085
1091031
1091045
1091067
1091085
1091107
1091131
1091186
1091221
1091235
1091239
1091155
1091092
1091117
1091081
1091010
1090964
1090903
1090942
1091048
1091126
1091254
1091326
1091352
1091376
1091290
1091186
1091089
1090995
1090946
1090933
1090968
1091020
1091102
1091185
1091227
1091277
1091274
1091269
1091291
1091230
1091170
1091084
1090927
1090755
1090606
1090616
1090836
1091178
1091494
1091639
1091580
1091428
1091263
1091104
1091029
1090994
1090945
1090887
1090802
1090767
1090800
1090895
1091050
1091143
1091144
1091140
1091193
1091232
1091181
1091097
1090964
1090814
1090776
1090784
1090827
1090923
1090992
1091070
1091160
1091294
1091508
1091695
1091798
1091751
1091582
1091388
1091129
1090846
1090605
1090441
1090416
1090555
1090823
1091137
1091501
1091779
1091890
1091877
1091662
1091401
1091139
1090838
1090591
1090376
1090301
1090393
1090611
1090897
1091139
1091353
1091529
1091626
1091638
1091566
1091382
1091157
1090923
1090740
1090645
1090556
1090583
1090723
1090893
1091082
1091193
1091251
1091326
1091403
1091494
1091522
1091452
1091327
1091130
1090963
1090849
1090731
1090648
1090644
1090735
1090949
1091220
1091440
1091648
1091741
1091682
1091590
1091413
1091164
1090960
1090796
1090642
1090599
1090612
1090636
1090753
1090884
1091080
1091325
1091478
1091615
1091703
1091712
1091681
1091483
1091139
1090806
1090550
1090445
1090450
1090504
1090647
1090866
1091131
1091409
1091652
1091730
1091682
1091584
1091404
1091290
1091185
1090994
1090813
1090618
1090526
1090625
1090783
1090936
1091044
1091092
1091119
1091194
1091299
1091403
1091463
1091355
1091220
1091094
1090923
1090804
1090700
1090634
1090661
1090765
1090955
1091221
1091429
1091545
1091600
1091594
1091569
1091492
1091369
1091212
1091007
1090726
1090487
1090378
1090439
1090716
1091015
1091262
1091422
1091507
1091604
1091660
1091666
1091603
1091398
1091092
1090759
1090500
1090417
1090450
1090596
1090819
1091036
1091265
1091474
1091625
1091709
1091697
1091601
1091451
1091204
1090905
1090672
1090514
1090499
1090612
1090702
1090811
1090934
1091057
1091222
1091311
1091365
1091410
1091376
1091296
1091191
1091021
1090795
1090637
1090601
1090661
1090798
1090889
1090934
1091061
1091224
1091397
1091535
1091549
1091532
1091527
1091469
1091377
1091257
1091088
1090914
1090775
1090716
1090792
1090943
1091101
1091320
1091488
1091515
1091470
1091298
1091121
1091044
1090992
1090930
1090778
1090575
1090457
1090506
1090782
1091183
1091459
1091596
1091603
1091491
1091366
1091238
1091169
1091080
1090940
1090835
1090736
1090669
1090664
1090748
1090884
1090990
1091082
1091189
1091259
1091370
1091558
1091603
1091497
1091311
1091113
1090984
1090851
1090734
1090611
1090574
1090746
1091057
1091425
1091662
1091709
1091600
1091400
1091280
1091237
1091197
1091100
1090933
1090729
1090574
1090587
1090733
1090997
1091250
1091362
1091447
1091460
1091424
1091395
1091306
1091214
1091050
1090833
1090734
1090708
1090681
1090728
1090817
1090884
1091038
1091191
1091327
1091523
1091578
1091534
1091483
1091307
1091078
1090849
1090537
1090354
1090420
1090584
1090867
1091150
1091304
1091428
1091460
1091438
1091463
1091458
1091439
1091364
1091188
1091030
1090924
1090828
1090792
1090864
1090925
1091004
1091117
1091157
1091276
1091445
1091543
1091625
1091574
1091353
1091164
1090977
1090754
1090676
1090650
1090690
1090879
1091043
1091192
1091291
1091261
1091255
1091288
1091227
1091169
1091129
1090965
1090865
1090793
1090668
1090737
1090840
1090935
1091137
1091232
1091303
1091434
1091442
1091427
1091468
1091386
1091305
1091233
1090966
1090804
1090685
1090450
1090455
1090568
1090750
1091158
1091407
1091450
1091504
1091453
1091426
1091587
1091601
1091497
1091414
1091058
1090715
1090554
1090400
1090526
1090779
1090944
1091170
1091354
1091454
1091582
1091587
1091443
1091411
1091280
1091064
1090967
1090735
1090581
1090538
1090405
1090465
1090641
1090832
1091183
1091516
1091723
1091889
1091821
1091519
1091234
1090979
1090875
1090911
1090867
1090769
1090685
1090666
1090817
1091106
1091392
1091666
1091850
1091797
1091628
1091410
1091184
1091046
1090808
1090501
1090328
1090244
1090396
1090811
1091211
1091507
1091641
1091546
1091410
1091339
1091261
1091238
1091169
1091001
1090879
1090707
1090532
1090502
1090540
1090667
1090904
1091118
1091302
1091497
1091607
1091632
1091568
1091420
1091329
1091226
1091037
1090814
1090597
1090488
1090584
1090816
1091016
1091226
1091389
1091469
1091617
1091686
1091631
1091494
1091229
1090995
1090818
1090705
1090776
1090919
1091053
1091189
1091176
1091047
1091003
1091016
1091078
1091274
1091415
1091369
1091256
1091064
1090895
1090853
1090813
1090809
1090859
1090872
1090963
1091090
1091074
1091060
1091150
1091272
1091440
1091531
1091417
1091249
1091029
1090811
1090783
1090774
1090772
1090835
1090788
1090771
1090888
1091029
1091242
1091416
1091444
1091426
1091323
1091203
1091186
1091145
1091084
1091073
1091012
1091021
1091118
1091095
1091093
1091126
1091099
1091188
1091303
1091357
1091390
1091270
1091087
1090978
1090943
1090978
1091060
1091114
1091069
1091013
1090987
1091005
1091068
1091071
1091093
1091127
1091073
1091058
1091058
1091050
1091151
1091267
1091324
1091271
1091140
1091064
1091040
1091009
1090935
1090831
1090740
1090771
1090896
1091019
1091152
1091249
1091269
1091257
1091269
1091228
1091142
1091058
1090946
1090911
1090922
1090986
1091128
1091193
1091207
1091221
1091216
1091248
1091296
1091279
1091238
1091137
1090984
1090930
1090906
1090912
1091037
1091109
1091146
1091236
1091186
1091067
1091052
1091033
1091078
1091197
1091228
1091259
1091285
1091228
1091184
1091110
1091026
1090999
1090942
1090913
1090927
1090907
1090962
1091057
1091055
1091055
1091053
1090996
1091038
1091145
1091215
1091266
1091267
1091222
1091145
1091051
1090929
1090837
1090828
1090868
1091003
1091151
1091217
1091231
1091189
1091162
1091216
1091256
1091252
1091266
1091212
1091136
1091068
1090961
1090930
1090924
1090947
1091054
1091080
1091060
1091064
1091013
1091008
1091106
1091162
1091251
1091354
1091320
1091262
1091146
1091014
1090998
1091003
1091037
1091060
1090983
1090906
1090896
1090958
1091102
1091247
1091345
1091322
1091243
1091255
1091274
1091290
1091255
1091128
1090974
1090773
1090660
1090698
1090812
1090968
1091096
1091233
1091395
1091503
1091549
1091531
1091384
1091193
1091019
1090776
1090598
1090528
1090530
1090705
1090916
1091073
1091178
1091201
1091222
1091245
1091246
1091260
1091258
1091221
1091203
1091217
1091263
1091235
1091085
1090968
1090908
1090979
1091127
1091131
1091108
1091094
1091057
1091087
1091091
1091041
1090996
1091009
1091094
1091141
1091178
1091215
1091136
1091055
1091049
1091064
1091150
1091216
1091199
1091250
1091330
1091379
1091435
1091351
1091166
1090982
1090790
1090745
1090843
1090946
1091052
1091152
1091235
1091321
1091328
1091235
1091120
1090984
1090907
1090909
1090882
1090900
1090948
1090940
1090963
1090976
1090895
1090866
1090943
1091030
1091200
1091363
1091464
1091571
1091499
1091332
1091233
1091146
1091107
1091073
1090959
1090806
1090675
1090642
1090770
1090967
1091184
1091396
1091471
1091505
1091587
1091617
1091626
1091538
1091282
1091001
1090717
1090523
1090495
1090482
1090529
1090651
1090825
1091153
1091466
1091623
1091688
1091680
1091614
1091503
1091365
1091179
1090953
1090740
1090551
1090417
1090396
1090544
1090805
1091082
1091304
1091444
1091563
1091620
1091570
1091422
1091184
1090983
1090867
1090816
1090864
1090918
1090943
1090978
1090975
1091007
1091133
1091329
1091552
1091622
1091470
1091165
1090886
1090785
1090777
1090751
1090679
1090642
1090760
1090981
1091223
1091398
1091450
1091530
1091604
1091511
1091328
1091158
1091064
1091047
1091055
1091018
1090968
1090961
1090915
1090886
1090953
1091084
1091193
1091222
1091185
1091120
1091112
1091152
1091207
1091270
1091277
1091258
1091178
1091003
1090856
1090759
1090728
1090757
1090817
1090986
1091253
1091553
1091729
1091728
1091622
1091385
1091189
1091058
1090837
1090702
1090619
1090516
1090615
1090774
1090941
1091173
1091243
1091257
1091290
1091289
1091355
1091362
1091287
1091196
1091010
1090847
1090715
1090622
1090732
1090917
1091159
1091379
1091406
1091466
1091470
1091419
1091459
1091388
1091299
1091200
1091043
1090902
1090707
1090571
1090548
1090618
1090785
1090894
1090996
1091198
1091432
1091649
1091704
1091655
1091573
1091404
1091254
1091034
1090803
1090732
1090695
1090640
1090570
1090539
1090643
1090879
1091173
1091356
1091358
1091276
1091202
1091165
1091244
1091376
1091430
1091358
1091063
1090683
1090493
1090680
1091191
1091658
1091814
1091589
1091214
1091006
1090935
1090838
1090680
1090581
1090688
1090987
1091232
1091302
1091308
1091311
1091406
1091503
1091431
1091220
1090936
1090774
1090812
1090971
1091209
1091422
1091472
1091295
1091070
1090896
1090754
1090777
1090837
1090914
1091064
1091125
1091239
1091312
1091338
1091417
1091229
1091022
1090912
1090755
1090812
1090869
1090748
1090616
1090561
1090740
1091094
1091421
1091566
1091453
1091263
1091143
1091138
1091267
1091327
1091308
1091245
1091085
1091044
1090975
1090870
1090874
1090826
1090927
1091098
1091221
1091381
1091388
1091377
1091414
1091347
1091214
1091015
1090823
1090755
1090801
1090942
1091077
1091166
1091267
1091378
1091503
1091522
1091427
1091265
1091025
1090922
1090875
1090821
1090847
1090727
1090651
1090740
1090733
1090789
1090940
1091062
1091242
1091289
1091199
1091223
1091223
1091228
1091273
1091152
1090951
1090736
1090595
1090729
1091011
1091259
1091451
1091499
1091395
1091278
1091203
1091169
1091190
1091200
1091143
1091101
1091046
1091020
1091170
1091275
1091231
1091148
1091006
1090951
1090998
1091025
1091127
1091201
1091203
1091233
1091195
1091191
1091191
1091111
1091074
1091017
1090993
1091047
1091106
1091134
1091105
1091130
1091165
1091158
1091102
1090953
1090892
1090925
1090906
1090828
1090656
1090540
1090626
1090813
1091096
1091345
1091466
1091458
1091210
1090970
1090906
1090966
1091148
1091309
1091397
1091396
1091273
1091081
1090931
1090869
1090933
1091118
1091269
1091392
1091488
1091481
1091360
1091189
1091086
1090996
1090920
1090860
1090790
1090822
1090929
1091108
1091314
1091398
1091413
1091407
1091388
1091374
1091267
1091076
1090900
1090715
1090538
1090514
1090646
1090854
1091117
1091309
1091422
1091490
1091458
1091427
1091331
1091114
1090918
1090749
1090691
1090814
1090926
1090933
1090931
1090913
1090941
1091046
1091079
1091126
1091215
1091313
1091470
1091510
1091411
1091267
1091074
1090942
1090885
1090876
1090966
1091100
1091245
1091373
1091444
1091423
1091296
1091179
1091037
1090881
1090849
1090874
1090987
1091102
1091059
1090993
1090954
1090952
1091025
1091097
1091155
1091172
1091146
1091192
1091289
1091314
1091271
1091192
1091096
1091004
1090880
1090821
1090897
1091016
1091131
1091179
1091169
1091138
1091119
1091177
1091224
1091180
1091084
1090978
1090892
1090896
1091043
1091221
1091339
1091376
1091310
1091179
1091021
1090886
1090845
1090886
1091029
1091257
1091392
1091388
1091301
1091192
1091112
1091071
1091027
1090933
1090889
1090879
1090891
1090908
1090876
1090929
1091058
1091221
1091349
1091369
1091362
1091328
1091319
1091280
1091171
1091081
1090918
1090734
1090637
1090638
1090800
1090999
1091154
1091258
1091285
1091360
1091434
1091422
1091362
1091229
1091096
1091016
1090981
1090916
1090809
1090774
1090772
1090850
1091003
1091153
1091359
1091473
1091464
1091381
1091182
1091001
1090907
1090924
1091021
1091103
1091184
1091196
1091139
1091090
1091073
1091097
1091123
1091185
1091217
1091159
1091076
1090975
1090939
1090943
1090893
1090900
1090967
1091054
1091183
1091299
1091432
1091533
1091539
1091482
1091343
1091195
1091023
1090858
1090816
1090853
1090977
1091117
1091162
1091123
1091013
1090889
1090794
1090818
1090943
1091030
1091109
1091179
1091251
1091375
1091459
1091479
1091454
1091318
1091158
1091082
1091006
1090937
1090870
1090762
1090707
1090683
1090732
1090871
1090984
1091129
1091240
1091309
1091378
1091378
1091357
1091279
1091189
1091112
1091003
1090986
1091048
1091173
1091322
1091318
1091257
1091163
1091048
1091072
1091074
1091045
1091062
1091028
1090985
1090950
1090933
1090919
1090960
1091051
1091126
1091276
1091405
1091474
1091465
1091305
1091201
1091150
1091075
1091074
1091103
1091075
1091017
1090987
1090931
1090863
1090807
1090740
1090818
1090942
1090988
1091075
1091086
1091084
1091190
1091257
1091320
1091367
1091305
1091215
1091138
1091060
1091034
1091083
1091111
1091180
1091284
1091274
1091282
1091252
1091106
1091031
1090955
1090869
1090859
1090857
1090885
1091002
1091166
1091291
1091383
1091424
1091404
1091360
1091216
1091031
1090919
1090818
1090802
1090891
1090975
1091084
1091151
1091146
1091151
1091104
1091025
1091016
1091003
1091022
1091137
1091144
1091132
1091152
1091112
1091181
1091230
1091209
1091211
1091130
1091037
1090947
1090843
1090844
1090923
1091015
1091137
1091215
1091247
1091288
1091298
1091326
1091416
1091476
1091412
1091227
1090935
1090653
1090583
1090655
1090841
1091091
1091248
1091389
1091421
1091344
1091331
1091303
1091217
1091127
1090997
1090857
1090825
1090793
1090747
1090763
1090800
1090986
1091247
1091359
1091353
1091250
1091091
1091010
1090999
1090984
1090957
1090932
1090972
1091072
1091123
1091148
1091162
1091170
1091182
1091160
1091207
1091276
1091286
1091193
1091007
1090934
1091010
1091206
1091369
1091376
1091284
1091110
1090991
1091001
1091131
1091307
1091300
1091092
1090848
1090699
1090742
1090962
1091253
1091490
1091603
1091572
1091383
1091115
1090847
1090633
1090560
1090654
1090860
1091115
1091300
1091309
1091189
1091026
1090956
1091025
1091101
1091168
1091180
1091074
1090899
1090685
1090620
1090791
1091107
1091439
1091540
1091432
1091308
1091202
1091130
1091080
1091058
1091144
1091298
1091365
1091314
1091178
1091045
1091068
1091195
1091287
1091257
1091107
1090999
1090978
1091018
1091060
1091000
1090897
1090804
1090815
1090925
1091014
1091120
1091243
1091387
1091499
1091477
1091305
1091060
1090895
1090755
1090721
1090841
1090928
1091034
1091096
1091103
1091158
1091147
1091140
1091174
1091202
1091256
1091275
1091227
1091142
1091090
1091097
1091101
1091022
1090954
1091004
1091059
1091166
1091277
1091273
1091250
1091149
1091053
1091031
1090975
1090926
1090910
1090969
1091057
1091081
1091097
1091125
1091167
1091193
1091179
1091160
1091153
1091145
1091110
1091059
1091043
1091076
1091133
1091192
1091175
1091113
1091076
1091055
1091120
1091179
1091145
1091074
1090947
1090824
1090740
1090724
1090819
1091021
1091235
1091329
1091391
1091476
1091516
1091483
1091272
1090983
1090803
1090712
1090806
1091072
1091298
1091407
1091376
1091263
1091172
1091147
1091174
1091195
1091200
1091174
1091098
1090994
1090868
1090780
1090781
1090890
1091114
1091320
1091442
1091433
1091185
1090861
1090617
1090491
1090589
1090839
1091059
1091167
1091159
1091111
1091120
1091212
1091323
1091449
1091536
1091468
1091264
1091030
1090837
1090728
1090750
1090896
1091057
1091159
1091188
1091148
1091164
1091294
1091442
1091551
1091562
1091426
1091203
1091034
1090962
1090935
1090915
1090887
1090903
1090940
1090956
1090978
1091057
1091261
1091484
1091552
1091421
1091161
1090925
1090764
1090701
1090753
1090819
1090887
1090901
1090878
1090975
1091172
1091460
1091679
1091577
1091262
1090980
1090844
1090780
1090691
1090515
1090460
1090749
1091159
1091512
1091642
1091555
1091495
1091458
1091419
1091334
1091124
1090894
1090753
1090718
1090783
1090907
1091008
1091153
1091345
1091493
1091584
1091483
1091253
1091045
1090846
1090836
1090988
1091108
1091178
1091181
1091174
1091200
1091237
1091294
1091359
1091328
1091166
1090906
1090613
1090472
1090548
1090734
1090867
1090937
1091026
1091140
1091259
1091317
1091303
1091291
1091371
1091475
1091513
1091434
1091225
1090980
1090684
1090460
1090475
1090699
1091084
1091435
1091580
1091548
1091383
1091160
1090978
1090885
1090894
1091031
1091209
1091316
1091309
1091217
1091209
1091303
1091365
1091358
1091252
1091026
1090822
1090700
1090632
1090729
1090904
1091021
1091061
1091027
1091025
1091092
1091208
1091363
1091441
1091364
1091220
1091044
1090920
1090950
1091049
1091155
1091182
1091047
1090865
1090789
1090833
1090939
1091060
1091160
1091209
1091231
1091311
1091450
1091560
1091595
1091436
1091139
1090911
1090803
1090809
1090807
1090798
1090854
1090915
1091017
1091143
1091192
1091230
1091302
1091345
1091371
1091321
1091221
1091157
1091110
1091151
1091202
1091194
1091129
1090952
1090805
1090752
1090840
1091060
1091204
1091223
1091073
1090810
1090667
1090698
1090896
1091201
1091409
1091444
1091344
1091165
1091059
1091032
1091025
1091139
1091267
1091317
1091396
1091387
1091258
1091153
1091050
1090978
1090968
1090943
1090938
1090960
1090988
1091120
1091298
1091451
1091563
1091522
1091372
1091184
1090984
1090795
1090625
1090558
1090625
1090759
1090884
1090956
1090931
1090898
1091033
1091296
1091548
1091717
1091667
1091377
1090999
1090732
1090710
1090847
1091065
1091257
1091304
1091261
1091199
1091159
1091139
1091112
1091090
1091077
1091047
1091026
1091028
1091063
1091139
1091198
1091294
1091409
1091430
1091389
1091238
1091041
1090892
1090795
1090808
1090809
1090809
1090804
1090784
1090913
1091038
1091079
1091121
1091121
1091175
1091287
1091320
1091278
1091217
1091168
1091189
1091238
1091259
1091270
1091215
1091093
1090944
1090810
1090819
1090946
1091114
1091247
1091235
1091165
1091098
1091080
1091173
1091259
1091273
1091243
1091213
1091231
1091303
1091376
1091396
1091335
1091152
1090961
1090884
1090914
1090996
1091021
1090999
1091006
1091060
1091086
1091051
1091005
1090927
1090871
1090858
1090891
1091031
1091202
1091302
1091315
1091262
1091147
1091050
1091003
1090985
1091076
1091212
1091326
1091400
1091375
1091240
1091041
1090899
1090839
1090875
1090935
1090983
1091090
1091161
1091264
1091353
1091421
1091551
1091511
1091357
1091147
1090868
1090747
1090763
1090850
1090966
1091031
1091121
1091194
1091183
1091165
1091189
1091270
1091307
1091246
1091160
1091060
1090964
1090886
1090788
1090678
1090685
1090813
1090963
1091146
1091254
1091301
1091347
1091313
1091288
1091246
1091189
1091207
1091221
1091218
1091170
1091090
1091003
1090923
1090905
1090903
1090966
1091105
1091230
1091332
1091330
1091254
1091187
1091103
1091045
1090973
1090869
1090808
1090829
1090989
1091205
1091343
1091384
1091298
1091164
1091115
1091063
1090975
1090872
1090777
1090790
1090846
1090933
1091072
1091195
1091310
1091409
1091448
1091403
1091322
1091198
1091075
1091033
1091020
1091043
1091094
1091175
1091295
1091350
1091324
1091236
1091121
1091046
1090971
1090927
1090919
1090927
1091015
1091031
1090978
1090974
1090955
1091011
1091095
1091104
1091166
1091229
1091219
1091211
1091151
1091025
1090949
1090889
1090835
1090887
1091004
1091137
1091277
1091354
1091378
1091332
1091193
1091099
1091018
1090927
1090930
1090960
1091029
1091080
1091114
1091196
1091237
1091316
1091350
1091285
1091227
1091116
1091064
1091089
1091073
1091098
1091123
1091048
1090984
1090954
1090932
1090965
1090987
1091034
1091156
1091244
1091283
1091272
1091107
1090869
1090695
1090608
1090719
1090921
1091078
1091262
1091365
1091386
1091426
1091383
1091277
1091209
1091158
1091112
1091029
1090920
1090906
1090966
1091073
1091206
1091221
1091112
1091016
1091031
1091156
1091323
1091389
1091353
1091308
1091167
1091037
1090960
1090862
1090849
1090862
1090899
1090990
1091051
1091056
1091012
1090976
1091014
1091177
1091363
1091470
1091479
1091371
1091250
1091128
1090970
1090845
1090757
1090715
1090768
1090853
1090921
1091035
1091112
1091131
1091182
1091163
1091081
1091047
1091099
1091186
1091255
1091332
1091384
1091460
1091492
1091463
1091457
1091403
1091353
1091214
1090959
1090736
1090519
1090400
1090443
1090553
1090773
1091108
1091376
1091549
1091653
1091597
1091519
1091471
1091308
1091133
1090977
1090734
1090543
1090436
1090373
1090496
1090743
1091001
1091303
1091520
1091589
1091618
1091540
1091405
1091286
1091051
1090784
1090546
1090347
1090338
1090473
1090681
1091000
1091375
1091739
1092048
1092171
1092062
1091800
1091372
1090912
1090613
1090419
1090370
1090506
1090708
1091023
1091359
1091555
1091684
1091708
1091664
1091613
1091441
1091167
1090848
1090536
1090340
1090269
1090366
1090650
1090977
1091304
1091546
1091619
1091615
1091500
1091230
1090906
1090593
1090365
1090322
1090401
1090568
1090854
1091140
1091386
1091560
1091621
1091621
1091581
1091493
1091336
1091183
1091066
1090970
1090923
1090870
1090857
1090934
1091066
1091245
1091436
1091591
1091603
1091452
1091251
1091065
1090925
1090810
1090716
1090647
1090635
1090727
1090876
1091093
1091348
1091592
1091793
1091854
1091738
1091448
1091059
1090661
1090368
1090287
1090336
1090512
1090800
1091061
1091223
1091243
1091216
1091150
1091070
1091079
1091114
1091172
1091199
1091157
1091155
1091229
1091322
1091377
1091396
1091358
1091285
1091234
1091200
1091162
1091048
1090884
1090773
1090717
1090774
1090849
1090837
1090883
1091021
1091210
1091391
1091537
1091618
1091538
1091410
1091265
1091029
1090856
1090715
1090571
1090557
1090616
1090803
1091060
1091244
1091375
1091401
1091403
1091384
1091306
1091175
1091006
1090944
1090935
1090924
1090925
1090922
1090940
1090922
1090907
1090940
1091010
1091127
1091271
1091399
1091486
1091591
1091611
1091533
1091429
1091211
1090985
1090845
1090770
1090740
1090707
1090725
1090779
1090893
1091080
1091248
1091400
1091433
1091372
1091293
1091145
1091037
1090932
1090843
1090923
1091102
1091260
1091341
1091317
1091166
1090964
1090806
1090725
1090753
1090839
1090946
1091080
1091225
1091363
1091444
1091397
1091217
1090955
1090698
1090562
1090575
1090737
1091004
1091244
1091383
1091381
1091276
1091130
1091031
1091025
1091033
1091077
1091117
1091152
1091247
1091267
1091239
1091247
1091220
1091166
1091135
1091139
1091194
1091268
1091259
1091169
1091069
1090936
1090851
1090813
1090757
1090871
1091113
1091321
1091525
1091545
1091377
1091235
1091085
1090955
1090833
1090666
1090594
1090644
1090804
1091024
1091165
1091207
1091179
1091112
1091083
1091137
1091223
1091270
1091300
1091258
1091146
1091064
1091013
1091020
1091052
1091041
1090967
1090828
1090712
1090609
1090603
1090735
1090890
1091114
1091267
1091383
1091608
1091716
1091705
1091639
1091491
1091282
1091012
1090799
1090732
1090778
1090888
1091044
1091118
1091143
1091203
1091237
1091227
1091083
1090990
1090980
1090965
1090980
1091002
1091145
1091261
1091356
1091450
1091321
1091096
1090945
1090910
1090948
1090992
1091014
1090931
1090822
1090813
1090781
1090837
1090977
1091073
1091282
1091345
1091328
1091379
1091259
1091148
1090973
1090737
1090659
1090617
1090645
1090814
1091074
1091299
1091453
1091568
1091561
1091519
1091474
1091338
1091196
1091067
1090925
1090853
1090790
1090771
1090872
1090983
1091109
1091210
1091238
1091283
1091357
1091404
1091387
1091297
1091112
1090972
1090980
1091049
1091131
1091150
1091122
1091077
1091000
1090960
1090940
1090874
1090803
1090769
1090802
1090911
1091038
1091179
1091323
1091396
1091388
1091329
1091242
1091102
1090948
1090857
1090835
1090905
1091059
1091201
1091313
1091360
1091294
1091193
1091043
1090938
1090951
1090947
1091029
1091135
1091165
1091208
1091201
1091213
1091256
1091210
1091070
1090948
1090866
1090800
1090840
1090926
1091061
1091193
1091240
1091299
1091259
1091152
1091098
1091053
1091058
1091057
1091007
1090975
1090968
1090999
1091079
1091181
1091309
1091387
1091384
1091330
1091223
1091087
1090985
1091001
1091045
1091068
1091078
1091013
1090957
1090950
1090986
1091008
1090989
1091009
1091045
1091104
1091165
1091143
1091071
1091054
1091077
1091106
1091140
1091113
1091094
1091101
1091123
1091208
1091293
1091355
1091348
1091268
1091158
1091062
1091035
1091021
1091026
1090989
1090884
1090798
1090720
1090742
1090823
1090928
1091094
1091175
1091275
1091407
1091397
1091305
1091171
1090993
1090884
1090868
1090903
1091003
1091099
1091149
1091151
1091120
1091091
1091106
1091178
1091229
1091263
1091267
1091277
1091287
1091147
1090994
1090919
1090901
1091020
1091191
1091288
1091275
1091211
1091175
1091138
1091083
1091076
1091135
1091199
1091209
1091138
1091059
1090981
1090900
1090868
1090822
1090812
1090872
1090964
1091118
1091266
1091320
1091267
1091171
1091105
1091085
1091104
1091098
1091049
1090983
1090918
1090898
1090917
1090981
1091094
1091215
1091326
1091355
1091283
1091187
1091100
1091075
1091075
1091036
1090967
1090889
1090866
1090912
1091027
1091194
1091367
1091473
1091409
1091275
1091132
1090977
1090881
1090810
1090820
1090943
1091088
1091250
1091393
1091472
1091448
1091326
1091162
1091003
1090876
1090816
1090862
1090942
1091062
1091196
1091295
1091347
1091252
1091143
1091061
1091041
1091077
1090976
1090875
1090794
1090816
1091084
1091343
1091483
1091429
1091228
1091045
1090868
1090767
1090741
1090742
1090803
1090879
1090926
1091031
1091182
1091322
1091440
1091422
1091317
1091194
1091083
1091076
1091122
1091161
1091203
1091266
1091310
1091232
1091053
1090866
1090798
1090939
1091162
1091351
1091423
1091369
1091332
1091300
1091233
1091127
1090999
1090911
1090853
1090895
1091024
1091095
1091090
1091041
1091008
1091040
1091066
1091058
1091048
1091039
1091056
1091023
1090941
1090899
1090884
1090899
1090915
1090930
1090948
1091039
1091259
1091449
1091526
1091450
1091261
1091111
1091014
1091004
1091053
1091069
1091115
1091207
1091308
1091391
1091355
1091193
1090997
1090862
1090869
1091001
1091195
1091384
1091457
1091400
1091247
1091044
1090871
1090763
1090743
1090779
1090834
1090887
1090973
1091166
1091376
1091541
1091584
1091407
1091153
1090896
1090755
1090798
1090850
1090917
1090976
1091006
1091018
1090985
1090976
1090993
1091085
1091194
1091253
1091346
1091418
1091481
1091502
1091393
1091240
1091061
1090925
1090862
1090741
1090615
1090619
1090831
1091193
1091510
1091676
1091658
1091473
1091213
1090963
1090809
1090766
1090826
1090908
1090940
1091008
1091095
1091222
1091386
1091453
1091415
1091276
1091134
1091036
1090958
1090944
1090936
1090937
1090955
1090963
1091018
1091113
1091220
1091221
1091087
1090966
1090927
1090938
1090914
1090889
1090878
1090926
1091209
1091611
1091831
1091729
1091455
1091207
1091073
1091073
1091018
1090891
1090847
1090914
1091089
1091280
1091364
1091324
1091166
1090934
1090770
1090656
1090622
1090774
1090982
1091200
1091394
1091491
1091499
1091400
1091214
1091017
1090893
1090835
1090858
1090982
1091122
1091251
1091296
1091198
1091058
1090927
1090823
1090811
1090904
1090983
1091061
1091163
1091211
1091333
1091452
1091459
1091415
1091262
1091065
1090884
1090715
1090713
1090887
1091062
1091263
1091428
1091499
1091556
1091484
1091258
1090983
1090771
1090716
1090842
1091050
1091201
1091246
1091116
1090959
1090925
1090941
1091014
1091057
1090960
1090874
1090914
1091058
1091312
1091543
1091613
1091459
1091112
1090793
1090605
1090583
1090705
1090862
1091051
1091228
1091374
1091533
1091657
1091672
1091579
1091377
1091157
1090962
1090717
1090563
1090540
1090630
1090853
1091039
1091167
1091260
1091299
1091377
1091459
1091504
1091512
1091406
1091233
1091066
1090940
1090844
1090734
1090669
1090625
1090664
1090814
1090983
1091205
1091376
1091552
1091732
1091754
1091704
1091515
1091209
1090895
1090550
1090333
1090314
1090445
1090742
1091122
1091449
1091692
1091799
1091715
1091467
1091110
1090760
1090546
1090512
1090646
1090907
1091186
1091397
1091514
1091490
1091309
1091138
1091061
1091006
1091040
1091134
1091208
1091302
1091388
1091427
1091308
1091047
1090801
1090549
1090413
1090545
1090794
1091074
1091363
1091516
1091535
1091510
1091455
1091374
1091238
1091078
1090921
1090798
1090778
1090789
1090799
1090865
1090964
1091111
1091301
1091460
1091565
1091576
1091443
1091295
1091219
1091123
1091020
1090890
1090668
1090505
1090500
1090649
1090897
1091170
1091413
1091523
1091549
1091524
1091471
1091421
1091326
1091200
1091021
1090814
1090643
1090551
1090607
1090801
1090995
1091137
1091247
1091320
1091399
1091472
1091503
1091390
1091152
1090914
1090702
1090606
1090571
1090617
1090842
1091131
1091408
1091546
1091528
1091505
1091456
1091364
1091272
1091129
1090970
1090887
1090922
1091030
1091054
1091066
1091155
1091217
1091281
1091335
1091285
1091131
1090928
1090734
1090611
1090693
1090940
1091209
1091482
1091637
1091651
1091533
1091215
1090904
1090671
1090505
1090538
1090701
1090864
1091054
1091288
1091465
1091590
1091680
1091635
1091494
1091316
1091064
1090799
1090572
1090398
1090383
1090539
1090752
1090960
1091132
1091255
1091410
1091545
1091579
1091590
1091551
1091450
1091296
1091072
1090893
1090820
1090821
1090891
1090986
1091089
1091180
1091163
1091084
1091020
1090981
1091028
1091140
1091254
1091311
1091232
1091055
1090870
1090787
1090838
1090977
1091163
1091300
1091387
1091435
1091451
1091460
1091427
1091342
1091185
1090972
1090700
1090455
1090315
1090300
1090512
1090873
1091252
1091539
1091659
1091627
1091517
1091376
1091252
1091170
1091050
1090982
1090971
1090986
1091061
1091105
1091112
1091105
1091039
1090943
1090934
1090999
1091070
1091143
1091178
1091161
1091132
1091088
1091081
1091131
1091136
1091131
1091107
1091064
1091109
1091167
1091202
1091227
1091231
1091190
1091065
1090996
1090988
1090994
1091077
1091128
1091141
1091169
1091172
1091148
1091066
1090935
1090851
1090861
1090979
1091152
1091267
1091287
1091265
1091269
1091248
1091175
1091061
1090891
1090728
1090667
1090746
1090930
1091188
1091411
1091525
1091532
1091424
1091259
1091040
1090875
1090854
1090919
1091063
1091207
1091297
1091329
1091291
1091196
1091070
1090965
1090859
1090823
1090884
1090947
1091038
1091126
1091173
1091165
1091126
1091075
1091043
1091085
1091133
1091209
1091256
1091241
1091281
1091334
1091407
1091441
1091315
1091140
1091015
1090963
1090964
1090942
1090897
1090839
1090825
1090881
1090933
1090982
1091028
1091089
1091176
1091241
1091295
1091308
1091243
1091168
1091096
1090976
1090874
1090842
1090856
1090906
1091006
1091165
1091343
1091498
1091579
1091554
1091377
1091115
1090873
1090658
1090598
1090671
1090805
1091017
1091196
1091325
1091405
1091405
1091361
1091285
1091168
1091067
1091025
1091012
1091036
1091016
1090914
1090838
1090812
1090846
1090946
1091110
1091327
1091504
1091582
1091590
1091491
1091280
1091041
1090837
1090714
1090674
1090752
1090884
1091002
1091110
1091162
1091239
1091263
1091217
1091171
1091046
1090992
1091043
1091130
1091269
1091332
1091291
1091195
1091075
1090974
1090912
1090888
1090871
1090895
1090968
1091077
1091194
1091287
1091372
1091388
1091331
1091245
1091144
1091074
1091023
1091009
1090988
1090908
1090871
1090882
1090998
1091253
1091476
1091567
1091521
1091362
1091126
1090914
1090780
1090688
1090652
1090732
1090905
1091035
1091117
1091202
1091305
1091408
1091457
1091490
1091522
1091446
1091260
1091025
1090744
1090596
1090602
1090666
1090834
1091002
1091125
1091222
1091302
1091378
1091383
1091337
1091283
1091229
1091146
1091020
1090898
1090758
1090656
1090649
1090703
1090865
1091131
1091386
1091569
1091634
1091555
1091394
1091231
1091090
1090982
1090950
1090953
1091023
1091129
1091155
1091163
1091124
1091043
1090982
1090902
1090931
1091105
1091270
1091361
1091330
1091196
1091121
1091116
1091132
1091181
1091166
1091095
1091021
1090931
1090917
1091039
1091105
1091097
1091167
1091104
1090977
1091020
1091096
1091241
1091409
1091406
1091295
1091046
1090697
1090512
1090464
1090508
1090739
1091036
1091333
1091643
1091788
1091715
1091529
1091196
1090904
1090811
1090775
1090869
1091009
1091029
1091075
1091152
1091218
1091327
1091371
1091327
1091307
1091237
1091146
1091163
1091142
1091073
1091019
1090867
1090782
1090821
1090811
1090876
1090972
1090970
1091063
1091175
1091184
1091233
1091212
1091129
1091152
1091133
1091101
1091160
1091148
1091175
1091278
1091214
1091133
1091130
1091042
1091001
1091019
1090982
1091024
1091079
1091084
1091162
1091214
1091234
1091302
1091295
1091229
1091142
1090919
1090693
1090595
1090557
1090689
1091012
1091293
1091498
1091629
1091585
1091473
1091277
1090982
1090810
1090710
1090683
1090802
1090883
1090974
1091110
1091208
1091327
1091420
1091406
1091301
1091138
1090971
1090936
1091031
1091136
1091258
1091235
1091063
1090935
1090838
1090871
1091013
1091125
1091269
1091381
1091390
1091388
1091314
1091146
1090992
1090850
1090774
1090793
1090852
1090951
1091020
1091001
1091001
1091062
1091131
1091254
1091360
1091393
1091397
1091332
1091290
1091301
1091294
1091294
1091261
1091156
1091004
1090814
1090618
1090528
1090602
1090772
1090973
1091161
1091344
1091477
1091508
1091413
1091178
1090930
1090751
1090681
1090752
1090898
1091054
1091179
1091217
1091217
1091238
1091226
1091234
1091223
1091128
1091066
1091062
1091134
1091245
1091276
1091177
1091003
1090846
1090749
1090787
1090889
1091058
1091339
1091583
1091707
1091623
1091382
1091108
1090857
1090736
1090718
1090740
1090827
1090943
1091075
1091233
1091309
1091305
1091299
1091264
1091239
1091253
1091266
1091251
1091185
1091033
1090875
1090845
1090835
1090832
1090894
1090926
1090984
1091076
1091176
1091341
1091449
1091437
1091338
1091130
1090894
1090714
1090673
1090772
1090900
1090999
1091066
1091122
1091161
1091272
1091402
1091408
1091404
1091322
1091158
1091046
1090894
1090820
1090872
1090954
1091106
1091192
1091172
1091192
1091236
1091293
1091371
1091338
1091208
1091115
1091075
1091051
1091036
1091002
1090946
1090925
1090859
1090780
1090811
1090939
1091143
1091357
1091525
1091577
1091462
1091236
1091025
1090880
1090756
1090698
1090653
1090659
1090829
1091040
1091261
1091387
1091367
1091352
1091275
1091173
1091104
1091028
1091039
1091047
1091055
1091137
1091126
1091045
1090993
1090956
1090981
1091076
1091203
1091277
1091244
1091151
1091077
1091069
1091071
1091081
1091126
1091180
1091232
1091272
1091281
1091185
1090977
1090790
1090765
1090876
1091032
1091217
1091383
1091502
1091510
1091348
1091040
1090691
1090499
1090524
1090694
1090918
1091109
1091216
1091234
1091195
1091148
1091132
1091148
1091228
1091319
1091369
1091415
1091389
1091301
1091154
1090948
1090778
1090646
1090635
1090763
1090957
1091226
1091489
1091670
1091728
1091659
1091450
1091120
1090794
1090580
1090506
1090563
1090701
1090798
1090923
1091088
1091192
1091304
1091382
1091414
1091423
1091311
1091111
1090918
1090769
1090739
1090806
1090898
1091094
1091295
1091416
1091457
1091290
1091069
1090916
1090815
1090887
1091032
1091172
1091350
1091458
1091519
1091519
1091351
1091138
1090923
1090722
1090703
1090785
1090888
1091080
1091251
1091393
1091470
1091408
1091305
1091098
1090886
1090737
1090576
1090562
1090670
1090838
1091034
1091193
1091372
1091495
1091525
1091472
1091272
1091077
1090970
1090869
1090848
1090926
1091007
1091101
1091172
1091162
1091175
1091138
1091050
1091090
1091101
1091080
1091099
1091035
1091029
1091051
1090996
1091018
1091017
1090962
1091009
1091063
1091176
1091319
1091356
1091418
1091449
1091380
1091276
1091134
1091043
1091038
1091019
1090998
1091033
1091059
1091085
1091055
1090941
1090870
1090762
1090695
1090801
1090995
1091306
1091538
1091569
1091526
1091319
1091046
1090844
1090670
1090617
1090666
1090823
1091111
1091335
1091471
1091522
1091429
1091277
1091130
1091025
1090949
1090847
1090759
1090721
1090749
1090896
1091055
1091202
1091371
1091401
1091420
1091470
1091397
1091338
1091220
1091046
1090927
1090751
1090720
1090834
1090887
1091048
1091239
1091299
1091292
1091195
1091098
1091091
1091074
1091027
1090952
1090905
1090948
1090993
1091060
1091124
1091133
1091164
1091206
1091300
1091387
1091354
1091260
1091100
1090939
1090866
1090834
1090835
1090876
1090915
1090979
1091096
1091192
1091300
1091381
1091359
1091317
1091236
1091128
1091067
1091009
1090969
1090969
1090974
1091040
1091150
1091203
1091225
1091202
1091087
1090964
1090899
1090910
1091012
1091171
1091290
1091326
1091346
1091372
1091357
1091245
1091026
1090741
1090509
1090459
1090608
1090875
1091124
1091322
1091448
1091435
1091390
1091303
1091159
1091071
1090993
1090961
1090997
1090977
1090944
1090917
1090907
1090994
1091082
1091171
1091277
1091327
1091358
1091299
1091144
1091039
1090976
1090987
1091079
1091130
1091166
1091142
1091105
1091144
1091157
1091169
1091164
1091154
1091168
1091162
1091147
1091127
1091179
1091211
1091145
1091035
1090852
1090722
1090721
1090787
1090929
1091106
1091239
1091320
1091310
1091221
1091148
1091032
1090881
1090808
1090783
1090858
1091039
1091196
1091338
1091416
1091420
1091405
1091314
1091222
1091133
1091026
1090971
1090871
1090772
1090758
1090835
1091098
1091375
1091555
1091618
1091482
1091300
1091094
1090843
1090703
1090688
1090755
1090887
1090989
1091042
1091085
1091151
1091270
1091330
1091245
1091092
1090906
1090782
1090857
1091016
1091142
1091226
1091283
1091381
1091468
1091474
1091396
1091274
1091183
1091140
1091078
1090957
1090824
1090656
1090554
1090582
1090672
1090909
1091201
1091428
1091597
1091628
1091531
1091373
1091154
1090926
1090826
1090892
1091054
1091186
1091157
1091048
1090971
1090891
1090866
1090933
1091016
1091109
1091165
1091145
1091206
1091347
1091417
1091319
1091019
1090723
1090594
1090578
1090658
1090803
1090949
1091135
1091383
1091587
1091696
1091625
1091387
1091172
1091039
1090937
1090833
1090752
1090704
1090718
1090850
1091063
1091316
1091498
1091542
1091531
1091430
1091291
1091181
1091028
1090933
1090933
1090878
1090782
1090757
1090808
1090977
1091237
1091437
1091548
1091512
1091360
1091217
1091024
1090845
1090749
1090690
1090739
1090881
1091024
1091195
1091365
1091464
1091470
1091326
1091140
1091019
1090954
1090969
1090967
1090902
1090840
1090811
1090826
1090882
1091006
1091146
1091252
1091386
1091439
1091418
1091442
1091378
1091265
1091151
1091005
1090925
1090826
1090730
1090726
1090695
1090694
1090784
1090922
1091175
1091439
1091645
1091777
1091745
1091596
1091323
1091001
1090704
1090484
1090437
1090519
1090755
1091045
1091253
1091397
1091506
1091623
1091686
1091594
1091308
1090968
1090766
1090731
1090787
1090766
1090654
1090595
1090696
1090940
1091240
1091511
1091654
1091679
1091595
1091433
1091245
1091055
1090889
1090689
1090562
1090534
1090548
1090757
1091073
1091361
1091537
1091513
1091398
1091298
1091306
1091355
1091333
1091204
1090946
1090752
1090647
1090623
1090743
1090918
1091090
1091194
1091263
1091325
1091387
1091452
1091460
1091446
1091342
1091175
1090995
1090759
1090602
1090532
1090534
1090657
1090847
1091093
1091414
1091699
1091753
1091587
1091252
1090902
1090775
1090755
1090771
1090812
1090832
1090892
1090985
1091116
1091196
1091260
1091356
1091367
1091351
1091288
1091214
1091146
1091034
1090959
1090848
1090825
1090902
1090985
1091164
1091315
1091494
1091650
1091652
1091571
1091348
1091061
1090754
1090473
1090315
1090256
1090341
1090575
1090921
1091281
1091535
1091629
1091579
1091553
1091571
1091540
1091420
1091135
1090796
1090552
1090448
1090483
1090625
1090844
1091059
1091276
1091465
1091644
1091819
1091837
1091696
1091385
1090973
1090649
1090478
1090423
1090477
1090650
1090844
1091101
1091391
1091596
1091702
1091595
1091344
1091141
1091001
1090951
1090955
1090900
1090801
1090703
1090641
1090684
1090818
1090994
1091210
1091384
1091472
1091522
1091558
1091568
1091491
1091266
1090963
1090655
1090436
1090421
1090565
1090854
1091156
1091300
1091321
1091272
1091285
1091380
1091385
1091246
1091017
1090775
1090680
1090786
1090989
1091169
1091277
1091311
1091260
1091261
1091353
1091398
1091360
1091200
1090980
1090852
1090838
1090853
1090854
1090831
1090800
1090820
1090893
1091038
1091254
1091440
1091540
1091545
1091475
1091419
1091357
1091239
1091114
1090910
1090691
1090610
1090615
1090755
1090995
1091162
1091224
1091170
1090997
1090883
1090980
1091172
1091406
1091507
1091374
1091176
1090942
1090857
1090950
1091004
1091051
1091086
1091055
1091083
1091159
1091197
1091202
1091088
1090953
1090910
1090923
1091001
1091041
1091047
1091082
1091091
1091119
1091216
1091309
1091417
1091428
1091266
1091086
1090886
1090789
1090821
1090825
1090863
1090859
1090852
1091040
1091300
1091545
1091725
1091691
1091610
1091504
1091302
1091160
1090899
1090542
1090308
1090213
1090396
1090779
1091182
1091571
1091787
1091820
1091773
1091636
1091456
1091225
1090932
1090663
1090446
1090296
1090319
1090510
1090768
1091017
1091206
1091416
1091631
1091808
1091961
1091920
1091616
1091141
1090639
1090244
1090063
1090107
1090311
1090642
1090991
1091288
1091518
1091714
1091868
1091902
1091794
1091572
1091268
1090896
1090590
1090434
1090382
1090397
1090481
1090640
1090856
1091118
1091414
1091746
1092009
1092111
1092109
1091946
1091592
1091154
1090685
1090325
1090166
1090169
1090383
1090684
1090946
1091170
1091291
1091363
1091399
1091415
1091472
1091513
1091537
1091481
1091292
1091016
1090676
1090398
1090303
1090389
1090616
1090923
1091243
1091549
1091692
1091665
1091605
1091445
1091264
1091043
1090725
1090468
1090301
1090284
1090481
1090834
1091225
1091538
1091649
1091598
1091526
1091410
1091347
1091330
1091246
1091154
1091045
1090964
1090923
1090863
1090835
1090822
1090828
1090934
1091112
1091319
1091502
1091578
1091540
1091440
1091331
1091180
1091047
1090937
1090803
1090742
1090682
1090664
1090774
1090885
1091041
1091188
1091306
1091461
1091520
1091498
1091392
1091167
1090958
1090751
1090574
1090534
1090615
1090820
1091107
1091375
1091562
1091668
1091702
1091600
1091426
1091289
1091135
1090965
1090805
1090618
1090492
1090456
1090439
1090559
1090781
1091005
1091227
1091343
1091401
1091453
1091445
1091440
1091450
1091466
1091465
1091464
1091467
1091362
1091213
1091054
1090826
1090661
1090543
1090475
1090568
1090737
1090943
1091161
1091297
1091355
1091353
1091354
1091412
1091458
1091426
1091318
1091167
1090970
1090784
1090716
1090700
1090755
1090873
1090933
1091006
1091113
1091220
1091332
1091392
1091425
1091454
1091391
1091289
1091196
1091074
1090992
1090887
1090736
1090638
1090591
1090639
1090771
1090946
1091111
1091208
1091293
1091405
1091471
1091392
1091203
1091007
1090915
1090959
1091089
1091275
1091412
1091523
1091616
1091566
1091477
1091401
1091262
1091113
1090923
1090641
1090366
1090189
1090188
1090336
1090537
1090829
1091199
1091588
1091908
1092047
1091988
1091767
1091512
1091237
1090935
1090702
1090582
1090555
1090579
1090683
1090849
1091038
1091213
1091352
1091453
1091459
1091440
1091312
1091084
1090933
1090792
1090749
1090795
1090854
1090962
1091027
1091126
1091189
1091213
1091271
1091196
1091116
1091107
1091158
1091270
1091397
1091532
1091532
1091440
1091271
1091056
1090903
1090793
1090799
1090807
1090825
1090902
1090922
1091002
1091109
1091198
1091268
1091255
1091249
1091239
1091210
1091141
1091079
1091050
1090989
1090978
1090897
1090815
1090853
1090859
1090986
1091145
1091234
1091355
1091374
1091357
1091351
1091297
1091200
1091091
1090978
1090871
1090840
1090777
1090803
1091008
1091198
1091420
1091512
1091414
1091302
1091124
1091008
1090990
1090959
1090977
1091045
1091116
1091159
1091164
1091059
1090924
1090885
1090847
1090862
1090919
1091037
1091259
1091398
1091477
1091468
1091383
1091281
1091107
1090984
1090884
1090832
1090887
1090959
1091047
1091126
1091146
1091102
1091112
1091115
1091049
1091036
1091030
1091094
1091195
1091260
1091327
1091270
1091153
1091054
1090960
1090915
1090966
1091042
1091081
1091125
1091093
1091119
1091161
1091141
1091151
1091019
1090938
1090944
1090960
1091138
1091261
1091297
1091288
1091194
1091069
1090965
1090944
1090904
1090930
1091041
1091107
1091168
1091148
1091102
1091037
1090988
1091007
1090987
1091064
1091239
1091427
1091582
1091608
1091509
1091345
1091199
1091052
1090958
1090878
1090818
1090845
1090864
1090896
1090895
1090943
1091039
1091071
1091137
1091175
1091195
1091239
1091279
1091291
1091260
1091204
1091103
1091070
1091057
1091047
1091083
1091056
1091032
1091008
1090952
1090941
1090967
1091053
1091208
1091313
1091348
1091407
1091412
1091365
1091304
1091094
1090834
1090613
1090450
1090475
1090625
1090886
1091167
1091371
1091509
1091521
1091490
1091360
1091179
1091053
1090959
1090966
1091019
1091058
1091059
1091079
1091036
1090997
1091043
1091035
1091121
1091193
1091260
1091354
1091368
1091393
1091284
1091137
1090956
1090813
1090834
1090912
1091050
1091135
1091201
1091178
1091144
1091159
1091159
1091174
1091081
1091060
1091071
1091097
1091129
1091042
1090968
1090851
1090866
1091053
1091269
1091409
1091413
1091366
1091269
1091257
1091225
1091083
1090938
1090777
1090660
1090649
1090764
1090971
1091175
1091276
1091347
1091401
1091396
1091364
1091189
1090977
1090877
1090835
1090905
1091091
1091277
1091350
1091281
1091087
1090870
1090745
1090737
1090875
1091034
1091168
1091313
1091430
1091514
1091505
1091343
1091137
1091006
1090868
1090778
1090791
1090874
1091039
1091173
1091231
1091199
1091189
1091222
1091205
1091177
1091088
1091007
1090987
1091014
1091105
1091211
1091225
1091155
1091116
1091059
1091025
1091029
1091022
1090982
1090936
1090951
1090998
1091154
1091303
1091352
1091349
1091303
1091264
1091179
1091104
1091018
1090929
1090868
1090861
1090935
1090967
1090990
1091063
1091182
1091258
1091332
1091415
1091411
1091393
1091301
1091115
1090881
1090677
1090629
1090730
1090886
1091036
1091165
1091273
1091324
1091245
1091119
1090952
1090860
1090900
1090953
1091068
1091131
1091114
1091114
1091134
1091130
1091104
1091109
1091144
1091234
1091346
1091418
1091419
1091326
1091149
1090977
1090845
1090756
1090723
1090770
1090894
1091070
1091254
1091392
1091533
1091596
1091567
1091444
1091136
1090777
1090539
1090426
1090512
1090802
1091052
1091272
1091470
1091545
1091595
1091618
1091524
1091395
1091193
1090931
1090712
1090483
1090389
1090395
1090465
1090666
1090894
1091138
1091395
1091605
1091712
1091719
1091635
1091504
1091354
1091232
1091101
1090943
1090771
1090585
1090532
1090633
1090865
1091106
1091242
1091287
1091286
1091304
1091297
1091202
1091091
1090990
1090837
1090793
1090923
1091115
1091290
1091354
1091334
1091289
1091314
1091379
1091370
1091305
1091100
1090810
1090603
1090486
1090573
1090816
1091044
1091302
1091545
1091668
1091660
1091561
1091416
1091262
1091092
1090861
1090640
1090520
1090507
1090573
1090726
1090919
1091057
1091168
1091288
1091403
1091539
1091665
1091671
1091540
1091353
1091137
1090986
1090890
1090742
1090624
1090591
1090627
1090770
1090999
1091245
1091490
1091658
1091686
1091588
1091377
1091141
1090952
1090818
1090714
1090647
1090593
1090555
1090642
1090867
1091140
1091410
1091648
1091792
1091887
1091888
1091738
1091589
1091353
1091046
1090753
1090428
1090307
1090330
1090363
1090529
1090763
1091035
1091309
1091495
1091618
1091723
1091763
1091702
1091505
1091193
1090925
1090730
1090584
1090502
1090447
1090427
1090495
1090737
1091110
1091440
1091632
1091686
1091660
1091574
1091399
1091165
1090887
1090650
1090588
1090641
1090795
1090999
1091108
1091172
1091222
1091277
1091339
1091381
1091438
1091504
1091532
1091494
1091417
1091201
1090893
1090635
1090383
1090283
1090366
1090514
1090812
1091160
1091419
1091666
1091842
1091870
1091827
1091661
1091325
1090913
1090495
1090207
1090165
1090302
1090519
1090755
1090985
1091214
1091462
1091694
1091833
1091879
1091799
1091558
1091212
1090842
1090567
1090454
1090556
1090800
1091019
1091232
1091398
1091447
1091425
1091350
1091307
1091291
1091232
1091125
1090952
1090797
1090715
1090675
1090660
1090693
1090744
1090810
1090980
1091223
1091470
1091608
1091636
1091597
1091490
1091410
1091271
1091037
1090792
1090524
1090326
1090304
1090462
1090751
1091063
1091286
1091454
1091630
1091801
1091882
1091757
1091440
1091038
1090677
1090441
1090379
1090497
1090684
1090934
1091267
1091543
1091680
1091670
1091552
1091417
1091274
1091080
1090853
1090698
1090675
1090725
1090848
1090982
1091016
1091026
1091070
1091173
1091289
1091268
1091216
1091230
1091324
1091509
1091543
1091351
1091030
1090641
1090389
1090342
1090449
1090734
1091065
1091313
1091539
1091714
1091766
1091694
1091485
1091176
1090823
1090547
1090506
1090634
1090791
1090929
1090934
1090871
1090921
1091053
1091253
1091497
1091678
1091763
1091711
1091487
1091166
1090904
1090745
1090641
1090576
1090531
1090588
1090781
1091043
1091332
1091493
1091502
1091503
1091493
1091469
1091403
1091216
1090990
1090848
1090755
1090682
1090671
1090656
1090702
1090844
1090978
1091190
1091419
1091565
1091680
1091671
1091534
1091353
1091131
1090873
1090653
1090497
1090439
1090558
1090734
1090927
1091156
1091337
1091496
1091627
1091672
1091589
1091353
1091045
1090767
1090594
1090523
1090510
1090600
1090780
1091055
1091407
1091705
1091889
1091912
1091771
1091509
1091202
1090951
1090802
1090727
1090626
1090533
1090504
1090517
1090619
1090833
1091085
1091312
1091486
1091584
1091632
1091608
1091469
1091240
1091012
1090854
1090744
1090675
1090624
1090626
1090770
1091018
1091328
1091575
1091635
1091523
1091280
1091132
1091117
1091095
1091067
1090979
1090855
1090729
1090621
1090586
1090603
1090689
1090857
1091123
1091409
1091596
1091753
1091874
1091801
1091550
1091221
1090851
1090560
1090357
1090175
1090048
1089947
1089995
1090311
1090812
1091379
1091837
1092067
1092104
1092003
1091694
1091248
1090795
1090318
1089971
1089826
1089811
1090076
1090582
1091083
1091489
1091667
1091554
1091340
1091162
1091058
1091055
1091047
1090979
1090885
1090665
1090429
1090376
1090518
1090916
1091448
1091886
1092212
1092419
1092505
1092477
1092305
1092043
1091740
1091328
1090860
1090491
1090265
1090193
1090292
1090473
1090611
1090662
1090672
1090755
1090974
1091222
1091358
1091378
1091250
1090952
1090627
1090359
1090231
1090274
1090424
1090773
1091262
1091778
1092345
1092817
1093139
1093362
1093408
1093282
1093032
1092671
1092265
1091863
1091480
1091127
1090820
1090633
1090603
1090674
1090843
1091064
1091206
1091253
1091159
1090887
1090505
1090058
1089676
1089487
1089502
1089605
1089740
1089913
1090056
1090323
1090697
1090999
1091268
1091379
1091400
1091518
1091655
1091833
1092032
1092132
1092181
1092254
1092370
1092542
1092606
1092447
1092216
1091956
1091717
1091625
1091620
1091582
1091440
1091081
1090550
1090023
1089573
1089276
1089066
1088838
1088711
1088786
1089029
1089401
1089821
1090133
1090349
1090554
1090752
1090985
1091211
1091333
1091385
1091373
1091218
1090961
1090717
1090509
1090361
1090333
1090495
1090891
1091495
1092151
1092643
1092938
1093019
1092913
1092763
1092542
1092199
1091705
1091080
1090433
1089879
1089464
1089248
1089313
1089522
1089802
1090045
1090151
1090261
1090412
1090612
1090897
1091224
1091487
1091740
1092102
1092523
1092993
1093443
1093825
1094114
1094168
1093894
1093408
1092884
1092288
1091754
1091237
1090550
1089882
1089159
1088444
1087946
1087615
1087590
1087903
1088430
1089140
1089968
1090735
1091375
1091952
1092400
1092708
1092878
1092855
1092683
1092386
1091989
1091496
1090960
1090459
1090062
1089866
1089858
1090050
1090334
1090481
1090572
1090667
1090738
1090873
1091007
1091163
1091462
1091881
1092439
1093005
1093447
1093774
1093840
1093623
1093140
1092339
1091448
1090613
1089900
1089469
1089243
1089106
1089027
1088921
1088833
1088921
1089189
1089565
1090029
1090542
1091094
1091669
1092159
1092508
1092709
1092710
1092614
1092494
1092311
1092126
1091912
1091662
1091440
1091301
1091279
1091265
1091225
1091085
1090824
1090595
1090433
1090473
1090735
1091031
1091257
1091299
1091074
1090574
1089894
1089190
1088615
1088259
1088120
1088227
1088604
1089194
1089939
1090731
1091404
1091892
1092194
1092282
1092170
1091897
1091571
1091317
1091139
1091150
1091299
1091416
1091564
1091685
1091782
1091940
1092138
1092406
1092639
1092731
1092695
1092593
1092515
1092498
1092510
1092443
1092343
1092130
1091723
1091252
1090618
1089909
1089336
1088931
1088738
1088757
1088920
1089077
1089263
1089495
1089757
1090137
1090560
1091019
1091501
1091932
1092442
1093067
1093529
1093663
1093435
1092801
1091978
1091141
1090340
1089779
1089538
1089515
1089695
1090026
1090365
1090775
1091250
1091730
1092284
1092776
1093130
1093348
1093357
1093210
1092980
1092658
1092353
1092166
1091996
1091780
1091476
1091086
1090719
1090386
1090068
1089863
1089841
1089993
1090352
1090773
1091146
1091484
1091665
1091725
1091791
1091892
1092060
1092268
1092456
1092671
1092962
1093254
1093456
1093499
1093469
1093495
1093535
1093663
1093847
1093886
1093739
1093221
1092187
1090801
1089249
1087679
1086268
1085223
1084690
1084738
1085326
1086297
1087410
1088528
1089692
1090858
1092017
1093065
1093830
1094251
1094241
1093796
1092974
1091952
1090996
1090304
1089934
1089760
1089605
1089311
1088809
1088231
1087705
1087315
1087190
1087342
1087765
1088465
1089443
1090621
1091748
1092715
1093456
1093982
1094478
1094924
1095239
1095362
1095216
1094928
1094673
1094452
1094293
1094289
1094391
1094520
1094645
1094655
1094422
1093782
1092597
1090891
1088820
1086678
1084672
1083000
1081923
1081488
1081642
1082318
1083451
1084970
1086767
1088703
1090647
1092511
1094146
1095411
1096217
1096522
1096336
1095699
1094794
1093880
1093151
1092605
1092089
1091426
1090491
1089354
1088153
1087033
1086185
1085630
1085480
1085825
1086550
1087732
1089213
1090739
1092246
1093498
1094502
1095287
1095706
1095765
1095404
1094590
1093401
1091952
1090443
1089094
1088124
1087748
1087940
1088466
1089119
1089533
1089510
1089200
1088713
1088247
1088040
1088167
1088613
1089386
1090404
1091569
1092862
1094080
1095123
1096068
1096802
1097253
1097384
1097074
1096396
1095582
1094799
1094190
1093758
1093375
1093068
1092784
1092484
1092250
1091956
1091574
1091162
1090619
1090017
1089519
1089122
1088767
1088415
1088070
1087682
1087285
1087025
1086927
1087026
1087272
1087582
1088038
1088629
1089257
1089905
1090504
1090930
1091162
1091237
1091276
1091411
1091572
1091806
1092192
1092626
1093067
1093467
1093620
1093440
1092955
1092142
1091232
1090369
1089585
1089071
1088808
1088834
1089152
1089617
1090227
1090903
1091575
1092171
1092604
1092958
1093279
1093608
1094036
1094457
1094791
1095034
1095092
1095055
1095008
1094921
1094939
1095034
1094967
1094735
1094296
1093532
1092558
1091416
1090278
1089449
1088931
1088809
1088978
1089111
1089190
1089160
1088971
1088706
1088403
1088062
1087687
1087301
1086912
1086625
1086515
1086502
1086572
1086680
1086865
1087246
1087732
1088272
1088748
1089033
1089286
1089584
1089967
1090610
1091480
1092464
1093456
1094343
1095137
1095736
1096052
1096073
1095752
1095239
1094763
1094438
1094206
1093947
1093590
1093163
1092793
1092570
1092622
1092967
1093462
1094009
1094456
1094715
1094703
1094303
1093638
1092786
1091779
1090721
1089582
1088433
1087399
1086475
1085783
1085498
1085639
1086148
1086919
1087831
1088797
1089728
1090729
1091869
1093039
1094274
1095376
1096032
1096202
1095731
1094643
1093152
1091347
1089472
1087659
1086042
1084883
1084152
1083895
1084123
1084600
1085311
1086176
1087122
1088211
1089280
1090306
1091278
1092079
1092785
1093444
1094070
1094697
1095261
1095683
1095927
1095934
1095641
1095060
1094306
1093539
1092812
1092211
1091792
1091542
1091537
1091641
1091767
1091908
1091859
1091669
1091357
1090851
1090288
1089710
1089232
1088972
1088939
1089223
1089714
1090263
1090841
1091274
1091416
1091335
1091192
1091201
1091536
1092099
1092821
1093648
1094355
1094933
1095392
1095584
1095426
1094834
1093752
1092280
1090583
1088903
1087558
1086586
1086034
1085992
1086269
1086718
1087155
1087483
1087800
1088099
1088506
1089062
1089618
1090082
1090294
1090163
1089717
1089121
1088548
1088047
1087709
1087551
1087644
1088129
1089016
1090238
1091710
1093372
1095133
1096889
1098497
1099784
1100522
1100732
1100460
1099591
1098365
1096849
1095079
1093264
1091462
1089833
1088391
1087102
1085907
1084684
1083592
1082851
1082658
1083184
1084391
1086112
1087966
1089521
1090677
1091320
1091514
1091461
1091238
1091158
1091315
1091542
1091723
1091669
1091353
1090832
1090184
1089682
1089511
1089609
1089898
1090143
1090094
1089808
1089386
1088978
1088714
1088595
1088657
1088859
1089165
1089475
1089810
1090331
1091003
1091872
1092864
1093928
1095197
1096545
1097806
1098845
1099544
1099831
1099637
1098947
1097773
1096303
1094712
1093133
1091700
1090302
1088837
1087413
1086214
1085501
1085512
1086346
1087981
1090220
1092831
1095484
1097770
1099463
1100379
1100582
1100259
1099526
1098487
1097069
1095363
1093324
1090903
1088279
1085446
1082664
1080180
1078124
1076721
1076035
1076183
1077166
1078838
1081088
1083694
1086403
1089130
1091846
1094427
1096667
1098275
1099092
1099164
1098560
1097321
1095565
1093537
1091454
1089497
1087793
1086412
1085401
1084841
1084863
1085444
1086497
1087867
1089315
1090730
1092023
1093046
1093701
1094071
1094320
1094598
1095025
1095586
1096324
1097239
1098188
1099082
1099728
1100019
1099916
1099364
1098490
1097409
1096186
1094754
1092932
1090630
1087851
1084783
1081712
1078960
1076905
1075867
1075972
1077198
1079364
1082157
1085283
1088507
1091728
1094868
1097835
1100491
1102525
1103669
1103932
1103440
1102363
1101042
1099567
1097789
1095711
1093259
1090458
1087462
1084393
1081599
1079514
1078480
1078691
1080122
1082529
1085457
1088511
1091363
1093688
1095423
1096573
1097236
1097632
1097783
1097635
1097017
1095704
1093651
1091005
1088089
1085396
1083518
1082734
1083028
1084202
1085800
1087496
1089038
1090290
1091375
1092347
1093247
1094039
1094598
1094822
1094755
1094795
1095124
1095710
1096495
1097103
1097335
1097069
1096135
1094727
1093051
1091287
1089708
1088455
1087591
1087245
1087477
1088078
1088846
1089585
1090128
1090408
1090225
1089473
1088205
1086562
1084908
1083724
1083305
1083647
1084622
1085960
1087456
1089099
1090880
1092829
1094815
1096630
1098097
1098846
1098716
1097766
1096125
1094144
1092182
1090473
1089152
1088372
1088033
1087819
1087632
1087427
1087322
1087489
1087931
1088685
1089738
1091139
1092894
1094817
1096629
1097967
1098602
1098528
1097934
1097041
1096040
1095007
1093859
1092649
1091426
1090235
1089147
1088264
1087669
1087311
1087317
1087627
1088015
1088465
1088811
1089056
1089206
1089125
1089099
1089270
1089602
1090081
1090428
1090581
1090586
1090483
1090486
1090640
1090968
1091545
1092348
1093232
1093901
1094055
1093545
1092400
1090783
1089089
1087786
1087170
1087270
1088024
1089242
1090536
1091744
1092702
1093311
1093721
1093963
1094129
1094284
1094356
1094373
1094293
1094062
1093839
1093780
1093878
1093883
1093502
1092651
1091421
1090034
1088706
1087716
1087315
1087485
1088109
1089049
1090158
1091294
1092197
1092675
1092693
1092339
1091901
1091517
1091152
1090735
1090046
1089057
1087739
1086073
1084207
1082229
1080557
1079567
1079293
1079718
1080650
1081951
1083534
1085235
1087020
1089067
1091581
1094626
1097910
1100969
1103403
1104827
1105089
1104188
1102404
1100166
1097749
1095439
1093461
1092014
1091101
1090661
1090636
1090813
1091140
1091675
1092511
1093698
1095048
1096289
1097288
1098030
1098432
1098430
1097926
1096843
1095356
1093633
1091684
1089582
1087434
1085288
1083344
1081874
1081038
1081032
1081944
1083689
1086147
1088985
1091779
1094096
1095531
1095939
1095357
1093932
1091796
1089111
1086254
1083625
1081502
1080003
1079190
1079114
1079778
1081221
1083275
1085716
1088428
1091220
1094009
1096643
1098946
1100830
1102220
1103264
1103893
1104084
1103973
1103240
1101826
1099889
1097305
1094309
1091317
1088514
1086172
1084530
1083537
1083112
1083086
1083274
1083647
1084184
1085091
1086518
1088463
1090802
1093187
1095336
1096920
1097903
1098505
1098779
1098770
1098356
1097408
1095896
1093764
1091111
1088153
1085059
1082073
1079420
1077139
1075367
1074232
1073878
1074562
1076346
1079158
1082726
1086671
1090675
1094532
1098104
1101224
1103699
1105223
1105584
1104770
1102895
1100147
1096851
1093419
1090208
1087597
1085704
1084442
1083755
1083518
1083713
1084406
1085610
1087260
1089251
1091570
1094100
1096607
1098910
1100722
1101794
1102115
1101819
1101141
1100212
1099114
1097836
1096120
1094010
1091733
1089401
1087294
1085721
1084920
1085044
1086101
1087904
1090122
1092406
1094379
1095838
1096716
1097102
1097229
1097112
1096712
1095888
1094409
1092314
1089739
1086881
1084036
1081418
1079233
1077688
1076837
1076569
1076651
1076902
1077306
1078036
1079411
1081619
1084681
1088445
1092651
1096903
1100615
1103426
1105215
1105996
1105993
1105484
1104643
1103525
1101978
1099755
1096864
1093374
1089600
1086107
1083241
1081545
1081361
1082473
1084458
1086718
1088702
1090113
1091099
1091871
1092590
1093489
1094545
1095784
1097130
1098262
1098922
1098855
1098028
1096551
1094694
1092859
1091321
1090321
1089766
1089455
1089337
1089247
1089109
1088935
1088750
1088503
1088196
1087900
1087543
1087152
1086698
1086205
1085968
1086224
1087107
1088643
1090706
1092962
1095001
1096467
1097165
1097149
1096542
1095571
1094412
1093160
1092012
1090958
1089803
1088354
1086608
1084797
1083198
1082199
1082004
1082604
1083938
1085702
1087723
1089852
1091841
1093672
1095346
1096891
1098373
1099686
1100597
1100883
1100344
1098854
1096496
1093525
1090387
1087533
1085178
1083414
1082290
1081740
1081690
1082126
1082992
1084213
1085605
1086954
1088135
1089011
1089583
1089981
1090198
1090136
1089999
1090071
1090521
1091587
1093149
1094891
1096582
1097983
1099121
1100247
1101554
1102990
1104301
1105106
1104892
1103269
1100122
1095732
1090933
1086537
1083112
1081042
1080215
1080292
1080880
1081653
1082473
1083290
1084281
1085538
1086909
1088276
1089608
1090975
1092326
1093451
1094242
1094634
1094740
1094809
1094935
1095026
1094902
1094472
1093785
1093082
1092719
1092830
1093324
1094044
1094724
1095080
1094921
1094189
1093090
1091865
1090675
1089654
1088819
1088277
1088025
1087892
1087815
1087684
1087677
1088085
1088964
1090518
1092660
1094969
1096973
1098092
1098061
1096919
1094927
1092564
1090318
1088649
1087778
1087624
1087908
1088110
1087883
1087213
1086156
1084958
1083928
1083373
1083545
1084432
1085875
1087547
1089131
1090512
1091722
1092882
1094024
1095085
1096114
1097226
1098411
1099566
1100643
1101713
1102812
1103891
1104858
1105442
1105332
1104273
1102192
1099250
1095713
1092047
1088589
1085508
1082889
1080705
1079002
1077630
1076502
1075690
1075336
1075821
1077273
1079376
1081678
1083672
1084961
1085577
1085559
1085101
1084734
1084502
1084535
1084964
1085595
1086564
1087795
1089087
1090387
1091627
1092796
1093902
1094937
1095850
1096779
1097777
1098778
1099715
1100332
1100483
1100065
1099040
1097595
1095963
1094413
1093249
1092589
1092432
1092857
1093844
1095300
1097134
1099114
1100859
1102104
1102799
1102957
1102691
1102092
1101147
1099719
1097492
1094283
1090140
1085286
1080189
1075387
1071392
1068531
1066855
1066428
1066998
1068145
1069828
1072064
1074886
1078423
1082647
1087261
1091904
1096159
1099657
1102345
1104206
1105304
1105730
1105510
1104692
1103121
1100680
1097519
1094093
1090962
1088532
1087075
1086576
1086901
1087819
1088921
1089858
1090496
1091011
1091686
1092858
1094576
1096482
1098225
1099455
1100197
1100601
1100660
1100506
1100001
1099140
1097997
1096332
1094202
1091687
1088868
1085948
1083051
1080555
1078624
1077186
1076392
1076273
1076894
1078272
1080134
1082274
1084573
1087018
1089674
1092467
1095342
1098369
1101534
1104619
1107211
1108821
1109166
1108346
1106802
1104958
1102930
1100651
1097946
1094795
1091314
1087733
1084463
1081750
1079742
1078555
1078056
1077915
1077898
1077978
1078289
1079044
1080291
1081890
1083626
1085287
1086643
1087594
1088196
1088470
1088590
1088790
1089125
1089640
1090464
1091607
1092947
1094337
1095611
1096599
1096959
1096514
1095396
1093801
1092124
1090738
1089941
1089927
1090598
1091771
1093189
1094552
1095725
1096848
1098070
1099338
1100570
1101587
1102132
1102104
1101609
1100812
1099831
1098678
1097358
1095976
1094625
1093354
1092213
1091169
1090173
1089244
1088310
1087363
1086555
1085966
1085701
1085740
1085968
1086275
1086376
1085924
1084751
1082940
1080733
1078574
1076854
1075677
1074998
1074641
1074389
1074299
1074649
1075655
1077392
1079693
1082228
1084892
1087688
1090488
1093258
1095942
1098501
1101025
1103355
1105381
1107191
1108797
1110104
1110851
1110852
1110005
1108366
1106231
1103967
1101869
1100040
1098621
1097606
1096735
1095926
1095136
1094297
1093655
1093411
1093505
1093979
1094672
1095381
1096097
1096544
1096574
1096058
1094759
1092818
1090356
1087753
1085404
1083381
1081849
1080629
1079553
1078464
1077162
1075791
1074428
1073360
1072885
1072899
1073348
1074266
1075661
1077551
1079970
1083065
1086960
1091536
1096425
1101111
1105066
1107859
1109302
1109449
1108535
1107036
1105415
1103786
1102009
1099922
1097439
1094647
1091759
1088921
1086245
1083951
1082175
1081041
1080739
1081258
1082602
1084573
1086864
1089563
1092683
1096145
1099831
1103472
1106776
1109306
1110531
1110004
1107660
1103712
1098686
1093389
1088514
1084557
1081588
1079376
1077689
1076371
1075346
1074590
1074122
1073976
1074223
1074891
1076020
1077441
1078951
1080639
1082630
1085197
1088396
1091889
1095227
1097853
1099382
1099689
1099046
1097973
1096932
1096337
1096218
1096481
1097010
1097494
1097842
1097985
1097728
1096997
1095775
1094223
1092564
1090926
1089461
1088105
1086659
1085087
1083568
1082477
1082016
1082132
1082782
1083934
1085291
1086502
1087431
1087932
1088206
1088525
1089111
1090260
1091814
1093531
1095162
1096440
1097212
1097314
1096802
1095816
1094466
1092968
1091358
1089628
1088001
1086538
1085504
1085284
1085971
1087620
1090000
1092837
1095958
1098967
1101525
1103517
1104651
1104788
1104173
1102781
1100829
1098620
1096216
1093879
1091828
1090052
1088380
1086877
1085371
1083849
1082684
1081736
1081196
1081281
1081793
1082732
1084044
1085456
1086852
1088315
1089558
1090372
1090780
1090507
1089488
1087927
1086060
1084511
1083847
1084155
1085467
1087544
1089837
1092060
1094066
1095458
1096160
1096512
1096573
1096500
1096402
1096115
1095668
1094950
1093823
1092310
1090447
1088535
1086987
1086120
1086266
1087658
1090119
1093233
1096615
1099974
1103187
1106102
1108498
1110152
1110836
1110376
1108789
1106239
1102842
1098839
1094518
1090063
1085810
1082117
1079145
1076893
1075456
1075009
1075549
1077147
1079722
1082852
1086271
1089719
1092737
1094911
1095978
1096034
1095487
1094601
1093759
1093293
1093107
1093364
1094200
1095502
1097451
1100011
1102814
1105565
1107769
1109027
1109168
1108026
1105762
1102622
1098861
1094724
1090320
1085811
1081244
1076932
1073401
1070979
1069674
1069248
1069789
1071135
1072974
1075054
1076941
1078621
1080037
1081224
1082278
1083122
1083609
1083662
1083566
1083275
1083153
1083462
1083842
1084440
1085054
1085678
1086815
1088607
1091312
1095280
1100539
1106716
1112968
1118225
1121787
1123272
1122701
1120438
1116919
1112672
1108074
1103396
1098581
1093550
1088579
1084022
1080357
1077866
1076573
1076327
1076850
1077808
1079000
1080558
1082582
1085219
1088539
1092351
1096511
1100633
1104237
1107056
1108832
1109282
1108235
1105687
1101800
1097073
1092002
1086966
1082403
1078583
1075887
1074602
1074821
1076591
1079394
1082701
1086313
1090035
1093643
1096760
1099286
1100982
1101589
1101491
1100994
1100414
1100121
1100051
1100134
1100436
1100574
1100227
1099469
1098134
1096331
1094282
1091908
1089136
1085975
1082782
1079997
1078166
1077729
1078688
1080920
1084056
1087738
1091788
1095954
1099961
1103572
1106497
1108472
1109291
1108780
1107078
1104521
1101391
1097831
1093936
1089827
1085574
1081172
1076488
1071567
1066626
1062099
1058655
1056820
1056908
1058802
1062045
1065987
1070077
1074227
1078342
1082252
1085819
1088949
1091556
1093490
1094902
1095968
1096661
1097021
1097061
1096903
1096853
1097300
1098437
1099976
1101534
1102794
1103522
1103637
1103010
1101751
1100021
1097671
1094831
1091723
1088541
1085842
1084135
1083656
1084399
1086185
1088548
1090795
1092495
1093680
1094637
1095561
1096465
1097195
1097659
1097944
1098229
1098715
1099448
1100370
1101103
1101120
1100218
1098422
1096125
1093643
1091028
1088311
1085583
1083439
1082307
1082117
1082596
1083344
1084214
1085080
1085898
1086712
1087391
1087718
1087515
1086832
1085920
1084986
1084094
1083565
1083712
1084297
1085096
1086341
1088343
1091094
1094283
1097351
1099902
1101849
1103203
1104020
1104099
1103334
1101606
1098648
1094588
1089758
1084597
1079677
1075933
1073880
1073228
1073851
1075227
1076822
1078550
1080114
1081450
1082740
1084030
1085345
1086741
1088155
1089498
1090752
1091838
1092473
1092491
1092128
1091481
1090528
1089413
1088400
1088053
1088910
1090925
1093787
1097215
1100727
1103959
1106799
1108903
1109997
1110053
1109145
1107579
1105568
1103370
1101201
1099047
1097026
1095222
1093751
1092553
1091494
1090685
1090087
1089706
1089578
1089565
1089690
1089881
1089729
1089034
1087585
1085309
1082699
1080042
1077690
1076174
1075664
1076188
1077645
1079914
1082916
1086621
1090732
1094534
1097487
1099227
1099726
1099365
1098458
1097410
1096679
1096438
1096485
1096354
1095815
1094792
1093207
1091125
1088881
1087209
1086750
1087800
1090297
1093702
1097621
1101972
1106339
1110023
1112232
1112550
1111091
1108059
1103878
1098774
1093091
1087208
1081179
1075551
1070448
1066048
1063097
1061664
1062035
1064327
1068087
1073137
1079017
1085341
1091911
1098193
1103866
1108848
1112761
1115321
1116395
1115819
1113686
1109915
1104738
1098816
1092493
1086269
1080457
1075319
1071487
1069253
1068734
1069887
1072337
1075589
1079385
1083845
1088878
1094141
1098880
1102286
1104195
1104481
1103543
1102009
1100125
1098514
1097404
1096632
1096078
1095347
1093946
1091689
1088650
1084919
1081166
1077837
1075120
1073525
1072710
1072480
1073084
1074440
1076812
1080218
1084575
1089626
1094782
1099540
1103339
1106322
1108389
1109095
1108515
1106576
1103376
1099184
1094416
1089563
1085036
1081047
1077603
1075074
1073638
1073231
1073839
1075549
1078195
1081517
1085994
1091329
1096682
1101829
1106072
1109052
1111179
1112442
1112754
1112535
1112119
1111276
1109820
1107488
1104050
1100295
1096957
1094285
1092634
1091789
1091543
1091733
1092065
1092522
1092933
1093412
1094057
1094710
1095192
1095361
1095194
1094533
1093319
1091336
1088529
1085049
1081162
1077628
1075026
1073836
1074129
1075247
1076719
1078229
1079413
1080325
1081277
1082417
1084107
1086277
1088479
1090700
1092614
1093766
1093962
1093169
1091591
1089591
1087320
1084923
1082894
1081618
1081523
1082717
1084810
1087506
1090592
1093730
1096594
1099385
1102323
1105028
1107319
1108809
1109031
1108194
1106398
1103952
1101277
1098709
1096740
1095433
1094826
1094790
1094778
1094471
1093550
1091788
1089170
1085883
1082417
1079118
1076254
1073860
1071943
1070673
1070084
1070286
1071335
1073099
1075485
1078296
1081449
1084960
1088666
1092578
1096491
1100055
1103017
1105176
1106794
1108199
1109440
1110209
1110139
1109107
1107214
1104785
1102072
1099195
1096224
1093332
1090673
1088370
1086437
1085061
1084624
1084838
1085544
1086603
1087561
1088699
1090114
1091742
1093501
1094975
1095949
1095964
1094844
1092887
1090473
1088292
1086632
1085384
1084616
1084394
1084962
1086483
1088678
1091235
1093932
1096810
1100015
1103599
1107287
1110308
1111963
1111890
1110189
1107097
1102785
1097680
1092108
1086354
1080870
1075898
1071594
1068022
1065324
1063975
1064209
1066037
1069373
1073887
1079204
1084962
1090596
1095500
1099317
1101716
1102717
1102566
1101416
1099617
1097428
1095143
1093050
1091145
1089551
1088330
1087483
1087180
1087358
1087872
1088424
1088486
1087757
1086321
1084621
1083030
1081938
1081669
1082204
1083470
1085114
1086842
1088773
1091035
1093466
1095627
1097406
1098775
1099869
1101072
1102365
1103745
1105005
1105679
1105269
1103212
1099600
1094760
1088947
1083141
1078534
1075731
1075018
1076063
1077971
1080164
1082427
1084783
1087578
1091002
1095029
1099690
1104626
1109299
1113058
1115123
1115283
1113512
1109856
1104627
1098328
1091378
1084053
1077066
1070937
1066017
1062565
1060172
1058636
1058088
1058693
1060573
1063902
1068871
1075021
1081916
1089193
1096302
1102886
1108606
1113210
1116571
1118792
1119883
1119760
1118200
1115047
1111062
1106962
1103107
1099868
1097278
1095196
1093068
1090392
1087158
1083490
1079635
1075847
1072712
1070993
1071276
1073795
1077828
1082220
1086208
1089450
1091913
1093763
1095150
1095884
1095750
1094669
1092726
1090240
1087322
1083899
1079924
1075675
1071884
1069134
1067822
1068033
1069559
1072441
1076208
1080397
1085014
1089666
1094228
1098509
1102284
1105734
1108804
1111487
1113608
1114782
1114786
1113283
1110126
1105591
1100242
1094806
1089898
1086054
1083459
1081996
1081576
1081987
1082955
1084144
1085407
1086743
1088333
1090212
1091872
1092890
1092724
1091117
1088481
1085243
1081836
1078543
1075506
1073128
1071984
1072242
1073699
1075943
1078325
1080710
1083196
1085819
1088670
1091483
1094042
1096023
1097512
1098931
1100142
1100902
1100926
1100466
1099787
1098927
1098195
1097241
1095619
1093186
1089807
1085962
1082505
1080176
1079593
1080676
1082624
1084728
1086371
1087118
1087112
1086384
1085086
1083720
1082524
1081956
1082223
1083017
1084039
1084964
1085640
1085894
1085396
1083860
1081475
1078777
1076273
1074550
1073930
1074455
1075916
1077811
1079665
1081154
1082237
1083098
1084098
1085770
1088408
1092010
1096530
1101697
1107189
1112580
1117439
1121740
1125239
1127665
1129041
1129306
1128636
1127338
1125422
1122853
1119683
1115868
1111498
1106994
1103055
1100146
1098412
1098004
1099024
1101460
1104884
1108689
1112508
1116485
1120793
1125080
1128943
1131898
1133228
1132277
1128904
1123358
1116520
1109497
1102535
1095812
1089413
1083291
1077783
1073098
1069542
1067456
1067097
1068700
1071972
1076226
1080825
1085131
1088682
1091193
1092472
1092790
1092545
1091991
1091020
1089576
1087569
1084470
1080343
1075445
1070161
1065540
1062603
1061910
1063560
1067158
1071645
1076175
1080247
1083224
1085147
1086412
1087385
1088644
1090004
1091035
1091391
1090334
1087789
1084212
1080476
1077772
1076911
1078113
1080715
1083920
1087154
1089980
1092139
1093566
1094465
1095002
1095573
1096382
1097390
1098986
1101470
1105158
1110347
1116767
1123811
1130541
1135950
1139654
1141416
1141099
1139138
1135494
1129833
1122042
1112143
1101253
1090780
1081661
1074156
1068034
1063432
1059994
1057525
1056138
1055633
1056196
1057870
1060348
1063298
1066699
1070581
1075086
1080348
1086168
1092417
1098328
1102873
1105220
1104542
1100641
1094116
1086084
1078091
1071620
1067170
1064666
1063796
1063934
1064641
1066023
1068006
1070900
1075632
1081797
1088632
1095184
1100479
1104513
1107205
1109156
1111114
1113167
1115109
1116203
1115767
1113329
1109086
1103729
1098045
1092632
1087315
1082180
1077313
1072652
1068382
1064524
1061336
1059080
1058056
1058978
1062205
1067386
1074374
1082882
1092122
1101383
1109095
1113716
1114955
1113210
1109928
1106953
1105995
1107356
1109660
1111901
1112962
1111639
1107556
1101004
1093266
1085974
1079663
1075003
1072438
1070983
1069654
1067040
1063019
1059053
1056487
1056868
1060268
1065338
1070787
1076281
1081538
1086162
1090255
1094056
1098438
1103459
1108754
1114258
1119842
1125011
1128376
1129057
1126956
1122493
1116787
1110996
1105495
1100369
1095477
1090333
1084734
1078784
1073061
1068169
1064364
1061917
1061377
1063195
1067275
1072859
1079314
1086392
1093549
1100724
1107627
1113659
1118611
1122222
1124364
1124718
1123081
1119461
1114376
1108502
1102465
1096961
1092195
1088665
1086152
1083753
1080958
1078014
1075412
1073438
1073080
1074080
1076211
1079714
1083800
1088206
1092472
1096567
1100347
1103084
1104727
1105215
1104752
1103419
1101184
1098069
1094044
1089439
1084529
1079755
1075450
1071537
1067861
1064262
1061001
1058650
1057470
1057346
1058200
1059895
1062349
1066029
1070779
1076157
1082416
1089583
1097870
1107115
1116585
1125693
1133428
1139134
1142691
1144105
1143135
1139302
1132798
1123796
1112771
1100753
1088265
1076114
1065004
1055250
1047464
1042086
1039354
1039147
1041240
1045496
1051890
1060645
1071561
1084178
1097684
1111151
1123570
1133889
1141862
1146892
1148546
1146354
1139650
1129218
1115604
1099573
1082362
1065399
1051176
1041256
1036627
1037290
1041685
1049286
1059539
1071280
1083872
1096347
1107763
1117518
1125744
1133073
1139454
1144486
1147805
1149590
1150005
1149118
1147009
1143609
1139254
1133828
1127975
1122336
1116667
1111105
1105244
1099023
1092579
1085768
1078549
1070922
1063092
1055512
1049050
1044481
1042021
1041261
1042134
1044254
1047176
1051384
1056769
1062996
1069690
1076955
1084786
1092239
1098593
1102634
1104087
1103094
1099932
1095894
1091335
1086294
1079856
1071851
1063636
1056442
1052080
1051388
1054621
1061416
1070883
1082095
1092550
1101046
1107742
1112216
1115101
1116801
1116747
1114672
1110235
1102973
1092700
1079928
1066027
1052315
1039830
1029391
1021698
1017250
1015957
1018115
1024006
1033342
1045613
1059873
1074734
1089002
1102554
1115289
1127467
1139141
1149229
1156840
1160650
1160069
1155924
1149412
1141594
1133146
1125095
1118262
1113258
1109867
1107113
1105491
1105081
1105576
1107442
1109929
1113077
1116669
1119247
1119742
1117459
1113854
1110081
1106512
1103517
1100785
1098887
1098189
1098882
1100227
1101834
1103860
1104858
1104181
1101294
1096077
1089287
1081320
1072999
1065099
1058177
1052807
1049447
1048299
1048720
1049819
1051814
1054609
1057817
1061291
1064675
1068404
1072555
1076895
1081640
1086142
1089608
1091715
1092533
1092691
1092312
1091300
1089436
1086364
1082170
1076970
1071431
1066753
1063601
1062237
1062682
1064283
1066909
1070343
1073567
1076929
1080888
1085554
1091257
1097620
1104133
1109631
1113132
1114401
1113594
1111645
1109725
1108606
1108180
1108008
1107633
1106574
1104652
1102056
1099237
1096769
1095049
1094376
1094947
1096582
1098740
1100362
1101090
1101040
1100159
1099362
1099173
1100000
1102529
1106608
1111746
1117024
1122001
1126431
1129685
1131202
1130877
1129374
1127096
1124104
1120276
1115257
1108702
1100654
1091440
1081427
1071110
1060781
1051132
1043411
1038253
1036280
1037976
1042184
1047907
1054930
1062979
1071937
1081048
1089683
1097840
1105431
1112252
1117465
1120088
1119730
1116110
1110234
1103793
1097498
1092300
1088580
1086463
1086183
1086813
1087720
1088223
1087784
1086679
1084962
1083332
1082471
1082473
1083555
1085212
1086735
1087476
1087132
1085684
1083056
1080575
1078723
1076967
1075747
1074642
1073709
1073783
1074697
1076871
1080669
1084931
1088656
1091594
1093702
1095154
1096082
1095958
1094618
1093078
1090708
1088713
1088974
1088876
1089728
1092257
1093293
1093737
1093699
1093776
1095614
1099254
1105107
1112433
1120382
1127672
1132669
1134609
1134108
1132351
1130005
1128087
1126026
1122817
1118171
1112161
1105736
1099248
1093058
1087563
1082958
1079669
1077843
1077944
1079949
1082936
1085738
1087094
1086844
1085085
1082237
1078930
1075217
1071916
1069208
1067376
1067133
1068604
1072063
1076744
1081479
1085387
1087799
1088278
1087000
1084492
1081166
1078205
1076414
1076495
1078431
1081221
1084460
1087796
1091505
1095781
1100585
1105648
1110165
1113732
1115885
1116786
1116266
1114274
1112057
1109611
1106479
1102698
1098078
1093367
1089631
1086870
1085109
1084580
1085186
1087140
1089772
1091609
1092130
1091294
1089358
1086560
1082392
1077272
1072091
1067140
1063031
1059781
1057553
1056442
1056023
1056280
1056645
1057241
1058753
1061423
1065659
1071316
1077740
1084497
1091295
1098043
1104835
1111384
1116846
1120522
1123242
1126100
1129033
1132028
1134691
1136718
1137880
1137050
1134644
1130809
1126276
1121838
1115906
1110367
1104050
1096379
1089187
1080067
1073015
1067689
1062192
1059991
1057565
1054617
1051229
1046610
1043941
1042228
1042430
1045103
1048712
1053755
1058760
1064192
1069340
1073059
1077868
1084041
1090714
1097928
1105507
1111351
1115004
1116937
1116267
1114455
1110869
1106914
1105545
1104566
1103006
1101464
1100294
1100070
1100601
1101472
1102190
1102493
1102337
1102142
1102681
1104250
1107338
1111324
1114541
1116406
1116107
1113346
1108621
1102216
1094602
1086491
1078925
1073299
1070447
1070150
1071668
1073455
1074355
1074156
1073083
1070749
1067403
1065613
1066349
1068826
1071276
1071156
1069684
1069761
1071717
1074724
1077320
1079718
1083813
1089572
1096065
1101858
1106310
1109131
1109513
1108199
1105764
1103011
1100669
1098993
1097565
1095303
1092594
1089763
1087656
1086943
1087976
1090695
1093917
1097728
1101486
1104799
1107695
1109310
1110141
1111289
1112282
1112245
1112841
1113801
1112838
1110625
1107533
1104110
1101054
1097614
1094357
1091920
1090552
1089945
1089672
1089352
1088265
1087193
1086044
1084475
1082919
1081383
1080480
1080030
1079299
1077462
1073792
1068831
1063451
1059086
1056954
1057607
1060934
1066020
1072750
1080262
1087789
1095833
1103470
1109442
1113684
1116388
1117952
1118272
1117278
1115656
1114081
1112890
1111365
1109516
1106735
1102733
1098101
1091262
1083856
1077770
1072836
1070638
1069038
1067217
1067601
1068237
1068931
1069170
1067841
1067936
1068568
1070155
1074130
1077804
1081526
1084967
1086988
1089084
1091125
1092416
1090881
1085883
1080985
1077616
1076206
1076682
1077794
1079082
1080370
1081652
1082783
1084256
1085597
1086808
1088661
1090541
1092866
1095314
1097475
1100375
1104707
1111409
1120035
1129489
1138788
1146228
1151232
1153334
1152002
1148194
1142283
1135411
1128800
1121640
1113959
1104991
1094953
1085934
1079097
1074899
1072998
1072527
1072653
1073569
1074771
1076224
1078685
1082166
1086870
1091866
1096517
1100498
1103099
1103965
1102856
1100988
1098407
1095101
1091275
1086732
1082684
1078810
1075393
1072298
1069502
1067336
1065437
1064622
1064550
1065537
1067525
1070122
1072801
1074878
1076568
1077745
1078171
1077213
1076063
1075448
1076287
1078734
1081908
1085944
1088139
1090578
1093290
1094483
1097097
1097581
1098293
1101102
1102268
1104365
1105684
1105443
1104992
1104135
1104740
1105238
1103404
1100552
1097626
1094440
1090872
1085504
1079718
1075490
1071905
1070370
1070958
1071613
1071712
1070441
1068913
1067761
1066530
1066609
1067406
1069111
1071375
1072995
1076448
1081100
1086501
1092695
1097474
1102465
1108283
1115268
1124421
1134649
1144769
1152517
1156741
1156477
1151388
1144093
1136369
1128535
1121718
1115922
1109892
1104498
1099977
1095534
1090923
1086829
1084574
1083568
1083283
1083616
1083652
1082128
1079010
1075431
1072615
1070962
1070455
1071536
1073684
1076926
1080776
1084445
1087250
1088769
1090163
1091410
1093516
1096279
1098310
1099084
1097187
1093707
1088514
1083585
1081180
1079530
1079592
1080386
1080759
1080539
1078748
1076226
1074015
1073364
1074182
1076422
1080299
1084610
1089178
1093721
1097233
1099991
1101369
1100836
1098957
1095688
1091784
1088189
1085637
1083827
1082697
1082236
1081317
1080775
1080414
1080533
1081253
1081419
1082772
1084817
1087365
1091263
1095598
1100545
1105152
1108763
1111237
1111920
1112122
1112567
1112518
1111427
1108797
1105810
1103033
1099827
1096524
1092027
1086868
1082901
1080351
1079957
1080600
1082825
1086089
1088310
1091311
1092444
1091797
1091065
1087611
1084524
1082661
1080768
1080164
1080551
1082245
1083813
1084796
1086926
1089778
1092161
1093490
1095544
1098651
1100876
1102428
1103533
1104843
1106177
1105959
1104850
1102476
1098418
1093504
1088491
1083934
1078683
1073956
1070226
1067823
1067934
1068787
1070982
1074025
1077429
1081748
1086095
1090889
1095304
1099140
1102799
1105877
1107949
1109151
1109813
1110560
1111288
1110677
1109147
1107226
1105831
1105036
1105512
1107807
1110453
1114037
1117963
1120850
1121669
1120092
1117070
1113028
1108524
1103097
1096587
1089819
1083422
1078582
1075097
1071790
1069413
1068176
1067427
1066317
1063777
1060017
1055818
1052830
1051655
1051826
1053413
1055912
1058941
1062089
1065145
1067910
1070102
1072006
1073708
1075418
1076969
1078207
1079477
1081053
1083683
1087529
1092206
1097339
1102930
1109133
1114792
1117046
1114138
1108411
1102574
1098178
1095564
1093895
1093263
1093425
1093390
1092356
1091306
1091074
1091910
1094319
1097576
1101335
1105487
1109665
1113120
1115305
1115763
1114642
1112872
1109956
1106191
1101758
1096576
1091454
1085159
1077475
1069528
1062548
1058177
1056846
1058823
1061591
1063553
1065302
1066415
1068114
1069862
1071808
1075331
1079691
1085416
1091949
1097480
1101790
1104395
1105824
1106376
1105158
1103096
1100416
1098534
1098169
1097901
1098142
1098626
1099748
1101614
1104126
1107313
1109908
1111193
1110165
1107185
1103539
1100210
1097252
1094129
1090935
1087856
1086117
1085585
1086150
1088292
1090761
1093918
1097779
1101071
1103580
1105228
1106415
1107025
1106769
1105944
1104056
1101088
1097495
1093421
1089707
1087132
1086395
1087888
1090408
1092703
1093668
1092271
1088345
1081981
1074447
1066831
1060509
1057087
1055552
1055361
1056382
1057661
1059300
1061135
1063330
1066671
1071262
1077246
1084058
1090838
1097526
1103465
1107808
1110107
1110896
1111381
1111651
1112007
1112051
1110907
1108920
1105671
1101178
1096934
1093874
1091781
1090555
1090306
1091170
1092862
1095048
1098068
1101892
1106909
1112313
1116442
1119350
1121502
1123304
1124289
1123224
1119667
1114291
1108244
1102065
1095718
1089673
1084761
1080702
1077148
1073902
1070382
1066740
1063120
1059685
1056566
1053789
1052129
1051796
1052524
1054515
1056824
1058995
1061566
1063827
1065927
1068189
1070707
1074338
1078848
1084305
1090632
1096816
1103015
1108860
1113544
1117094
1119693
1121650
1122773
1123754
1125217
1126616
1127486
1126749
1124282
1120764
1115729
1109797
1104214
1098947
1094430
1090565
1086943
1084006
1081655
1079439
1077427
1076592
1076797
1078045
1080486
1082932
1085245
1087385
1089182
1090825
1092743
1095122
1097383
1099196
1100448
1100901
1100558
1099151
1095919
1091473
1086495
1081846
1078933
1077364
1076800
1077254
1077499
1077441
1077849
1078721
1080950
1084359
1088590
1093909
1099500
1104977
1109775
1113414
1115376
1115759
1115073
1113525
1111897
1110165
1107727
1104315
1100575
1096811
1092958
1089251
1085335
1082330
1080910
1080590
1081635
1082655
1083505
1085035
1086578
1087984
1088623
1088976
1089684
1090346
1091041
1090967
1089434
1086887
1083871
1080406
1076769
1073687
1072618
1074216
1077227
1080856
1084430
1087865
1091308
1094356
1097271
1099620
1100895
1100994
1100060
1098956
1098088
1097883
1098585
1099694
1100575
1100783
1100091
1098688
1097126
1095058
1092412
1089434
1086331
1083663
1081204
1079904
1079648
1079562
1079327
1077631
1076359
1075454
1074100
1074071
1073434
1072026
1070177
1067725
1066760
1066183
1065492
1065451
1066189
1067946
1070079
1073320
1077214
1080876
1084433
1086929
1088913
1090613
1091713
1093574
1095996
1097858
1100065
1103140
1107264
1113155
1119349
1124595
1128337
1129817
1129628
1128113
1125726
1122794
1119346
1115920
1112720
1110139
1108322
1107017
1106053
1104822
1103015
1100270
1096045
1090898
1085390
1080087
1075921
1072897
1070937
1070105
1070434
1071924
1074252
1077381
1081155
1085383
1089567
1093297
1096601
1098697
1098943
1097107
1093875
1090627
1088241
1087240
1086742
1086010
1085009
1083676
1082425
1081319
1080493
1080130
1080127
1080254
1080651
1081607
1082862
1084402
1086049
1087523
1089170
1091284
1093968
1096764
1098957
1100547
1101314
1101256
1100712
1099786
1099042
1098757
1099419
1101218
1103420
1105537
1106813
1106833
1105655
1103372
1100506
1097194
1093432
1089632
1086317
1084189
1083328
1083219
1083328
1082873
1082301
1082923
1085250
1089451
1095005
1100888
1106495
1111048
1113693
1114655
1114533
1113601
1112348
1110548
1107551
1103078
1097099
1090085
1082178
1073823
1065695
1058415
1053151
1050238
1049277
1049839
1051466
1053661
1056543
1060474
1064710
1068387
1071067
1072864
1074379
1075247
1075174
1074393
1072590
1070739
1069639
1069292
1069376
1069045
1069136
1069431
1070270
1073196
1077243
1081281
1084552
1087449
1091320
1096723
1103700
1111084
1117385
1122065
1125376
1127725
1129246
1129839
1129752
1129633
1129311
1128196
1126172
1123529
1120905
1119053
1118645
1119904
1122608
1126132
1129750
1132852
1134685
1134716
1133158
1130341
1126290
1121205
1115113
1108432
1101946
1095813
1089826
1083897
1078235
1073216
1069386
1066673
1064731
1063719
1063768
1065110
1067859
1071588
1075618
1079550
1083276
1086536
1089115
1090674
1090594
1088625
1084520
1079932
1076801
1073884
1071460
1070246
1069297
1069185
1069870
1070975
1072241
1073193
1074336
1074968
1074979
1074711
1074158
1075162
1076859
1077642
1077385
1075761
1074327
1074054
1075316
1077690
1079646
1080610
1081126
1081788
1083023
1085401
1087989
1090516
1091950
1091514
1090743
1090026
1090609
1092579
1094889
1097662
1100310
1102668
1104764
1106072
1106492
1107213
1109282
1113105
1118594
1124652
1130235
1133903
1135220
1134801
1133200
1131087
1128493
1125365
1121122
1116665
1111125
1104133
1098072
1090668
1083476
1078307
1072642
1068149
1065510
1063845
1063006
1062870
1062619
1061099
1059970
1061595
1064886
1068093
1070782
1072795
1074573
1074878
1074731
1076315
1078279
1079885
1080708
1081170
1081856
1081717
1081601
1081824
1081152
1079917
1078886
1079117
1081338
1084991
1089686
1094558
1098686
1102101
1104786
1107422
1110452
1113558
1116541
1118365
1118725
1118226
1117284
1116262
1115300
1114660
1113849
1112395
1110457
1108225
1106204
1104182
1101819
1099239
1096437
1093713
1090597
1086250
1080864
1074940
1068863
1062933
1058050
1054646
1052975
1053740
1055971
1058815
1061224
1061945
1061893
1061796
1061845
1062656
1063944
1065547
1068352
1072376
1077313
1082792
1088654
1095389
1102680
1110079
1116407
1121104
1124593
1126180
1125833
1123957
1120766
1116787
1112320
1107875
1104244
1102210
1101371
1100563
1099308
1096773
1092988
1088684
1084093
1080403
1078033
1077018
1077604
1079249
1081884
1085242
1089457
1094529
1099440
1103843
1106860
1107715
1107128
1105416
1102983
1100098
1096463
1092457
1088204
1084271
1081786
1081426
1082966
1085592
1088676
1091565
1093868
1095304
1096494
1097388
1097505
1096936
1095665
1094814
1094838
1095931
1097981
1100963
1105447
1110836
1116648
1121702
1124787
1125059
1122236
1117103
1109772
1100835
1091262
1082331
1075423
1070956
1068712
1067429
1066677
1066824
1067870
1070151
1072571
1073735
1073819
1073502
1073380
1073466
1073635
1074135
1075626
1078638
1082913
1087605
1091839
1095738
1099694
1103449
1106533
1107803
1106452
1102583
1096854
1090866
1085504
1081103
1078293
1077048
1077309
1078893
1080906
1082691
1084239
1085857
1087813
1090419
1094451
1100032
1106327
1112482
1117610
1121872
1125136
1126223
1124832
1121697
1118032
1113627
1108224
1101715
1093671
1085255
1077629
1071736
1067387
1063921
1061615
1060501
1060975
1063192
1066911
1071811
1076887
1081396
1085001
1087732
1089921
1091239
1091634
1091190
1089769
1087926
1086692
1086214
1085846
1085889
1086769
1088120
1089579
1090179
1089064
1086489
1082667
1078574
1075345
1073931
1074692
1076970
1080789
1085270
1089963
1095109
1099742
1103680
1107378
1111024
1114330
1116920
1118894
1119900
1120475
1121023
1120782
1120029
1118663
1116698
1113983
1110206
1106045
1101695
1097434
1093354
1089760
1087308
1086540
1087228
1088415
1089326
1088642
1086369
1083297
1079665
1076118
1072600
1068838
1065568
1063795
1064068
1066151
1068975
1071689
1073764
1074922
1076038
1077955
1080658
1084065
1087873
1091587
1094954
1097922
1099951
1100538
1099591
1097003
1093630
1090649
1088423
1086736
1084997
1082954
1081164
1079967
1079633
1080717
1083118
1086655
1091219
1096276
1101446
1106627
1110888
1113718
1114856
1114481
1114000
1113152
1111747
1108970
1104401
1099217
1093405
1087851
1082901
1078474
1075395
1073896
1073404
1073431
1073597
1073977
1075093
1076756
1079480
1082864
1086385
1090506
1094295
1097470
1100435
1102866
1104652
1105397
1105067
1103743
1101042
1097086
1092411
1087695
1083428
1080240
1078422
1077972
1078633
1080209
1082628
1085559
1088700
1091865
1095107
1097784
1099643
1100806
1101817
1102907
1103547
1104705
1106730
1109368
1112598
1115640
1117971
1118850
1117727
1114666
1108969
1101093
1093062
1085843
1080051
1075583
1071859
1069708
1069856
1072130
1075883
1079865
1083403
1086748
1089982
1093192
1096473
1099528
1102276
1104986
1107512
1109595
1110855
1110576
1108849
1105948
1102028
1097493
1092319
1086464
1080345
1074722
1070167
1067041
1065773
1066114
1067424
1069241
1071105
1072985
1075247
1078177
1082102
1086909
1091669
1095684
1098256
1098918
1098264
1097073
1096234
1096018
1096408
1097562
1098846
1099885
1100551
1100597
1100083
1099618
1099606
1100181
1101476
1102446
1102809
1102304
1100971
1100082
1099151
1098175
1096507
1093017
1088648
1083563
1078290
1073477
1069162
1065532
1062304
1059735
1057583
1056010
1055752
1056097
1057208
1059853
1064002
1069739
1076659
1083811
1090348
1095867
1100267
1103528
1105493
1105921
1104722
1101876
1097894
1093330
1088963
1085410
1082713
1081286
1081262
1082930
1086342
1091275
1097732
1105086
1112748
1120124
1126804
1132092
1134884
1134821
1132062
1126926
1119913
1112078
1104474
1097381
1090576
1083969
1077136
1069982
1063128
1057188
1053068
1050568
1049144
1048584
1048478
1048994
1050728
1054411
1060216
1068118
1077568
1087776
1097720
1105951
1111907
1115411
1117187
1117830
1117568
1116844
1115384
1113640
1112042
1110575
1109423
1108318
1107031
1105873
1104826
1103557
1102426
1100985
1099062
1097266
1095565
1094968
1096135
1098991
1103642
1109287
1115202
1120452
1123475
1123748
1121439
1116428
1109445
1101680
1093899
1086364
1079146
1072739
1067410
1063211
1059990
1057649
1056423
1056472
1057644
1059915
1062820
1065141
1066455
1067076
1067895
1069295
1071098
1073281
1075451
1077937
1080925
1084454
1088852
1093652
1098393
1102099
1103695
1103039
1100511
1096975
1093089
1089530
1086554
1084289
1083202
1083188
1084313
1086157
1087946
1089301
1090008
1090444
1090839
1090976
1090522
1089482
1088755
1089575
1092166
1096145
1101008
1105646
1108970
1110580
1110924
1110478
1109786
1109058
1108478
1108310
1108049
1107571
1106639
1105097
1103322
1101506
1099620
1097623
1095180
1092111
1088796
1085195
1081788
1079028
1077097
1077112
1079217
1083089
1088602
1094786
1100776
1105534
1108962
1111485
1112836
1112686
1110635
1107319
1103055
1097920
1092308
1086217
1080006
1074516
1070619
1068428
1067757
1068437
1070633
1074334
1078719
1083170
1087434
1091265
1094386
1096570
1097666
1098003
1097507
1095764
1093061
1089223
1084213
1078761
1073509
1069243
1066211
1064124
1063212
1063474
1065005
1068045
1071901
1076473
1081993
1087926
1094047
1100188
1105798
1110361
1113311
1114228
1112954
1109713
1105881
1102938
1101113
1099911
1098860
1098007
1097497
1096705
1095565
1094243
1092376
1090481
1088603
1086621
1084639
1082822
1081905
1082008
1083365
1085782
1088676
1091769
1094479
1096107
1096151
1094852
1092421
1089229
1085686
1082046
1078999
1076691
1074864
1073201
1071593
1069948
1067938
1065787
1063499
1060794
1058034
1055763
1054199
1053238
1052902
1053862
1056990
1062829
1071500
1083032
1096913
1111567
1125333
1136917
1145950
1152831
1157852
1161227
1163004
1163552
1162948
1160451
1155987
1150033
1143200
1136140
1129192
1122708
1116510
1110271
1104219
1098439
1092911
1087839
1083518
1080038
1077844
1077412
1078426
1080340
1082334
1084051
1085914
1088064
1090176
1091625
1091781
1090424
1088127
1085565
1082797
1079338
1074605
1068642
1062365
1056852
1052736
1050892
1051700
1054913
1060435
1067234
1074535
1081692
1087921
1093906
1099489
1104846
1110881
1117298
1124032
1129638
1133190
1134653
1133536
1130643
1125765
1119287
1112153
1104761
1097922
1091216
1084327
1077388
1071126
1066341
1063600
1062945
1063368
1064382
1064701
1063859
1063033
1062572
1062640
1063364
1064641
1066276
1068057
1069904
1071698
1073677
1076368
1080058
1085067
1090771
1096179
1100847
1104133
1106325
1107507
1107595
1106721
1104355
1101187
1098214
1095698
1093694
1092068
1091121
1090802
1090791
1090854
1091081
1092128
1093932
1096459
1099275
1101926
1104269
1105596
1106409
1106700
1105972
1104423
1103268
1103357
1103713
1104455
1104880
1104080
1103139
1102105
1100135
1097305
1094133
1090732
1086979
1083247
1080078
1077234
1074455
1071198
1067103
1063016
1059338
1056582
1055880
1057166
1060489
1066170
1072801
1079548
1086792
1093458
1098705
1103257
1106703
1108928
1110482
1110114
1107318
1102723
1096975
1091120
1085689
1080854
1076651
1073118
1070394
1068608
1068021
1069050
1071474
1074433
1078621
1083906
1089316
1095707
1102580
1108710
1113037
1114580
1113760
1111328
1108265
1105309
1102864
1101671
1101967
1103313
1105078
1106191
1106115
1104472
1101036
1096419
1092103
1089760
1089038
1089364
1089446
1089160
1089826
1090186
1090834
1091489
1090506
1089585
1089377
1089407
1089899
1090524
1090743
1090688
1090113
1089041
1088085
1087085
1086488
1086739
1087464
1088255
1088598
1087750
1085303
1081956
1078773
1076436
1075477
1075996
1077830
1080236
1082832
1085709
1087860
1088998
1088768
1086796
1084081
1081761
1080446
1080103
1080933
1082480
1084602
1087342
1089811
1091810
1093156
1093918
1094232
1093781
1092809
1091545
1090269
1089720
1090073
1091000
1092080
1093274
1095196
1097769
1100233
1101486
1100960
1099228
1096723
1093979
1091638
1090084
1089135
1088560
1088063
1087647
1088263
1089713
1091791
1093692
1094212
1093314
1090745
1087486
1084395
1081676
1079872
1079018
1078843
1079001
1079390
1079755
1079653
1079170
1078939
1079068
1080200
1083096
1087263
1092217
1097338
1102263
1106719
1110467
1113514
1115834
1117969
1120175
1122441
1124447
1125639
1126098
1125745
1124272
1121953
1119099
1116162
1113653
1111264
1109070
1107333
1106052
1105495
1105602
1106453
1107974
1109432
1110437
1110754
1109834
1107450
1103875
1099373
1093810
1087752
1082236
1077817
1074780
1072961
1072383
1072466
1072538
1072640
1072013
1070484
1068461
1066355
1065533
1066662
1069380
1072666
1075208
1076950
1078252
1079961
1083029
1086951
1091337
1095135
1097248
1098029
1097566
1096040
1093703
1091303
1089494
1088200
1087346
1086561
1085982
1085678
1085752
1086161
1086510
1087046
1087590
1087928
1088473
1089212
1090750
1093570
1096299
1099145
1102801
1107354
1112426
1115666
1116280
1114327
1110628
1106563
1102735
1099734
1096975
1094374
1092611
1092015
1092364
1093672
1095553
1095964
1095403
1094383
1091387
1088381
1085778
1083018
1081326
1079473
1077396
1075789
1074468
1073939
1074806
1076628
1079122
1081992
1084098
1085221
1085328
1085221
1085693
1086691
1087701
1088225
1088289
1087844
1087001
1085262
1082726
1079649
1074980
1069453
1064355
1059996
1057889
1058425
1060515
1063345
1065981
1067577
1069293
1072614
1077442
1083763
1090557
1097364
1104183
1110595
1116622
1121820
1126053
1129037
1131390
1134120
1137103
1140155
1142448
1142982
1141523
1137900
1132026
1125320
1118795
1112741
1107667
1102813
1098989
1096852
1095793
1095399
1094141
1091455
1087236
1081846
1076508
1071986
1068850
1067065
1066357
1066397
1066452
1066380
1066271
1065767
1064996
1064326
1063875
1063394
1062915
1062722
1062112
1060707
1059142
1057897
1057584
1058696
1060920
1064259
1068858
1074206
1079770
1084449
1088063
1091183
1093649
1095917
1097693
1099317
1101171
1102298
1102961
1103160
1103488
1103978
1103763
1103442
1103211
1103878
1104934
1104989
1104003
1100650
1095859
1092098
1089543
1088232
1087642
1087398
1087828
1088830
1090673
1093058
1095118
1097060
1099665
1103219
1107636
1112092
1115664
1117496
1116993
1114183
1109124
1103226
1097637
1093373
1090685
1088177
1087087
1087657
1088366
1089415
1090206
1090972
1092258
1093064
1092666
1091735
1092091
1093465
1094572
1094416
1091802
1086694
1080482
1074795
1070289
1067714
1066414
1065697
1065831
1066566
1068251
1070580
1073140
1075786
1079372
1084282
1089488
1094786
1099177
1102883
1105819
1107229
1107727
1106240
1104153
1101062
1096744
1097263
1097296
1090305
1085212
1087886
1098614
1114720
1128124
1134588
1135391
1132825
1129611
1127733
1125659
1124798
1123412
1117640
1111688
1104254
1094736
1087058
1082385
1081506
1082480
1083509
1083997
1084322
1083669
1081986
1081106
1080473
1080570
1082727
1086329
1090635
1094153
1094681
1093099
1089653
1084836
1079456
1071972
1064719
1058274
1052933
1049356
1045021
1042404
1041970
1042018
1042736
1042301
1041724
1041852
1042216
1044099
1046802
1050511
1056438
1064691
1075139
1086547
1098288
1108633
1116494
1122387
1126393
1130357
1134224
1137904
1142414
1145845
1147473
1145556
1139202
1131218
1123018
1115830
1109585
1103592
1097649
1091748
1086366
1081766
1078864
1077817
1078384
1080494
1084406
1089436
1094399
1099105
1102898
1106002
1109596
1114372
1119571
1123297
1123787
1120792
1116108
1111273
1106474
1101216
1095435
1089063
1082707
1076860
1071550
1067204
1063370
1060800
1059918
1061026
1064381
1067829
1070009
1070318
1069293
1068388
1068599
1071478
1075550
1078773
1081177
1081660
1081595
1082207
1082693
1082598
1080785
1077818
1074436
1071580
1069938
1068459
1066872
1065213
1064311
1065123
1067353
1070897
1074921
1078578
1081933
1084980
1088987
1094112
1099578
1105009
1109396
1113030
1115956
1118403
1120923
1123036
1124267
1124026
1123268
1123139
1123869
1125249
1125568
1124894
1123922
1122029
1119187
1114937
1109209
1102295
1094868
1087957
1082225
1078199
1075460
1073798
1073214
1073721
1075022
1076867
1079609
1082689
1085634
1088260
1090541
1092504
1093963
1094776
1094574
1093628
1092223
1090503
1088511
1086173
1083409
1080099
1076532
1072574
1068701
1065654
1063920
1064492
1067487
1072341
1078417
1084340
1089475
1094077
1098693
1104534
1110604
1115854
1120536
1124443
1127500
1129026
1129044
1126796
1123155
1120257
1117259
1114296
1109820
1104092
1098757
1094213
1090011
1083387
1077775
1071398
1068849
1069349
1068710
1073959
1063845
1056426
1068067
1066671
1063703
1061421
1058864
1064149
1065656
1069473
1073245
1074540
1078695
1082726
1088463
1095289
1102803
1111089
1119394
1128274
1135589
1141488
1144984
1144807
1141183
1133814
1125906
1118342
1111852
1107672
1104775
1104305
1105653
1107263
1107528
1104084
1098959
1095860
1095124
1097488
1099496
1101275
1106394
1107489
1106750
1104675
1099049
1095916
1090202
1083709
1077706
1070978
1066360
1060105
1055270
1050287
1044124
1041484
1039528
1038941
1040644
1041781
1042730
1042974
1042957
1046073
1050708
1054892
1059372
1064395
1071399
1080035
1088710
1098214
1108913
1118313
1124906
1127882
1127458
1126130
1126033
1128859
1131942
1132244
1129838
1124776
1119388
1114420
1108758
1103175
1099594
1098938
1100820
1103963
1106487
1108629
1110157
1110600
1110665
1110750
1112069
1114034
1115348
1115271
1112355
1107733
1102791
1098654
1096911
1096381
1095633
1093566
1089974
1085359
1078791
1070713
1062093
1053216
1045529
1040165
1036859
1035083
1034833
1035371
1036455
1039371
1044231
1050804
1058052
1064932
1071643
1079055
1088130
1097749
1107314
1115588
1122359
1128240
1132031
1134568
1135184
1134054
1131998
1128334
1124206
1118727
1112164
1105969
1100202
1096363
1094303
1093495
1093948
1094789
1095545
1095880
1096253
1096528
1096669
1097062
1097324
1096875
1095515
1093937
1092377
1090906
1089457
1087609
1084938
1081602
1077651
1072955
1068566
1064949
1062209
1060498
1059247
1057985
1055782
1052417
1048429
1043934
1040417
1038640
1039152
1042573
1047704
1053947
1060639
1067438
1074076
1080050
1086047
1092438
1098410
1103311
1107215
1110250
1112538
1114223
1115676
1116354
1115475
1112747
1108790
1104527
1099753
1095015
1090386
1085955
1083341
1082618
1082886
1084490
1087146
1090725
1095497
1100013
1103432
1106266
1109383
1113675
1119139
1124694
1129044
1131088
1130530
1128176
1124799
1121140
1117215
1112947
1108984
1105103
1100885
1096578
1092090
1087394
1082927
1079311
1077400
1077597
1079543
1082266
1085372
1088975
1092786
1096558
1099359
1100423
1099815
1097823
1095637
1093645
1091804
1090528
1088772
1086827
1085016
1082844
1081164
1079516
1078011
1076625
1075032
1073565
1071986
1071271
1071051
1070711
1070546
1070437
1071213
1072827
1075100
1078305
1081560
1084480
1087064
1088612
1089525
1090320
1090491
1090000
1088809
1086937
1084069
1079977
1076132
1073931
1074083
1076801
1081105
1085787
1089977
1093361
1096228
1099142
1101869
1103138
1101887
1097936
1093765
1092093
1092605
1094198
1095378
1095790
1096810
1097804
1098636
1100213
1101480
1102312
1102473
1101657
1101126
1100813
1101034
1101965
1103368
1105514
1107448
1109328
1111070
1112708
1114430
1115164
1115414
1115331
1115035
1114707
1113891
1112557
1111036
1110106
1109496
1109483
1110468
1111537
1111984
1111226
1108585
1104693
1100951
1097788
1095804
1094645
1092681
1089297
1085410
1082301
1080231
1078891
1077561
1076192
1074944
1073598
1072490
1071505
1070671
1070102
1069941
1070909
1072579
1074114
1075896
1078030
1079984
1081691
1083132
1084042
1084400
1083796
1082228
1080621
1078997
1077766
1077550
1077931
1078633
1078808
1077896
1076898
1076335
1076518
1077344
1077802
1078105
1078002
1077515
1077083
1076645
1077340
1079654
1084174
1091012
1098673
1106076
1112757
1118753
1124290
1129089
1132297
1133142
1131215
1127066
1121232
1114149
1106865
1100045
1094587
1090952
1088965
1088546
1088960
1089383
1089125
1088239
1087310
1086365
1085696
1085200
1084840
1084858
1084810
1084300
1083045
1081117
1078880
1076439
1073873
1071523
1068881
1065642
1062723
1060519
1059522
1060067
1061275
1062892
1065083
1067938
1072093
1077066
1082336
1087343
1091475
1095183
1098345
1101250
1103636
1105039
1105922
1105996
1105300
1103821
1101314
1098375
1095433
1092886
1091094
1089763
1088902
1088429
1088279
1088236
1087694
1086662
1085078
1083129
1081086
1079431
1078599
1078950
1080722
1083755
1087898
1092307
1097570
1103626
1109518
1114997
1119139
1122065
1124165
1126101
1128139
1129360
1128995
1126163
1121074
1115159
1108816
1102627
1097336
1092903
1089639
1087202
1084910
1082181
1079401
1077362
1076301
1076245
1077043
1079043
1081756
1085179
1089204
1092811
1095510
1096609
1096222
1094330
1091175
1087693
1084625
1082604
1081173
1079979
1078547
1076740
1075575
1076047
1078986
1083844
1089624
1095496
1100536
1105080
1109179
1112785
1115703
1116916
1116348
1114705
1113680
1114074
1115058
1115459
1114062
1110853
1106168
1100646
1095002
1089436
1083613
1077137
1070088
1062329
1054872
1049218
1046461
1046645
1048016
1049346
1050524
1052032
1054737
1058831
1063559
1068859
1074622
1080390
1086457
1093077
1100476
1107427
1112296
1114688
1115511
1115828
1115271
1113459
1109515
1103107
1095030
1086839
1079900
1074384
1070678
1067876
1065226
1063371
1062726
1063949
1068113
1075314
1084652
1095101
1105464
1114796
1122138
1127561
1131627
1134380
1135740
1135248
1132926
1129174
1124639
1119608
1113779
1107341
1100274
1092824
1085445
1078248
1072042
1067421
1064877
1065053
1068285
1074398
1082315
1090943
1099127
1106073
1111670
1115548
1117370
1117524
1116459
1114476
1111433
1106759
1100665
1093332
1085142
1076997
1069431
1062708
1056937
1052753
1050203
1048856
1048661
1049529
1052327
1057541
1065287
1076108
1088830
1102046
1114776
1125124
1132177
1135790
1136201
1134517
1131849
1128829
1125140
1121376
1118339
1115484
1112614
1109110
1104493
1099463
1094467
1089033
1083431
1078711
1074140
1069878
1066764
1064024
1062209
1061725
1062388
1063943
1065283
1066529
1068101
1070206
1072597
1074726
1076752
1078310
1079078
1078871
1077694
1075756
1073274
1070833
1068648
1067369
1067373
1068104
1069451
1071379
1073690
1076805
1081079
1086671
1093915
1101711
1109306
1116465
1122115
1126152
1128445
1129267
1129377
1129022
1128129
1126518
1123337
1118961
1115884
1112706
1108189
1103584
1098485
1093456
1088331
1083613
1081231
1080559
1080821
1081349
1081125
1080625
1080261
1079917
1079830
1080060
1080306
1080622
1080758
1080443
1080195
1079829
1079404
1078517
1076923
1075453
1073866
1072816
1072563
1073144
1075073
1078120
1082607
1087293
1091078
1094040
1096768
1099968
1102525
1103879
1103104
1099628
1094785
1088876
1082558
1076483
1070876
1066708
1064558
1064842
1066946
1070014
1073654
1078276
1083801
1088901
1093784
1097898
1100587
1101826
1102144
1101791
1099386
1096212
1092922
1088904
1085533
1082796
1080492
1079222
1078074
1078526
1081738
1085622
1091111
1097832
1103989
1109421
1112970
1115623
1117960
1118783
1118930
1119054
1118943
1118813
1118347
1117129
1114898
1111358
1106853
1101732
1096424
1091881
1088505
1086670
1086318
1086762
1087818
1089123
1090428
1091714
1092622
1093037
1093099
1092378
1090584
1087871
1085015
1083299
1082808
1083497
1084964
1086028
1087065
1088212
1088680
1088770
1088680
1088209
1087539
1086621
1085583
1084854
1084171
1083454
1082931
1082470
1082712
1084191
1086644
1089780
1093091
1096682
1100530
1104378
1107994
1111087
1113641
1115147
1116100
1116652
1115974
1113573
1109395
1103523
1096539
1089493
1082240
1075403
1069532
1065259
1062678
1060931
1060398
1060736
1062177
1064669
1067699
1071197
1074751
1078158
1080668
1082563
1084333
1086511
1090113
1094764
1099776
1104760
1109345
1112678
1114748
1116376
1117735
1119264
1120867
1121684
1121233
1119698
1116994
1113086
1108811
1104605
1100838
1097880
1095096
1092346
1090086
1087811
1085483
1083575
1082057
1081320
1082294
1085119
1088939
1093423
1097787
1101427
1105416
1109642
1113515
1117115
1119338
1119399
1117208
1113009
1106783
1098230
1088093
1077067
1066022
1055869
1047551
1041850
1038708
1038114
1039575
1042576
1047142
1053272
1060812
1069671
1079543
1089747
1099799
1109226
1117590
1124883
1131110
1135945
1138947
1139469
1136985
1131310
1122744
1111934
1099563
1086856
1075006
1064602
1056165
1049963
1045585
1043043
1042973
1045476
1050714
1058686
1068787
1080474
1093244
1106506
1118709
1127998
1133945
1136849
1136843
1134850
1131491
1126306
1120076
1113792
1107636
1101506
1094993
1088243
1081642
1076110
1072207
1069689
1068282
1067424
1067235
1067614
1068407
1069585
1070889
1073152
1076607
1080599
1084277
1087208
1089381
1090270
1090084
1089199
1088043
1087249
1087088
1087601
1088279
1089196
1090476
1091409
1091669
1090718
1087930
1084316
1080411
1076885
1075099
1074506
1075678
1078103
1080639
1084456
1088848
1093735
1099004
1103416
1107221
1110272
1112973
1115462
1116741
1116122
1113177
1108586
1103275
1097658
1092344
1087710
1083507
1079591
1075529
1071117
1067267
1064284
1062388
1061792
1062504
1064916
1068317
1072260
1076646
1080004
1082241
1084637
1087836
1092186
1097787
1104593
1111904
1119148
1125573
1130439
1133062
1132798
1130802
1127269
1122382
1117059
1110945
1104321
1097321
1089423
1080851
1073526
1068939
1066551
1065987
1066589
1067821
1070259
1074591
1080791
1088271
1096295
1103396
1108429
1111146
1112320
1112650
1112277
1112234
1111758
1109931
1107239
1102735
1096625
1089752
1082121
1074190
1065857
1056940
1048353
1041283
1036901
1036326
1038848
1043644
1050146
1057025
1064107
1071092
1077606
1083277
1087769
1091903
1096229
1101218
1106462
1111121
1115388
1118854
1121387
1122570
1121578
1118625
1113462
1106783
1099254
1090736
1082455
1075266
1069809
1066190
1063841
1063220
1064287
1066769
1070865
1076763
1084899
1094682
1104892
1114699
1123438
1130708
1136110
1139679
1141818
1143075
1144057
1144508
1143757
1141400
1137340
1131982
1125389
1117719
1109536
1101077
1092517
1084367
1077770
1072979
1069857
1068419
1068020
1069270
1072678
1077327
1082667
1087816
1091712
1094410
1096167
1097369
1098173
1097986
1096856
1095695
1095016
1094482
1094276
1094272
1093320
1091224
1088189
1084578
1080790
1077153
1073764
1070118
1066934
1064196
1061146
1059235
1059824
1062703
1067883
1074161
1079969
1085903
1091338
1095570
1098779
1101468
1104001
1105535
1107101
1108382
1108570
1108023
1105739
1102155
1097562
1092186
1087007
1081316
1074980
1068143
1060653
1053622
1047232
1042286
1039632
1038574
1038925
1039595
1040172
1040423
1041253
1043293
1044612
1046758
1048616
1050352
1054722
1059741
1067167
1075862
1084231
1092649
1099177
1105890
1112053
1116482
1120894
1126805
1135103
1145043
1153900
1158060
1157686
1152588
1144112
1135460
1127244
1121635
1117498
1113855
1110967
1108602
1108241
1108333
1111287
1116083
1119991
1125147
1129343
1133164
1137109
1138694
1137449
1133718
1128042
1121259
1114552
1108298
1100434
1089759
1078805
1068390
1059848
1053975
1049315
1046668
1045466
1044847
1045224
1045063
1042985
1039926
1036165
1032531
1031858
1034851
1042287
1054036
1068233
1083512
1096786
1108332
1117706
1123998
1129562
1133017
1135256
1138266
1140715
1142990
1145932
1147126
1146138
1144570
1141313
1137409
1131803
1124092
1115680
1105060
1094832
1086455
1079300
1073406
1066919
1061252
1058800
1058668
1059271
1060282
1062596
1065350
1067844
1071386
1075714
1080337
1084155
1086073
1087103
1087020
1085322
1082442
1078717
1075175
1071648
1067851
1065373
1063895
1063005
1063695
1065941
1070182
1076089
1082868
1088996
1094103
1100679
1109638
1120956
1132482
1142051
1147761
1148389
1145729
1139575
1131861
1123486
1115018
1107623
1100776
1097044
1092828
1088575
1086912
1082771
1077926
1072997
1066795
1062454
1060497
1059641
1059413
1059814
1059885
1060477
1062539
1065216
1067392
1068340
1069626
1071155
1073033
1076520
1080518
1085202
1089980
1093527
1096634
1098770
1099135
1099706
1101922
1105446
1109713
1113368
1116837
1119478
1119827
1118678
1115644
1112187
1110457
1110266
1111056
1113063
1116336
1120126
1124563
1128624
1130898
1131230
1130638
1128531
1124027
1117985
1109435
1100400
1092676
1085820
1080489
1075362
1070674
1066914
1064081
1062765
1062311
1062502
1062675
1062887
1063702
1065455
1068983
1073513
1078372
1082841
1085255
1085882
1086305
1087166
1088588
1090448
1091856
1092309
1091983
1090829
1089409
1089129
1090497
1093424
1097244
1100623
1102503
1102031
1100447
1098239
1095412
1094518
1094977
1095478
1096265
1096168
1094236
1090359
1085355
1078913
1072019
1066125
1060417
1056112
1053071
1050712
1049318
1047187
1045909
1046243
1046503
1047367
1047111
1045835
1046837
1049809
1054507
1059512
1062692
1064923
1066227
1067533
1070607
1074953
1078857
1080942
1081087
1079761
1077722
1076586
1078029
1082362
1089539
1098795
1108569
1118124
1127286
1135816
1143053
1148251
1151135
1152027
1151559
1150309
1148926
1148103
1147596
1146370
1143321
1137092
1128224
1118413
1108096
1098302
1089603
1082249
1077466
1075709
1076477
1077996
1079048
1079514
1079491
1080536
1083566
1087723
1091584
1094387
1096449
1097412
1097249
1096810
1096059
1094263
1091373
1088579
1086596
1085465
1084689
1083439
1081949
1080249
1077867
1074233
1069711
1065907
1063837
1063702
1065029
1068192
1072678
1078288
1085917
1094067
1102623
1110673
1116746
1121488
1123943
1124039
1122293
1118463
1112941
1106286
1099073
1092597
1087019
1081144
1076260
1072833
1070808
1071571
1074147
1078141
1083336
1087925
1091935
1095903
1099703
1103504
1106618
1108403
1108704
1107675
1106742
1106169
1105711
1105082
1103527
1101424
1099148
1097698
1097942
1099257
1100336
1100503
1099111
1096790
1095150
1093387
1092255
1090936
1088092
1085843
1084245
1084041
1084989
1084961
1083368
1080045
1076282
1073088
1069676
1066111
1063621
1061997
1061651
1062767
1064811
1068023
1070906
1073592
1075943
1077077
1078366
1079963
1082507
1086093
1090522
1095767
1100216
1103991
1106737
1108050
1108987
1109720
1110749
1112738
1115241
1117698
1119671
1120329
1119745
1118186
1116772
1116604
1117836
1121078
1124909
1128263
1129699
1129162
1129298
1127285
1122880
1117728
1110205
1103499
1097568
1091288
1087020
1083271
1079056
1073993
1066892
1058377
1051603
1049247
1050388
1052608
1053315
1052071
1050065
1048618
1048875
1051244
1055608
1060960
1066585
1072214
1077323
1080899
1082660
1083593
1084764
1087514
1092581
1098269
1102523
1105044
1105184
1103015
1100511
1098864
1098610
1099772
1101659
1103334
1104142
1104640
1104741
1104861
1105210
1104691
1103626
1101639
1098444
1094639
1090668
1087609
1085955
1085548
1085869
1086992
1089561
1092938
1096273
1099149
1100052
1099180
1098176
1097311
1097082
1096920
1095919
1094229
1091793
1088908
1085658
1081818
1077876
1074554
1071832
1069846
1068671
1068026
1068001
1068515
1069445
1070775
1072359
1073843
1074999
1075418
1075101
1074376
1073245
1072497
1073113
1075714
1080374
1086145
1091187
1094386
1096021
1096028
1095243
1095191
1095291
1095303
1095290
1094156
1092767
1091914
1091858
1093423
1096245
1099985
1104040
1107684
1110369
1112069
1113125
1112997
1111562
1108598
1104634
1100080
1095147
1090915
1086909
1084044
1082589
1081971
1083006
1084047
1085092
1087030
1089745
1093763
1097437
1100247
1102194
1102702
1102129
1100503
1098578
1097041
1096852
1097968
1099919
1102786
1105459
1107431
1108290
1107714
1105973
1103305
1100148
1097066
1094381
1092140
1090196
1088087
1085915
1083839
1081896
1080483
1079453
1078893
1079285
1080590
1082340
1084039
1085988
1088186
1090342
1091979
1092376
1091499
1088997
1085367
1081200
1077103
1073699
1069939
1065739
1061161
1056602
1054183
1054693
1057285
1060789
1064106
1067197
1071294
1077115
1084425
1092780
1101057
1108513
1115600
1121977
1126954
1129913
1130034
1128069
1124489
1119618
1114500
1109406
1105278
1102555
1101066
1100714
1100608
1100623
1100711
1100542
1099910
1099274
1099571
1100920
1103406
1105355
1105351
1105022
1105064
1105070
1106015
1108543
1112032
1116385
1121146
1124775
1126317
1125734
1123724
1121144
1117558
1111839
1104167
1095389
1086087
1076890
1069165
1063489
1059469
1057537
1056878
1056462
1056135
1055652
1055666
1056646
1058479
1061883
1067077
1073054
1079334
1085276
1090559
1094752
1097871
1100816
1102749
1102935
1100525
1095673
1089581
1082363
1074958
1068643
1064233
1061551
1060088
1059483
1060145
1062387
1065150
1068411
1071902
1075462
1080219
1086349
1094076
1103439
1113213
1122101
1128531
1131728
1132074
1130113
1127270
1124381
1121647
1119010
1115339
1111235
1107637
1104209
1101368
1098460
1095142
1091814
1088571
1086544
1085575
1085177
1085292
1085292
1084822
1082975
1079410
1074535
1068869
1064115
1061650
1061370
1062775
1064508
1066207
1068531
1070719
1072623
1073740
1073421
1072476
1071131
1069902
1069749
1070890
1072849
1074532
1075236
1075717
1076675
1078120
1080451
1083243
1086504
1090804
1095795
1100699
1104424
1106432
1106208
1104403
1102775
1102139
1102435
1102677
1102348
1101370
1099603
1097616
1095652
1093663
1092362
1092562
1094362
1097235
1100562
1103786
1106702
1109141
1111097
1112867
1114133
1114996
1115916
1117222
1118457
1118956
1118775
1117045
1113956
1109861
1104358
1098058
1091553
1085841
1081505
1079136
1079246
1081351
1084979
1089221
1093070
1096245
1098919
1101108
1102893
1103939
1103708
1101909
1098497
1094041
1089090
1084282
1080550
1078379
1077930
1078744
1079476
1080701
1082037
1081531
1079847
1077172
1074557
1073788
1074042
1074821
1075441
1075488
1076342
1078102
1080072
1081459
1081247
1079360
1075755
1071094
1066176
1062236
1060493
1060505
1062484
1064885
1066581
1068842
1071479
1075559
1081862
1090259
1100405
1111079
1120637
1127901
1134356
1139197
1142281
1143950
1142943
1140545
1136766
1132673
1129272
1125666
1121403
1116071
1110115
1104157
1098927
1094619
1091086
1087517
1083533
1079367
1075607
1073668
1074051
1076786
1080569
1084082
1086981
1087724
1085518
1081410
1075855
1069041
1062388
1056879
1052798
1050507
1049483
1048843
1048347
1048405
1049380
1051138
1053660
1057072
1061363
1066791
1073272
1080258
1087395
1094193
1100209
1105009
1108993
1112078
1113712
1114137
1113312
1112046
1110887
1110044
1108992
1107100
1105069
1102832
1100771
1099290
1098268
1097758
1097584
1098254
1099519
1100690
1102435
1103854
1104278
1104509
1103827
1102152
1099540
1096051
1092610
1089722
1088257
1088591
1090342
1092958
1095461
1098000
1100843
1103716
1106684
1109177
1111123
1112560
1113791
1115648
1118415
1121784
1124586
1125678
1123348
1116916
1107949
1097576
1087431
1079330
1073793
1071308
1071332
1073160
1076081
1079228
1082702
1085786
1087987
1088416
1086204
1082164
1076834
1071591
1067664
1065074
1063538
1062401
1061677
1061102
1060549
1060057
1059846
1061198
1064261
1069200
1076214
1084441
1093034
1100671
1106663
1110701
1112771
1113776
1114296
1114623
1114483
1113574
1112079
1109937
1107488
1104818
1101677
1098462
1095226
1091938
1088891
1085958
1082842
1079374
1076110
1073826
1072736
1073383
1075490
1078152
1081120
1084161
1087678
1091952
1096598
1100715
1103584
1105079
1104741
1103593
1102124
1099686
1097517
1096068
1095091
1094577
1093698
1092471
1091036
1089416
1087932
1086396
1084214
1080822
1076002
1070016
1064505
1060764
1059415
1061245
1066771
1075213
1084189
1092095
1097388
1099842
1100371
1100196
1100783
1101719
1103091
1104829
1106531
1108343
1109929
1110906
1110928
1110161
1108660
1106605
1104039
1101013
1097771
1094358
1091514
1090133
1090973
1093497
1096336
1098088
1098125
1098496
1098903
1097683
1096131
1094738
1094763
1097174
1100039
1102747
1105162
1106617
1107512
1109103
1111676
1114902
1118639
1121082
1121465
1119967
1117016
1113954
1110706
1107120
1102839
1097731
1092201
1085983
1079292
1072329
1065852
1060542
1056671
1055549
1057592
1061879
1067297
1073273
1079782
1086654
1093684
1100166
1105401
1109380
1112224
1113973
1114375
1112642
1108300
1101451
1092051
1080796
1068528
1055792
1043649
1033008
1024861
1019995
1018621
1020738
1026187
1034215
1044000
1054581
1065217
1076014
1086241
1095573
1103958
1110972
1116406
1119968
1121941
1122840
1122547
1121297
1120361
1119083
1117006
1114711
1111256
1107080
1103087
1099181
1095057
1090782
1086630
1082865
1080115
1077751
1075346
1071448
1066232
1061558
1057354
1055408
1054956
1056471
1060816
1065788
1072646
1080836
1089447
1098077
1105611
1112178
1117033
1119900
1120293
1117915
1114181
1109656
1103650
1096660
1088888
1080759
1074482
1070778
1069706
1071145
1073948
1078007
1082969
1087864
1093476
1100496
1107795
1114923
1121571
1127616
1133089
1137168
1139385
1139021
1136493
1132284
1126638
1120477
1114413
1108989
1104548
1100873
1097006
1093055
1089432
1086632
1085221
1085405
1086925
1088518
1089823
1090370
1089671
1087921
1085636
1083777
1082636
1082264
1082201
1081913
1081054
1079531
1078035
1077007
1076849
1077697
1078634
1078827
1078492
1077763
1076828
1075979
1075608
1075978
1077028
1078822
1081226
1084583
1088541
1092360
1095117
1096251
1096302
1095836
1095127
1093610
1091408
1088651
1086321
1085405
1085142
1085456
1085951
1086363
1086861
1087120
1087318
1087903
1088860
1089932
1090914
1091762
1092840
1094577
1096907
1099357
1101343
1102126
1102284
1103008
1104298
1106007
1107371
1108012
1108444
1108284
1107187
1104753
1100574
1095010
1088732
1082298
1076069
1069979
1064215
1059684
1056572
1055150
1055304
1055783
1055753
1055259
1055465
1057410
1061623
1068505
1077283
1087143
1097506
1107265
1115905
1123252
1128561
1131747
1133333
1133142
1132016
1130235
1127713
1124882
1121534
1118449
1114879
1110613
1106031
1100711
1095999
1091620
1087675
1084831
1082266
1079853
1077235
1074936
1073726
1073676
1074870
1076197
1076464
1075486
1073339
1070435
1067717
1065703
1064392
1063754
1063377
1062612
1061729
1061245
1060943
1060731
1060735
1060968
1061768
1063550
1066355
1070658
1077005
1085418
1095186
1105422
1115318
1124917
1135013
1144917
1153756
1159561
1160878
1159057
1154595
1148132
1141113
1134205
1127305
1120273
1113284
1105975
1098702
1092053
1085949
1080155
1074209
1068460
1063840
1060916
1059882
1060754
1063282
1067208
1072064
1077092
1082447
1087996
1093488
1099311
1105081
1110183
1113666
1114599
1113004
1108931
1102869
1096022
1089345
1083238
1078156
1074745
1072956
1072916
1074422
1076350
1078623
1081157
1083906
1087521
1092149
1097938
1104253
1110129
1115097
1118264
1119158
1117800
1114840
1110977
1106367
1101375
1096151
1090257
1083241
1075541
1067155
1058737
1051723
1047058
1046475
1050253
1057303
1066649
1077234
1088408
1099717
1110390
1119084
1124986
1128095
1128716
1127655
1125409
1121515
1115968
1108870
1100106
1090295
1080573
1072059
1065084
1060105
1057447
1056712
1057366
1058712
1059617
1059231
1057644
1054771
1051514
1049266
1048230
1048595
1050813
1054961
1061351
1069783
1078690
1087186
1094531
1100089
1103760
1105660
1106939
1107825
1108625
1110058
1111371
1112612
1114103
1115539
1116887
1117813
1117785
1116471
1113921
1109697
1103655
1096418
1088863
1082654
1078259
1075880
1075737
1076744
1078373
1079941
1081181
1082124
1082807
1083449
1083717
1084181
1084445
1083736
1082174
1079817
1077463
1075676
1074744
1075172
1076859
1079828
1083597
1086985
1090162
1093588
1096704
1099077
1100972
1102513
1104744
1107442
1109682
1111435
1111956
1111662
1110441
1108916
1107393
1105532
1103649
1101216
1098659
1096358
1094893
1094072
1093305
1093069
1093635
1094451
1095232
1095795
1095750
1095909
1096519
1097083
1097644
1097910
1097191
1095215
1091978
1088217
1084640
1081661
1079359
1077905
1077946
1078887
1080626
1083552
1086928
1090144
1092872
1094580
1095967
1097543
1099061
1100471
1101347
1101703
1101758
1101959
1101664
1101089
1100648
1099466
1097785
1095917
1094643
1094230
1094798
1095225
1095036
1095393
1096032
1097539
1099714
1102079
1104150
1105077
1104520
1102232
1098820
1095147
1091396
1086723
1081183
1075263
1069646
1064813
1061023
1059285
1059746
1062768
1067949
1073946
1080355
1085945
1090214
1093197
1094290
1093947
1092072
1089793
1089050
1089519
1091142
1093958
1097574
1101930
1106363
1110261
1112977
1114043
1113782
1112432
1110374
1108153
1105927
1103812
1101834
1100127
1098714
1097662
1097100
1096588
1095734
1093698
1090449
1086586
1082291
1078037
1074082
1070679
1067659
1065409
1064423
1064826
1067089
1070816
1075565
1080787
1085670
1089534
1091831
1092912
1092877
1092093
1091442
1091459
1092657
1094839
1097291
1099196
1100239
1100466
1100558
1101312
1102555
1104075
1104509
1103446
1101916
1099553
1097266
1094460
1090480
1087623
1084966
1082459
1081358
1080480
1079708
1079186
1078911
1079097
1079195
1079145
1079704
1080353
1079811
1078142
1076171
1074709
1074133
1074316
1075117
1075859
1075952
1075581
1074618
1072842
1070235
1066960
1063825
1061820
1061905
1064598
1070020
1077568
1086424
1095611
1103484
1110347
1115792
1119633
1122262
1121586
1119142
1115947
1110880
1106075
1101867
1098420
1096763
1096013
1096625
1098503
1100529
1102918
1104993
1106059
1107352
1109371
1111266
1113198
1114765
1115456
1115743
1115493
1115067
1114781
1114261
1113943
1113243
1111172
1108495
1105303
1101407
1096926
1091967
1087284
1083318
1079733
1075933
1071606
1066587
1061374
1056348
1051875
1048397
1045590
1043334
1041357
1039953
1040178
1041910
1044686
1048750
1054258
1061507
1070919
1082280
1094931
1108127
1120392
1130373
1138065
1143832
1147857
1149337
1148243
1146259
1144128
1142172
1140300
1138118
1135894
1133560
1131929
1131183
1129018
1125616
1121980
1117489
1113276
1109160
1104104
1097863
1090527
1084023
1078232
1072027
1066056
1060626
1056280
1053179
1050370
1047249
1043857
1041235
1040653
1042002
1044482
1047464
1050747
1054453
1058599
1063161
1068428
1074073
1078932
1082352
1083999
1083931
1082371
1080521
1079177
1077801
1077234
1077548
1079439
1083258
1088157
1096157
1105335
1112679
1119339
1124819
1129634
1133038
1131345
1126173
1121501
1117138
1110792
1102510
1094299
1087494
1082155
1076055
1068450
1060409
1053132
1048545
1046997
1048303
1051654
1056368
1061225
1065095
1069448
1074712
1080990
1089117
1098949
1109260
1118463
1126336
1132938
1137869
1141258
1143298
1144021
1144097
1143800
1142295
1139436
1135044
1129883
1125602
1121776
1117925
1113086
1106636
1099696
1093195
1088405
1085375
1082670
1079170
1075124
1071108
1068328
1068615
1071632
1077163
1084614
1092338
1100279
1107561
1112160
1114321
1115211
1114678
1112357
1107714
1099947
1089441
1078190
1067487
1057674
1049385
1043062
1038828
1036882
1037750
1040456
1044880
1052397
1062597
1074620
1087102
1099037
1109629
1117720
1123476
1126953
1128308
1128319
1127020
1123994
1118949
1112388
1105005
1097144
1089858
1083453
1077697
1072853
1069296
1067139
1066589
1068205
1071116
1075488
1081388
1088377
1097107
1106322
1115556
1122758
1125047
1123033
1117401
1109910
1102261
1095082
1088589
1082368
1076782
1071381
1066596
1063793
1061834
1060483
1060462
1061048
1062759
1065904
1069580
1073815
1078798
1084792
1091917
1099088
1104834
1108310
1110623
1112119
1112515
1112527
1110580
1106317
1099202
1089104
1078846
1069162
1061424
1056056
1052046
1049432
1047494
1047183
1049019
1053130
1059910
1067546
1075008
1080949
1084767
1087030
1087479
1086938
1086121
1086427
1088465
1091973
1096211
1099838
1102009
1101688
1099787
1096817
1093288
1090292
1088018
1086436
1085333
1085396
1086651
1088814
1092054
1096034
1099717
1103446
1107842
1111713
1115326
1119083
1122807
1126539
1129701
1132258
1133770
1133648
1132581
1131526
1130497
1129537
1127472
1123194
1117291
1109948
1102704
1095796
1089530
1085084
1082280
1082162
1083676
1085800
1088030
1089060
1089796
1090133
1090207
1091135
1091756
1091581
1090678
1087797
1082509
1075060
1066301
1057564
1049886
1043704
1039516
1037770
1038273
1041448
1046578
1053110
1061268
1069994
1078936
1087287
1094422
1100686
1106284
1112122
1118544
1125565
1132075
1136792
1139318
1138981
1136069
1131019
1125075
1118828
1112011
1105461
1099446
1094220
1090279
1088361
1088196
1088646
1088821
1087857
1086016
1083269
1078868
1073398
1068377
1064429
1062464
1062749
1064187
1066584
1069221
1071473
1073619
1075585
1077311
1078740
1079552
1080137
1081046
1082230
1083526
1084712
1085657
1085711
1085262
1084648
1084048
1083688
1083294
1083582
1084173
1085663
1088026
1090309
1093484
1097163
1100619
1102924
1102824
1100884
1097911
1094240
1090425
1085995
1081146
1076683
1072939
1070899
1070288
1070789
1071841
1073461
1076559
1080034
1083397
1086661
1089735
1093205
1097619
1103179
1109001
1114522
1119893
1124693
1129098
1133336
1136344
1137612
1136943
1134761
1131390
1125816
1118814
1111094
1103140
1096121
1089982
1084646
1079004
1074001
1071997
1073697
1079146
1085008
1090055
1095454
1100114
1105164
1108949
1109224
1108973
1107188
1102574
1097689
1092094
1085210
1078319
1070454
1063380
1057762
1050967
1045728
1041814
1039391
1038993
1039039
1041234
1043429
1047121
1051940
1057292
1066852
1074977
1082454
1089712
1094573
1103024
1110730
1115557
1119479
1121217
1123343
1125242
1127496
1130182
1131833
1133375
1134525
1135165
1134312
1131030
1126172
1120167
1113462
1106307
1099236
1093753
1089516
1086173
1084103
1083564
1085498
1089642
1094846
1100399
1106176
1111975
1117791
1123692
1128639
1131595
1131912
1128966
1123625
1115863
1106322
1097419
1087303
1076921
1067578
1057287
1048043
1038835
1029889
1022960
1017692
1015574
1015417
1016978
1019876
1023310
1027911
1032981
1039042
1046831
1056456
1067463
1078905
1089073
1097150
1103254
1108175
1113137
1117677
1122568
1127133
1129711
1130430
1128419
1123419
1116195
1107654
1099732
1093815
1089605
1086772
1084577
1083196
1083340
1084712
1087535
1091130
1094984
1099612
1105222
1111628
1117561
1122679
1127208
1130557
1133280
1135401
1136558
1136976
1136115
1133437
1128538
1121277
1112030
1102222
1092846
1083939
1075861
1069038
1064175
1061175
1059999
1060565
1062134
1065079
1069064
1074195
1080609
1087097
1094170
1101277
1107646
1113755
1118751
1122561
1125970
1128209
1129486
1130273
1128273
1123823
1117766
1108879
1097379
1083932
1070317
1057919
1047449
1039505
1034104
1031698
1032242
1035563
1041748
1050547
1060832
1071685
1082674
1092901
1101695
1108627
1114070
1118398
1121513
1122912
1121840
1118845
1114498
1108922
1102144
1094298
1086121
1078206
1070561
1063122
1056373
1050924
1047909
1047271
1048601
1052483
1057514
1063638
1071121
1078403
1087197
1097095
1104026
1110441
1118269
1123741
1128201
1130790
1129811
1129053
1125602
1119493
1113640
1106354
1099271
1091985
1085505
1079229
1071895
1064117
1057351
1050761
1042930
1045074
1044425
1049543
1058649
1058484
1091625
1098296
1083009
1115114
1124780
1117120
1117565
1114850
1117540
1113452
1112507
1113293
1108406
1100067
1089646
1081665
1075160
1068690
1066808
1068824
1066652
1063558
1062455
1061148
1060879
1065516
1072273
1077372
1083970
1089175
1094238
1103021
1111676
1119781
1127020
1131933
1135779
1137424
1136575
1135159
1134006
1133759
1133083
1130190
1126201
1120826
1112509
1103133
1094266
1086398
1080849
1076590
1073333
1071593
1069970
1069048
1068806
1067713
1066607
1066384
1068262
1072867
1078480
1084621
1090562
1095352
1099234
1101944
1103662
1104460
1104264
1102471
1098266
1092303
1085288
1078375
1072284
1066688
1061752
1057048
1052796
1049867
1048395
1048929
1051750
1056477
1063253
1072206
1083084
1095780
1108443
1120552
1132151
1141320
1148191
1151870
1152497
1151099
1146578
1140526
1133952
1126303
1117829
1107617
1096566
1087079
1078726
1072151
1068608
1067183
1067423
1068373
1069040
1069560
1070375
1072075
1074864
1078059
1081161
1084102
1086382
1088491
1091704
1096042
1100978
1105160
1107616
1108711
1108287
1107470
1106930
1106046
1105451
1104927
1103264
1099565
1093716
1086767
1080332
1075911
1074006
1074185
1075431
1076828
1078518
1081057
1084611
1090075
1097174
1103790
1108920
1111118
1110423
1107705
1102653
1096342
1089016
1080896
1073098
1066412
1061027
1056964
1054928
1055386
1058477
1063321
1068256
1072938
1077224
1080637
1083863
1086744
1091071
1097234
1102574
1108195
1111819
1112966
1114108
1113948
1115052
1117018
1117535
1116728
1113561
1109318
1103465
1094230
1082995
1072025
1063241
1058225
1055486
1053461
1053065
1053337
1055204
1059704
1065734
1074279
1085086
1095679
1103566
1107308
1107954
1108251
1109371
1111784
1116043
1121176
1126614
1130870
1131890
1129792
1124954
1119047
1113503
1107057
1100842
1095073
1088574
1082791
1078334
1076397
1077210
1080443
1085990
1092344
1099808
1108594
1118418
1128644
1137049
1142681
1146072
1147378
1146229
1142500
1136840
1129433
1120051
1109226
1097334
1084813
1071910
1059119
1047642
1037505
1029484
1024151
1021244
1021581
1024681
1030869
1040806
1053691
1068877
1084013
1097400
1108185
1115559
1120859
1124232
1125235
1124643
1122300
1119051
1115765
1112070
1108481
1104466
1099974
1095973
1092164
1087879
1082806
1077382
1072513
1069361
1067722
1067229
1067694
1068405
1069744
1071804
1074299
1077096
1079921
1082631
1085969
1089901
1093625
1097084
1099448
1100435
1099599
1096950
1093969
1091109
1089045
1087965
1087214
1086690
1086769
1087374
1087718
1088341
1089705
1092199
1095417
1098417
1101104
1102228
1102249
1100296
1097522
1096134
1093543
1091577
1088507
1083709
1082364
1082471
1084031
1086798
1088101
1087960
1086173
1085814
1088957
1094424
1101004
1106795
1109200
1106445
1099640
1092191
1087002
1084014
1083066
1083459
1083223
1081842
1078384
1073759
1070027
1067419
1066219
1065961
1065958
1066153
1065240
1063115
1062196
1063346
1066888
1072262
1078356
1085749
1093750
1101973
1109829
1116416
1121935
1125159
1126695
1128046
1129443
1131604
1133237
1133851
1133566
1130538
1125193
1119167
1113991
1109896
1105790
1101933
1098657
1094970
1090243
1085966
1081821
1077492
1073766
1070245
1068137
1066989
1065167
1062737
1059385
1054887
1049583
1044758
1041414
1039755
1040589
1043589
1047920
1053385
1058878
1063630
1067973
1071305
1073348
1075305
1076611
1077407
1078620
1078576
1078172
1077772
1076512
1075603
1074257
1074422
1077386
1082414
1090188
1098677
1107419
1115243
1120769
1125345
1128878
1131469
1132626
1132164
1130424
1126230
1119960
1112723
1105103
1098036
1091444
1085907
1081434
1076748
1072812
1069487
1066282
1063965
1062382
1062539
1065039
1069772
1075784
1082515
1088834
1093137
1096784
1098627
1100335
1103383
1106228
1109572
1112231
1114515
1116140
1116839
1116577
1116075
1116002
1116037
1116943
1117423
1118357
1118833
1118440
1117593
1114895
1112984
1111557
1110498
1111196
1111336
1111431
1111075
1109873
1109126
1107608
1105768
1103102
1099835
1096328
1091812
1086776
1081191
1076913
1074675
1074161
1075191
1076106
1076411
1076055
1074610
1072815
1071175
1069348
1067389
1065986
1065713
1066794
1069945
1074368
1079543
1085768
1091872
1097930
1103998
1109288
1113433
1116047
1116766
1115624
1113083
1109368
1105052
1100241
1095213
1089793
1083637
1078104
1073254
1069188
1065239
1060993
1058502
1057828
1059609
1063819
1068751
1074263
1079641
1084070
1087246
1089735
1092420
1095435
1098188
1099825
1100202
1099028
1096734
1094313
1092169
1090645
1089730
1089350
1089228
1089459
1090636
1093353
1097945
1102951
1106670
1108854
1110056
1110507
1110314
1109386
1107988
1106509
1104605
1102593
1099226
1094581
1090673
1087571
1083818
1079399
1076225
1071355
1063797
1057539
1053929
1053694
1056077
1059398
1063727
1069856
1077422
1085707
1093065
1097550
1100960
1102500
1101810
1101393
1101120
1103415
1107001
1109694
1112307
1113077
1113895
1113545
1111987
1111925
1109627
1106695
1103138
1097549
1095289
1095701
1097437
1101107
1103900
1104884
1106022
1108477
1109671
1108323
1106039
1101750
1095499
1089217
1081389
1072881
1065387
1058732
1054085
1049637
1046563
1046380
1045925
1045945
1048082
1048744
1048774
1051729
1054651
1060870
1068304
1072379
1078514
1084343
1091633
1101901
1111855
1121525
1128557
1135090
1139801
1142999
1145526
1142816
1139462
1135138
1128606
1123022
1114362
1104897
1097085
1088600
1081654
1075142
1066993
1060231
1055154
1051674
1051561
1053185
1056086
1059766
1062982
1066949
1071106
1074607
1078875
1086615
1099685
1115602
1129303
1137449
1139397
1136157
1130445
1124965
1120198
1115394
1109941
1103894
1097186
1090135
1083085
1076088
1070528
1067604
1067694
1071234
1076892
1082819
1088780
1093260
1096646
1100194
1102927
1105322
1107163
1108012
1107073
1104032
1099338
1092873
1085866
1078956
1073411
1070692
1070392
1071809
1074603
1078716
1084962
1094052
1104462
1113952
1121667
1128332
1135348
1143108
1150789
1157658
1163150
1166644
1167939
1166702
1161676
1152566
1140384
1126104
1111955
1099701
1090354
1083598
1078083
1074534
1072212
1069894
1067122
1063174
1059022
1055981
1054618
1054256
1053639
1051749
1048914
1046033
1043406
1041650
1040653
1040288
1040514
1040621
1040460
1040186
1039812
1039152
1037482
1035260
1032354
1028193
1025179
1023799
1023870
1026013
1028503
1031080
1033730
1037323
1042367
1047208
1053484
1062444
1073485
1085526
1097004
1107900
1117061
1123751
1128391
1131069
1133139
1134055
1133621
1134416
1136199
1139180
1142900
1145611
1148540
1148637
1144385
1137445
1128346
1121141
1117622
1118334
1123075
1129780
1138048
1145790
1150389
1151237
1147486
1139787
1131277
1124031
1118510
1114335
1111072
1106592
1100336
1092889
1084117
1075490
1066877
1059764
1053705
1047171
1041307
1035865
1030968
1026805
1025012
1025558
1027577
1032430
1039815
1049075
1059015
1068661
1078026
1086068
1093106
1099559
1104590
1109608
1115090
1119723
1122794
1124060
1123773
1121461
1117671
1113605
1110835
1109485
1108892
1110405
1112924
1116491
1120652
1123646
1123325
1119066
1114844
1108152
1104570
1103652
1103530
1111311
1109347
1104253
1102540
1092401
1089877
1090626
1089789
1091541
1088534
1085632
1084491
1085163
1088392
1091213
1093462
1093523
1092749
1093029
1094313
1097125
1100368
1103368
1105253
1105491
1104027
1101068
1096070
1089814
1083958
1077416
1073230
1070579
1068146
1068834
1068789
1068805
1071611
1077196
1085326
1093711
1101325
1106801
1110501
1111189
1111612
1113756
1115456
1118176
1117824
1115278
1113422
1111468
1111362
1108268
1101277
1094852
1089007
1087079
1089721
1092961
1096483
1098018
1095905
1093529
1091864
1089854
1088620
1087308
1084965
1082072
1080593
1082782
1086364
1090849
1094598
1095379
1095806
1098598
1103751
1109365
1115432
1119936
1122415
1124455
1123963
1121181
1116851
1110642
1104621
1098929
1091769
1082886
1072233
1061153
1051101
1041996
1034301
1028395
1024862
1024195
1025795
1029350
1035022
1043136
1053441
1063006
1070423
1076680
1080541
1082254
1084417
1087724
1091170
1094636
1097894
1099529
1099000
1096890
1093551
1088904
1082742
1074021
1063657
1052712
1041706
1033323
1027284
1023520
1022863
1023454
1025650
1030513
1037362
1045538
1054747
1064814
1075812
1088165
1101379
1114242
1126936
1139012
1149106
1157499
1162614
1163618
1161682
1156903
1150821
1143354
1134610
1125776
1116704
1109731
1105783
1103122
1101208
1099728
1097921
1096115
1095333
1095691
1096753
1096865
1096574
1097838
1099395
1100321
1101965
1104604
1107052
1111850
1117177
1119598
1123130
1125310
1125200
1124942
1124538
1125121
1123218
1120971
1119616
1118166
1116237
1112051
1109057
1104858
1100071
1096298
1090993
1087245
1084843
1085093
1088026
1090159
1092493
1095877
1100525
1105451
1110593
1116354
1120411
1122461
1123064
1121795
1119388
1116051
1111511
1105822
1099534
1093461
1088122
1083585
1079553
1076868
1075274
1074508
1075054
1075792
1075917
1075992
1077075
1078182
1079203
1080411
1081209
1083234
1086217
1089818
1094662
1097977
1098587
1099915
1102244
1104105
1105640
1104753
1101041
1095093
1086802
1077816
1069636
1061124
1051322
1040998
1030225
1020949
1014524
1011718
1013315
1016997
1022495
1029277
1035188
1040400
1043672
1044741
1045569
1045692
1045246
1046129
1047276
1047787
1048696
1050138
1052487
1055110
1057764
1060364
1063784
1068962
1074524
1081514
1089914
1099498
1109715
1118799
1127012
1132688
1137812
1142345
1143123
1143231
1141973
1138891
1135493
1130910
1126482
1121389
1115644
1110227
1104735
1099696
1094561
1089344
1084043
1078346
1074835
1074378
1075611
1079803
1084550
1088845
1093200
1094983
1097124
1099171
1100384
1102745
1104256
1105327
1104585
1101786
1099532
1096998
1094800
1094365
1094814
1095703
1096751
1097714
1098856
1100961
1102130
1100756
1097738
1090930
1084814
1079891
1073442
1071951
1070318
1069913
1073596
1071764
1073322
1080632
1086626
1092110
1090525
1084068
1076873
1068939
1064803
1063435
1064017
1064750
1063083
1060348
1056923
1055714
1058189
1060965
1064165
1068017
1072074
1077553
1082174
1085941
1089836
1092604
1095891
1099968
1103756
1107155
1107888
1104492
1099012
1093257
1088956
1088300
1090810
1095181
1099977
1103198
1103190
1101442
1100812
1099601
1099383
1103091
1107931
1114035
1122332
1130867
1139808
1147980
1152795
1155331
1154650
1150394
1146782
1143614
1140057
1137028
1133091
1128678
1126760
1128154
1130558
1130976
1127153
1118791
1106885
1095395
1087709
1084418
1084311
1081891
1076175
1069629
1063872
1062033
1060699
1058034
1056643
1053969
1051174
1048666
1046899
1048585
1049839
1052911
1058053
1060562
1061653
1060261
1057893
1056705
1055459
1055214
1056460
1058074
1060717
1065340
1071166
1078205
1083812
1086388
1087938
1088109
1089456
1092218
1095201
1100280
1104362
1107197
1110375
1114236
1120100
1125934
1130477
1135224
1139508
1141130
1140064
1135319
1129193
1123703
1115877
1108375
1101304
1092778
1086222
1078666
1070290
1065241
1062552
1063832
1067608
1071829
1075325
1077357
1080961
1085904
1091979
1098812
1104739
1110367
1116218
1120969
1124444
1125655
1123746
1120666
1114779
1106783
1098702
1088628
1077078
1066159
1056453
1048880
1044950
1042665
1042548
1046017
1050214
1055813
1062609
1070096
1079633
1089024
1098081
1105925
1110110
1110946
1108312
1104137
1100636
1098694
1098605
1099419
1101476
1104217
1106472
1108235
1109529
1110760
1112314
1113157
1113576
1114738
1116173
1117805
1118978
1119003
1118572
1118074
1116814
1116453
1116185
1114259
1112766
1110903
1111146
1113651
1114955
1114455
1110397
1105538
1101965
1099541
1097226
1093082
1086908
1077747
1068097
1059068
1050809
1044521
1039190
1035490
1033031
1032078
1033175
1034763
1037870
1043234
1050215
1059497
1069268
1078217
1086760
1094005
1100001
1103784
1105847
1106705
1106392
1105573
1102695
1099033
1096036
1094432
1095073
1096361
1097216
1096781
1095906
1095698
1095292
1094771
1093271
1090690
1088313
1085849
1084208
1084216
1083936
1083789
1083661
1082353
1081827
1080595
1081415
1082151
1082569
1087932
1087866
1087502
1088192
1085201
1084507
1082836
1084022
1084990
1084839
1084521
1083913
1088074
1091511
1095412
1098632
1099544
1099743
1097374
1094895
1093055
1091743
1090460
1088230
1086113
1084891
1084762
1085811
1087971
1091871
1096427
1101708
1106954
1111781
1115829
1117715
1121234
1124244
1124257
1124159
1122468
1117835
1113157
1107779
1102338
1099409
1094831
1092004
1090141
1086491
1086084
1085656
1085702
1086348
1085772
1084551
1081991
1079632
1076118
1072878
1070965
1067680
1063885
1061353
1058522
1055680
1054538
1053868
1054561
1055708
1056212
1057609
1060199
1063941
1068689
1074553
1080822
1087649
1095009
1101547
1107189
1111785
1114342
1115003
1113897
1110981
1107176
1101983
1096423
1092520
1088962
1086652
1088605
1092981
1097408
1101829
1105923
1110365
1114698
1118696
1122527
1125238
1128071
1130529
1130246
1127978
1124648
1120798
1117173
1113515
1109613
1105379
1100884
1096576
1093110
1089341
1085144
1081065
1077579
1075307
1072677
1071623
1072785
1075415
1079532
1083253
1087312
1090903
1093580
1095408
1095689
1096380
1097481
1098926
1101397
1103468
1104844
1106500
1107310
1106630
1104930
1101973
1099398
1097416
1095854
1094681
1094000
1093211
1090125
1087283
1083790
1080951
1080445
1080883
1083860
1085103
1085928
1086203
1084461
1082775
1080572
1081809
1085102
1088974
1092694
1094495
1096451
1096587
1094910
1093584
1091614
1089791
1087376
1083763
1080386
1076491
1072666
1069362
1067184
1065822
1065303
1065135
1064460
1065417
1066434
1068201
1070872
1073244
1076461
1079701
1083967
1088158
1092472
1097602
1102003
1105908
1109531
1114286
1118986
1122350
1125360
1128011
1129385
1128597
1125961
1120969
1115123
1109319
1102783
1097027
1091026
1085295
1081276
1076933
1073724
1072096
1070988
1072271
1075204
1078789
1083301
1088044
1092300
1096111
1099323
1101318
1102496
1102843
1102889
1102878
1102685
1101606
1099379
1096578
1092254
1088052
1084589
1082033
1080479
1078827
1078364
1077792
1077440
1078585
1080585
1084817
1090381
1096185
1102218
1107034
1110122
1111193
1110458
1108639
1106009
1102742
1098075
1092873
1088651
1084659
1080843
1077479
1074592
1072901
1071982
1072647
1075011
1077209
1079881
1081645
1081801
1082327
1082509
1083160
1084315
1084772
1085622
1086482
1086783
1087157
1087696
1088115
1088686
1089334
1089469
1090054
1091362
1092998
1095435
1098117
1101347
1104487
1107426
1110067
1110932
1113766
1118125
1123405
1131773
1140442
1150216
1156437
1155758
1152880
1148942
1147493
1147634
1144707
1138726
1130074
1119727
1110437
1102843
1095029
1087693
1078052
1066381
1057259
1048435
1040492
1035029
1031292
1028565
1024908
1021072
1018845
1019134
1021784
1026629
1033807
1042284
1050570
1058578
1066913
1074465
1081122
1086642
1089453
1090328
1089311
1086608
1083475
1079494
1075580
1072215
1069490
1068051
1067226
1067314
1069544
1073672
1078707
1083609
1087469
1090031
1091532
1095440
1102182
1109042
1116359
1121778
1124055
1124470
1123353
1122411
1121728
1120723
1119658
1117528
1114516
1111044
1106344
1100433
1093442
1085683
1077803
1070324
1064389
1060651
1058068
1056418
1055546
1054803
1055231
1056613
1059235
1063975
1070063
1077799
1086460
1095219
1103946
1112022
1118834
1123945
1127334
1128535
1128449
1127175
1124030
1119244
1113026
1106736
1099577
1092192
1087284
1082818
1080887
1082099
1083483
1087835
1091387
1095508
1099595
1099396
1102554
1104007
1105680
1111807
1115811
1121424
1124157
1123969
1123161
1115817
1106832
1099036
1092211
1086862
1081887
1078310
1076104
1075238
1076207
1079543
1083941
1088712
1091714
1094432
1099540
1103127
1107271
1110666
1112942
1114607
1112490
1110935
1107438
1103878
1101627
1094325
1086952
1081055
1077137
1077794
1079896
1083961
1089379
1094394
1100392
1106678
1111845
1114632
1114751
1113339
1111054
1108502
1105017
1101259
1097878
1093972
1089586
1085283
1082544
1080807
1080871
1082475
1081772
1079904
1076829
1072707
1070747
1067383
1061778
1056288
1049711
1045110
1043167
1040339
1036060
1030317
1023813
1018984
1016223
1015274
1017136
1021004
1027537
1035524
1042780
1050345
1057304
1064416
1071647
1077769
1082390
1084808
1087010
1090032
1094854
1100924
1105410
1107401
1106948
1104972
1102197
1099017
1097341
1097184
1097723
1100346
1104116
1109533
1116596
1123178
1129654
1134593
1138700
1141656
1142105
1142384
1139731
1135936
1132990
1127199
1123420
1121200
1119597
1120745
1120002
1117157
1111088
1102783
1094834
1085846
1078928
1074369
1070964
1070660
1070314
1069383
1069818
1069470
1069717
1071127
1073869
1077621
1080166
1083658
1088523
1093456
1096513
1095593
1092249
1089150
1088834
1091748
1095874
1099183
1100810
1101592
1102768
1104439
1106987
1109832
1112020
1114241
1116434
1118568
1120431
1121377
1120045
1115732
1109481
1102945
1098944
1097488
1097779
1099202
1100178
1100683
1100525
1100732
1101786
1102476
1102531
1101530
1099928
1098952
1099096
1100713
1103755
1108579
1113494
1117478
1122672
1126292
1128187
1128906
1125940
1121701
1114954
1105749
1095908
1084950
1073509
1061524
1050614
1039847
1030433
1024376
1020506
1020015
1022506
1028619
1038469
1050560
1064566
1078669
1091621
1102108
1109095
1111082
1108298
1104500
1100963
1099398
1100204
1099753
1097396
1093717
1088599
1082631
1075581
1067199
1057615
1047945
1039560
1033656
1031753
1033615
1038243
1043777
1048858
1054156
1060528
1069210
1079127
1089304
1099538
1107777
1113931
1117819
1120098
1121235
1120448
1119802
1119347
1118988
1118651
1116533
1112957
1107673
1100621
1093210
1085475
1078204
1072889
1069324
1067862
1067108
1066307
1066426
1066816
1069158
1074142
1080991
1089404
1098805
1108622
1116753
1122240
1125256
1126302
1125224
1121695
1117158
1112652
1108361
1103029
1095788
1087013
1077670
1069469
1062268
1055983
1051298
1048793
1049155
1052119
1057850
1065427
1073685
1083119
1092728
1102379
1112192
1120837
1128416
1134284
1139011
1142099
1141100
1136675
1129626
1122205
1116764
1112622
1109237
1106736
1104152
1101258
1099227
1097632
1095281
1091806
1088306
1085761
1085752
1089181
1093898
1098644
1102662
1105419
1107759
1109910
1111437
1113319
1116238
1119720
1123288
1125234
1124859
1122372
1117182
1109540
1100464
1090626
1081239
1074062
1069409
1066996
1065937
1065616
1066529
1068390
1071192
1074499
1077794
1081245
1084560
1087906
1091133
1094249
1096732
1097631
1097153
1095395
1092911
1090103
1087184
1084761
1082666
1080147
1076860
1073139
1069600
1066786
1064654
1063490
1063925
1066161
1069549
1073769
1078985
1084105
1089540
1094754
1097745
1099334
1099048
1096748
1094356
1091690
1088556
1084686
1079965
1075439
1071005
1067073
1063439
1059847
1057104
1055185
1055050
1056634
1059590
1064470
1070670
1078176
1086735
1095072
1103937
1113620
1122370
1130880
1138460
1143775
1147601
1148971
1147521
1143567
1137530
1130032
1121475
1112247
1102442
1093013
1082493
1070574
1059924
1050177
1042922
1039803
1039609
1041494
1043110
1045961
1051787
1059237
1068233
1076645
1083839
1090090
1093803
1095043
1094133
1092446
1092314
1094248
1097854
1101523
1103379
1103269
1102229
1101935
1102485
1103209
1104773
1106961
1109370
1112578
1116729
1121857
1127475
1132094
1134916
1136544
1135905
1132711
1129129
1125141
1121327
1118714
1116883
1115158
1112846
1109447
1105051
1100928
1096981
1093776
1092139
1091216
1090354
1088697
1087173
1086560
1085195
1082639
1078703
1073501
1068803
1064969
1061636
1058438
1055527
1053378
1052354
1053491
1056516
1060513
1064808
1069035
1073123
1077209
1081419
1085419
1089715
1094475
1099464
1104854
1110149
1115351
1119729
1122033
1123678
1124840
1124165
1121810
1117662
1111540
1103871
1095976
1086863
1076687
1068889
1063332
1060569
1060927
1061697
1062256
1062656
1062154
1060545
1058305
1056292
1054842
1054201
1055202
1057439
1060724
1065049
1069970
1075896
1082271
1088586
1094315
1099004
1103357
1107107
1110057
1112034
1113019
1113313
1112564
1110482
1106727
1102222
1097667
1093674
1090146
1087510
1085561
1083127
1082240
1080503
1078548
1078111
1076262
1076389
1077595
1078611
1081811
1084220
1085655
1085877
1084890
1084487
1082688
1081223
1079557
1077512
1078594
1079481
1080585
1081923
1081363
1080857
1079511
1077474
1075310
1072852
1071050
1069808
1069411
1070341
1072263
1075614
1079678
1083573
1088124
1093572
1100631
1109368
1118444
1126158
1132100
1136662
1139977
1142489
1143328
1142580
1141148
1139380
1136955
1132264
1125903
1118152
1109876
1103761
1098161
1093888
1091836
1089602
1089210
1091002
1094494
1099664
1104434
1108632
1111833
1114082
1115273
1115493
1116564
1116944
1115622
1113242
1110047
1106462
1102019
1098184
1094859
1091209
1088010
1085613
1083887
1082814
1081992
1080779
1081093
1081427
1081614
1083865
1087099
1091476
1095613
1098552
1100623
1101608
1101781
1102048
1101673
1100056
1098366
1095666
1092346
1088881
1085656
1082749
1079306
1075791
1071920
1068360
1065700
1063974
1063650
1064451
1066076
1068391
1070878
1073090
1076283
1080624
1084719
1088798
1092399
1095395
1097866
1099906
1101782
1102252
1102202
1101142
1099261
1098609
1096840
1094045
1091568
1088551
1085830
1082980
1079917
1076940
1074387
1071808
1069334
1068780
1068206
1068562
1069855
1072448
1076283
1079519
1085013
1089519
1093605
1098425
1102769
1108516
1112965
1115372
1114944
1112428
1109056
1104670
1100949
1097589
1095363
1094680
1094927
1095742
1095358
1093872
1090766
1086950
1082596
1078332
1077079
1076305
1078168
1080802
1081596
1083845
1085021
1087659
1091453
1094500
1098954
1102699
1106139
1110084
1113894
1117467
1119718
1121046
1121710
1121107
1119872
1118154
1116422
1114793
1112228
1108642
1104904
1102011
1100251
1099291
1097483
1094555
1091155
1086523
1081510
1076391
1070581
1064903
1059698
1055836
1054008
1053416
1054009
1055295
1057506
1060507
1062343
1064025
1065741
1065432
1064519
1064538
1063953
1064191
1065037
1065860
1068088
1069419
1072041
1074399
1073229
1071102
1068531
1066897
1067847
1071714
1077420
1084004
1089791
1095053
1100455
1106019
1111789
1116379
1120856
1124810
1129188
1134296
1138303
1141959
1143458
1141006
1137151
1132838
1128913
1126793
1124877
1122348
1117385
1109725
1102137
1096481
1093854
1093931
1095400
1097539
1100109
1101119
1100687
1100583
1100027
1099284
1098103
1095207
1090931
1085270
1078987
1072167
1064059
1055769
1047101
1038168
1030877
1025541
1022704
1022981
1025581
1030626
1038002
1048250
1059752
1068109
1074007
1077066
1078445
1083751
1092487
1104723
1117721
1126890
1135609
1143333
1150038
1156893
1159374
1158552
1153936
1145164
1137668
1131125
1125749
1119755
1109602
1097567
1085161
1073974
1065274
1059051
1054826
1051958
1050307
1050623
1052793
1054927
1057252
1059638
1061736
1064554
1067142
1068620
1069719
1069839
1069207
1067713
1064806
1061935
1059758
1058958
1059871
1062291
1066251
1071420
1077100
1082808
1088259
1093973
1098300
1101972
1106984
1108722
1109454
1111088
1110497
1109441
1108050
1106497
1105098
1104389
1106227
1109896
1113338
1115940
1116658
1114799
1111608
1107787
1104310
1101957
1100676
1100044
1099932
1100476
1100647
1100133
1099932
1099036
1096760
1094430
1092622
1092929
1097064
1103768
1112037
1120351
1125738
1130551
1134441
1137098
1140644
1141748
1141782
1138458
1131463
1124211
1114949
1106233
1097982
1090400
1083770
1078033
1073286
1068073
1064704
1063846
1065194
1068531
1074398
1082680
1090705
1096299
1097462
1094654
1091771
1090710
1091556
1092701
1090452
1084354
1075322
1065774
1058416
1053717
1052185
1053617
1057408
1062491
1067935
1073553
1078427
1082337
1086051
1089280
1092487
1095533
1098260
1101926
1105979
1110009
1113815
1116625
1118173
1118811
1118523
1118414
1119419
1119253
1118144
1114521
1107717
1101635
1095800
1091432
1089122
1086622
1083980
1080289
1075503
1070084
1064878
1061652
1060087
1059848
1060357
1060714
1061604
1061564
1060303
1058516
1055349
1052187
1049852
1048075
1046866
1046645
1046564
1046975
1049070
1052317
1057286
1063566
1070777
1078659
1087444
1096239
1104284
1112485
1119528
1125651
1130548
1133280
1135027
1136223
1136224
1135038
1132896
1129511
1125402
1120969
1115664
1109744
1104283
1098476
1093776
1090842
1086898
1083503
1081399
1078974
1077249
1076791
1077170
1078691
1081462
1085638
1090051
1093055
1095428
1096137
1095253
1094528
1092076
1089855
1089533
1089019
1090843
1094742
1098564
1101482
1101347
1099747
1097264
1094131
1091305
1091487
1096608
1100868
1102509
1100430
1093862
1086439
1078878
1074072
1073090
1073820
1075830
1078800
1082464
1086960
1090876
1094628
1100543
1105700
1109679
1112556
1112940
1113407
1113104
1111589
1108986
1103822
1097462
1090457
1083561
1077419
1071199
1064825
1058328
1052774
1049259
1048062
1049250
1051903
1055846
1061271
1067368
1073925
1080700
1088118
1095555
1101437
1106216
1109442
1111410
1112751
1113911
1115335
1115315
1113079
1109327
1105979
1104099
1103075
1102457
1101058
1097390
1092333
1085617
1078646
1072509
1066128
1063770
1061300
1062706
1066392
1068532
1078000
1080882
1084352
1090056
1092304
1099490
1103843
1110518
1116391
1119868
1121881
1121007
1119894
1117810
1115558
1111445
1108399
1104455
1101302
1099673
1098322
1098224
1099530
1101085
1101680
1102128
1103539
1105925
1106898
1110910
1112885
1114440
1117640
1115133
1114158
1112737
1109546
1108743
1104774
1099504
1094171
1088176
1085571
1084032
1084493
1085343
1084262
1084236
1083414
1083076
1082280
1080857
1079760
1077888
1077458
1078003
1078678
1079209
1078252
1075599
1073071
1070639
1068667
1067573
1066463
1065990
1065484
1065239
1065048
1063745
1061691
1059300
1057318
1056954
1057537
1058899
1061782
1064613
1067427
1070812
1075178
1080350
1085342
1090167
1094136
1097685
1100828
1103122
1105280
1108142
1111074
1113611
1116135
1116491
1115724
1115835
1116817
1119038
1120657
1121029
1120046
1117747
1115523
1114046
1114022
1115268
1117309
1120331
1123912
1127104
1128409
1127516
1125159
1121148
1115974
1110100
1103805
1097912
1091434
1083892
1075929
1068330
1062981
1060046
1059295
1060096
1061352
1063207
1065325
1067448
1069266
1071247
1074091
1077944
1083063
1088426
1092942
1097035
1100663
1103166
1104895
1106289
1107606
1109368
1111940
1114936
1117718
1120059
1121707
1122373
1122184
1122000
1122204
1122634
1124106
1125830
1126887
1127006
1124971
1121709
1117354
1112173
1107206
1101794
1095945
1089554
1082606
1075293
1067971
1060890
1054257
1048660
1044409
1042040
1041467
1042208
1042802
1042139
1040397
1037778
1035409
1033855
1032799
1031169
1028850
1026724
1025145
1024871
1026018
1028948
1034168
1041950
1052465
1066152
1081746
1097128
1111331
1122650
1131083
1135540
1136234
1134646
1129953
1125116
1121781
1119073
1116802
1114058
1110583
1106443
1102157
1097203
1093498
1090774
1087198
1086430
1085803
1085282
1086931
1087241
1088339
1088485
1087815
1088552
1088795
1090722
1094072
1097855
1101027
1103259
1104777
1105021
1105292
1104263
1101975
1099173
1095820
1093431
1091812
1090112
1087729
1084008
1079604
1075551
1072688
1071704
1072057
1073853
1076969
1080863
1085903
1091779
1098578
1106294
1114839
1123894
1131913
1138744
1144815
1149835
1153685
1156034
1156275
1153500
1148387
1141487
1133216
1125671
1118543
1111547
1104799
1098460
1092947
1086581
1079469
1072314
1065406
1059091
1053730
1050039
1047731
1046408
1045336
1043882
1041940
1039717
1037385
1034928
1032522
1030074
1027318
1025335
1025008
1025765
1027702
1031478
1037916
1046565
1056488
1066444
1074864
1082566
1089440
1094641
1099311
1103671
1108416
1114735
1120367
1123667
1124484
1122206
1119223
1118063
1119753
1124665
1131641
1139335
1146525
1152374
1155710
1155175
1151460
1145955
1139036
1131991
1125139
1119125
1114014
1108427
1105598
1105098
1104349
1104567
1103895
1102104
1100616
1098496
1096485
1094614
1091152
1087566
1084429
1080670
1077151
1073642
1069714
1064963
1059177
1054137
1051451
1050990
1051646
1051888
1051090
1049779
1048239
1047296
1047768
1050076
1054289
1059970
1066787
1074103
1081579
1089020
1095744
1101069
1105341
1108569
1110101
1109916
1108111
1105041
1100744
1095202
1087730
1079618
1072253
1064802
1059266
1054735
1050867
1049673
1048994
1050156
1053938
1058144
1063508
1069456
1075960
1084443
1093098
1100760
1107831
1113840
1118858
1122887
1126941
1130741
1134040
1138206
1140013
1139136
1137822
1134184
1130047
1125693
1120306
1115055
1108489
1103656
1101070
1098539
1097287
1096569
1095885
1094908
1094143
1093667
1093522
1093757
1092194
1089391
1086589
1084072
1083543
1085361
1088355
1091606
1093278
1091964
1087940
1082171
1075441
1069448
1065525
1062795
1061292
1060288
1059614
1060182
1061031
1061789
1061918
1060981
1059737
1058868
1058798
1059806
1061803
1064236
1067464
1071659
1076396
1082506
1089763
1097485
1106136
1115991
1125079
1132329
1140336
1146992
1151249
1155591
1157238
1155889
1153406
1149752
1145591
1140670
1136016
1131218
1125850
1121682
1116151
1108407
1100069
1092364
1084822
1078243
1079589
1086714
1093638
1098540
1100249
1101933
1100560
1098075
1099672
1097637
1094341
1091896
1088242
1088954
1087967
1085576
1083235
1078861
1080564
1079974
1073043
1067079
1061387
1060216
1062600
1062916
1060602
1058278
1058172
1059536
1063841
1069406
1074875
1081859
1087778
1092138
1095426
1095375
1093336
1091447
1089605
1088420
1087495
1086872
1086597
1086148
1086123
1086372
1087404
1089852
1093430
1097811
1102660
1107080
1111317
1115705
1119528
1123315
1126730
1129887
1132111
1133017
1133175
1131526
1128711
1125616
1121586
1116704
1111771
1105821
1099403
1093699
1089410
1087496
1086993
1087353
1086341
1082472
1076106
1068495
1061423
1056127
1053397
1052211
1053345
1054134
1053488
1053122
1052878
1055263
1057937
1060154
1061970
1062048
1062405
1062274
1062416
1062972
1061680
1058354
1053157
1046432
1039913
1034765
1031524
1030736
1031972
1034570
1037887
1041492
1045770
1051004
1057211
1064946
1073183
1081654
1090617
1099111
1106801
1112936
1117272
1120077
1122062
1124162
1125991
1127750
1130346
1133310
1136944
1140640
1143045
1144796
1145970
1146851
1147542
1148274
1149397
1151161
1153313
1154010
1152927
1149907
1145179
1139579
1133954
1128585
1123287
1118724
1114413
1111362
1108984
1106336
1103872
1100279
1096197
1091649
1086838
1082294
1077825
1073775
1070292
1067336
1064368
1062149
1061266
1061497
1062997
1065607
1068294
1071345
1074261
1076450
1079025
1081334
1083301
1084775
1085216
1085140
1085321
1085600
1086014
1086510
1086351
1087039
1088036
1088533
1089554
1090467
1091470
1093173
1095674
1098540
1101996
1106634
1112427
1120207
1128599
1134651
1137460
1136697
1132505
1126562
1119295
1110755
1101514
1091641
1081681
1071897
1063376
1055381
1047411
1041896
1038259
1036117
1037011
1040691
1046655
1054367
1062643
1069999
1075556
1079132
1081086
1082149
1082876
1084380
1086233
1087833
1089147
1088652
1085911
1081138
1074796
1068411
1062944
1058959
1056904
1056000
1055807
1056342
1057567
1059448
1061984
1066296
1070962
1076128
1082481
1087678
1093715
1099937
1104809
1109364
1112546
1115705
1118304
1119934
1121018
1120835
1120914
1121993
1124707
1128061
1130499
1131615
1131400
1128700
1123296
1120408
1120017
1121093
1122229
1120119
1118510
1113597
1105443
1100251
1098739
1100878
1101200
1102512
1103352
1100910
1102678
1104146
1104707
1106939
1108389
1109869
1109591
1107979
1106883
1106081
1104901
1104374
1104987
1105126
1105715
1106278
1105556
1104615
1103882
1102667
1100837
1098668
1096570
1094777
1092629
1090178
1087972
1086431
1084799
1082648
1079996
1076715
1073894
1071456
1069058
1066191
1062611
1058530
1053408
1048411
1044444
1041150
1039738
1040955
1043441
1046677
1050449
1053573
1056205
1058423
1059532
1060673
1063041
1066611
1071376
1076069
1078832
1079094
1077758
1076860
1077408
1079735
1084374
1090533
1097309
1104330
1110806
1116728
1122126
1126564
1129780
1130978
1131438
1131643
1130235
1128209
1125755
1122104
1116264
1108742
1102618
1098222
1094494
1091789
1089293
1086740
1085039
1083754
1083025
1082665
1083347
1086726
1091665
1097150
1102651
1106424
1107895
1107482
1104450
1100324
1095243
1088437
1082677
1076612
1069858
1064007
1057661
1050567
1043665
1037783
1032844
1029666
1028053
1028314
1031446
1036847
1045282
1054301
1063900
1074661
1083617
1092650
1100771
1107701
1114385
1119444
1124774
1129369
1133734
1138155
1140246
1141419
1140425
1136853
1131965
1125306
1120268
1117329
1115787
1115555
1115187
1117098
1119033
1120692
1124380
1126947
1130054
1134495
1139238
1144871
1149354
1152505
1153957
1153055
1150976
1147046
1143270
1139654
1133738
1127252
1118609
1107578
1095740
1082809
1070793
1060655
1052683
1046955
1042269
1038089
1034807
1033974
1036392
1041372
1048517
1055665
1062424
1068431
1072469
1075290
1075337
1074253
1073133
1071228
1070444
1070311
1071057
1071346
1069567
1066170
1060599
1055483
1051696
1049131
1049408
1050964
1053732
1057803
1062148
1066538
1071099
1075723
1080063
1085827
1091925
1097822
1103871
1108150
1110817
1112783
1114773
1116752
1119208
1121404
1122564
1122607
1121415
1121010
1122526
1126727
1132134
1136604
1138843
1138122
1135821
1131569
1126152
1120357
1113291
1106362
1099992
1094397
1090293
1087881
1087035
1086131
1084920
1082295
1077936
1073802
1070918
1069988
1070104
1070308
1069451
1066812
1062732
1058165
1054393
1051207
1048663
1046870
1045622
1044169
1042300
1040189
1037694
1035674
1034028
1034303
1037213
1041135
1046555
1052685
1058899
1066098
1073972
1081558
1088677
1094143
1097827
1102302
1107031
1111521
1115693
1117822
1118021
1116933
1114910
1112789
1111324
1109575
1106372
1102535
1099003
1096477
1095978
1097226
1099402
1102639
1106570
1110294
1113811
1116763
1119108
1121111
1121494
1120700
1119504
1117491
1115019
1111518
1107829
1105261
1103002
1101521
1101263
1101151
1100245
1098181
1095938
1094849
1095047
1096039
1097838
1100334
1102445
1103150
1102229
1100063
1097487
1095274
1093393
1091438
1089340
1086846
1084143
1082700
1082615
1082781
1083120
1084162
1085077
1084395
1084184
1086113
1089771
1095050
1099748
1102386
1102488
1099043
1093225
1086659
1081150
1077799
1074882
1071881
1068906
1066412
1064930
1063484
1062343
1061356
1060702
1060617
1059942
1059264
1059164
1059074
1059555
1060930
1062549
1063732
1064456
1064714
1065007
1066763
1068875
1071063
1073478
1076134
1079802
1083157
1086364
1089336
1091936
1094369
1096237
1098441
1101026
1103811
1106792
1109161
1110448
1110939
1110791
1111066
1112645
1114580
1115714
1115661
1115018
1113550
1111263
1109423
1107631
1105723
1103634
1100773
1097785
1094460
1090902
1086630
1080828
1074127
1066943
1060338
1054791
1051125
1048826
1047111
1046570
1045800
1046661
1048607
1050942
1055802
1059093
1062151
1065858
1068169
1072991
1078511
1083250
1088373
1091585
1092640
1093061
1092966
1092574
1094451
1097237
1099464
1102578
1104342
1105311
1105703
1105100
1105341
1104825
1104318
1102532
1099696
1098651
1096491
1094840
1092285
1086960
1081644
1075928
1072549
1071659
1072427
1076174
1083242
1093047
1104751
1116682
1125404
1133287
1139428
1142952
1146693
1149189
1151309
1151595
1150848
1151592
1152719
1154753
1156242
1156927
1156527
1154594
1152208
1148899
1145802
1143178
1140595
1137506
1132870
1127528
1121316
1115123
1110082
1105682
1101979
1097838
1092852
1087608
1082450
1078547
1076271
1075385
1075925
1076886
1077619
1078231
1077935
1076954
1075407
1073967
1073626
1073399
1073216
1072525
1071524
1070866
1070028
1069119
1067639
1065462
1063270
1062323
1063017
1064828
1067000
1069144
1071234
1072981
1075933
1080918
1087522
1095852
1104151
1111170
1117287
1121613
1124303
1125872
1126230
1125207
1122321
1117894
1111972
1106063
1100918
1095895
1090303
1083551
1076940
1069450
1063072
1059178
1053868
1050900
1050571
1049556
1051623
1054724
1056808
1059822
1062410
1065385
1070074
1075137
1079761
1083959
1087581
1090168
1091305
1090816
1089121
1087078
1084807
1082943
1081236
1078334
1075324
1072866
1071338
1072242
1074624
1076858
1078242
1078122
1076688
1074208
1071466
1069468
1068198
1067685
1068308
1070148
1073100
1076583
1080251
1084470
1087771
1090062
1092239
1093682
1095408
1097534
1099475
1100316
1099738
1098039
1094688
1090760
1086529
1084102
1083960
1084048
1084649
1082965
1079722
1077409
1075343
1075178
1077353
1080810
1083025
1083612
1083960
1083479
1083703
1084121
1084288
1085062
1086040
1089655
1095247
1101704
1109468
1116424
1123128
1128278
1130718
1132388
1133018
1134157
1136039
1136843
1136361
1133624
1129278
1124554
1119793
1115174
1109959
1105063
1101692
1099344
1098498
1099190
1100254
1101395
1102582
1104895
1108789
1114085
1120820
1128559
1136733
1142679
1146428
1149579
1151085
1149716
1144335
1135842
1126644
1118868
1113144
1108658
1103514
1096583
1089263
1082216
1075839
1070219
1064417
1058085
1052015
1046681
1042218
1039716
1038852
1039877
1044291
1050760
1057035
1062686
1065919
1066688
1070045
1078112
1087036
1095481
1104880
1111119
1112905
1112663
1109495
1103586
1096023
1088628
1081648
1074267
1066269
1058073
1049289
1040885
1037770
1036500
1035275
1037370
1038155
1038145
1039473
1040101
1040521
1039418
1037271
1036492
1037564
1041008
1046861
1056230
1069292
1083954
1098733
1111676
1121844
1129878
1135752
1139240
1140235
1138487
1134645
1128667
1122233
1116007
1108384
1101997
1094652
1088165
1081988
1074516
1071736
1068844
1067434
1066864
1068347
1071092
1071990
1076675
1079371
1085553
1092280
1095755
1100124
1101946
1103871
1104525
1104640
1103632
1101421
1099327
1097378
1097298
1097789
1097926
1097101
1093260
1090302
1087755
1083871
1083312
1083455
1085558
1089743
1097344
1105360
1112538
1122864
1129570
1136510
1141706
1143871
1147821
1149578
1150875
1151656
1150790
1148488
1143982
1137663
1129436
1120229
1111400
1104781
1101048
1098283
1095685
1092565
1089124
1086372
1084038
1083444
1083137
1082311
1082594
1082313
1082525
1084788
1089247
1092492
1092858
1095382
1096779
1096738
1097721
1098149
1099540
1100387
1101209
1102046
1103349
1105844
1108214
1111307
1113480
1114458
1114702
1116111
1119809
1121562
1121636
1121844
1119789
1115702
1111633
1107614
1103748
1098974
1092996
1086455
1078865
1071745
1066021
1062056
1059950
1057574
1052958
1046051
1038714
1031298
1023270
1016277
1012512
1013076
1017833
1025573
1034262
1042249
1048433
1052146
1054394
1057951
1063909
1070149
1075844
1078347
1074478
1065778
1055117
1046241
1040598
1040495
1046313
1052976
1059410
1062896
1062395
1062347
1063832
1068650
1076455
1084490
1091848
1096534
1098863
1099771
1100373
1102561
1105598
1109340
1114539
1119643
1124500
1131308
1138262
1145472
1153949
1160931
1166695
1169035
1165542
1158239
1149481
1142163
1137327
1133604
1128931
1122744
1115568
1108699
1103674
1100968
1099770
1098324
1095872
1092446
1088756
1085321
1081749
1077702
1076713
1079536
1082573
1086617
1089537
1090654
1093004
1097189
1103571
1107016
1105441
1103541
1101122
1096354
1089447
1080466
1072514
1068163
1065820
1065117
1065087
1064537
1064971
1067111
1070057
1072825
1075222
1076363
1075001
1072036
1068438
1066183
1067297
1070066
1074157
1077850
1080016
1082431
1085048
1090254
1096923
1103430
1109447
1112383
1114039
1114453
1113146
1110896
1107117
1104261
1103029
1102895
1103874
1104521
1104784
1104025
1101542
1096376
1090340
1084244
1075409
1067891
1061636
1056072
1053648
1052189
1052555
1054778
1058667
1064704
1072276
1079513
1085449
1090336
1093452
1096415
1098164
1099240
1100444
1100150
1099819
1099272
1098456
1097339
1095097
1092143
1089391
1087004
1085544
1085084
1083772
1082250
1078326
1073254
1068415
1062973
1063263
1067659
1076400
1088136
1098603
1109186
1115591
1120318
1123178
1126152
1131600
1133742
1135338
1133347
1128680
1125776
1122493
1121297
1119682
1114829
1107341
1097114
1086009
1075652
1067483
1060583
1054279
1049866
1046321
1043488
1041599
1040244
1040706
1042526
1044510
1047335
1050820
1055175
1061143
1067992
1076568
1087370
1098736
1109621
1118085
1121065
1118649
1114155
1110916
1109460
1108513
1107139
1104907
1103693
1104112
1106270
1109363
1110915
1111142
1110884
1109890
1107321
1104004
1100460
1098387
1098247
1099773
1105360
1109975
1113576
1119327
1121693
1122553
1123116
1120587
1117998
1115401
1112578
1110202
1106048
1100484
1093759
1086288
1080725
1078116
1078535
1081389
1085665
1088646
1088232
1085722
1082277
1079220
1077385
1076471
1076280
1076703
1077486
1077337
1075776
1073819
1072265
1070657
1068688
1066788
1064486
1061984
1060678
1060860
1061658
1062584
1062939
1062856
1062932
1062803
1063126
1063631
1064938
1068974
1074330
1077757
1078321
1076672
1073220
1071373
1072590
1076738
1083155
1089172
1096854
1104126
1110581
1118176
1122190
1125906
1128973
1128871
1131637
1135131
1136865
1138582
1138159
1134806
1130663
1126494
1122189
1118011
1112894
1106656
1099667
1092472
1087053
1083673
1082170
1081649
1078837
1074625
1070766
1066509
1064531
1067130
1072771
1079446
1085008
1087653
1088277
1088025
1087662
1087952
1087733
1086768
1085456
1083135
1080379
1077270
1073077
1068926
1065201
1062215
1060958
1061843
1065049
1069451
1074065
1078691
1083511
1088129
1092862
1097532
1100608
1102696
1103993
1105013
1106440
1107955
1110582
1113587
1115985
1117781
1118775
1119512
1118100
1113905
1108521
1103357
1098510
1091904
1085125
1078934
1074098
1072320
1071412
1070800
1070016
1070228
1072752
1073093
1071273
1072153
1075443
1080604
1086901
1091512
1094527
1096207
1096778
1098158
1101632
1107160
1113620
1118963
1122018
1122013
1119485
1116230
1113030
1111517
1110382
1107711
1104705
1101161
1097177
1094066
1092144
1091186
1091768
1093547
1095484
1097656
1100163
1103470
1106998
1109597
1111787
1113662
1114704
1115078
1115067
1113465
1110788
1107702
1102424
1098132
1094906
1089662
1084114
1077481
1070057
1063763
1058307
1052944
1048211
1045217
1043296
1042396
1041850
1040926
1041771
1045634
1049966
1054059
1059119
1064395
1070311
1076106
1080690
1084651
1086849
1087621
1088262
1088929
1090029
1091049
1092126
1092882
1092382
1091520
1090612
1089954
1090887
1093770
1097818
1102786
1107545
1110588
1111662
1111533
1110940
1110471
1111988
1115516
1119941
1124062
1126420
1126738
1125456
1123946
1122961
1121812
1118970
1113695
1105652
1094984
1083683
1072898
1063954
1060416
1061472
1061489
1059699
1057817
1054866
1052855
1054559
1057798
1061859
1067717
1072887
1075916
1078170
1080069
1080688
1080320
1079851
1080903
1084827
1090954
1098306
1104709
1108891
1111045
1112119
1113456
1115230
1117827
1120181
1121587
1122268
1121926
1121667
1121480
1120911
1120418
1119261
1116824
1113598
1109990
1106175
1101951
1096747
1090311
1082873
1075145
1067854
1061951
1058819
1057885
1056939
1055841
1055425
1055773
1056463
1056604
1056999
1058854
1062399
1067075
1070940
1073290
1074256
1073850
1073301
1073591
1074370
1075848
1077727
1079344
1081843
1084335
1087827
1091634
1094463
1099135
1101104
1101785
1102606
1099754
1097955
1096082
1094757
1095634
1095162
1095482
1096961
1098534
1100711
1102421
1102818
1102395
1100998
1099839
1100770
1102230
1104967
1109564
1114312
1119563
1124256
1127840
1130436
1131585
1133025
1135674
1139165
1142547
1144639
1145882
1147020
1147930
1147655
1145368
1140869
1134958
1128766
1122945
1118233
1114091
1110092
1106608
1103201
1099772
1095826
1090848
1085544
1080374
1075490
1070674
1065953
1061830
1058053
1054989
1053910
1054476
1055452
1056527
1056913
1056736
1055984
1054791
1054340
1054025
1055817
1059980
1064631
1069279
1071706
1072533
1071636
1068993
1065981
1062357
1060065
1059610
1060994
1063938
1066601
1069303
1071570
1072839
1073933
1075578
1077993
1081021
1085232
1089183
1092851
1096598
1098228
1098890
1099477
1099298
1098931
1098970
1099165
1099450
1100161
1100905
1101823
1102677
1103344
1104098
1104656
1104712
1104036
1102401
1100492
1099677
1099770
1100958
1102783
1103737
1103574
1102396
1101210
1100890
1101549
1102756
1103672
1104408
1105006
1105495
1106854
1108718
1111145
1113886
1115268
1115562
1114906
1113895
1113300
1113139
1113172
1113009
1112865
1112639
1112642
1112788
1112423
1111174
1109268
1106568
1103573
1100893
1097604
1093874
1089510
1084572
1079917
1075431
1071699
1069014
1067264
1066579
1066411
1066699
1067013
1066856
1066863
1067219
1068424
1070765
1073751
1077943
1083156
1088485
1093790
1097628
1100021
1101594
1101670
1101348
1101132
1101606
1103193
1105148
1106941
1107959
1108320
1107937
1107123
1106100
1104839
1103264
1100292
1096105
1090465
1083284
1076286
1070148
1066109
1064613
1064192
1064118
1064180
1064457
1065148
1066469
1068083
1069473
1070166
1069597
1067875
1065658
1063395
1061596
1061010
1061514
1062329
1063292
1064647
1065985
1067031
1067543
1067485
1067614
1068235
1069170
1070763
1073158
1075958
1079293
1083233
1087843
1093073
1098879
1104952
1111433
1118117
1123198
1126832
1129086
1129905
1130215
1129638
1128035
1125862
1123791
1120436
1116414
1115027
1114635
1113791
1113404
1113867
1115353
1116574
1117257
1117834
1118929
1120674
1121969
1122717
1122644
1122188
1121863
1120075
1117126
1113396
1108640
1104412
1100342
1096195
1091574
1086000
1080092
1073469
1067245
1061892
1057538
1055203
1054793
1055864
1057100
1057756
1057988
1057920
1059747
1064342
1071020
1079983
1089270
1097843
1105503
1112278
1118756
1123874
1129424
1135172
1138274
1141195
1144336
1145316
1146043
1146883
1146129
1145340
1144166
1141523
1138587
1134031
1127902
1121416
1113938
1106561
1100223
1095255
1091691
1089508
1089569
1089534
1088489
1088594
1089582
1091128
1091654
1091487
1090456
1085297
1077770
1068432
1059948
1054571
1048241
1042830
1038401
1032166
1025830
1020615
1016363
1014320
1015226
1016080
1015581
1014092
1012389
1012660
1017331
1023679
1031661
1041094
1047860
1056439
1060075
1060116
1062016
1060471
1061023
1059499
1056927
1055582
1054195
1059387
1065662
1074256
1085199
1089049
1093236
1093711
1089358
1090742
1089249
1090402
1094480
1096358
1100765
1105955
1113878
1122821
1130765
1135483
1137522
1137411
1135977
1133130
1130070
1129524
1126925
1125590
1122921
1118526
1116597
1112998
1110618
1108651
1106308
1105358
1104083
1104782
1107869
1111876
1116382
1121337
1126681
1130898
1133418
1133978
1132871
1131207
1129152
1126562
1123083
1120725
1118682
1115092
1113322
1110662
1106885
1106241
1105811
1105792
1106392
1106603
1107096
1106377
1106366
1108890
1112269
1115552
1118080
1119315
1120087
1120100
1119713
1120076
1120506
1120680
1119972
1117882
1113933
1106957
1097663
1088661
1081030
1075088
1071075
1068279
1066429
1065011
1063286
1061342
1059718
1057344
1054741
1051893
1048569
1045768
1042810
1042276
1041319
1039318
1038752
1037528
1038933
1040812
1041192
1043279
1046380
1049310
1052488
1054932
1057695
1061167
1061894
1062374
1062779
1062412
1063051
1064663
1067100
1068760
1070377
1074090
1080874
1089862
1097906
1101845
1103148
1104583
1106382
1107872
1107712
1105795
1102507
1098039
1092662
1086534
1082424
1079317
1075829
1074687
1073603
1073856
1074955
1075048
1076044
1076408
1077806
1080399
1083546
1087588
1092724
1097180
1100591
1104336
1105682
1107556
1109011
1109205
1111941
1114192
1116889
1122787
1126266
1128132
1135675
1141858
1145510
1150838
1153779
1156655
1159787
1162641
1163955
1161808
1159119
1155257
1149446
1144879
1140848
1136546
1135000
1133005
1128452
1123780
1120086
1117173
1113572
1109680
1105630
1102086
1099276
1095759
1092101
1087479
1081344
1074251
1066006
1059961
1057028
1055715
1057195
1060780
1065490
1069333
1071029
1072860
1074587
1074970
1074661
1073840
1071830
1069218
1067175
1066147
1065804
1065454
1065208
1064211
1062808
1061474
1059700
1058759
1058299
1057679
1057797
1059293
1063774
1069818
1076533
1085468
1092358
1095118
1094342
1091135
1090454
1092098
1095543
1101051
1100958
1095966
1094208
1092643
1090999
1089472
1083328
1077087
1071364
1064841
1061779
1060357
1060512
1062483
1065391
1070104
1071966
1072610
1074018
1074445
1075221
1075185
1075697
1075773
1078379
1086068
1092490
1098347
1103781
1108131
1110698
1110684
1113351
1113509
1112921
1114916
1111143
1107072
1099546
1089929
1081659
1071711
1068281
1061387
1055246
1053542
1049636
1050540
1054219
1068931
1092072
1114108
1134066
1146147
1149356
1146489
1143581
1140358
1140108
1139979
1133518
1128114
1121454
1112899
1108693
1104419
1097154
1090279
1081467
1073407
1068780
1062550
1056811
1050161
1045294
1045621
1046722
1050420
1054089
1058122
1062098
1061915
1062102
1063300
1067748
1076110
1085961
1095774
1103013
1110551
1119137
1129812
1142223
1152967
1160173
1162974
1162304
1160044
1157574
1154241
1149928
1144021
1137806
1132038
1126331
1120074
1114016
1109816
1105410
1100594
1095850
1091250
1088111
1088987
1092693
1097207
1100970
1105022
1108071
1106237
1106544
1103491
1096748
1094241
1088851
1083014
1078172
1072211
1066248
1060227
1056241
1053014
1050160
1047307
1043444
1040533
1039880
1039855
1039883
1041214
1042136
1041227
1039160
1035724
1031008
1029613
1033072
1038602
1047686
1057211
1064482
1070631
1074116
1074838
1073076
1069986
1067356
1067726
1069421
1070216
1069238
1064994
1060950
1056393
1051254
1046405
1041877
1040262
1041274
1044151
1048059
1052967
1056799
1061779
1067794
1073790
1084275
1094152
1105427
1117696
1124949
1131788
1134739
1135745
1137468
1135079
1132756
1128415
1120982
1114407
1106075
1098407
1092952
1087265
1083745
1081893
1080554
1080115
1080360
1082354
1084033
1088055
1095409
1101490
1106771
1111259
1115078
1118370
1119701
1120380
1120349
1115850
1111832
1110183
1107354
1108259
1109807
1111382
1113122
1108688
1101596
1093054
1085585
1081056
1074768
1069814
1066040
1065491
1070799
1075452
1081762
1087332
1088646
1090238
1090384
1091671
1092314
1089769
1092076
1094203
1096046
1103297
1106266
1108607
1113545
1114703
1115717
1115322
1112046
1110225
1110260
1110851
1111844
1112287
1111529
1111376
1112875
1115901
1120487
1124127
1126827
1129169
1130550
1128972
1122198
1118555
1117331
1117253
1120092
1119842
1120579
1119735
1117174
1113984
1108855
1106370
1103250
1100163
1095582
1088935
1081819
1074344
1068466
1063318
1060149
1057780
1056052
1055531
1055153
1054617
1054434
1054819
1055432
1057174
1060286
1064395
1067673
1070425
1072257
1072576
1072829
1072830
1073524
1075204
1076917
1078440
1079446
1079263
1078828
1078334
1077379
1077509
1077915
1078301
1079128
1079828
1081727
1084249
1086657
1089523
1091579
1093744
1095658
1096888
1098898
1100476
1102872
1103462
1103846
1103532
1100045
1099854
1094137
1087945
1084712
1078552
1076417
1071796
1068452
1067406
1066565
1065586
1064232
1066767
1067655
1069924
1069832
1071734
1075780
1077119
1085017
1089918
1094065
1099381
1101438
1105552
1104310
1102179
1104765
1107934
1111831
1112895
1113206
1115092
1116530
1118057
1120557
1121538
1119661
1118295
1116863
1116844
1117720
1117204
1117221
1114699
1111292
1108461
1104240
1102095
1099539
1097739
1099154
1100350
1103585
1106259
1107936
1110516
1112473
1116725
1121682
1125740
1129729
1132091
1132731
1131185
1127553
1122053
1112996
1104066
1097009
1090361
1084907
1079219
1074144
1069099
1064717
1062240
1060124
1058907
1057878
1056837
1056187
1055690
1055355
1056025
1057547
1059051
1060340
1060923
1061601
1063469
1067098
1072990
1080579
1087516
1093725
1099165
1102552
1104823
1106437
1108408
1110464
1111283
1111440
1110579
1108234
1104821
1101003
1097861
1096172
1096198
1097602
1100157
1103851
1107519
1110238
1112193
1113493
1114919
1117285
1119564
1121806
1124431
1125423
1124691
1122702
1119159
1115096
1111232
1108081
1104613
1100361
1094969
1088169
1080971
1072659
1065291
1059628
1054937
1052102
1050008
1049113
1048957
1048877
1049595
1050733
1052305
1055156
1059732
1065467
1072547
1080499
1088656
1096943
1104036
1110178
1115734
1119616
1122053
1121495
1118249
1113720
1107077
1101686
1097066
1092409
1089693
1086012
1082664
1078661
1074013
1072123
1070028
1069801
1070817
1070749
1071346
1070829
1070727
1072739
1075728
1079141
1081803
1082114
1081511
1079446
1076492
1073941
1068929
1064478
1060508
1058024
1058615
1059327
1062751
1067189
1070294
1072475
1073493
1073639
1073536
1073879
1074359
1076120
1079020
1082981
1086948
1088913
1089468
1089570
1089779
1090034
1091006
1092244
1093183
1095219
1097361
1099431
1102481
1105605
1109529
1113276
1114846
1115020
1115384
1117806
1122184
1127483
1131073
1131934
1132402
1131922
1131704
1132845
1133288
1134019
1135112
1134986
1132768
1127244
1119640
1112511
1107484
1106255
1108050
1108793
1108024
1106723
1103803
1100904
1098319
1094818
1090176
1083949
1076470
1068314
1060486
1053189
1047430
1044507
1043454
1043837
1046154
1050009
1054675
1059805
1064787
1069789
1074588
1078073
1080528
1081703
1081897
1083309
1086070
1090049
1095290
1100673
1106072
1110534
1114017
1116675
1117503
1117815
1118195
1118891
1120547
1121101
1120541
1119887
1117864
1115574
1112334
1108054
1103332
1096745
1089900
1081723
1075086
1069066
1062134
1061760
1062120
1062399
1066454
1067199
1068430
1072292
1074124
1079768
1088627
1093643
1097843
1100621
1100449
1101490
1103325
1105423
1106934
1107147
1106563
1104593
1101564
1096249
1089668
1082159
1074096
1067551
1063160
1062087
1062722
1064951
1066473
1067093
1068014
1066628
1067501
1071568
1077883
1087353
1098135
1108447
1115567
1121428
1127204
1131418
1134494
1136482
1135403
1130872
1125177
1117834
1111985
1108713
1104877
1103275
1103113
1104370
1106123
1105179
1105136
1103966
1102333
1101602
1098470
1095208
1091367
1086688
1082605
1080327
1080575
1081787
1082713
1083861
1084969
1084440
1084003
1081820
1077179
1073396
1070141
1069255
1070847
1072174
1072885
1072074
1070336
1069266
1069166
1069359
1069170
1069383
1070147
1071067
1072570
1075083
1078904
1084253
1089170
1093484
1096978
1099230
1102384
1105368
1108974
1113053
1116512
1119472
1120657
1121328
1120569
1119381
1118902
1117722
1117905
1117817
1116327
1114495
1111722
1109021
1105223
1101173
1097602
1093533
1090621
1088206
1086854
1086725
1085771
1083258
1077882
1069942
1060688
1051620
1043823
1036703
1030721
1026084
1022572
1019246
1015848
1014038
1012691
1012275
1014036
1017830
1025297
1035403
1047538
1061897
1078186
1095909
1113591
1131169
1147299
1161041
1172671
1181896
1188073
1191524
1193032
1192622
1191140
1188782
1185693
1182626
1177982
1169856
1160224
1149111
1136111
1124543
1114012
1103985
1096528
1090590
1084299
1077874
1072068
1068070
1066095
1063816
1062201
1062240
1062203
1062941
1061534
1058425
1057408
1057613
1057821
1054944
1049925
1044925
1041024
1039502
1039471
1040743
1042832
1044822
1045869
1046417
1046615
1047518
1049657
1053265
1058304
1063051
1067917
1071795
1075551
1080886
1087018
1093716
1100448
1106891
1110449
1109144
1103766
1096181
1090064
1088033
1089279
1092055
1094007
1094404
1094216
1091697
1090485
1091060
1091747
1096308
1097344
1096922
1099542
1099906
1103888
1109226
1112651
1115262
1113575
1109818
1105810
1103283
1102928
1104396
1106481
1107414
1108360
1109340
1110580
1111554
1111932
1112207
1110840
1107739
1103927
1099933
1097645
1097541
1099826
1103812
1107528
1110926
1113252
1114575
1114008
1111823
1108969
1105908
1104983
1104325
1104876
1107007
1107171
1106774
1104957
1101321
1098361
1096290
1095226
1093895
1091399
1088143
1084692
1082665
1081017
1078282
1075975
1073693
1071962
1071516
1070907
1070488
1069386
1067030
1064606
1062209
1059820
1058075
1056921
1057067
1059227
1062059
1065293
1068798
1071843
1073843
1075545
1078033
1079768
1081261
1083467
1085505
1087481
1087842
1086611
1085315
1084165
1084006
1084325
1084941
1085296
1085285
1086347
1086919
1086852
1088742
1090912
1088880
1084854
1084448
1088780
1095938
1101185
1102802
1105906
1113290
1121577
1126483
1125960
1123916
1124646
1126597
1128047
1127449
1124861
1121804
1118176
1114923
1113296
1112359
1110965
1108427
1103815
1096905
1088761
1081584
1076553
1074450
1075567
1078411
1080953
1082479
1082505
1080883
1079927
1079456
1079779
1083204
1088332
1092401
1095690
1098633
1099560
1099719
1098694
1096284
1093037
1088619
1086054
1086388
1088411
1090360
1092896
1095208
1096104
1096378
1096208
1096110
1093180
1088431
1084169
1080681
1078760
1077384
1077227
1078741
1081078
1081806
1081029
1079001
1074051
1069538
1065892
1063861
1064656
1065515
1067965
1069716
1070323
1072377
1074852
1079160
1083888
1089711
1096810
1104019
1111854
1118409
1124321
1128075
1128403
1125804
1120702
1114346
1108220
1104130
1100929
1099018
1097638
1095310
1092381
1088777
1085342
1081781
1078238
1074970
1072314
1071287
1072038
1074344
1077872
1081477
1085096
1088226
1090130
1092232
1093817
1095078
1096206
1097409
1099911
1102265
1104493
1106776
1108341
1108385
1105825
1101227
1096117
1091718
1088848
1086881
1085187
1083913
1082308
1081860
1083906
1087391
1091856
1096436
1100100
1103196
1106209
1107873
1108617
1108707
1108251
1108622
1107849
1106104
1103053
1098943
1096302
1094106
1093152
1092503
1091535
1091373
1089483
1085460
1081147
1075959
1070855
1067979
1065093
1063350
1063564
1063358
1063619
1064509
1066525
1068540
1070458
1072106
1072672
1076283
1082375
1088855
1095805
1100365
1102248
1104938
1109445
1113641
1116881
1118338
1119103
1122259
1124920
1124253
1122054
1119059
1116248
1114826
1114185
1112998
1111076
1108204
1103185
1097842
1093162
1089640
1088439
1087822
1087762
1088846
1091217
1095027
1098529
1099852
1098013
1094376
1091815
1091019
1092087
1094808
1097794
1100267
1101718
1103412
1105203
1106111
1106881
1106747
1105301
1102622
1098668
1093095
1087165
1082501
1078594
1076339
1075115
1073995
1072932
1071166
1069652
1068131
1067099
1067330
1067736
1068331
1068217
1067081
1065989
1065028
1064547
1064923
1066112
1067287
1068288
1069819
1070764
1070971
1072004
1074386
1076608
1078386
1079416
1078973
1079249
1080054
1080703
1081174
1081510
1081929
1081567
1080981
1080981
1081726
1083701
1086945
1089909
1092983
1093567
1091386
1089208
1084930
1081078
1076752
1073289
1074318
1075271
1077977
1081549
1083418
1085871
1086113
1085339
1086384
1087918
1090305
1092361
1093247
1093959
1094551
1096398
1099259
1101664
1103829
1105809
1107465
1109508
1111267
1111613
1111604
1110776
1108850
1105589
1100502
1094956
1088350
1081459
1075346
1069340
1065589
1063908
1063218
1064549
1065978
1067264
1069303
1071258
1072459
1072706
1073010
1073903
1078307
1085659
1093821
1103276
1110311
1116053
1120644
1121777
1121772
1121082
1120863
1121238
1121911
1121525
1119097
1115845
1111195
1106690
1103673
1102178
1101193
1099366
1096583
1093482
1091003
1089182
1088847
1089699
1091395
1092640
1091323
1089317
1088076
1088322
1090557
1092946
1095263
1096523
1096934
1098713
1099782
1099389
1097752
1094897
1092358
1090686
1090149
1090587
1091789
1092413
1092323
1090669
1087174
1083151
1078602
1075748
1074658
1074866
1076205
1076858
1077800
1080836
1084525
1088187
1092137
1093662
1093069
1090998
1088636
1088224
1089085
1090877
1092190
1093497
1094787
1094653
1093744
1092432
1091985
1092269
1093207
1095976
1099255
1102341
1104359
1105091
1106128
1106745
1107151
1107210
1106928
1107212
1106449
1104750
1102586
1100573
1099854
1099461
1099310
1099116
1098664
1097656
1095806
1093595
1090716
1088773
1086310
1084599
1083080
1080288
1081107
1078366
1076369
1077717
1075954
1077554
1076361
1074352
1075587
1075570
1075624
1075979
1077417
1078637
1080591
1080929
1080812
1080548
1078659
1077257
1074231
1071929
1070217
1068836
1068203
1068563
1070826
1073966
1078633
1082683
1085678
1087129
1087533
1089572
1092830
1097982
1104742
1110686
1116034
1120999
1123840
1125392
1125902
1124801
1123292
1121023
1118168
1115860
1114390
1113438
1112689
1111830
1111653
1110527
1108473
1107411
1105721
1106988
1106386
1105902
1108833
1105933
1104896
1102672
1098503
1096681
1091570
1088048
1085645
1084361
1084624
1086158
1088069
1088858
1088070
1085104
1082201
1076521
1071170
1067399
1063909
1062835
1061017
1058741
1056690
1055080
1055789
1057793
1061301
1066380
1071324
1076481
1080564
1083234
1086232
1088106
1089591
1091125
1092081
1093393
1093689
1093735
1094239
1094209
1094971
1096216
1097202
1099270
1102316
1105454
1109269
1112680
1114878
1116628
1116995
1116783
1116057
1114295
1112750
1110595
1107744
1104187
1099936
1096623
1094476
1092508
1090918
1089351
1087002
1084985
1082781
1080352
1078610
1077623
1077237
1076110
1074914
1073625
1071796
1071271
1072035
1073926
1077022
1080244
1083217
1085549
1087855
1090310
1092750
1096176
1099510
1102745
1106179
1108292
1109669
1110569
1110518
1110177
1109482
1108529
1107428
1106183
1105059
1103192
1101108
1098679
1096041
1094441
1093108
1092994
1093497
1094240
1095729
1096361
1096452
1095735
1094314
1092357
1090064
1088274
1086537
1085267
1084244
1083397
1083461
1084302
1085809
1088193
1090672
1092898
1094598
1095130
1095820
1096369
1096688
1096966
1096800
1097140
1097603
1098549
1099668
1100654
1101374
1100848
1099948
1098644
1097313
1096244
1094854
1093631
1092574
1090988
1089168
1088355
1087579
1086597
1085928
1084947
1084513
1084524
1084096
1083364
1082379
1081572
1081459
1081690
1082220
1082751
1083111
1083864
1084918
1086949
1089692
1092228
1094861
1097039
1098779
1100161
1100947
1101731
1102414
1102977
1103526
1103739
1103697
1103537
1103124
1102467
1101574
1100293
1098791
1097141
1095495
1093992
1092184
1090523
1089260
1087887
1086788
1085593
1083957
1082467
1081145
1079799
1078823
1078432
1078540
1079450
1080688
1082184
1084160
1086447
1089102
1091889
1094774
1097130
1098632
1099143
1098640
1097906
1096691
1094909
1093693
1092383
1089673
1086926
1084615
1082445
1081018
1079697
1078428
1077452
1076687
1076405
1076176
1075949
1075490
1074475
1073372
1072259
1071572
1071521
1072053
1072990
1074213
1075825
1077519
1079378
1081237
1083433
1086141
1089399
1093266
1097137
1100814
1103932
1106556
1108411
1109604
1110931
1112552
1114170
1115180
1115392
1114489
1112650
1110300
1107760
1105369
1103361
1101953
1100971
1100328
1099939
1099899
1100012
1100187
1100392
1100698
1101109
1101110
1100914
1100549
1100215
1099918
1099223
1098066
1096442
1094364
1091832
1089489
1087239
1084779
1082449
1080741
1080239
1081044
1082845
1084777
1086339
1087508
1088418
1089324
1090516
1092091
1093869
1095621
1096867
1097865
1098680
1098902
1098834
1098227
1097200
1096348
1095321
1094195
1093354
1092879
1092822
1093167
1094047
1095049
1095498
1095354
1094970
1094506
1093971
1093778
1093964
1094406
1095443
1096085
1094981
1092640
1090008
1087989
1086722
1085143
1083021
1080713
1078843
1077582
1077156
1077787
1078096
1077467
1075670
1072763
1070248
1068788
1068019
1068088
1069058
1070686
1072963
1074773
1075431
1075342
1075011
1075266
1076215
1077657
1078928
1079965
1081304
1082915
1084913
1086995
1088779
1089942
1090535
1090531
1089595
1088141
1086448
1084567
1082780
1081603
1081365
1081897
1082755
1083017
1082423
1081347
1079881
1078804
1078776
1079830
1081788
1083987
1085993
1087851
1089886
1092190
1094783
1097513
1099936
1102157
1104266
1106383
1108578
1110711
1112785
1114581
1116187
1117491
1118197
1118230
1117264
1115393
1113076
1110890
1109324
1108406
1107638
1106475
1104824
1103066
1101295
1099777
1098038
1095654
1094768
1093795
1092054
1092346
1092775
1092715
1091860
1089390
1087046
1084661
1082350
1080513
1078275
1075594
1072800
1069854
1067039
1064471
1061903
1059361
1056826
1054526
1052762
1051433
1050580
1050497
1051134
1052473
1054333
1056258
1057970
1059511
1061196
1063228
1065584
1067902
1070219
1073267
1077743
1083659
1090731
1097864
1104026
1109363
1113627
1117291
1120697
1123459
1126011
1128466
1130638
1132230
1132882
1132676
1131937
1131117
1130379
1129550
1128480
1127105
1125616
1124086
1122431
1120589
1118435
1116218
1114217
1112527
1111343
1110619
1110010
1109005
1106930
1103464
1098821
1093563
1088718
1084771
1081923
1080044
1078036
1075602
1072787
1069778
1067124
1064843
1063181
1062075
1061474
1061436
1061749
1062677
1064069
1065686
1067532
1069400
1071404
1073499
1075576
1077665
1079889
1082451
1084935
1087117
1089215
1091405
1093411
1094633
1095028
1094941
1094797
1094656
1094495
1094308
1093975
1093944
1094415
1095250
1096428
1097425
1098273
1099206
1100135
1101423
1103042
1104676
1105760
1105896
1105164
1104192
1103631
1103086
1102358
1100872
1098477
1096337
1094829
1094294
1094879
1095586
1095893
1095837
1095734
1096221
1097120
1097954
1098195
1097315
1095520
1093216
1090966
1089202
1087771
1086316
1084681
1082814
1080735
1078907
1077543
1076688
1076428
1076368
1076335
1076212
1075963
1075939
1075996
1076261
1076643
1076814
1077461
1078196
1079228
1080806
1081649
1082945
1084596
1085561
1087074
1088664
1090020
1091219
1091520
1091181
1090605
1090043
1089634
1089576
1089688
1089537
1089125
1088219
1087108
1086117
1085351
1085158
1085499
1086643
1088685
1091422
1094590
1097627
1100289
1102328
1103779
1105015
1105897
1106330
1106243
1105739
1105230
1104498
1103904
1103255
1102191
1101531
1101246
1101560
1102392
1103144
1103583
1103581
1103098
1102065
1100700
1099261
1098359
1097978
1097919
1097911
1097263
1096496
1096102
1095717
1095560
1095664
1095476
1095175
1094647
1093639
1092359
1090910
1089289
1087460
1085554
1083441
1081318
1079345
1077357
1075396
1073338
1071374
1069814
1068619
1067802
1067513
1067901
1069058
1070970
1073622
1076700
1079934
1083309
1086629
1090106
1093628
1096767
1099682
1102379
1104921
1107205
1108681
1109246
1108990
1108074
1106866
1105698
1104937
1104487
1103876
1102952
1101275
1099175
1096975
1094575
1092865
1091037
1090006
1090144
1089061
1088538
1088579
1088010
1087830
1087342
1086996
1087157
1087574
1088479
1089697
1091436
1093437
1095285
1096942
1098218
1098832
1098601
1097638
1096018
1093814
1091609
1089935
1088924
1088601
1088656
1089261
1090201
1090901
1091604
1091959
1092022
1092270
1092696
1093463
1094519
1095112
1095486
1096035
1095906
1095729
1095332
1094549
1094282
1094153
1093815
1092693
1090834
1088617
1086650
1085328
1084435
1083992
1083494
1082417
1080920
1079477
1078215
1077497
1077042
1076744
1076925
1077012
1076931
1076888
1076890
1077167
1078044
1079138
1080167
1081280
1082568
1084086
1085890
1088207
1091006
1094275
1097649
1100674
1103250
1105395
1106981
1107981
1108472
1108241
1107582
1106663
1105793
1105411
1105105
1104490
1103355
1101913
1100284
1098372
1096766
1095724
1095143
1095089
1095365
1095650
1095645
1095227
1094514
1093652
1092861
1091939
1090572
1088946
1087211
1085711
1084799
1084290
1083909
1083520
1083086
1082740
1082614
1082503
1082174
1081844
1081577
1081536
1082223
1083078
1083779
1084217
1083842
1083131
1082184
1081301
1080729
1080239
1080139
1080029
1079701
1079416
1079352
1079551
1080289
1081158
1081623
1082144
1082361
1082869
1084304
1086152
1088389
1090367
1091331
1091321
1090554
1089368
1088398
1087764
1087593
1087884
1087837
1087330
1086753
1086339
1086488
1087235
1088143
1089460
1091212
1093037
1094995
1097202
1099640
1101775
1103718
1104889
1104811
1104473
1104154
1104098
1104295
1104552
1104391
1103620
1102512
1101010
1099662
1098314
1096708
1094887
1092635
1090169
1087778
1085720
1084100
1083048
1082326
1081702
1081303
1080996
1080869
1080888
1080980
1081490
1082746
1084756
1087377
1090341
1093131
1095859
1098387
1100331
1101906
1103057
1103809
1103929
1103368
1102352
1100747
1098977
1097290
1095683
1094619
1094120
1093715
1093397
1093109
1092630
1092297
1092121
1092174
1092731
1093334
1093888
1094544
1095113
1095492
1095631
1095659
1095579
1095394
1095196
1094944
1094836
1095000
1095224
1095402
1095400
1095000
1094537
1094128
1093810
1093861
1093918
1094090
1094277
1093996
1093357
1092287
1091075
1089915
1088874
1088290
1088221
1088737
1089484
1090138
1090662
1090797
1090617
1089979
1088805
1087583
1086594
1086229
1086701
1087639
1088932
1090592
1092427
1094555
1096946
1099240
1101270
1102883
1103796
1103655
1102388
1100009
1097319
1095195
1092831
1090562
1088780
1086372
1083492
1080209
1076979
1074826
1073802
1073646
1073441
1072808
1072336
1072692
1073436
1073583
1073549
1073664
1074139
1075229
1076123
1076699
1077367
1077716
1077909
1078182
1078028
1077709
1077671
1077695
1077790
1077651
1077089
1076583
1076289
1076440
1077014
1077929
1079068
1080225
1081723
1083520
1085585
1087989
1090656
1093553
1096337
1098543
1100500
1102752
1105150
1107621
1109794
1111608
1113059
1113777
1113803
1113044
1111715
1109972
1108033
1106216
1104579
1103173
1101765
1100155
1098200
1096088
1094072
1092510
1091402
1090499
1090000
1089889
1090137
1090462
1090814
1091303
1091934
1092758
1093299
1093355
1093119
1092377
1091074
1089339
1087271
1085361
1083680
1082470
1081776
1081220
1080887
1080575
1080303
1080105
1080247
1080905
1081975
1083288
1084358
1085292
1085970
1086510
1086931
1087198
1087686
1088189
1088820
1089411
1089820
1090026
1089910
1089612
1089163
1088935
1089074
1089622
1090579
1091839
1093318
1094716
1095949
1097081
1098016
1098885
1099907
1100790
1101559
1102100
1102272
1102437
1102601
1102921
1103336
1103653
1103864
1103800
1103355
1102467
1101143
1099527
1097619
1095171
1092628
1090230
1087894
1085916
1084226
1083006
1082224
1081481
1080730
1080151
1080070
1080627
1081586
1082454
1083185
1084092
1085379
1087115
1088975
1090615
1091871
1092799
1093393
1093573
1093427
1092898
1092252
1091826
1091601
1091649
1091967
1092073
1091755
1091027
1089759
1088447
1087439
1086773
1086468
1086234
1086104
1086111
1086255
1086721
1087405
1088280
1089299
1090250
1091208
1092324
1093569
1094845
1096123
1097348
1098400
1099188
1099806
1100204
1100224
1099836
1098958
1097926
1096851
1095947
1095800
1096411
1097678
1099245
1100777
1101948
1102575
1102824
1102796
1102697
1102403
1101922
1101391
1100697
1099925
1099224
1098658
1098280
1097930
1097391
1096707
1095911
1094997
1094097
1093484
1093175
1093089
1093291
1093588
1093934
1094266
1094432
1094577
1094531
1094285
1094005
1093641
1093353
1092956
1092360
1091742
1090998
1090204
1089326
1088223
1087010
1085718
1084443
1083445
1082762
1082372
1082280
1082419
1082671
1083023
1083543
1084179
1085066
1086261
1087560
1088997
1090503
1091813
1093018
1094151
1094875
1095189
1095316
1095253
1095052
1094383
1093070
1091505
1089739
1088248
1087271
1086647
1086463
1086214
1085882
1085476
1084971
1084763
1084747
1085102
1085755
1086382
1087066
1087721
1088254
1088850
1089518
1090146
1090809
1091298
1091557
1091774
1092036
1092298
1092505
1092659
1092630
1092534
1092365
1092204
1092038
1091698
1091209
1090588
1090027
1089532
1089332
1089512
1089988
1090646
1091074
1091178
1090880
1090373
1089880
1089439
1089125
1088933
1088764
1088571
1088431
1088096
1087783
1087596
1087312
1087348
1087522
1087652
1087934
1088176
1088544
1089130
1089842
1090683
1091525
1092362
1093249
1094234
1095391
1096585
1097828
1099264
1100837
1102614
1104407
1105883
1107032
1107728
1108005
1108013
1107648
1107055
1106151
1104765
1103150
1101427
1099780
1098328
1097151
1096218
1095311
1094484
1093511
1092475
1091520
1090425
1089498
1088586
1087622
1087013
1086534
1086239
1086337
1086550
1086947
1087396
1087541
1087516
1087171
1086484
1085736
1084827
1083837
1082864
1081762
1080677
1079672
1078833
1078298
1078164
1078578
1079201
1080033
1080979
1081744
1082603
1083395
1084150
1085065
1086002
1087019
1088119
1089340
1090790
1092424
1094118
1095802
1097127
1097927
1098186
1097769
1096890
1095608
1094192
1092817
1091397
1090041
1088586
1087055
1085583
1084168
1082969
1082105
1081455
1081191
1081277
1081521
1082143
1082996
1084299
1085725
1087037
1088555
1089820
1090918
1091589
1091985
1092112
1091640
1091323
1090809
1090279
1090111
1089801
1089615
1089454
1089467
1089867
1090502
1091590
1092738
1093866
1095015
1095950
1096931
1097834
1098442
1098681
1098470
1097874
1096946
1095689
1094253
1092883
1091516
1090300
1089377
1088533
1087696
1086702
1085481
1084133
1082886
1082032
1081489
1081392
1081995
1083115
1084599
1086212
1087635
1088697
1089328
1089661
1089810
1089915
1090148
1090554
1091230
1092166
1093250
1094373
1095297
1095933
1096377
1096670
1097007
1097448
1097723
1097796
1097773
1097669
1097516
1097398
1097414
1097652
1098204
1098955
1099732
1100665
1101608
1102401
1103080
1103458
1103593
1103424
1102971
1102341
1101362
1100155
1098851
1097492
1096125
1094825
1093602
1092348
1091091
1089854
1088572
1087380
1086309
1085153
1083922
1082454
1080778
1079264
1078005
1077237
1077077
1077360
1077983
1078826
1079772
1080640
1081335
1082015
1082678
1083345
1084285
1085461
1086930
1088679
1090300
1091564
1092296
1092562
1092616
1092627
1092760
1092934
1093034
1092916
1092575
1092173
1091723
1091435
1091283
1091059
1090834
1090601
1090483
1090649
1090896
1091094
1091301
1091489
1091751
1092023
1092248
1092440
1092488
1092413
1092099
1091704
1091455
1091292
1091264
1091081
1090567
1089830
1088799
1087524
1086011
1084338
1082874
1081682
1080762
1080139
1079635
1079311
1079034
1078601
1078184
1077951
1077917
1078008
1078277
1078756
1079445
1080622
1082387
1084404
1086407
1088034
1089326
1090651
1092052
1093739
1095632
1097588
1099539
1101207
1102547
1103495
1104088
1104341
1104376
1104510
1104747
1105058
1105456
1105787
1105923
1105846
1105512
1104928
1104078
1102881
1101440
1099834
1098092
1096280
1094335
1092387
1090515
1088642
1086950
1085495
1084365
1083723
1083447
1083526
1083802
1084068
1084350
1084581
1084968
1085562
1086338
1087364
1088428
1089547
1090640
1091628
1092489
1093026
1093248
1093232
1093033
1092699
1092277
1091896
1091650
1091528
1091685
1092210
1093100
1094280
1095523
1096699
1097688
1098417
1098855
1099029
1098892
1098405
1097691
1096992
1096557
1096274
1096068
1095731
1095173
1094753
1094513
1094480
1094629
1094736
1094745
1094727
1094762
1094870
1095129
1095282
1095114
1094794
1094135
1093332
1092613
1091787
1091165
1090676
1090188
1089954
1089801
1089434
1089015
1088652
1088300
1088285
1088519
1089008
1089745
1090361
1090841
1091085
1091136
1091075
1090922
1090804
1090732
1090760
1090944
1091174
1091317
1091257
1090979
1090696
1090353
1090001
1089637
1089136
1088575
1087776
1087007
1086451
1086192
1086604
1087504
1088956
1090680
1091979
1092858
1093474
1094225
1095206
1096220
1097172
1097696
1097791
1097503
1096924
1096315
1095538
1094686
1093791
1092704
1091573
1090352
1089149
1088367
1088022
1088098
1088689
1089531
1090588
1091918
1093221
1094508
1095704
1096668
1097653
1098649
1099558
1100356
1100893
1101080
1100995
1100677
1100021
1099238
1098355
1097256
1096170
1095002
1093741
1092441
1090845
1089140
1087655
1086399
1085335
1084461
1083910
1083746
1083833
1084115
1084424
1084850
1085459
1085876
1086508
1087565
1088771
1090068
1090721
1090688
1090327
1089558
1088899
1088260
1087365
1086229
1084664
1083063
1081561
1080057
1078640
1077239
1076020
1075073
1074425
1074129
1074150
1074524
1075219
1076077
1077024
1078081
1079091
1080068
1081174
1082328
1083573
1084871
1086036
1087283
1088678
1089980
1091251
1092379
1093219
1093895
1094344
1094621
1094822
1094921
1095061
1095333
1095805
1096612
1097691
1098896
1100201
1101498
1102680
1103825
1104929
1105976
1106878
1107548
1108113
1108584
1108911
1109043
1108882
1108226
1106991
1105224
1102889
1100328
1097709
1095004
1092364
1089728
1087197
1084899
1082873
1081236
1079967
1079100
1078574
1078349
1078408
1078673
1079277
1080102
1081097
1082234
1083312
1084331
1085281
1086312
1087326
1088245
1089097
1089640
1089995
1090186
1090274
1090409
1090466
1090702
1091244
1091886
1092682
1093452
1093960
1094338
1094621
1095011
1095837
1096939
1098029
1098915
1099347
1099213
1098770
1098320
1098007
1097924
1097968
1098022
1097938
1097629
1097191
1096628
1095993
1095287
1094323
1093173
1092013
1090949
1090269
1089955
1089877
1090068
1090293
1090534
1090802
1090877
1090858
1090746
1090424
1090059
1089686
1089199
1088629
1087862
1086962
1086117
1085344
1084759
1084210
1083737
1083347
1083023
1083080
1083387
1083875
1084372
1084708
1084965
1085269
1085758
1086377
1087154
1087898
1088482
1088934
1089221
1089427
1089670
1089868
1089972
1089951
1089670
1089511
1089522
1089498
1089682
1089984
1090424
1091053
1091359
1091329
1091156
1090866
1090670
1090496
1090313
1089991
1089497
1088967
1088599
1088646
1088877
1089257
1089690
1090056
1090481
1090954
1091390
1091696
1091813
1091637
1091371
1091208
1091174
1091312
1091579
1091806
1091902
1091882
1091657
1091385
1091198
1091037
1090824
1090477
1089991
1089393
1088927
1088811
1089098
1089799
1090824
1092171
1093653
1095029
1096235
1096988
1097345
1097634
1097967
1098438
1099034
1099500
1099649
1099559
1099269
1098846
1098231
1097316
1096252
1095132
1093945
1092647
1091331
1090106
1088972
1088011
1087064
1086062
1085139
1084221
1083424
1082801
1082392
1082327
1082452
1082764
1083258
1083885
1084643
1085249
1085676
1086087
1086552
1087351
1088406
1089488
1090548
1091469
1092432
1093415
1094248
1094967
1095658
1096627
1097774
1099027
1100424
1101685
1102750
1103400
1103683
1103799
1103653
1103421
1103062
1102438
1101618
1100697
1099744
1098698
1097619
1096630
1095773
1095062
1094568
1094245
1093843
1093283
1092582
1091767
1090960
1090083
1089007
1087729
1086338
1084988
1083644
1082458
1081405
1080549
1080167
1080001
1080235
1080807
1081416
1082104
1082567
1083081
1083981
1085199
1086641
1088078
1089578
1091215
1092794
1094261
1095507
1096567
1097677
1098831
1100059
1100988
1101508
1101606
1101173
1100897
1100665
1100389
1100257
1100172
1100429
1100530
1100141
1099523
1098951
1098893
1099239
1099626
1099738
1099611
1099354
1098884
1098517
1098187
1097794
1097408
1096856
1096363
1096088
1095990
1095994
1095900
1095592
1095118
1094591
1094141
1093866
1093469
1092866
1092256
1091539
1090840
1090412
1090204
1090120
1090018
1089625
1088974
1088314
1087726
1087351
1087238
1087293
1087575
1088053
1088521
1088945
1089318
1089413
1089198
1088776
1088388
1088199
1087953
1087696
1087514
1087191
1086778
1086246
1085359
1084304
1083345
1082541
1082032
1081692
1081451
1081454
1081665
1082214
1083090
1084156
1085464
1086702
1087695
1088395
1088688
1088848
1088949
1089182
1089697
1090508
1091721
1093042
1094389
1095609
1096558
1097306
1097699
1097925
1098175
1098487
1098958
1099485
1100075
1100727
1101408
1102274
1103298
1104290
1105203
1105837
1106114
1106108
1105582
1104692
1103547
1102045
1100455
1098687
1096692
1094655
1092527
1090432
1088468
1086505
1084669
1083039
1081540
1080325
1079354
1078590
1078077
1077858
1078108
1078664
1079424
1080433
1081522
1082585
1083436
1084164
1084942
1085683
1086698
1087861
1089063
1090393
1091554
1092718
1093555
1093729
1093552
1093150
1092768
1092464
1092087
1091632
1091082
1090386
1089636
1088867
1088017
1087157
1086250
1085374
1084872
1084714
1084632
1084678
1084800
1084880
1085053
1085233
1085379
1085571
1085676
1085786
1085754
1085335
1084654
1083617
1082425
1081226
1080098
1079249
1078372
1077361
1076112
1074722
1073436
1072246
1071378
1070674
1070127
1070035
1070426
1071293
1072587
1074369
1076602
1079075
1081553
1083799
1085736
1087409
1088961
1090577
1092238
1093755
1095071
1096246
1097372
1098459
1099469
1100112
1100059
1099653
1099161
1098753
1098831
1099076
1099212
1099463
1099759
1100197
1100721
1100957
1100964
1100716
1100314
1099908
1099206
1098302
1097301
1096216
1095234
1094283
1093263
1092021
1090522
1088998
1087784
1087239
1087397
1087929
1088519
1088854
1088656
1087949
1086911
1085854
1084921
1084079
1083315
1082542
1081941
1081711
1082081
1083179
1084735
1086554
1088492
1090358
1092087
1093769
1095395
1097060
1098785
1100423
1101910
1103055
1103860
1104233
1104139
1103677
1102891
1101903
1100519
1098818
1097069
1095477
1094066
1092957
1092314
1091853
1091789
1091929
1091835
1091370
1090557
1089956
1089547
1089209
1088984
1088781
1088395
1087719
1086970
1086190
1085721
1085520
1085134
1084443
1083359
1082255
1081680
1081884
1082913
1084338
1085624
1086563
1087050
1087308
1087724
1088474
1089566
1090749
1091901
1092864
1093540
1094235
1094875
1095537
1096267
1096883
1097660
1098486
1099055
1099139
1098598
1097764
1096982
1096488
1096418
1096639
1097016
1097484
1097936
1098386
1098669
1098725
1098651
1098483
1098502
1098693
1098999
1099246
1099229
1099170
1099072
1099115
1099246
1099264
1099161
1098712
1098000
1097035
1096040
1095237
1094483
1093855
1093269
1092779
1092572
1092614
1092820
1092903
1092903
1093004
1093087
1093341
1093647
1093843
1093947
1093710
1093318
1092692
1091805
1091089
1090591
1090276
1090216
1090266
1090223
1090004
1089532
1088932
1088212
1087492
1086813
1086100
1085594
1085290
1085089
1085080
1085238
1085221
1085321
1085343
1085210
1085428
1085315
1085434
1085956
1086317
1086782
1086986
1087322
1087883
1088450
1089074
1089403
1089389
1089151
1088866
1088262
1087394
1086452
1085532
1085103
1084972
1085131
1085599
1086134
1086813
1087449
1088021
1088616
1089260
1090059
1090961
1091946
1092952
1093815
1094559
1095102
1095404
1095587
1095578
1095493
1095345
1095067
1094737
1094325
1093828
1093134
1092369
1091637
1090953
1090506
1090209
1089961
1089683
1089230
1088679
1088188
1087899
1088003
1088472
1089156
1089902
1090618
1091332
1091981
1092684
1093662
1094730
1095433
1095707
1095793
1095935
1096230
1096375
1096253
1095937
1095453
1094875
1094321
1093822
1093437
1093162
1092795
1092434
1092008
1091572
1091321
1091400
1092028
1092929
1094021
1094928
1095380
1095416
1094990
1094571
1094266
1094161
1094144
1093939
1093547
1092782
1091887
1090933
1089884
1088976
1088236
1087687
1087269
1086973
1086899
1087194
1087800
1088568
1089406
1090099
1090601
1090968
1091340
1091856
1092640
1093606
1094485
1095122
1095351
1095195
1094859
1094574
1094329
1094101
1093869
1093491
1092996
1092378
1091777
1091338
1091080
1091052
1091180
1091412
1091778
1092152
1092437
1092539
1092347
1092065
1091840
1091892
1092234
1092588
1092803
1092771
1092550
1092167
1091761
1091407
1090885
1090301
1089710
1088884
1088153
1087593
1087019
1086712
1086448
1086250
1086271
1086202
1086127
1086136
1086243
1086433
1086608
1086753
1086869
1086872
1086673
1086390
1086153
1086036
1086065
1086150
1086215
1086325
1086526
1086643
1086712
1086869
1086973
1087094
1087269
1087283
1087216
1087118
1086892
1086723
1086657
1086597
1086676
1086775
1086731
1086575
1086327
1086119
1085983
1085892
1085773
1085597
1085324
1084889
1084444
1083920
1083387
1083062
1082880
1083002
1083415
1084039
1084981
1086015
1087077
1088068
1088777
1089384
1089897
1090269
1090803
1091537
1092384
1093295
1093996
1094403
1094511
1094367
1094076
1093624
1093130
1092684
1092279
1091838
1091358
1090888
1090447
1090184
1090026
1089937
1090055
1090280
1090607
1091130
1091729
1092313
1092859
1093241
1093468
1093542
1093492
1093500
1093424
1093339
1093223
1092910
1092665
1092261
1091750
1091267
1090574
1090074
1089633
1089153
1088898
1088461
1087960
1087599
1087308
1087374
1087782
1088446
1089366
1090390
1091500
1092591
1093565
1094453
1095266
1096055
1096744
1097327
1097785
1098002
1098050
1097840
1097366
1096915
1096494
1096060
1095523
1094775
1093943
1093130
1092426
1091898
1091588
1091387
1091203
1090976
1090612
1090230
1089925
1089735
1089597
1089552
1089580
1089557
1089639
1089787
1089955
1090085
1089992
1089809
1089572
1089348
1089327
1089457
1089746
1090175
1090601
1091016
1091452
1091823
1092160
1092476
1092668
1092833
1092965
1093080
1093258
1093388
1093502
1093594
1093667
1093865
1094157
1094517
1094908
1095279
1095600
1095919
1096385
1096933
1097556
1098141
1098620
1099027
1099223
1099404
1099547
1099512
1099379
1099114
1098812
1098493
1098143
1097752
1097247
1096709
1096209
1095719
1095312
1095022
1094889
1094940
1094954
1094889
1094724
1094442
1094063
1093493
1093016
1092764
1092685
1092803
1092830
1092660
1092359
1091733
1090947
1090303
1089786
1089460
1089160
1088758
1088243
1087496
1086669
1085779
1084792
1083769
1082721
1081725
1080778
1079816
1078768
1077693
1076679
1075906
1075452
1075317
1075680
1076408
1077384
1078559
1079710
1080759
1081883
1083287
1084802
1086416
1088084
1089392
1090633
1091848
1092805
1093883
1094769
1095502
1096236
1096639
1096942
1097008
1096812
1096471
1096045
1095803
1095731
1095815
1095853
1095854
1096043
1096132
1096083
1096122
1096115
1096177
1096219
1096011
1095783
1095541
1095350
1095202
1095069
1094855
1094432
1094194
1093977
1093876
1094250
1094514
1094370
1093682
1092551
1091628
1091132
1091234
1091612
1091579
1091270
1090675
1089865
1089221
1088545
1087848
1087217
1086509
1085983
1085725
1085539
1085550
1085674
1085809
1086215
1087005
1088254
1089781
1091398
1093091
1094747
1096266
1097225
1097415
1096965
1096175
1095680
1095674
1096144
1096944
1097596
1097953
1097914
1097386
1096482
1095362
1094323
1093571
1093064
1092608
1092191
1091803
1091489
1091397
1091338
1091188
1091029
1090874
1090707
1090489
1090100
1089535
1088891
1088236
1087656
1087129
1086584
1085914
1085169
1084443
1083858
1083483
1083164
1082888
1082540
1082167
1081991
1081997
1082170
1082500
1082803
1082902
1082817
1082654
1082681
1083002
1083583
1084370
1085246
1086226
1087319
1088488
1089468
1090113
1090432
1090444
1090294
1089985
1089613
1089305
1089054
1088980
1089024
1089070
1089200
1089313
1089448
1089754
1090197
1090758
1091412
1092080
1092616
1093057
1093440
1093700
1093791
1093608
1093139
1092407
1091630
1090933
1090271
1089689
1089109
1088420
1087670
1086918
1086117
1085474
1085116
1084943
1084966
1085029
1085013
1084992
1085063
1085323
1085800
1086415
1087027
1087528
1087918
1088222
1088513
1088721
1088802
1088905
1088905
1088793
1088584
1088253
1088045
1087939
1087897
1087994
1088190
1088451
1088785
1089142
1089367
1089540
1089768
1090020
1090435
1090973
1091594
1092317
1092940
1093610
1094360
1095109
1095926
1096828
1097747
1098301
1098519
1098548
1098351
1098198
1098035
1097503
1096914
1096282
1095258
1094428
1093706
1092458
1090703
1088840
1087516
1086826
1086485
1086245
1085989
1085868
1086093
1086844
1088025
1089349
1090721
1092039
1093218
1094311
1095221
1095872
1096308
1096542
1096579
1096479
1096214
1095780
1095232
1094548
1093978
1093552
1093114
1092808
1092514
1092215
1092048
1091941
1091905
1091969
1092130
1092412
1092818
1093233
1093604
1093949
1094255
1094538
1094801
1095036
1095233
1095411
1095500
1095407
1095198
1094880
1094379
1093763
1093050
1092244
1091482
1090822
1090327
1090141
1090124
1090099
1090147
1090202
1090253
1090381
1090504
1090595
1090619
1090539
1090441
1090361
1090190
1089954
1089687
1089463
1089390
1089471
1089786
1090252
1090804
1091437
1092048
1092637
1093207
1093773
1094434
1095180
1095997
1096922
1097845
1098773
1099718
1100589
1101361
1101970
1102419
1102641
1102631
1102450
1102069
1101634
1101140
1100524
1099901
1099239
1098532
1097857
1097156
1096362
1095519
1094654
1093801
1093033
1092239
1091375
1090574
1089818
1089171
1088695
1088334
1088120
1088026
1087988
1087941
1087814
1087581
1087258
1086904
1086547
1086183
1085779
1085387
1084975
1084493
1084016
1083510
1083093
1082875
1082764
1082743
1082735
1082759
1082983
1083330
1083646
1084009
1084348
1084519
1084738
1085180
1085815
1086652
1087547
1088288
1088918
1089501
1090144
1090914
1091644
1092332
1092955
1093539
1094285
1095027
1095649
1096246
1096731
1097103
1097409
1097646
1097816
1097799
1097585
1097250
1096840
1096407
1095846
1095235
1094613
1093886
1093208
1092618
1092102
1091686
1091399
1091343
1091520
1091804
1092095
1092442
1092800
1093110
1093396
1093637
1093829
1093954
1094051
1094157
1094304
1094476
1094609
1094692
1094717
1094786
1094946
1095122
1095273
1095382
1095433
1095427
1095448
1095519
1095612
1095791
1095980
1096142
1096293
1096315
1096323
1096246
1096055
1095912
1095640
1095266
1094845
1094338
1093793
1093134
1092385
1091693
1091065
1090414
1089726
1088998
1088337
1087769
1087223
1086738
1086290
1085899
1085571
1085264
1084937
1084531
1084107
1083667
1083236
1082869
1082530
1082297
1082077
1081786
1081594
1081466
1081295
1081098
1080866
1080602
1080424
1080420
1080575
1080893
1081307
1081738
1082251
1082870
1083513
1084276
1085134
1085924
1086754
1087611
1088473
1089439
1090403
1091325
1092168
1092889
1093533
1094097
1094690
1095322
1095994
1096765
1097428
1097912
1098206
1098251
1098241
1098210
1098112
1098009
1097760
1097373
1097015
1096671
1096463
1096431
1096493
1096703
1096943
1097164
1097345
1097349
1097183
1096846
1096327
1095719
1095026
1094227
1093345
1092354
1091399
1090565
1089925
1089548
1089251
1089096
1089026
1088945
1088889
1088766
1088722
1088795
1089017
1089436
1090067
1090907
1091637
1092216
1092648
1092829
1092874
1092900
1092973
1093075
1093227
1093476
1093733
1093951
1094131
1094305
1094497
1094697
1094867
1094963
1095063
1095198
1095406
1095722
1096061
1096342
1096454
1096412
1096340
1096267
1096217
1096090
1095776
1095347
1094830
1094246
1093650
1093071
1092440
1091862
1091414
1090987
1090652
1090305
1089936
1089535
1088971
1088351
1087705
1087124
1086580
1086145
1085901
1085739
1085753
1085824
1085978
1086267
1086619
1087095
1087605
1088073
1088346
1088482
1088517
1088443
1088389
1088260
1088090
1087785
1087191
1086464
1085810
1085276
1084793
1084425
1084206
1084072
1084034
1084098
1084272
1084619
1085102
1085611
1086040
1086484
1087050
1087658
1088290
1088884
1089365
1089750
1090101
1090393
1090690
1091110
1091606
1092151
1092638
1093010
1093351
1093697
1093977
1094167
1094357
1094479
1094512
1094549
1094535
1094529
1094626
1094694
1094722
1094785
1094954
1095243
1095406
1095241
1094816
1094405
1094428
1095063
1095921
1096389
1096080
1095149
1094089
1093276
1092843
1092563
1092218
1091890
1091533
1091084
1090680
1090180
1089696
1089571
1089666
1089955
1090329
1090472
1090429
1090259
1090051
1090028
1090193
1090433
1090730
1090952
1091082
1091345
1091743
1092256
1092856
1093410
1093968
1094521
1095026
1095450
1095739
1095880
1095774
1095465
1095067
1094660
1094391
1094261
1094236
1094234
1094172
1094101
1093991
1093825
1093672
1093441
1093075
1092703
1092383
1092241
1092340
1092569
1092862
1093100
1093238
1093208
1092959
1092527
1091962
1091418
1090874
1090346
1089984
1089697
1089429
1089162
1088765
1088315
1087891
1087464
1087071
1086736
1086553
1086514
1086587
1086846
1087267
1087862
1088464
1088933
1089411
1089886
1090418
1091093
1091865
1092690
1093369
1093766
1093911
1093832
1093590
1093333
1093111
1092849
1092695
1092638
1092503
1092386
1092171
1091808
1091535
1091354
1091329
1091510
1091667
1091726
1091711
1091576
1091479
1091386
1091112
1090803
1090386
1089826
1089405
1089115
1088916
1088734
1088586
1088531
1088460
1088572
1088792
1089031
1089398
1089580
1089677
1089775
1089781
1089841
1089792
1089711
1089711
1089664
1089607
1089637
1089862
1090263
1090779
1091242
1091591
1091895
1091988
1091908
1091751
1091509
1091272
1091127
1091046
1090869
1090570
1090072
1089329
1088517
1087751
1087149
1086720
1086461
1086341
1086223
1086181
1086194
1086204
1086247
1086192
1086107
1086040
1086023
1086177
1086391
1086718
1087183
1087667
1088101
1088351
1088442
1088434
1088399
1088479
1088757
1089286
1089917
1090471
1090917
1091195
1091302
1091391
1091463
1091484
1091583
1091790
1092163
1092584
1092966
1093412
1093854
1094396
1095041
1095675
1096238
1096616
1096859
1097022
1097191
1097382
1097532
1097679
1097723
1097583
1097325
1096929
1096406
1095824
1095210
1094627
1094092
1093566
1093043
1092595
1092242
1091915
1091660
1091510
1091420
1091333
1091260
1091289
1091328
1091421
1091611
1091671
1091676
1091669
1091530
1091397
1091289
1091169
1091138
1091190
1091310
1091470
1091594
1091728
1091782
1091648
1091484
1091209
1090831
1090519
1090241
1090065
1089876
1089610
1089312
1088962
1088718
1088532
1088397
1088409
1088496
1088672
1088905
1089150
1089416
1089662
1089923
1090199
1090460
1090786
1091097
1091360
1091637
1091749
1091693
1091508
1091177
1090806
1090407
1090053
1089757
1089588
1089558
1089579
1089676
1089737
1089854
1090065
1090360
1090883
1091479
1092145
1092910
1093654
1094400
1095129
1095788
1096336
1096787
1097099
1097223
1097268
1097208
1097011
1096721
1096246
1095531
1094638
1093663
1092695
1091795
1091031
1090362
1089750
1089225
1088738
1088335
1087984
1087575
1087129
1086736
1086441
1086237
1086254
1086392
1086584
1086931
1087228
1087401
1087533
1087672
1087898
1088301
1088834
1089386
1089884
1090183
1090335
1090308
1090177
1090084
1089869
1089632
1089442
1089248
1089062
1088884
1088738
1088584
1088409
1088239
1088126
1088081
1088093
1088101
1088179
1088412
1088718
1089141
1089543
1089851
1090139
1090370
1090594
1090732
1090833
1090976
1091094
1091289
1091489
1091626
1091733
1091732
1091729
1091700
1091589
1091467
1091304
1091169
1091063
1090988
1091045
1091289
1091728
1092263
1092820
1093316
1093596
1093725
1093808
1093812
1093862
1093913
1093871
1093785
1093540
1093166
1092677
1091997
1091178
1090257
1089229
1088230
1087354
1086453
1085615
1084812
1083950
1083274
1082670
1082161
1082006
1082109
1082482
1083052
1083616
1084125
1084526
1084797
1084846
1084671
1084461
1084286
1084173
1084196
1084294
1084436
1084739
1085039
1085196
1085311
1085401
1085587
1085836
1086070
1086473
1087068
1087867
1088814
1089681
1090404
1091025
1091710
1092539
1093387
1094109
1094580
1094881
1095132
1095345
1095514
1095599
1095626
1095701
1095893
1096166
1096555
1096960
1097177
1097256
1097211
1097078
1096876
1096676
1096551
1096378
1096308
1096263
1096054
1095761
1095415
1095234
1095207
1095119
1094815
1094160
1093351
1092565
1091804
1091114
1090456
1089788
1089132
1088400
1087632
1086977
1086553
1086515
1086790
1087144
1087379
1087477
1087546
1087724
1088166
1088854
1089749
1090721
1091612
1092384
1093015
1093629
1094161
1094531
1094762
1094759
1094707
1094689
1094730
1094909
1095115
1095500
1096013
1096469
1096858
1097077
1097287
1097537
1097706
1097895
1098066
1098236
1098415
1098452
1098366
1098171
1097820
1097320
1096670
1095893
1095070
1094323
1093684
1093072
1092524
1092030
1091478
1090901
1090324
1089857
1089682
1089778
1090087
1090473
1090810
1091093
1091256
1091293
1091193
1090963
1090822
1090874
1091051
1091278
1091449
1091610
1091880
1092238
1092568
1092778
1092895
1092975
1092996
1092936
1092759
1092366
1091814
1091198
1090540
1090013
1089706
1089625
1089757
1090010
1090299
1090448
1090418
1090344
1090261
1090224
1090267
1090345
1090461
1090588
1090699
1090784
1090772
1090523
1089946
1089180
1088392
1087674
1087141
1086660
1086075
1085470
1084890
1084583
1084665
1084857
1085078
1085254
1085368
1085559
1085895
1086307
1086731
1087270
1087810
1088261
1088577
1088690
1088908
1089406
1090171
1091128
1091869
1092163
1092143
1091855
1091431
1091159
1091083
1091229
1091631
1092072
1092405
1092719
1092926
1093064
1093294
1093442
1093665
1093935
1094001
1094080
1093989
1093807
1093848
1093880
1094015
1094155
1094102
1094080
1093907
1093536
1093097
1092498
1091902
1091392
1090892
1090461
1090071
1089633
1089110
1088567
1088073
1087673
1087501
1087447
1087455
1087655
1087921
1088237
1088552
1088705
1088831
1089009
1089279
1089681
1090112
1090626
1091257
1091924
1092651
1093439
1094251
1095054
1095709
1096103
1096236
1096190
1096169
1096249
1096333
1096427
1096568
1096709
1096896
1097030
1096960
1096733
1096207
1095463
1094657
1093745
1092843
1091911
1090965
1090057
1089172
1088360
1087593
1086871
1086230
1085695
1085236
1084860
1084591
1084333
1084110
1084027
1084074
1084369
1084935
1085650
1086496
1087345
1088143
1088947
1089761
1090626
1091610
1092599
1093474
1094273
1094830
1095134
1095343
1095480
1095546
1095516
1095475
1095375
1095197
1095018
1094920
1095186
1095656
1096052
1096210
1095974
1095778
1095737
1095700
1095574
1095245
1095026
1094896
1094928
1095161
1095183
1095003
1094737
1094483
1094339
1094172
1093771
1093134
1092520
1091980
1091485
1091037
1090530
1090087
1089802
1089648
1089616
1089506
1089368
1089267
1089072
1088948
1088938
1088993
1089259
1089655
1090103
1090650
1091176
1091704
1092316
1092876
1093334
1093714
1093960
1094043
1093968
1093708
1093279
1092754
1092117
1091383
1090578
1089706
1088908
1088240
1087686
1087272
1086945
1086682
1086500
1086324
1086115
1085920
1085842
1085983
1086389
1087025
1087749
1088501
1089227
1089897
1090520
1091084
1091572
1091810
1091780
1091513
1091013
1090496
1090021
1089604
1089317
1089105
1088874
1088594
1088244
1087850
1087535
1087330
1087277
1087347
1087443
1087600
1087825
1088169
1088635
1089169
1089764
1090320
1090863
1091396
1091780
1092064
1092278
1092480
1092708
1092747
1092574
1092228
1091694
1091136
1090631
1090176
1089801
1089509
1089317
1089287
1089392
1089590
1089943
1090355
1090828
1091423
1092008
1092609
1093220
1093780
1094306
1094731
1094972
1095022
1094930
1094695
1094367
1093915
1093302
1092601
1091795
1091020
1090288
1089510
1088882
1088314
1087722
1087274
1086842
1086425
1086171
1085986
1085989
1086304
1086716
1087255
1087954
1088610
1089302
1090030
1090674
1091257
1091724
1092020
1092103
1092001
1091731
1091335
1090897
1090386
1089952
1089581
1089163
1088810
1088394
1087934
1087590
1087305
1087091
1086979
1086998
1087090
1087227
1087397
1087404
1087258
1087064
1086888
1086888
1087031
1087226
1087505
1087845
1088243
1088701
1089147
1089606
1090082
1090522
1090930
1091261
1091481
1091617
1091702
1091736
1091746
1091741
1091663
1091484
1091240
1090977
1090801
1090774
1090922
1091326
1091827
1092262
1092615
1092827
1092934
1093002
1093025
1093160
1093482
1093812
1094149
1094417
1094593
1094783
1094902
1094972
1094947
1094803
1094619
1094398
1094131
1093775
1093351
1092887
1092494
1092294
1092244
1092273
1092355
1092425
1092371
1092214
1092001
1091744
1091539
1091438
1091476
1091604
1091795
1092110
1092438
1092739
1093005
1093183
1093339
1093483
1093572
1093553
1093423
1093195
1092880
1092525
1092036
1091405
1090722
1089998
1089368
1088868
1088393
1087963
1087546
1087199
1087013
1086882
1086793
1086786
1086817
1086891
1087017
1087169
1087260
1087273
1087215
1087071
1086913
1086749
1086610
1086569
1086622
1086796
1087113
1087559
1088053
1088517
1088988
1089381
1089737
1090101
1090347
1090732
1091045
1091175
1091405
1091300
1091135
1091058
1090860
1090960
1090935
1090743
1090720
1090523
1090416
1090583
1090837
1091187
1091496
1091684
1091733
1091678
1091549
1091381
1091334
1091349
1091369
1091404
1091386
1091368
1091366
1091362
1091399
1091465
1091529
1091574
1091606
1091648
1091678
1091691
1091682
1091697
1091763
1091827
1091901
1091898
1091848
1091722
1091465
1091303
1091107
1090905
1090839
1090745
1090735
1090751
1090747
1090816
1090868
1090983
1091117
1091215
1091352
1091431
1091479
1091577
1091663
1091753
1091904
1092010
1092087
1092178
1092170
1092108
1091976
1091751
1091490
1091187
1090859
1090508
1090182
1089919
1089698
1089550
1089451
1089319
1089159
1089035
1088967
1088972
1089095
1089316
1089594
1089864
1090076
1090227
1090293
1090348
1090424
1090446
1090435
1090405
1090391
1090415
1090412
1090373
1090287
1090229
1090256
1090288
1090377
1090470
1090477
1090497
1090584
1090774
1091099
1091483
1091836
1092132
1092351
1092435
1092414
1092331
1092189
1092070
1092116
1092371
1092706
1093031
1093360
1093668
1093994
1094430
1094904
1095336
1095733
1096090
1096447
1096820
1097170
1097382
1097400
1097327
1097164
1096993
1096916
1096902
1097016
1097216
1097378
1097472
1097513
1097456
1097291
1097106
1096901
1096735
1096628
1096564
1096587
1096619
1096642
1096705
1096767
1096804
1096826
1096800
1096719
1096586
1096381
1096134
1095856
1095605
1095348
1095067
1094832
1094530
1094158
1093727
1093167
1092542
1091877
1091190
1090522
1089935
1089447
1089059
1088844
1088754
1088768
1088884
1089063
1089254
1089371
1089453
1089479
1089440
1089332
1089120
1088893
1088644
1088427
1088274
1088199
1088248
1088374
1088580
1088840
1089127
1089456
1089880
1090374
1090940
1091577
1092194
1092789
1093306
1093819
1094323
1094758
1095152
1095370
1095469
1095485
1095376
1095191
1094966
1094755
1094479
1094139
1093768
1093311
1092785
1092206
1091653
1091164
1090738
1090412
1090228
1090223
1090281
1090343
1090371
1090349
1090305
1090209
1090171
1090125
1090034
1089981
1089835
1089642
1089432
1089135
1088711
1088109
1087425
1086818
1086377
1086033
1085750
1085480
1085205
1085037
1084938
1084992
1085208
1085509
1085982
1086520
1087105
1087716
1088247
1088716
1089088
1089416
1089752
1090215
1090808
1091289
1091571
1091600
1091412
1091110
1090796
1090571
1090351
1090042
1089666
1089255
1088893
1088615
1088423
1088491
1088832
1089311
1089879
1090394
1090856
1091333
1091818
1092339
1092762
1093014
1093227
1093486
1093889
1094439
1095021
1095428
1095365
1094793
1093938
1093149
1092715
1092667
1092765
1092798
1092675
1092351
1091938
1091522
1091159
1090909
1090754
1090578
1090333
1090201
1090222
1090410
1090821
1091286
1091659
1091929
1092155
1092359
1092494
1092541
1092519
1092518
1092606
1092733
1092863
1093050
1093272
1093403
1093369
1093169
1092797
1092376
1092147
1092095
1092136
1092101
1091811
1091401
1090954
1090687
1090784
1091148
1091687
1092225
1092614
1092776
1092832
1093110
1093657
1094228
1094493
1094345
1094081
1093949
1094037
1094227
1094212
1093947
1093556
1093185
1093006
1093100
1093347
1093556
1093612
1093395
1093077
1092804
1092632
1092666
1092669
1092572
1092334
1091894
1091461
1091065
1090746
1090488
1090150
1089734
1089315
1088905
1088471
1088206
1088110
1088086
1088176
1088214
1088118
1087943
1087671
1087311
1086994
1086726
1086468
1086268
1086080
1085942
1085859
1085837
1086000
1086308
1086629
1086999
1087379
1087769
1088309
1089010
1089994
1091279
1092641
1093701
1094106
1094030
1093715
1093390
1093278
1093237
1093131
1092860
1092455
1092070
1091807
1091685
1091543
1091371
1091197
1090993
1090787
1090521
1090187
1089846
1089578
1089314
1089094
1089004
1088898
1088816
1088746
1088670
1088718
1088860
1089107
1089439
1089730
1090043
1090444
1090830
1091188
1091468
1091662
1091862
1092067
1092364
1092649
1092916
1093255
1093592
1094048
1094481
1094840
1095167
1095285
1095190
1094909
1094576
1094274
1094016
1093786
1093545
1093256
1092773
1092206
1091721
1091352
1091154
1091017
1090784
1090430
1089995
1089531
1089100
1088851
1088737
1088594
1088479
1088304
1088084
1087975
1087835
1087687
1087616
1087580
1087686
1088003
1088465
1088938
1089352
1089720
1089986
1090193
1090432
1090658
1090906
1091184
1091451
1091743
1092003
1092260
1092537
1092810
1093084
1093324
1093630
1093981
1094309
1094593
1094711
1094682
1094484
1094163
1093806
1093399
1093015
1092619
1092171
1091651
1091040
1090379
1089717
1089165
1088708
1088368
1088195
1088111
1088094
1088123
1088242
1088490
1088808
1089135
1089324
1089394
1089527
1089708
1089985
1090319
1090557
1090783
1090954
1091060
1091213
1091338
1091421
1091460
1091388
1091286
1091212
1091096
1090987
1090934
1090835
1090765
1090751
1090702
1090730
1090795
1090826
1090870
1090850
1090791
1090692
1090571
1090469
1090353
1090286
1090234
1090199
1090194
1090173
1090130
1090015
1089848
1089639
1089413
1089270
1089196
1089156
1089163
1089235
1089327
1089456
1089675
1089939
1090234
1090544
1090844
1091142
1091458
1091753
1091937
1092040
1092195
1092350
1092421
1092543
1092649
1092714
1092823
1092841
1092807
1092775
1092774
1092825
1092818
1092780
1092760
1092718
1092639
1092577
1092522
1092505
1092551
1092520
1092464
1092414
1092199
1091870
1091440
1090931
1090525
1090186
1089860
1089615
1089459
1089354
1089310
1089369
1089524
1089772
1089988
1090062
1090068
1090081
1090127
1090169
1090169
1090140
1090121
1090073
1090001
1089948
1089853
1089769
1089650
1089454
1089336
1089176
1088947
1088801
1088644
1088553
1088541
1088441
1088390
1088356
1088218
1088117
1088083
1088156
1088315
1088404
1088404
1088341
1088227
1088125
1088113
1088159
1088177
1088176
1088151
1088163
1088262
1088375
1088580
1088904
1089246
1089677
1090188
1090728
1091339
1091968
1092564
1093147
1093687
1094179
1094700
1095162
1095454
1095659
1095749
1095688
1095608
1095543
1095482
1095434
1095288
1095002
1094657
1094175
1093587
1093099
1092639
1092213
1091904
1091570
1091287
1091168
1091038
1090890
1090798
1090618
1090435
1090314
1090126
1089970
1089739
1089323
1088881
1088425
1087956
1087515
1087048
1086500
1085909
1085337
1084844
1084489
1084272
1084134
1084060
1084062
1084155
1084373
1084745
1085253
1085830
1086472
1087241
1088088
1088809
1089391
1089886
1090316
1090773
1091117
1091258
1091205
1091033
1090924
1090876
1090820
1090720
1090624
1090497
1090373
1090360
1090355
1090397
1090492
1090590
1090769
1090977
1091217
1091499
1091817
1092150
1092427
1092688
1092822
1092826
1092795
1092649
1092476
1092294
1092023
1091707
1091416
1091185
1091028
1090915
1090748
1090536
1090305
1090096
1089978
1089912
1089867
1089856
1089857
1089846
1089937
1090087
1090191
1090334
1090488
1090682
1090909
1091104
1091287
1091405
1091468
1091481
1091509
1091582
1091653
1091735
1091812
1091899
1091946
1091956
1091961
1091974
1092017
1092028
1092029
1092021
1091999
1091973
1091986
1092134
1092355
1092624
1092896
1093027
1093072
1093089
1093053
1093090
1093213
1093381
1093576
1093705
1093759
1093677
1093473
1093227
1092919
1092566
1092209
1091880
1091626
1091532
1091575
1091673
1091809
1091933
1092012
1092034
1092007
1091944
1091838
1091692
1091431
1091034
1090587
1090110
1089638
1089202
1088719
1088173
1087612
1087049
1086567
1086198
1085894
1085712
1085621
1085661
1085917
1086200
1086542
1087015
1087409
1087804
1088292
1088731
1089188
1089652
1089958
1090175
1090264
1090233
1090271
1090295
1090326
1090380
1090384
1090471
1090568
1090607
1090715
1090910
1091098
1091239
1091390
1091497
1091555
1091605
1091606
1091629
1091685
1091745
1091878
1092052
1092238
1092408
1092491
1092494
1092401
1092188
1091915
1091642
1091374
1091147
1091019
1090958
1090986
1091063
1091075
1091092
1091174
1091368
1091701
1092059
1092438
1092894
1093450
1094069
1094706
1095351
1095930
1096426
1096847
1097272
1097673
1097953
1098167
1098222
1098111
1097852
1097374
1096800
1096086
1095263
1094497
1093651
1092813
1092128
1091526
1091070
1090680
1090295
1089953
1089561
1089219
1089010
1088861
1088794
1088784
1088738
1088644
1088534
1088446
1088458
1088554
1088599
1088546
1088381
1088123
1087866
1087661
1087512
1087377
1087233
1087099
1087100
1087305
1087636
1088077
1088522
1088916
1089370
1089909
1090557
1091316
1092125
1092958
1093736
1094393
1095003
1095555
1096088
1096662
1097156
1097604
1098005
1098273
1098477
1098565
1098453
1098157
1097713
1097176
1096570
1095931
1095238
1094506
1093829
1093190
1092571
1092002
1091480
1091017
1090634
1090353
1090217
1090168
1090193
1090328
1090483
1090668
1090887
1091106
1091327
1091572
1091851
1092094
1092258
1092265
1092118
1091873
1091541
1091162
1090718
1090217
1089646
1089027
1088467
1087918
1087477
1087271
1087161
1087152
1087252
1087331
1087401
1087546
1087779
1088066
1088447
1088882
1089299
1089682
1089981
1090193
1090349
1090492
1090636
1090704
1090707
1090721
1090714
1090714
1090709
1090660
1090667
1090701
1090698
1090686
1090652
1090611
1090595
1090658
1090905
1091249
1091559
1091866
1092058
1092113
1092099
1091987
1091857
1091714
1091535
1091346
1091149
1090999
1090898
1090840
1090858
1090945
1091083
1091256
1091499
1091752
1091993
1092282
1092597
1093019
1093541
1094041
1094471
1094846
1095135
1095300
1095371
1095279
1095071
1094845
1094624
1094445
1094219
1093977
1093707
1093323
1092886
1092341
1091747
1091156
1090556
1090106
1089803
1089660
1089719
1089884
1090141
1090332
1090414
1090532
1090602
1090673
1090769
1090844
1091085
1091519
1092078
1092693
1093251
1093654
1093875
1093993
1094082
1094273
1094517
1094732
1094947
1095127
1095307
1095393
1095347
1095272
1095161
1095041
1094918
1094794
1094694
1094574
1094506
1094521
1094523
1094527
1094434
1094163
1093811
1093327
1092803
1092372
1092014
1091775
1091569
1091327
1091079
1090826
1090650
1090593
1090613
1090643
1090622
1090660
1090723
1090751
1090839
1090900
1090931
1090944
1090885
1090781
1090660
1090560
1090445
1090314
1090141
1089903
1089619
1089352
1089161
1089001
1088887
1088776
1088612
1088394
1088105
1087776
1087478
1087268
1087183
1087252
1087408
1087582
1087796
1087982
1088081
1088154
1088246
1088407
1088647
1088994
1089462
1089943
1090427
1090924
1091332
1091629
1091809
1091858
1091850
1091806
1091790
1091833
1091865
1091899
1091889
1091750
1091459
1091052
1090600
1090168
1089760
1089318
1088934
1088556
1088145
1087837
1087602
1087465
1087462
1087505
1087505
1087495
1087546
1087665
1087929
1088320
1088737
1089162
1089583
1089982
1090347
1090769
1091351
1091976
1092568
1093095
1093490
1093765
1094012
1094157
1094101
1093994
1093888
1093928
1094210
1094531
1094842
1095085
1095130
1095064
1094985
1094837
1094662
1094503
1094330
1094203
1094033
1093696
1093260
1092820
1092505
1092372
1092323
1092298
1092208
1091892
1091357
1090721
1090087
1089597
1089298
1089154
1089076
1088952
1088721
1088401
1088067
1087832
1087756
1087800
1087972
1088170
1088329
1088528
1088707
1088839
1089013
1089248
1089480
1089712
1089965
1090148
1090249
1090311
1090394
1090534
1090671
1090805
1091022
1091283
1091499
1091669
1091743
1091730
1091701
1091680
1091685
1091649
1091550
1091398
1091203
1090963
1090709
1090506
1090279
1090041
1089847
1089674
1089645
1089736
1089804
1089903
1090040
1090193
1090415
1090689
1091000
1091362
1091757
1092118
1092349
1092432
1092431
1092462
1092497
1092385
1092097
1091644
1091179
1090800
1090380
1089939
1089534
1089177
1088863
1088632
1088533
1088542
1088745
1089041
1089351
1089714
1089979
1090192
1090449
1090773
1091259
1091764
1092203
1092650
1093017
1093341
1093592
1093644
1093645
1093749
1093891
1093903
1093854
1093723
1093433
1093298
1093332
1093436
1093710
1094018
1094287
1094553
1094729
1094827
1094891
1094883
1094904
1095080
1095338
1095555
1095670
1095609
1095352
1094957
1094463
1093951
1093433
1092911
1092447
1091991
1091583
1091236
1090848
1090474
1090094
1089674
1089315
1089038
1088863
1088809
1088853
1088985
1089161
1089368
1089672
1090093
1090555
1090981
1091341
1091644
1091937
1092154
1092313
1092572
1092834
1093049
1093163
1093109
1093075
1092923
1092684
1092568
1092481
1092493
1092499
1092361
1092213
1092119
1092044
1091955
1091895
1091908
1092006
1092155
1092311
1092408
1092449
1092450
1092366
1092268
1092190
1092088
1091953
1091788
1091620
1091436
1091204
1090941
1090623
1090266
1089933
1089582
1089235
1088911
1088607
1088375
1088167
1087947
1087712
1087518
1087442
1087435
1087453
1087515
1087566
1087556
1087494
1087394
1087254
1087064
1086949
1086952
1087015
1087136
1087237
1087304
1087447
1087696
1088043
1088506
1089043
1089555
1090006
1090446
1090834
1091204
1091607
1091940
1092242
1092516
1092705
1092876
1093092
1093269
1093356
1093482
1093633
1093808
1094058
1094280
1094434
1094442
1094329
1094167
1093913
1093672
1093489
1093296
1093128
1093038
1092929
1092702
1092341
1091755
1091083
1090481
1089863
1089274
1088781
1088404
1088186
1088102
1088106
1088200
1088339
1088531
1088823
1089069
1089217
1089311
1089311
1089308
1089435
1089685
1089982
1090316
1090615
1090833
1091048
1091272
1091531
1091822
1092150
1092562
1093050
1093583
1094085
1094494
1094728
1094813
1094833
1094793
1094755
1094681
1094561
1094378
1094100
1093788
1093463
1093133
1092838
1092626
1092432
1092239
1092066
1091922
1091824
1091746
1091757
1091800
1091878
1091985
1092019
1092014
1091977
1091964
1091959
1091947
1091898
1091721
1091509
1091324
1091199
1091211
1091356
1091582
1091842
1092022
1092107
1092193
1092213
1092233
1092293
1092272
1092205
1092099
1091986
1091904
1091845
1091815
1091780
1091688
1091506
1091315
1091129
1090940
1090817
1090715
1090624
1090558
1090481
1090389
1090326
1090261
1090128
1089986
1089839
1089677
1089592
1089568
1089561
1089556
1089461
1089342
1089226
1089055
1088951
1088850
1088702
1088621
1088539
1088485
1088501
1088519
1088522
1088466
1088370
1088178
1087925
1087687
1087443
1087294
1087132
1086971
1086889
1086719
1086519
1086310
1086109
1085984
1085901
1085863
1085894
1086077
1086378
1086748
1087117
1087447
1087868
1088293
1088653
1089036
1089404
1089778
1090183
1090538
1090819
1091067
1091325
1091682
1092169
1092681
1093081
1093300
1093305
1093117
1092811
1092390
1091963
1091592
1091277
1091103
1091022
1090942
1090801
1090591
1090330
1090103
1089953
1089841
1089806
1089797
1089752
1089652
1089526
1089367
1089208
1089152
1089140
1089159
1089095
1088968
1088845
1088596
1088396
1088293
1088229
1088283
1088379
1088485
1088579
1088667
1088783
1088950
1089149
1089312
1089497
1089667
1089839
1090059
1090267
1090509
1090730
1090950
1091226
1091513
1091754
1091881
1091932
1091993
1092139
1092348
1092616
1092912
1093152
1093384
1093557
1093631
1093648
1093630
1093598
1093536
1093520
1093543
1093516
1093488
1093442
1093331
1093164
1092898
1092609
1092374
1092166
1092054
1091982
1091931
1091959
1091993
1092038
1092055
1091980
1091819
1091626
1091498
1091367
1091220
1091091
1090949
1090884
1090903
1090914
1090917
1090938
1090979
1091004
1091030
1091087
1091160
1091282
1091439
1091564
1091636
1091715
1091838
1091923
1092015
1092137
1092220
1092336
1092487
1092631
1092725
1092727
1092690
1092612
1092514
1092368
1092150
1091934
1091688
1091428
1091193
1090978
1090782
1090559
1090343
1090137
1089915
1089722
1089560
1089440
1089339
1089234
1089093
1088923
1088752
1088539
1088291
1088051
1087818
1087623
1087486
1087438
1087484
1087550
1087659
1087830
1088031
1088308
1088624
1088973
1089415
1089879
1090290
1090628
1090915
1091110
1091209
1091339
1091483
1091659
1091893
1092129
1092344
1092488
1092588
1092648
1092724
1092854
1092959
1093118
1093278
1093384
1093494
1093447
1093296
1093121
1092901
1092807
1092752
1092659
1092602
1092492
1092349
1092248
1092199
1092138
1092027
1091959
1091770
1091601
1091387
1090757
1090511
1090408
1089923
1089765
1089586
1089355
1089433
1089492
1089443
1089468
1089658
1089814
1089999
1090098
1090012
1090085
1090256
1090465
1090756
1091001
1091229
1091500
1091677
1091701
1091714
1091708
1091649
1091732
1091800
1091728
1091811
1091857
1091790
1091890
1091910
1091769
1091650
1091394
1091048
1090802
1090557
1090264
1090032
1089834
1089553
1089338
1089213
1089048
1089016
1089010
1088979
1089097
1089176
1089239
1089395
1089461
1089541
1089759
1089973
1090211
1090462
1090631
1090823
1091083
1091286
1091426
1091565
1091557
1091453
1091403
1091297
1091272
1091341
1091377
1091517
1091591
1091583
1091593
1091610
1091658
1091632
1091701
1091770
1091830
1091953
1091917
1092004
1092152
1092295
1092620
1092849
1092983
1093100
1093146
1093158
1093171
1093210
1093157
1093023
1092842
1092544
1092149
1091692
1091282
1090941
1090652
1090415
1090147
1089940
1089774
1089635
1089714
1089890
1090093
1090377
1090658
1090944
1091159
1091334
1091504
1091586
1091732
1091985
1092268
1092553
1092814
1092997
1093118
1093234
1093212
1093184
1093237
1093198
1093180
1093101
1092943
1092871
1092753
1092590
1092403
1092207
1092062
1091859
1091668
1091475
1091241
1091121
1091049
1090968
1090835
1090599
1090394
1090171
1089925
1089766
1089553
1089324
1089103
1088763
1088534
1088444
1088370
1088309
1088071
1087680
1087349
1087270
1087461
1087692
1087887
1088089
1088346
1088666
1089068
1089489
1089775
1090005
1090173
1090269
1090409
1090561
1090821
1091152
1091446
1091731
1091841
1091857
1091852
1091747
1091691
1091653
1091621
1091677
1091736
1091771
1091804
1091794
1091796
1091873
1091926
1091985
1092100
1092205
1092342
1092445
1092473
1092497
1092477
1092460
1092473
1092457
1092459
1092529
1092673
1092874
1093114
1093350
1093534
1093714
1093969
1094233
1094425
1094541
1094607
1094650
1094655
1094609
1094499
1094367
1094183
1093878
1093525
1093128
1092705
1092287
1091901
1091633
1091403
1091209
1091087
1090956
1090892
1090875
1090865
1090933
1091007
1091076
1091182
1091297
1091440
1091696
1092087
1092444
1092653
1092706
1092584
1092456
1092532
1092825
1093080
1093077
1092992
1092883
1092840
1092992
1093163
1093285
1093269
1093135
1092977
1092743
1092493
1092270
1092073
1091865
1091662
1091517
1091347
1091156
1090931
1090638
1090427
1090237
1090010
1089848
1089679
1089489
1089316
1089096
1088796
1088459
1088094
1087795
1087694
1087717
1087821
1087938
1087986
1088047
1088078
1088009
1087916
1087822
1087829
1087992
1088089
1088129
1088172
1088148
1088229
1088382
1088491
1088630
1088740
1088861
1089057
1089233
1089358
1089437
1089465
1089401
1089286
1089188
1089085
1089047
1089011
1088955
1088997
1089036
1089072
1088979
1088845
1088683
1088289
1088238
1088396
1088578
1089036
1089224
1089154
1088832
1088391
1088565
1089072
1089380
1089551
1089618
1089513
1089551
1089834
1089999
1090218
1090516
1090745
1091106
1091371
1091466
1091570
1091502
1091346
1091159
1090898
1090880
1090928
1090811
1090770
1090685
1090539
1090526
1090477
1090347
1090197
1089961
1089746
1089626
1089550
1089588
1089721
1089897
1090218
1090590
1090924
1091312
1091679
1092018
1092375
1092639
1092822
1093044
1093234
1093424
1093652
1093774
1093864
1093921
1093877
1093767
1093616
1093491
1093402
1093339
1093209
1093044
1092934
1092812
1092806
1092899
1092940
1093017
1093075
1093074
1093076
1093054
1093013
1092991
1093003
1092984
1092929
1092862
1092795
1092755
1092682
1092593
1092465
1092268
1092047
1091780
1091507
1091250
1090985
1090739
1090536
1090376
1090225
1090100
1089980
1089781
1089536
1089338
1089248
1089214
1089225
1089307
1089429
1089640
1089900
1090185
1090525
1090806
1091006
1091168
1091268
1091331
1091385
1091419
1091422
1091402
1091398
1091421
1091418
1091394
1091373
1091335
1091275
1091229
1091223
1091274
1091402
1091575
1091784
1092058
1092341
1092618
1092894
1093110
1093284
1093374
1093403
1093424
1093349
1093251
1093127
1092970
1092881
1092776
1092690
1092603
1092481
1092378
1092249
1092132
1092005
1091857
1091754
1091642
1091547
1091472
1091366
1091276
1091126
1091005
1090935
1090795
1090693
1090581
1090513
1090521
1090500
1090528
1090561
1090584
1090626
1090641
1090722
1090843
1090887
1090956
1091032
1091049
1091098
1091132
1091103
1091082
1091119
1091203
1091284
1091336
1091317
1091280
1091236
1091127
1091056
1091027
1091017
1091048
1091079
1091185
1091321
1091402
1091495
1091551
1091587
1091660
1091725
1091806
1091900
1092019
1092160
1092275
1092336
1092337
1092332
1092294
1092176
1092029
1091905
1091799
1091712
1091659
1091592
1091511
1091396
1091207
1091004
1090788
1090561
1090317
1090030
1089802
1089640
1089484
1089395
1089319
1089185
1089093
1089019
1088917
1088794
1088649
1088499
1088334
1088187
1088001
1087787
1087624
1087497
1087417
1087372
1087338
1087248
1087126
1087030
1086940
1086911
1086977
1087115
1087315
1087574
1087865
1088203
1088652
1089239
1089804
1090249
1090697
1091067
1091338
1091557
1091660
1091787
1091945
1092072
1092179
1092175
1092133
1092067
1091935
1091788
1091593
1091438
1091351
1091299
1091306
1091345
1091465
1091618
1091771
1091969
1092154
1092317
1092476
1092602
1092687
1092749
1092761
1092774
1092845
1092922
1093003
1093106
1093231
1093332
1093392
1093418
1093380
1093301
1093223
1093156
1093081
1092992
1092827
1092570
1092317
1092041
1091761
1091530
1091375
1091324
1091370
1091516
1091657
1091797
1091937
1092036
1092188
1092345
1092569
1092908
1093250
1093659
1094006
1094153
1094224
1094221
1094189
1094189
1094142
1094053
1093906
1093695
1093514
1093315
1093102
1092926
1092747
1092592
1092460
1092332
1092173
1091978
1091765
1091561
1091421
1091300
1091225
1091191
1091093
1090978
1090857
1090711
1090614
1090510
1090412
1090337
1090180
1090049
1089902
1089707
1089581
1089440
1089271
1089077
1088928
1088865
1088814
1088869
1088974
1089030
1089097
1089187
1089315
1089475
1089670
1089950
1090310
1090708
1091065
1091401
1091742
1091989
1092158
1092238
1092193
1092105
1091992
1091837
1091650
1091452
1091297
1091204
1091174
1091130
1091010
1090914
1090807
1090744
1090789
1090815
1090854
1090890
1090951
1091111
1091253
1091373
1091450
1091440
1091454
1091470
1091439
1091368
1091220
1091079
1090992
1090905
1090856
1090889
1090938
1090974
1090983
1090981
1091007
1091003
1091010
1091068
1091165
1091346
1091582
1091829
1091971
1091990
1092015
1092029
1092076
1092211
1092415
1092663
1092837
1092910
1092824
1092625
1092395
1092045
1091706
1091441
1091152
1090878
1090618
1090394
1090224
1090048
1089905
1089783
1089670
1089580
1089491
1089467
1089521
1089668
1089886
1090108
1090332
1090544
1090760
1090980
1091199
1091432
1091656
1091837
1091973
1092065
1092097
1092121
1092166
1092263
1092429
1092615
1092810
1092980
1093142
1093306
1093478
1093632
1093728
1093825
1093889
1093964
1094079
1094111
1094098
1094091
1094124
1094111
1094093
1094069
1093787
1093604
1093496
1093307
1093169
1092842
1092675
1092546
1092208
1091918
1091530
1091164
1090812
1090502
1090267
1089974
1089781
1089662
1089544
1089433
1089305
1089188
1089121
1089055
1088941
1088853
1088851
1088938
1089098
1089214
1089200
1089175
1089140
1089092
1089092
1089049
1088977
1088904
1088784
1088659
1088573
1088500
1088448
1088472
1088503
1088510
1088564
1088651
1088776
1088921
1089048
1089190
1089297
1089357
1089412
1089451
1089502
1089581
1089688
1089788
1089869
1089945
1090007
1090109
1090201
1090205
1090272
1090356
1090404
1090491
1090468
1090405
1090347
1090286
1090092
1089692
1089679
1089779
1089520
1089225
1088895
1088610
1088446
1088370
1088194
1087864
1087797
1087892
1088034
1088274
1088366
1088454
1088717
1088976
1089267
1089565
1089704
1089848
1090097
1090362
1090663
1090915
1091102
1091288
1091380
1091445
1091559
1091678
1091824
1091982
1092116
1092222
1092356
1092490
1092554
1092607
1092647
1092667
1092709
1092724
1092734
1092797
1092841
1092866
1092910
1092946
1092993
1093033
1093016
1092990
1092956
1092806
1092658
1092592
1092441
1092300
1092190
1091990
1091796
1091609
1091447
1091374
1091344
1091325
1091408
1091648
1091894
1092144
1092423
1092620
1092778
1092908
1092979
1093030
1093043
1093073
1093100
1093036
1092945
1092829
1092681
1092563
1092492
1092474
1092450
1092396
1092289
1092162
1092033
1091863
1091749
1091682
1091623
1091575
1091496
1091470
1091479
1091477
1091497
1091502
1091559
1091657
1091706
1091733
1091711
1091691
1091703
1091712
1091769
1091798
1091800
1091807
1091769
1091753
1091726
1091707
1091774
1091871
1092004
1092157
1092277
1092339
1092355
1092365
1092352
1092331
1092348
1092363
1092394
1092474
1092516
1092500
1092470
1092395
1092256
1092052
1091770
1091380
1090879
1090388
1089934
1089509
1089205
1088988
1088819
1088661
1088480
1088281
1088072
1087942
1087913
1087963
1088126
1088346
1088568
1088830
1089118
1089413
1089727
1090019
1090286
1090537
1090763
1090983
1091166
1091309
1091433
1091551
1091679
1091792
1091927
1092032
1092046
1092084
1092106
1092101
1092085
1091988
1091857
1091680
1091495
1091312
1091099
1090895
1090727
1090665
1090617
1090554
1090531
1090505
1090474
1090413
1090373
1090388
1090436
1090541
1090676
1090817
1090974
1091141
1091267
1091344
1091406
1091410
1091362
1091362
1091334
1091203
1091100
1090980
1090836
1090788
1090739
1090732
1090798
1090824
1090893
1090982
1091064
1091217
1091378
1091551
1091696
1091771
1091809
1091774
1091702
1091675
1091743
1091888
1092070
1092231
1092310
1092388
1092480
1092589
1092772
1093017
1093282
1093485
1093686
1093881
1093989
1094068
1094082
1094100
1094213
1094348
1094455
1094425
1094254
1094011
1093685
1093292
1092891
1092528
1092232
1091983
1091714
1091419
1091109
1090804
1090521
1090231
1089994
1089806
1089621
1089470
1089326
1089196
1089120
1089136
1089226
1089350
1089513
1089641
1089695
1089735
1089805
1089943
1090150
1090360
1090533
1090744
1090960
1091204
1091567
1091951
1092339
1092700
1093017
1093322
1093569
1093824
1094053
1094205
1094322
1094412
1094481
1094491
1094421
1094276
1094056
1093768
1093470
1093205
1092963
1092703
1092390
1092054
1091710
1091376
1091060
1090764
1090509
1090299
1090116
1089983
1089940
1089896
1089861
1089846
1089820
1089866
1089831
1089771
1089917
1090057
1090149
1090313
1090539
1090884
1091244
1091485
1091700
1091908
1092069
1092188
1092232
1092246
1092257
1092287
1092368
1092380
1092356
1092354
1092312
1092264
1092202
1092109
1091940
1091713
1091486
1091261
1091108
1091007
1090927
1090830
1090682
1090508
1090286
1090038
1089792
1089586
1089403
1089211
1089032
1088806
1088616
1088453
1088259
1088161
1088137
1088112
1088071
1088048
1088048
1088066
1088140
1088269
1088454
1088686
1088992
1089300
1089559
1089836
1090040
1090179
1090312
1090404
1090543
1090750
1090982
1091272
1091573
1091862
1092157
1092424
1092637
1092770
1092831
1092865
1092893
1092931
1093012
1093123
1093225
1093329
1093471
1093578
1093642
1093739
1093730
1093663
1093626
1093509
1093437
1093402
1093341
1093338
1093297
1093182
1093051
1092915
1092853
1092829
1092711
1092522
1092299
1092035
1091821
1091649
1091471
1091315
1091136
1091021
1091002
1090987
1090963
1090865
1090692
1090472
1090281
1090131
1089994
1089919
1089875
1089909
1089970
1090029
1090154
1090228
1090319
1090461
1090516
1090558
1090622
1090669
1090766
1090930
1091140
1091387
1091556
1091660
1091749
1091766
1091782
1091800
1091816
1091865
1091889
1091899
1091908
1091967
1092079
1092158
1092230
1092295
1092308
1092288
1092261
1092241
1092232
1092232
1092221
1092196
1092188
1092181
1092186
1092220
1092206
1092166
1092138
1092135
1092239
1092299
1092265
1092231
1092192
1092191
1092120
1092007
1091939
1091857
1091783
1091705
1091642
1091571
1091495
1091393
1091215
1091027
1090798
1090643
1090639
1090655
1090699
1090721
1090600
1090360
1090016
1089637
1089298
1088965
1088692
1088524
1088414
1088418
1088547
1088645
1088719
1088850
1089027
1089339
1089711
1090043
1090390
1090662
1090870
1091089
1091264
1091394
1091454
1091454
1091405
1091264
1091040
1090798
1090601
1090435
1090364
1090441
1090583
1090761
1090948
1091074
1091104
1091123
1091205
1091305
1091480
1091753
1091940
1091960
1091951
1092015
1092115
1092213
1092226
1092084
1091849
1091491
1091131
1090923
1090751
1090596
1090437
1090264
1090177
1090139
1090181
1090276
1090241
1090148
1090042
1089965
1090022
1090118
1090209
1090253
1090248
1090232
1090235
1090307
1090383
1090444
1090463
1090464
1090550
1090711
1090931
1091147
1091314
1091487
1091635
1091721
1091786
1091820
1091812
1091831
1091901
1091991
1092114
1092191
1092178
1092133
1092021
1091883
1091734
1091569
1091452
1091351
1091281
1091201
1091051
1090881
1090724
1090606
1090473
1090323
1090177
1089976
1089844
1089802
1089794
1089855
1089897
1089961
1090119
1090232
1090264
1090276
1090254
1090255
1090298
1090303
1090245
1090130
1090005
1089926
1089906
1089943
1090035
1090120
1090224
1090361
1090373
1090262
1090052
1089717
1089423
1089249
1089171
1089201
1089268
1089318
1089296
1089203
1089105
1089027
1089049
1089123
1089235
1089456
1089739
1090054
1090352
1090598
1090789
1090946
1091019
1091011
1090975
1090714
1090406
1090270
1090152
1090261
1090538
1090626
1090439
1090125
1090097
1090376
1090781
1091247
1091590
1091791
1091882
1091994
1092273
1092590
1092835
1092938
1092940
1092918
1092883
1092886
1092853
1092776
1092710
1092640
1092631
1092651
1092664
1092638
1092522
1092439
1092423
1092437
1092498
1092535
1092536
1092526
1092498
1092450
1092379
1092284
1092135
1091952
1091770
1091558
1091351
1091214
1091172
1091168
1091124
1091005
1090782
1090483
1090136
1089805
1089512
1089218
1088966
1088772
1088688
1088702
1088701
1088671
1088630
1088593
1088648
1088827
1089075
1089342
1089565
1089699
1089772
1089830
1089830
1089754
1089616
1089432
1089301
1089217
1089177
1089241
1089340
1089461
1089570
1089662
1089884
1090203
1090538
1090848
1091058
1091233
1091376
1091473
1091588
1091730
1091926
1092166
1092377
1092468
1092430
1092306
1092087
1091872
1091697
1091495
1091372
1091320
1091251
1091170
1091016
1090817
1090596
1090328
1090084
1089855
1089652
1089477
1089279
1089129
1089036
1088931
1088859
1088820
1088728
1088629
1088548
1088463
1088443
1088449
1088459
1088460
1088456
1088596
1088793
1089020
1089318
1089466
1089386
1089212
1089137
1089280
1089591
1089947
1090171
1090208
1090151
1090017
1089982
1090148
1090310
1090405
1090390
1090252
1090086
1089906
1089740
1089527
1089269
1089065
1088885
1088753
1088682
1088605
1088536
1088510
1088502
1088513
1088581
1088676
1088825
1089028
1089214
1089400
1089571
1089735
1089882
1090012
1090186
1090331
1090410
1090457
1090495
1090561
1090620
1090689
1090780
1090845
1090934
1091041
1091161
1091335
1091505
1091692
1091932
1092165
1092370
1092585
1092781
1092893
1092954
1093010
1093058
1093086
1093136
1093191
1093200
1093212
1093196
1093074
1092887
1092696
1092459
1092215
1092050
1091895
1091716
1091555
1091441
1091343
1091269
1091273
1091270
1091275
1091331
1091343
1091359
1091396
1091426
1091480
1091500
1091528
1091567
1091578
1091609
1091638
1091681
1091739
1091750
1091722
1091696
1091669
1091624
1091564
1091480
1091373
1091245
1091142
1091115
1091083
1091039
1091045
1091052
1091121
1091273
1091407
1091574
1091777
1091954
1092104
1092244
1092405
1092564
1092687
1092761
1092808
1092886
1092956
1092980
1093022
1093071
1093055
1093046
1093100
1093169
1093257
1093319
1093352
1093387
1093360
1093361
1093422
1093461
1093517
1093546
1093521
1093455
1093296
1093082
1092845
1092604
1092350
1092073
1091799
1091464
1091118
1090816
1090513
1090261
1090076
1089879
1089697
1089581
1089506
1089458
1089406
1089370
1089352
1089321
1089309
1089311
1089384
1089499
1089601
1089711
1089787
1089863
1089895
1089915
1089973
1090020
1090116
1090220
1090346
1090544
1090773
1090994
1091175
1091390
1091610
1091796
1092024
1092263
1092511
1092812
1093127
1093415
1093690
1093972
1094217
1094394
1094511
1094618
1094710
1094723
1094750
1094739
1094637
1094539
1094335
1094042
1093783
1093492
1093190
1092952
1092679
1092378
1092157
1091904
1091602
1091303
1090973
1090666
1090362
1090074
1089827
1089574
1089334
1089124
1088963
1088869
1088849
1088860
1088854
1088878
1088924
1088959
1089013
1089073
1089108
1089163
1089311
1089536
1089811
1090152
1090456
1090667
1090879
1091067
1091245
1091488
1091730
1091876
1091988
1092117
1092221
1092316
1092397
1092440
1092416
1092364
1092313
1092155
1091908
1091640
1091316
1090996
1090713
1090385
1090034
1089745
1089491
1089277
1089058
1088804
1088598
1088434
1088353
1088350
1088373
1088431
1088491
1088541
1088568
1088594
1088597
1088621
1088743
1088865
1089003
1089178
1089368
1089573
1089802
1090092
1090396
1090697
1090992
1091272
1091535
1091792
1092072
1092337
1092589
1092818
1092991
1093122
1093202
1093243
1093305
1093336
1093299
1093277
1093197
1093092
1093035
1092933
1092785
1092591
1092379
1092173
1091973
1091753
1091545
1091339
1091045
1090810
1090599
1090371
1090238
1090050
1089807
1089589
1089366
1089154
1088966
1088791
1088630
1088524
1088492
1088545
1088753
1089065
1089359
1089685
1089981
1090200
1090454
1090684
1090917
1091183
1091435
1091697
1091850
1091928
1092012
1091997
1091917
1091819
1091713
1091660
1091627
1091559
1091504
1091483
1091435
1091388
1091379
1091353
1091327
1091359
1091402
1091457
1091541
1091660
1091839
1092014
1092141
1092243
1092300
1092325
1092336
1092284
1092195
1092081
1091906
1091718
1091524
1091310
1091066
1090817
1090599
1090435
1090326
1090261
1090266
1090261
1090252
1090301
1090342
1090418
1090570
1090720
1090855
1090985
1091072
1091169
1091303
1091396
1091422
1091396
1091363
1091308
1091264
1091268
1091289
1091308
1091289
1091293
1091307
1091312
1091338
1091316
1091323
1091387
1091467
1091613
1091793
1092004
1092244
1092439
1092648
1092910
1093205
1093509
1093760
1093992
1094191
1094328
1094380
1094415
1094452
1094369
1094322
1094258
1094070
1093933
1093750
1093523
1093306
1093048
1092827
1092635
1092444
1092281
1092142
1092027
1091923
1091834
1091775
1091712
1091622
1091495
1091350
1091191
1091002
1090847
1090679
1090448
1090220
1089987
1089763
1089581
1089427
1089307
1089164
1088991
1088893
1088884
1088927
1088983
1089017
1089047
1089082
1089147
1089188
1089184
1089190
1089168
1089168
1089230
1089290
1089400
1089529
1089617
1089745
1089872
1089991
1090139
1090249
1090324
1090380
1090446
1090524
1090590
1090640
1090678
1090711
1090698
1090698
1090752
1090787
1090816
1090851
1090868
1090840
1090776
1090727
1090702
1090708
1090695
1090704
1090754
1090794
1090892
1090964
1091029
1091134
1091151
1091217
1091324
1091376
1091495
1091600
1091660
1091751
1091842
1091925
1091996
1092029
1092020
1092037
1092113
1092190
1092251
1092270
1092242
1092188
1092069
1091947
1091847
1091709
1091589
1091502
1091436
1091464
1091531
1091555
1091556
1091512
1091427
1091372
1091356
1091335
1091327
1091311
1091268
1091226
1091203
1091233
1091280
1091345
1091414
1091423
1091434
1091499
1091568
1091645
1091726
1091741
1091730
1091695
1091642
1091635
1091561
1091394
1091228
1091048
1090843
1090680
1090470
1090197
1089963
1089723
1089517
1089358
1089220
1089099
1088909
1088701
1088529
1088359
1088235
1088180
1088116
1088049
1088019
1088022
1088072
1088123
1088174
1088201
1088207
1088259
1088369
1088539
1088707
1088871
1089024
1089186
1089391
1089544
1089677
1089846
1090016
1090181
1090360
1090506
1090633
1090769
1090822
1090825
1090830
1090865
1090954
1091070
1091182
1091262
1091341
1091443
1091499
1091500
1091568
1091646
1091689
1091776
1091833
1091872
1091898
1091840
1091754
1091656
1091572
1091532
1091489
1091476
1091526
1091597
1091702
1091800
1091905
1092047
1092132
1092164
1092128
1092085
1092111
1092106
1092133
1092209
1092265
1092331
1092385
1092453
1092508
1092504
1092476
1092410
1092391
1092465
1092476
1092469
1092514
1092528
1092554
1092544
1092480
1092448
1092368
1092261
1092181
1092059
1091912
1091738
1091585
1091483
1091409
1091401
1091383
1091321
1091239
1091106
1090935
1090727
1090494
1090269
1090060
1089904
1089848
1089900
1090038
1090242
1090468
1090704
1090930
1091084
1091205
1091355
1091548
1091827
1092163
1092443
1092624
1092713
1092725
1092705
1092692
1092700
1092742
1092777
1092774
1092812
1092869
1092898
1092925
1092876
1092787
1092705
1092550
1092399
1092265
1092123
1091996
1091841
1091699
1091565
1091413
1091195
1090969
1090836
1090726
1090708
1090744
1090739
1090717
1090645
1090590
1090575
1090576
1090587
1090588
1090603
1090602
1090636
1090742
1090848
1090991
1091162
1091302
1091435
1091581
1091743
1091926
1092133
1092308
1092432
1092499
1092476
1092415
1092372
1092345
1092274
1092165
1092042
1091892
1091762
1091617
1091442
1091280
1091180
1091161
1091117
1091048
1090946
1090839
1090820
1090751
1090600
1090448
1090324
1090320
1090382
1090445
1090544
1090596
1090602
1090622
1090588
1090558
1090602
1090718
1090893
1091022
1091102
1091121
1091158
1091289
1091414
1091569
1091693
1091750
1091824
1091871
1091947
1092066
1092192
1092338
1092460
1092608
1092750
1092857
1092993
1093114
1093233
1093278
1093272
1093312
1093263
1093174
1093062
1092834
1092625
1092452
1092283
1092137
1091962
1091781
1091604
1091463
1091420
1091410
1091371
1091310
1091236
1091155
1091151
1091188
1091190
1091227
1091266
1091327
1091424
1091519
1091636
1091701
1091698
1091681
1091623
1091524
1091400
1091247
1091080
1090944
1090840
1090735
1090612
1090451
1090264
1090057
1089860
1089765
1089773
1089868
1090050
1090256
1090438
1090612
1090768
1090892
1091009
1091108
1091224
1091338
1091398
1091436
1091402
1091332
1091286
1091177
1091040
1090878
1090695
1090565
1090423
1090342
1090256
1090268
1090354
1090215
1090332
1090491
1090461
1090463
1090227
1090399
1090854
1091097
1091325
1091402
1091705
1092133
1092496
1092900
1093100
1093286
1093542
1093734
1093872
1093888
1093768
1093657
1093584
1093441
1093294
1093107
1092807
1092598
1092420
1092127
1091869
1091579
1091319
1091196
1091065
1090982
1090927
1090834
1090842
1090934
1090981
1091052
1091112
1091068
1091093
1091130
1091147
1091303
1091440
1091489
1091510
1091401
1091265
1091268
1091296
1091299
1091238
1091019
1090779
1090602
1090498
1090506
1090548
1090605
1090732
1090874
1091058
1091319
1091556
1091759
1091960
1092140
1092283
1092436
1092529
1092503
1092504
1092459
1092407
1092356
1092212
1092104
1091894
1091685
1091507
1091203
1091006
1090835
1090644
1090532
1090398
1090360
1090428
1090439
1090423
1090370
1090280
1090291
1090311
1090353
1090538
1090709
1090850
1090964
1090983
1090949
1090900
1090839
1090777
1090734
1090674
1090649
1090674
1090680
1090672
1090676
1090724
1090800
1090923
1091080
1091196
1091311
1091445
1091566
1091678
1091777
1091840
1091862
1091819
1091725
1091658
1091602
1091549
1091491
1091390
1091306
1091289
1091319
1091351
1091308
1091114
1090916
1090808
1090749
1090776
1090805
1090789
1090725
1090661
1090635
1090599
1090599
1090577
1090526
1090464
1090349
1090264
1090266
1090327
1090376
1090346
1090284
1090306
1090346
1090340
1090339
1090319
1090348
1090525
1090754
1090933
1091116
1091351
1091578
1091733
1091911
1092170
1092422
1092608
1092663
1092655
1092672
1092691
1092718
1092735
1092712
1092632
1092546
1092465
1092317
1092168
1092009
1091827
1091736
1091633
1091499
1091421
1091307
1091199
1091093
1090930
1090793
1090665
1090532
1090392
1090255
1090144
1090031
1089934
1089778
1089550
1089340
1089165
1089034
1088928
1088866
1088841
1088814
1088759
1088697
1088709
1088769
1088923
1089132
1089287
1089376
1089319
1089237
1089237
1089252
1089340
1089509
1089680
1089822
1089958
1090091
1090244
1090429
1090602
1090801
1091000
1091132
1091193
1091239
1091308
1091363
1091383
1091414
1091446
1091405
1091387
1091351
1091259
1091188
1091047
1090920
1090830
1090716
1090606
1090503
1090451
1090357
1090205
1090033
1089826
1089662
1089540
1089461
1089428
1089427
1089437
1089415
1089431
1089536
1089687
1089842
1089942
1089980
1089977
1089970
1090026
1090119
1090237
1090369
1090411
1090389
1090390
1090428
1090540
1090702
1090813
1090896
1090961
1090934
1090911
1090967
1091068
1091198
1091302
1091350
1091351
1091304
1091204
1091063
1090865
1090612
1090374
1090162
1089949
1089706
1089427
1089133
1088897
1088734
1088625
1088624
1088645
1088680
1088753
1088813
1088910
1089075
1089267
1089416
1089556
1089765
1090053
1090355
1090625
1090890
1091129
1091324
1091490
1091614
1091663
1091684
1091651
1091545
1091469
1091388
1091362
1091418
1091467
1091515
1091536
1091566
1091622
1091739
1091937
1092121
1092309
1092468
1092589
1092689
1092722
1092755
1092758
1092733
1092751
1092760
1092763
1092768
1092730
1092623
1092464
1092264
1092033
1091811
1091594
1091385
1091212
1091068
1090910
1090692
1090456
1090259
1090128
1090090
1090136
1090282
1090459
1090607
1090754
1090824
1090798
1090765
1090699
1090655
1090700
1090702
1090677
1090702
1090753
1090823
1090880
1090914
1090927
1090979
1091044
1091049
1091018
1091008
1091071
1091263
1091586
1091762
1091704
1091668
1091737
1091930
1092219
1092456
1092654
1092731
1092664
1092711
1092799
1092883
1092925
1092761
1092625
1092525
1092392
1092355
1092289
1092202
1092165
1092075
1091969
1091874
1091751
1091689
1091621
1091500
1091443
1091361
1091251
1091183
1091095
1091029
1090956
1090858
1090805
1090773
1090713
1090596
1090455
1090342
1090214
1090080
1090002
1089961
1089989
1090040
1090032
1089986
1089856
1089696
1089582
1089533
1089586
1089679
1089787
1089924
1090041
1090158
1090338
1090499
1090636
1090797
1090879
1090929
1091016
1091079
1091099
1091070
1091002
1090892
1090815
1090846
1090929
1091019
1091066
1091071
1091055
1091046
1091083
1091111
1091169
1091243
1091225
1091207
1091205
1091165
1091140
1091094
1091043
1091045
1091024
1090988
1090931
1090786
1090645
1090502
1090317
1090185
1090082
1089962
1089873
1089806
1089722
1089713
1089767
1089720
1089734
1089812
1089851
1090019
1090241
1090434
1090501
1090463
1090545
1090656
1090726
1090769
1090779
1090797
1090872
1091033
1091174
1091249
1091254
1091178
1091109
1091089
1091106
1091143
1091190
1091216
1091241
1091273
1091282
1091332
1091392
1091454
1091539
1091552
1091504
1091470
1091468
1091503
1091557
1091569
1091549
1091512
1091474
1091490
1091517
1091566
1091601
1091568
1091593
1091635
1091673
1091764
1091777
1091759
1091767
1091729
1091751
1091804
1091836
1091903
1091911
1091866
1091799
1091742
1091795
1091869
1091874
1091880
1091915
1091987
1092025
1091914
1091691
1091452
1091232
1090993
1090760
1090591
1090443
1090298
1090093
1089828
1089638
1089508
1089405
1089318
1089174
1089101
1089083
1089137
1089247
1089263
1089521
1089732
1089704
1089953
1090400
1090807
1090931
1090976
1091234
1091501
1091736
1091848
1091771
1091715
1091812
1091874
1091818
1091686
1091532
1091502
1091496
1091469
1091409
1091309
1091308
1091306
1091315
1091369
1091410
1091525
1091648
1091795
1091902
1091885
1091920
1091914
1091866
1091883
1091790
1091590
1091376
1091125
1090866
1090666
1090514
1090350
1090198
1090031
1089875
1089781
1089702
1089685
1089678
1089629
1089610
1089575
1089546
1089566
1089610
1089707
1089822
1089939
1090082
1090259
1090504
1090729
1090926
1091114
1091203
1091380
1091519
1091614
1091874
1091918
1091928
1092166
1092359
1092400
1092347
1092469
1092806
1093022
1093012
1092869
1092622
1092567
1092754
1092868
1092870
1092761
1092673
1092664
1092599
1092508
1092423
1092333
1092218
1092005
1091703
1091396
1091146
1091006
1090977
1090967
1090887
1090772
1090670
1090563
1090519
1090530
1090507
1090490
1090448
1090415
1090445
1090469
1090521
1090555
1090544
1090543
1090503
1090446
1090399
1090374
1090409
1090474
1090561
1090662
1090774
1090904
1091016
1091168
1091409
1091670
1091905
1092079
1092184
1092219
1092218
1092216
1092190
1092202
1092212
1092164
1092100
1092014
1091909
1091817
1091780
1091725
1091596
1091468
1091327
1091162
1091042
1090897
1090753
1090681
1090515
1090429
1090525
1090554
1090508
1090343
1090147
1090071
1090030
1089966
1089789
1089542
1089411
1089371
1089405
1089517
1089618
1089712
1089742
1089766
1089870
1089952
1090053
1090174
1090257
1090332
1090347
1090336
1090421
1090554
1090786
1091048
1091175
1091300
1091372
1091394
1091506
1091646
1091806
1091955
1092119
1092257
1092284
1092307
1092340
1092375
1092484
1092651
1092798
1092920
1093034
1093110
1093199
1093332
1093483
1093641
1093773
1093848
1093859
1093817
1093708
1093558
1093434
1093306
1093162
1092992
1092764
1092512
1092211
1091902
1091655
1091437
1091222
1091059
1090919
1090746
1090604
1090436
1090254
1090149
1090073
1090033
1089996
1089947
1089932
1089890
1089877
1089934
1090004
1090073
1090126
1090179
1090235
1090302
1090398
1090523
1090650
1090779
1090903
1090966
1090996
1091017
1091016
1091007
1091011
1091029
1091077
1091183
1091267
1091332
1091343
1091360
1091550
1091746
1091861
1091859
1091714
1091571
1091426
1091364
1091379
1091357
1091406
1091508
1091570
1091590
1091563
1091472
1091316
1091080
1090808
1090638
1090470
1090270
1090190
1090119
1090047
1090031
1089935
1089827
1089783
1089727
1089687
1089628
1089564
1089549
1089518
1089480
1089398
1089260
1089172
1089138
1089117
1089113
1089140
1089182
1089294
1089472
1089608
1089718
1089829
1089973
1090124
1090248
1090408
1090554
1090719
1090923
1091076
1091204
1091300
1091401
1091520
1091634
1091781
1091910
1091999
1092097
1092169
1092214
1092275
1092313
1092348
1092398
1092421
1092403
1092343
1092242
1092094
1091931
1091810
1091727
1091673
1091648
1091619
1091588
1091540
1091528
1091581
1091585
1091587
1091604
1091636
1091684
1091720
1091794
1091807
1091800
1091806
1091802
1091817
1091810
1091830
1091712
1091483
1091348
1091278
1091244
1091150
1091079
1091006
1090872
1090833
1090829
1090854
1090906
1090923
1090988
1091088
1091192
1091369
1091590
1091763
1091893
1091969
1092052
1092214
1092345
1092432
1092476
1092441
1092389
1092358
1092375
1092432
1092457
1092420
1092322
1092210
1092108
1091958
1091792
1091678
1091615
1091591
1091622
1091699
1091790
1091891
1091938
1091897
1091841
1091768
1091656
1091561
1091431
1091257
1091087
1090910
1090762
1090608
1090422
1090246
1090095
1089969
1089885
1089864
1089864
1089922
1090043
1090162
1090346
1090516
1090640
1090833
1091014
1091165
1091298
1091338
1091362
1091375
1091370
1091409
1091390
1091379
1091385
1091301
1091238
1091172
1091087
1091016
1090897
1090753
1090623
1090563
1090583
1090637
1090722
1090793
1090838
1090915
1091029
1091187
1091358
1091516
1091602
1091583
1091570
1091578
1091636
1091705
1091721
1091745
1091687
1091629
1091600
1091555
1091639
1091666
1091722
1091870
1091955
1092120
1092185
1092192
1092231
1092194
1092289
1092453
1092607
1092760
1092876
1092943
1092976
1093069
1093138
1093151
1093104
1092964
1092812
1092657
1092483
1092298
1092116
1091894
1091650
1091469
1091279
1091065
1090911
1090773
1090659
1090608
1090541
1090456
1090349
1090205
1090060
1089890
1089713
1089579
1089515
1089504
1089507
1089505
1089501
1089469
1089354
1089212
1089109
1089083
1089078
1089077
1089135
1089192
1089325
1089532
1089679
1089747
1089788
1089892
1090069
1090258
1090294
1090216
1090184
1090274
1090533
1090770
1090967
1091029
1090925
1090943
1090994
1091063
1091097
1091023
1090998
1090926
1090934
1091024
1091071
1091074
1090933
1090809
1090742
1090736
1090724
1090667
1090691
1090608
1090574
1090624
1090620
1090630
1090565
1090534
1090468
1090320
1090226
1090157
1090135
1090118
1090156
1090252
1090330
1090472
1090597
1090665
1090769
1090852
1091048
1091263
1091459
1091660
1091515
1091611
1091981
1092377
1092869
1092707
1092536
1092384
1091911
1092053
1092285
1092396
1092461
1092079
1091858
1091885
1091758
1091612
1091423
1091185
1091145
1091170
1091153
1091114
1090881
1090651
1090572
1090410
1090254
1090361
1090570
1090680
1090681
1090488
1090235
1090173
1090278
1090457
1090566
1090568
1090566
1090531
1090480
1090434
1090313
1090241
1090279
1090324
1090449
1090564
1090529
1090486
1090482
1090478
1090509
1090589
1090719
1090860
1090973
1091072
1091151
1091195
1091212
1091189
1091153
1091186
1091278
1091384
1091508
1091606
1091588
1091492
1091389
1091295
1091279
1091313
1091344
1091406
1091470
1091490
1091463
1091369
1091238
1091141
1091079
1091062
1091047
1090988
1090989
1091012
1091018
1091055
1091022
1090952
1090929
1090900
1090875
1090865
1090837
1090753
1090626
1090509
1090405
1090335
1090280
1090216
1090150
1090039
1089919
1089828
1089757
1089765
1089853
1089942
1090057
1090172
1090217
1090267
1090290
1090303
1090428
1090628
1090883
1091190
1091556
1091923
1092232
1092514
1092733
1092941
1093156
1093337
1093482
1093530
1093533
1093503
1093358
1093133
1092883
1092747
1092788
1092814
1092730
1092467
1092027
1091646
1091433
1091386
1091432
1091383
1091203
1090934
1090608
1090315
1090125
1090015
1089918
1089860
1089801
1089641
1089444
1089319
1089314
1089421
1089597
1089770
1089859
1089845
1089799
1089713
1089557
1089471
1089479
1089511
1089556
1089533
1089480
1089454
1089409
1089377
1089421
1089523
1089625
1089783
1089946
1089996
1090004
1089957
1089832
1089700
1089629
1089651
1089721
1089799
1089935
1090179
1090401
1090532
1090622
1090674
1090753
1090881
1091088
1091371
1091618
1091752
1091718
1091616
1091513
1091473
1091628
1091837
1092030
1092143
1092092
1092002
1091908
1091907
1092028
1092115
1092118
1092064
1091958
1091783
1091629
1091535
1091458
1091424
1091409
1091397
1091376
1091352
1091411
1091550
1091680
1091775
1091883
1091999
1092143
1092370
1092600
1092772
1092882
1092976
1093081
1093113
1093084
1092990
1092858
1092762
1092674
1092600
1092562
1092540
1092505
1092499
1092533
1092585
1092707
1092836
1092906
1092971
1093021
1093040
1092968
1092862
1092848
1092875
1092933
1092945
1092883
1092834
1092735
1092533
1092326
1092259
1092257
1092215
1092180
1092157
1092127
1092029
1091839
1091612
1091416
1091269
1091141
1091072
1091049
1091070
1091107
1091051
1090953
1090843
1090777
1090809
1090860
1090927
1091011
1091040
1091004
1090962
1090872
1090728
1090579
1090390
1090195
1089995
1089800
1089597
1089403
1089253
1089059
1088815
1088575
1088440
1088421
1088490
1088658
1088814
1089017
1089319
1089613
1089921
1090182
1090368
1090543
1090761
1091083
1091350
1091514
1091647
1091649
1091654
1091794
1092004
1092265
1092481
1092587
1092565
1092347
1091920
1091458
1091183
1091181
1091461
1091831
1092085
1092157
1091951
1091573
1091218
1090971
1090922
1091037
1091127
1091176
1091193
1091113
1091007
1090908
1090857
1090810
1090719
1090648
1090564
1090529
1090570
1090623
1090644
1090640
1090592
1090538
1090548
1090555
1090600
1090651
1090701
1090812
1090931
1091124
1091314
1091415
1091486
1091506
1091514
1091546
1091590
1091664
1091765
1091845
1091843
1091795
1091765
1091765
1091754
1091716
1091653
1091598
1091713
1091973
1092230
1092457
1092596
1092648
1092626
1092592
1092659
1092815
1093098
1093411
1093552
1093560
1093499
1093416
1093359
1093345
1093377
1093454
1093567
1093607
1093554
1093379
1093059
1092793
1092638
1092566
1092588
1092511
1092331
1092203
1092121
1092070
1091979
1091880
1091804
1091737
1091756
1091773
1091789
1091831
1091835
1091825
1091797
1091792
1091786
1091725
1091648
1091556
1091483
1091433
1091343
1091212
1091066
1090895
1090737
1090647
1090612
1090628
1090660
1090608
1090478
1090334
1090215
1090156
1090175
1090179
1090134
1090146
1090121
1090056
1090034
1090011
1090090
1090270
1090478
1090688
1090788
1090783
1090730
1090650
1090531
1090380
1090298
1090268
1090215
1090119
1090004
1089955
1089947
1089934
1089940
1089963
1090005
1090109
1090254
1090326
1090331
1090280
1090203
1090240
1090293
1090294
1090324
1090325
1090334
1090340
1090279
1090223
1090159
1090095
1090070
1090050
1090004
1089972
1089937
1089880
1089883
1089849
1089819
1089867
1089895
1089960
1089996
1089976
1089996
1090036
1090130
1090242
1090368
1090546
1090681
1090776
1090896
1091045
1091175
1091289
1091405
1091438
1091480
1091625
1091801
1092014
1092219
1092332
1092364
1092340
1092268
1092159
1092027
1091893
1091764
1091667
1091631
1091580
1091503
1091452
1091415
1091494
1091716
1091935
1092091
1092159
1092166
1092168
1092154
1092150
1092136
1092032
1091877
1091728
1091600
1091538
1091494
1091392
1091207
1091013
1090823
1090583
1090366
1090177
1090020
1089931
1089873
1089860
1089845
1089794
1089727
1089639
1089579
1089554
1089559
1089589
1089569
1089540
1089501
1089419
1089374
1089372
1089380
1089369
1089354
1089334
1089329
1089334
1089370
1089496
1089617
1089780
1089983
1090211
1090472
1090641
1090823
1091038
1091264
1091498
1091669
1091887
1092109
1092285
1092490
1092634
1092674
1092679
1092628
1092552
1092498
1092421
1092365
1092323
1092296
1092306
1092288
1092262
1092169
1091994
1091806
1091618
1091447
1091291
1091217
1091168
1091109
1091082
1091026
1090972
1090853
1090701
1090590
1090484
1090480
1090524
1090517
1090491
1090456
1090420
1090377
1090337
1090337
1090415
1090493
1090485
1090458
1090398
1090333
1090378
1090456
1090586
1090783
1090911
1091001
1091028
1090994
1091030
1091063
1091093
1091171
1091252
1091342
1091388
1091350
1091224
1091086
1090988
1090889
1090808
1090686
1090544
1090437
1090341
1090305
1090261
1090206
1090260
1090372
1090535
1090720
1090857
1090963
1091021
1091070
1091132
1091248
1091475
1091678
1091821
1091937
1091974
1092003
1092077
1092119
1092087
1092037
1092016
1091998
1091955
1091873
1091726
1091512
1091293
1091104
1090959
1090873
1090785
1090698
1090633
1090554
1090523
1090514
1090460
1090396
1090295
1090182
1090092
1090028
1090073
1090142
1090183
1090219
1090171
1090124
1090132
1090169
1090202
1090206
1090198
1090103
1089999
1089914
1089781
1089692
1089610
1089529
1089494
1089480
1089541
1089590
1089630
1089761
1089874
1090002
1090152
1090287
1090446
1090542
1090636
1090768
1090884
1091022
1091124
1091155
1091155
1091137
1091053
1090950
1090882
1090740
1090603
1090491
1090307
1090145
1089998
1089853
1089700
1089521
1089373
1089228
1089125
1089061
1089002
1089011
1089068
1089156
1089274
1089364
1089436
1089529
1089619
1089674
1089732
1089836
1089980
1090184
1090393
1090566
1090772
1090980
1091198
1091423
1091627
1091812
1091949
1092123
1092331
1092553
1092728
1092834
1092941
1092942
1092926
1092963
1092972
1093013
1093030
1093019
1093025
1092995
1092953
1092918
1092892
1092880
1092838
1092751
1092629
1092478
1092317
1092172
1092035
1091901
1091787
1091618
1091420
1091240
1091015
1090806
1090664
1090528
1090361
1090164
1089975
1089797
1089614
1089500
1089459
1089426
1089447
1089534
1089637
1089739
1089863
1089988
1090082
1090220
1090350
1090449
1090568
1090642
1090653
1090603
1090518
1090455
1090427
1090446
1090549
1090660
1090720
1090764
1090734
1090692
1090683
1090649
1090657
1090747
1090883
1090997
1091079
1091133
1091149
1091182
1091226
1091270
1091362
1091455
1091499
1091528
1091548
1091545
1091565
1091631
1091671
1091617
1091505
1091405
1091322
1091261
1091225
1091179
1091141
1091137
1091106
1091065
1091036
1091007
1091005
1091032
1091111
1091167
1091192
1091294
1091384
1091415
1091449
1091454
1091441
1091405
1091315
1091196
1091048
1090914
1090797
1090721
1090661
1090594
1090599
1090609
1090605
1090563
1090493
1090483
1090470
1090507
1090628
1090761
1090923
1091100
1091261
1091408
1091546
1091699
1091847
1092013
1092216
1092378
1092494
1092581
1092598
1092557
1092515
1092518
1092526
1092493
1092409
1092310
1092212
1092094
1092010
1091894
1091757
1091678
1091605
1091551
1091480
1091365
1091227
1091138
1091090
1091019
1091005
1090954
1090856
1090799
1090745
1090688
1090585
1090478
1090373
1090259
1090183
1090076
1089948
1089834
1089706
1089560
1089414
1089334
1089281
1089242
1089282
1089339
1089432
1089582
1089745
1089988
1090218
1090382
1090510
1090605
1090742
1090830
1090922
1091029
1091058
1091134
1091179
1091207
1091312
1091394
1091478
1091546
1091521
1091486
1091488
1091507
1091565
1091603
1091627
1091723
1091819
1091916
1092066
1092158
1092210
1092298
1092345
1092402
1092490
1092490
1092456
1092457
1092477
1092481
1092402
1092273
1092113
1091932
1091808
1091694
1091570
1091483
1091423
1091369
1091280
1091197
1091135
1091097
1091132
1091208
1091343
1091473
1091530
1091594
1091656
1091690
1091771
1091893
1092011
1092165
1092245
1092273
1092339
1092287
1092289
1092386
1092405
1092454
1092472
1092441
1092407
1092356
1092374
1092426
1092494
1092574
1092648
1092702
1092719
1092775
1092853
1092937
1093037
1093117
1093207
1093276
1093304
1093323
1093294
1093223
1093148
1093074
1093028
1092996
1092930
1092818
1092645
1092460
1092282
1092099
1091960
1091813
1091671
1091549
1091400
1091267
1091111
1090944
1090842
1090771
1090765
1090806
1090814
1090835
1090913
1091026
1091146
1091216
1091252
1091339
1091440
1091552
1091695
1091778
1091843
1091922
1091967
1091993
1092014
1091992
1091922
1091873
1091832
1091784
1091724
1091623
1091538
1091470
1091377
1091242
1091071
1090944
1090860
1090774
1090723
1090680
1090636
1090597
1090541
1090490
1090431
1090359
1090275
1090206
1090135
1090065
1090054
1090084
1090110
1090102
1090111
1090128
1090146
1090214
1090333
1090508
1090682
1090887
1091120
1091272
1091393
1091507
1091599
1091745
1091863
1091884
1091867
1091796
1091740
1091728
1091661
1091527
1091375
1091275
1091272
1091282
1091273
1091280
1091243
1091199
1091178
1091145
1091152
1091190
1091220
1091264
1091326
1091373
1091336
1091223
1091131
1091072
1091026
1091035
1091050
1091019
1090978
1090925
1090863
1090826
1090824
1090794
1090742
1090741
1090744
1090750
1090758
1090733
1090689
1090644
1090649
1090653
1090670
1090714
1090686
1090662
1090681
1090682
1090697
1090751
1090771
1090777
1090818
1090802
1090755
1090734
1090718
1090714
1090703
1090689
1090664
1090636
1090573
1090473
1090371
1090231
1090150
1090083
1089952
1089898
1089829
1089734
1089709
1089693
1089728
1089792
1089853
1089952
1090036
1090078
1090100
1090088
1090029
1090002
1089999
1089974
1089990
1090006
1090030
1090080
1090088
1090085
1090126
1090189
1090229
1090322
1090411
1090463
1090533
1090532
1090526
1090512
1090460
1090443
1090421
1090408
1090429
1090415
1090372
1090387
1090434
1090498
1090575
1090630
1090687
1090694
1090651
1090596
1090506
1090436
1090400
1090392
1090423
1090427
1090418
1090379
1090281
1090216
1090204
1090294
1090468
1090634
1090786
1090878
1090915
1090886
1090820
1090792
1090725
1090668
1090634
1090559
1090495
1090384
1090259
1090136
1090012
1089974
1089912
1089833
1089765
1089649
1089595
1089527
1089492
1089495
1089342
1089247
1089128
1088998
1089035
1089003
1089026
1089056
1088945
1088860
1088803
1088840
1088940
1089023
1089165
1089315
1089371
1089399
1089484
1089581
1089724
1089934
1090062
1090159
1090282
1090421
1090636
1090865
1091070
1091235
1091400
1091571
1091724
1091881
1092005
1092141
1092272
1092360
1092407
1092412
1092415
1092384
1092292
1092171
1092065
1091939
1091846
1091823
1091749
1091700
1091665
1091563
1091500
1091473
1091472
1091502
1091502
1091515
1091539
1091573
1091631
1091639
1091627
1091608
1091576
1091571
1091593
1091646
1091675
1091667
1091676
1091662
1091617
1091589
1091577
1091541
1091499
1091451
1091319
1091177
1091067
1090945
1090834
1090736
1090624
1090547
1090501
1090399
1090347
1090313
1090241
1090261
1090292
1090332
1090407
1090428
1090460
1090520
1090553
1090593
1090642
1090664
1090689
1090702
1090720
1090793
1090886
1090989
1091122
1091260
1091358
1091463
1091582
1091646
1091733
1091828
1091907
1092022
1092154
1092302
1092415
1092515
1092605
1092655
1092709
1092747
1092793
1092787
1092714
1092641
1092535
1092430
1092330
1092222
1092135
1092049
1091975
1091929
1091843
1091737
1091607
1091421
1091287
1091211
1091165
1091134
1091045
1090931
1090803
1090683
1090599
1090530
1090524
1090508
1090466
1090461
1090423
1090423
1090465
1090487
1090512
1090479
1090425
1090412
1090417
1090417
1090423
1090419
1090351
1090288
1090252
1090222
1090201
1090142
1090075
1090008
1089927
1089916
1089912
1089813
1089693
1089617
1089594
1089599
1089603
1089636
1089699
1089735
1089746
1089763
1089804
1089850
1089858
1089864
1089902
1089957
1089985
1090010
1090073
1090125
1090221
1090390
1090479
1090494
1090574
1090666
1090771
1090921
1091029
1091139
1091249
1091261
1091270
1091349
1091450
1091583
1091708
1091804
1091871
1091911
1091982
1092063
1092110
1092148
1092186
1092198
1092189
1092199
1092219
1092230
1092251
1092256
1092242
1092187
1092151
1092185
1092179
1092212
1092267
1092291
1092361
1092394
1092453
1092543
1092572
1092611
1092675
1092784
1092919
1093061
1093233
1093343
1093357
1093345
1093361
1093363
1093325
1093302
1093268
1093254
1093272
1093215
1093169
1093170
1093142
1093134
1093103
1093026
1092989
1092944
1092885
1092825
1092698
1092570
1092421
1092205
1091996
1091770
1091544
1091338
1091143
1090980
1090824
1090652
1090451
1090239
1090040
1089885
1089777
1089698
1089666
1089661
1089675
1089711
1089716
1089726
1089783
1089804
1089817
1089852
1089865
1089943
1090054
1090155
1090284
1090393
1090508
1090643
1090800
1090938
1091047
1091187
1091308
1091412
1091483
1091539
1091587
1091625
1091698
1091736
1091803
1091830
1091767
1091767
1091703
1091569
1091444
1091269
1091112
1090927
1090715
1090599
1090491
1090407
1090399
1090375
1090360
1090300
1090153
1090037
1089986
1089959
1089893
1089866
1089903
1089955
1090003
1090000
1090090
1090247
1090373
1090532
1090661
1090720
1090768
1090861
1091017
1091182
1091309
1091406
1091460
1091519
1091534
1091533
1091585
1091580
1091616
1091708
1091814
1091976
1092118
1092242
1092360
1092451
1092506
1092573
1092623
1092624
1092657
1092682
1092722
1092736
1092649
1092610
1092554
1092402
1092289
1092179
1092047
1091912
1091758
1091633
1091522
1091407
1091332
1091258
1091193
1091204
1091258
1091313
1091367
1091433
1091529
1091658
1091783
1091878
1091938
1091962
1091999
1092078
1092159
1092225
1092329
1092458
1092577
1092677
1092676
1092617
1092561
1092464
1092399
1092387
1092312
1092262
1092284
1092251
1092199
1092142
1092027
1091937
1091871
1091756
1091631
1091496
1091397
1091368
1091323
1091286
1091169
1090925
1090660
1090368
1090148
1089998
1089782
1089568
1089399
1089269
1089164
1089046
1088934
1088848
1088810
1088795
1088834
1088931
1089036
1089176
1089294
1089410
1089564
1089746
1089977
1090175
1090325
1090495
1090690
1090864
1090988
1091092
1091165
1091199
1091288
1091423
1091501
1091554
1091590
1091532
1091449
1091436
1091449
1091518
1091599
1091651
1091717
1091697
1091677
1091651
1091552
1091531
1091478
1091398
1091406
1091357
1091281
1091242
1091216
1091198
1091132
1091077
1091045
1091002
1091002
1091015
1091047
1091082
1091117
1091182
1091210
1091277
1091357
1091436
1091559
1091589
1091665
1091836
1091939
1092063
1092172
1092205
1092252
1092250
1092231
1092266
1092301
1092406
1092522
1092558
1092580
1092576
1092545
1092530
1092552
1092590
1092609
1092605
1092572
1092521
1092434
1092291
1092130
1091989
1091852
1091701
1091561
1091444
1091349
1091267
1091171
1091053
1090901
1090739
1090623
1090559
1090521
1090486
1090387
1090252
1090150
1090082
1090066
1090064
1090083
1090155
1090260
1090373
1090477
1090589
1090670
1090739
1090851
1090955
1091059
1091159
1091255
1091379
1091502
1091628
1091741
1091803
1091854
1091905
1091914
1091932
1091989
1092043
1092104
1092128
1092171
1092252
1092261
1092287
1092323
1092299
1092305
1092306
1092297
1092293
1092228
1092142
1092071
1092026
1091986
1091874
1091762
1091694
1091615
1091559
1091489
1091402
1091355
1091282
1091207
1091169
1091090
1091003
1090958
1090883
1090819
1090823
1090768
1090653
1090497
1090313
1090234
1090205
1090205
1090254
1090265
1090284
1090323
1090344
1090367
1090399
1090466
1090525
1090542
1090535
1090520
1090530
1090594
1090688
1090761
1090825
1090881
1090929
1090994
1091061
1091151
1091279
1091395
1091512
1091670
1091803
1091867
1091946
1092067
1092180
1092290
1092387
1092432
1092438
1092446
1092469
1092483
1092478
1092456
1092453
1092429
1092383
1092319
1092179
1092029
1091915
1091866
1091906
1091949
1091895
1091796
1091765
1091762
1091812
1091896
1091908
1091880
1091840
1091787
1091749
1091693
1091620
1091583
1091524
1091447
1091398
1091309
1091215
1091120
1090970
1090843
1090739
1090654
1090617
1090575
1090540
1090530
1090505
1090489
1090469
1090410
1090401
1090414
1090390
1090401
1090413
1090399
1090401
1090388
1090351
1090302
1090235
1090215
1090233
1090220
1090227
1090219
1090234
1090340
1090423
1090498
1090588
1090644
1090692
1090750
1090810
1090876
1090946
1090980
1091048
1091184
1091257
1091296
1091369
1091386
1091392
1091419
1091394
1091395
1091420
1091398
1091382
1091374
1091385
1091408
1091380
1091381
1091376
1091277
1091145
1091014
1090942
1090894
1090848
1090804
1090752
1090780
1090807
1090768
1090715
1090664
1090673
1090736
1090787
1090827
1090847
1090818
1090800
1090828
1090880
1090932
1090949
1090931
1090905
1090911
1090934
1090932
1090958
1091010
1091043
1091087
1091113
1091105
1091073
1091067
1091120
1091126
1091091
1091052
1090975
1090919
1090867
1090778
1090691
1090598
1090513
1090438
1090379
1090355
1090268
1090121
1089978
1089855
1089794
1089717
1089617
1089559
1089492
1089422
1089378
1089359
1089348
1089362
1089421
1089461
1089494
1089536
1089557
1089597
1089643
1089681
1089743
1089800
1089849
1089912
1089959
1089995
1090036
1090083
1090131
1090194
1090315
1090417
1090494
1090556
1090565
1090648
1090756
1090829
1090907
1090918
1090923
1090904
1090836
1090824
1090770
1090684
1090623
1090541
1090484
1090424
1090358
1090293
1090208
1090146
1090088
1090074
1090089
1090087
1090136
1090170
1090189
1090264
1090313
1090342
1090392
1090424
1090420
1090431
1090481
1090511
1090540
1090584
1090620
1090653
1090678
1090706
1090772
1090924
1091078
1091194
1091323
1091400
1091478
1091587
1091640
1091693
1091712
1091673
1091668
1091630
1091624
1091667
1091675
1091738
1091775
1091766
1091780
1091727
1091616
1091507
1091381
1091267
1091147
1091009
1090931
1090861
1090787
1090711
1090608
1090558
1090493
1090420
1090410
1090385
1090311
1090244
1090196
1090038
1089911
1089952
1089927
1089899
1089918
1089961
1090027
1090042
1090177
1090191
1090098
1090262
1090480
1090650
1090733
1090870
1091101
1091200
1091326
1091436
1091527
1091726
1091860
1091952
1092047
1092122
1092205
1092269
1092277
1092200
1092188
1092260
1092283
1092324
1092390
1092441
1092495
1092512
1092507
1092489
1092468
1092460
1092426
1092376
1092288
1092199
1092068
1091873
1091737
1091602
1091478
1091364
1091218
1091091
1090995
1090884
1090754
1090681
1090589
1090492
1090441
1090368
1090363
1090443
1090578
1090745
1090842
1090880
1090979
1091180
1091409
1091617
1091696
1091619
1091603
1091649
1091762
1092029
1092221
1092305
1092407
1092458
1092476
1092440
1092319
1092178
1092039
1092025
1092068
1092090
1092166
1092154
1092098
1092036
1091940
1091936
1091984
1092029
1092054
1092031
1091969
1091918
1091870
1091818
1091827
1091843
1091849
1091862
1091885
1091916
1091955
1092032
1092045
1092025
1092014
1091964
1091899
1091759
1091587
1091444
1091345
1091237
1091128
1091119
1091073
1090979
1090869
1090726
1090624
1090537
1090456
1090335
1090205
1090173
1090224
1090324
1090376
1090334
1090204
1090011
1089888
1089863
1089923
1090034
1090126
1090245
1090375
1090455
1090486
1090482
1090468
1090475
1090529
1090658
1090838
1091004
1091149
1091250
1091345
1091496
1091689
1091879
1091969
1091950
1091908
1091862
1091793
1091779
1091773
1091697
1091627
1091525
1091375
1091225
1091102
1091016
1090947
1090899
1090856
1090804
1090732
1090697
1090705
1090698
1090708
1090678
1090647
1090683
1090698
1090692
1090642
1090542
1090448
1090408
1090500
1090615
1090637
1090567
1090361
1090115
1089942
1089880
1089944
1090037
1090097
1090113
1090099
1090082
1090087
1090111
1090121
1090161
1090248
1090377
1090527
1090643
1090748
1090859
1090991
1091099
1091174
1091262
1091264
1091221
1091190
1091176
1091222
1091244
1091280
1091336
1091330
1091294
1091143
1090974
1090904
1090847
1090884
1090948
1090977
1091062
1091136
1091215
1091288
1091325
1091403
1091491
1091552
1091612
1091668
1091694
1091681
1091632
1091584
1091579
1091550
1091452
1091332
1091187
1090991
1090786
1090703
1090743
1090837
1090925
1090858
1090680
1090498
1090387
1090417
1090537
1090777
1091008
1091123
1091243
1091300
1091325
1091355
1091346
1091382
1091456
1091597
1091732
1091759
1091753
1091717
1091680
1091663
1091697
1091775
1091845
1091902
1091862
1091665
1091393
1091176
1091074
1091105
1091236
1091319
1091290
1091215
1091088
1090962
1090885
1090742
1090590
1090495
1090379
1090288
1090218
1090087
1089944
1089871
1089858
1089881
1089921
1089876
1089765
1089722
1089754
1089866
1090015
1090166
1090373
1090561
1090661
1090740
1090838
1090950
1091141
1091413
1091712
1092023
1092216
1092282
1092307
1092321
1092366
1092408
1092482
1092568
1092588
1092578
1092508
1092405
1092297
1092136
1091945
1091753
1091542
1091342
1091192
1091073
1090971
1090908
1090875
1090806
1090720
1090650
1090590
1090530
1090472
1090440
1090381
1090335
1090349
1090315
1090223
1090133
1090033
1089935
1089892
1089884
1089839
1089762
1089701
1089684
1089689
1089721
1089796
1089866
1089914
1089958
1090063
1090208
1090366
1090545
1090698
1090808
1090793
1090777
1090866
1090970
1091071
1091075
1090954
1090805
1090709
1090753
1090946
1091090
1091075
1090974
1090755
1090539
1090458
1090417
1090431
1090399
1090288
1090249
1090242
1090232
1090210
1090137
1090045
1090023
1090067
1090095
1090093
1090060
1090071
1090095
1090111
1090199
1090284
1090356
1090452
1090541
1090610
1090642
1090652
1090668
1090745
1090891
1090978
1090997
1091045
1091082
1091077
1091092
1091100
1091052
1091025
1091043
1091048
1091036
1091059
1091120
1091166
1091186
1091192
1091220
1091274
1091376
1091494
1091504
1091379
1091155
1090941
1090845
1090923
1091092
1091232
1091327
1091270
1091141
1091065
1090993
1090983
1091014
1091021
1091016
1090987
1090970
1090969
1090920
1090836
1090797
1090786
1090836
1090946
1091022
1091110
1091194
1091215
1091232
1091265
1091255
1091220
1091197
1091198
1091243
1091259
1091263
1091251
1091146
1091036
1090927
1090797
1090712
1090652
1090616
1090593
1090531
1090455
1090399
1090345
1090273
1090252
1090315
1090364
1090376
1090387
1090373
1090375
1090376
1090329
1090340
1090448
1090640
1090881
1091054
1091158
1091155
1091062
1091038
1091088
1091186
1091333
1091493
1091594
1091588
1091534
1091472
1091477
1091577
1091702
1091818
1091879
1091901
1091957
1092025
1092080
1092101
1092095
1092099
1092109
1092147
1092190
1092186
1092120
1092015
1091916
1091836
1091790
1091771
1091705
1091586
1091506
1091456
1091427
1091459
1091534
1091612
1091616
1091567
1091500
1091509
1091615
1091721
1091873
1091971
1092039
1092095
1092040
1092058
1092058
1092045
1092097
1092069
1092106
1092122
1092008
1091884
1091704
1091514
1091420
1091433
1091556
1091727
1091809
1091785
1091683
1091507
1091355
1091241
1091123
1091087
1091148
1091159
1091121
1091051
1090904
1090784
1090742
1090795
1090897
1090989
1091024
1090903
1090744
1090625
1090531
1090515
1090532
1090574
1090564
1090460
1090349
1090213
1090122
1090089
1090056
1090071
1090090
1090116
1090143
1090144
1090146
1090139
1090179
1090242
1090267
1090306
1090378
1090460
1090578
1090670
1090705
1090774
1090891
1091048
1091176
1091251
1091260
1091209
1091187
1091137
1091056
1090995
1091004
1091146
1091294
1091308
1091173
1090960
1090807
1090794
1090892
1091028
1091082
1091026
1090961
1090954
1091036
1091154
1091237
1091303
1091382
1091467
1091522
1091545
1091540
1091537
1091556
1091580
1091614
1091606
1091588
1091648
1091696
1091710
1091747
1091742
1091709
1091660
1091574
1091484
1091400
1091375
1091407
1091459
1091528
1091584
1091604
1091570
1091518
1091480
1091414
1091363
1091343
1091275
1091244
1091223
1091200
1091289
1091357
1091346
1091276
1091103
1090888
1090805
1090846
1090934
1091101
1091152
1091099
1091013
1090875
1090856
1090849
1090825
1090821
1090737
1090690
1090756
1090820
1090795
1090748
1090711
1090699
1090758
1090803
1090809
1090768
1090746
1090834
1090942
1091041
1091110
1091111
1091119
1091147
1091170
1091223
1091276
1091304
1091370
1091482
1091586
1091671
1091752
1091806
1091814
1091765
1091730
1091718
1091653
1091589
1091515
1091435
1091397
1091383
1091423
1091499
1091550
1091564
1091565
1091566
1091580
1091615
1091619
1091596
1091550
1091505
1091500
1091491
1091505
1091537
1091535
1091505
1091470
1091432
1091335
1091228
1091129
1091027
1090995
1090947
1090877
1090850
1090820
1090800
1090803
1090828
1090870
1090927
1090976
1091006
1091057
1091085
1091090
1091123
1091141
1091157
1091186
1091198
1091234
1091261
1091222
1091210
1091215
1091213
1091278
1091320
1091308
1091274
1091216
1091254
1091372
1091513
1091698
1091826
1091872
1091849
1091746
1091660
1091643
1091678
1091785
1091882
1091910
1091945
1091945
1091898
1091866
1091891
1091994
1092071
1092122
1092151
1092115
1092070
1092019
1091966
1091909
1091863
1091848
1091836
1091842
1091843
1091827
1091794
1091729
1091627
1091513
1091435
1091375
1091341
1091353
1091391
1091428
1091467
1091513
1091528
1091542
1091517
1091492
1091532
1091544
1091578
1091575
1091509
1091498
1091470
1091499
1091581
1091582
1091552
1091499
1091371
1091183
1091041
1090958
1090922
1090963
1090999
1091006
1090982
1090928
1090919
1090922
1090920
1090968
1091002
1091018
1091027
1091023
1091069
1091094
1091074
1091080
1091085
1091081
1091084
1091092
1091103
1091119
1091132
1091126
1091123
1091101
1091031
1090954
1090896
1090866
1090842
1090826
1090818
1090774
1090753
1090745
1090717
1090716
1090714
1090736
1090760
1090738
1090736
1090710
1090642
1090615
1090648
1090690
1090693
1090661
1090518
1090337
1090207
1090085
1090060
1090110
1090195
1090322
1090427
1090512
1090528
1090498
1090489
1090496
1090571
1090673
1090792
1090943
1091070
1091229
1091387
1091496
1091598
1091657
1091699
1091775
1091839
1091872
1091907
1091926
1091932
1091976
1092035
1092077
1092104
1092069
1092014
1091994
1091989
1092037
1092065
1092026
1091962
1091835
1091669
1091536
1091404
1091251
1091154
1091064
1090939
1090839
1090732
1090583
1090448
1090381
1090342
1090315
1090287
1090266
1090314
1090409
1090462
1090460
1090475
1090506
1090534
1090547
1090543
1090541
1090540
1090520
1090476
1090474
1090475
1090485
1090486
1090402
1090321
1090286
1090329
1090445
1090554
1090607
1090595
1090551
1090490
1090460
1090453
1090462
1090494
1090498
1090524
1090542
1090523
1090495
1090398
1090315
1090271
1090247
1090271
1090275
1090268
1090225
1090178
1090148
1090037
1089965
1089981
1090008
1090051
1090038
1089958
1089884
1089826
1089780
1089758
1089752
1089755
1089766
1089771
1089858
1089982
1090048
1090123
1090170
1090198
1090272
1090343
1090358
1090378
1090425
1090448
1090495
1090533
1090577
1090685
1090771
1090872
1090950
1090942
1090953
1090939
1090932
1090949
1090926
1091007
1091129
1091200
1091319
1091401
1091438
1091505
1091517
1091491
1091485
1091478
1091510
1091567
1091587
1091575
1091545
1091489
1091443
1091430
1091416
1091410
1091393
1091344
1091280
1091232
1091186
1091129
1091110
1091093
1091108
1091184
1091274
1091384
1091479
1091543
1091571
1091593
1091634
1091653
1091684
1091682
1091607
1091554
1091521
1091477
1091423
1091375
1091341
1091294
1091270
1091254
1091199
1091153
1091129
1091090
1091086
1091117
1091160
1091214
1091235
1091277
1091342
1091446
1091616
1091746
1091857
1091959
1092041
1092152
1092244
1092305
1092352
1092371
1092410
1092488
1092597
1092698
1092733
1092700
1092622
1092552
1092524
1092546
1092567
1092533
1092460
1092373
1092258
1092098
1091985
1091888
1091741
1091645
1091585
1091564
1091589
1091578
1091526
1091444
1091357
1091271
1091234
1091234
1091198
1091159
1091086
1091035
1091001
1090887
1090810
1090804
1090838
1090903
1090950
1090994
1091046
1091081
1091085
1091133
1091183
1091195
1091259
1091310
1091325
1091378
1091439
1091457
1091440
1091403
1091343
1091293
1091273
1091245
1091198
1091151
1091101
1091034
1090963
1090926
1090925
1090965
1090996
1091002
1091042
1091056
1091081
1091166
1091226
1091287
1091358
1091407
1091447
1091440
1091431
1091471
1091495
1091534
1091584
1091556
1091542
1091571
1091579
1091626
1091695
1091733
1091765
1091769
1091760
1091762
1091726
1091667
1091605
1091536
1091502
1091525
1091535
1091510
1091499
1091455
1091378
1091336
1091319
1091307
1091286
1091220
1091104
1091017
1090977
1090949
1090950
1090954
1090933
1090911
1090886
1090843
1090818
1090779
1090737
1090737
1090729
1090739
1090738
1090696
1090665
1090673
1090719
1090707
1090679
1090688
1090663
1090652
1090685
1090751
1090840
1090920
1090975
1091029
1091096
1091158
1091228
1091301
1091346
1091353
1091359
1091366
1091400
1091487
1091519
1091579
1091674
1091707
1091787
1091844
1091861
1091889
1091861
1091813
1091826
1091882
1091938
1092020
1092071
1092102
1092122
1092113
1092116
1092049
1091978
1091895
1091723
1091592
1091465
1091325
1091226
1091084
1090891
1090717
1090576
1090448
1090378
1090365
1090335
1090281
1090217
1090167
1090116
1090058
1090017
1089982
1089975
1090004
1090056
1090102
1090148
1090185
1090221
1090306
1090400
1090510
1090635
1090733
1090808
1090864
1090908
1090915
1090919
1090941
1090925
1090885
1090811
1090700
1090630
1090583
1090575
1090611
1090587
1090561
1090548
1090534
1090596
1090650
1090662
1090629
1090555
1090505
1090484
1090543
1090651
1090722
1090800
1090909
1091026
1091109
1091139
1091130
1091074
1091015
1091041
1091138
1091229
1091301
1091339
1091376
1091427
1091462
1091539
1091630
1091680
1091649
1091545
1091476
1091441
1091451
1091489
1091486
1091432
1091341
1091284
1091269
1091287
1091326
1091328
1091293
1091230
1091195
1091197
1091168
1091137
1091122
1091050
1090942
1090888
1090829
1090745
1090721
1090682
1090609
1090523
1090425
1090373
1090332
1090326
1090366
1090414
1090477
1090533
1090558
1090552
1090576
1090562
1090519
1090531
1090527
1090546
1090579
1090568
1090564
1090522
1090464
1090408
1090300
1090239
1090207
1090195
1090251
1090278
1090253
1090236
1090232
1090191
1090167
1090201
1090221
1090276
1090393
1090480
1090518
1090542
1090553
1090555
1090561
1090596
1090626
1090635
1090661
1090644
1090605
1090580
1090516
1090461
1090426
1090383
1090342
1090329
1090346
1090360
1090395
1090442
1090471
1090494
1090549
1090623
1090679
1090750
1090816
1090839
1090857
1090875
1090861
1090826
1090763
1090669
1090573
1090462
1090367
1090265
1090166
1090142
1090120
1090110
1090102
1090053
1090021
1089962
1089911
1089874
1089843
1089913
1089991
1090035
1090102
1090138
1090144
1090155
1090152
1090133
1090126
1090127
1090123
1090136
1090179
1090223
1090228
1090204
1090220
1090254
1090285
1090378
1090497
1090594
1090665
1090692
1090724
1090848
1091009
1091136
1091255
1091340
1091413
1091513
1091665
1091852
1091948
1091985
1091981
1091905
1091897
1091930
1091952
1092018
1092067
1092075
1092045
1092020
1091971
1091875
1091805
1091743
1091667
1091590
1091550
1091508
1091427
1091367
1091314
1091249
1091199
1091145
1091062
1090987
1090906
1090843
1090860
1090871
1090894
1090970
1091054
1091138
1091163
1091182
1091238
1091255
1091281
1091361
1091425
1091484
1091563
1091646
1091803
1091947
1092025
1092111
1092119
1092108
1092164
1092254
1092401
1092513
1092595
1092702
1092738
1092777
1092842
1092849
1092858
1092861
1092852
1092814
1092715
1092581
1092405
1092224
1092077
1091957
1091861
1091806
1091753
1091699
1091683
1091639
1091587
1091522
1091436
1091326
1091161
1091002
1090845
1090754
1090714
1090662
1090655
1090604
1090514
1090407
1090283
1090217
1090163
1090141
1090152
1090120
1090088
1090080
1090087
1090083
1090046
1090014
1090010
1090044
1090101
1090164
1090223
1090293
1090380
1090472
1090561
1090612
1090655
1090722
1090775
1090805
1090879
1090978
1091014
1091022
1091013
1091027
1091090
1091146
1091190
1091203
1091210
1091237
1091203
1091105
1091023
1090944
1090883
1090862
1090840
1090766
1090664
1090597
1090502
1090398
1090338
1090252
1090175
1090176
1090205
1090240
1090304
1090366
1090366
1090358
1090371
1090371
1090435
1090532
1090625
1090689
1090726
1090811
1090853
1090910
1091039
1091152
1091292
1091452
1091591
1091695
1091729
1091734
1091769
1091862
1091976
1092032
1092099
1092199
1092247
1092307
1092356
1092347
1092367
1092359
1092360
1092410
1092393
1092381
1092387
1092332
1092312
1092320
1092268
1092212
1092098
1091881
1091761
1091691
1091588
1091539
1091457
1091332
1091202
1091040
1090937
1090909
1090931
1091044
1091181
1091289
1091361
1091385
1091420
1091470
1091545
1091656
1091707
1091721
1091763
1091813
1091887
1091937
1091906
1091850
1091794
1091788
1091846
1091880
1091849
1091762
1091641
1091580
1091629
1091696
1091707
1091670
1091594
1091486
1091388
1091271
1091101
1090929
1090803
1090739
1090692
1090632
1090594
1090509
1090391
1090313
1090225
1090194
1090169
1090074
1090038
1089978
1089917
1089968
1089980
1090027
1090171
1090295
1090421
1090520
1090575
1090640
1090736
1090870
1091014
1091138
1091243
1091371
1091480
1091548
1091578
1091577
1091614
1091666
1091716
1091733
1091737
1091760
1091729
1091681
1091653
1091662
1091707
1091740
1091753
1091729
1091670
1091597
1091568
1091585
1091564
1091536
1091518
1091510
1091590
1091682
1091709
1091730
1091755
1091795
1091858
1091902
1091940
1091938
1091904
1091944
1092021
1092135
1092281
1092389
1092445
1092455
1092479
1092512
1092555
1092600
1092639
1092708
1092729
1092708
1092679
1092603
1092547
1092539
1092513
1092483
1092470
1092424
1092351
1092244
1092100
1091956
1091798
1091636
1091490
1091365
1091270
1091195
1091111
1090951
1090770
1090593
1090400
1090213
1089999
1089805
1089638
1089487
1089356
1089217
1089099
1089000
1088930
1088906
1088908
1088912
1088950
1089025
1089134
1089244
1089341
1089492
1089585
1089689
1089841
1089927
1090048
1090154
1090225
1090276
1090284
1090308
1090300
1090323
1090410
1090488
1090602
1090720
1090751
1090754
1090754
1090725
1090810
1090979
1091077
1091180
1091251
1091247
1091259
1091243
1091203
1091203
1091161
1091110
1091082
1090967
1090840
1090728
1090578
1090450
1090353
1090274
1090243
1090250
1090237
1090243
1090259
1090251
1090302
1090384
1090479
1090618
1090731
1090846
1090974
1091071
1091213
1091359
1091456
1091532
1091578
1091619
1091625
1091611
1091592
1091594
1091645
1091669
1091698
1091685
1091636
1091624
1091593
1091578
1091593
1091635
1091687
1091729
1091764
1091804
1091880
1091927
1091978
1092040
1092064
1092088
1092056
1091964
1091851
1091700
1091567
1091474
1091358
1091258
1091207
1091082
1090958
1090901
1090799
1090781
1090794
1090726
1090757
1090769
1090748
1090794
1090762
1090724
1090721
1090699
1090691
1090700
1090731
1090735
1090729
1090724
1090698
1090662
1090589
1090528
1090530
1090514
1090522
1090619
1090657
1090670
1090731
1090724
1090766
1090864
1090921
1091035
1091134
1091189
1091257
1091322
1091395
1091453
1091509
1091567
1091591
1091542
1091465
1091431
1091377
1091334
1091281
1091187
1091145
1091073
1090972
1090926
1090864
1090786
1090725
1090627
1090471
1090379
1090370
1090341
1090308
1090258
1090228
1090263
1090327
1090393
1090435
1090490
1090498
1090486
1090484
1090472
1090540
1090630
1090733
1090858
1090896
1090875
1090875
1090908
1090984
1091100
1091168
1091182
1091213
1091235
1091288
1091407
1091505
1091585
1091665
1091731
1091832
1091954
1092057
1092125
1092149
1092162
1092184
1092217
1092260
1092258
1092237
1092268
1092275
1092259
1092235
1092161
1092077
1091994
1091949
1091897
1091782
1091704
1091634
1091545
1091500
1091471
1091451
1091420
1091393
1091409
1091410
1091427
1091460
1091471
1091505
1091485
1091417
1091389
1091341
1091295
1091284
1091253
1091230
1091258
1091276
1091247
1091203
1091119
1091029
1091003
1091027
1091091
1091146
1091142
1091104
1091011
1090889
1090824
1090787
1090774
1090781
1090764
1090772
1090789
1090801
1090848
1090881
1090881
1090862
1090838
1090844
1090866
1090901
1090889
1090856
1090851
1090818
1090852
1090932
1090976
1091023
1091009
1090933
1090874
1090876
1090885
1090874
1090893
1090868
1090784
1090720
1090632
1090558
1090539
1090527
1090576
1090611
1090566
1090477
1090340
1090194
1090079
1090003
1089962
1089980
1090039
1090127
1090214
1090243
1090276
1090298
1090331
1090448
1090577
1090665
1090685
1090704
1090760
1090827
1090902
1090892
1090842
1090869
1090919
1090924
1090943
1090937
1090860
1090847
1090849
1090840
1090841
1090746
1090657
1090604
1090512
1090480
1090511
1090526
1090514
1090482
1090432
1090383
1090393
1090459
1090551
1090644
1090714
1090773
1090845
1090942
1091017
1091067
1091138
1091209
1091309
1091434
1091548
1091638
1091672
1091677
1091622
1091568
1091615
1091654
1091697
1091738
1091733
1091739
1091758
1091783
1091770
1091736
1091723
1091696
1091720
1091764
1091828
1091894
1091824
1091853
1091978
1092094
1092267
1092222
1092091
1092039
1091972
1091974
1091961
1091995
1092041
1092004
1092016
1091964
1091896
1091925
1091893
1091848
1091836
1091756
1091679
1091644
1091572
1091484
1091403
1091296
1091214
1091165
1091079
1090999
1090918
1090840
1090830
1090776
1090661
1090561
1090474
1090426
1090398
1090373
1090381
1090434
1090485
1090510
1090504
1090482
1090539
1090645
1090772
1090924
1091031
1091103
1091171
1091214
1091259
1091371
1091470
1091545
1091644
1091695
1091748
1091790
1091775
1091806
1091817
1091784
1091810
1091835
1091817
1091791
1091747
1091705
1091649
1091578
1091532
1091467
1091375
1091312
1091254
1091158
1091062
1090976
1090888
1090851
1090823
1090775
1090748
1090699
1090616
1090511
1090400
1090294
1090210
1090173
1090139
1090103
1090081
1090058
1090046
1090045
1090055
1090063
1090059
1090090
1090162
1090246
1090322
1090376
1090414
1090445
1090486
1090511
1090528
1090531
1090521
1090577
1090610
1090662
1090762
1090761
1090792
1090852
1090871
1090945
1091003
1090994
1090963
1090976
1091006
1091035
1091083
1091085
1091057
1090997
1090922
1090875
1090816
1090727
1090646
1090593
1090534
1090482
1090440
1090393
1090371
1090393
1090434
1090451
1090479
1090508
1090498
1090499
1090501
1090508
1090564
1090609
1090625
1090662
1090676
1090703
1090752
1090749
1090756
1090749
1090741
1090820
1090880
1090891
1090901
1090904
1090936
1090985
1091018
1091006
1090968
1090974
1090998
1090997
1090971
1090961
1091011
1091044
1091058
1091098
1091077
1091062
1091103
1091103
1091091
1091067
1091087
1091173
1091240
1091351
1091465
1091544
1091616
1091623
1091602
1091613
1091603
1091575
1091564
1091554
1091565
1091600
1091605
1091590
1091577
1091540
1091536
1091536
1091501
1091524
1091539
1091537
1091582
1091613
1091625
1091604
1091553
1091493
1091423
1091376
1091344
1091351
1091395
1091413
1091426
1091396
1091321
1091272
1091195
1091115
1091041
1090955
1090942
1090923
1090887
1090877
1090813
1090778
1090772
1090708
1090696
1090681
1090613
1090649
1090736
1090840
1090928
1090906
1090902
1090898
1090912
1090977
1090981
1090994
1091059
1091131
1091168
1091157
1091154
1091163
1091178
1091248
1091306
1091317
1091294
1091203
1091165
1091199
1091237
1091317
1091402
1091449
1091467
1091480
1091516
1091554
1091570
1091601
1091651
1091713
1091777
1091845
1091891
1091882
1091863
1091830
1091831
1091840
1091800
1091808
1091800
1091755
1091768
1091748
1091720
1091726
1091710
1091775
1091831
1091832
1091855
1091832
1091849
1091889
1091910
1091931
1091924
1091959
1091995
1092023
1092043
1092004
1091976
1091945
1091932
1091962
1091943
1091881
1091816
1091759
1091725
1091737
1091771
1091761
1091703
1091604
1091529
1091478
1091391
1091282
1091173
1091099
1091076
1091062
1091028
1090957
1090870
1090782
1090683
1090613
1090590
1090550
1090496
1090504
1090494
1090458
1090479
1090498
1090504
1090510
1090530
1090536
1090548
1090634
1090716
1090811
1090895
1090918
1090958
1090961
1090922
1090911
1090907
1090916
1090910
1090890
1090897
1090882
1090837
1090823
1090805
1090739
1090698
1090694
1090683
1090700
1090762
1090824
1090840
1090864
1090922
1090984
1090980
1090932
1090901
1090807
1090733
1090708
1090660
1090632
1090588
1090540
1090521
1090485
1090430
1090414
1090469
1090579
1090693
1090813
1090915
1090981
1091039
1091047
1091080
1091155
1091213
1091314
1091402
1091475
1091565
1091608
1091631
1091614
1091568
1091553
1091529
1091508
1091488
1091451
1091441
1091410
1091354
1091284
1091189
1091130
1091070
1091018
1090979
1090902
1090855
1090797
1090773
1090817
1090866
1090933
1090963
1090961
1090934
1090859
1090784
1090744
1090725
1090731
1090797
1090850
1090896
1090966
1091027
1091091
1091144
1091181
1091183
1091208
1091254
1091229
1091197
1091209
1091277
1091310
1091232
1091093
1091020
1091106
1091250
1091446
1091574
1091596
1091656
1091656
1091627
1091597
1091551
1091544
1091541
1091559
1091598
1091621
1091569
1091452
1091331
1091217
1091146
1091126
1091104
1091087
1091068
1091015
1090992
1090952
1090922
1090928
1090883
1090884
1090889
1090861
1090889
1090915
1090943
1090982
1090970
1090952
1090949
1090910
1090887
1090943
1091027
1091083
1091133
1091195
1091264
1091304
1091298
1091313
1091308
1091284
1091338
1091441
1091556
1091639
1091641
1091592
1091560
1091553
1091548
1091575
1091591
1091621
1091731
1091811
1091886
1091939
1091887
1091838
1091765
1091692
1091698
1091719
1091733
1091762
1091828
1091828
1091756
1091729
1091741
1091812
1091804
1091692
1091673
1091839
1092059
1091900
1091578
1091465
1091342
1091363
1091431
1091344
1091422
1091496
1091410
1091383
1091319
1091258
1091200
1091067
1090973
1090880
1090901
1091040
1091086
1091062
1090959
1090802
1090685
1090669
1090752
1090850
1090975
1091044
1091066
1091122
1091150
1091308
1091511
1091644
1091788
1091863
1091948
1092066
1092121
1092098
1092035
1091962
1091891
1091880
1091922
1091970
1091982
1091991
1091945
1091819
1091710
1091660
1091677
1091726
1091778
1091721
1091648
1091632
1091544
1091489
1091406
1091265
1091207
1091219
1091307
1091232
1090921
1090703
1090614
1090739
1090948
1090984
1091015
1090881
1090795
1090933
1090951
1091068
1091220
1091306
1091481
1091517
1091469
1091465
1091499
1091592
1091672
1091744
1091790
1091773
1091737
1091708
1091719
1091759
1091816
1091872
1091829
1091742
1091674
1091635
1091700
1091806
1091918
1091976
1091922
1091818
1091675
1091592
1091523
1091379
1091234
1091106
1091049
1091046
1091067
1091121
1091146
1091105
1091018
1090964
1090889
1090801
1090762
1090717
1090768
1090824
1090780
1090750
1090748
1090925
1091102
1090916
1090642
1090608
1090904
1091228
1090979
1090418
1090247
1090571
1091053
1091177
1090902
1090738
1090866
1091179
1091326
1091000
1090630
1090503
1090578
1090910
1091136
1091101
1090953
1090789
1090805
1090859
1090834
1090809
1090754
1090701
1090743
1090871
1090993
1091059
1090984
1090864
1090840
1090863
1090962
1091116
1091207
1091204
1091216
1091207
1091107
1091029
1090930
1090850
1090886
1090918
1090943
1090995
1090999
1091031
1091079
1091063
1091087
1091093
1091135
1091244
1091260
1091287
1091312
1091256
1091263
1091331
1091335
1091315
1091287
1091292
1091448
1091592
1091679
1091633
1091332
1091093
1090915
1090774
1090839
1090875
1090879
1090959
1090980
1090995
1091002
1090948
1090886
1090805
1090776
1090852
1090927
1091041
1091157
1091108
1091011
1090941
1090940
1091042
1091024
1090985
1090956
1090954
1091179
1091301
1091239
1091124
1090919
1090922
1091111
1091190
1091156
1091069
1091012
1090995
1090904
1090830
1090815
1090753
1090702
1090627
1090520
1090579
1090713
1090783
1090822
1090733
1090615
1090623
1090684
1090765
1090836
1090921
1091034
1091090
1091059
1090996
1091006
1091120
1091234
1091205
1091082
1090967
1090858
1090832
1090811
1090724
1090712
1090762
1090873
1090936
1090838
1090736
1090618
1090453
1090370
1090362
1090393
1090476
1090507
1090472
1090437
1090376
1090367
1090406
1090440
1090491
1090487
1090500
1090572
1090613
1090638
1090626
1090590
1090580
1090596
1090643
1090711
1090791
1090787
1090728
1090670
1090596
1090593
1090608
1090585
1090612
1090720
1090873
1090986
1090964
1090955
1091064
1091123
1091130
1091155
1091107
1090906
1090754
1090737
1090722
1090770
1090813
1090787
1090689
1090554
1090531
1090586
1090669
1090745
1090811
1090767
1090571
1090400
1090280
1090309
1090413
1090465
1090569
1090606
1090608
1090613
1090497
1090327
1090146
1090043
1090022
1090009
1090043
1090087
1090141
1090158
1090110
1090140
1090228
1090318
1090388
1090369
1090349
1090392
1090493
1090654
1090795
1090893
1090982
1091032
1091045
1091103
1091174
1091211
1091252
1091310
1091379
1091435
1091412
1091367
1091359
1091343
1091386
1091458
1091543
1091692
1091769
1091704
1091532
1091341
1091278
1091359
1091482
1091627
1091694
1091620
1091518
1091364
1091276
1091292
1091267
1091309
1091415
1091492
1091547
1091575
1091562
1091575
1091609
1091588
1091665
1091807
1091879
1091940
1091866
1091716
1091660
1091587
1091581
1091645
1091609
1091602
1091582
1091523
1091610
1091765
1091914
1091998
1091880
1091685
1091611
1091642
1091685
1091614
1091386
1091185
1091102
1091083
1091107
1091121
1091101
1091155
1091242
1091279
1091318
1091273
1091224
1091266
1091301
1091338
1091307
1091182
1091035
1090977
1091057
1091131
1091155
1091081
1090931
1090861
1090897
1091042
1091214
1091241
1091211
1091178
1091110
1091097
1091075
1091084
1091157
1091212
1091329
1091506
1091671
1091775
1091806
1091726
1091574
1091469
1091389
1091360
1091363
1091365
1091335
1091243
1091207
1091216
1091232
1091315
1091440
1091548
1091614
1091572
1091439
1091354
1091341
1091350
1091321
1091272
1091254
1091233
1091245
1091283
1091285
1091257
1091219
1091175
1091111
1091099
1091188
1091249
1091179
1091094
1091121
1091157
1091156
1091209
1091259
1091309
1091344
1091253
1091165
1091160
1091216
1091293
1091215
1091078
1091057
1091055
1090981
1090857
1090805
1090852
1090886
1090856
1090816
1090856
1090918
1090950
1090909
1090774
1090716
1090724
1090705
1090739
1090807
1090826
1090839
1090846
1090813
1090765
1090670
1090539
1090446
1090420
1090435
1090470
1090536
1090571
1090545
1090488
1090419
1090367
1090297
1090195
1090120
1090103
1090128
1090150
1090142
1090107
1090109
1090141
1090132
1090097
1090019
1089938
1089874
1089806
1089796
1089811
1089834
1089885
1089920
1089882
1089861
1089882
1089846
1089912
1090007
1090041
1090145
1090226
1090317
1090470
1090633
1090756
1090811
1090847
1090897
1090980
1091057
1091158
1091271
1091335
1091346
1091266
1091218
1091209
1091161
1091181
1091227
1091210
1091202
1091197
1091124
1091064
1091002
1090862
1090784
1090750
1090680
1090651
1090625
1090581
1090569
1090535
1090536
1090609
1090662
1090757
1090859
1090886
1090905
1090904
1090895
1090892
1090871
1090837
1090776
1090743
1090742
1090748
1090836
1090943
1091002
1091049
1091046
1090962
1090839
1090774
1090797
1090835
1090810
1090780
1090829
1090834
1090783
1090790
1090812
1090884
1091002
1091053
1091082
1091110
1091118
1091125
1091127
1091135
1091194
1091308
1091397
1091422
1091387
1091353
1091325
1091252
1091185
1091186
1091281
1091368
1091405
1091444
1091463
1091484
1091482
1091500
1091520
1091468
1091415
1091331
1091285
1091295
1091299
1091374
1091449
1091506
1091552
1091525
1091518
1091506
1091441
1091407
1091338
1091265
1091287
1091284
1091276
1091297
1091255
1091212
1091209
1091221
1091272
1091320
1091337
1091350
1091367
1091421
1091488
1091503
1091507
1091516
1091513
1091544
1091620
1091664
1091672
1091715
1091746
1091726
1091721
1091727
1091701
1091695
1091673
1091631
1091626
1091594
1091568
1091548
1091546
1091586
1091585
1091576
1091525
1091434
1091414
1091465
1091550
1091645
1091751
1091852
1091899
1091903
1091898
1091877
1091838
1091836
1091859
1091855
1091835
1091794
1091756
1091746
1091753
1091789
1091830
1091837
1091743
1091609
1091530
1091475
1091452
1091484
1091524
1091494
1091459
1091465
1091440
1091434
1091456
1091498
1091612
1091740
1091846
1091887
1091841
1091780
1091695
1091625
1091607
1091597
1091577
1091518
1091430
1091294
1091190
1091141
1091082
1091090
1091060
1091004
1091013
1090978
1090920
1090800
1090702
1090733
1090742
1090749
1090757
1090717
1090701
1090613
1090487
1090436
1090319
1090209
1090142
1089994
1089898
1089805
1089697
1089674
1089619
1089593
1089614
1089617
1089635
1089662
1089742
1089812
1089839
1089889
1089926
1090010
1090160
1090235
1090248
1090260
1090274
1090305
1090336
1090425
1090544
1090624
1090745
1090827
1090828
1090851
1090827
1090735
1090649
1090608
1090608
1090612
1090623
1090626
1090590
1090535
1090504
1090485
1090465
1090449
1090426
1090409
1090454
1090528
1090585
1090607
1090538
1090474
1090432
1090456
1090569
1090647
1090785
1090866
1090857
1090871
1090819
1090835
1090889
1090879
1090909
1090895
1090867
1090942
1091003
1091036
1091077
1091087
1091114
1091131
1091113
1091117
1091113
1091078
1091054
1091016
1090969
1090954
1090923
1090852
1090777
1090725
1090721
1090756
1090751
1090702
1090628
1090503
1090417
1090374
1090325
1090326
1090316
1090292
1090302
1090288
1090306
1090350
1090352
1090356
1090370
1090392
1090493
1090599
1090705
1090831
1090826
1090839
1090895
1090929
1091006
1091049
1091083
1091071
1091061
1091078
1091120
1091199
1091225
1091302
1091234
1091235
1091435
1091425
1091556
1091604
1091398
1091317
1091273
1091343
1091408
1091466
1091524
1091524
1091546
1091535
1091551
1091560
1091581
1091597
1091588
1091586
1091583
1091677
1091712
1091725
1091834
1091865
1091924
1092014
1091991
1091997
1092013
1091993
1092066
1092166
1092198
1092272
1092326
1092285
1092341
1092405
1092410
1092497
1092565
1092589
1092633
1092626
1092565
1092555
1092539
1092509
1092496
1092409
1092373
1092346
1092241
1092168
1092071
1091954
1091851
1091717
1091615
1091599
1091598
1091612
1091622
1091569
1091517
1091465
1091409
1091361
1091318
1091310
1091290
1091272
1091256
1091199
1091157
1091066
1090919
1090787
1090691
1090638
1090585
1090576
1090576
1090570
1090595
1090591
1090601
1090597
1090579
1090614
1090653
1090708
1090809
1090872
1090905
1090972
1091007
1091052
1091131
1091187
1091209
1091193
1091141
1091032
1090999
1091030
1090994
1090983
1090963
1090900
1090866
1090797
1090710
1090651
1090618
1090640
1090633
1090597
1090603
1090621
1090687
1090795
1090839
1090745
1090650
1090650
1090658
1090754
1090850
1090798
1090688
1090619
1090635
1090685
1090737
1090755
1090741
1090720
1090680
1090655
1090652
1090701
1090773
1090833
1090907
1090980
1091041
1091117
1091209
1091223
1091190
1091243
1091264
1091228
1091277
1091332
1091379
1091437
1091444
1091436
1091370
1091237
1091104
1091009
1090972
1090974
1090980
1090953
1090895
1090852
1090832
1090835
1090826
1090750
1090693
1090644
1090575
1090592
1090634
1090618
1090611
1090611
1090538
1090480
1090493
1090483
1090467
1090460
1090427
1090398
1090388
1090388
1090421
1090456
1090463
1090469
1090468
1090464
1090454
1090447
1090487
1090513
1090547
1090615
1090629
1090679
1090734
1090741
1090776
1090725
1090677
1090687
1090658
1090614
1090523
1090474
1090440
1090399
1090465
1090486
1090464
1090477
1090436
1090400
1090402
1090384
1090364
1090369
1090343
1090306
1090323
1090332
1090343
1090348
1090320
1090315
1090298
1090293
1090340
1090358
1090380
1090389
1090357
1090390
1090438
1090425
1090422
1090417
1090381
1090406
1090457
1090461
1090501
1090534
1090498
1090471
1090438
1090399
1090425
1090466
1090512
1090604
1090707
1090799
1090886
1090946
1090979
1091039
1091083
1091118
1091165
1091161
1091170
1091147
1091086
1091052
1091023
1091066
1091131
1091157
1091154
1091098
1091027
1090982
1090959
1090930
1090886
1090873
1090902
1090950
1091026
1091074
1091093
1091106
1091106
1091147
1091192
1091184
1091152
1091143
1091140
1091185
1091295
1091347
1091355
1091365
1091370
1091390
1091482
1091627
1091731
1091753
1091614
1091458
1091407
1091424
1091546
1091611
1091586
1091596
1091632
1091708
1091772
1091787
1091830
1091947
1092048
1092113
1092151
1092109
1092054
1092006
1091955
1091945
1091957
1091998
1092051
1092033
1091994
1091967
1091907
1091890
1091874
1091805
1091805
1091805
1091772
1091798
1091785
1091762
1091808
1091826
1091833
1091870
1091865
1091826
1091810
1091802
1091811
1091833
1091825
1091861
1091904
1091885
1091883
1091867
1091830
1091838
1091851
1091834
1091827
1091832
1091830
1091817
1091770
1091745
1091757
1091777
1091847
1091953
1092033
1092094
1092103
1092011
1091896
1091785
1091672
1091626
1091650
1091645
1091568
1091474
1091382
1091376
1091402
1091328
1091257
1091189
1091112
1091028
1090925
1090915
1090972
1091059
1091138
1091134
1091102
1091089
1091101
1091103
1091109
1091127
1091097
1091110
1091171
1091172
1091201
1091209
1091194
1091206
1091129
1091024
1090927
1090855
1090885
1090951
1090981
1090984
1090960
1090887
1090878
1090912
1090878
1090895
1090928
1090899
1090891
1090839
1090779
1090801
1090848
1090948
1091078
1091170
1091266
1091338
1091344
1091354
1091368
1091375
1091406
1091418
1091431
1091494
1091561
1091615
1091689
1091791
1091886
1091973
1092060
1092072
1092033
1092021
1091994
1091957
1091945
1091915
1091883
1091855
1091826
1091820
1091788
1091727
1091690
1091673
1091700
1091685
1091572
1091448
1091297
1091168
1091058
1090996
1091027
1091016
1091070
1091127
1091102
1091095
1090988
1090914
1090873
1090865
1091003
1091075
1091118
1091115
1091079
1091128
1091113
1091044
1090935
1090874
1090929
1090982
1091014
1090947
1090853
1090864
1090874
1090807
1090820
1090911
1090950
1090989
1091020
1091021
1091035
1091126
1091257
1091394
1091470
1091405
1091357
1091284
1091240
1091301
1091302
1091284
1091201
1091063
1091032
1091065
1091095
1091067
1090967
1090886
1090870
1090870
1090823
1090745
1090667
1090645
1090712
1090750
1090747
1090779
1090797
1090832
1090922
1090998
1091049
1091075
1091088
1091101
1091091
1091081
1091064
1091035
1091032
1090996
1090903
1090809
1090726
1090684
1090667
1090710
1090829
1090928
1091008
1091055
1091054
1091048
1091073
1091124
1091198
1091314
1091458
1091639
1091777
1091835
1091839
1091801
1091795
1091861
1091949
1092022
1092113
1092132
1092098
1092059
1091951
1091864
1091829
1091836
1091860
1091853
1091899
1092018
1092138
1092256
1092315
1092267
1092191
1092105
1092021
1092036
1092128
1092209
1092251
1092243
1092158
1091957
1091746
1091643
1091649
1091717
1091748
1091742
1091669
1091524
1091423
1091383
1091341
1091326
1091388
1091453
1091482
1091459
1091375
1091275
1091206
1091192
1091213
1091287
1091357
1091370
1091329
1091235
1091146
1091079
1091070
1091106
1091134
1091118
1091070
1091046
1090993
1090928
1090908
1090879
1090874
1090888
1090892
1090943
1091008
1091110
1091236
1091267
1091256
1091220
1091131
1091078
1091032
1090973
1090929
1090861
1090802
1090742
1090704
1090680
1090637
1090639
1090647
1090649
1090639
1090635
1090650
1090655
1090687
1090704
1090712
1090773
1090834
1090839
1090816
1090759
1090733
1090777
1090849
1090982
1091099
1091209
1091293
1091294
1091296
1091256
1091207
1091210
1091259
1091317
1091361
1091426
1091455
1091443
1091464
1091508
1091516
1091528
1091574
1091674
1091795
1091878
1091910
1091862
1091800
1091761
1091753
1091771
1091794
1091794
1091725
1091642
1091550
1091392
1091252
1091139
1090973
1090833
1090706
1090581
1090508
1090406
1090281
1090218
1090170
1090119
1090092
1089994
1089884
1089829
1089828
1089856
1089816
1089756
1089729
1089733
1089731
1089725
1089761
1089821
1089903
1089949
1089974
1090027
1090094
1090155
1090164
1090131
1090119
1090136
1090173
1090232
1090265
1090305
1090360
1090391
1090435
1090484
1090536
1090575
1090570
1090553
1090519
1090454
1090392
1090298
1090199
1090113
1090014
1089966
1089920
1089845
1089759
1089702
1089690
1089696
1089737
1089747
1089730
1089684
1089612
1089605
1089605
1089625
1089687
1089673
1089674
1089715
1089729
1089774
1089846
1089907
1089945
1090014
1090092
1090187
1090316
1090416
1090511
1090576
1090625
1090728
1090820
1090938
1091094
1091151
1091148
1091136
1091133
1091195
1091288
1091344
1091380
1091453
1091492
1091539
1091616
1091620
1091655
1091751
1091819
1091840
1091823
1091750
1091642
1091566
1091503
1091453
1091398
1091344
1091352
1091379
1091409
1091428
1091405
1091408
1091419
1091384
1091365
1091332
1091302
1091376
1091444
1091491
1091534
1091511
1091494
1091473
1091483
1091537
1091559
1091568
1091532
1091448
1091355
1091328
1091329
1091291
1091264
1091181
1091088
1091006
1090907
1090875
1090839
1090816
1090839
1090853
1090916
1091010
1091091
1091172
1091225
1091247
1091245
1091207
1091142
1091055
1090979
1090939
1090968
1091037
1091075
1091096
1091040
1090959
1090943
1090969
1091085
1091214
1091318
1091432
1091476
1091510
1091590
1091660
1091692
1091702
1091738
1091818
1091947
1092123
1092269
1092344
1092378
1092359
1092346
1092326
1092316
1092368
1092370
1092367
1092382
1092313
1092232
1092189
1092101
1091994
1091935
1091879
1091858
1091842
1091731
1091598
1091478
1091369
1091348
1091363
1091329
1091281
1091186
1091041
1090943
1090853
1090778
1090771
1090712
1090648
1090644
1090571
1090561
1090647
1090689
1090756
1090852
1090882
1090881
1090922
1090931
1090978
1091097
1091203
1091353
1091508
1091612
1091702
1091733
1091771
1091860
1091890
1091940
1092049
1092104
1092173
1092275
1092298
1092310
1092351
1092326
1092275
1092242
1092160
1092099
1092051
1091951
1091915
1091864
1091773
1091722
1091643
1091635
1091661
1091628
1091600
1091541
1091438
1091360
1091343
1091267
1091223
1091206
1091092
1091055
1091029
1090990
1091004
1090922
1090854
1090802
1090672
1090632
1090615
1090546
1090550
1090586
1090604
1090669
1090695
1090650
1090637
1090585
1090546
1090575
1090569
1090590
1090632
1090635
1090703
1090760
1090731
1090742
1090727
1090659
1090647
1090618
1090596
1090663
1090731
1090762
1090754
1090711
1090676
1090667
1090705
1090760
1090757
1090739
1090815
1090868
1090846
1090857
1090818
1090730
1090691
1090646
1090595
1090628
1090686
1090724
1090751
1090727
1090704
1090722
1090758
1090783
1090792
1090744
1090679
1090640
1090588
1090547
1090498
1090466
1090511
1090613
1090743
1090893
1091068
1091201
1091236
1091218
1091200
1091172
1091142
1091127
1091089
1091104
1091169
1091228
1091348
1091436
1091420
1091370
1091283
1091221
1091258
1091340
1091447
1091597
1091707
1091752
1091737
1091654
1091539
1091417
1091344
1091278
1091254
1091324
1091403
1091506
1091549
1091516
1091490
1091410
1091343
1091355
1091327
1091306
1091384
1091424
1091463
1091548
1091505
1091419
1091351
1091190
1091091
1091067
1091019
1091091
1091161
1091115
1091076
1090950
1090787
1090791
1090772
1090703
1090815
1090931
1091033
1091194
1091210
1091164
1091124
1091001
1090943
1090985
1090977
1090967
1090934
1090831
1090815
1090851
1090875
1090998
1091163
1091272
1091349
1091371
1091316
1091246
1091132
1090956
1090865
1090840
1090804
1090871
1090987
1091075
1091148
1091138
1091121
1091103
1090988
1090880
1090802
1090736
1090755
1090815
1090885
1090970
1090973
1090941
1090941
1090904
1090912
1090987
1090993
1090996
1091012
1090936
1090865
1090820
1090761
1090764
1090784
1090805
1090871
1090908
1090910
1090912
1090898
1090903
1090912
1090826
1090718
1090665
1090582
1090571
1090654
1090636
1090601
1090618
1090565
1090560
1090675
1090774
1090913
1091045
1091033
1090910
1090672
1090426
1090287
1090228
1090289
1090450
1090597
1090737
1090863
1090920
1090932
1090876
1090770
1090689
1090615
1090559
1090556
1090608
1090685
1090746
1090793
1090764
1090709
1090687
1090626
1090538
1090453
1090437
1090477
1090507
1090558
1090565
1090509
1090518
1090547
1090546
1090600
1090651
1090705
1090810
1090890
1090950
1090995
1091014
1091029
1091022
1090979
1090957
1090954
1090972
1091029
1091050
1091073
1091132
1091131
1091092
1091085
1091082
1091075
1091055
1091016
1090995
1090992
1091011
1091009
1090909
1090778
1090689
1090572
1090477
1090519
1090579
1090641
1090756
1090790
1090771
1090750
1090654
1090551
1090459
1090395
1090426
1090487
1090577
1090691
1090760
1090789
1090854
1090932
1090935
1090910
1090829
1090736
1090736
1090722
1090723
1090796
1090867
1090932
1090966
1090962
1090960
1090955
1090973
1091005
1091010
1091006
1090978
1090892
1090835
1090835
1090835
1090889
1091021
1091171
1091286
1091344
1091359
1091327
1091226
1091147
1091126
1091104
1091104
1091091
1091064
1091070
1091065
1091073
1091113
1091137
1091128
1091087
1091063
1091052
1091029
1091059
1091093
1091113
1091193
1091281
1091368
1091474
1091555
1091608
1091643
1091680
1091733
1091820
1091910
1091955
1091992
1092019
1092027
1091992
1091976
1092044
1092106
1092153
1092152
1092089
1092007
1091940
1091893
1091796
1091700
1091695
1091766
1091813
1091805
1091786
1091778
1091763
1091659
1091502
1091361
1091256
1091109
1090968
1091009
1091083
1091127
1091103
1091014
1090990
1090892
1090759
1090694
1090642
1090618
1090622
1090666
1090741
1090809
1090819
1090792
1090786
1090810
1090874
1090914
1090958
1091040
1091085
1091150
1091243
1091339
1091434
1091466
1091472
1091487
1091495
1091523
1091565
1091593
1091614
1091623
1091632
1091640
1091614
1091597
1091561
1091509
1091479
1091415
1091384
1091395
1091391
1091403
1091402
1091381
1091313
1091182
1091054
1090930
1090836
1090784
1090765
1090744
1090714
1090766
1090831
1090914
1091000
1091004
1091039
1091039
1090973
1090976
1090976
1090947
1090936
1090892
1090871
1090889
1090902
1090951
1090992
1090954
1090885
1090789
1090667
1090584
1090509
1090432
1090375
1090324
1090350
1090456
1090587
1090729
1090842
1090892
1090861
1090814
1090807
1090840
1090931
1090974
1090986
1091036
1091061
1091085
1091096
1091069
1091050
1091018
1090957
1090880
1090803
1090795
1090831
1090855
1090836
1090809
1090859
1090933
1091005
1091035
1091029
1091065
1091057
1091010
1090973
1090886
1090807
1090762
1090728
1090792
1090885
1090885
1090795
1090668
1090536
1090457
1090458
1090464
1090479
1090471
1090423
1090427
1090451
1090453
1090480
1090517
1090515
1090524
1090568
1090625
1090707
1090774
1090801
1090843
1090906
1090986
1091061
1091104
1091144
1091190
1091273
1091375
1091448
1091481
1091446
1091398
1091389
1091421
1091505
1091576
1091599
1091643
1091658
1091680
1091743
1091779
1091819
1091798
1091725
1091668
1091594
1091555
1091530
1091444
1091368
1091325
1091303
1091315
1091297
1091256
1091158
1091006
1090903
1090826
1090797
1090860
1090974
1091068
1091098
1091108
1091109
1091099
1091123
1091127
1091154
1091273
1091369
1091505
1091657
1091705
1091739
1091770
1091783
1091816
1091855
1091867
1091827
1091779
1091766
1091787
1091844
1091915
1091913
1091815
1091732
1091725
1091724
1091692
1091661
1091583
1091471
1091390
1091270
1091148
1091050
1090922
1090773
1090610
1090504
1090476
1090509
1090632
1090763
1090802
1090786
1090706
1090549
1090392
1090259
1090212
1090246
1090333
1090457
1090542
1090620
1090685
1090697
1090713
1090721
1090748
1090838
1090891
1090876
1090811
1090719
1090647
1090642
1090716
1090757
1090732
1090720
1090748
1090802
1090876
1090968
1090991
1090968
1091000
1091016
1091013
1091043
1091018
1090953
1090900
1090867
1090904
1090924
1090930
1091006
1091034
1091018
1091029
1090985
1090932
1090882
1090796
1090745
1090701
1090686
1090688
1090667
1090648
1090592
1090555
1090575
1090586
1090588
1090627
1090627
1090637
1090638
1090550
1090505
1090404
1090364
1090493
1090531
1090564
1090582
1090572
1090646
1090623
1090652
1090788
1090875
1090993
1091013
1091008
1091084
1091112
1091173
1091166
1091047
1091002
1091018
1091094
1091215
1091292
1091358
1091443
1091478
1091495
1091507
1091449
1091381
1091330
1091284
1091282
1091298
1091314
1091375
1091450
1091459
1091520
1091635
1091711
1091806
1091818
1091776
1091698
1091566
1091515
1091494
1091513
1091576
1091622
1091657
1091642
1091610
1091570
1091539
1091517
1091423
1091326
1091261
1091206
1091196
1091214
1091246
1091276
1091264
1091247
1091220
1091165
1091143
1091111
1091115
1091147
1091134
1091129
1091056
1090974
1090947
1090908
1090891
1090934
1091037
1091141
1091221
1091260
1091235
1091188
1091126
1091045
1090996
1090979
1091004
1091056
1091116
1091249
1091430
1091619
1091749
1091805
1091764
1091628
1091508
1091392
1091336
1091337
1091370
1091460
1091507
1091555
1091574
1091542
1091517
1091456
1091437
1091413
1091342
1091292
1091207
1091125
1091027
1090974
1091018
1091081
1091192
1091195
1091161
1091242
1091280
1091294
1091255
1091132
1091090
1091109
1091081
1091047
1091025
1091042
1091155
1091216
1091150
1091097
1091086
1091100
1091181
1091234
1091232
1091223
1091149
1091110
1091134
1091140
1091180
1091217
1091240
1091303
1091350
1091367
1091403
1091420
1091387
1091369
1091358
1091347
1091383
1091387
1091369
1091400
1091413
1091418
1091442
1091416
1091412
1091391
1091326
1091347
1091336
1091289
1091297
1091265
1091232
1091229
1091162
1091081
1091050
1091003
1091012
1091075
1091107
1091188
1091246
1091217
1091160
1091064
1091014
1091003
1090984
1091047
1091117
1091181
1091284
1091364
1091421
1091463
1091483
1091417
1091322
1091265
1091185
1091191
1091308
1091425
1091536
1091600
1091568
1091525
1091500
1091402
1091275
1091148
1091014
1090967
1090978
1091065
1091189
1091249
1091303
1091276
1091196
1091179
1091189
1091200
1091228
1091213
1091139
1091103
1091056
1091050
1091092
1091082
1091038
1090907
1090780
1090760
1090762
1090719
1090702
1090701
1090654
1090692
1090726
1090727
1090750
1090714
1090723
1090763
1090842
1090956
1090995
1091048
1091074
1091057
1091148
1091308
1091380
1091381
1091402
1091378
1091378
1091466
1091555
1091644
1091721
1091746
1091691
1091680
1091703
1091705
1091749
1091736
1091738
1091704
1091671
1091685
1091592
1091602
1091602
1091492
1091461
1091499
1091526
1091494
1091518
1091545
1091608
1091663
1091623
1091572
1091371
1091186
1091065
1090958
1090975
1090981
1090955
1090917
1090879
1090851
1090854
1090881
1090852
1090810
1090777
1090775
1090774
1090803
1090904
1090943
1090985
1091045
1091045
1091088
1091148
1091181
1091219
1091232
1091197
1091239
1091315
1091308
1091322
1091301
1091242
1091223
1091199
1091236
1091324
1091404
1091485
1091493
1091463
1091499
1091497
1091359
1091161
1090979
1090901
1090925
1090959
1090907
1090862
1091066
1091270
1091224
1091035
1090871
1090774
1090657
1090638
1090597
1090512
1090624
1090736
1090820
1090922
1090927
1090944
1090988
1091039
1091092
1091160
1091148
1091120
1091204
1091216
1091305
1091537
1091733
1091926
1091977
1091844
1091797
1091843
1091917
1092034
1092099
1092153
1092175
1092182
1092247
1092230
1092193
1092152
1092050
1091988
1091970
1092007
1092044
1092082
1092091
1092007
1091896
1091778
1091717
1091699
1091691
1091707
1091705
1091694
1091618
1091493
1091434
1091356
1091256
1091254
1091272
1091176
1091112
1091075
1090952
1090952
1090937
1090940
1091036
1091015
1091050
1091044
1090964
1090915
1090880
1090927
1090967
1091072
1091180
1091222
1091282
1091303
1091353
1091396
1091442
1091527
1091576
1091639
1091696
1091744
1091755
1091782
1091848
1091832
1091817
1091807
1091742
1091733
1091761
1091757
1091758
1091712
1091655
1091611
1091563
1091539
1091499
1091462
1091390
1091294
1091265
1091243
1091208
1091242
1091211
1091091
1091010
1090933
1090910
1090891
1090854
1090859
1090860
1090879
1090886
1090885
1090862
1090809
1090788
1090773
1090773
1090778
1090782
1090835
1090869
1090879
1090881
1090842
1090847
1090858
1090818
1090779
1090779
1090739
1090657
1090698
1090723
1090721
1090789
1090804
1090837
1090849
1090753
1090678
1090623
1090541
1090516
1090521
1090491
1090532
1090608
1090653
1090740
1090737
1090732
1090802
1090720
1090627
1090582
1090498
1090508
1090540
1090482
1090411
1090338
1090260
1090259
1090299
1090310
1090328
1090346
1090303
1090287
1090276
1090219
1090214
1090184
1090185
1090266
1090318
1090388
1090416
1090385
1090431
1090458
1090401
1090341
1090275
1090256
1090261
1090277
1090315
1090354
1090405
1090427
1090453
1090477
1090490
1090481
1090487
1090588
1090699
1090802
1090886
1090915
1090931
1090966
1091010
1091064
1091115
1091141
1091165
1091145
1091081
1091031
1090982
1090957
1090953
1090952
1091013
1091094
1091171
1091263
1091310
1091317
1091302
1091315
1091350
1091311
1091253
1091219
1091199
1091186
1091161
1091187
1091217
1091209
1091185
1091094
1091037
1091021
1091038
1091123
1091121
1091027
1090906
1090833
1090845
1090861
1090853
1090871
1090892
1090923
1091019
1091044
1091016
1090998
1090955
1090919
1090868
1090834
1090856
1090928
1091024
1091106
1091133
1091119
1091107
1091064
1091034
1091051
1091057
1091110
1091228
1091311
1091368
1091387
1091396
1091414
1091406
1091423
1091419
1091390
1091352
1091308
1091277
1091227
1091153
1091028
1090931
1090865
1090802
1090802
1090845
1090890
1090871
1090824
1090767
1090724
1090728
1090730
1090752
1090765
1090779
1090817
1090870
1090949
1091006
1091028
1091053
1091076
1091104
1091181
1091252
1091285
1091283
1091261
1091263
1091268
1091300
1091340
1091343
1091324
1091314
1091305
1091309
1091362
1091347
1091268
1091286
1091308
1091270
1091306
1091332
1091250
1091217
1091194
1091075
1090971
1090778
1090520
1090368
1090296
1090294
1090277
1090268
1090302
1090311
1090296
1090234
1090144
1090131
1090237
1090370
1090442
1090409
1090362
1090355
1090356
1090429
1090512
1090599
1090703
1090789
1090857
1090857
1090867
1090861
1090834
1090857
1090864
1090894
1090987
1091080
1091127
1091158
1091183
1091223
1091297
1091317
1091325
1091341
1091309
1091301
1091362
1091470
1091555
1091572
1091562
1091566
1091572
1091622
1091710
1091745
1091800
1091848
1091811
1091791
1091776
1091724
1091708
1091728
1091719
1091694
1091650
1091558
1091484
1091416
1091369
1091394
1091377
1091349
1091342
1091229
1091129
1091088
1090969
1090897
1090900
1090882
1090924
1090966
1090985
1091063
1091124
1091156
1091154
1091054
1090933
1090846
1090792
1090800
1090854
1090898
1090974
1091054
1091072
1091111
1091090
1090981
1090889
1090792
1090715
1090749
1090836
1090872
1090942
1090972
1090931
1090991
1091046
1091067
1091083
1091055
1091094
1091147
1091162
1091154
1091127
1091111
1091088
1091097
1091073
1091042
1091071
1091093
1091118
1091130
1091164
1091218
1091253
1091261
1091224
1091167
1091082
1091047
1091080
1091107
1091130
1091100
1091033
1090967
1090887
1090864
1090889
1090934
1090997
1090975
1090903
1090853
1090813
1090756
1090686
1090655
1090643
1090719
1090855
1090927
1090980
1091017
1091048
1091054
1090983
1090962
1090981
1090975
1090955
1090959
1090976
1090984
1091031
1090978
1090883
1090863
1090857
1090892
1090919
1090965
1091032
1091065
1091172
1091281
1091311
1091373
1091384
1091390
1091463
1091467
1091505
1091554
1091522
1091516
1091496
1091437
1091397
1091329
1091290
1091310
1091284
1091290
1091319
1091255
1091226
1091230
1091169
1091111
1091046
1090924
1090881
1090912
1090929
1091023
1091095
1091123
1091180
1091205
1091206
1091216
1091252
1091311
1091440
1091534
1091534
1091486
1091335
1091237
1091229
1091250
1091363
1091434
1091382
1091288
1091212
1091187
1091186
1091201
1091308
1091460
1091516
1091452
1091355
1091283
1091256
1091268
1091237
1091212
1091178
1091127
1091216
1091347
1091420
1091449
1091415
1091394
1091415
1091424
1091428
1091460
1091471
1091466
1091520
1091604
1091641
1091608
1091538
1091520
1091548
1091551
1091588
1091681
1091736
1091767
1091808
1091821
1091829
1091863
1091908
1091937
1091901
1091900
1092026
1092134
1092245
1092297
1092155
1092063
1092037
1092010
1092047
1092056
1092072
1092054
1091984
1091945
1091921
1091942
1091921
1091807
1091667
1091558
1091544
1091589
1091628
1091634
1091620
1091570
1091495
1091468
1091447
1091433
1091430
1091423
1091453
1091445
1091430
1091452
1091423
1091350
1091303
1091251
1091226
1091256
1091238
1091219
1091200
1091134
1091122
1091130
1091135
1091194
1091234
1091257
1091302
1091303
1091287
1091306
1091257
1091176
1091187
1091217
1091252
1091281
1091320
1091400
1091460
1091532
1091500
1091387
1091340
1091295
1091267
1091251
1091205
1091152
1091153
1091155
1091130
1091119
1091082
1091087
1091136
1091151
1091155
1091131
1091029
1090956
1090964
1090954
1090945
1090890
1090795
1090774
1090796
1090826
1090875
1090919
1090936
1090933
1090900
1090880
1090869
1090849
1090847
1090806
1090783
1090787
1090731
1090709
1090700
1090650
1090585
1090536
1090536
1090519
1090543
1090582
1090545
1090523
1090520
1090561
1090621
1090618
1090641
1090684
1090684
1090724
1090786
1090813
1090870
1090891
1090851
1090869
1090894
1090935
1091012
1091047
1091102
1091139
1091134
1091183
1091262
1091309
1091310
1091250
1091138
1091055
1091004
1090938
1090903
1090904
1090907
1090922
1090955
1090950
1090918
1090892
1090864
1090870
1090908
1090921
1090920
1090936
1090929
1090959
1091013
1091036
1091094
1091074
1091001
1090969
1090898
1090866
1090875
1090857
1090859
1090880
1090830
1090749
1090762
1090774
1090775
1090856
1090926
1090922
1090867
1090856
1090942
1091027
1091101
1091185
1091256
1091364
1091471
1091476
1091434
1091449
1091467
1091447
1091448
1091464
1091507
1091522
1091460
1091414
1091365
1091336
1091362
1091338
1091314
1091337
1091327
1091307
1091339
1091313
1091232
1091166
1091082
1091061
1091025
1090951
1090962
1090924
1090822
1090746
1090658
1090623
1090659
1090649
1090654
1090722
1090723
1090728
1090818
1090838
1090853
1090896
1090806
1090774
1090820
1090846
1090954
1091037
1091126
1091221
1091257
1091354
1091407
1091392
1091403
1091399
1091398
1091408
1091398
1091344
1091268
1091247
1091280
1091318
1091391
1091455
1091454
1091459
1091438
1091387
1091332
1091274
1091253
1091243
1091292
1091339
1091359
1091423
1091409
1091319
1091217
1091115
1091046
1091016
1091017
1090987
1090899
1090822
1090771
1090690
1090640
1090600
1090554
1090582
1090616
1090670
1090735
1090761
1090789
1090746
1090693
1090714
1090739
1090767
1090792
1090813
1090838
1090864
1090894
1090902
1090926
1090971
1090943
1090892
1090893
1090893
1090910
1090919
1090918
1090949
1090967
1091038
1091111
1091166
1091230
1091234
1091223
1091200
1091190
1091147
1091105
1091161
1091201
1091234
1091253
1091228
1091235
1091298
1091295
1091154
1091067
1091036
1090972
1090905
1090883
1090888
1090755
1090632
1090588
1090530
1090524
1090503
1090456
1090376
1090316
1090279
1090201
1090209
1090235
1090290
1090386
1090390
1090398
1090419
1090422
1090401
1090350
1090336
1090319
1090341
1090424
1090478
1090520
1090554
1090553
1090571
1090603
1090584
1090548
1090525
1090534
1090574
1090590
1090603
1090626
1090641
1090705
1090819
1090898
1090927
1090884
1090795
1090704
1090572
1090477
1090440
1090421
1090439
1090438
1090435
1090453
1090463
1090481
1090488
1090477
1090486
1090491
1090477
1090495
1090519
1090560
1090626
1090653
1090711
1090749
1090747
1090811
1090839
1090819
1090818
1090805
1090793
1090808
1090843
1090882
1090905
1090892
1090889
1090892
1090854
1090806
1090767
1090751
1090783
1090862
1090960
1091057
1091115
1091115
1091098
1091051
1091019
1091031
1091023
1091047
1091043
1090982
1091005
1091037
1091053
1091062
1090997
1090920
1090839
1090781
1090800
1090847
1090884
1090890
1090848
1090790
1090755
1090746
1090778
1090847
1090902
1090922
1090937
1090938
1090858
1090749
1090722
1090737
1090717
1090711
1090777
1090834
1090826
1090820
1090788
1090759
1090775
1090744
1090714
1090726
1090735
1090765
1090802
1090804
1090792
1090763
1090756
1090791
1090775
1090777
1090858
1090927
1091010
1091084
1091116
1091172
1091210
1091230
1091245
1091214
1091196
1091212
1091254
1091276
1091232
1091162
1091130
1091138
1091170
1091223
1091208
1091141
1091091
1091027
1090965
1090939
1090911
1090844
1090813
1090801
1090744
1090762
1090840
1090898
1090944
1090952
1090926
1090835
1090786
1090808
1090784
1090839
1090936
1090972
1091001
1091037
1091090
1091128
1091163
1091180
1091217
1091301
1091347
1091386
1091387
1091385
1091398
1091385
1091416
1091439
1091443
1091407
1091291
1091212
1091149
1091130
1091199
1091234
1091262
1091273
1091205
1091119
1091037
1090951
1090875
1090878
1090928
1090959
1091045
1091095
1091035
1090917
1090773
1090674
1090583
1090513
1090517
1090563
1090658
1090750
1090804
1090815
1090844
1090895
1090908
1090912
1090864
1090828
1090829
1090791
1090788
1090817
1090863
1090936
1090996
1091059
1091131
1091198
1091251
1091247
1091210
1091169
1091112
1091061
1091001
1090993
1091046
1091115
1091231
1091283
1091289
1091269
1091223
1091286
1091348
1091395
1091487
1091538
1091609
1091709
1091803
1091902
1091949
1091922
1091916
1091959
1091993
1092083
1092163
1092167
1092205
1092213
1092231
1092333
1092363
1092339
1092299
1092201
1092126
1092067
1092012
1091984
1091899
1091800
1091729
1091655
1091623
1091594
1091579
1091553
1091432
1091322
1091236
1091182
1091198
1091170
1091135
1091119
1091035
1090981
1090969
1090938
1090955
1090958
1090937
1090942
1090920
1090873
1090826
1090771
1090744
1090800
1090839
1090841
1090823
1090771
1090786
1090842
1090908
1090979
1091005
1090994
1090957
1090949
1091028
1091143
1091262
1091382
1091439
1091449
1091425
1091378
1091366
1091334
1091296
1091328
1091382
1091403
1091396
1091377
1091362
1091392
1091417
1091419
1091488
1091529
1091501
1091472
1091429
1091380
1091372
1091425
1091471
1091513
1091501
1091438
1091401
1091368
1091409
1091451
1091467
1091507
1091465
1091398
1091312
1091169
1091075
1091054
1091080
1091103
1091103
1091124
1091175
1091227
1091239
1091257
1091269
1091220
1091161
1091113
1091073
1091046
1091028
1091026
1091071
1091151
1091234
1091316
1091336
1091299
1091274
1091224
1091185
1091135
1091029
1090984
1090909
1090831
1090840
1090862
1090936
1090966
1090899
1090850
1090892
1090950
1090946
1090920
1090908
1090944
1090952
1090959
1091038
1091129
1091206
1091246
1091293
1091358
1091426
1091499
1091549
1091598
1091573
1091553
1091584
1091597
1091627
1091555
1091483
1091516
1091551
1091642
1091711
1091738
1091750
1091655
1091582
1091540
1091451
1091440
1091409
1091346
1091306
1091195
1091183
1091239
1091251
1091277
1091257
1091201
1091107
1091008
1090966
1090966
1090975
1090964
1090959
1090934
1090883
1090840
1090768
1090692
1090616
1090507
1090503
1090600
1090671
1090703
1090703
1090700
1090688
1090643
1090597
1090533
1090447
1090380
1090303
1090310
1090415
1090469
1090550
1090637
1090603
1090550
1090544
1090572
1090653
1090714
1090768
1090838
1090812
1090771
1090727
1090635
1090566
1090522
1090529
1090605
1090724
1090800
1090841
1090874
1090875
1090927
1090962
1090965
1090982
1090922
1090823
1090756
1090703
1090670
1090705
1090716
1090664
1090660
1090626
1090604
1090622
1090576
1090543
1090521
1090502
1090527
1090612
1090668
1090631
1090618
1090611
1090638
1090681
1090689
1090791
1090866
1090907
1090979
1090972
1090978
1090996
1090953
1090960
1091014
1091034
1091078
1091146
1091170
1091194
1091242
1091276
1091276
1091272
1091271
1091274
1091309
1091374
1091468
1091540
1091603
1091647
1091588
1091537
1091534
1091485
1091467
1091512
1091527
1091521
1091493
1091443
1091401
1091375
1091357
1091297
1091201
1091121
1091102
1091115
1091102
1091092
1091006
1090907
1090893
1090851
1090866
1090902
1090847
1090796
1090733
1090734
1090822
1090907
1090978
1090982
1090954
1090968
1091003
1091036
1091089
1091107
1091090
1091103
1091132
1091169
1091164
1091162
1091184
1091177
1091239
1091388
1091510
1091594
1091624
1091575
1091503
1091398
1091371
1091469
1091492
1091454
1091423
1091372
1091378
1091413
1091368
1091322
1091271
1091153
1091095
1091043
1090955
1090949
1090929
1090863
1090869
1090898
1090894
1090926
1090944
1090874
1090825
1090796
1090757
1090778
1090782
1090819
1090914
1090953
1090981
1090957
1090872
1090873
1090932
1091018
1091188
1091336
1091454
1091595
1091635
1091591
1091533
1091456
1091445
1091457
1091406
1091415
1091445
1091454
1091550
1091652
1091741
1091839
1091845
1091780
1091720
1091645
1091585
1091575
1091560
1091542
1091542
1091501
1091422
1091343
1091205
1091075
1091010
1090951
1090995
1091057
1091078
1091126
1091092
1091037
1090958
1090846
1090800
1090773
1090793
1090811
1090809
1090803
1090742
1090672
1090606
1090602
1090640
1090723
1090880
1091009
1091136
1091254
1091289
1091301
1091283
1091196
1091132
1091118
1091087
1091073
1091139
1091245
1091354
1091468
1091518
1091501
1091485
1091470
1091492
1091555
1091579
1091607
1091662
1091691
1091742
1091769
1091767
1091795
1091778
1091767
1091781
1091772
1091783
1091777
1091746
1091744
1091749
1091728
1091722
1091731
1091663
1091653
1091693
1091657
1091698
1091712
1091646
1091582
1091486
1091499
1091594
1091614
1091560
1091519
1091486
1091448
1091428
1091369
1091362
1091380
1091342
1091337
1091307
1091273
1091286
1091262
1091259
1091301
1091321
1091365
1091425
1091449
1091471
1091431
1091313
1091246
1091206
1091217
1091341
1091446
1091520
1091569
1091530
1091493
1091471
1091410
1091378
1091394
1091384
1091394
1091420
1091382
1091341
1091287
1091231
1091224
1091212
1091209
1091248
1091293
1091341
1091407
1091453
1091492
1091557
1091589
1091607
1091605
1091526
1091497
1091509
1091531
1091570
1091530
1091504
1091473
1091416
1091405
1091409
1091459
1091514
1091557
1091576
1091554
1091567
1091572
1091545
1091508
1091453
1091410
1091400
1091404
1091410
1091447
1091500
1091555
1091611
1091624
1091585
1091527
1091509
1091460
1091394
1091364
1091292
1091221
1091127
1091061
1091031
1091066
1091169
1091181
1091315
1091243
1091030
1091132
1091062
1091018
1091199
1091273
1091047
1090604
1090487
1090663
1090951
1091170
1091185
1091099
1090903
1090888
1090926
1090913
1091037
1091058
1091093
1091182
1091140
1091145
1091186
1091177
1091209
1091238
1091236
1091286
1091345
1091439
1091543
1091547
1091586
1091632
1091596
1091568
1091511
1091425
1091399
1091445
1091512
1091591
1091622
1091574
1091543
1091475
1091330
1091194
1091102
1091090
1091146
1091186
1091198
1091181
1091123
1091073
1091020
1090990
1090980
1090923
1090870
1090862
1090879
1090894
1090954
1091036
1091050
1091068
1091029
1090882
1090729
1090616
1090580
1090607
1090705
1090805
1090844
1090838
1090789
1090775
1090757
1090787
1090878
1090922
1090966
1091008
1091035
1091074
1091114
1091116
1091116
1091100
1091039
1090999
1090961
1090946
1090947
1090949
1090994
1091033
1091018
1090944
1090854
1090790
1090772
1090797
1090831
1090880
1090947
1090990
1091017
1091035
1091038
1091076
1091100
1091057
1091021
1090976
1090945
1090989
1091041
1091138
1091220
1091195
1091141
1091069
1090996
1091036
1091142
1091211
1091345
1091348
1091286
1091327
1091205
1091211
1091273
1091166
1091191
1091309
1091335
1091092
1090857
1090900
1091065
1091270
1091317
1091219
1091103
1090958
1090893
1090858
1090803
1090858
1090960
1090946
1090867
1090781
1090707
1090736
1090804
1090879
1090911
1090865
1090848
1090823
1090824
1090873
1090870
1090855
1090869
1090889
1090931
1090960
1090975
1090997
1090990
1090992
1090949
1090927
1090999
1091021
1091061
1091107
1091103
1091136
1091155
1091145
1091109
1091034
1090993
1090973
1090951
1090990
1090985
1090894
1090853
1090802
1090730
1090686
1090630
1090615
1090570
1090522
1090557
1090585
1090622
1090675
1090699
1090672
1090624
1090618
1090642
1090687
1090741
1090749
1090727
1090718
1090677
1090655
1090683
1090698
1090752
1090842
1090893
1090916
1090921
1090893
1090879
1090870
1090849
1090874
1090908
1090940
1090981
1090996
1090968
1090932
1090929
1090921
1090921
1090940
1090978
1091061
1091137
1091223
1091297
1091286
1091263
1091198
1091103
1091098
1091110
1091114
1091149
1091168
1091181
1091267
1091326
1091321
1091345
1091316
1091262
1091225
1091222
1091282
1091343
1091414
1091471
1091458
1091404
1091333
1091282
1091315
1091339
1091432
1091459
1091359
1091468
1091294
1091092
1091129
1090846
1090769
1090995
1091305
1091295
1090777
1090514
1090514
1090661
1090895
1090854
1090491
1090149
1090035
1089983
1090015
1090058
1090096
1090196
1090189
1090125
1090060
1090008
1090089
1090212
1090288
1090345
1090333
1090337
1090434
1090491
1090474
1090459
1090461
1090506
1090591
1090679
1090771
1090848
1090939
1091020
1091059
1091149
1091230
1091290
1091385
1091432
1091461
1091463
1091419
1091403
1091409
1091448
1091511
1091593
1091666
1091684
1091640
1091555
1091521
1091466
1091391
1091390
1091389
1091444
1091493
1091440
1091404
1091319
1091219
1091203
1091165
1091183
1091280
1091289
1091248
1091193
1091107
1091073
1091104
1091138
1091183
1091157
1091070
1091097
1091187
1091281
1091369
1091380
1091367
1091353
1091324
1091309
1091300
1091246
1091244
1091343
1091397
1091458
1091506
1091511
1091574
1091570
1091544
1091561
1091550
1091573
1091582
1091549
1091521
1091489
1091475
1091481
1091439
1091397
1091405
1091381
1091373
1091387
1091351
1091321
1091355
1091419
1091479
1091453
1091307
1091253
1091265
1091272
1091297
1091270
1091264
1091237
1091162
1091105
1091059
1091027
1091045
1091048
1091059
1091103
1091012
1090976
1090970
1090828
1090763
1090778
1090790
1090698
1090536
1090540
1090649
1090774
1090931
1090895
1090779
1090825
1090811
1090786
1090817
1090799
1090870
1090893
1090813
1090810
1090769
1090731
1090745
1090727
1090727
1090688
1090614
1090604
1090600
1090582
1090622
1090654
1090630
1090641
1090630
1090598
1090679
1090724
1090714
1090775
1090762
1090730
1090770
1090782
1090825
1090909
1090944
1090954
1090955
1090910
1090873
1090872
1090874
1090914
1090916
1090918
1090988
1091019
1091059
1091083
1091057
1091046
1091062
1091127
1091149
1091180
1091224
1091209
1091218
1091199
1091168
1091160
1091123
1091129
1091145
1091176
1091303
1091406
1091456
1091495
1091482
1091511
1091586
1091627
1091657
1091656
1091638
1091652
1091684
1091720
1091724
1091686
1091650
1091593
1091532
1091506
1091499
1091491
1091453
1091420
1091455
1091499
1091525
1091572
1091520
1091426
1091386
1091330
1091339
1091333
1091246
1091189
1091120
1091060
1091073
1091099
1091134
1091172
1091177
1091169
1091167
1091172
1091203
1091308
1091405
1091465
1091495
1091459
1091457
1091453
1091446
1091475
1091453
1091439
1091473
1091496
1091537
1091596
1091623
1091635
1091669
1091674
1091603
1091521
1091519
1091582
1091608
1091579
1091423
1091263
1091243
1091232
1091301
1091341
1091252
1091197
1091077
1090950
1090903
1090848
1090888
1090932
1090841
1090794
1090775
1090755
1090827
1090915
1090976
1091014
1091001
1090949
1090966
1090998
1091010
1091038
1090961
1090915
1090943
1090907
1090958
1091034
1091036
1091120
1091200
1091213
1091228
1091178
1091092
1091042
1090965
1090904
1090926
1090976
1091068
1091110
1091066
1091053
1091052
1091082
1091106
1091053
1090985
1090930
1090914
1090959
1091019
1091056
1091066
1091026
1090957
1090940
1090925
1090900
1090908
1090868
1090838
1090874
1090909
1090950
1090956
1090901
1090827
1090754
1090686
1090701
1090756
1090761
1090764
1090719
1090699
1090707
1090683
1090730
1090737
1090664
1090647
1090670
1090671
1090700
1090749
1090737
1090718
1090700
1090675
1090660
1090641
1090624
1090559
1090550
1090639
1090696
1090732
1090754
1090721
1090633
1090540
1090482
1090439
1090457
1090547
1090613
1090678
1090733
1090710
1090699
1090696
1090642
1090587
1090568
1090614
1090711
1090813
1090909
1090980
1090972
1090941
1090944
1090917
1090934
1091002
1090988
1090993
1091023
1091021
1091113
1091152
1091182
1091173
1091077
1091138
1091035
1090969
1091044
1091010
1091190
1091341
1091383
1091289
1091065
1091064
1091025
1091036
1091156
1091065
1090983
1090989
1090950
1090917
1090857
1090812
1090781
1090674
1090604
1090620
1090643
1090714
1090775
1090729
1090726
1090750
1090696
1090681
1090700
1090681
1090694
1090723
1090705
1090739
1090769
1090758
1090748
1090693
1090637
1090585
1090548
1090516
1090486
1090474
1090456
1090451
1090425
1090393
1090368
1090320
1090311
1090324
1090339
1090394
1090435
1090477
1090566
1090612
1090606
1090597
1090575
1090546
1090538
1090540
1090534
1090554
1090579
1090642
1090748
1090810
1090902
1091012
1091034
1091049
1091103
1091107
1091090
1091080
1091033
1091043
1091081
1091104
1091184
1091232
1091249
1091251
1091213
1091231
1091299
1091382
1091490
1091585
1091595
1091541
1091505
1091503
1091568
1091611
1091529
1091434
1091383
1091393
1091461
1091468
1091421
1091421
1091413
1091419
1091466
1091428
1091411
1091451
1091416
1091431
1091467
1091450
1091455
1091407
1091368
1091387
1091347
1091325
1091358
1091354
1091366
1091462
1091557
1091632
1091663
1091587
1091540
1091541
1091531
1091593
1091657
1091714
1091835
1091920
1091979
1092015
1091968
1091956
1091957
1091943
1091979
1091989
1091978
1091938
1091871
1091886
1091884
1091804
1091721
1091646
1091604
1091581
1091533
1091399
1091261
1091220
1091267
1091389
1091466
1091514
1091488
1091347
1091266
1091194
1091170
1091245
1091288
1091302
1091238
1091151
1091147
1091196
1091247
1091256
1091233
1091191
1091196
1091243
1091271
1091301
1091289
1091264
1091277
1091275
1091297
1091304
1091265
1091254
1091240
1091255
1091291
1091299
1091277
1091206
1091153
1091145
1091161
1091204
1091221
1091213
1091226
1091242
1091233
1091222
1091218
1091185
1091166
1091224
1091289
1091328
1091370
1091380
1091394
1091421
1091423
1091472
1091549
1091594
1091618
1091615
1091592
1091555
1091551
1091587
1091609
1091616
1091592
1091559
1091563
1091544
1091552
1091604
1091579
1091580
1091593
1091499
1091440
1091411
1091385
1091456
1091498
1091537
1091613
1091613
1091670
1091719
1091651
1091609
1091544
1091453
1091427
1091407
1091383
1091359
1091326
1091318
1091328
1091399
1091497
1091509
1091481
1091427
1091349
1091335
1091359
1091348
1091329
1091320
1091307
1091331
1091349
1091341
1091340
1091307
1091275
1091241
1091228
1091286
1091309
1091302
1091304
1091290
1091327
1091374
1091411
1091451
1091412
1091356
1091329
1091316
1091396
1091507
1091572
1091670
1091743
1091745
1091764
1091724
1091632
1091580
1091519
1091494
1091542
1091553
1091508
1091470
1091432
1091388
1091371
1091401
1091419
1091368
1091294
1091218
1091140
1091093
1091068
1091036
1090964
1090851
1090774
1090751
1090743
1090776
1090796
1090789
1090823
1090850
1090890
1090935
1090928
1090943
1090967
1090976
1091031
1091069
1091091
1091104
1091026
1091011
1091068
1091104
1091223
1091327
1091355
1091365
1091350
1091338
1091328
1091316
1091303
1091288
1091278
1091318
1091408
1091461
1091479
1091493
1091450
1091459
1091469
1091468
1091500
1091449
1091480
1091365
1091456
1091406
1090775
1091170
1091675
1091517
1091420
1091151
1091230
1091243
1091331
1091459
1091166
1091275
1091344
1091244
1091273
1091075
1090923
1090954
1090925
1090918
1090989
1090886
1090794
1090878
1090848
1090913
1091003
1090897
1090969
1090980
1090848
1090948
1090994
1090972
1091076
1091057
1090975
1090989
1090926
1090879
1090926
1090916
1090959
1090971
1090893
1090942
1090909
1090852
1090944
1090873
1090767
1090776
1090725
1090760
1090864
1090927
1091002
1090988
1090965
1090981
1090956
1090985
1091048
1091076
1091094
1091082
1091035
1091027
1090981
1090876
1090835
1090784
1090785
1090869
1090904
1090971
1091048
1091013
1090955
1090894
1090814
1090829
1090842
1090813
1090868
1090922
1090934
1090964
1090973
1090953
1090942
1090905
1090902
1090960
1090999
1091080
1091104
1091014
1091000
1090999
1090994
1091025
1090990
1090990
1091017
1090964
1090927
1090875
1090765
1090728
1090745
1090813
1090914
1090946
1090952
1090905
1090844
1090860
1090893
1090971
1091063
1091066
1091041
1091062
1091052
1090988
1090937
1090805
1090665
1090629
1090561
1090549
1090605
1090607
1090662
1090692
1090631
1090652
1090670
1090664
1090779
1090844
1090862
1090889
1090825
1090801
1090782
1090714
1090713
1090696
1090629
1090639
1090718
1090800
1090922
1090985
1090947
1090937
1090920
1090934
1090981
1090922
1090880
1090880
1090865
1090916
1090940
1090952
1090994
1090982
1090986
1090995
1091009
1091097
1091109
1091055
1091043
1090966
1090911
1090930
1090936
1091006
1091024
1090986
1091031
1091013
1090956
1090911
1090799
1090755
1090767
1090716
1090714
1090759
1090750
1090752
1090717
1090627
1090645
1090674
1090709
1090841
1090884
1090899
1090910
1090878
1090945
1091024
1091095
1091168
1091168
1091172
1091155
1091056
1090968
1090919
1090879
1090898
1090930
1090914
1090934
1090962
1091017
1091117
1091160
1091186
1091146
1091084
1091060
1090960
1090889
1090874
1090876
1090962
1091047
1091099
1091135
1091111
1091100
1091098
1091025
1090943
1090925
1090940
1090974
1091042
1091101
1091174
1091194
1091136
1091130
1091097
1091057
1091094
1091107
1091138
1091183
1091180
1091262
1091330
1091276
1091231
1091130
1091048
1091104
1091113
1091109
1091156
1091146
1091201
1091257
1091254
1091340
1091355
1091346
1091401
1091367
1091356
1091380
1091329
1091303
1091304
1091309
1091381
1091430
1091420
1091366
1091231
1091118
1091097
1091054
1091060
1091138
1091109
1091123
1091126
1091090
1091169
1091152
1091108
1091050
1090954
1090961
1090950
1090961
1090978
1090928
1090855
1090779
1090809
1090967
1091141
1091175
1091088
1090961
1090873
1090873
1090832
1090776
1090750
1090736
1090820
1090924
1090972
1091029
1091009
1090944
1090956
1090963
1090944
1090940
1090926
1090875
1090877
1090897
1090881
1090919
1090917
1090881
1090876
1090860
1090885
1090931
1090943
1090944
1090938
1090906
1090846
1090755
1090665
1090611
1090577
1090564
1090588
1090619
1090691
1090800
1090833
1090856
1090874
1090823
1090798
1090797
1090764
1090737
1090719
1090660
1090644
1090641
1090582
1090622
1090712
1090788
1090916
1090978
1090953
1090905
1090795
1090714
1090704
1090699
1090752
1090829
1090869
1090906
1090905
1090899
1090904
1090844
1090802
1090810
1090789
1090772
1090757
1090725
1090698
1090665
1090614
1090563
1090491
1090422
1090393
1090359
1090357
1090390
1090382
1090353
1090355
1090355
1090365
1090431
1090433
1090373
1090329
1090272
1090244
1090279
1090353
1090422
1090472
1090518
1090511
1090448
1090384
1090328
1090313
1090382
1090531
1090674
1090794
1090890
1090888
1090868
1090859
1090779
1090720
1090724
1090735
1090779
1090845
1090922
1091005
1090997
1090959
1090940
1090868
1090837
1090871
1090880
1090858
1090903
1090929
1090876
1090867
1090761
1090749
1090879
1090927
1091024
1091009
1090928
1090960
1091020
1091063
1091068
1091088
1091126
1091169
1091137
1091094
1091145
1091174
1091141
1091066
1091046
1091087
1091145
1091256
1091316
1091328
1091371
1091393
1091371
1091257
1091041
1090928
1091023
1091223
1091411
1091571
1091705
1091685
1091543
1091463
1091395
1091332
1091370
1091428
1091519
1091522
1091328
1091202
1091075
1090931
1090916
1090838
1090812
1090911
1090908
1090916
1090972
1090910
1090759
1090553
1090315
1090220
1090278
1090407
1090589
1090656
1090581
1090475
1090343
1090294
1090348
1090378
1090445
1090577
1090700
1090823
1090916
1090953
1090928
1090937
1091007
1091032
1091029
1091000
1090984
1090976
1090951
1090964
1091012
1091105
1091180
1091199
1091221
1091229
1091223
1091244
1091279
1091322
1091322
1091269
1091208
1091143
1091118
1091124
1091139
1091167
1091185
1091178
1091203
1091288
1091281
1091243
1091204
1091058
1090962
1090916
1090885
1090905
1090912
1090965
1091021
1091037
1091100
1091182
1091248
1091256
1091249
1091346
1091461
1091513
1091524
1091515
1091509
1091470
1091437
1091462
1091494
1091557
1091657
1091723
1091717
1091645
1091568
1091467
1091411
1091459
1091536
1091647
1091671
1091587
1091504
1091436
1091470
1091531
1091542
1091522
1091449
1091453
1091567
1091733
1091920
1092022
1092012
1091959
1091897
1091852
1091832
1091756
1091696
1091726
1091797
1091867
1091875
1091913
1091947
1091944
1091976
1091947
1091869
1091785
1091703
1091645
1091625
1091678
1091716
1091787
1091910
1092020
1092152
1092191
1092097
1091956
1091803
1091735
1091786
1091842
1091897
1091939
1091876
1091832
1091796
1091770
1091871
1092008
1092109
1092095
1091949
1091784
1091672
1091647
1091675
1091714
1091747
1091769
1091794
1091810
1091805
1091820
1091857
1091889
1091897
1091849
1091784
1091789
1091840
1091866
1091819
1091693
1091598
1091566
1091585
1091593
1091531
1091469
1091423
1091416
1091457
1091495
1091479
1091413
1091362
1091305
1091319
1091439
1091556
1091664
1091704
1091626
1091530
1091494
1091499
1091512
1091599
1091677
1091649
1091630
1091627
1091603
1091570
1091503
1091413
1091343
1091335
1091410
1091517
1091555
1091491
1091355
1091198
1091092
1091063
1091116
1091224
1091299
1091284
1091235
1091210
1091193
1091241
1091280
1091238
1091207
1091181
1091170
1091177
1091213
1091288
1091313
1091300
1091272
1091214
1091157
1091179
1091245
1091243
1091233
1091225
1091187
1091196
1091256
1091347
1091413
1091430
1091382
1091267
1091247
1091292
1091339
1091401
1091394
1091406
1091438
1091452
1091468
1091389
1091262
1091150
1091007
1090937
1090961
1090936
1090938
1090963
1090923
1090963
1091045
1091070
1091050
1090951
1090813
1090698
1090708
1090836
1090983
1091049
1090986
1090936
1090895
1090939
1091100
1091139
1091125
1091143
1091134
1091174
1091186
1091047
1090914
1090855
1090851
1090971
1091095
1091137
1091130
1091020
1090924
1090993
1091104
1091210
1091254
1091173
1091109
1091039
1090949
1090954
1090978
1090991
1091047
1091071
1091058
1091061
1091026
1090985
1090964
1090901
1090858
1090860
1090864
1090921
1090930
1090799
1090674
1090595
1090577
1090680
1090811
1090934
1091004
1090995
1090997
1090992
1091025
1091089
1091083
1091043
1090981
1090902
1090858
1090850
1090874
1090941
1091020
1091068
1091074
1091026
1090925
1090791
1090692
1090671
1090674
1090707
1090743
1090748
1090734
1090692
1090667
1090672
1090701
1090730
1090768
1090810
1090833
1090920
1090984
1091008
1091051
1090980
1090861
1090778
1090690
1090698
1090786
1090857
1090877
1090826
1090753
1090705
1090683
1090673
1090690
1090699
1090688
1090755
1090841
1090916
1091026
1091068
1091044
1091007
1090915
1090799
1090733
1090733
1090791
1090889
1090939
1090936
1090960
1090979
1090990
1091036
1091094
1091146
1091167
1091148
1091103
1091036
1090942
1090879
1090884
1090945
1091051
1091090
1091110
1091117
1091040
1091026
1091011
1090956
1090925
1090836
1090783
1090791
1090806
1090891
1090984
1091035
1091078
1091094
1091073
1090976
1090870
1090823
1090789
1090771
1090729
1090686
1090649
1090602
1090561
1090495
1090475
1090530
1090579
1090601
1090607
1090552
1090482
1090464
1090440
1090429
1090477
1090555
1090633
1090696
1090757
1090835
1090901
1090937
1090958
1090944
1090910
1090904
1090883
1090820
1090793
1090794
1090780
1090807
1090838
1090838
1090841
1090845
1090873
1090910
1090978
1091033
1091034
1091063
1091027
1090972
1090985
1090945
1090905
1090881
1090825
1090818
1090862
1090931
1090998
1090986
1090923
1090865
1090787
1090720
1090710
1090697
1090678
1090688
1090657
1090629
1090658
1090693
1090747
1090802
1090820
1090835
1090800
1090748
1090775
1090768
1090730
1090735
1090714
1090724
1090775
1090764
1090723
1090695
1090620
1090567
1090612
1090658
1090726
1090819
1090866
1090914
1090915
1090874
1090861
1090826
1090800
1090841
1090887
1090934
1091017
1091104
1091205
1091286
1091334
1091388
1091399
1091382
1091382
1091373
1091364
1091372
1091389
1091427
1091460
1091460
1091425
1091374
1091343
1091342
1091398
1091434
1091430
1091450
1091431
1091426
1091452
1091445
1091437
1091448
1091458
1091462
1091496
1091519
1091520
1091513
1091459
1091446
1091453
1091479
1091567
1091571
1091566
1091562
1091475
1091472
1091516
1091557
1091603
1091598
1091575
1091557
1091577
1091616
1091658
1091663
1091620
1091592
1091544
1091562
1091634
1091634
1091617
1091529
1091376
1091274
1091185
1091100
1091079
1091108
1091144
1091179
1091171
1091186
1091267
1091296
1091289
1091263
1091239
1091261
1091270
1091251
1091218
1091215
1091236
1091249
1091274
1091263
1091209
1091175
1091156
1091143
1091152
1091176
1091164
1091160
1091191
1091205
1091316
1091442
1091450
1091414
1091344
1091319
1091323
1091353
1091454
1091519
1091529
1091546
1091548
1091498
1091475
1091481
1091475
1091535
1091602
1091602
1091591
1091509
1091392
1091332
1091271
1091254
1091272
1091279
1091319
1091305
1091283
1091348
1091352
1091284
1091228
1091187
1091134
1091064
1091027
1090999
1090987
1090965
1090905
1090840
1090784
1090803
1090852
1090889
1090929
1090902
1090820
1090787
1090758
1090702
1090701
1090702
1090685
1090707
1090747
1090754
1090784
1090809
1090734
1090734
1090789
1090771
1090798
1090819
1090828
1090882
1090927
1091029
1091103
1091131
1091194
1091191
1091179
1091217
1091232
1091231
1091235
1091202
1091171
1091186
1091212
1091282
1091327
1091320
1091329
1091272
1091232
1091276
1091274
1091274
1091312
1091325
1091339
1091397
1091435
1091430
1091427
1091370
1091284
1091201
1091102
1091076
1091101
1091117
1091140
1091102
1091054
1091032
1090989
1090996
1091034
1091070
1091085
1091061
1091037
1090995
1090965
1090950
1090911
1090884
1090902
1090911
1090930
1090971
1090983
1090975
1090959
1091004
1091024
1091031
1091013
1090891
1090838
1090707
1090615
1090684
1090752
1090919
1091004
1091020
1091082
1091054
1091060
1091062
1090974
1090935
1090901
1090875
1090929
1090985
1091040
1091107
1091104
1091045
1091030
1091031
1091026
1091031
1090992
1090964
1090999
1091011
1090992
1091013
1091031
1091048
1091152
1091198
1091145
1091075
1090934
1090850
1090832
1090844
1090916
1090921
1090907
1090885
1090837
1090842
1090860
1090870
1090913
1090980
1091038
1091072
1091102
1091140
1091145
1091127
1091118
1091110
1091107
1091098
1091103
1091142
1091183
1091201
1091213
1091195
1091163
1091155
1091111
1091100
1091136
1091110
1091136
1091196
1091214
1091278
1091292
1091231
1091165
1091115
1091135
1091194
1091229
1091211
1091180
1091123
1091091
1091159
1091193
1091196
1091199
1091175
1091244
1091357
1091407
1091421
1091382
1091260
1091117
1091039
1091014
1091049
1091121
1091171
1091198
1091151
1091091
1091038
1090977
1090991
1091020
1091052
1091096
1091111
1091124
1091118
1091111
1091105
1091097
1091102
1091103
1091126
1091114
1091072
1091045
1091008
1090989
1091005
1091036
1091052
1091040
1090973
1090931
1090966
1090999
1091038
1091037
1090986
1090933
1090867
1090787
1090724
1090703
1090709
1090797
1090906
1091012
1091148
1091169
1091160
1091188
1091184
1091224
1091261
1091263
1091287
1091308
1091350
1091429
1091518
1091591
1091607
1091594
1091555
1091525
1091560
1091598
1091612
1091589
1091516
1091502
1091554
1091641
1091780
1091832
1091760
1091651
1091531
1091468
1091498
1091538
1091553
1091576
1091520
1091435
1091403
1091357
1091362
1091364
1091331
1091358
1091350
1091323
1091326
1091310
1091283
1091236
1091167
1091085
1091053
1091029
1090995
1091066
1091198
1091351
1091456
1091431
1091354
1091264
1091236
1091289
1091378
1091522
1091601
1091615
1091617
1091575
1091561
1091569
1091604
1091638
1091639
1091659
1091609
1091509
1091465
1091420
1091414
1091478
1091499
1091497
1091498
1091478
1091493
1091463
1091392
1091384
1091351
1091296
1091325
1091352
1091349
1091411
1091463
1091474
1091471
1091390
1091302
1091270
1091269
1091303
1091311
1091339
1091348
1091284
1091264
1091236
1091176
1091134
1091117
1091099
1091046
1091033
1091016
1090967
1090994
1091010
1090985
1090999
1090992
1090983
1091022
1091063
1091076
1091076
1091095
1091133
1091143
1091131
1091130
1091116
1091106
1091089
1091033
1090953
1090911
1090929
1090961
1091050
1091160
1091255
1091318
1091306
1091275
1091211
1091184
1091249
1091304
1091362
1091395
1091335
1091272
1091233
1091207
1091221
1091247
1091249
1091211
1091170
1091126
1091102
1091135
1091135
1091109
1091103
1091082
1091058
1091042
1090999
1090970
1090942
1090923
1090982
1091010
1091014
1091081
1091131
1091139
1091104
1091051
1091038
1091024
1091029
1091093
1091103
1091030
1090951
1090867
1090851
1090924
1090923
1090885
1090898
1090873
1090852
1090869
1090840
1090817
1090786
1090722
1090727
1090741
1090709
1090668
1090610
1090537
1090499
1090528
1090599
1090682
1090711
1090733
1090764
1090730
1090752
1090884
1091007
1091090
1091136
1091088
1091000
1090943
1090909
1090913
1090933
1090959
1090973
1090973
1091018
1091048
1091028
1091017
1091016
1091046
1091094
1091154
1091202
1091162
1091129
1091091
1090984
1090947
1090932
1090895
1090881
1090840
1090834
1090860
1090885
1090916
1090926
1090907
1090871
1090840
1090799
1090793
1090788
1090751
1090749
1090696
1090644
1090686
1090724
1090744
1090745
1090722
1090712
1090686
1090670
1090664
1090657
1090730
1090829
1090935
1091053
1091154
1091269
1091347
1091427
1091486
1091458
1091426
1091387
1091308
1091217
1091208
1091231
1091222
1091242
1091211
1091164
1091129
1091102
1091121
1091086
1091031
1090980
1090897
1090857
1090894
1090954
1090995
1091011
1090952
1090874
1090832
1090780
1090746
1090707
1090580
1090401
1090287
1090288
1090340
1090405
1090492
1090560
1090579
1090606
1090616
1090590
1090607
1090625
1090617
1090648
1090692
1090730
1090794
1090838
1090835
1090836
1090821
1090814
1090820
1090817
1090863
1090929
1091016
1091148
1091254
1091294
1091256
1091172
1091132
1091097
1091047
1091018
1090996
1090993
1090985
1090995
1091030
1091033
1090989
1090929
1090873
1090815
1090828
1090879
1090959
1091050
1091025
1090943
1090804
1090642
1090555
1090531
1090590
1090638
1090656
1090713
1090728
1090750
1090809
1090829
1090863
1090895
1090860
1090822
1090809
1090806
1090821
1090802
1090740
1090691
1090685
1090734
1090805
1090847
1090884
1090938
1090974
1091028
1091099
1091147
1091226
1091273
1091225
1091220
1091218
1091129
1091046
1090967
1090955
1091034
1091095
1091128
1091103
1091047
1091036
1091063
1091147
1091262
1091361
1091460
1091510
1091488
1091387
1091278
1091235
1091163
1091147
1091206
1091222
1091286
1091366
1091378
1091335
1091234
1091150
1091071
1091012
1091036
1091030
1090985
1090978
1090983
1091017
1091080
1091108
1091098
1091082
1091054
1091066
1091125
1091171
1091183
1091106
1091015
1090972
1090931
1090933
1090931
1090861
1090803
1090767
1090744
1090796
1090878
1090918
1090904
1090853
1090800
1090771
1090785
1090827
1090871
1090903
1090918
1090892
1090865
1090846
1090768
1090694
1090694
1090708
1090739
1090844
1090937
1090995
1091041
1091074
1091162
1091206
1091165
1091121
1091020
1090922
1090885
1090873
1090945
1091030
1091074
1091101
1091108
1091159
1091177
1091146
1091173
1091169
1091128
1091110
1091044
1090977
1090958
1090933
1090890
1090881
1090909
1090920
1090979
1091049
1091075
1091094
1091068
1091021
1090975
1090942
1090938
1090904
1090861
1090839
1090796
1090757
1090742
1090756
1090808
1090854
1090914
1090954
1091014
1091139
1091203
1091262
1091268
1091200
1091182
1091155
1091141
1091130
1091079
1091053
1091053
1091070
1091081
1091059
1091010
1090957
1090954
1091049
1091210
1091382
1091520
1091533
1091494
1091418
1091289
1091250
1091271
1091307
1091287
1091239
1091221
1091166
1091211
1091360
1091461
1091458
1091531
1091640
1091716
1091816
1091662
1091553
1091574
1091439
1091431
1091369
1091241
1091248
1091221
1091266
1091317
1091386
1091500
1091495
1091488
1091469
1091471
1091511
1091451
1091378
1091264
1091129
1091092
1091050
1091046
1091052
1091019
1091028
1091032
1091082
1091152
1091231
1091341
1091333
1091263
1091188
1091069
1090954
1090905
1090921
1090950
1091025
1091114
1091149
1091160
1091106
1091035
1090979
1090904
1090890
1090890
1090903
1090920
1090904
1090916
1090905
1090894
1090919
1090975
1091061
1091108
1091144
1091183
1091199
1091229
1091206
1091126
1091054
1091029
1091095
1091200
1091321
1091391
1091360
1091272
1091140
1091015
1090922
1090865
1090853
1090866
1090894
1090901
1090902
1090910
1090900
1090907
1090894
1090911
1090971
1090989
1091035
1091069
1091048
1090991
1090906
1090827
1090770
1090714
1090679
1090754
1090870
1090998
1091097
1091162
1091243
1091259
1091278
1091269
1091245
1091270
1091245
1091232
1091245
1091256
1091292
1091305
1091338
1091368
1091307
1091243
1091138
1091036
1091041
1091028
1091064
1091090
1091026
1091001
1090966
1090975
1090988
1090953
1090958
1090914
1090904
1090962
1091015
1091077
1091095
1091093
1091066
1091034
1091012
1091004
1091009
1091033
1091110
1091155
1091187
1091183
1091182
1091237
1091279
1091371
1091429
1091446
1091479
1091507
1091534
1091539
1091591
1091627
1091653
1091678
1091680
1091699
1091691
1091717
1091708
1091647
1091568
1091436
1091324
1091231
1091250
1091309
1091351
1091466
1091512
1091501
1091490
1091442
1091443
1091477
1091475
1091474
1091455
1091399
1091359
1091296
1091243
1091260
1091266
1091292
1091339
1091339
1091348
1091386
1091410
1091417
1091453
1091475
1091460
1091459
1091450
1091428
1091344
1091253
1091178
1091055
1091015
1091009
1091020
1091137
1091275
1091398
1091500
1091504
1091432
1091370
1091273
1091180
1091194
1091215
1091192
1091184
1091131
1091135
1091247
1091303
1091352
1091361
1091306
1091306
1091312
1091293
1091251
1091153
1091039
1090971
1090888
1090820
1090818
1090781
1090793
1090874
1090863
1090866
1090913
1090884
1090866
1090842
1090784
1090794
1090798
1090819
1090905
1090924
1090986
1091149
1091247
1091268
1091174
1091060
1091040
1091065
1091140
1091223
1091273
1091315
1091328
1091252
1091107
1090998
1090946
1090877
1090850
1090939
1091068
1091186
1091304
1091419
1091459
1091454
1091417
1091274
1091191
1091203
1091164
1091147
1091172
1091165
1091195
1091245
1091284
1091348
1091313
1091216
1091201
1091190
1091221
1091325
1091383
1091449
1091493
1091470
1091468
1091436
1091356
1091295
1091212
1091149
1091206
1091298
1091373
1091429
1091428
1091406
1091339
1091217
1091110
1091032
1090966
1090962
1091042
1091117
1091170
1091205
1091140
1091045
1090961
1090855
1090826
1090861
1090896
1090963
1091030
1091088
1091149
1091166
1091181
1091194
1091148
1091093
1091014
1090877
1090775
1090721
1090683
1090719
1090817
1090937
1091055
1091128
1091172
1091199
1091208
1091204
1091185
1091177
1091156
1091129
1091144
1091130
1091144
1091212
1091247
1091288
1091291
1091221
1091161
1091118
1091097
1091114
1091090
1091002
1090971
1090971
1090938
1090940
1090961
1090954
1090985
1091113
1091239
1091284
1091289
1091287
1091190
1091041
1090991
1090970
1091033
1091176
1091288
1091398
1091460
1091461
1091434
1091416
1091382
1091350
1091342
1091350
1091414
1091403
1091399
1091442
1091324
1091224
1091153
1091043
1091036
1091024
1091000
1090971
1090925
1090922
1090937
1090980
1091002
1091014
1091029
1091000
1091018
1091050
1091044
1091027
1090970
1090908
1090836
1090772
1090759
1090762
1090766
1090788
1090871
1090936
1090947
1090954
1090918
1090893
1090938
1090952
1090913
1090894
1090822
1090776
1090758
1090671
1090657
1090683
1090724
1090824
1090918
1091026
1091097
1091079
1091019
1090955
1090872
1090821
1090833
1090838
1090884
1090958
1090990
1091006
1090945
1090839
1090752
1090676
1090651
1090675
1090739
1090814
1090898
1090980
1090990
1090966
1090935
1090893
1090857
1090813
1090824
1090891
1090953
1091017
1091050
1091043
1091032
1091018
1091029
1091042
1091039
1091053
1091043
1091018
1091024
1091025
1091044
1091080
1091102
1091170
1091256
1091315
1091373
1091389
1091355
1091327
1091310
1091283
1091209
1091105
1091030
1090967
1090978
1091073
1091133
1091144
1091089
1091000
1090915
1090824
1090801
1090859
1090978
1091130
1091245
1091350
1091407
1091394
1091384
1091357
1091312
1091282
1091246
1091219
1091217
1091206
1091206
1091205
1091153
1091111
1091117
1091147
1091217
1091297
1091344
1091383
1091404
1091412
1091410
1091343
1091260
1091228
1091243
1091288
1091327
1091333
1091320
1091311
1091267
1091224
1091215
1091197
1091188
1091128
1091046
1091008
1090975
1091023
1091103
1091141
1091167
1091167
1091173
1091144
1091071
1091004
1090951
1090915
1090886
1090887
1090929
1091014
1091109
1091187
1091240
1091264
1091276
1091288
1091274
1091201
1091125
1091073
1091055
1091138
1091261
1091364
1091475
1091520
1091513
1091520
1091489
1091490
1091500
1091464
1091478
1091461
1091428
1091429
1091365
1091313
1091296
1091280
1091345
1091418
1091434
1091433
1091365
1091283
1091255
1091252
1091308
1091394
1091445
1091441
1091388
1091297
1091230
1091198
1091140
1091116
1091128
1091150
1091198
1091209
1091202
1091228
1091252
1091252
1091297
1091340
1091314
1091255
1091165
1091112
1091088
1091077
1091095
1091080
1091058
1091081
1091124
1091148
1091185
1091212
1091212
1091225
1091221
1091232
1091297
1091366
1091405
1091378
1091303
1091203
1091122
1091102
1091102
1091112
1091111
1091119
1091145
1091164
1091197
1091218
1091223
1091240
1091256
1091258
1091297
1091370
1091400
1091406
1091384
1091307
1091216
1091164
1091135
1091108
1091124
1091192
1091297
1091383
1091385
1091369
1091345
1091319
1091306
1091290
1091298
1091290
1091266
1091236
1091221
1091251
1091264
1091276
1091277
1091245
1091197
1091113
1091054
1091041
1091051
1091100
1091107
1091083
1091038
1090934
1090873
1090839
1090812
1090812
1090760
1090758
1090783
1090755
1090820
1090876
1090933
1091062
1091059
1091017
1091026
1090972
1090869
1090749
1090600
1090467
1090417
1090438
1090489
1090573
1090651
1090671
1090731
1090791
1090789
1090789
1090760
1090722
1090687
1090624
1090561
1090496
1090433
1090424
1090475
1090549
1090630
1090717
1090772
1090786
1090816
1090811
1090765
1090686
1090571
1090491
1090420
1090373
1090387
1090427
1090463
1090493
1090533
1090592
1090649
1090679
1090680
1090654
1090630
1090627
1090624
1090598
1090580
1090610
1090660
1090719
1090764
1090748
1090717
1090691
1090673
1090707
1090762
1090777
1090771
1090799
1090827
1090862
1090894
1090883
1090887
1090863
1090847
1090895
1090901
1090864
1090840
1090801
1090773
1090772
1090769
1090787
1090810
1090849
1090898
1090912
1090908
1090901
1090872
1090829
1090813
1090786
1090769
1090777
1090748
1090733
1090758
1090758
1090747
1090768
1090774
1090768
1090751
1090687
1090602
1090540
1090546
1090616
1090706
1090798
1090880
1090903
1090926
1090940
1090900
1090918
1090937
1090944
1090992
1091013
1091027
1091007
1090938
1090889
1090865
1090846
1090908
1091032
1091095
1091170
1091204
1091146
1091130
1091064
1090978
1090933
1090866
1090852
1090890
1090949
1091030
1091077
1091088
1091098
1091111
1091122
1091122
1091087
1091031
1090982
1090963
1090968
1090978
1091035
1091067
1091075
1091136
1091154
1091204
1091239
1091192
1091201
1091195
1091178
1091200
1091251
1091337
1091325
1091247
1091241
1091286
1091329
1091367
1091428
1091443
1091383
1091305
1091246
1091254
1091290
1091312
1091315
1091306
1091259
1091180
1091166
1091211
1091241
1091269
1091321
1091365
1091383
1091370
1091370
1091359
1091320
1091336
1091344
1091339
1091328
1091314
1091378
1091393
1091391
1091432
1091440
1091480
1091501
1091483
1091496
1091492
1091478
1091462
1091395
1091297
1091209
1091133
1091055
1091012
1091021
1091039
1091032
1090980
1090964
1091016
1091074
1091095
1091034
1090940
1090916
1090935
1090969
1091025
1091044
1091068
1091101
1091113
1091137
1091131
1091115
1091094
1091056
1091088
1091137
1091138
1091141
1091066
1090965
1090960
1090988
1091046
1091140
1091225
1091281
1091272
1091198
1091163
1091150
1091095
1091078
1091075
1091108
1091189
1091217
1091222
1091226
1091169
1091103
1091068
1091029
1091060
1091081
1091044
1091055
1091046
1091058
1091118
1091150
1091186
1091226
1091228
1091212
1091221
1091210
1091184
1091152
1091084
1091055
1091050
1091088
1091137
1091132
1091144
1091128
1091122
1091144
1091150
1091168
1091134
1091081
1091090
1091120
1091125
1091134
1091138
1091134
1091153
1091160
1091177
1091212
1091223
1091242
1091296
1091384
1091470
1091521
1091570
1091570
1091480
1091373
1091257
1091125
1091086
1091134
1091209
1091329
1091421
1091446
1091426
1091396
1091388
1091414
1091441
1091413
1091369
1091330
1091327
1091345
1091351
1091406
1091433
1091427
1091446
1091407
1091341
1091294
1091204
1091103
1091042
1090996
1090972
1090955
1090912
1090862
1090806
1090793
1090831
1090848
1090904
1090933
1090916
1090915
1090836
1090722
1090638
1090575
1090575
1090623
1090686
1090776
1090838
1090890
1090937
1090901
1090832
1090783
1090750
1090725
1090717
1090742
1090803
1090892
1090931
1090943
1090960
1090911
1090849
1090825
1090809
1090854
1090930
1090963
1090998
1091017
1091008
1091026
1091000
1090966
1091010
1091061
1091094
1091072
1090969
1090938
1090998
1091060
1091161
1091173
1091148
1091186
1091146
1091159
1091156
1091091
1091107
1091100
1091123
1091143
1091126
1091124
1091095
1091135
1091210
1091278
1091317
1091270
1091233
1091181
1091156
1091190
1091156
1091163
1091163
1091088
1091042
1091014
1091026
1091057
1091082
1091039
1091001
1091046
1091070
1091122
1091131
1091082
1091052
1090940
1090860
1090847
1090787
1090829
1090908
1090863
1090815
1090793
1090761
1090785
1090861
1090886
1090857
1090814
1090815
1090847
1090797
1090752
1090698
1090629
1090672
1090763
1090830
1090843
1090827
1090836
1090886
1091005
1091106
1091123
1091095
1091008
1090927
1090912
1090965
1091071
1091149
1091209
1091234
1091196
1091205
1091212
1091171
1091151
1091126
1091110
1091112
1091112
1091102
1091054
1090982
1090925
1090894
1090880
1090917
1090914
1090844
1090782
1090699
1090684
1090768
1090827
1090813
1090776
1090731
1090702
1090744
1090806
1090867
1090889
1090870
1090827
1090728
1090677
1090709
1090721
1090731
1090756
1090795
1090911
1091043
1091143
1091177
1091129
1091120
1091101
1091055
1091078
1091092
1091054
1091047
1091069
1091131
1091197
1091182
1091153
1091138
1091144
1091201
1091271
1091363
1091422
1091392
1091335
1091282
1091232
1091192
1091161
1091142
1091123
1091074
1091035
1091094
1091195
1091271
1091316
1091321
1091328
1091316
1091306
1091305
1091262
1091223
1091219
1091226
1091237
1091275
1091288
1091273
1091263
1091226
1091215
1091246
1091264
1091284
1091297
1091263
1091228
1091184
1091136
1091136
1091107
1091085
1091123
1091138
1091188
1091233
1091224
1091225
1091197
1091200
1091233
1091274
1091341
1091339
1091280
1091229
1091195
1091200
1091250
1091313
1091339
1091317
1091295
1091293
1091317
1091378
1091406
1091398
1091393
1091380
1091403
1091407
1091388
1091390
1091323
1091242
1091184
1091146
1091175
1091237
1091297
1091326
1091376
1091423
1091405
1091387
1091325
1091212
1091136
1091101
1091130
1091233
1091353
1091440
1091448
1091401
1091320
1091242
1091238
1091253
1091307
1091412
1091488
1091579
1091634
1091628
1091600
1091505
1091451
1091469
1091483
1091512
1091559
1091593
1091569
1091507
1091452
1091422
1091463
1091536
1091626
1091694
1091688
1091662
1091541
1091416
1091306
1091168
1091178
1091195
1091200
1091249
1091267
1091252
1091194
1091195
1091176
1091161
1091207
1091176
1091127
1091076
1091020
1091033
1091074
1091107
1091159
1091164
1091157
1091188
1091167
1091169
1091192
1091160
1091147
1091177
1091208
1091279
1091361
1091375
1091393
1091409
1091418
1091466
1091523
1091569
1091552
1091511
1091493
1091464
1091468
1091505
1091515
1091527
1091533
1091515
1091521
1091519
1091496
1091419
1091302
1091242
1091246
1091283
1091314
1091316
1091302
1091283
1091257
1091264
1091320
1091360
1091402
1091424
1091384
1091350
1091357
1091396
1091430
1091443
1091425
1091353
1091307
1091260
1091217
1091256
1091269
1091268
1091272
1091227
1091196
1091162
1091148
1091147
1091099
1091068
1091027
1090972
1090948
1090940
1090977
1091026
1091067
1091104
1091121
1091144
1091145
1091104
1091067
1091019
1090974
1090980
1090980
1090995
1091009
1090987
1091011
1091043
1091056
1091059
1091014
1090953
1090931
1090963
1090987
1090996
1091010
1090960
1090921
1090945
1090978
1090997
1090954
1090872
1090844
1090892
1090963
1091027
1091062
1091018
1090923
1090865
1090894
1090974
1091018
1091051
1090998
1090917
1090888
1090817
1090871
1090976
1091014
1091083
1091074
1090989
1090931
1090852
1090811
1090863
1090860
1090882
1090902
1090811
1090779
1090743
1090717
1090768
1090764
1090785
1090821
1090746
1090689
1090694
1090661
1090684
1090730
1090710
1090750
1090776
1090722
1090670
1090603
1090555
1090533
1090538
1090605
1090687
1090752
1090803
1090815
1090814
1090858
1090901
1090950
1091006
1091034
1091032
1090982
1090960
1090956
1090988
1091052
1091093
1091169
1091170
1091078
1091023
1090958
1090924
1090916
1090870
1090864
1090845
1090824
1090862
1090897
1090955
1090989
1091005
1091018
1090973
1090973
1090957
1090915
1090940
1090947
1090998
1091079
1091099
1091081
1091022
1091027
1091061
1091053
1091104
1091141
1091150
1091178
1091178
1091205
1091206
1091170
1091197
1091199
1091210
1091262
1091269
1091308
1091345
1091317
1091286
1091259
1091271
1091298
1091332
1091380
1091364
1091347
1091369
1091342
1091316
1091315
1091301
1091319
1091372
1091403
1091429
1091452
1091421
1091347
1091265
1091234
1091237
1091246
1091298
1091318
1091252
1091190
1091161
1091159
1091233
1091299
1091288
1091290
1091288
1091271
1091273
1091240
1091214
1091187
1091135
1091128
1091151
1091181
1091209
1091171
1091077
1091028
1091025
1091041
1091095
1091126
1091158
1091190
1091152
1091145
1091167
1091178
1091212
1091184
1091118
1091108
1091118
1091165
1091242
1091258
1091276
1091285
1091202
1091164
1091168
1091157
1091194
1091205
1091196
1091227
1091268
1091338
1091382
1091304
1091217
1091229
1091263
1091336
1091432
1091453
1091454
1091461
1091458
1091473
1091471
1091436
1091383
1091282
1091188
1091206
1091304
1091426
1091503
1091464
1091409
1091392
1091338
1091348
1091440
1091444
1091428
1091421
1091341
1091269
1091209
1091180
1091167
1091131
1091149
1091152
1091123
1091135
1091143
1091106
1091070
1091039
1090987
1090971
1090965
1090962
1090957
1090947
1090963
1090958
1090961
1090958
1090932
1090919
1090898
1090918
1090962
1090977
1090988
1090958
1090943
1090995
1091019
1091035
1091096
1091155
1091189
1091167
1091096
1091010
1090889
1090806
1090826
1090835
1090834
1090919
1090973
1090962
1090956
1090856
1090752
1090740
1090711
1090757
1090845
1090848
1090831
1090767
1090706
1090690
1090648
1090601
1090602
1090665
1090694
1090652
1090618
1090591
1090542
1090502
1090528
1090544
1090511
1090528
1090569
1090600
1090644
1090669
1090640
1090564
1090453
1090349
1090332
1090418
1090493
1090557
1090652
1090671
1090678
1090681
1090668
1090693
1090677
1090684
1090717
1090728
1090748
1090754
1090789
1090843
1090852
1090818
1090788
1090755
1090714
1090735
1090790
1090811
1090847
1090903
1090995
1091135
1091223
1091275
1091267
1091196
1091142
1091061
1091013
1091043
1091031
1091000
1091023
1091091
1091164
1091226
1091261
1091208
1091125
1091003
1090912
1090942
1090960
1090992
1091007
1090976
1090924
1090849
1090823
1090788
1090782
1090800
1090805
1090840
1090870
1090892
1090903
1090956
1091034
1091071
1091105
1091056
1090921
1090801
1090707
1090649
1090649
1090698
1090787
1090918
1091024
1091085
1091139
1091125
1091078
1091058
1091011
1090964
1090934
1090887
1090910
1090957
1090963
1090999
1090985
1090971
1091034
1091101
1091205
1091290
1091275
1091217
1091154
1091108
1091093
1091076
1091053
1091076
1091087
1091066
1091091
1091123
1091139
1091144
1091152
1091184
1091250
1091369
1091425
1091416
1091431
1091388
1091319
1091234
1091115
1091066
1091053
1091092
1091186
1091239
1091295
1091384
1091472
1091473
1091401
1091295
1091155
1091139
1091180
1091184
1091165
1091083
1091062
1091101
1091142
1091225
1091284
1091282
1091244
1091192
1091124
1091078
1091067
1091054
1091068
1091083
1091102
1091109
1091091
1091089
1091030
1090963
1090979
1091044
1091146
1091209
1091216
1091199
1091154
1091136
1091160
1091162
1091139
1091102
1091035
1090991
1090960
1090973
1091013
1091000
1091032
1091058
1091065
1091117
1091145
1091162
1091144
1091149
1091157
1091104
1091093
1091065
1091007
1090988
1090967
1090978
1091031
1091033
1091022
1091003
1090908
1090873
1090884
1090888
1090958
1090995
1090998
1091020
1091021
1091053
1091127
1091136
1091118
1091117
1091089
1091085
1091068
1091032
1091038
1091045
1091078
1091073
1091028
1091047
1091009
1090939
1090916
1090875
1090831
1090796
1090784
1090774
1090791
1090821
1090887
1091008
1091066
1091099
1091092
1091023
1090940
1090844
1090831
1090870
1090869
1090837
1090811
1090827
1090850
1090889
1090929
1090940
1090940
1090911
1090906
1090891
1090865
1090892
1090878
1090885
1090908
1090886
1090901
1090918
1090921
1090916
1090914
1090919
1090938
1090961
1090953
1090941
1090979
1091070
1091148
1091187
1091188
1091187
1091168
1091161
1091227
1091277
1091324
1091364
1091331
1091264
1091209
1091147
1091096
1091109
1091176
1091241
1091265
1091281
1091279
1091255
1091255
1091225
1091158
1091159
1091177
1091189
1091261
1091305
1091284
1091269
1091249
1091221
1091221
1091217
1091251
1091337
1091380
1091437
1091494
1091510
1091517
1091456
1091341
1091236
1091179
1091166
1091182
1091262
1091353
1091425
1091497
1091520
1091508
1091496
1091501
1091561
1091599
1091557
1091496
1091384
1091289
1091279
1091225
1091225
1091339
1091379
1091357
1091297
1091166
1091121
1091166
1091201
1091245
1091240
1091218
1091251
1091268
1091220
1091135
1091068
1091028
1091015
1091008
1091018
1091034
1091009
1091028
1091069
1091063
1091062
1091038
1091037
1091096
1091112
1091105
1091086
1091042
1091017
1090998
1090995
1091040
1091076
1091073
1091116
1091154
1091136
1091126
1091106
1091085
1091084
1091069
1091011
1090968
1090964
1090950
1090963
1091020
1091063
1091066
1091070
1091094
1091122
1091144
1091180
1091248
1091298
1091329
1091334
1091238
1091141
1091111
1091070
1091056
1091078
1091127
1091173
1091180
1091200
1091208
1091214
1091220
1091199
1091183
1091213
1091258
1091270
1091262
1091232
1091210
1091230
1091284
1091332
1091343
1091357
1091323
1091236
1091184
1091169
1091187
1091211
1091251
1091272
1091249
1091255
1091245
1091236
1091265
1091259
1091236
1091229
1091204
1091153
1091123
1091115
1091144
1091216
1091297
1091367
1091403
1091458
1091493
1091449
1091395
1091349
1091302
1091225
1091197
1091234
1091229
1091308
1091412
1091433
1091477
1091512
1091522
1091528
1091519
1091510
1091514
1091514
1091489
1091445
1091359
1091288
1091285
1091284
1091312
1091339
1091306
1091303
1091288
1091260
1091269
1091226
1091186
1091152
1091135
1091181
1091192
1091194
1091198
1091205
1091216
1091171
1091118
1091031
1090956
1090937
1090918
1090980
1091080
1091162
1091268
1091296
1091214
1091141
1091111
1091073
1091048
1091070
1091101
1091133
1091179
1091220
1091249
1091220
1091171
1091150
1091094
1091081
1091100
1091065
1091033
1090990
1090924
1090895
1090900
1090879
1090877
1090894
1090889
1090917
1090953
1091001
1091000
1090945
1090920
1090834
1090737
1090679
1090621
1090626
1090687
1090786
1090873
1090898
1090909
1090931
1090957
1090961
1090922
1090878
1090869
1090903
1090933
1090943
1090922
1090884
1090892
1090925
1090976
1091031
1091038
1090983
1090910
1090913
1090948
1090935
1090923
1090899
1090874
1090906
1090981
1091099
1091191
1091182
1091142
1091120
1091105
1091109
1091086
1091033
1091038
1091093
1091169
1091255
1091318
1091300
1091213
1091156
1091135
1091125
1091135
1091180
1091227
1091275
1091325
1091277
1091203
1091175
1091121
1091078
1091044
1091005
1091013
1091012
1091014
1091089
1091148
1091159
1091166
1091153
1091108
1091079
1091045
1090983
1090954
1090903
1090843
1090831
1090812
1090787
1090768
1090745
1090732
1090757
1090822
1090904
1090930
1090911
1090876
1090808
1090799
1090791
1090749
1090740
1090710
1090718
1090749
1090785
1090874
1090943
1091012
1091071
1091108
1091168
1091204
1091159
1091082
1091003
1090929
1090920
1090917
1090924
1090956
1090962
1090995
1091009
1090982
1091001
1091075
1091090
1091042
1091025
1090989
1090987
1091043
1091091
1091142
1091130
1091082
1091045
1091028
1091039
1091039
1091088
1091124
1091121
1091149
1091119
1091078
1091049
1090994
1090999
1091011
1091050
1091109
1091087
1091067
1091014
1090941
1090930
1090913
1090926
1090967
1091023
1091079
1091087
1091110
1091115
1091137
1091192
1091163
1091120
1091072
1091003
1090979
1090940
1090907
1090881
1090843
1090870
1090902
1090946
1091006
1090996
1091010
1091010
1090961
1090954
1090913
1090869
1090845
1090798
1090802
1090823
1090865
1090959
1091037
1091069
1091026
1090955
1090883
1090824
1090817
1090797
1090805
1090863
1090927
1091047
1091161
1091183
1091158
1091135
1091088
1091085
1091155
1091184
1091212
1091200
1091120
1091126
1091154
1091189
1091278
1091333
1091393
1091425
1091400
1091405
1091433
1091455
1091475
1091512
1091516
1091523
1091552
1091493
1091446
1091398
1091324
1091328
1091333
1091341
1091314
1091231
1091164
1091096
1091086
1091142
1091213
1091260
1091307
1091332
1091265
1091196
1091132
1091046
1090986
1090979
1091009
1091028
1091043
1091051
1091011
1090953
1090946
1090955
1091003
1091093
1091108
1091058
1090965
1090868
1090833
1090874
1091006
1091108
1091177
1091244
1091234
1091219
1091211
1091185
1091141
1091135
1091204
1091253
1091285
1091239
1091115
1091036
1091076
1091201
1091326
1091420
1091404
1091318
1091234
1091163
1091119
1091084
1091085
1091083
1091029
1090977
1090989
1091029
1091078
1091176
1091235
1091221
1091183
1091137
1091102
1091086
1091091
1091101
1091129
1091151
1091166
1091211
1091212
1091181
1091144
1091132
1091135
1091107
1091119
1091082
1091009
1091000
1090991
1091027
1091112
1091201
1091291
1091311
1091285
1091297
1091275
1091211
1091157
1091049
1090954
1090924
1090913
1091002
1091126
1091226
1091336
1091373
1091400
1091411
1091350
1091268
1091161
1091097
1091084
1091121
1091195
1091233
1091270
1091264
1091196
1091201
1091258
1091278
1091288
1091238
1091152
1091084
1091034
1091033
1091026
1091012
1091016
1090997
1091014
1091041
1091050
1091114
1091139
1091107
1091079
1091042
1091044
1091067
1091056
1091036
1091028
1091037
1091097
1091159
1091197
1091215
1091222
1091221
1091192
1091147
1091077
1091026
1090971
1090892
1090916
1091037
1091174
1091286
1091294
1091229
1091164
1091089
1091064
1091056
1091057
1091096
1091075
1091041
1091024
1091023
1091055
1091051
1091010
1090950
1090916
1090928
1090940
1090973
1090993
1091001
1090987
1090939
1090928
1090876
1090826
1090857
1090864
1090866
1090882
1090898
1090956
1090985
1090987
1091051
1091089
1091114
1091155
1091146
1091115
1091068
1091034
1091028
1091058
1091091
1091109
1091199
1091256
1091252
1091274
1091245
1091216
1091230
1091254
1091308
1091334
1091367
1091418
1091374
1091302
1091252
1091213
1091272
1091372
1091453
1091535
1091529
1091472
1091410
1091310
1091303
1091331
1091314
1091344
1091353
1091347
1091376
1091336
1091291
1091281
1091202
1091126
1091107
1091080
1091063
1091076
1091070
1091049
1091043
1091066
1091095
1091104
1091115
1091137
1091144
1091080
1091005
1090932
1090861
1090861
1090926
1090996
1091017
1091006
1090924
1090880
1090925
1090936
1090976
1091017
1091043
1091074
1091068
1091058
1091014
1091002
1091088
1091162
1091196
1091167
1091076
1090991
1090887
1090819
1090821
1090910
1091088
1091210
1091290
1091320
1091265
1091192
1091073
1090931
1090810
1090732
1090741
1090776
1090827
1090874
1090889
1090919
1090941
1090976
1091000
1090986
1090962
1090936
1090955
1090968
1090941
1090898
1090848
1090816
1090794
1090828
1090922
1091001
1091057
1091104
1091132
1091105
1091087
1091115
1091105
1091142
1091184
1091142
1091107
1091060
1091028
1091065
1091143
1091237
1091290
1091330
1091370
1091349
1091333
1091347
1091335
1091288
1091233
1091212
1091222
1091246
1091249
1091258
1091264
1091227
1091185
1091140
1091123
1091122
1091119
1091104
1091078
1091065
1091022
1090988
1090974
1090965
1090990
1091026
1091058
1091045
1091004
1090989
1090966
1090976
1090998
1090966
1090896
1090785
1090692
1090657
1090675
1090741
1090829
1090903
1090933
1090930
1090892
1090813
1090709
1090641
1090602
1090602
1090696
1090812
1090925
1091036
1091068
1091048
1091055
1091062
1091094
1091164
1091197
1091223
1091282
1091338
1091363
1091337
1091297
1091259
1091211
1091181
1091172
1091223
1091295
1091297
1091300
1091332
1091371
1091433
1091466
1091458
1091430
1091366
1091331
1091277
1091171
1091109
1091036
1091012
1091040
1091046
1091115
1091156
1091167
1091165
1091089
1091017
1090939
1090868
1090843
1090852
1090911
1090924
1090895
1090915
1090942
1090974
1090978
1090985
1091023
1091049
1091089
1091122
1091125
1091137
1091161
1091163
1091170
1091212
1091187
1091098
1091036
1091009
1091043
1091097
1091098
1091082
1091021
1090934
1090915
1090929
1090937
1091008
1091135
1091237
1091279
1091285
1091245
1091211
1091230
1091220
1091194
1091146
1091099
1091105
1091111
1091104
1091065
1091016
1090983
1090970
1090959
1090942
1090928
1090909
1090932
1090973
1090986
1090984
1090945
1090874
1090830
1090834
1090891
1090976
1091040
1091048
1091001
1090933
1090879
1090866
1090880
1090903
1090965
1091045
1091061
1091002
1090926
1090897
1090915
1090953
1091033
1091081
1091081
1091075
1090979
1090863
1090803
1090802
1090908
1091026
1091138
1091223
1091160
1091081
1091056
1091053
1091107
1091152
1091171
1091173
1091193
1091248
1091264
1091257
1091201
1091098
1091039
1091015
1091045
1091096
1091106
1091105
1091048
1090967
1090929
1090922
1090949
1090986
1090986
1090972
1090968
1090960
1090997
1091083
1091162
1091171
1091109
1091044
1090982
1090951
1091005
1091105
1091196
1091272
1091291
1091275
1091275
1091246
1091206
1091125
1091014
1090978
1090964
1090993
1091064
1091109
1091209
1091278
1091270
1091281
1091253
1091222
1091201
1091118
1091088
1091093
1091063
1091083
1091095
1091071
1091093
1091085
1091078
1091124
1091135
1091113
1091096
1091087
1091073
1091045
1091008
1090992
1090991
1090992
1091019
1091021
1091020
1091048
1091085
1091137
1091148
1091136
1091107
1091041
1090999
1091021
1091111
1091197
1091255
1091265
1091232
1091214
1091165
1091134
1091112
1091085
1091149
1091217
1091217
1091193
1091159
1091169
1091237
1091290
1091280
1091182
1091109
1091122
1091096
1091063
1091004
1090899
1090848
1090873
1090965
1091076
1091184
1091258
1091272
1091220
1091157
1091162
1091174
1091191
1091178
1091078
1090979
1090914
1090916
1091016
1091115
1091149
1091137
1091142
1091164
1091179
1091224
1091217
1091196
1091207
1091206
1091232
1091209
1091184
1091187
1091146
1091132
1091157
1091185
1091219
1091268
1091267
1091232
1091270
1091302
1091300
1091308
1091254
1091179
1091157
1091184
1091234
1091305
1091406
1091426
1091362
1091303
1091232
1091177
1091137
1091117
1091174
1091256
1091327
1091367
1091364
1091314
1091232
1091183
1091152
1091150
1091176
1091182
1091159
1091110
1091048
1091016
1091069
1091141
1091196
1091259
1091273
1091243
1091242
1091258
1091246
1091267
1091282
1091240
1091183
1091103
1091060
1091041
1091041
1091100
1091140
1091153
1091153
1091147
1091193
1091279
1091349
1091443
1091539
1091574
1091627
1091656
1091612
1091602
1091600
1091548
1091535
1091565
1091568
1091588
1091619
1091672
1091781
1091811
1091760
1091682
1091548
1091502
1091527
1091510
1091545
1091535
1091468
1091461
1091442
1091440
1091443
1091411
1091342
1091226
1091159
1091135
1091158
1091214
1091229
1091210
1091185
1091193
1091199
1091201
1091228
1091234
1091220
1091190
1091156
1091124
1091088
1091091
1091093
1091075
1091097
1091146
1091245
1091363
1091428
1091426
1091308
1091134
1091035
1091003
1091050
1091212
1091369
1091471
1091548
1091543
1091489
1091441
1091319
1091150
1091076
1091103
1091174
1091238
1091261
1091242
1091207
1091146
1091076
1091114
1091213
1091266
1091289
1091263
1091196
1091144
1091113
1091110
1091128
1091089
1091075
1091073
1090976
1090930
1090953
1091026
1091120
1091167
1091177
1091135
1091135
1091096
1091000
1090908
1090776
1090756
1090812
1090834
1090845
1090814
1090776
1090828
1090972
1091050
1091061
1091040
1090948
1090935
1090957
1090959
1091028
1091037
1090981
1090944
1090882
1090850
1090857
1090843
1090886
1090955
1091003
1091113
1091171
1091083
1090984
1090849
1090675
1090634
1090644
1090631
1090725
1090864
1090979
1091109
1091144
1091051
1090999
1090946
1090855
1090872
1090911
1090967
1091129
1091193
1091206
1091246
1091155
1091077
1090983
1090768
1090661
1090623
1090596
1090686
1090718
1090673
1090661
1090610
1090602
1090637
1090673
1090796
1090890
1090886
1090826
1090688
1090528
1090448
1090452
1090502
1090610
1090717
1090777
1090855
1090861
1090756
1090674
1090561
1090476
1090486
1090452
1090460
1090517
1090497
1090528
1090576
1090525
1090542
1090576
1090576
1090697
1090758
1090715
1090789
1090814
1090755
1090769
1090685
1090591
1090561
1090458
1090486
1090563
1090598
1090714
1090779
1090812
1090831
1090798
1090739
1090721
1090760
1090750
1090811
1090924
1091002
1091104
1091128
1091089
1091013
1090873
1090784
1090738
1090739
1090860
1090972
1091077
1091162
1091116
1091064
1090980
1090893
1090880
1090842
1090816
1090811
1090814
1090841
1090852
1090830
1090835
1090848
1090873
1090958
1090998
1090993
1090939
1090820
1090727
1090670
1090648
1090701
1090778
1090837
1090953
1091067
1091137
1091197
1091126
1090965
1090793
1090640
1090627
1090686
1090775
1090981
1091203
1091333
1091438
1091405
1091200
1091037
1090891
1090818
1090898
1090982
1091063
1091107
1091055
1090997
1090994
1090998
1091028
1091132
1091205
1091268
1091331
1091288
1091235
1091100
1090874
1090795
1090760
1090779
1090888
1090890
1090947
1091127
1091300
1091521
1091697
1091695
1091562
1091306
1090953
1090671
1090504
1090490
1090672
1090845
1090999
1091154
1091127
1091064
1091029
1090936
1090956
1091017
1091055
1091184
1091252
1091180
1091061
1090856
1090705
1090750
1090843
1091047
1091309
1091393
1091425
1091422
1091311
1091291
1091319
1091323
1091398
1091379
1091302
1091227
1091095
1091120
1091257
1091413
1091570
1091575
1091512
1091479
1091423
1091369
1091373
1091353
1091387
1091560
1091583
1091499
1091410
1091257
1091227
1091258
1091258
1091333
1091416
1091444
1091441
1091317
1091189
1091210
1091223
1091285
1091408
1091494
1091608
1091625
1091551
1091452
1091253
1091180
1091213
1091170
1091201
1091202
1091139
1091145
1091146
1091199
1091309
1091347
1091378
1091395
1091333
1091343
1091415
1091519
1091687
1091800
1091804
1091726
1091611
1091507
1091462
1091429
1091401
1091420
1091435
1091466
1091523
1091577
1091648
1091696
1091690
1091642
1091544
1091460
1091379
1091261
1091142
1091091
1091164
1091335
1091573
1091742
1091709
1091561
1091434
1091329
1091290
1091322
1091341
1091385
1091386
1091358
1091387
1091391
1091366
1091307
1091226
1091224
1091299
1091368
1091377
1091305
1091163
1091070
1091072
1091105
1091198
1091272
1091296
1091350
1091361
1091372
1091401
1091394
1091442
1091488
1091473
1091467
1091355
1091143
1091004
1090878
1090830
1090917
1091017
1091178
1091337
1091372
1091336
1091213
1091085
1091026
1090987
1091016
1091053
1091070
1091147
1091260
1091327
1091359
1091336
1091185
1090981
1090803
1090732
1090770
1090912
1091067
1091146
1091237
1091238
1091217
1091245
1091210
1091209
1091219
1091159
1091106
1091033
1090937
1090951
1091026
1091105
1091236
1091327
1091336
1091295
1091159
1090966
1090810
1090754
1090843
1091039
1091266
1091450
1091552
1091532
1091404
1091252
1091125
1091091
1091134
1091196
1091221
1091160
1091124
1091179
1091245
1091310
1091383
1091404
1091423
1091520
1091583
1091574
1091520
1091408
1091381
1091405
1091440
1091549
1091563
1091527
1091519
1091476
1091484
1091500
1091435
1091336
1091237
1091154
1091117
1091078
1091061
1091147
1091271
1091448
1091688
1091853
1091917
1091889
1091713
1091455
1091187
1090898
1090686
1090577
1090478
1090492
1090650
1090864
1091100
1091247
1091294
1091258
1091160
1091095
1091096
1091107
1091108
1091139
1091115
1091060
1091016
1090905
1090804
1090811
1090838
1090880
1090985
1091064
1091166
1091241
1091160
1090989
1090818
1090719
1090719
1090785
1090924
1091117
1091243
1091289
1091348
1091381
1091339
1091255
1091100
1090898
1090750
1090620
1090535
1090589
1090708
1090859
1091051
1091188
1091230
1091187
1091092
1091023
1090974
1090929
1090990
1091083
1091109
1091134
1091047
1090858
1090674
1090467
1090382
1090446
1090543
1090755
1091002
1091181
1091310
1091270
1091194
1091172
1091078
1090973
1090835
1090667
1090544
1090437
1090396
1090437
1090531
1090750
1091026
1091190
1091252
1091215
1091159
1091148
1091091
1090983
1090841
1090655
1090513
1090482
1090549
1090709
1090881
1091061
1091297
1091481
1091608
1091713
1091708
1091561
1091293
1090944
1090651
1090488
1090443
1090520
1090682
1090841
1090921
1090968
1091077
1091232
1091353
1091407
1091351
1091168
1090961
1090774
1090612
1090522
1090426
1090337
1090406
1090530
1090600
1090672
1090744
1090851
1090947
1090989
1091072
1091112
1091055
1090960
1090743
1090563
1090538
1090525
1090645
1090832
1090902
1090953
1090950
1090940
1090964
1090877
1090793
1090670
1090478
1090450
1090495
1090608
1090856
1091036
1091167
1091268
1091254
1091230
1091140
1090989
1090901
1090797
1090712
1090649
1090554
1090533
1090602
1090775
1091044
1091290
1091479
1091520
1091391
1091227
1091057
1090952
1090896
1090818
1090766
1090749
1090797
1090916
1091072
1091208
1091261
1091231
1091136
1091006
1090917
1090905
1090934
1090890
1090748
1090656
1090649
1090740
1090933
1091130
1091275
1091296
1091260
1091205
1091076
1091007
1090981
1090933
1090914
1090834
1090771
1090858
1090975
1091061
1091129
1091130
1091092
1091079
1091087
1091124
1091121
1091062
1091019
1090934
1090875
1090854
1090745
1090659
1090619
1090601
1090670
1090787
1090913
1090984
1090969
1090878
1090752
1090653
1090612
1090616
1090572
1090538
1090536
1090567
1090668
1090727
1090747
1090716
1090666
1090626
1090586
1090663
1090733
1090724
1090718
1090676
1090640
1090699
1090873
1091044
1091150
1091196
1091107
1091042
1091039
1091051
1091163
1091207
1091202
1091157
1091005
1090931
1090911
1090916
1090965
1090977
1091027
1091141
1091293
1091474
1091540
1091515
1091450
1091319
1091258
1091221
1091156
1091179
1091234
1091319
1091428
1091455
1091422
1091311
1091208
1091222
1091199
1091204
1091244
1091192
1091186
1091151
1091079
1091102
1091119
1091166
1091274
1091372
1091477
1091514
1091444
1091354
1091231
1091064
1090974
1091010
1091126
1091232
1091306
1091324
1091290
1091272
1091168
1091102
1091099
1091051
1091102
1091170
1091198
1091218
1091230
1091306
1091339
1091235
1091141
1091066
1090955
1091006
1091087
1091108
1091250
1091334
1091367
1091437
1091420
1091406
1091354
1091232
1091181
1091127
1091061
1091092
1091114
1091086
1091120
1091185
1091262
1091355
1091398
1091387
1091338
1091231
1091113
1091042
1091027
1091050
1091072
1091061
1091029
1091069
1091150
1091248
1091353
1091291
1091170
1091090
1090998
1091013
1091114
1091161
1091145
1091103
1091040
1091004
1091055
1091141
1091211
1091280
1091285
1091203
1091116
1091090
1091142
1091233
1091327
1091382
1091353
1091288
1091208
1091040
1090923
1090945
1091053
1091294
1091517
1091607
1091584
1091449
1091298
1091227
1091285
1091441
1091587
1091645
1091667
1091659
1091592
1091566
1091544
1091479
1091471
1091443
1091368
1091332
1091304
1091302
1091304
1091263
1091232
1091234
1091249
1091231
1091171
1091094
1091012
1090953
1090952
1090963
1090972
1090962
1090927
1090964
1091014
1091123
1091350
1091519
1091653
1091708
1091641
1091534
1091374
1091199
1091005
1090851
1090811
1090845
1090940
1091027
1091043
1091009
1090992
1091025
1091082
1091134
1091199
1091258
1091319
1091398
1091383
1091281
1091130
1090996
1090939
1090895
1090882
1090841
1090827
1090886
1090952
1091101
1091263
1091409
1091518
1091484
1091333
1091095
1090888
1090781
1090756
1090842
1090991
1091100
1091159
1091193
1091228
1091291
1091308
1091289
1091284
1091283
1091348
1091437
1091467
1091428
1091350
1091317
1091313
1091301
1091306
1091302
1091262
1091239
1091223
1091186
1091189
1091183
1091160
1091150
1091080
1090999
1090945
1090906
1090905
1090913
1090942
1091004
1091082
1091157
1091190
1091196
1091167
1091107
1091089
1091090
1091104
1091104
1091027
1090933
1090850
1090810
1090812
1090824
1090891
1091014
1091174
1091303
1091367
1091374
1091299
1091248
1091248
1091243
1091254
1091246
1091224
1091262
1091308
1091304
1091305
1091262
1091227
1091334
1091402
1091430
1091475
1091384
1091302
1091251
1091144
1091151
1091177
1091133
1091120
1091055
1090981
1090998
1091007
1091030
1091083
1091067
1091056
1091042
1090987
1090966
1090986
1091029
1091057
1091111
1091125
1091088
1091092
1091050
1091046
1091078
1091072
1091121
1091131
1091117
1091099
1091021
1090971
1090932
1090888
1090875
1090875
1090846
1090848
1090886
1090894
1090957
1091045
1091136
1091226
1091254
1091259
1091232
1091188
1091143
1091100
1091051
1090974
1090927
1090912
1090965
1091086
1091155
1091211
1091262
1091237
1091265
1091264
1091122
1091023
1090937
1090886
1090953
1090994
1091063
1091168
1091215
1091263
1091248
1091178
1091146
1091128
1091114
1091105
1091083
1091037
1090986
1090926
1090876
1090839
1090825
1090829
1090810
1090809
1090820
1090818
1090806
1090801
1090820
1090857
1090882
1090882
1090900
1090899
1090879
1090874
1090841
1090831
1090866
1090871
1090898
1090959
1091021
1091093
1091105
1091106
1091128
1091114
1091114
1091158
1091196
1091240
1091226
1091163
1091189
1091181
1091149
1091167
1091127
1091088
1091086
1091075
1091094
1091128
1091173
1091230
1091241
1091286
1091379
1091447
1091482
1091459
1091380
1091266
1091166
1091079
1091062
1091144
1091175
1091176
1091184
1091172
1091234
1091305
1091308
1091269
1091192
1091111
1091052
1091035
1091033
1091060
1091096
1091132
1091226
1091222
1091196
1091224
1091148
1091133
1091147
1091098
1091145
1091178
1091184
1091217
1091185
1091172
1091177
1091149
1091173
1091217
1091236
1091300
1091402
1091501
1091554
1091552
1091508
1091434
1091397
1091323
1091252
1091248
1091260
1091347
1091399
1091399
1091403
1091338
1091275
1091236
1091180
1091124
1091101
1091082
1091076
1091108
1091093
1091102
1091142
1091167
1091236
1091272
1091267
1091208
1091116
1091059
1091005
1090971
1090943
1090959
1090967
1090969
1091020
1091016
1091065
1091158
1091173
1091194
1091199
1091164
1091160
1091148
1091134
1091158
1091167
1091190
1091213
1091177
1091128
1091080
1091076
1091127
1091169
1091214
1091211
1091191
1091225
1091259
1091343
1091412
1091423
1091404
1091338
1091286
1091212
1091124
1091049
1090992
1090902
1090772
1090728
1090720
1090746
1090829
1090876
1090953
1091064
1091142
1091229
1091256
1091231
1091173
1091031
1090950
1090913
1090892
1090954
1090935
1090934
1091021
1091032
1091072
1091124
1091156
1091225
1091295
1091345
1091338
1091336
1091300
1091261
1091279
1091249
1091232
1091259
1091271
1091311
1091380
1091411
1091447
1091481
1091472
1091466
1091406
1091294
1091208
1091148
1091122
1091134
1091137
1091114
1091095
1091098
1091090
1091073
1091076
1091037
1090983
1090993
1091033
1091082
1091133
1091191
1091213
1091202
1091246
1091245
1091222
1091255
1091220
1091211
1091243
1091209
1091170
1091114
1091038
1091016
1091030
1091059
1091142
1091248
1091318
1091330
1091250
1091170
1091176
1091173
1091238
1091352
1091358
1091371
1091340
1091283
1091237
1091143
1091107
1091090
1091062
1091033
1091056
1091125
1091175
1091236
1091256
1091251
1091259
1091239
1091223
1091224
1091187
1091170
1091161
1091100
1091078
1091056
1091004
1091023
1091050
1091080
1091162
1091216
1091268
1091295
1091249
1091229
1091205
1091130
1091075
1091053
1091036
1091075
1091140
1091197
1091244
1091198
1091132
1091054
1090999
1091041
1091065
1091069
1091064
1091058
1091081
1091059
1091041
1091087
1091163
1091255
1091286
1091290
1091360
1091393
1091412
1091438
1091393
1091354
1091283
1091162
1091088
1091040
1091060
1091135
1091196
1091243
1091220
1091149
1091094
1091097
1091117
1091135
1091138
1091057
1091009
1090999
1090975
1090990
1090965
1090946
1090956
1090953
1091002
1091026
1091027
1091045
1091030
1091055
1091106
1091118
1091108
1091027
1090900
1090780
1090679
1090688
1090764
1090808
1090856
1090872
1090839
1090790
1090784
1090858
1090912
1090974
1091096
1091141
1091136
1091124
1091014
1090936
1090919
1090913
1091008
1091076
1091036
1090994
1090944
1090947
1091059
1091150
1091204
1091228
1091164
1091063
1090974
1090917
1090957
1091071
1091135
1091205
1091278
1091304
1091342
1091287
1091162
1091017
1090874
1090874
1090958
1091049
1091109
1091111
1091104
1091096
1091130
1091171
1091183
1091165
1091103
1091065
1091070
1091080
1091087
1091094
1091049
1090984
1090980
1091045
1091183
1091345
1091465
1091497
1091432
1091312
1091202
1091108
1091054
1091084
1091147
1091223
1091311
1091370
1091386
1091399
1091374
1091312
1091248
1091117
1090989
1090922
1090885
1090939
1091019
1091107
1091211
1091228
1091213
1091135
1090995
1090902
1090804
1090755
1090781
1090771
1090747
1090772
1090806
1090819
1090795
1090766
1090789
1090794
1090757
1090752
1090753
1090719
1090701
1090663
1090622
1090624
1090636
1090707
1090798
1090850
1090845
1090770
1090697
1090653
1090684
1090774
1090860
1090927
1090958
1091001
1091029
1090979
1090901
1090823
1090732
1090708
1090801
1090883
1090923
1090994
1090995
1090938
1090910
1090835
1090797
1090829
1090793
1090783
1090835
1090834
1090806
1090763
1090733
1090733
1090747
1090828
1090950
1091045
1091069
1091036
1090946
1090810
1090785
1090824
1090831
1090866
1090850
1090795
1090790
1090798
1090820
1090871
1090917
1090920
1090873
1090825
1090789
1090742
1090733
1090739
1090739
1090743
1090752
1090823
1090864
1090880
1090918
1090885
1090852
1090884
1090900
1090919
1090939
1090880
1090838
1090821
1090775
1090820
1090884
1090909
1090946
1090954
1091023
1091086
1091017
1090985
1090973
1090919
1090912
1090880
1090823
1090833
1090826
1090817
1090891
1090997
1091158
1091323
1091344
1091271
1091163
1091038
1091008
1091055
1091095
1091180
1091276
1091263
1091234
1091213
1091079
1090956
1090897
1090871
1090945
1091047
1091132
1091182
1091158
1091129
1091117
1091075
1091091
1091169
1091185
1091189
1091191
1091148
1091126
1091152
1091198
1091251
1091322
1091336
1091323
1091323
1091265
1091247
1091258
1091234
1091256
1091309
1091384
1091441
1091438
1091393
1091310
1091247
1091189
1091135
1091111
1091066
1091036
1091034
1091022
1091081
1091199
1091248
1091262
1091244
1091135
1091060
1091029
1091000
1091059
1091113
1091122
1091101
1091023
1090973
1090937
1090921
1090933
1090913
1090918
1090969
1091034
1091142
1091248
1091245
1091210
1091196
1091121
1091127
1091226
1091241
1091219
1091194
1091142
1091146
1091182
1091166
1091148
1091099
1091031
1091037
1091014
1090976
1091034
1091089
1091141
1091197
1091149
1091100
1091099
1091083
1091091
1091084
1091075
1091099
1091099
1091087
1091049
1090982
1090924
1090936
1091010
1091075
1091176
1091270
1091338
1091398
1091333
1091259
1091225
1091167
1091200
1091209
1091159
1091165
1091111
1091055
1091072
1091056
1091078
1091156
1091202
1091238
1091249
1091190
1091137
1091153
1091141
1091167
1091216
1091170
1091152
1091112
1091088
1091184
1091248
1091304
1091304
1091187
1091064
1090979
1090986
1091049
1091123
1091197
1091219
1091241
1091326
1091398
1091453
1091476
1091413
1091347
1091245
1091119
1091029
1090973
1091023
1091120
1091182
1091201
1091210
1091244
1091295
1091333
1091301
1091289
1091320
1091308
1091277
1091194
1091159
1091274
1091349
1091385
1091400
1091336
1091289
1091220
1091211
1091324
1091399
1091439
1091441
1091384
1091334
1091339
1091435
1091528
1091581
1091559
1091424
1091303
1091224
1091179
1091152
1091163
1091216
1091262
1091373
1091542
1091658
1091665
1091616
1091542
1091479
1091469
1091450
1091406
1091358
1091313
1091279
1091290
1091349
1091394
1091435
1091446
1091397
1091376
1091400
1091415
1091408
1091388
1091340
1091277
1091265
1091272
1091255
1091249
1091242
1091247
1091351
1091517
1091619
1091617
1091566
1091516
1091425
1091298
1091178
1091117
1091132
1091135
1091197
1091302
1091319
1091310
1091302
1091261
1091239
1091220
1091192
1091217
1091211
1091173
1091187
1091150
1091115
1091110
1091036
1090992
1090931
1090852
1090877
1090895
1090897
1090932
1090939
1090882
1090851
1090875
1090882
1090915
1090909
1090830
1090802
1090811
1090784
1090767
1090766
1090797
1090857
1090884
1090923
1090959
1090957
1090939
1090849
1090716
1090658
1090699
1090813
1090973
1091101
1091138
1091130
1091126
1091104
1091082
1091046
1091016
1091042
1091073
1091107
1091128
1091158
1091225
1091249
1091258
1091237
1091112
1091004
1090969
1090974
1091048
1091143
1091213
1091279
1091307
1091279
1091257
1091230
1091218
1091254
1091288
1091305
1091325
1091341
1091332
1091362
1091361
1091327
1091350
1091305
1091212
1091135
1091067
1091089
1091218
1091366
1091493
1091544
1091498
1091442
1091358
1091281
1091253
1091203
1091125
1091078
1091064
1091084
1091206
1091338
1091409
1091444
1091397
1091286
1091147
1091023
1090996
1091018
1091040
1091127
1091199
1091221
1091267
1091278
1091223
1091145
1091028
1090932
1090934
1090987
1091085
1091212
1091277
1091260
1091201
1091158
1091146
1091141
1091146
1091131
1091137
1091171
1091184
1091199
1091162
1091079
1090999
1090978
1091043
1091109
1091134
1091065
1090973
1090924
1090929
1090984
1091030
1091069
1091121
1091195
1091195
1091171
1091168
1091124
1091143
1091185
1091234
1091281
1091286
1091336
1091310
1091258
1091261
1091203
1091198
1091225
1091229
1091223
1091179
1091177
1091195
1091199
1091210
1091249
1091292
1091297
1091267
1091183
1091117
1091161
1091204
1091235
1091312
1091317
1091288
1091277
1091204
1091169
1091212
1091216
1091229
1091256
1091287
1091348
1091300
1091244
1091238
1091144
1091109
1091101
1091017
1090999
1090985
1090920
1090944
1091047
1091169
1091275
1091342
1091369
1091347
1091311
1091235
1091163
1091124
1091075
1091040
1091021
1091012
1091023
1091038
1091015
1091014
1091051
1091041
1091022
1090969
1090844
1090809
1090864
1090933
1091053
1091142
1091170
1091175
1091155
1091119
1091045
1090933
1090851
1090842
1090880
1090994
1091082
1091061
1091014
1090952
1090920
1090953
1091076
1091246
1091359
1091423
1091406
1091333
1091260
1091165
1091086
1090966
1090862
1090848
1090819
1090845
1090913
1090975
1091059
1091138
1091202
1091185
1091130
1091076
1091020
1091028
1091026
1091005
1091024
1091017
1091032
1091096
1091136
1091135
1091108
1091115
1091104
1091037
1090957
1090848
1090763
1090757
1090793
1090846
1090923
1090995
1090983
1090938
1090924
1090899
1090916
1090925
1090871
1090859
1090897
1090972
1091010
1090975
1090938
1090917
1090966
1091053
1091082
1091113
1091185
1091231
1091224
1091212
1091182
1091121
1091073
1091013
1090948
1090929
1090966
1091033
1091128
1091276
1091376
1091375
1091327
1091258
1091207
1091173
1091141
1091167
1091257
1091360
1091420
1091386
1091329
1091274
1091209
1091216
1091244
1091249
1091271
1091258
1091224
1091210
1091163
1091131
1091166
1091177
1091150
1091132
1091148
1091214
1091285
1091259
1091166
1091101
1091035
1090971
1090957
1090965
1090961
1090970
1091011
1091074
1091120
1091194
1091296
1091324
1091356
1091335
1091167
1091018
1090886
1090798
1090813
1090833
1090875
1090916
1090987
1091082
1091130
1091200
1091258
1091244
1091220
1091215
1091193
1091185
1091210
1091219
1091212
1091225
1091220
1091206
1091231
1091185
1091108
1091075
1091045
1091056
1091053
1091044
1091055
1090999
1090914
1090856
1090816
1090805
1090830
1090851
1090881
1090992
1091089
1091117
1091077
1090968
1090868
1090794
1090782
1090830
1090882
1090961
1091001
1090956
1090908
1090880
1090875
1090916
1090940
1090931
1090946
1090995
1091053
1091122
1091159
1091144
1091156
1091156
1091138
1091123
1091085
