58506     
200.0
-13557
-12798
-12017
-11822
-12313
-12781
-13129
-13228
-13129
-13324
-13409
-13028
-12660
-12561
-12612
-12936
-13114
-12747
-12513
-12769
-13090
-13335
-13427
-12987
-12439
-12485
-12830
-13208
-13502
-13129
-12487
-12422
-12785
-13204
-13350
-13012
-12509
-12469
-12771
-12893
-12906
-12867
-12777
-12909
-13323
-13529
-13234
-12857
-12669
-12540
-12475
-12569
-12876
-13223
-13430
-13488
-13154
-12722
-12662
-12843
-13129
-13223
-12935
-12532
-12409
-12583
-12878
-13200
-13152
-12866
-12888
-13063
-13196
-13256
-12882
-12309
-12363
-12943
-13438
-13617
-13411
-12933
-12488
-12340
-12495
-12842
-13181
-13276
-13113
-12826
-12615
-12708
-13000
-13080
-12929
-12824
-12856
-12908
-12875
-12947
-12955
-12680
-12684
-12966
-13079
-13139
-13042
-12772
-12780
-13106
-13257
-13046
-12797
-12724
-12784
-12913
-12778
-12527
-12876
-13334
-13375
-13201
-12777
-12599
-12973
-13314
-13191
-12885
-12626
-12370
-12527
-13023
-13211
-13111
-12878
-12556
-12514
-12878
-13283
-13465
-13400
-12925
-12501
-12732
-12959
-12798
-12743
-12924
-13096
-13191
-13131
-12778
-12537
-12624
-12808
-12994
-13080
-13050
-13023
-13050
-13098
-13081
-12880
-12639
-12632
-12828
-13016
-13074
-12940
-12627
-12555
-12853
-13107
-13288
-13347
-13010
-12631
-12582
-12648
-12918
-13336
-13299
-12969
-12822
-12696
-12702
-13135
-13472
-13249
-12918
-12698
-12617
-13027
-13393
-13097
-12661
-12467
-12419
-12705
-13134
-13045
-12722
-12714
-12855
-13060
-13229
-13109
-12884
-12782
-12641
-12609
-12950
-13184
-13015
-12887
-12829
-12690
-12819
-13123
-13165
-13057
-12895
-12676
-12746
-13047
-13236
-13345
-13273
-12841
-12475
-12602
-12827
-12965
-13129
-13012
-12725
-12731
-12945
-13040
-13045
-12880
-12620
-12702
-13050
-13349
-13452
-13300
-12916
-12561
-12609
-12863
-13023
-13034
-12828
-12651
-12667
-12695
-12788
-12973
-13016
-13075
-13253
-13143
-12938
-12876
-12656
-12544
-12642
-12700
-12919
-13235
-13219
-12933
-12788
-12742
-12757
-13070
-13480
-13557
-13237
-12859
-12758
-12894
-12936
-12738
-12572
-12577
-12414
-12211
-12562
-13277
-13715
-13730
-13501
-13071
-12674
-12597
-12715
-12937
-13076
-12894
-12612
-12535
-12629
-12823
-13082
-13085
-12757
-12664
-12901
-13068
-13164
-13011
-12702
-12748
-12943
-12910
-12823
-12880
-12954
-13086
-13339
-13452
-13326
-13159
-12979
-12674
-12344
-12128
-12074
-12286
-12850
-13394
-13633
-13571
-13207
-12923
-12862
-12944
-12980
-12825
-12737
-12770
-12887
-12930
-12830
-12716
-12729
-13032
-13384
-13485
-13311
-13004
-12629
-12420
-12615
-12945
-13179
-13092
-12659
-12292
-12363
-12783
-13142
-13256
-13052
-12709
-12661
-12975
-13271
-13353
-13270
-13022
-12751
-12646
-12650
-12591
-12607
-12726
-12816
-13034
-13315
-13506
-13508
-13156
-12672
-12467
-12556
-12728
-12919
-12985
-12870
-12851
-12986
-13087
-13223
-13284
-13031
-12821
-12859
-12924
-12970
-13055
-12953
-12679
-12716
-12847
-12811
-12753
-12675
-12600
-12713
-13036
-13155
-13227
-13391
-13198
-12749
-12446
-12452
-12775
-13247
-13446
-13203
-12835
-12565
-12579
-12889
-13108
-13178
-13108
-12853
-12649
-12550
-12511
-12622
-12850
-12975
-13031
-13159
-13235
-13192
-13037
-12814
-12738
-12857
-12955
-12875
-12785
-12820
-12856
-12983
-13135
-13114
-12964
-12783
-12726
-12770
-12818
-12904
-13011
-13052
-13056
-13050
-13011
-12986
-12959
-12912
-12896
-12904
-12848
-12768
-12716
-12756
-12963
-13152
-13215
-13134
-12976
-12809
-12505
-12383
-12710
-13087
-13295
-13312
-13083
-12802
-12702
-12713
-12713
-12783
-12820
-12888
-13132
-13173
-12963
-12834
-12840
-12979
-13168
-13187
-13059
-12894
-12730
-12686
-12721
-12753
-12675
-12544
-12601
-12855
-13231
-13517
-13489
-13182
-12814
-12618
-12678
-12864
-13003
-13018
-12909
-12892
-12987
-12988
-12882
-12737
-12733
-12851
-12862
-12794
-12825
-13002
-13098
-13071
-13004
-12832
-12786
-12838
-12787
-12869
-13038
-13011
-12904
-12832
-12827
-12909
-12901
-12839
-12804
-12825
-12847
-12958
-13295
-13453
-13332
-13152
-12980
-12903
-12924
-12886
-12714
-12558
-12415
-12383
-12662
-12975
-13021
-13045
-13121
-13090
-13150
-13190
-13014
-12862
-12818
-12771
-12756
-12819
-12738
-12583
-12566
-12583
-12809
-13139
-13227
-13276
-13357
-13290
-13186
-13213
-13070
-12647
-12361
-12227
-12180
-12484
-12997
-13235
-13153
-13099
-13127
-13134
-13149
-13202
-13238
-13080
-12887
-12883
-12853
-12635
-12359
-12312
-12448
-12560
-12764
-12961
-13093
-13224
-13234
-13293
-13417
-13279
-12998
-12900
-12872
-12829
-12794
-12646
-12608
-12753
-12840
-12973
-13193
-13268
-13160
-13093
-13062
-12942
-12906
-12909
-12820
-12748
-12568
-12376
-12442
-12627
-12785
-12920
-13087
-13220
-13257
-13238
-13128
-13056
-13046
-12978
-12868
-12764
-12751
-12768
-12720
-12679
-12672
-12728
-12843
-12980
-13248
-13500
-13411
-13106
-12925
-12845
-12754
-12732
-12725
-12749
-12853
-12846
-12783
-12839
-12814
-12840
-13143
-13247
-13087
-12935
-12719
-12649
-12843
-12936
-12910
-13033
-13035
-12898
-13020
-13062
-12803
-12797
-13029
-13059
-13069
-12992
-12673
-12636
-12816
-12841
-12916
-13098
-13138
-13113
-13088
-12926
-12844
-12823
-12732
-12665
-12768
-12914
-12836
-12816
-12725
-12650
-12978
-13305
-13378
-13161
-12807
-12612
-12774
-13247
-13398
-13124
-12884
-12735
-12809
-13032
-13054
-12868
-12661
-12551
-12580
-12825
-13036
-13090
-13238
-13386
-13286
-12998
-12673
-12449
-12462
-12585
-12776
-12993
-13031
-12950
-12874
-12824
-12835
-12877
-12933
-13072
-13270
-13331
-13161
-12913
-12667
-12604
-12863
-13089
-13027
-12822
-12723
-12760
-12925
-13158
-13194
-13051
-12906
-12843
-12949
-13167
-13272
-13105
-12816
-12589
-12496
-12551
-12614
-12664
-12716
-12768
-12955
-13257
-13464
-13470
-13346
-13097
-12812
-12664
-12636
-12637
-12614
-12606
-12734
-12944
-12974
-12895
-12965
-13067
-13056
-12981
-12898
-12847
-12958
-13130
-13126
-12965
-12591
-12340
-12596
-13027
-13365
-13499
-13290
-12821
-12540
-12667
-12940
-13190
-13178
-12928
-12687
-12605
-12793
-13073
-13172
-12962
-12719
-12669
-12816
-13191
-13375
-13071
-12752
-12681
-12623
-12663
-12905
-13019
-12921
-12925
-12962
-12989
-13178
-13210
-12950
-12840
-12896
-12820
-12783
-12787
-12726
-12712
-12679
-12676
-12781
-12983
-13249
-13461
-13519
-13267
-12884
-12728
-12740
-12829
-12961
-12977
-12856
-12676
-12640
-12795
-12830
-12794
-12820
-12807
-12884
-13018
-13130
-13207
-13161
-13079
-12957
-12834
-12838
-12883
-12950
-13063
-13110
-13056
-12886
-12754
-12647
-12451
-12531
-12818
-12988
-13049
-13018
-12930
-12923
-13155
-13322
-13192
-13029
-12973
-12988
-12976
-12909
-12836
-12698
-12548
-12492
-12619
-12874
-12987
-13076
-13172
-13266
-13420
-13285
-12877
-12531
-12468
-12641
-12923
-13167
-13088
-12884
-12929
-13029
-12947
-12875
-12800
-12771
-12917
-13015
-12903
-12761
-12853
-13056
-13256
-13322
-13039
-12741
-12763
-12789
-12689
-12723
-12858
-12892
-12840
-12924
-12982
-12840
-12673
-12664
-12825
-12993
-13197
-13302
-13208
-13125
-13084
-13033
-12914
-12718
-12557
-12511
-12647
-12982
-13255
-13213
-13035
-12980
-12988
-13060
-13132
-12979
-12726
-12661
-12828
-12948
-12936
-12921
-12859
-12842
-12979
-13176
-13273
-13244
-13036
-12687
-12522
-12559
-12620
-12793
-13013
-13047
-13061
-13146
-13162
-13212
-13194
-12962
-12763
-12816
-12889
-12823
-12837
-12779
-12576
-12524
-12575
-12644
-12851
-13055
-13039
-13033
-13147
-13235
-13336
-13247
-12991
-12967
-12950
-12825
-12909
-12999
-12960
-13002
-13011
-12787
-12551
-12625
-12795
-12945
-13212
-13394
-13400
-13235
-12898
-12536
-12402
-12492
-12543
-12718
-12999
-13107
-13133
-13031
-12788
-12758
-12962
-13002
-12949
-12869
-12754
-12972
-13224
-13261
-13331
-13181
-12842
-12739
-12762
-12823
-13033
-12843
-12319
-12374
-12821
-13145
-13286
-13121
-12862
-12901
-13069
-12960
-12803
-12793
-12708
-12815
-13216
-13372
-13285
-13119
-12704
-12506
-12762
-12905
-12911
-12951
-12890
-12900
-13110
-13218
-13087
-12987
-12894
-12621
-12582
-12878
-13092
-13284
-13373
-13102
-12785
-12676
-12628
-12660
-12922
-13123
-13123
-13153
-13036
-12774
-12673
-12778
-12895
-12906
-13027
-13183
-13046
-12714
-12451
-12315
-12406
-12704
-12940
-13149
-13430
-13640
-13623
-13307
-12929
-12798
-12828
-12804
-12726
-12736
-12849
-12839
-12780
-12793
-12757
-12702
-12716
-12980
-13178
-13066
-13275
-13542
-13244
-12874
-12678
-12359
-12298
-12924
-13179
-12703
-12921
-13336
-13015
-13117
-13462
-12916
-12421
-12735
-12836
-12882
-13219
-12897
-12551
-12839
-12877
-12831
-13169
-13100
-12891
-13228
-13063
-12634
-12785
-12765
-12688
-13052
-13126
-12770
-12875
-13050
-12883
-13146
-13358
-13064
-13033
-13057
-12794
-12839
-12842
-12445
-12579
-13068
-13121
-13139
-13154
-12909
-12932
-13173
-13079
-12819
-12581
-12380
-12636
-13173
-13201
-12979
-12865
-12602
-12677
-13267
-13463
-13162
-12919
-12638
-12558
-12987
-13212
-12942
-12768
-12657
-12576
-13013
-13448
-13269
-13093
-13102
-12856
-12738
-12869
-12709
-12546
-12714
-12851
-12899
-13045
-13119
-13022
-13049
-13145
-13079
-12980
-12687
-12390
-12530
-12781
-13028
-13354
-13361
-13062
-12965
-12926
-12762
-12893
-13141
-13167
-13219
-13191
-12928
-12790
-12752
-12653
-12660
-12699
-12724
-12853
-12944
-12871
-12892
-13089
-13167
-13185
-13119
-12800
-12627
-12731
-12854
-12944
-13069
-13104
-12858
-12697
-12835
-13003
-13041
-12864
-12563
-12453
-12668
-13087
-13459
-13515
-13337
-13102
-12917
-12901
-13010
-13108
-13083
-12943
-12687
-12477
-12464
-12526
-12739
-13023
-13058
-12969
-12934
-12965
-13202
-13451
-13333
-12986
-12716
-12629
-12832
-13194
-13262
-12966
-12678
-12484
-12486
-12865
-13268
-13263
-12950
-12713
-12704
-12885
-13138
-13180
-13002
-12781
-12579
-12597
-12843
-12975
-12967
-12879
-12683
-12598
-12724
-13005
-13178
-13138
-13075
-13075
-13250
-13376
-13263
-12998
-12619
-12399
-12495
-12749
-12891
-12872
-12923
-12975
-13012
-13184
-13295
-13331
-13282
-12938
-12661
-12727
-12890
-13000
-13014
-12923
-12788
-12780
-12903
-12943
-12902
-12878
-12955
-13143
-13152
-12888
-12761
-12858
-12869
-12686
-12695
-13082
-13042
-12733
-12874
-13059
-13188
-13223
-12934
-12687
-12700
-12849
-13067
-13103
-12864
-12804
-12994
-12982
-12886
-13066
-13207
-13082
-12994
-12995
-12909
-12865
-12938
-12833
-12760
-12917
-12836
-12680
-12785
-12879
-12922
-13073
-13156
-13019
-12892
-12911
-13002
-13157
-13224
-13057
-12921
-12959
-12935
-12753
-12597
-12587
-12560
-12575
-12737
-12835
-12917
-13107
-13214
-13150
-13157
-13267
-13174
-12978
-12854
-12721
-12731
-12859
-12960
-13016
-12950
-12788
-12659
-12672
-12786
-12995
-13295
-13518
-13536
-13262
-12888
-12724
-12717
-12749
-12823
-12832
-12794
-12799
-12857
-12999
-13095
-13052
-12874
-12654
-12680
-12888
-12998
-13010
-13053
-13002
-12878
-12931
-12945
-12887
-12938
-12954
-12925
-13015
-13084
-12948
-12762
-12655
-12677
-12763
-12869
-13052
-13287
-13427
-13243
-12975
-12964
-13060
-12923
-12623
-12543
-12665
-12870
-13209
-13458
-13272
-12817
-12492
-12447
-12706
-13017
-13103
-13086
-13016
-12955
-13133
-13247
-13035
-12816
-12668
-12579
-12723
-12947
-13069
-13121
-13095
-13011
-12937
-12907
-12891
-12860
-12785
-12655
-12631
-12808
-13096
-13306
-13320
-13133
-12753
-12548
-12702
-12847
-12907
-12921
-12910
-12890
-12804
-12779
-12894
-13121
-13256
-13305
-13387
-13261
-13036
-12882
-12746
-12704
-12653
-12542
-12591
-12828
-12966
-12974
-13020
-12952
-12863
-12909
-12914
-12969
-12993
-12934
-12885
-12804
-12828
-12847
-12966
-12980
-13007
-13300
-13233
-13285
-13146
-12722
-12686
-12437
-12568
-12769
-12772
-13010
-12757
-13109
-13219
-12718
-13315
-12887
-12632
-13693
-13016
-12714
-13383
-12566
-12450
-13359
-12964
-12695
-13243
-12750
-12535
-13123
-12627
-12916
-13675
-12636
-12775
-13306
-12358
-13087
-13614
-12354
-12748
-13402
-12388
-13027
-13876
-12254
-12700
-13768
-12060
-12735
-14112
-12124
-12304
-13903
-12318
-12403
-14085
-12398
-12025
-13892
-12673
-12129
-13720
-13083
-12337
-13537
-13209
-11856
-13245
-13455
-11954
-13357
-13682
-12147
-13146
-13859
-12520
-13037
-13742
-12284
-12706
-13690
-12334
-12389
-13491
-12557
-12264
-13355
-12792
-12354
-13528
-13074
-12377
-13569
-13374
-12552
-13305
-13061
-12239
-13052
-13255
-12302
-12767
-13165
-12537
-13300
-13696
-12668
-12975
-13368
-12562
-12662
-13058
-12406
-12505
-13374
-13044
-12890
-13440
-12920
-12649
-13226
-12982
-12640
-13002
-12895
-12642
-13158
-13338
-12971
-13091
-13050
-12549
-12736
-13102
-12992
-13106
-13080
-12740
-12859
-13048
-12758
-12621
-12674
-12455
-12563
-13042
-13148
-13179
-13377
-13239
-13068
-13308
-13288
-12961
-12921
-12771
-12571
-12663
-12695
-12552
-12576
-12920
-12906
-12940
-13218
-12967
-13031
-13046
-12905
-13186
-13031
-13048
-12754
-12362
-12770
-12673
-13066
-13488
-12825
-12880
-12890
-12629
-13253
-13225
-12790
-12945
-12737
-12724
-13001
-13112
-13255
-13169
-13073
-12823
-12791
-13030
-12865
-12957
-13087
-12806
-12736
-12624
-12564
-12778
-12835
-13064
-12919
-12767
-13252
-13120
-13027
-13031
-12776
-13144
-13288
-13069
-12639
-12242
-12538
-12766
-13299
-13630
-12994
-12972
-12962
-12799
-13210
-13302
-13117
-12616
-12499
-12526
-12526
-13177
-12952
-12775
-13094
-12923
-13127
-13341
-13221
-12788
-12486
-12615
-12687
-13134
-13469
-13023
-12704
-12665
-12687
-13095
-13506
-13405
-12982
-12816
-12726
-12808
-13221
-13011
-12594
-12521
-12404
-12604
-13079
-13258
-13167
-13117
-12984
-12864
-13039
-13062
-12827
-12744
-12788
-12826
-12981
-13025
-12782
-12813
-12896
-12804
-13039
-13062
-12972
-13115
-13047
-13129
-13115
-12991
-12953
-12652
-12663
-12737
-12750
-13037
-13044
-13037
-13074
-12889
-12864
-12864
-12953
-13052
-12986
-13082
-13015
-12749
-12689
-12910
-12951
-12842
-13029
-12996
-12904
-12996
-12904
-12827
-12907
-12995
-12988
-12974
-12911
-12836
-12883
-12903
-12970
-13122
-13021
-12805
-12800
-12757
-12697
-12839
-12927
-12888
-12966
-13060
-13068
-13186
-13229
-12970
-12764
-12842
-12998
-13082
-12991
-12837
-12797
-12897
-13054
-13051
-12985
-12919
-12856
-12879
-12919
-12985
-12968
-12943
-12950
-12841
-12819
-12886
-12942
-12911
-12779
-12804
-12855
-12932
-13149
-13151
-12908
-12690
-12657
-12710
-12778
-12982
-13012
-12926
-13053
-13072
-13052
-13116
-13109
-13079
-13050
-13069
-12931
-12789
-12858
-12756
-12707
-12801
-12659
-12725
-12921
-12891
-13205
-13424
-13217
-13314
-13145
-12719
-12786
-12673
-12599
-13037
-13004
-12830
-12971
-12732
-12779
-12981
-12751
-12897
-12953
-12791
-13111
-13200
-13042
-13222
-13270
-13062
-12903
-12939
-12903
-12709
-12839
-12876
-12642
-12806
-13036
-12848
-12887
-13036
-12874
-13117
-13427
-13167
-12996
-12969
-12609
-12548
-12873
-12734
-12638
-12994
-12944
-12903
-13330
-13168
-12836
-12885
-12917
-13045
-13070
-13072
-12843
-12717
-13096
-12836
-12847
-13266
-12759
-12835
-13128
-12801
-13087
-13150
-12939
-13038
-13032
-13114
-12933
-12805
-12625
-12337
-12675
-12791
-12875
-13093
-13008
-12879
-12914
-13142
-13051
-13174
-13221
-12867
-12876
-12821
-12756
-12793
-12776
-12873
-12925
-13093
-13205
-13164
-13238
-13045
-12883
-12901
-12795
-12841
-12891
-12861
-12741
-12729
-12913
-13010
-13184
-13209
-13017
-12941
-12872
-12798
-12829
-12859
-12822
-12845
-12916
-12933
-13060
-13225
-13201
-13123
-12952
-12703
-12645
-12721
-12845
-13001
-13077
-13068
-13012
-12929
-12860
-12879
-12991
-12968
-12796
-12735
-12805
-12914
-13074
-13248
-13218
-13010
-12817
-12669
-12748
-13012
-13108
-12989
-12762
-12647
-12807
-13043
-13186
-13125
-12922
-12791
-12801
-12961
-13054
-12969
-12825
-12762
-12893
-13105
-13257
-13207
-12944
-12670
-12523
-12608
-12813
-12901
-12944
-12964
-12969
-13058
-13071
-13019
-13024
-13004
-12920
-12927
-13049
-13110
-13086
-13002
-12859
-12753
-12793
-12878
-12890
-12910
-12907
-12890
-12975
-13018
-12949
-12920
-12957
-12994
-13002
-12951
-12830
-12740
-12745
-12827
-12912
-12985
-13037
-12961
-12873
-12914
-13020
-13062
-13062
-13055
-13002
-12979
-13014
-13039
-13011
-13038
-13113
-13029
-12853
-12722
-12545
-12494
-12700
-12880
-12977
-13080
-13043
-12966
-13082
-13174
-13158
-13160
-13083
-12965
-12855
-12704
-12568
-12559
-12619
-12680
-12844
-13009
-13048
-13022
-12962
-12939
-13053
-13212
-13262
-13267
-13280
-13169
-12981
-12833
-12694
-12539
-12412
-12404
-12546
-12785
-13070
-13327
-13451
-13348
-13110
-12933
-12847
-12838
-12918
-12984
-12888
-12770
-12783
-12849
-12972
-13078
-13063
-12973
-12896
-12924
-13058
-13156
-13139
-13080
-12956
-12754
-12742
-12893
-12871
-12805
-12767
-12724
-12808
-12844
-12889
-13089
-13063
-12847
-12917
-12997
-12867
-12882
-12917
-12808
-12731
-12865
-13208
-13371
-13075
-12675
-12679
-12882
-12923
-12976
-12989
-12923
-13051
-13144
-13008
-12930
-13031
-13062
-12948
-12943
-12969
-12979
-13112
-13106
-12902
-12801
-12729
-12694
-12885
-13074
-13039
-12918
-12843
-12784
-12864
-12977
-12894
-12813
-12770
-12752
-12854
-12986
-13036
-12974
-12989
-13052
-13008
-13027
-13074
-13039
-13025
-12950
-12835
-12855
-12888
-12812
-12779
-12884
-12967
-13024
-13116
-13046
-12888
-12898
-12945
-12936
-13003
-12985
-12814
-12765
-12799
-12809
-12928
-13030
-12914
-12815
-12885
-12973
-13056
-13101
-13023
-12963
-13049
-13088
-13030
-12991
-12872
-12723
-12721
-12813
-12849
-12801
-12749
-12791
-12941
-13082
-13145
-13153
-13125
-13051
-12975
-12977
-13012
-12993
-12951
-12883
-12779
-12764
-12813
-12879
-13016
-13025
-12948
-12965
-12934
-12982
-13055
-12976
-12852
-12750
-12961
-13221
-13096
-12886
-12720
-12616
-12673
-12824
-12929
-12955
-12867
-12758
-12991
-13345
-13267
-12939
-12732
-12645
-12780
-13086
-13198
-13097
-13008
-12910
-12829
-12959
-13071
-13018
-13026
-12939
-12705
-12733
-12907
-12883
-12838
-12894
-12865
-12809
-12867
-12952
-13220
-13409
-13138
-12953
-12977
-12892
-12881
-13003
-12992
-12923
-12985
-12856
-12610
-12714
-12925
-12948
-12945
-12856
-12763
-13044
-13396
-13309
-12946
-12589
-12400
-12604
-12999
-13118
-12974
-12803
-12698
-12865
-13227
-13273
-13065
-12878
-12689
-12796
-13174
-13314
-13154
-13013
-12884
-12659
-12603
-12738
-12824
-12935
-13133
-13083
-12744
-12662
-12974
-13290
-13277
-13009
-12722
-12576
-12806
-13144
-13168
-12994
-12789
-12712
-12910
-13174
-13110
-12802
-12713
-12865
-13078
-13232
-13159
-12945
-12670
-12481
-12578
-12846
-13192
-13367
-13241
-13155
-13091
-13039
-13132
-13038
-12784
-12615
-12548
-12625
-12730
-12918
-13136
-13122
-12949
-12817
-12926
-13137
-13040
-12868
-12903
-12893
-12951
-13054
-12950
-12844
-12807
-12902
-13157
-13263
-12996
-12665
-12730
-12946
-13039
-13117
-12999
-12757
-12788
-12884
-12956
-13158
-13165
-13075
-13036
-12813
-12579
-12574
-12928
-13364
-13212
-12683
-12385
-12480
-12957
-13465
-13695
-13457
-12880
-12520
-12541
-12881
-13212
-13133
-12814
-12610
-12725
-13095
-13285
-12935
-12432
-12400
-12793
-13267
-13524
-13307
-12930
-12840
-13050
-13460
-13480
-12750
-12055
-12056
-12626
-13318
-13641
-13331
-12664
-12454
-12840
-13125
-13244
-13295
-13107
-12855
-12787
-12859
-12870
-12880
-12861
-12681
-12665
-12895
-12868
-12710
-12926
-13285
-13541
-13647
-13348
-12694
-12258
-12313
-12657
-13162
-13418
-13119
-12720
-12602
-12594
-12654
-12936
-13299
-13461
-13387
-13046
-12698
-12849
-13242
-13345
-13136
-12844
-12552
-12336
-12396
-12572
-12805
-13052
-13063
-13082
-13168
-13118
-13152
-13211
-13110
-13004
-12993
-12943
-12801
-12736
-12575
-12442
-12688
-12918
-13063
-13292
-13251
-12894
-12757
-12992
-13223
-13296
-13051
-12622
-12556
-12764
-12962
-13189
-13200
-12941
-12855
-13008
-13120
-13147
-13126
-13010
-12901
-12937
-12969
-12913
-12834
-12620
-12372
-12405
-12594
-12693
-12852
-13122
-13207
-13225
-13323
-13111
-12832
-12899
-13009
-13085
-13144
-12967
-12641
-12531
-12624
-12798
-13131
-13392
-13383
-13253
-13164
-13073
-12952
-12946
-12955
-12942
-13000
-12844
-12537
-12528
-12667
-12770
-12969
-13039
-13060
-13218
-13096
-12811
-12809
-13016
-13089
-13028
-13102
-13078
-12846
-12657
-12702
-12978
-13072
-12929
-12912
-13047
-13107
-12954
-12796
-12870
-13014
-13089
-13013
-12732
-12521
-12566
-12854
-13201
-13370
-13357
-13187
-12937
-12772
-12794
-12900
-12948
-12921
-12903
-12932
-12916
-12986
-13057
-12916
-12954
-13174
-13042
-12790
-12690
-12730
-12975
-12994
-12781
-12760
-12887
-13030
-13250
-13443
-13359
-13079
-12752
-12700
-12995
-13170
-13066
-12728
-12458
-12584
-12964
-13295
-13314
-13014
-12756
-12713
-12765
-13006
-13184
-12936
-12626
-12643
-12875
-13061
-13139
-13059
-12884
-12864
-12833
-12746
-12911
-13104
-13112
-13136
-13166
-13127
-13079
-13041
-12929
-12744
-12621
-12628
-12724
-12789
-12716
-12697
-12930
-13223
-13472
-13630
-13451
-12996
-12670
-12659
-12834
-12978
-12871
-12622
-12558
-12742
-13037
-13295
-13281
-12941
-12756
-12909
-13000
-12889
-12808
-12904
-13033
-13145
-13222
-13049
-12734
-12632
-12659
-12714
-12906
-12981
-12838
-12747
-12897
-13229
-13387
-13310
-13150
-12835
-12567
-12617
-12790
-12919
-13120
-13172
-12918
-12824
-13101
-13288
-13161
-13102
-13071
-12856
-12989
-13220
-12862
-12528
-12501
-12502
-12819
-13171
-12987
-12663
-12715
-12910
-13119
-13300
-13042
-12745
-12912
-12984
-12906
-12980
-12886
-12801
-13084
-13249
-13141
-13188
-13178
-12970
-13015
-13051
-12805
-12800
-12882
-12702
-12660
-12741
-12685
-12848
-13223
-13215
-12954
-12956
-13089
-13178
-13313
-13307
-12970
-12594
-12483
-12563
-12748
-12878
-12853
-12768
-12701
-12774
-12863
-13039
-13320
-13329
-13163
-12802
-12530
-12937
-13332
-13074
-12774
-12885
-12898
-12753
-12856
-12787
-12808
-13197
-13216
-13010
-12898
-13056
-13342
-12900
-12333
-12515
-13049
-13514
-13505
-13208
-13145
-13160
-12963
-12707
-12756
-12800
-12657
-12733
-12905
-12901
-12810
-12825
-12991
-13218
-13207
-12881
-12754
-13016
-13271
-13240
-13007
-12675
-12473
-12547
-12801
-13030
-13066
-13099
-12978
-12771
-12888
-13029
-12999
-13045
-13087
-12888
-12851
-13079
-13111
-13050
-12977
-12766
-12752
-13077
-13217
-12964
-12638
-12478
-12647
-13001
-13127
-13061
-13012
-12934
-12900
-13062
-13242
-13108
-12803
-12591
-12610
-12806
-13039
-13339
-13359
-13256
-13215
-13037
-12993
-12940
-12800
-12725
-12673
-12722
-12818
-12888
-12978
-13033
-12907
-12802
-12839
-12904
-13019
-13037
-12986
-13083
-13130
-12852
-12737
-12937
-12906
-12857
-12817
-12803
-12962
-12900
-12724
-12605
-12751
-13140
-13321
-13328
-13207
-12978
-12984
-13250
-13443
-13370
-12933
-12549
-12657
-12819
-12772
-12752
-12719
-12635
-12800
-13137
-13279
-13224
-13088
-12946
-12898
-12990
-13032
-12861
-12706
-12629
-12599
-12810
-13055
-13031
-12923
-12945
-13016
-13105
-13190
-13081
-12938
-12922
-12815
-12715
-12751
-12776
-12843
-12996
-13060
-13032
-13067
-13130
-13197
-13287
-13255
-13063
-12795
-12530
-12382
-12419
-12592
-12753
-12891
-13112
-13308
-13357
-13361
-13237
-12965
-12831
-12869
-12910
-12881
-12824
-12771
-12763
-12860
-12918
-12894
-12969
-13084
-13086
-13041
-12968
-12855
-12843
-13005
-13056
-12923
-12854
-12751
-12662
-12804
-13012
-13133
-13167
-13106
-12979
-12830
-12834
-12973
-13030
-13022
-13041
-13020
-12922
-12919
-12838
-12775
-12834
-12813
-13072
-13170
-13002
-13031
-12974
-12962
-12976
-12832
-12655
-12643
-12833
-13078
-13215
-13115
-13037
-13026
-12959
-13009
-13048
-12945
-12903
-12814
-12677
-12816
-13102
-13188
-13155
-13197
-12972
-12789
-13143
-13240
-12952
-12755
-12574
-12531
-12737
-12924
-12979
-13104
-12938
-12582
-12707
-12959
-13016
-13062
-13032
-12881
-12856
-12976
-13109
-13336
-13431
-13101
-12697
-12742
-12898
-12796
-12783
-12749
-12644
-12698
-12704
-12866
-13123
-13005
-12911
-13299
-13528
-13098
-12966
-13065
-12808
-12930
-12958
-12538
-12688
-13254
-13383
-13039
-12752
-12786
-12976
-13198
-13239
-13122
-13155
-13012
-12840
-12986
-12822
-12503
-12458
-12504
-12705
-13081
-13296
-13188
-13018
-12959
-13147
-13398
-13285
-12892
-12638
-12644
-12735
-12980
-13188
-13027
-12779
-12713
-12798
-13042
-13269
-13218
-12940
-12690
-12553
-12517
-12717
-13001
-13138
-13158
-13138
-13207
-13306
-13217
-12986
-12755
-12575
-12686
-13008
-13146
-13069
-12910
-12678
-12699
-13113
-13275
-13172
-12999
-12638
-12613
-12940
-12968
-12832
-12914
-12837
-12689
-13044
-13191
-12860
-13070
-13256
-12764
-12745
-13033
-12652
-12745
-13441
-13137
-12635
-12943
-12984
-12825
-13187
-13143
-12868
-13127
-13084
-12838
-13104
-13208
-12735
-12824
-13133
-12693
-12668
-13093
-12833
-12737
-13302
-13098
-12758
-13125
-12914
-12640
-13012
-12881
-12496
-12801
-13039
-12916
-13188
-13330
-12909
-12963
-13207
-12844
-12756
-12964
-12715
-12686
-13082
-13098
-13084
-13288
-13118
-12899
-13042
-12970
-12798
-13059
-13127
-12916
-13011
-12983
-12723
-12703
-12736
-12706
-12816
-12950
-12933
-13038
-13211
-13128
-13183
-13339
-13152
-12933
-12961
-12919
-12790
-12838
-12753
-12618
-12872
-13146
-13116
-12970
-12877
-12934
-13082
-13145
-13116
-13005
-12750
-12582
-12675
-12883
-13106
-13154
-12971
-12773
-12704
-12888
-13181
-13207
-12914
-12708
-12822
-12929
-12938
-13010
-13029
-13080
-13198
-13156
-13045
-12962
-12834
-12728
-12778
-12865
-12783
-12739
-12798
-12816
-12943
-13116
-13190
-13225
-13179
-13137
-13202
-13195
-13061
-12927
-12798
-12716
-12783
-12877
-12862
-12775
-12663
-12640
-12787
-12988
-13107
-13106
-13061
-13070
-13139
-13219
-13182
-12990
-12813
-12822
-12954
-13002
-12979
-12831
-12589
-12584
-12795
-13013
-13140
-13184
-13187
-13145
-13153
-13124
-12985
-12822
-12639
-12596
-12746
-12917
-13021
-12973
-12885
-13039
-13254
-13194
-13037
-12890
-12801
-12994
-13123
-12883
-12768
-12874
-12822
-12986
-13375
-13208
-12874
-12859
-12814
-12972
-13250
-13017
-12710
-12733
-12674
-12791
-13123
-13018
-12838
-13038
-13158
-13235
-13492
-13347
-12881
-12712
-12560
-12457
-12806
-12993
-12790
-12815
-12928
-12915
-13107
-13317
-13137
-12910
-12925
-12870
-12846
-12975
-12934
-12840
-12888
-12889
-12877
-13016
-13159
-13182
-13158
-13038
-12808
-12742
-12827
-12821
-12858
-12886
-12799
-12822
-12923
-12999
-13136
-13162
-12908
-12812
-12994
-13119
-13262
-13262
-13067
-12964
-12799
-12547
-12420
-12581
-13049
-13320
-13333
-13351
-13042
-12653
-12747
-13041
-13096
-12964
-12755
-12541
-12716
-13194
-13363
-13161
-12832
-12532
-12707
-13291
-13555
-13397
-13060
-12698
-12676
-13023
-13215
-13039
-12711
-12425
-12479
-12794
-12932
-12904
-12940
-13106
-13259
-13285
-13191
-12998
-12897
-12957
-13033
-13021
-12950
-12873
-12845
-13020
-13232
-13129
-12801
-12694
-12847
-12967
-13075
-13125
-12970
-12801
-12860
-12945
-12952
-13013
-13004
-13057
-13168
-13093
-12982
-12903
-12754
-12611
-12633
-12768
-12959
-13156
-13156
-13085
-13086
-12976
-12864
-12921
-13043
-13114
-13090
-12983
-12857
-12953
-13139
-12993
-12716
-12580
-12596
-12818
-13052
-13109
-13129
-13130
-13012
-12936
-13007
-13027
-12944
-12945
-12981
-12919
-12933
-13020
-13015
-13039
-13015
-12809
-12678
-12710
-12723
-12809
-13015
-13169
-13307
-13392
-13276
-13028
-12805
-12670
-12707
-12872
-12889
-12850
-12913
-12927
-13018
-13177
-13132
-13041
-13035
-12965
-12876
-12871
-12841
-12750
-12741
-12738
-12758
-12842
-12826
-12899
-13136
-13245
-13251
-13273
-13169
-13024
-12994
-12942
-12926
-13021
-13104
-13109
-13018
-12835
-12647
-12631
-12821
-13050
-13189
-13133
-12943
-12908
-12906
-12901
-13114
-13184
-12923
-12663
-12595
-12681
-12924
-13130
-13059
-13047
-13157
-13003
-12871
-13008
-12921
-12778
-12883
-12836
-12826
-13109
-13201
-13032
-12973
-12989
-13073
-13178
-13094
-12998
-12903
-12710
-12600
-12654
-12881
-13215
-13272
-12945
-12740
-12875
-13057
-13133
-13074
-12781
-12577
-12791
-13086
-13143
-12969
-12743
-12685
-12926
-13260
-13307
-13099
-12847
-12757
-12949
-13213
-13336
-13230
-12873
-12538
-12457
-12539
-12718
-12905
-12967
-12976
-13083
-13204
-13233
-13206
-13042
-12818
-12767
-12883
-13034
-13143
-13111
-12912
-12767
-12779
-12858
-12962
-13030
-12956
-12861
-12865
-12892
-13024
-13203
-13195
-13003
-12802
-12759
-12866
-12977
-12946
-12834
-12798
-12887
-13118
-13307
-13238
-12971
-12773
-12777
-12826
-12892
-13006
-13027
-12928
-12829
-12847
-12963
-13087
-13126
-13017
-12903
-12915
-12952
-13003
-13085
-13074
-13044
-13077
-13044
-12812
-12542
-12531
-12669
-12833
-12974
-12971
-12941
-12973
-13062
-13128
-13126
-13182
-13252
-13219
-13105
-12976
-12952
-13038
-12940
-12617
-12401
-12414
-12505
-12645
-12940
-13191
-13330
-13505
-13468
-13182
-12918
-12759
-12705
-12776
-12998
-13143
-13062
-12932
-12877
-12956
-13037
-12966
-12831
-12701
-12677
-12833
-12964
-13026
-13107
-13176
-13224
-13128
-12956
-12880
-12812
-12806
-13000
-13173
-13119
-13002
-12843
-12650
-12595
-12692
-12844
-12959
-12965
-12800
-12742
-13000
-13269
-13377
-13410
-13301
-13016
-12808
-12659
-12500
-12563
-12772
-12929
-13043
-13286
-13434
-13052
-12750
-12996
-13150
-12910
-12669
-12630
-12598
-12629
-12783
-12834
-12804
-12876
-13283
-13544
-13073
-12892
-13292
-13299
-13227
-13200
-12839
-12686
-12982
-13224
-13055
-12812
-12677
-12445
-12414
-12673
-13164
-13688
-13536
-13017
-12919
-12902
-12819
-13034
-13126
-13034
-13127
-12993
-12684
-12711
-12917
-12862
-12829
-13144
-12986
-12386
-12359
-12685
-13096
-13580
-13413
-12858
-12798
-12966
-13055
-13155
-12919
-12559
-12703
-12894
-12894
-13042
-12984
-12795
-13009
-13184
-12993
-13013
-13115
-12819
-12663
-12980
-13251
-13327
-13251
-12868
-12520
-12685
-13094
-13224
-13198
-13081
-12796
-12722
-12825
-12832
-12838
-12875
-12849
-12971
-13130
-12975
-12858
-12881
-12972
-13206
-13333
-13143
-12853
-12878
-12937
-12845
-13007
-13013
-12531
-12481
-12909
-13084
-13217
-13231
-12775
-12413
-12672
-13095
-13446
-13605
-13064
-12397
-12450
-12893
-13171
-13350
-13318
-12991
-12947
-13136
-13053
-12924
-13021
-12982
-12839
-12922
-12981
-12949
-13029
-13026
-12842
-12763
-12778
-12758
-12730
-12694
-12750
-12974
-13235
-13307
-13250
-13033
-12751
-12854
-13014
-12961
-13025
-13034
-12902
-12912
-13033
-13070
-13049
-13075
-12949
-12805
-12859
-12831
-12705
-12723
-12919
-13031
-13154
-13282
-13167
-13010
-12814
-12714
-12776
-12916
-13105
-13202
-13256
-12920
-12808
-13373
-13033
-12194
-12575
-13332
-13284
-12864
-12762
-12830
-12914
-13209
-13234
-12856
-12869
-13116
-13065
-13077
-12943
-12546
-12537
-12595
-12526
-13006
-13720
-13646
-13113
-12940
-12826
-12785
-12909
-12793
-12779
-12976
-12927
-12786
-12849
-12943
-12923
-12924
-13051
-13023
-12780
-12855
-13164
-13161
-13009
-13134
-13128
-12731
-12769
-13015
-12893
-12938
-12997
-12812
-12802
-13061
-12996
-12637
-12789
-13209
-13254
-13236
-13352
-13125
-12972
-12866
-12685
-12920
-12703
-12747
-13277
-12934
-12552
-12828
-13227
-13140
-13076
-13346
-12968
-12613
-13147
-13268
-12873
-12984
-12987
-12515
-12468
-13057
-13068
-12599
-12742
-12924
-12688
-12759
-13245
-13164
-12903
-13273
-13208
-12698
-12981
-13402
-12968
-12759
-13151
-12923
-12751
-13212
-12959
-12445
-12637
-12835
-12933
-13480
-13749
-13185
-12886
-12872
-12573
-12695
-13022
-12918
-12783
-12682
-12607
-12934
-13403
-13420
-13236
-13295
-13161
-12987
-13128
-13034
-12763
-12726
-12745
-12720
-12886
-12914
-12584
-12448
-12513
-12689
-13035
-13249
-13390
-13549
-13507
-13301
-13068
-12773
-12499
-12517
-12669
-12700
-12871
-13056
-13165
-13271
-13064
-13034
-13226
-12891
-12699
-13129
-13235
-12819
-12724
-12929
-13032
-13152
-12921
-12466
-12599
-13022
-13046
-13016
-13115
-12928
-13062
-13585
-13532
-13130
-12784
-12383
-12318
-12735
-13089
-13365
-13463
-12888
-12451
-12818
-13115
-13128
-13260
-13076
-12866
-13199
-13319
-12809
-12387
-12428
-12477
-12700
-12997
-12744
-12738
-13247
-13377
-13266
-13377
-13277
-12986
-12889
-12875
-13099
-13309
-13024
-12525
-12350
-12546
-12843
-13184
-13190
-12875
-12924
-13097
-13002
-13226
-13654
-13486
-13043
-12840
-12669
-12639
-12897
-12884
-12625
-12712
-12827
-12744
-12895
-13054
-12975
-12991
-12976
-12985
-13253
-13467
-13493
-13410
-13098
-12556
-12297
-12366
-12410
-12589
-12767
-12779
-13017
-13386
-13419
-13305
-13166
-12899
-12801
-12897
-12843
-12815
-13011
-12901
-12625
-12833
-13173
-13220
-13081
-12926
-12973
-13150
-13217
-13179
-13060
-12962
-12870
-12705
-12750
-12868
-12824
-12916
-12987
-13050
-13169
-12958
-12760
-12868
-13107
-13167
-13221
-13373
-12982
-12492
-12477
-12692
-12902
-13017
-12901
-12614
-12803
-13240
-13332
-13213
-12874
-12409
-12365
-12760
-13097
-13178
-13040
-12892
-12983
-13213
-13082
-13198
-13661
-13031
-12355
-12832
-13267
-13112
-12817
-12766
-13060
-13498
-13283
-12727
-12850
-12715
-12172
-12482
-13119
-13135
-13234
-13637
-13332
-12829
-12998
-13046
-12835
-12883
-12753
-12582
-12844
-12730
-12343
-12753
-13211
-13228
-13404
-13166
-12723
-12954
-13147
-13080
-13338
-13437
-13010
-12768
-12806
-12669
-12731
-12939
-12726
-12640
-12921
-12939
-12980
-13294
-13313
-13138
-13070
-12751
-12487
-12878
-13257
-13107
-13047
-13028
-12812
-12918
-13020
-12783
-12776
-13043
-13096
-12967
-12941
-12968
-13075
-13154
-13091
-12991
-12910
-12971
-13016
-12888
-12745
-12707
-12727
-12777
-12931
-13063
-13149
-13209
-12971
-12561
-12417
-12678
-13157
-13387
-13255
-13135
-13095
-13019
-12950
-12865
-12944
-13173
-13126
-12933
-12798
-12731
-12727
-12834
-13084
-13090
-13045
-12994
-12819
-12915
-13000
-13083
-13138
-12758
-12562
-12879
-13256
-13285
-13018
-13053
-13255
-13122
-12831
-12789
-12920
-12928
-12904
-12845
-12666
-12622
-12907
-13114
-12996
-12963
-13076
-12969
-12958
-13263
-13209
-12885
-12713
-12585
-12721
-13132
-13229
-12964
-12844
-12674
-12524
-12845
-13197
-13273
-13208
-12995
-12758
-12820
-13097
-13152
-13105
-13012
-12774
-12778
-12955
-12968
-12979
-13031
-12962
-12928
-12975
-12884
-12792
-13003
-13198
-13109
-13087
-13064
-12962
-13012
-13033
-12819
-12587
-12666
-12821
-12832
-12946
-13036
-12957
-12966
-12996
-12943
-12894
-12854
-12983
-13054
-12967
-13024
-13072
-13065
-13156
-13207
-12980
-12843
-13008
-12899
-12599
-12373
-12379
-12941
-13372
-13232
-13165
-13273
-13303
-13250
-13234
-13136
-12660
-12442
-12679
-12941
-13424
-13410
-12791
-12588
-12675
-12857
-12959
-12775
-12592
-12717
-13094
-13168
-13081
-13145
-13185
-13174
-12992
-12714
-12507
-12475
-12785
-13098
-13164
-13263
-13258
-13035
-13027
-13114
-12960
-12857
-12798
-12686
-12886
-13203
-13139
-12849
-12757
-12872
-13051
-13272
-13198
-12757
-12512
-12648
-12886
-13064
-13097
-13036
-13128
-13330
-13279
-12951
-12673
-12609
-12758
-13012
-13075
-12958
-12945
-13057
-13170
-13135
-12925
-12696
-12657
-12878
-13084
-13119
-13109
-13016
-12882
-12861
-12874
-12928
-12974
-12886
-12856
-12918
-13005
-13117
-13102
-12990
-12959
-13018
-13023
-12966
-12893
-12776
-12723
-12850
-13039
-13092
-13024
-12938
-12848
-12835
-13008
-13205
-13236
-13254
-13275
-13178
-13070
-12948
-12797
-12711
-12692
-12717
-12816
-12939
-12942
-12941
-13016
-12985
-12915
-12872
-12787
-12764
-12884
-13018
-13085
-13143
-13183
-13173
-13120
-13048
-12981
-12948
-12964
-12964
-12994
-13006
-12854
-12751
-12812
-12918
-13086
-13188
-13124
-13094
-13114
-13009
-12891
-12846
-12739
-12711
-12814
-12841
-12835
-12816
-12870
-13117
-13313
-13295
-13084
-12849
-12737
-12822
-13129
-13130
-12874
-12967
-13117
-13051
-13055
-13036
-12940
-13051
-12948
-12449
-12473
-13004
-13152
-13066
-12972
-12630
-12684
-13291
-13431
-13106
-13008
-12898
-12755
-13064
-13356
-13403
-13409
-12795
-12126
-12405
-12758
-12731
-12933
-12950
-12527
-12471
-12821
-13095
-13542
-13818
-13406
-13030
-12881
-12578
-12599
-12938
-12853
-12644
-12817
-12968
-13119
-13437
-13394
-13126
-13144
-13053
-12760
-12764
-12910
-12911
-12984
-13036
-12906
-12857
-12894
-12879
-12875
-12879
-12857
-12955
-13157
-13208
-13133
-12998
-12826
-12771
-12842
-12906
-12924
-12921
-12826
-12799
-13056
-13318
-13353
-13212
-12908
-12622
-12656
-12847
-12904
-12991
-13022
-12867
-12845
-12967
-13039
-13155
-13298
-13172
-12915
-12832
-12808
-12775
-12810
-12850
-12815
-12830
-12948
-13046
-13079
-13064
-13006
-13028
-13193
-13315
-13307
-13184
-12957
-12773
-12741
-12779
-12855
-12897
-12749
-12569
-12525
-12660
-12970
-13308
-13447
-13287
-13093
-12976
-12949
-13076
-13098
-12919
-12773
-12665
-12561
-12599
-12735
-12862
-12995
-13141
-13170
-13117
-13117
-13107
-13114
-13071
-12987
-13000
-13009
-12991
-12915
-12707
-12526
-12598
-12962
-13324
-13487
-13469
-13221
-13017
-12994
-12914
-12830
-12810
-12754
-12742
-12894
-13065
-13071
-12951
-12793
-12709
-12864
-13044
-13004
-12960
-12922
-12924
-13117
-13224
-13091
-12873
-12864
-13006
-13012
-13017
-13071
-13130
-13096
-12790
-12493
-12556
-12886
-13302
-13452
-12988
-12617
-12868
-13125
-13146
-13169
-13018
-12670
-12753
-13027
-12909
-12874
-12962
-12832
-12838
-13135
-13266
-13157
-13046
-12870
-12801
-13026
-13077
-12862
-12761
-12693
-12700
-12890
-13017
-12970
-12910
-12870
-12879
-13120
-13351
-13307
-13109
-12835
-12624
-12656
-12752
-12763
-12890
-13113
-13146
-13092
-13156
-13161
-13127
-13093
-12861
-12687
-12848
-12969
-12827
-12729
-12648
-12554
-12799
-13157
-13263
-13316
-13301
-13074
-12955
-13031
-12944
-12784
-12767
-12720
-12721
-12933
-13075
-13147
-13253
-13191
-13136
-13065
-12802
-12747
-12895
-12910
-12954
-12950
-12785
-12905
-13114
-12877
-12699
-12875
-13022
-13246
-13271
-12860
-12831
-13224
-13254
-13081
-13016
-12617
-12350
-12765
-12947
-12907
-13260
-13303
-12979
-13120
-13253
-12991
-12958
-12813
-12391
-12499
-12946
-13010
-12945
-12936
-12797
-13025
-13473
-13333
-12941
-12828
-12722
-12772
-13132
-13092
-12822
-12859
-12844
-12859
-13148
-13275
-13048
-12902
-12828
-12685
-12880
-13133
-13027
-13027
-13098
-12932
-12929
-12997
-12741
-12665
-12925
-13042
-13132
-13245
-13039
-12809
-12922
-12986
-12960
-12983
-12761
-12612
-12854
-13018
-13007
-13214
-13336
-13145
-13069
-13028
-12861
-12858
-12963
-12804
-12661
-12804
-12843
-12802
-12875
-12975
-13098
-13221
-13197
-13173
-13354
-13334
-12965
-12676
-12486
-12383
-12705
-13081
-13076
-13080
-13119
-12936
-12873
-13045
-13148
-13266
-13227
-12751
-12428
-12603
-12850
-13038
-13147
-12945
-12767
-13038
-13363
-13412
-13323
-13044
-12703
-12595
-12664
-12774
-12936
-13064
-13008
-12968
-13010
-13016
-13039
-12945
-12763
-12755
-12905
-12995
-12968
-12909
-12845
-12856
-12976
-12967
-12828
-12842
-12985
-13135
-13273
-13260
-13010
-12794
-12728
-12746
-12939
-13116
-13080
-13004
-12953
-12902
-13006
-13202
-13215
-12947
-12734
-12820
-12842
-12814
-12980
-12964
-12748
-12837
-12873
-12865
-13315
-13406
-13015
-12890
-12703
-12391
-12644
-13082
-13056
-13089
-13237
-13002
-12985
-13422
-13225
-12680
-12680
-12729
-12719
-12963
-12984
-12774
-12988
-13102
-12911
-13063
-13109
-12897
-12963
-13043
-12880
-12929
-12985
-12628
-12629
-13238
-13448
-13105
-12730
-12479
-12801
-13450
-13498
-13124
-12918
-12719
-12568
-12838
-13035
-12874
-12785
-12770
-12773
-13016
-13214
-13030
-12851
-12771
-12749
-13006
-13203
-13116
-13044
-13075
-13151
-13237
-13077
-12744
-12742
-12932
-13006
-13135
-13177
-12964
-12786
-12790
-12790
-12793
-12829
-12771
-12760
-12940
-13222
-13396
-13386
-13187
-12886
-12825
-12879
-12815
-12817
-12815
-12719
-12805
-13106
-13298
-13252
-13094
-12857
-12649
-12768
-12956
-12921
-13049
-13282
-13053
-12666
-12758
-12846
-12835
-13079
-12859
-12488
-12826
-13120
-13167
-13386
-13093
-12549
-12856
-13329
-13176
-13128
-13192
-12855
-12707
-12815
-12598
-12620
-13109
-13059
-12766
-12964
-12940
-12705
-12975
-13202
-13110
-13213
-13088
-12782
-12882
-12852
-12738
-13106
-13319
-13021
-12929
-13037
-12859
-12724
-12799
-12824
-13009
-13261
-13125
-12989
-13076
-12909
-12751
-12950
-13020
-12898
-12940
-12927
-12812
-12858
-12939
-12998
-13133
-13175
-12980
-12885
-12994
-13026
-13084
-13134
-12962
-12744
-12693
-12757
-12988
-13310
-13283
-13088
-13030
-12868
-12740
-12750
-12634
-12551
-12764
-13055
-13174
-13199
-13093
-12928
-13001
-13091
-13067
-13025
-12780
-12692
-13036
-13056
-12763
-12800
-12707
-12652
-13018
-13075
-13026
-13348
-13456
-13223
-13109
-12807
-12567
-12987
-13200
-12921
-12814
-12708
-12491
-12878
-13393
-13083
-12843
-12971
-12725
-12589
-12984
-13165
-13140
-13371
-13255
-12990
-13214
-13141
-12667
-12654
-12724
-12574
-12816
-13147
-13127
-13243
-13424
-13121
-12811
-12835
-12784
-12867
-13091
-12883
-12525
-12539
-12718
-13007
-13389
-13318
-12854
-12732
-12889
-12982
-13191
-13206
-12887
-12915
-13196
-13242
-13212
-13090
-12765
-12600
-12730
-12808
-12891
-13063
-13049
-12980
-12976
-12884
-12861
-12990
-12972
-12939
-13056
-13049
-12938
-12869
-12891
-12975
-13106
-13259
-13204
-13040
-13023
-13003
-12907
-12811
-12648
-12468
-12500
-12758
-13097
-13368
-13345
-13171
-13014
-12923
-13038
-13116
-13093
-13008
-12879
-12789
-12577
-12555
-12804
-12968
-13079
-13059
-13023
-13247
-13209
-12606
-12280
-12604
-12996
-13309
-13469
-13160
-12935
-13119
-13141
-13056
-13197
-13142
-12762
-12745
-13055
-13183
-13143
-12860
-12461
-12377
-12571
-12722
-12899
-13073
-13081
-13129
-13172
-13208
-13320
-13331
-13227
-13071
-13004
-12932
-12693
-12479
-12411
-12584
-12957
-13196
-13164
-13083
-13007
-12883
-13027
-13327
-13349
-13228
-13005
-12593
-12325
-12406
-12572
-12736
-13019
-13080
-12984
-13212
-13477
-13542
-13530
-13240
-12787
-12716
-12844
-12737
-12678
-12763
-12747
-12790
-12842
-12732
-12829
-13132
-13312
-13340
-13342
-13158
-12828
-12944
-13197
-13120
-12933
-12652
-12468
-12723
-13105
-13126
-13035
-12969
-12900
-13036
-12980
-12697
-12732
-12966
-13097
-13060
-12969
-13044
-13145
-13109
-13116
-12978
-12609
-12634
-12982
-12977
-12906
-13123
-12942
-12656
-12912
-12846
-12813
-13378
-13296
-12977
-13289
-13111
-12651
-12863
-13088
-12978
-13000
-13008
-12602
-12370
-12543
-12809
-13243
-13259
-12911
-13009
-13283
-13175
-13034
-12960
-12539
-12484
-13017
-13257
-13155
-13015
-12760
-12646
-13136
-13517
-13328
-13116
-12785
-12477
-12667
-12920
-12915
-13022
-12961
-12568
-12629
-12937
-13009
-13329
-13521
-13157
-13024
-13162
-13021
-12912
-12893
-12626
-12575
-12898
-12977
-12935
-12984
-12857
-12912
-13273
-13310
-13060
-12876
-12637
-12561
-13009
-13373
-13192
-13054
-12943
-12666
-12797
-13094
-13051
-13126
-13236
-12987
-12899
-13032
-12893
-12662
-12715
-12823
-12888
-13213
-13254
-13069
-13304
-13285
-12860
-12784
-12806
-12468
-12436
-12669
-12693
-13008
-13251
-13062
-13115
-13311
-13196
-13092
-13155
-13081
-12991
-13005
-12828
-12673
-12777
-12750
-12665
-12816
-12942
-12981
-13188
-13316
-13186
-13138
-13064
-12803
-12751
-12913
-12986
-13023
-12938
-12779
-12853
-13086
-13246
-13326
-13326
-13006
-12680
-12744
-12904
-13077
-13194
-13044
-12801
-12692
-12597
-12486
-12711
-13157
-13251
-13141
-13143
-13107
-13160
-13273
-13100
-12813
-12746
-12632
-12435
-12577
-12848
-13103
-13378
-13282
-12818
-12561
-12766
-13086
-13310
-13331
-13018
-12710
-12738
-13030
-13272
-13182
-13026
-13089
-13095
-13019
-12962
-12836
-12813
-12899
-12908
-12838
-12884
-13043
-12954
-12756
-12769
-12972
-13324
-13409
-13055
-12581
-12340
-12712
-13221
-13323
-13167
-12829
-12623
-12887
-13348
-13472
-13290
-13184
-12966
-12626
-12535
-12418
-12300
-12626
-12990
-13096
-13171
-13150
-12989
-12936
-13146
-13245
-13212
-13271
-13055
-12894
-13167
-13245
-13031
-12917
-12783
-12646
-12681
-12701
-12702
-12805
-12912
-13112
-13431
-13490
-13175
-12825
-12633
-12638
-12779
-12831
-12901
-13203
-13348
-13235
-13207
-13118
-12837
-12793
-13014
-12827
-12628
-12934
-12987
-12733
-12627
-12643
-12916
-13407
-13468
-12950
-12622
-12605
-12724
-13082
-13184
-12927
-12914
-13225
-13409
-13265
-12997
-12662
-12381
-12457
-12656
-12867
-13155
-13077
-12913
-13162
-13424
-13366
-13212
-13135
-12763
-12444
-12760
-13088
-13147
-13141
-12950
-12740
-12827
-13003
-13025
-13078
-13041
-12818
-12842
-13050
-13104
-13179
-13185
-12981
-12923
-12984
-12951
-12931
-12831
-12625
-12648
-12874
-12928
-12850
-12780
-12734
-12897
-13088
-13117
-13165
-13079
-12883
-12869
-12948
-13002
-13114
-13232
-13180
-13072
-12987
-12868
-12858
-12977
-13013
-12864
-12732
-12781
-13027
-13366
-13228
-12582
-12274
-12590
-13136
-13494
-13498
-13237
-12916
-12842
-12962
-13012
-12970
-12911
-12925
-12902
-12809
-12810
-12845
-12948
-13020
-12810
-12890
-13260
-13135
-12855
-12712
-12777
-13098
-13121
-12948
-12956
-13122
-13040
-12814
-12855
-12704
-12624
-12974
-13084
-12919
-12987
-12999
-12781
-12869
-13053
-12972
-13047
-13233
-13071
-12952
-13006
-12805
-12883
-13375
-13384
-13038
-12830
-12526
-12532
-12917
-12932
-12884
-13137
-13206
-13046
-13055
-13003
-12879
-13173
-13341
-13027
-12864
-12856
-12774
-12946
-13251
-13063
-12602
-12447
-12378
-12647
-13463
-13746
-13287
-12859
-12568
-12585
-13085
-13342
-13018
-12817
-12820
-12822
-13127
-13281
-12910
-12659
-12820
-13172
-13405
-13342
-13041
-12717
-12543
-12502
-12696
-13004
-13189
-13166
-13016
-12970
-12986
-13096
-13211
-13136
-12971
-12854
-12901
-12972
-12902
-12786
-12705
-12684
-12773
-12973
-13171
-13173
-13044
-13043
-13028
-12949
-13047
-13080
-12901
-12907
-12936
-12871
-13075
-13193
-12995
-12878
-12824
-12718
-12770
-12849
-12823
-13073
-13279
-13036
-12932
-13099
-13125
-13114
-13202
-13074
-12820
-12775
-12781
-12972
-13244
-13049
-12738
-12858
-13009
-12980
-13125
-12963
-12479
-12580
-12979
-13024
-13073
-13186
-12901
-12702
-12981
-13188
-13158
-13174
-13097
-12880
-12928
-13023
-12945
-12959
-12946
-12809
-12688
-12639
-12712
-12995
-13261
-13143
-12974
-13025
-13014
-13120
-13303
-13103
-12846
-12889
-12906
-12781
-12772
-12820
-12804
-13017
-13236
-13050
-12844
-12706
-12572
-12715
-13045
-13279
-13389
-13399
-13136
-12899
-12969
-13012
-13038
-13094
-12832
-12533
-12760
-13024
-13011
-13052
-12915
-12694
-12794
-12975
-13069
-13195
-13153
-12901
-12877
-13033
-12998
-12919
-12902
-12782
-12755
-12946
-13037
-13106
-13213
-13023
-12804
-12800
-12693
-12592
-12832
-13030
-12977
-13130
-13121
-12873
-13121
-13373
-13171
-12991
-12706
-12355
-12583
-13181
-13450
-13394
-13216
-12797
-12563
-12886
-13158
-13224
-13258
-12995
-12783
-13010
-13099
-12907
-12873
-12833
-12840
-12978
-12958
-12955
-13013
-12868
-12772
-12957
-13030
-13050
-13119
-12872
-12700
-13002
-13294
-13234
-13164
-13010
-12680
-12788
-13071
-13060
-13054
-12943
-12638
-12661
-13000
-13018
-12864
-12983
-12948
-12819
-12977
-12908
-12772
-13030
-13220
-13243
-13296
-13112
-12665
-12533
-12834
-13027
-13152
-13205
-12905
-12804
-13039
-13099
-13047
-13036
-12960
-12908
-13090
-13111
-12927
-13007
-13042
-12911
-12878
-12791
-12734
-12951
-13108
-13012
-13005
-13031
-12942
-12971
-13016
-12955
-13012
-13100
-13050
-12902
-12859
-13007
-13060
-12956
-12829
-12715
-12675
-12796
-13057
-13143
-13053
-13115
-13095
-12980
-13040
-13092
-13094
-12995
-12826
-12741
-12828
-13056
-13165
-13022
-12734
-12689
-12907
-13162
-13347
-13331
-13022
-12623
-12686
-12906
-13003
-13128
-12997
-12783
-12735
-12843
-13000
-13073
-13054
-12890
-12940
-13179
-13228
-13221
-13120
-12937
-12756
-12716
-12837
-12724
-12649
-12660
-12576
-12803
-13131
-13250
-13101
-12877
-12990
-13202
-13255
-13239
-13235
-13131
-12965
-13034
-13082
-12946
-12899
-12862
-12799
-12954
-13026
-12837
-12899
-12985
-12888
-12985
-13099
-13039
-13002
-13111
-13196
-13265
-13287
-12954
-12608
-12547
-12569
-12731
-12993
-13190
-13291
-13268
-13146
-13068
-13144
-13129
-13003
-12781
-12486
-12516
-12660
-12731
-12723
-12655
-12774
-12892
-13057
-13255
-13484
-13743
-13614
-13323
-13026
-12738
-12719
-12761
-12734
-12690
-12624
-12642
-12750
-12956
-13184
-13158
-13269
-13591
-13474
-13338
-13149
-12778
-12778
-12590
-12355
-12606
-12707
-12626
-12675
-12673
-12915
-13435
-13685
-13588
-13343
-13045
-12807
-12886
-12822
-12494
-12599
-12763
-12700
-12994
-13333
-13105
-12945
-13131
-13224
-13380
-13540
-13203
-12614
-12479
-12517
-12698
-13250
-13325
-12906
-12756
-12800
-12931
-13236
-13212
-12848
-12785
-12856
-12720
-12762
-13000
-12938
-12934
-13158
-13230
-13292
-13331
-13194
-13019
-13071
-13180
-12999
-12742
-12519
-12463
-12787
-13092
-13104
-13010
-12824
-12627
-12809
-13229
-13371
-13333
-13220
-12917
-12700
-12763
-12908
-13103
-13234
-13063
-12844
-12790
-12869
-13017
-13125
-13131
-12960
-12762
-12653
-12617
-12712
-12853
-12948
-13004
-13035
-12996
-13013
-13148
-13172
-13142
-13130
-13118
-13191
-13286
-13121
-12634
-12308
-12518
-13083
-13092
-12817
-13250
-13180
-12569
-12839
-13293
-13397
-13455
-13130
-12680
-12997
-13539
-13171
-12698
-12735
-12678
-12810
-12982
-12785
-12817
-12901
-12687
-12767
-13222
-13536
-13627
-13438
-12898
-12532
-12524
-12496
-12601
-12872
-12832
-12693
-12847
-12995
-13044
-13248
-13211
-12842
-12845
-13037
-13063
-13184
-13257
-13042
-12871
-13088
-13192
-13025
-13112
-13078
-12876
-13000
-13015
-12762
-12813
-13055
-12841
-12642
-12856
-12815
-12836
-13322
-13452
-13178
-13189
-13110
-12779
-12898
-13202
-13145
-13068
-12798
-12124
-12082
-12730
-12951
-12871
-12903
-12867
-13142
-13668
-13655
-13378
-13279
-12997
-12785
-12834
-12567
-12346
-12781
-13120
-12963
-12962
-12903
-12763
-13144
-13437
-13375
-13402
-13341
-13074
-12965
-12919
-12589
-12483
-12602
-12619
-12874
-13145
-13098
-13108
-13183
-12990
-12900
-13092
-13193
-13239
-13157
-12709
-12430
-12734
-13116
-13231
-13121
-12765
-12403
-12543
-13034
-13271
-13245
-13161
-13070
-13076
-13070
-12808
-12480
-12546
-12833
-13039
-13446
-13729
-13406
-13010
-12798
-12597
-12651
-12939
-12934
-12753
-12884
-13006
-12995
-12990
-12837
-12838
-13154
-13442
-13554
-13509
-13142
-12672
-12638
-12932
-13177
-13055
-12538
-12155
-12274
-12748
-13218
-13381
-13133
-12851
-12986
-13372
-13536
-13397
-13161
-12711
-12373
-12554
-12815
-12969
-13016
-12979
-13036
-13151
-13171
-13086
-13054
-12828
-12594
-12805
-13163
-13454
-13466
-13044
-12540
-12364
-12582
-12887
-13123
-13092
-12801
-12685
-12773
-13064
-13449
-13516
-13319
-13152
-12954
-12766
-12951
-13124
-12937
-12804
-12735
-12601
-12666
-12894
-12954
-12957
-13047
-13122
-13143
-13109
-13035
-12965
-12987
-13094
-13319
-13457
-13177
-12778
-12558
-12431
-12593
-12916
-12865
-12722
-13009
-13356
-13260
-13105
-13217
-13204
-13059
-13016
-12925
-12762
-12685
-12632
-12661
-12889
-13036
-13013
-12970
-12905
-12869
-13044
-13285
-13268
-13051
-12839
-12849
-12947
-13011
-13182
-13243
-13066
-12817
-12864
-13084
-13093
-12947
-12642
-12534
-12914
-13399
-13472
-13120
-12789
-12664
-12852
-13241
-13451
-13273
-12830
-12494
-12601
-13062
-13262
-13035
-12809
-12751
-12871
-13190
-13385
-13135
-12604
-12388
-12820
-13298
-13401
-13253
-12888
-12583
-12541
-12555
-12868
-13370
-13121
-12599
-12773
-13291
-13446
-13057
-12650
-12559
-12995
-13505
-13235
-12919
-12953
-12903
-12952
-13056
-13158
-13172
-12960
-12977
-13220
-13145
-12914
-12861
-12834
-12798
-12939
-13012
-12892
-12954
-12954
-12797
-12926
-13044
-12843
-12741
-12878
-12946
-13026
-13132
-13069
-12995
-13064
-13145
-12964
-12738
-12824
-13060
-13205
-13048
-12833
-12915
-12941
-12896
-13084
-13148
-13000
-12996
-13012
-13046
-13283
-13269
-12890
-12725
-12742
-12764
-12875
-12886
-12826
-12911
-13050
-13035
-13006
-12978
-12970
-13188
-13238
-13070
-12954
-12741
-12598
-12848
-13311
-13583
-13473
-12986
-12572
-12575
-12700
-12780
-12954
-12980
-12754
-12705
-12862
-13152
-13451
-13439
-13194
-12977
-12806
-12618
-12612
-12737
-12877
-13003
-12911
-12852
-13009
-13074
-13083
-13262
-13325
-13224
-13341
-13361
-12998
-12682
-12512
-12422
-12693
-13017
-12905
-12808
-12990
-13154
-13301
-13396
-13243
-12934
-12714
-12672
-12852
-13083
-13103
-13053
-12985
-12767
-12694
-12955
-13198
-13244
-13220
-13072
-12862
-12845
-12900
-12989
-13131
-13120
-12908
-12685
-12698
-12775
-13107
-13556
-13182
-12595
-12701
-12812
-12549
-12489
-12847
-13317
-13623
-13491
-13093
-13102
-13295
-13029
-12670
-12565
-12444
-12627
-13034
-12889
-12756
-13079
-13294
-13436
-13634
-13391
-12799
-12636
-12709
-12701
-12938
-13218
-13186
-13104
-13039
-12866
-12878
-12833
-12529
-12465
-12676
-12823
-13012
-13304
-13338
-13264
-13317
-13258
-13080
-12982
-12938
-12770
-12641
-12633
-12705
-12986
-13126
-13074
-13103
-13045
-12958
-12946
-12928
-12914
-12925
-12905
-12890
-12967
-12981
-12908
-12845
-12813
-12961
-13184
-13268
-13204
-13133
-13124
-13039
-13014
-13034
-12911
-12760
-12738
-12869
-12902
-12917
-12892
-12601
-12581
-13066
-13404
-13427
-13560
-13569
-13065
-12614
-12678
-12745
-12828
-13054
-12783
-12580
-12886
-12981
-13117
-13446
-13261
-12812
-12805
-12774
-12677
-13167
-13533
-13238
-12874
-12699
-12675
-12939
-13328
-13378
-13128
-12747
-12374
-12355
-12684
-13051
-13225
-13252
-13195
-12926
-12766
-12932
-12984
-12914
-12879
-12835
-13071
-13411
-13434
-13300
-13092
-12720
-12432
-12530
-12906
-13256
-13474
-13360
-12987
-12805
-12803
-13082
-13464
-13184
-12740
-12871
-12912
-12604
-12608
-12947
-13153
-13229
-13140
-12845
-13061
-13566
-13317
-12814
-12547
-12317
-12696
-13372
-13431
-13209
-13025
-12616
-12365
-12778
-12997
-12859
-13140
-13113
-12531
-12526
-12982
-13043
-13156
-13417
-13324
-13409
-13517
-13017
-12671
-12933
-12959
-12848
-13061
-13071
-13005
-13127
-12948
-12576
-12545
-12701
-12873
-13129
-13133
-12979
-13175
-13389
-13156
-12908
-12892
-12807
-12812
-13012
-12986
-12803
-12723
-12634
-12825
-13340
-13490
-13163
-12892
-12742
-12664
-12891
-13061
-13049
-13189
-13140
-12884
-12930
-13109
-13004
-12858
-12809
-12662
-12607
-12797
-12987
-13119
-13369
-13526
-13399
-13223
-13099
-12977
-12870
-12785
-12727
-12746
-12876
-13093
-13205
-13056
-12923
-12910
-12979
-13203
-13208
-12997
-12909
-12820
-12848
-13020
-13084
-13108
-13149
-13037
-12679
-12503
-12744
-12907
-12919
-13075
-13152
-13091
-13170
-13256
-13227
-13135
-12920
-12712
-12730
-12927
-13014
-13034
-13057
-12930
-12831
-12878
-13007
-13100
-13036
-12925
-12933
-12962
-12854
-12807
-12900
-12980
-13050
-13153
-13145
-13026
-13002
-12944
-12849
-12911
-13013
-13110
-13178
-12969
-12675
-12667
-12757
-12810
-12890
-12895
-12890
-13035
-13091
-13010
-13070
-13128
-13107
-13138
-13171
-13153
-13022
-12849
-12684
-12633
-12880
-13059
-12945
-12855
-12873
-12942
-13181
-13447
-13376
-13127
-13062
-13066
-12903
-12665
-12513
-12438
-12613
-13056
-13369
-13454
-13324
-12973
-12776
-12852
-13032
-13240
-13243
-12956
-12698
-12721
-12895
-13006
-13022
-12954
-12828
-12826
-13046
-13290
-13391
-13244
-12837
-12547
-12667
-12962
-13152
-13149
-12917
-12821
-13047
-13101
-12952
-12989
-13015
-12889
-12885
-12949
-12957
-13017
-13023
-12919
-12925
-13068
-13135
-13152
-13188
-13179
-13250
-13292
-13049
-12727
-12620
-12711
-12926
-13141
-13059
-12645
-12365
-12531
-12935
-13307
-13409
-13189
-13010
-13059
-13143
-13077
-12921
-12780
-12662
-12729
-13038
-13255
-13108
-12811
-12661
-12656
-12826
-13107
-13250
-13256
-13170
-13047
-13043
-13139
-13129
-12863
-12591
-12573
-12716
-12940
-13158
-13216
-13102
-12897
-12766
-12880
-13163
-13317
-13152
-12956
-13016
-13227
-13385
-13214
-12784
-12623
-12897
-13256
-13365
-13041
-12498
-12218
-12401
-12951
-13502
-13666
-13353
-12832
-12563
-12705
-13036
-13287
-13284
-13046
-12785
-12678
-12811
-13067
-13095
-12902
-12895
-13016
-13081
-13112
-12931
-12716
-12724
-12880
-13077
-13209
-13241
-13172
-13123
-13014
-12805
-12881
-13148
-13289
-13318
-13201
-12966
-12689
-12571
-12783
-13036
-13080
-12944
-12784
-12774
-12879
-13028
-13155
-13100
-13005
-13180
-13471
-13658
-13484
-12869
-12522
-12720
-12891
-12752
-12524
-12443
-12561
-12857
-13205
-13411
-13348
-13085
-12864
-12885
-12958
-12919
-12923
-12917
-12841
-12893
-13081
-13124
-12968
-12875
-12940
-13042
-13127
-13098
-12882
-12718
-12737
-12898
-13278
-13632
-13507
-13007
-12531
-12361
-12640
-13194
-13530
-13359
-12935
-12566
-12557
-12973
-13356
-13399
-13142
-12790
-12550
-12651
-13067
-13403
-13466
-13204
-12788
-12698
-12922
-13028
-13018
-13082
-13118
-13047
-12913
-12742
-12643
-12659
-12709
-12797
-12904
-12949
-12921
-12882
-12904
-13077
-13343
-13378
-13185
-13059
-13105
-13175
-13137
-13088
-12991
-12809
-12649
-12609
-12772
-13083
-13369
-13458
-13328
-13113
-13022
-12988
-12865
-12744
-12613
-12583
-12789
-13002
-13059
-13029
-12945
-12812
-12744
-12903
-13115
-13136
-13234
-13291
-13202
-13252
-13140
-12831
-12600
-12793
-13211
-12916
-12495
-12884
-13263
-13064
-12907
-12938
-12955
-13025
-12994
-12971
-13229
-13285
-13019
-12948
-12901
-12822
-12879
-12879
-12844
-12840
-12907
-12970
-12903
-12870
-13004
-13255
-13302
-13085
-12951
-12983
-13220
-13334
-13032
-12573
-12304
-12529
-12955
-13233
-13272
-13063
-12920
-13010
-13179
-13259
-13318
-13332
-13051
-12594
-12586
-13014
-13232
-13186
-12960
-12648
-12544
-12686
-12888
-13132
-13309
-13086
-12751
-12702
-12831
-12977
-13034
-12973
-12893
-12973
-13091
-13117
-13192
-13203
-13102
-13082
-13119
-13196
-13357
-13303
-12994
-12855
-12706
-12434
-12503
-12740
-12801
-12862
-12995
-13119
-13265
-13326
-13195
-13130
-13214
-13167
-13015
-12809
-12515
-12492
-12824
-13072
-13081
-13038
-12962
-12959
-13171
-13274
-13149
-13001
-12876
-12811
-12856
-12904
-12795
-12699
-12732
-12820
-13069
-13275
-13214
-13139
-13183
-13170
-13095
-13065
-13023
-12963
-12912
-12842
-12894
-13134
-13330
-13294
-13065
-12748
-12557
-12719
-13052
-13232
-13139
-12880
-12767
-12859
-12977
-12986
-12822
-12685
-12855
-13240
-13499
-13438
-13058
-12641
-12698
-13082
-13329
-13505
-13292
-12637
-12337
-12378
-12510
-12911
-13143
-12967
-12993
-13260
-13248
-13200
-13317
-13207
-13036
-12847
-12369
-12257
-12784
-13187
-13296
-13277
-12977
-12847
-13176
-13268
-12965
-12767
-12692
-12814
-13333
-13574
-13207
-12873
-12671
-12613
-12959
-13384
-13422
-13128
-12835
-12566
-12508
-12808
-12975
-12965
-13033
-13003
-13006
-13199
-13237
-13101
-13158
-13266
-13148
-13073
-13075
-12902
-12808
-12816
-12739
-12838
-13052
-13048
-12960
-12954
-12866
-12803
-13052
-13360
-13449
-13308
-12905
-12590
-12634
-12768
-12813
-12814
-12796
-12809
-12895
-13016
-13083
-13160
-13266
-13326
-13419
-13390
-13190
-13027
-12896
-12765
-12636
-12745
-13030
-13025
-12787
-12711
-12789
-12741
-13052
-13858
-13935
-13296
-12983
-12434
-11841
-12604
-13399
-12861
-12674
-13155
-12765
-12705
-13769
-13725
-12776
-12434
-12429
-12835
-13582
-13647
-13075
-12984
-12913
-12615
-12943
-13149
-12917
-13090
-13150
-12674
-12622
-12871
-12697
-12764
-13131
-12979
-12823
-13197
-13331
-13253
-13409
-13177
-12753
-12812
-12795
-12643
-12862
-12993
-12853
-12909
-13072
-13133
-13221
-13111
-12810
-12742
-12813
-12931
-13071
-13129
-13005
-12805
-12936
-13166
-13279
-13405
-13379
-13215
-13045
-12873
-12793
-12810
-12929
-13144
-13075
-12839
-12989
-13078
-12728
-12662
-12987
-13166
-13117
-12934
-12762
-12704
-12901
-13044
-13019
-13220
-13264
-12980
-12819
-12817
-12935
-13363
-13611
-13099
-12482
-12317
-12509
-13070
-13618
-13439
-12706
-12370
-12624
-13125
-13697
-13817
-13292
-12749
-12643
-12823
-13059
-13127
-12814
-12545
-12760
-13134
-13292
-13292
-13137
-12777
-12552
-12546
-12733
-13181
-13377
-13211
-13040
-12743
-12751
-13295
-13482
-13084
-12516
-12259
-12679
-13391
-13601
-13074
-12661
-12633
-12898
-13578
-13660
-12945
-12341
-12201
-12769
-13619
-13717
-13126
-12687
-12422
-12332
-12791
-13241
-13527
-13520
-12503
-12060
-13126
-13686
-13372
-13144
-12626
-12237
-12998
-13667
-13440
-13325
-12990
-12486
-12930
-13409
-13215
-13341
-13286
-12533
-12400
-12790
-12701
-12806
-13278
-13186
-13072
-13414
-13337
-13073
-12908
-12425
-12334
-12851
-12997
-12774
-12836
-13042
-13300
-13589
-13331
-12767
-12695
-12928
-13115
-13317
-13148
-12706
-12709
-12936
-12985
-13011
-12948
-12736
-12736
-12992
-13188
-13456
-13662
-13323
-12825
-12539
-12353
-12517
-12940
-13126
-12988
-12903
-13095
-13261
-13250
-13150
-13070
-13110
-13120
-12933
-12714
-12650
-12647
-12687
-12804
-12947
-13103
-13197
-13129
-12997
-12949
-12953
-13021
-13156
-13261
-13344
-13358
-13236
-13037
-12845
-12666
-12505
-12491
-12600
-12683
-12884
-13217
-13416
-13510
-13520
-13341
-13110
-12936
-12753
-12605
-12674
-12877
-12968
-12987
-12980
-12957
-13111
-13248
-13158
-12971
-12705
-12756
-13298
-13772
-13622
-12808
-12142
-12121
-12507
-13138
-13613
-13403
-12810
-12463
-12560
-12974
-13222
-13367
-13360
-12934
-12762
-13099
-13333
-13230
-12797
-12138
-12198
-13005
-13569
-13678
-13443
-13081
-12755
-12733
-12895
-12963
-13000
-12839
-12651
-12640
-12765
-12904
-13054
-13369
-13554
-13358
-13090
-13022
-12925
-12783
-12775
-12727
-12561
-12499
-12674
-12921
-13169
-13239
-13010
-12862
-12988
-13269
-13515
-13626
-13601
-13331
-12969
-12852
-12863
-12849
-12709
-12303
-12123
-12633
-13256
-13345
-13090
-12837
-12776
-13108
-13603
-13562
-13041
-12569
-12299
-12581
-13201
-13382
-13078
-12749
-12546
-12577
-13068
-13482
-13357
-13150
-13027
-12999
-13290
-13423
-13022
-12720
-12843
-12905
-12873
-12841
-12565
-12405
-12579
-12875
-13214
-13375
-13164
-12824
-12878
-13179
-13386
-13424
-13066
-12615
-12546
-12972
-13421
-13252
-12842
-12551
-12564
-12875
-12919
-12954
-13144
-13267
-13292
-12982
-12628
-12679
-13075
-13327
-13320
-13354
-13208
-12778
-12606
-12954
-13023
-12815
-12910
-12819
-12932
-13244
-13088
-12873
-12636
-12707
-12942
-13018
-13426
-13644
-13326
-12939
-13124
-13359
-13194
-13212
-12697
-11954
-12114
-12646
-13056
-13491
-13414
-12785
-12728
-13144
-13197
-13035
-13012
-12830
-12863
-13258
-13121
-12902
-12980
-12772
-12844
-13494
-13519
-13043
-12858
-12500
-12353
-12882
-13117
-12974
-13288
-13311
-12820
-12969
-13080
-12729
-13051
-13321
-12718
-12712
-13249
-13141
-13218
-13439
-12719
-12232
-12764
-12923
-12902
-13345
-13112
-12559
-12800
-13128
-13218
-13511
-13410
-12825
-12786
-13071
-13005
-13102
-13138
-12589
-12451
-12969
-13238
-13353
-13438
-12971
-12487
-12615
-12766
-12974
-13412
-13358
-12897
-12718
-12782
-13016
-13339
-13216
-12842
-12818
-12906
-12919
-13086
-13098
-12824
-12797
-12967
-13048
-13185
-13253
-13075
-12946
-13002
-13025
-13034
-13008
-12786
-12676
-12842
-13002
-13112
-13171
-13155
-13069
-12888
-12700
-12689
-12982
-13176
-13162
-13237
-13089
-12728
-12584
-12727
-13065
-13401
-13302
-12931
-12983
-13159
-13224
-13215
-12817
-12518
-12674
-12848
-12932
-13118
-13161
-13008
-12979
-12949
-12835
-12819
-12772
-12654
-12842
-13180
-13291
-13328
-13300
-13152
-13172
-13369
-13316
-12976
-12725
-12646
-12715
-12923
-13026
-13049
-13093
-13052
-12943
-12816
-12792
-12896
-13091
-13160
-12911
-12790
-12916
-13061
-13193
-13110
-12920
-12919
-12965
-12939
-13053
-13163
-12989
-12797
-12827
-12937
-13016
-13088
-13111
-13151
-13185
-13065
-12943
-12850
-12769
-12899
-13110
-13167
-13179
-13175
-13057
-12932
-12872
-12780
-12755
-12838
-12787
-12825
-13154
-13243
-13035
-12965
-13085
-13211
-13136
-12889
-12686
-12836
-13224
-13380
-13217
-12936
-12779
-12646
-12494
-12535
-12773
-13080
-13312
-13432
-13262
-12979
-13146
-13199
-12771
-12739
-12859
-12650
-12767
-13178
-13268
-13262
-13385
-13157
-12982
-13173
-13081
-12886
-12828
-12714
-12853
-13342
-13349
-12890
-12818
-12749
-12665
-12998
-13134
-12868
-12688
-12657
-12826
-13361
-13694
-13476
-13205
-13037
-12788
-12648
-12663
-12699
-12975
-13195
-13091
-13138
-13252
-13010
-12805
-12914
-12941
-13078
-13405
-13233
-12945
-13220
-13316
-12949
-12820
-12642
-12267
-12561
-13261
-13567
-13619
-13448
-12952
-12642
-12717
-12812
-12862
-12692
-12380
-12630
-13292
-13503
-13214
-12951
-12887
-13086
-13351
-13229
-12856
-12646
-12741
-12925
-13072
-13185
-13140
-13116
-13072
-12969
-13073
-13102
-12803
-12582
-12757
-12946
-13049
-13279
-13223
-13046
-13025
-12996
-13154
-13344
-13224
-12945
-12974
-13136
-13068
-13054
-13009
-12718
-12425
-12460
-12666
-12715
-12776
-12878
-12998
-13425
-13797
-13582
-13255
-13025
-12811
-12693
-12580
-12607
-12805
-13082
-13028
-12899
-13154
-13311
-13192
-13081
-13198
-13220
-13039
-12920
-12830
-12757
-12802
-12887
-12945
-12969
-12775
-12763
-13052
-13140
-13094
-13240
-13353
-13230
-13185
-13188
-13071
-12973
-12958
-12813
-12853
-13191
-13142
-12834
-12691
-12541
-12609
-13099
-13210
-13055
-13218
-13093
-12898
-13218
-13534
-13496
-13239
-12538
-11888
-12299
-13074
-13253
-13245
-13101
-12662
-12802
-13432
-13527
-13335
-13041
-12480
-12387
-12903
-13238
-13324
-13250
-12786
-12542
-12769
-12845
-12967
-13230
-13141
-13028
-13239
-13293
-13217
-13355
-13259
-12834
-12652
-12650
-12555
-12622
-12810
-12916
-13014
-13039
-13073
-13239
-13415
-13460
-13434
-13175
-12655
-12486
-12715
-12929
-13047
-13109
-13047
-12920
-12810
-12718
-12844
-12999
-13114
-13340
-13374
-13150
-13160
-13371
-13207
-13049
-13055
-12733
-12418
-12572
-12887
-12998
-13075
-13043
-12811
-12798
-13029
-13118
-13084
-13047
-13056
-13181
-13229
-13087
-12943
-12941
-12921
-12912
-12996
-12885
-12663
-12670
-12902
-13250
-13479
-13305
-13016
-12937
-12930
-12877
-12831
-12861
-12951
-13026
-13031
-13103
-12991
-12755
-12911
-13183
-13323
-13282
-13062
-12810
-12613
-12657
-12810
-12958
-13243
-13495
-13461
-13245
-13011
-12838
-12887
-12918
-12824
-12925
-12988
-12884
-12815
-12830
-13021
-13355
-13575
-13359
-13004
-12903
-12830
-12791
-12838
-12868
-12898
-12986
-13152
-13272
-13179
-12872
-12701
-12817
-13032
-13176
-13051
-12806
-12666
-12763
-13167
-13504
-13406
-12941
-12496
-12394
-12741
-13313
-13577
-13417
-13140
-13009
-13020
-13096
-13146
-12836
-12609
-12851
-12990
-13026
-13031
-12963
-12980
-12912
-12892
-13115
-13191
-12941
-12839
-12947
-13084
-13318
-13284
-12881
-12715
-12872
-12974
-13124
-13166
-12908
-12980
-13244
-13142
-12957
-12748
-12462
-12473
-12939
-13269
-13269
-13247
-13001
-12822
-12957
-13066
-13075
-13148
-13044
-12704
-12722
-12873
-12992
-13199
-13249
-13152
-13028
-12957
-12849
-12950
-13322
-13418
-13125
-12829
-12690
-13029
-13629
-13515
-13049
-12724
-12400
-12400
-12861
-13248
-13046
-12724
-12734
-12901
-13224
-13516
-13451
-13075
-12779
-12787
-12860
-12880
-12859
-12963
-13153
-13176
-13220
-13085
-12757
-12812
-12971
-12986
-13131
-13059
-12814
-12901
-13054
-13107
-13192
-13019
-12751
-12715
-12724
-12877
-13246
-13432
-13134
-12845
-12961
-12997
-12891
-12919
-13019
-13079
-13136
-13164
-13129
-13110
-13060
-12885
-12694
-12751
-12883
-12960
-13084
-12981
-12843
-13090
-13235
-13150
-13202
-13056
-12775
-12795
-13011
-13073
-13042
-13069
-12799
-12565
-12821
-13168
-13349
-13418
-13294
-12993
-12852
-12948
-13012
-13022
-13077
-12986
-13018
-13265
-13177
-12965
-12742
-12538
-12636
-12905
-13180
-13139
-12883
-12713
-12680
-13005
-13324
-13281
-13197
-13089
-12941
-13071
-13306
-13192
-12832
-12588
-12690
-13096
-13395
-13331
-13095
-12736
-12373
-12505
-12907
-13014
-12952
-13041
-13121
-13019
-13263
-13464
-13100
-12985
-13067
-12966
-13013
-13159
-13037
-12757
-12674
-12646
-12768
-13045
-13159
-13337
-13480
-13280
-13041
-12862
-12692
-12706
-12756
-12679
-12698
-12923
-13089
-13136
-13245
-13256
-13073
-12923
-12883
-12920
-13132
-13444
-13515
-13381
-13225
-12832
-12588
-12773
-12742
-12632
-12757
-12915
-13083
-13127
-13031
-13052
-13143
-13185
-13328
-13206
-12909
-12952
-13030
-12913
-12864
-12888
-12603
-12562
-13113
-13400
-13280
-13199
-13115
-13046
-13124
-13034
-12832
-12788
-12687
-12579
-12817
-12969
-12766
-12894
-13190
-13370
-13535
-13357
-12935
-12619
-12569
-12706
-12947
-13236
-13147
-12901
-13021
-13070
-12980
-13147
-13129
-12879
-12857
-12899
-12943
-13094
-13099
-12880
-12940
-13112
-13075
-13210
-13150
-12853
-12951
-13279
-13358
-13230
-12996
-12631
-12573
-12848
-12996
-13077
-13196
-12997
-12690
-12746
-12917
-13139
-13396
-13382
-13004
-12749
-12796
-12691
-12863
-13317
-13291
-13054
-12912
-12849
-12945
-13084
-13034
-12827
-12872
-12950
-12853
-12873
-12897
-12990
-13230
-13446
-13424
-13036
-12799
-12808
-12759
-12861
-12914
-12901
-12974
-12945
-12976
-13144
-13250
-13138
-13149
-13262
-13064
-12943
-12987
-12839
-12685
-12753
-12823
-12898
-13051
-13049
-13099
-13380
-13479
-13281
-13124
-12951
-12755
-12826
-12913
-12767
-12675
-12694
-12657
-12829
-13105
-12970
-12803
-12869
-12926
-13217
-13550
-13394
-13075
-12854
-12562
-12646
-13187
-13341
-13073
-12972
-12936
-12991
-13313
-13297
-12930
-12928
-13041
-12912
-12923
-12962
-12815
-12943
-13197
-13154
-13068
-12978
-12813
-12751
-12794
-12839
-12901
-12920
-12835
-12926
-13209
-13397
-13503
-13410
-13060
-12856
-12921
-12955
-12885
-12881
-12898
-12866
-12980
-13082
-12939
-12852
-12903
-12986
-13068
-13057
-13119
-13223
-13137
-12908
-12790
-12892
-12943
-12841
-12784
-12961
-13194
-13172
-13099
-13038
-12930
-12959
-13098
-13183
-13088
-13084
-13122
-12898
-12831
-12907
-12943
-13083
-13230
-13279
-13034
-12796
-12893
-12939
-12904
-12884
-12820
-12873
-13011
-13219
-13303
-13040
-12763
-12702
-12908
-13223
-13271
-12977
-12724
-12731
-12812
-13043
-13161
-13108
-13300
-13357
-13121
-12888
-12750
-12683
-12643
-12863
-13022
-12946
-13128
-13417
-13457
-13335
-13278
-13060
-12691
-12573
-12541
-12754
-13221
-13223
-12842
-12840
-13062
-12982
-12915
-12918
-12809
-12848
-12995
-13096
-13178
-13154
-12943
-12827
-12884
-12762
-12851
-13307
-13453
-13310
-13160
-13056
-12989
-12952
-13178
-13282
-12951
-12703
-12778
-13026
-13224
-13280
-13134
-13027
-12978
-12644
-12547
-12739
-12822
-13016
-13219
-13113
-12914
-12844
-12821
-13103
-13448
-13263
-12950
-13055
-13033
-12807
-13113
-13308
-12961
-12758
-12635
-12533
-12894
-13221
-13076
-13156
-13329
-12996
-12769
-13024
-13149
-13075
-13028
-12903
-12825
-13035
-13256
-13119
-13007
-13071
-13076
-13066
-12924
-12708
-12714
-12855
-13036
-13249
-13242
-12914
-12633
-12746
-12977
-13134
-13229
-13067
-12901
-12997
-13061
-13045
-13068
-12934
-12912
-13242
-13420
-13269
-13004
-12632
-12280
-12361
-12707
-12926
-13163
-13331
-13258
-13241
-13315
-13211
-13117
-13117
-12975
-12895
-12918
-12713
-12664
-12989
-12972
-12755
-12907
-13069
-12985
-13047
-13198
-13180
-13240
-13283
-13208
-13085
-12981
-12797
-12578
-12813
-13070
-13095
-13183
-13092
-12853
-12822
-12963
-13008
-13035
-12888
-12652
-12769
-12990
-13006
-12999
-13177
-13228
-13227
-13326
-13177
-13129
-13265
-13172
-12903
-12689
-12673
-12779
-12997
-13237
-13202
-13116
-13227
-13190
-12932
-12630
-12528
-12779
-13002
-13110
-13149
-12909
-12511
-12402
-12706
-13139
-13509
-13519
-13202
-12962
-12966
-13187
-13361
-13334
-13143
-12880
-12668
-12789
-13146
-13163
-13080
-13123
-13091
-13025
-12870
-12722
-12674
-12725
-12755
-12757
-12928
-12988
-12929
-13071
-13229
-13246
-13178
-12898
-12682
-12853
-12969
-13002
-13075
-13034
-13085
-13225
-13251
-13166
-13130
-12963
-12670
-12761
-13170
-13458
-13444
-13263
-13055
-12914
-12990
-12960
-12784
-12854
-12809
-12695
-12877
-12785
-12584
-12874
-13124
-13146
-13282
-12988
-12301
-12409
-13171
-13625
-13820
-13690
-13057
-12587
-12439
-12478
-13080
-13645
-13516
-13155
-12825
-12727
-12971
-13127
-12982
-12830
-12725
-12552
-12716
-12891
-12984
-13383
-13521
-13359
-13183
-12941
-12679
-12798
-13005
-12822
-12879
-13034
-12873
-12770
-13008
-13127
-13019
-13393
-13622
-13229
-13180
-13257
-12800
-12456
-12536
-12713
-13094
-13467
-13131
-12684
-12911
-13099
-12982
-12978
-12985
-12986
-13217
-13215
-12934
-12911
-12940
-12971
-13007
-12942
-12749
-12594
-12810
-13177
-13363
-13421
-13340
-12957
-12570
-12555
-12846
-13085
-13126
-12987
-12795
-13003
-13452
-13631
-13429
-13007
-12593
-12489
-12840
-13164
-13093
-12857
-12829
-13022
-13191
-13268
-13176
-12871
-12630
-12703
-12965
-13203
-13333
-13274
-13045
-12939
-13013
-13112
-13178
-12978
-12671
-12683
-12809
-12834
-13012
-13299
-13316
-13120
-12974
-12935
-13134
-13317
-13045
-12739
-12885
-12909
-12750
-12986
-13030
-12863
-13031
-13059
-12962
-13052
-13042
-12915
-12995
-13001
-12842
-13014
-13260
-13245
-13208
-13203
-13080
-12905
-12781
-12896
-13323
-13266
-12609
-12577
-13092
-13056
-12704
-12620
-12687
-12998
-13437
-13396
-13241
-13347
-13055
-12660
-12835
-13096
-12922
-12683
-12796
-12885
-12884
-13003
-12977
-13095
-13517
-13610
-13315
-13003
-12663
-12581
-13011
-13260
-13025
-12805
-12731
-12789
-13107
-13361
-13197
-12941
-12835
-12834
-12972
-13036
-12901
-12824
-12938
-13122
-13271
-13262
-13036
-12834
-12840
-12889
-13026
-13302
-13262
-13020
-13038
-13045
-13036
-13213
-13112
-12664
-12461
-12701
-12977
-13128
-13182
-12969
-12865
-13062
-13049
-12963
-13168
-13197
-13093
-13313
-13300
-12933
-12718
-12688
-12683
-12830
-13159
-13162
-13061
-12983
-12663
-12585
-13012
-13504
-13518
-13327
-13093
-12829
-12801
-12814
-12914
-13012
-12844
-12892
-13239
-13088
-12954
-13057
-12823
-12873
-13174
-13179
-12966
-13069
-13159
-12808
-12714
-12808
-12983
-13501
-13650
-13071
-12723
-12799
-12860
-13085
-13228
-13046
-12915
-12829
-12524
-12423
-12815
-13221
-13311
-13206
-13046
-13106
-13449
-13461
-13138
-12954
-12761
-12666
-12854
-12879
-12711
-12768
-12940
-13128
-13391
-13313
-12950
-12909
-13052
-13113
-13185
-13078
-12773
-12664
-12752
-12809
-13000
-13210
-13107
-12876
-12770
-12796
-13082
-13479
-13385
-12890
-12600
-12674
-13057
-13446
-13348
-12965
-12853
-12863
-12808
-12930
-13049
-13027
-13196
-13401
-13359
-13260
-13178
-13023
-12751
-12629
-12701
-12656
-12633
-12658
-12707
-13044
-13489
-13502
-13096
-12887
-13021
-13160
-13233
-13234
-13166
-13191
-13033
-12717
-12629
-12497
-12583
-13078
-13334
-13127
-12773
-12729
-13131
-13672
-13555
-12843
-12690
-12868
-12697
-12749
-13106
-13075
-13119
-13430
-13139
-12916
-13132
-12917
-12746
-13062
-13303
-13143
-12791
-12512
-12408
-12695
-13141
-13422
-13458
-13263
-13174
-13102
-13024
-13144
-13184
-12984
-12806
-12809
-12733
-12670
-12829
-12900
-12822
-12856
-12896
-12861
-13188
-13626
-13567
-13253
-12952
-12813
-12941
-13035
-12813
-12472
-12467
-12720
-12989
-13286
-13280
-13117
-13207
-13211
-13069
-13063
-13023
-12851
-12944
-13244
-13331
-13253
-13124
-12865
-12693
-12864
-12917
-12794
-12934
-13233
-13278
-13069
-12962
-12760
-12705
-13030
-13142
-13110
-13021
-12797
-12753
-13040
-13379
-13344
-13329
-13344
-12998
-12917
-13046
-12913
-12742
-12529
-12424
-12637
-12948
-12904
-12674
-12915
-13231
-13449
-13628
-13278
-13026
-13139
-12922
-12742
-13160
-13448
-13042
-12724
-12732
-12740
-13159
-13591
-13212
-12845
-13094
-13041
-12773
-12756
-12648
-12907
-13231
-13075
-13066
-13077
-12976
-13070
-13160
-12882
-12654
-12903
-13188
-13370
-13287
-12820
-12537
-12670
-12786
-12877
-12995
-13001
-13335
-13720
-13491
-13061
-12729
-12293
-12273
-12876
-13267
-13195
-13069
-12800
-12462
-12715
-13206
-13376
-13574
-13699
-13299
-12712
-12549
-12736
-13173
-13481
-13122
-12698
-12803
-13099
-13132
-12997
-12896
-12785
-12922
-13038
-12897
-13138
-13472
-13276
-12932
-12793
-12753
-12838
-13067
-13095
-12963
-12874
-12808
-12960
-13259
-13437
-13312
-12926
-12754
-12836
-13004
-13303
-13467
-13332
-12914
-12565
-12647
-12857
-13026
-13134
-12915
-12547
-12768
-13454
-13465
-12864
-12315
-12090
-12787
-14010
-14364
-13559
-12779
-12423
-12412
-13046
-13401
-13152
-12951
-12689
-12357
-12626
-13369
-13532
-13379
-13310
-12903
-12797
-13164
-13123
-13073
-13206
-12924
-12603
-12748
-12888
-12771
-12934
-13107
-13012
-12920
-12857
-12849
-13143
-13501
-13389
-13243
-13070
-12798
-12863
-13098
-13125
-13001
-12937
-12781
-12735
-12822
-12851
-12931
-13107
-13146
-12945
-12880
-12938
-13116
-13309
-13283
-13104
-12955
-12966
-12841
-12840
-13016
-13096
-13278
-13316
-13181
-13044
-12914
-12835
-12916
-13161
-13092
-12810
-12722
-12724
-12765
-13013
-13189
-13108
-13149
-13137
-13020
-12883
-12866
-12984
-12973
-13078
-12984
-12782
-12912
-13062
-13077
-13041
-13054
-13021
-13092
-13251
-13316
-13165
-12813
-12836
-12959
-12784
-12677
-12751
-12855
-13129
-13629
-13467
-12794
-12879
-13143
-13026
-13359
-13391
-12776
-12889
-13209
-12889
-12808
-12994
-12855
-13130
-13586
-13115
-12666
-12881
-12873
-12977
-13539
-13357
-12769
-12874
-12864
-12575
-12741
-12816
-12607
-12875
-13143
-12926
-13044
-13326
-13222
-13238
-13181
-12801
-12843
-13132
-13047
-12929
-12921
-12802
-12903
-13229
-13278
-13207
-13108
-12842
-12769
-12994
-13141
-13077
-13033
-12911
-12713
-12883
-13253
-13385
-13378
-13300
-13030
-12868
-12807
-12627
-12686
-12900
-12945
-12994
-13086
-12886
-12729
-13182
-13543
-13481
-13219
-12831
-12493
-12516
-13180
-13291
-12945
-12998
-12949
-12757
-12559
-12970
-13713
-13815
-13024
-12438
-12767
-13218
-13931
-13938
-12979
-11982
-11353
-12421
-13812
-13669
-12791
-12025
-12216
-12890
-13525
-14347
-14654
-13840
-12156
-11801
-12906
-13247
-13308
-13249
-12232
-11987
-13325
-13826
-13376
-13193
-12649
-12314
-12883
-13370
-13352
-13381
-13328
-12993
-12861
-12884
-12747
-12883
-12975
-12663
-12754
-12846
-12816
-13301
-13586
-13477
-13331
-13123
-12905
-12912
-13192
-13121
-12782
-12697
-12761
-12968
-13106
-12853
-12562
-12653
-12895
-13012
-13233
-13359
-13112
-13081
-13320
-13275
-13125
-13077
-12795
-12651
-12955
-12982
-12782
-12767
-12864
-13065
-13467
-13631
-13391
-13301
-13067
-12850
-12738
-12606
-12651
-12592
-12764
-13007
-13170
-13145
-12878
-12842
-12786
-12967
-13296
-13347
-13439
-13412
-13142
-13075
-13177
-13082
-12898
-12752
-12576
-12557
-12864
-13176
-13317
-13096
-12651
-12566
-12718
-12919
-13166
-13573
-13780
-13416
-13060
-12827
-12777
-13000
-13143
-13134
-12735
-12292
-12439
-12947
-13355
-13313
-13096
-12951
-12911
-13176
-13433
-13364
-13118
-12960
-12897
-12896
-13074
-13342
-13256
-12794
-12577
-12526
-12637
-13125
-13270
-12925
-12719
-12760
-13008
-13448
-13589
-13231
-12952
-12904
-12873
-13082
-13350
-13189
-12895
-12845
-12880
-12971
-13195
-13163
-12862
-12816
-12871
-12847
-12954
-13029
-12958
-13018
-13126
-13076
-13069
-13067
-12886
-12726
-12868
-13028
-13136
-13221
-13095
-13100
-13175
-13235
-13105
-12857
-12803
-12722
-12808
-12622
-12447
-12958
-13570
-13805
-13381
-12799
-12470
-12601
-13277
-13605
-13272
-12889
-12792
-12903
-13127
-13242
-13133
-13003
-12885
-12648
-12592
-12875
-13192
-13045
-12516
-12561
-13315
-13985
-13789
-12947
-12328
-12227
-12801
-13679
-13824
-13260
-12765
-12375
-12562
-13388
-13522
-12763
-12207
-12189
-12568
-13478
-14031
-13670
-13232
-13048
-12925
-13068
-13391
-13197
-12837
-12712
-12514
-12740
-13352
-13419
-13019
-12771
-12591
-12648
-13195
-13436
-13130
-12937
-12859
-12855
-13080
-13295
-13341
-13030
-12474
-12406
-13065
-13697
-13598
-13046
-12585
-12465
-12746
-13135
-13293
-13168
-12846
-12614
-12858
-13235
-13321
-13217
-13036
-12902
-12940
-13183
-13202
-13031
-12832
-12743
-12865
-12702
-12867
-13157
-13065
-13075
-12873
-12638
-12799
-13175
-13425
-13468
-13086
-12558
-12689
-13205
-13543
-13447
-13036
-12733
-12907
-13123
-13061
-13085
-12873
-12717
-12688
-12854
-13359
-13059
-12579
-12677
-13136
-13491
-13271
-13333
-13104
-12485
-12617
-13129
-13303
-13060
-12994
-12887
-12663
-12948
-13109
-12995
-13072
-12979
-12816
-13067
-13642
-13750
-13215
-12672
-12429
-12569
-12849
-13220
-13093
-12565
-12639
-12909
-13180
-13230
-12978
-12856
-12871
-13127
-13311
-13220
-12885
-12538
-12431
-12626
-13120
-13451
-13727
-13598
-12938
-12898
-13057
-13045
-13295
-13248
-12915
-12699
-12711
-12786
-12779
-12810
-12687
-12795
-13237
-13450
-13298
-12986
-12746
-12603
-13130
-13527
-13226
-13144
-12935
-12985
-13073
-12656
-12904
-13394
-13051
-12551
-12547
-12846
-13333
-13650
-13433
-12957
-12582
-12406
-12776
-13369
-13338
-12977
-12789
-12820
-12888
-13044
-13294
-13246
-12940
-12779
-12801
-13027
-13213
-12940
-12975
-12861
-12198
-12432
-13247
-13976
-14285
-13339
-12020
-11873
-12672
-13537
-13893
-13318
-12523
-12402
-12644
-12923
-13425
-13550
-13125
-12963
-13017
-13001
-13204
-13592
-13499
-13030
-12692
-12550
-12892
-13251
-12937
-12467
-12418
-12641
-13009
-13423
-13358
-12975
-12996
-13157
-13199
-13313
-13211
-12899
-12819
-12878
-12864
-13001
-13063
-12808
-12734
-12936
-13079
-13113
-13050
-12728
-12587
-12858
-13084
-13271
-13349
-13411
-13397
-13246
-13039
-12883
-13070
-13028
-12968
-13048
-12876
-12849
-13067
-13014
-12849
-13153
-12802
-12252
-12701
-13110
-13208
-13406
-13498
-13048
-12845
-13073
-12891
-12938
-13122
-12903
-12928
-13046
-12727
-12546
-12941
-13344
-13348
-13257
-12958
-12652
-12850
-13208
-13600
-13445
-12847
-12709
-12688
-12979
-13311
-13141
-12855
-12643
-12726
-12879
-13127
-13421
-13418
-13375
-13128
-12842
-13043
-13241
-13150
-12918
-12569
-12534
-12855
-13195
-13383
-13265
-13004
-12935
-13009
-12999
-13048
-13156
-13007
-12794
-12797
-12754
-12740
-12940
-13013
-12945
-13010
-13002
-12998
-13323
-13458
-13160
-12920
-12778
-12863
-13318
-13430
-13024
-12829
-12906
-12906
-13045
-13226
-12978
-12731
-12700
-12662
-12839
-13116
-13081
-13081
-13497
-13397
-13013
-13031
-12807
-12516
-12402
-13020
-14011
-13845
-12874
-11912
-11995
-13188
-13925
-13878
-13275
-12621
-12501
-12779
-13254
-13526
-13413
-12967
-12438
-12350
-12757
-13147
-13354
-13489
-13180
-12747
-12621
-12702
-13294
-13669
-13155
-12612
-12447
-12453
-12742
-13282
-13558
-13541
-13396
-12850
-12422
-12614
-13010
-13277
-13432
-13411
-13130
-12924
-12962
-12966
-12845
-12861
-13068
-13152
-13123
-13055
-12807
-12745
-13092
-13425
-13377
-12928
-12702
-12944
-13303
-13483
-13187
-12717
-12531
-12720
-13086
-13297
-13177
-12856
-12546
-12492
-12885
-13313
-13500
-13350
-12899
-12705
-12915
-13175
-13305
-13366
-13214
-12931
-12877
-12989
-13067
-12921
-12731
-12616
-12621
-12839
-12911
-13120
-13320
-13113
-12889
-12746
-12872
-13199
-13459
-13367
-13003
-12753
-12766
-13113
-13290
-13231
-13006
-12616
-12626
-13109
-13511
-13576
-13440
-13036
-12690
-12862
-13216
-13332
-13152
-12689
-12279
-12300
-12670
-13171
-13519
-13465
-13134
-12931
-12894
-13016
-13269
-13354
-13294
-12958
-12432
-12193
-12521
-13286
-13745
-13607
-13101
-12595
-12539
-13052
-13684
-13788
-13372
-12735
-12413
-12577
-12708
-12772
-12956
-13029
-12951
-12963
-13034
-13225
-13511
-13622
-13477
-13049
-12722
-12874
-13095
-13029
-12742
-12470
-12568
-12988
-13387
-13385
-13093
-12888
-12687
-12666
-13015
-13334
-13251
-13040
-12777
-12535
-12786
-13141
-13288
-13359
-13229
-12882
-12677
-13000
-13364
-13366
-13201
-12930
-12678
-12632
-12802
-13120
-13370
-13160
-12837
-12832
-12932
-13234
-13355
-13136
-12755
-12482
-12826
-13200
-13396
-13265
-13061
-13110
-13164
-13300
-12957
-12629
-12625
-12783
-13221
-13198
-12758
-12619
-12770
-12988
-13389
-13444
-13046
-12900
-13039
-13085
-13216
-13360
-13063
-12819
-12755
-12729
-12847
-13059
-13081
-12844
-12824
-12710
-12728
-13279
-13519
-13203
-12989
-12889
-12582
-12854
-13517
-13457
-13079
-12895
-12824
-12937
-13264
-13386
-13181
-13064
-12804
-12483
-12719
-12963
-12993
-13192
-13226
-13088
-13011
-13111
-13190
-13229
-13163
-12716
-12634
-12868
-12898
-13074
-13228
-13150
-13024
-12952
-12854
-12781
-13060
-13371
-13269
-13068
-12817
-12817
-13084
-13054
-13072
-13071
-13049
-13203
-13243
-13069
-12869
-12883
-12827
-12790
-12954
-12978
-12958
-13281
-13283
-13022
-12941
-12597
-12550
-12797
-13030
-13047
-12989
-13071
-12914
-13048
-13208
-13119
-13306
-13525
-13391
-13216
-13109
-12948
-12962
-12987
-12813
-12585
-12601
-12720
-12956
-13316
-13370
-13208
-13029
-12886
-12772
-12810
-12916
-12992
-13079
-13137
-13293
-13312
-13411
-13389
-12962
-12784
-12653
-12696
-12867
-12810
-12740
-12644
-12734
-12960
-13225
-13346
-13289
-13089
-12747
-12743
-13134
-13585
-13647
-13371
-12968
-12550
-12386
-12383
-12621
-13099
-13380
-13389
-13349
-13123
-12855
-12968
-13222
-13325
-13248
-12875
-12515
-12632
-12957
-13121
-13247
-13269
-13047
-12849
-12864
-13030
-13233
-13308
-13178
-13039
-12990
-12946
-13028
-13097
-13052
-13063
-12916
-12665
-12793
-13217
-13343
-13163
-12999
-12713
-12556
-13050
-13460
-13133
-12947
-12990
-12873
-12956
-13134
-13156
-13221
-13591
-13892
-14087
-14191
-13731
-13234
-12944
-12693
-12730
-12841
-12810
-12855
-12887
-12550
-12183
-12250
-12594
-12920
-12913
-12498
-12009
-11872
-12093
-12442
-12860
-12897
-12681
-12634
-12865
-13554
-14017
-14076
-13870
-13743
-14065
-14435
-14745
-14336
-13607
-13365
-13364
-13662
-13865
-13699
-13446
-13343
-13129
-12720
-12376
-11822
-11280
-11115
-10933
-10695
-10660
-10761
-10943
-11335
-11850
-12053
-12163
-12366
-12426
-12559
-12720
-12803
-12997
-13318
-13488
-13657
-14198
-14732
-15008
-15112
-15024
-14949
-15077
-15016
-14631
-14284
-13812
-13147
-12751
-12726
-12562
-12225
-12027
-11838
-11829
-12099
-12219
-12100
-11905
-11726
-11784
-12062
-12271
-12279
-12222
-12243
-12370
-12662
-12968
-13155
-13271
-13313
-13358
-13418
-13489
-13737
-13938
-13912
-13965
-14045
-14142
-14362
-14559
-14656
-14668
-14809
-14900
-14736
-14798
-14871
-14581
-14213
-13720
-13375
-13453
-13529
-13498
-13557
-13454
-13386
-13452
-12955
-12157
-11442
-10938
-10598
-10296
-10313
-10202
-10164
-10602
-11109
-11689
-12203
-12390
-12413
-12517
-12619
-12615
-12752
-12960
-13085
-13438
-13814
-13932
-14179
-14718
-15171
-15458
-15823
-15870
-15648
-15612
-15417
-14992
-14631
-14308
-13981
-13783
-13469
-12691
-11956
-11673
-11537
-11366
-11101
-10448
-9626
-9135
-8724
-8357
-8220
-8151
-8263
-8821
-9843
-10970
-11980
-12701
-12959
-13238
-13774
-14190
-14428
-14577
-14676
-14897
-15219
-15392
-15266
-14899
-14526
-14408
-14462
-14413
-14263
-14248
-14330
-14290
-14312
-14325
-13959
-13319
-12805
-12386
-11867
-11654
-11562
-11306
-11315
-11446
-11532
-11651
-11693
-11579
-11621
-12005
-12475
-13273
-14366
-15284
-16167
-17064
-17543
-17551
-17162
-16394
-15612
-14970
-14628
-14541
-14453
-14455
-14521
-14526
-14196
-13551
-12913
-12386
-11961
-11552
-11174
-10870
-10797
-10816
-11079
-11616
-11629
-11186
-10700
-10379
-10438
-10696
-10703
-10537
-10678
-11044
-11681
-12448
-12915
-13167
-13443
-13694
-13907
-14355
-14816
-14887
-14793
-14769
-14689
-14547
-14206
-13379
-12430
-11955
-11972
-12438
-13456
-14434
-14994
-15642
-16305
-16617
-16807
-16726
-15817
-14477
-13265
-11917
-10779
-10218
-9733
-9328
-9228
-9352
-9873
-10929
-12163
-13125
-13720
-13966
-13889
-13775
-13578
-12995
-12230
-11409
-10387
-9348
-8507
-7746
-7083
-6828
-7002
-7461
-8240
-9022
-9657
-10514
-11531
-12612
-13854
-15024
-15870
-16529
-17084
-17485
-17952
-18379
-18495
-18392
-18226
-18033
-17936
-17939
-17810
-17844
-18237
-18650
-18874
-18584
-17630
-16022
-14054
-12279
-10665
-9387
-8461
-7705
-7443
-7414
-7397
-7604
-7817
-7858
-8390
-9772
-11412
-12997
-14212
-14675
-14869
-15388
-15767
-15848
-16041
-15847
-15132
-14328
-13415
-12374
-11401
-10545
-9524
-8730
-8363
-7678
-7494
-8742
-9943
-10348
-10987
-12032
-13234
-14960
-16630
-17209
-17420
-17962
-18292
-18456
-18205
-16991
-15305
-13749
-12504
-11600
-11025
-10299
-9555
-9553
-10181
-11216
-12637
-14233
-15647
-16993
-18460
-19563
-20110
-20058
-19161
-17561
-15725
-14162
-13262
-12712
-11941
-11283
-11140
-11424
-12081
-12651
-12385
-11559
-11222
-11320
-11299
-11213
-10728
-9684
-8855
-8493
-8308
-8531
-9008
-9202
-9622
-10756
-12109
-13134
-13354
-12794
-12103
-11764
-11599
-11392
-11233
-10788
-10256
-10105
-10680
-12361
-14546
-16215
-16808
-16672
-16330
-16015
-15912
-15795
-15643
-15753
-16115
-16603
-17235
-17564
-17299
-17007
-16657
-15962
-15368
-14947
-14238
-13291
-12521
-12164
-12458
-13024
-13159
-12975
-12927
-13102
-13322
-13410
-12977
-11981
-10989
-10285
-9713
-8912
-8067
-7454
-6648
-5985
-5896
-5534
-4614
-3888
-3517
-3660
-5052
-7392
-9945
-12628
-15125
-17124
-18850
-20391
-21691
-22900
-23279
-22235
-20751
-19548
-18700
-18195
-17387
-15717
-13849
-12387
-11350
-11114
-11441
-11768
-12063
-12470
-12718
-12615
-12497
-11894
-10839
-10121
-9823
-10056
-10930
-12126
-13178
-14118
-14893
-15564
-16715
-17836
-18050
-17420
-16343
-14788
-13204
-12394
-11866
-11264
-10987
-11117
-11853
-13640
-15774
-17255
-18219
-18428
-17757
-16498
-14542
-11762
-8681
-6049
-3708
-1879
-979
-966
-1968
-3764
-5950
-8272
-10783
-13519
-16129
-18268
-19484
-19380
-18377
-17367
-16569
-15933
-15710
-15740
-15732
-15988
-16844
-17907
-18540
-18687
-18176
-16875
-15313
-13969
-12974
-12225
-11436
-10036
-8242
-7141
-7086
-7969
-9633
-11279
-12368
-13531
-15187
-16976
-18365
-18807
-17953
-16393
-15058
-13989
-13596
-13988
-13921
-12756
-10866
-8721
-6958
-6003
-5432
-4702
-4143
-4304
-5222
-6901
-8908
-10350
-11085
-12060
-13700
-15552
-17342
-18155
-17671
-16903
-16545
-16493
-16557
-17073
-17666
-18255
-19215
-19809
-19765
-19263
-18180
-16849
-15968
-15452
-14677
-13646
-12373
-10908
-9765
-9065
-8638
-8780
-9229
-9490
-9858
-10139
-9737
-8636
-7306
-5749
-4482
-4764
-6371
-8621
-11147
-13307
-14689
-15705
-16877
-17670
-17581
-16779
-15505
-14670
-15041
-15645
-15463
-14748
-13857
-13133
-13663
-15296
-16406
-16943
-17337
-17120
-16654
-16550
-16086
-15089
-14199
-13247
-12406
-11983
-11437
-10372
-9331
-8856
-8958
-9547
-9961
-9789
-9588
-9336
-8712
-7934
-6914
-5987
-6079
-7499
-9393
-10862
-11782
-11899
-12254
-13902
-16044
-18134
-19761
-20362
-20171
-20188
-20535
-20555
-20361
-20076
-19629
-19351
-19578
-19972
-20091
-19889
-19230
-18355
-17473
-16209
-14405
-12103
-9718
-7937
-6904
-6359
-6036
-5844
-5518
-5345
-5985
-7144
-8539
-9783
-10112
-9281
-8005
-7073
-6250
-5928
-6441
-6983
-7756
-9091
-10215
-10876
-11495
-12113
-13210
-15608
-18841
-21963
-24179
-24867
-24411
-23722
-23291
-22895
-22610
-22537
-22195
-21802
-21325
-20091
-17865
-14458
-10146
-5753
-1971
564
1410
932
11
-1252
-2770
-4358
-6756
-9536
-11355
-12136
-12303
-12189
-12487
-13616
-14978
-16311
-17637
-18436
-18887
-19261
-19037
-18723
-19277
-19975
-20332
-20644
-20047
-18223
-16269
-14366
-12318
-10663
-9090
-7192
-5724
-4694
-3416
-2389
-2065
-2069
-2864
-4832
-6942
-8589
-10008
-10924
-11556
-12654
-13817
-14401
-14476
-14141
-13739
-13957
-14703
-15481
-16103
-16044
-15302
-14648
-14299
-14201
-14634
-15173
-15078
-14830
-15166
-16200
-17711
-19155
-19984
-20352
-20802
-21212
-21251
-20883
-19789
-17761
-15392
-13025
-10805
-9252
-8228
-7464
-7440
-8325
-9594
-10963
-12104
-12451
-11966
-11267
-10882
-11010
-11462
-11850
-12065
-11879
-11420
-11019
-10890
-11189
-11567
-11905
-12455
-13493
-15152
-16857
-17775
-17985
-17837
-17327
-16729
-16316
-16057
-15698
-15261
-14908
-14538
-14203
-13723
-12781
-11384
-9889
-9092
-9504
-10891
-12566
-13899
-14431
-13977
-13046
-11916
-9998
-7100
-4359
-3151
-3958
-6222
-8814
-11457
-14315
-16884
-18664
-19339
-18705
-17095
-15136
-13489
-12509
-12181
-12518
-13228
-14022
-14607
-14612
-14069
-13006
-11437
-9918
-8915
-7996
-7175
-6771
-6850
-7703
-8729
-9142
-9047
-9167
-10328
-12471
-14670
-16383
-17871
-19160
-20491
-21928
-22321
-21017
-18288
-14785
-11502
-9138
-8202
-8507
-9269
-10476
-12083
-13271
-13735
-13790
-13244
-12116
-11134
-10314
-9698
-10165
-11618
-13056
-14509
-16214
-17973
-20217
-22279
-22556
-21201
-18870
-15756
-13283
-12406
-11729
-10422
-9126
-7868
-7031
-7266
-7623
-7742
-8368
-9284
-10346
-11900
-13154
-13356
-13231
-13038
-13030
-14176
-15823
-16793
-17940
-20062
-22400
-24695
-26417
-26607
-25512
-23301
-19798
-15666
-11958
-8701
-6215
-5121
-4524
-4062
-4469
-5564
-6951
-9108
-11845
-14532
-16677
-17852
-18164
-17692
-16601
-14973
-13226
-11668
-10080
-8697
-7734
-7254
-7084
-6506
-5145
-3550
-2243
-1770
-2299
-3252
-3673
-2835
-1633
-1317
-2913
-6278
-10153
-14208
-18076
-21468
-25276
-29932
-33968
-36022
-35604
-33057
-29805
-26980
-24957
-23175
-20539
-16582
-11867
-7411
-4082
-1792
69
1704
2720
2243
301
-2505
-5256
-7241
-9068
-11008
-12603
-13427
-13222
-12158
-11082
-11188
-12338
-13678
-15006
-15926
-16274
-16819
-18138
-19364
-19360
-18160
-16512
-15192
-14766
-15336
-15910
-15801
-15461
-15444
-16021
-16968
-17609
-17535
-17425
-17685
-17882
-17932
-17607
-16564
-14785
-12531
-10383
-8703
-7998
-8403
-9206
-9776
-9693
-9519
-9810
-10683
-11959
-12512
-12336
-11931
-11548
-11655
-12253
-12969
-13019
-12493
-11993
-12086
-13292
-15297
-17395
-18896
-19803
-20606
-21579
-21990
-20882
-17776
-12800
-7792
-4681
-3850
-4368
-5573
-6895
-7478
-7591
-7429
-6803
-5997
-5952
-7438
-10115
-13427
-16383
-17983
-18100
-17252
-16180
-15016
-14214
-14397
-15534
-17485
-19953
-21965
-22033
-19830
-15803
-10496
-5020
-630
1724
2270
1307
-1350
-4791
-7903
-10355
-12022
-13119
-14170
-15334
-16796
-18622
-20209
-21337
-21868
-21390
-19638
-16867
-13400
-9800
-7536
-6567
-5610
-4486
-3660
-3026
-2843
-3726
-5195
-7126
-9701
-11849
-12795
-13407
-13912
-14188
-15301
-17237
-19310
-22536
-27200
-31500
-34481
-35787
-34837
-32336
-29668
-26932
-24064
-21449
-18885
-16899
-16169
-15847
-15234
-15063
-14944
-14324
-14288
-14781
-15094
-15276
-15410
-14753
-13502
-12495
-11135
-9449
-7465
-5144
-2634
319
3102
4826
4886
4261
3144
423
-2641
-5122
-7144
-8300
-8785
-9395
-9843
-9501
-9034
-8071
-6246
-4562
-3439
-2939
-3452
-4900
-6811
-9172
-11726
-13963
-16122
-18346
-19907
-20689
-20803
-20094
-19004
-18244
-17776
-17694
-18317
-18756
-19422
-20965
-22537
-23889
-25303
-26316
-26970
-27965
-28353
-27471
-25315
-21649
-17385
-14116
-12090
-10402
-8859
-7191
-4651
-1675
651
2737
4738
5948
6399
5895
4089
1370
-986
-1665
-1020
-503
-1048
-3838
-9500
-16423
-22412
-26583
-29128
-30482
-30910
-30568
-29826
-29021
-28564
-28625
-29145
-30133
-31019
-31122
-30154
-28171
-25564
-23179
-21558
-20013
-18095
-16091
-14114
-12569
-11698
-11147
-10519
-10078
-10145
-9828
-9006
-8246
-7359
-6625
-6459
-6175
-5190
-3766
-1741
294
1334
1602
1609
1848
2726
4258
5604
5883
5337
4458
3231
1571
-826
-4866
-10686
-16887
-22014
-25606
-27851
-29701
-31850
-33421
-33578
-31618
-27668
-23409
-19741
-16791
-14123
-11104
-7369
-3297
251
2654
3290
2520
934
-1415
-5275
-10523
-16090
-21569
-25668
-27698
-28803
-30117
-31371
-31809
-31604
-30046
-26233
-21500
-16381
-11181
-7151
-3812
-1495
-448
844
2700
3947
3137
255
-3505
-7496
-10954
-13574
-16882
-21159
-24689
-26392
-26076
-24703
-23737
-24283
-26241
-28081
-28779
-27696
-25533
-23682
-21961
-20227
-18294
-15857
-12389
-8209
-5321
-3680
-1988
328
3369
5792
5821
3819
1993
1630
2484
2601
430
-2808
-5258
-6640
-7244
-7040
-8036
-10197
-11725
-14228
-16699
-17054
-17194
-18218
-19110
-20385
-22082
-22719
-23729
-26320
-29191
-31325
-32315
-32061
-30199
-27599
-25480
-22896
-20717
-19350
-16760
-15097
-14620
-12231
-8398
-3700
1452
4817
6347
6777
5277
2643
-271
-2094
-2327
-1720
-426
-10
206
1242
1613
631
-1091
-4380
-9748
-14891
-18617
-21101
-22052
-21990
-21903
-21134
-20370
-21248
-23285
-26393
-30214
-32568
-31850
-28940
-24844
-20632
-17786
-16337
-15687
-15499
-15784
-16252
-17237
-19087
-20167
-20117
-19815
-18209
-16544
-17146
-18858
-20247
-20273
-18671
-16205
-12952
-8736
-3741
1486
6510
10182
11156
10017
7963
5509
3821
3929
5179
6086
5956
4653
2116
-1047
-5113
-10714
-17099
-23676
-29948
-34773
-37792
-39669
-40333
-39276
-37230
-35040
-32657
-30410
-29299
-29071
-28716
-28220
-26901
-24347
-21766
-19552
-16981
-13454
-9073
-4681
-1351
-25
-187
-614
-947
-306
989
1294
983
799
401
-286
-1326
-3081
-4744
-4875
-3913
-2425
-55
2127
3669
4634
4238
3010
2044
539
-3859
-11379
-20273
-28638
-34592
-37473
-38389
-38172
-36599
-34566
-32630
-30671
-28815
-27263
-25719
-23961
-22488
-20422
-17028
-13303
-10476
-8431
-7344
-6965
-6413
-6121
-6474
-8001
-9989
-11477
-11670
-10775
-10650
-12071
-15169
-18826
-21986
-23737
-23521
-22315
-20816
-18718
-15177
-10710
-6280
-2330
744
3144
5001
6063
6384
6022
4380
2014
82
-1803
-3844
-6190
-9893
-15322
-21213
-26164
-29836
-31590
-31869
-31210
-28899
-26026
-23244
-20777
-19582
-19421
-20165
-20583
-19232
-16985
-14561
-11859
-8812
-5909
-4145
-4048
-5586
-7587
-8872
-9302
-8903
-8156
-8110
-8874
-9585
-10218
-11541
-13558
-15561
-17173
-17871
-17369
-16023
-14365
-13008
-12303
-12298
-12812
-13871
-15968
-19292
-22803
-25305
-25573
-23112
-19274
-14877
-10552
-6952
-3968
-2104
-2287
-4783
-9345
-15068
-19698
-21928
-22490
-22182
-21053
-19349
-16750
-12438
-8167
-5236
-3075
-1756
-149
3145
6922
8766
8379
6657
4130
2394
2589
3541
4485
5335
4725
3342
2991
2806
1133
-2730
-9270
-18361
-26837
-32946
-38119
-42403
-46080
-49622
-51351
-49791
-46451
-42484
-37622
-32359
-26304
-19863
-14846
-12437
-12338
-13301
-14463
-15209
-16345
-18577
-21330
-23488
-23829
-22460
-19878
-16993
-15110
-14943
-15238
-14014
-11804
-9420
-6805
-4297
-1646
1457
4098
5950
7702
10306
13236
14540
14388
13966
13708
13632
13833
13043
10250
6086
393
-6221
-12656
-18671
-25181
-32059
-38162
-42942
-45008
-43645
-39939
-35568
-30991
-27144
-24719
-22922
-21510
-20044
-18177
-15754
-13282
-11478
-10485
-10151
-9638
-8883
-9562
-12275
-14877
-15603
-14712
-12728
-9934
-7640
-6194
-5482
-5620
-5327
-4807
-3825
-1803
-129
1580
4401
7765
10448
11336
9253
3530
-3861
-10855
-17330
-23154
-28925
-35311
-41036
-44740
-46561
-45785
-42253
-39157
-38530
-38419
-36739
-33358
-28796
-24836
-22902
-21481
-19380
-16266
-12496
-10873
-12246
-14154
-14926
-14466
-12191
-8038
-3822
84
4061
7137
9838
13079
15352
15813
15252
13714
12210
12540
13561
13240
11409
7974
2931
-2494
-7634
-12905
-17823
-21638
-23964
-24756
-24746
-24708
-24497
-24731
-26243
-27768
-28946
-29376
-28633
-28098
-29084
-31581
-33823
-35342
-35934
-35371
-34170
-31633
-27668
-22977
-18018
-13421
-10389
-8115
-5562
-4137
-3419
-2548
-2623
-3450
-3196
-1803
-867
-424
143
399
149
-575
-1370
-1501
-1413
-1760
-2455
-3748
-6153
-9275
-12718
-16032
-18625
-22160
-27160
-31174
-32986
-31857
-28331
-25273
-23904
-23240
-22065
-20072
-16840
-12536
-8632
-4969
-1298
1929
4811
7200
8122
6106
2133
-2321
-6893
-11289
-15770
-19911
-22514
-22954
-23085
-23610
-23652
-22936
-20968
-18920
-17761
-17955
-19296
-20247
-19419
-16463
-13410
-11092
-8832
-8527
-10530
-12430
-13875
-14444
-13856
-13633
-13698
-13205
-12012
-10172
-8393
-7345
-7123
-6541
-4055
-876
1186
2164
2213
1335
-95
-1812
-4711
-8620
-12000
-15171
-18946
-23585
-28950
-34232
-38426
-41128
-43013
-44033
-44137
-44123
-43700
-41071
-35360
-27712
-19456
-12310
-6052
354
5173
7621
9119
10860
11862
12601
14601
15929
15494
13304
8618
1975
-4255
-9106
-14004
-18533
-21816
-24452
-26333
-26865
-26286
-25109
-23624
-22423
-21422
-19472
-16014
-11735
-7157
-2538
413
573
-1499
-4666
-7380
-10266
-15219
-21439
-27091
-31289
-33396
-34461
-35213
-34893
-33257
-31172
-28744
-24256
-18229
-11827
-5937
-1050
3318
6970
10239
12488
13384
12451
10637
9829
8525
5965
1892
-3331
-8592
-13166
-15784
-17531
-19552
-21342
-22235
-21686
-20460
-18213
-14520
-11601
-11536
-13913
-16584
-18751
-20477
-20584
-19133
-18634
-19413
-19890
-19392
-16905
-13442
-11568
-11907
-13203
-14868
-16058
-15604
-14892
-15091
-15901
-16576
-16483
-15122
-13701
-14859
-18351
-21950
-23619
-22543
-19086
-14770
-11776
-10721
-11493
-13322
-15075
-16522
-17740
-19314
-22212
-25950
-28329
-29541
-31418
-33642
-35485
-35954
-33847
-29237
-22637
-14117
-4547
4132
10915
15894
19614
22788
25230
26505
26438
23872
18346
11347
5019
376
-3857
-9701
-17854
-27383
-35588
-40220
-42048
-41285
-38475
-36084
-34058
-29355
-20995
-11565
-2422
4835
8436
9658
10310
10939
12135
13357
11812
7112
998
-4287
-7204
-9668
-13869
-18986
-23303
-25673
-24247
-20756
-18852
-17190
-14259
-12555
-13047
-14436
-18078
-24029
-28917
-32822
-37272
-39926
-40449
-41494
-41820
-39036
-35658
-34270
-33389
-32326
-29878
-24426
-17898
-12722
-8721
-4764
-1278
2401
6288
8558
9683
9613
7698
6033
6238
6646
5876
5130
4476
3465
3123
2466
244
-3288
-7827
-12243
-14783
-15599
-16784
-18121
-19440
-21409
-23071
-24913
-27294
-28782
-29555
-30906
-31767
-30545
-27506
-22086
-15138
-11139
-10797
-10984
-10562
-9968
-9914
-12027
-17020
-21659
-24820
-25640
-21999
-17540
-15034
-13656
-11778
-8671
-4396
-40
967
-597
-1970
-2111
-742
-293
-3246
-8681
-13522
-15996
-16039
-15037
-15446
-17126
-17604
-16015
-12003
-6382
-2459
-1836
-2778
-3792
-4697
-4962
-5315
-6828
-9547
-12624
-14475
-14180
-12318
-11198
-11830
-13027
-13531
-12865
-11952
-12056
-12572
-13800
-17259
-22347
-27994
-32992
-36718
-38350
-37950
-37050
-35508
-33076
-28772
-23406
-19048
-15056
-11608
-9189
-6343
-3111
-1401
-484
503
123
-1060
-1764
-2700
-3132
-2621
-2885
-3311
-3715
-5943
-9072
-10943
-12433
-14911
-18235
-22793
-27883
-31136
-32249
-32663
-31936
-30316
-28737
-26336
-23379
-21185
-19536
-18102
-17807
-17354
-15321
-12522
-9044
-5223
-2092
571
3063
3776
2982
2121
342
-2948
-6804
-11103
-15953
-18311
-18290
-18259
-16975
-16223
-19005
-23490
-26827
-29397
-31097
-30962
-29864
-27009
-21073
-13593
-6473
433
5790
9201
12534
15555
18190
20749
22443
22414
21148
18357
13676
8526
2637
-4748
-12170
-18784
-24949
-29219
-31195
-31535
-28429
-22153
-16884
-14359
-13231
-13555
-16000
-19033
-22268
-25925
-26614
-23866
-20465
-17401
-15105
-14524
-15330
-15594
-15119
-13823
-11468
-8110
-4008
-667
884
1331
1052
-630
-3163
-7222
-12848
-18053
-21194
-21647
-20919
-20549
-21403
-23111
-25381
-27499
-28358
-28904
-28984
-28220
-27137
-25489
-22846
-19758
-17654
-16079
-14518
-13697
-13870
-15271
-17545
-19690
-20010
-18767
-17261
-14581
-11228
-9358
-10153
-13048
-17173
-21803
-25328
-27712
-29441
-29703
-28358
-25719
-22999
-21880
-22789
-25178
-28237
-30203
-29192
-26974
-24411
-20011
-14288
-7953
-1873
2512
4365
5071
5470
4944
4627
5019
5102
4359
2767
425
-1840
-2991
-3133
-2620
-989
1148
3402
6648
10780
14795
17453
17753
15254
11512
7604
2928
-2851
-10229
-17145
-19594
-16664
-11543
-7487
-5952
-7547
-10245
-11209
-10924
-10824
-11189
-11604
-11179
-9653
-6984
-3785
-1881
-3183
-5973
-7678
-9272
-9880
-9457
-10224
-13063
-18364
-24661
-30552
-36468
-44798
-55770
-65625
-72705
-76280
-74253
-67154
-57988
-47756
-38146
-31769
-26173
-20019
-15698
-13224
-12262
-11471
-8202
-1742
6587
13762
17875
18030
15338
13039
11190
8754
6045
2475
-2228
-6249
-7950
-8050
-7472
-6486
-7213
-11531
-17586
-22902
-24987
-23004
-20060
-17498
-14772
-11985
-9639
-7995
-8957
-15070
-23757
-31685
-36722
-37438
-36031
-34757
-33605
-32237
-30495
-26417
-19932
-15282
-13507
-12532
-11183
-8182
-2668
4549
10985
15175
16700
15177
10871
4898
-570
-4302
-5821
-4811
-2573
-115
2630
4841
4468
-1131
-11466
-23053
-32704
-38940
-42708
-44229
-43295
-39607
-33445
-26964
-21614
-18397
-16933
-15964
-13856
-9941
-5850
-3431
-4296
-6964
-9377
-10560
-10581
-10619
-10366
-9757
-8089
-5457
-2394
583
2600
4205
6061
8196
9364
9933
10764
11553
12299
12613
11775
9564
7074
4609
1355
-1098
-2368
-6312
-13673
-22454
-30348
-35307
-38262
-41237
-41921
-34502
-22559
-15243
-14584
-17093
-19058
-17992
-13939
-11453
-14091
-20372
-25756
-27627
-25825
-22453
-21772
-23628
-24850
-23674
-21262
-20149
-21304
-24625
-28077
-29989
-30864
-31309
-31853
-33035
-34869
-35774
-34349
-31591
-28257
-24625
-20404
-15266
-10337
-6369
-4483
-4653
-5207
-4907
-3354
-2254
-3235
-5421
-7350
-8760
-10160
-12308
-15329
-19147
-23422
-26667
-27979
-28887
-29807
-28046
-23096
-15843
-7420
-388
4492
8588
13471
19730
25997
29635
30330
30040
29702
28287
24883
19004
10417
1495
-5590
-9469
-10332
-11012
-12536
-13283
-11749
-9467
-8403
-9329
-12361
-16080
-18720
-19002
-17551
-15752
-14065
-12573
-12194
-13295
-16029
-21278
-27679
-32502
-34469
-34023
-31416
-28592
-27018
-25167
-22503
-19663
-17646
-17023
-18456
-20377
-21078
-21876
-22095
-21382
-20930
-20431
-19897
-19486
-18719
-17626
-16483
-16072
-16733
-18678
-21328
-21750
-19536
-17128
-15818
-15904
-18076
-20889
-22081
-22407
-21319
-17589
-13338
-11183
-10713
-10955
-11757
-12848
-15738
-20925
-26614
-30514
-31716
-31669
-31182
-30919
-31512
-33210
-35877
-37495
-37225
-36168
-34563
-32030
-28151
-22230
-14784
-7030
1083
8676
13431
14852
13912
10322
4822
-644
-5439
-8642
-9690
-8585
-6155
-4377
-4022
-4402
-4137
-3634
-3697
-3706
-3131
-533
3655
7358
8986
8148
5770
1788
-1860
-3322
-2979
-2280
-2001
-1239
-968
-1320
-2632
-5492
-10153
-16491
-21834
-25586
-27491
-27982
-27428
-25617
-24202
-22197
-19037
-15518
-11915
-7576
-2274
1851
5792
12132
20121
27257
32052
33338
30666
26854
24462
22444
18451
11722
3287
-3834
-7835
-10158
-13152
-18972
-26069
-33616
-42392
-52850
-63680
-64498
-58718
-62931
-73563
-81033
-85250
-84107
-75292
-66920
-67538
-71953
-72813
-67293
-54299
-40261
-33805
-34125
-35704
-35186
-30930
-24365
-19674
-18681
-19943
-21552
-19597
-12513
-4232
1691
6042
10308
13869
18780
24200
26140
25856
25558
24583
23630
25139
25557
22269
18630
14109
7944
3943
3523
3298
1989
-457
-5166
-10407
-14387
-17877
-22399
-27571
-32956
-37253
-37737
-35517
-31826
-26453
-19111
-8989
1727
8382
10651
12359
14994
19259
24013
26095
24345
19591
13616
8108
4986
2532
-2306
-8313
-13748
-17930
-19727
-19955
-20869
-22188
-22619
-21547
-18001
-12118
-7414
-6094
-6892
-8140
-7706
-4000
1429
4948
6561
5349
1080
-2761
-6477
-11328
-17805
-24033
-28032
-29261
-27323
-24546
-22595
-21765
-21605
-21626
-21409
-22002
-25991
-33610
-42646
-49785
-52221
-49523
-44664
-41395
-40470
-38464
-32568
-23556
-13715
-5992
-1246
2967
9595
18256
27123
33572
34237
28269
17056
4586
-6140
-14686
-21613
-28070
-32514
-33580
-31980
-27933
-22897
-19310
-18271
-17285
-14241
-9818
-4652
-907
2757
9050
16387
21281
22696
21499
16167
9126
3336
-1652
-6805
-11466
-14297
-15369
-13218
-10154
-7203
-3777
-2803
-5479
-10733
-17334
-25082
-31917
-37881
-42362
-42763
-41206
-39646
-38661
-39217
-42093
-45858
-47800
-46896
-42690
-36245
-29182
-20323
-9244
-539
2626
963
-4267
-8759
-8969
-7405
-7482
-9161
-10594
-10080
-5799
2778
8453
5973
1730
-2802
-9967
-15490
-18086
-21362
-24868
-25596
-26644
-30161
-31652
-30880
-30885
-29602
-25829
-20881
-14521
-10082
-10774
-10850
-5383
2577
10245
14582
13384
12129
16073
21460
24329
25134
21788
14492
8914
6908
3467
-5570
-19027
-31245
-40214
-48902
-54606
-56867
-59001
-60833
-60917
-57369
-50988
-43294
-36198
-31765
-28545
-23779
-16965
-9613
-2410
3068
4255
2858
-1740
-10204
-16364
-21454
-27858
-31328
-32187
-34726
-38363
-40460
-43700
-40901
-27738
-17171
-11132
-5467
-2287
1723
12278
23594
26907
27833
28072
25743
27413
32497
35699
37244
37585
31104
21063
14809
8067
-23
-8818
-21309
-34892
-44503
-50855
-53976
-52196
-50946
-53391
-56123
-58257
-58241
-53237
-48699
-49755
-52177
-49836
-41663
-28392
-12785
-1971
2433
3725
5785
9656
15215
20152
18649
12897
5580
-2009
-6967
-10525
-15770
-25520
-38575
-51308
-57282
-52652
-43204
-33735
-27784
-27454
-27763
-24345
-18522
-13314
-9548
-9248
-11688
-11084
-8929
-10789
-16954
-25791
-35308
-43481
-49390
-54982
-61534
-64422
-60008
-49674
-37137
-27166
-22913
-22210
-20694
-16818
-11171
-5941
-2029
1150
5589
13852
25488
36827
43274
44322
42815
41924
42465
43235
42663
39247
34808
32981
35459
38183
35839
27180
14397
1072
-10685
-16925
-15145
-8580
-3216
-1305
210
2930
6996
11857
15659
17970
18855
16553
11299
4451
-4690
-14722
-22333
-25808
-27493
-29624
-32905
-38435
-42965
-43329
-41183
-39779
-39150
-37091
-35231
-34859
-33766
-32569
-31810
-28786
-31246
-37618
-23127
4395
13932
10569
8115
5744
8252
18784
26021
22810
15454
4149
-10989
-20348
-23504
-28569
-35573
-43570
-53006
-58547
-59286
-57359
-52722
-46606
-43053
-42088
-36845
-26794
-13967
1305
13637
15801
10956
6847
4602
8051
15473
17205
10484
1103
-6544
-11282
-11042
-9653
-10868
-14542
-20640
-26138
-27338
-24268
-19221
-12618
-6665
-4866
-2829
1613
3669
2914
9
-5022
-11749
-16160
-19553
-27609
-36425
-45159
-51705
-48141
-34567
-24436
-23074
-19497
-16967
-18858
-16727
-15229
-21598
-27652
-29770
-33859
-33895
-29054
-31243
-38074
-42608
-49945
-56416
-55033
-55537
-60451
-62367
-65890
-69963
-64362
-54977
-46924
-32882
-18531
-13624
-11593
-8169
-6916
-1950
9970
19312
22416
25223
26695
24021
21291
18593
16145
14982
12393
11288
13855
15663
15473
16500
18112
17955
17911
16511
13527
14297
20460
30462
40938
48273
48379
41128
28891
15019
11525
21133
32463
35474
29551
21293
16016
17709
21751
23629
22562
13894
565
-11107
-18146
-21451
-27178
-39676
-55479
-64781
-63502
-59967
-59502
-62274
-69147
-74147
-73243
-63135
-45663
-30361
-22174
-20986
-18100
-12153
-6540
-4366
-10919
-20367
-25911
-25762
-20049
-11995
-7882
-9296
-14841
-22993
-29272
-33045
-34291
-32481
-29644
-31834
-39180
-43112
-41297
-36081
-29234
-25102
-27457
-32431
-34342
-30612
-19953
-6673
1499
4181
5746
6692
5278
-406
-10067
-20891
-29386
-35930
-42710
-48874
-55896
-63298
-67117
-66207
-63801
-65448
-69825
-72934
-73404
-68909
-61549
-55909
-54505
-53522
-48135
-39449
-29366
-21109
-13874
-6871
-446
7300
14358
19882
22503
19407
11318
2898
-1401
-2860
-1865
1102
1176
-686
-501
84
-678
1973
10800
20668
29472
35981
40426
46714
51971
54498
56342
55336
51237
46454
40850
32355
21716
11614
2487
-2540
-951
2860
3519
-94
-5490
-7817
-4172
2136
8062
13252
17320
22912
34111
47274
56899
62441
61750
55588
47856
40849
34461
27605
19908
12147
5842
-60
-5290
-9657
-14662
-20328
-24032
-25583
-28061
-30257
-31880
-32961
-33134
-32028
-27873
-22326
-17031
-15185
-17616
-20763
-23943
-26714
-28761
-31404
-36914
-44650
-50378
-53571
-55625
-58242
-66037
-77071
-88294
-101433
-112814
-120284
-127222
-133803
-134857
-133034
-133508
-130406
-121509
-111932
-103401
-93965
-88062
-86613
-81436
-71645
-59874
-50101
-46702
-46862
-43426
-33650
-23489
-16674
-12231
-9807
-6150
1522
11424
20292
27665
30865
27899
24471
21736
19724
20899
24635
27047
25277
24279
25538
29014
35839
43168
48681
52981
59255
65411
69734
73140
74609
74594
73282
71606
70289
68823
65873
59242
48582
35612
22504
11208
1222
-8589
-18419
-28651
-35801
-40422
-45698
-46047
-40874
-36435
-31287
-22710
-13803
-4929
5533
15421
24918
34003
40073
45084
51867
56861
54662
47703
39198
30148
25859
27583
29506
28847
27597
24833
20905
18661
16647
11647
3435
-6782
-19335
-31310
-41339
-49688
-56725
-63895
-72032
-82366
-76789
-54152
-43377
-44300
-48986
-59091
-67970
-67845
-62954
-64666
-69393
-74755
-81043
-82782
-82417
-84621
-89059
-96561
-106747
-111654
-110517
-106564
-98216
-90298
-86326
-80434
-69272
-57376
-47063
-40010
-40891
-46237
-48195
-46187
-42115
-37467
-37164
-41679
-45079
-48107
-52989
-54779
-53870
-56140
-60674
-62976
-62893
-60391
-54469
-49040
-45835
-39936
-29344
-16179
-1522
11378
19745
25198
29426
34145
41105
49940
57170
58761
55095
52193
55164
63234
70794
73836
73192
69952
67523
68679
71642
72188
70080
66699
61221
58163
57614
55852
52652
47993
42745
38186
36386
37037
40482
45879
49091
50039
51020
51508
49963
48378
46720
42800
36997
30154
23285
16170
8582
3157
1761
2774
6182
12326
19040
24494
27538
26576
20460
12053
5200
298
-4121
-8467
-13982
-22075
-32114
-41002
-46805
-51395
-53348
-55475
-61634
-68723
-74396
-77894
-81962
-88508
-97238
-106767
-114769
-120561
-124815
-129997
-135472
-140658
-143155
-137231
-125538
-111888
-97370
-84681
-73825
-63936
-55542
-50728
-47748
-44021
-42076
-41166
-38014
-31743
-24921
-20622
-19514
-22016
-26217
-28315
-28862
-31805
-36720
-41379
-44873
-48473
-53445
-58953
-63514
-62792
-57011
-50680
-47692
-49156
-52478
-54255
-51019
-43378
-33665
-24018
-14826
-6993
-1949
2657
6655
9391
13110
17527
20099
21582
22460
21726
22080
25854
32383
39449
45300
48434
49518
52247
55478
57017
58594
59825
60079
60330
60271
59501
58909
58620
56971
55662
55868
54895
53742
53907
54670
56392
60397
65686
68032
65784
59902
52003
44726
39135
34000
28859
24974
22945
23112
25120
27146
28006
27567
25941
23997
23232
22752
20090
14822
6534
-4319
-13069
-17531
-21873
-28041
-35082
-44332
-54085
-60137
-62737
-63000
-60007
-55919
-53936
-53085
-52314
-50972
-48260
-46205
-46894
-50114
-55083
-61974
-70111
-78222
-85032
-88226
-88214
-89481
-95388
-103202
-107969
-108250
-105680
-102651
-101600
-103682
-105431
-103403
-96326
-86032
-76684
-70773
-70778
-73655
-74850
-72751
-68711
-66146
-63651
-60584
-55008
-46222
-39825
-37242
-36183
-36722
-39002
-40323
-39750
-39106
-39029
-39578
-41496
-41780
-37455
-30352
-21519
-12895
-5560
1969
11629
22714
32562
41246
47340
50694
53292
55888
58494
60800
63075
63503
62313
63107
66680
71182
73318
70952
64556
56000
47829
40410
33524
25415
15261
6788
1811
-579
-1306
-21
128
-2845
-3305
90
5415
13158
21264
25402
25828
25749
25401
26161
28464
29949
30657
32018
33492
33823
33200
29455
22029
15363
11134
8345
5101
-883
-9941
-19712
-25411
-25983
-23913
-20586
-18958
-20696
-23553
-24178
-21283
-16926
-8536
4003
10594
10031
9866
11516
14162
16716
14982
6983
-3248
-12045
-18823
-22031
-22506
-25091
-30973
-38093
-45413
-50411
-51658
-49454
-44666
-41565
-42340
-44859
-47030
-46951
-43608
-39490
-38343
-40040
-43230
-48588
-54841
-60150
-66480
-74821
-83995
-93729
-102652
-109187
-113770
-116964
-118407
-120492
-124065
-124124
-118638
-109059
-96087
-81515
-68048
-56595
-45911
-34371
-19935
-4217
7129
11807
11484
9696
10154
12248
12741
10438
7558
6229
6751
9527
11955
11836
10524
10496
14066
21149
28626
31705
29261
23678
19997
21653
26259
30892
32617
32689
34390
38617
46230
54481
59925
59970
54285
46430
37796
29038
21158
15373
12608
11654
12585
14885
16698
17193
16367
15923
18630
23470
26998
31094
36308
39262
41187
43079
42577
39423
33350
22196
7562
-5867
-16701
-25334
-31295
-36602
-42125
-43609
-42034
-44859
-51760
-57356
-62380
-65655
-63852
-59535
-54784
-49457
-43675
-37982
-32036
-26094
-22704
-20262
-16643
-14256
-12163
-7731
-4242
-2511
-1601
-4400
-10544
-17477
-21658
-22841
-24590
-27348
-28791
-28493
-29853
-32995
-36079
-38794
-39890
-39521
-40582
-46980
-62000
-75918
-76137
-72233
-72109
-72643
-75165
-80091
-80906
-72093
-62070
-56163
-53682
-57013
-57858
-50282
-44187
-44839
-46957
-48696
-49718
-46197
-39418
-33071
-22177
-8054
-24
4946
10658
13713
17164
24651
31962
37144
42436
46414
45598
42452
40166
37470
36646
38099
36873
31429
26037
22306
20168
22075
22825
18321
13644
12275
14465
20848
27254
27723
24945
20998
15445
10420
5497
276
-3115
-4214
-5937
-9555
-15140
-26185
-42074
-53544
-57317
-59753
-62290
-64159
-67335
-67770
-59483
-44831
-28602
-13085
-2879
1558
7880
18732
29952
39981
47739
50057
46854
43819
42490
39600
37621
36007
30754
21911
12227
4591
-422
-3904
-9151
-16631
-26034
-36681
-46534
-54914
-60878
-69786
-81078
-81350
-68239
-50517
-32447
-19206
-14520
-12482
-8643
-5181
-5098
-8412
-13215
-18278
-21819
-27396
-38080
-47079
-52316
-56371
-60612
-69542
-82790
-93513
-96998
-95047
-91135
-86092
-81533
-78272
-73358
-67672
-62007
-52472
-41566
-33987
-30379
-26850
-19481
-7938
6193
19376
30968
41640
51316
58812
64006
66545
66336
66907
68744
70702
71130
67066
58500
47951
38837
35118
36619
37269
30823
18569
8366
2705
-819
-5602
-14818
-27422
-39534
-48773
-54275
-54496
-51167
-48921
-55144
-57899
-38443
-16130
-9035
-12914
-22152
-28350
-21924
-101
20930
29675
27656
16546
8569
13915
21411
20464
14913
4927
-6600
-9439
-3197
3623
8318
7310
-2197
-8719
-5335
974
5413
6752
209
-10864
-17596
-18399
-15551
-11646
-11947
-19118
-24904
-27442
-28807
-26438
-24311
-26402
-28352
-27232
-26550
-25175
-24400
-28474
-34591
-39554
-45574
-53320
-59694
-66658
-73989
-78468
-81777
-84327
-82104
-75002
-68454
-64728
-63534
-63445
-58815
-48174
-37095
-26701
-16686
-9451
-3451
3807
9951
13261
15695
15590
11146
6481
4673
3558
3394
6057
6631
1870
-6068
-14796
-19613
-18478
-15498
-14593
-16232
-19909
-21638
-17272
-8806
422
5577
6094
4893
4718
7947
11067
14027
16424
15444
13497
14001
17849
21390
20500
13813
2989
-8916
-18069
-22486
-26226
-33290
-39958
-42298
-42338
-40447
-37592
-34989
-33304
-33392
-32747
-29333
-21809
-13251
-7203
-1552
5043
12598
21283
29695
35130
35622
32230
27867
22717
16854
11956
6496
-2830
-12937
-19494
-23074
-24299
-26765
-32250
-40149
-48129
-50292
-46332
-39518
-34384
-32576
-30677
-25774
-16019
-2317
10963
21181
29576
34659
36744
38708
39505
38242
35606
32673
26323
16909
7840
-2656
-13406
-23889
-32485
-43146
-54330
-68185
-101072
-114208
-89581
-72170
-63119
-56666
-63709
-75001
-66516
-41851
-27892
-20290
-22470
-35328
-31825
-11634
2669
9072
11973
1488
-12651
-17425
-22266
-28036
-29309
-36763
-52077
-58366
-56237
-49989
-33514
-15258
-8395
-5751
519
5206
12249
23314
29726
30106
28612
25432
20849
20143
24394
31142
41062
46564
37893
22838
10992
2986
-3152
-12626
-28597
-46798
-62598
-75604
-79480
-70962
-59757
-53006
-48058
-44191
-39621
-27223
-11454
-1286
1997
1356
1588
9894
27024
38820
36662
25789
15915
13829
18825
25476
25828
19125
11398
5963
5539
8002
7105
228
-11703
-24599
-34342
-39861
-44272
-49644
-54839
-58425
-58031
-52339
-44070
-39635
-40695
-43438
-45478
-44770
-40183
-35749
-35822
-40052
-46963
-53999
-58280
-59946
-59980
-57281
-52198
-45630
-36403
-24668
-10119
7465
23854
35155
43241
49576
54210
58962
64247
66786
63816
59031
53711
48110
45769
45852
46258
44651
41967
42557
48054
54495
52992
42416
29457
18577
11963
7182
-855
-11553
-21748
-31435
-41131
-48964
-54711
-61296
-69874
-75004
-70471
-63963
-62811
-61900
-57802
-52273
-47241
-42829
-41568
-43459
-44202
-42148
-35986
-24261
-12034
-6618
-6061
-5932
-5532
-4090
-3029
-8969
-21271
-30820
-36813
-41673
-43485
-44503
-48409
-52264
-54361
-55075
-53032
-49723
-48619
-47581
-42937
-37315
-31182
-24425
-20775
-19938
-16724
-10990
-8278
-9893
-13984
-18491
-21174
-22029
-22606
-24298
-27806
-32160
-38096
-47317
-57482
-65870
-72770
-78262
-80457
-79352
-76484
-72112
-67281
-62305
-56869
-52266
-48559
-44964
-39533
-31746
-24144
-17428
-12091
-7003
-1042
4132
8437
12370
16946
23340
32171
44141
57886
72203
86892
99872
110277
119285
126702
131309
132514
129807
124915
120971
117392
112951
107667
103596
100040
93397
83546
70630
56179
40236
24577
12270
1949
-5708
-10757
-15538
-21500
-26835
-28033
-26309
-25763
-28021
-35003
-46526
-54919
-52901
-45573
-46248
-55407
-66080
-74366
-76737
-72160
-63916
-61297
-67530
-77787
-82443
-75132
-61682
-47395
-34625
-25132
-16747
-6228
6337
16890
21975
21888
16823
10175
4881
-833
-8043
-17410
-26074
-34433
-42733
-49246
-56053
-64380
-76050
-89254
-103848
-120429
-132843
-136776
-132988
-125143
-116802
-109766
-106007
-103112
-96872
-88786
-79966
-74543
-75164
-76546
-75032
-68855
-59878
-51951
-48645
-52670
-61393
-69068
-69165
-58652
-42919
-29395
-21465
-18161
-14896
-9553
-1742
9248
20805
28820
34484
42708
53240
64158
75644
85191
88223
86480
83507
79200
77167
78629
78262
73705
69601
66176
58474
49336
43461
40414
39586
41964
45289
48528
54297
62507
71569
77074
77188
73594
67078
58848
50196
45211
40108
31008
23529
18757
19178
27049
34036
30219
23656
27013
33680
38100
41909
40614
30677
18866
10714
5314
3954
2262
-5828
-17680
-28871
-38288
-45640
-50299
-53946
-58903
-66167
-74907
-81729
-84886
-86736
-87960
-87038
-86031
-83525
-76743
-70286
-66964
-64792
-62314
-62274
-65885
-69921
-72767
-72919
-71826
-73340
-76627
-79373
-79808
-78850
-79854
-80059
-79396
-76214
-71126
-68135
-58669
-55171
-69373
-82182
-83362
-79917
-78828
-79674
-87409
-99003
-96123
-86491
-80289
-66056
-55367
-53871
-46939
-33758
-22330
-16999
-12716
-16629
-23706
-20632
-16495
-14234
-9873
-7433
-9525
-6151
1311
6380
11648
14577
13324
10995
10690
9406
8270
8325
6956
5883
7190
11012
16704
25471
33688
39314
44935
50009
56020
63886
70540
75964
82205
88073
92651
96723
97497
92345
85846
78394
66898
54971
45929
40275
37851
39012
41354
42195
43854
48015
53175
56976
57838
54038
45269
35616
28694
23564
19021
13157
5169
-2181
-6217
-6078
-4658
-3161
-3119
-5695
-6281
-2754
2782
6543
7505
5825
1847
-2379
-7539
-13529
-20456
-28723
-38769
-51068
-64027
-76909
-86903
-93303
-100728
-110992
-121510
-132558
-144119
-151925
-155742
-154391
-147431
-139143
-130689
-121775
-111072
-100321
-88828
-74876
-66455
-62755
-57340
-51743
-46461
-40162
-33486
-27968
-22557
-17700
-14389
-12458
-12623
-14717
-16866
-14822
-11483
-10962
-12361
-17437
-25022
-31538
-36833
-43405
-50016
-56803
-65509
-71439
-74424
-74888
-68797
-58965
-51067
-41423
-27043
-14045
-1064
15606
28500
35447
44263
52916
58140
65447
74100
80945
87510
94176
98035
100087
101878
100519
97927
97801
100199
102852
103449
100797
94830
87106
77223
68149
64887
61425
53345
45737
37439
25964
16007
10520
5859
2105
1576
-1222
-6209
-10625
-17067
-23283
-25904
-26454
-27267
-27248
-28030
-31573
-33622
-33908
-34882
-35899
-38486
-43534
-48387
-51492
-53990
-56833
-60678
-67317
-74521
-80076
-85450
-88772
-88847
-87638
-85301
-79585
-70737
-61999
-54770
-50050
-47031
-44103
-43678
-46983
-51165
-54309
-57510
-60476
-62762
-65635
-67828
-70078
-74900
-80221
-82479
-81394
-77690
-70264
-60377
-51627
-45357
-40259
-35948
-33412
-32721
-33014
-32984
-30610
-24016
-14550
-4772
3562
11270
21458
34301
47513
58603
67393
75035
80523
82611
83401
85565
87210
87155
86838
83917
77656
73462
73836
76665
79294
79909
78197
72967
65002
59724
60815
64050
61254
50903
36725
23874
18836
19709
20932
20019
14771
7428
3331
6544
13278
18983
20780
15530
9174
3220
2430
13605
23659
23612
17930
11613
8109
12320
22606
27983
29016
28079
22828
19204
22247
25158
20816
13853
5729
-3616
-9322
-13206
-18531
-24860
-34278
-48749
-63011
-73048
-82061
-90522
-95968
-99115
-102195
-106141
-110627
-114014
-113828
-111325
-108766
-107095
-107165
-105482
-99497
-90727
-81606
-73988
-70077
-68085
-62160
-54501
-46721
-39400
-36743
-39281
-43862
-46196
-47383
-47625
-48490
-53231
-59255
-63969
-66489
-67705
-68104
-69640
-72255
-73229
-73294
-73355
-73343
-73021
-71202
-66711
-62258
-60912
-60061
-57073
-53391
-48280
-42390
-40192
-41937
-44339
-46689
-49787
-51471
-52606
-54989
-55778
-53703
-51650
-50489
-48305
-46516
-43632
-37310
-31314
-27284
-22994
-19429
-18915
-19867
-21951
-26599
-30708
-33115
-37374
-41006
-42628
-45653
-46688
-43897
-40759
-37428
-32692
-27408
-20404
-9720
945
8952
17533
27995
38333
49013
58167
62449
64598
67366
71227
75834
79999
80234
73939
64885
57696
54994
54270
51716
47601
42540
38204
35304
33121
29146
22687
17404
13241
8581
4192
1066
-1722
-5382
-7279
-6539
-3846
2724
11521
18756
21212
19662
20141
24507
31956
40253
45162
43246
33273
19528
6937
56
-856
-3891
-11568
-20227
-27338
-29523
-26940
-23044
-20289
-19095
-18207
-15597
-8839
-1529
1666
1438
-1683
-6259
-9039
-10200
-13324
-18829
-26695
-39237
-56542
-75941
-92908
-103492
-108414
-112956
-120584
-131317
-142995
-151413
-153508
-150463
-145262
-139811
-135822
-131472
-123837
-112736
-98656
-83503
-72409
-67307
-62824
-55943
-45904
-33533
-23423
-17441
-13398
-7626
1271
12317
22436
28066
30228
32630
36311
41014
47090
52234
54761
55336
56086
59466
64369
69721
75726
80929
82715
81142
78776
77297
78439
81604
83223
81497
77150
70086
62304
58136
56826
56538
57332
56623
52729
49038
48622
50756
55655
63372
70366
73032
71269
66846
61817
58929
57720
55074
50835
46328
41731
38137
37117
36770
34024
29580
24746
18462
12279
9659
8933
6304
1678
-5948
-18782
-33363
-45768
-55741
-66977
-79729
-97620
-129525
-144970
-122326
-93910
-78531
-76310
-82610
-85980
-75186
-53819
-45112
-51849
-62200
-66794
-54725
-30333
-13272
-10880
-12681
-13519
-11388
-3774
4756
7694
3833
-7891
-26335
-38257
-38792
-35310
-30513
-30682
-40377
-52575
-61472
-67327
-70808
-74434
-84403
-98055
-108391
-116937
-120962
-118926
-118204
-122178
-128781
-136447
-142140
-141831
-139582
-137884
-133359
-126513
-115615
-98541
-79848
-64484
-51446
-38885
-27534
-13747
5593
24835
38051
45584
51556
61774
76858
88068
92280
94905
95044
92679
90495
85496
79745
78276
74893
63831
50997
40299
31667
28055
26720
17672
1701
-11224
-20045
-24670
-23787
-22289
-22198
-19177
-12334
-8571
-10109
-15101
-24522
-37158
-49644
-53209
-43259
-29420
-19564
-13596
-11028
-10672
-6130
5195
14676
18125
16988
11918
10455
17165
24485
25073
20526
14539
10009
11660
15595
15017
13061
11484
7171
2439
765
-1046
-3875
-7016
-13048
-20899
-28392
-35391
-41805
-47289
-53485
-62656
-72801
-82541
-91869
-97596
-99239
-101505
-106507
-113340
-120513
-125232
-126007
-120894
-112687
-102938
-90803
-81756
-73860
-63859
-51140
-37263
-24743
-13201
-6879
-1961
6510
16442
26804
36047
40504
38736
36438
35163
33359
33651
34357
27676
15152
5892
139
-2969
-2968
-4154
-8980
-13227
-15439
-20206
-25464
-30395
-36634
-42918
-56505
-65793
-52550
-33643
-22298
-13100
-5440
-1395
7903
29846
51694
67015
78183
84778
90930
102817
118692
127059
127304
126004
125294
126871
127612
124038
116861
108032
96872
81391
62963
44115
28078
14038
-2783
-20143
-32787
-42473
-71977
-119394
-119521
-66595
-26673
-13600
-15752
-32399
-44463
-30043
-52
24432
39212
34551
14789
10063
23185
27482
22438
14253
-5523
-21738
-20369
-14255
-7891
2244
1628
-12325
-19948
-20393
-20081
-13128
-5269
-6406
-8088
-5509
-2446
5127
13874
12423
2627
-8371
-19457
-25558
-24840
-26297
-34476
-44420
-54947
-66293
-75180
-83701
-95496
-111133
-128448
-145237
-157597
-163921
-167845
-167821
-164410
-161958
-157337
-144705
-127074
-108061
-87659
-69862
-55015
-38586
-19455
-842
16348
29139
31622
25883
17769
11734
8292
3156
-5265
-11853
-11113
-7799
-8084
-10091
-13618
-16922
-15890
-9984
-2116
3773
9680
18192
27575
34322
39769
44642
44550
43330
46268
53357
62029
68052
66546
56072
44248
35550
26776
17057
8653
1168
-4535
-4622
-1400
1218
688
-6552
-12334
-5295
7711
20410
35306
44788
43504
43381
52510
63016
71424
76059
69117
56491
51135
51771
52816
54084
49715
37504
27244
21487
19214
23568
29105
27674
20879
13077
5045
-1363
-5048
-9679
-16700
-25225
-37633
-53261
-68913
-86105
-103968
-117986
-129336
-140497
-149874
-157613
-164304
-167795
-168936
-171001
-174827
-178366
-179371
-174459
-163186
-153600
-147078
-138686
-125879
-107120
-87262
-72092
-63569
-57220
-46411
-29396
-8462
9827
19811
20172
16205
11949
8976
7560
2401
-6560
-17004
-26628
-31899
-32967
-32428
-34838
-40961
-48097
-54814
-60359
-63529
-65222
-69492
-76484
-81575
-80576
-72845
-60374
-46316
-33646
-22158
-9130
7051
25215
43014
57573
69439
81048
91955
101066
106455
108848
109435
107671
103553
96614
91180
89433
89531
94615
101825
99640
86453
71033
59112
53812
54126
50913
37309
17532
-905
-13196
-14704
-5399
4088
2964
-6842
-16468
-17194
-5788
12115
24842
24061
16603
11865
11872
16626
21311
19312
9668
-2966
-14491
-19762
-16759
-14568
-16182
-17281
-19150
-20379
-17266
-12134
-8478
-6022
-6100
-7324
-3711
2358
5364
6059
5190
85
-6363
-9310
-11824
-15035
-18383
-23256
-28405
-33528
-40637
-48431
-53281
-57670
-62490
-63549
-66821
-76879
-85232
-90662
-92002
-84063
-73353
-64785
-59610
-57557
-57474
-58618
-56860
-55892
-59278
-64424
-71021
-77967
-81369
-80459
-77589
-72374
-66278
-62192
-58386
-51058
-40375
-28808
-19723
-15445
-14663
-14967
-9109
8507
35017
59509
68876
58901
32943
5078
-7361
-4675
-2076
-8914
-18034
-23697
-27154
-22269
-11733
-8923
-11078
-8329
-4842
-2659
600
-2649
-10102
-11425
-11135
-20464
-22581
1307
25407
33665
33206
26743
23306
33087
51568
62405
63870
58958
48644
39718
38724
45915
49272
41361
28382
21210
20417
21915
25872
29330
32355
38237
45878
50775
54070
58448
60605
56325
45523
31648
19156
10395
2445
-4593
-10591
-18159
-26148
-34714
-44464
-54075
-59972
-62959
-66557
-66149
-62379
-58301
-51842
-45135
-39762
-38186
-38247
-34335
-29031
-25219
-23065
-20080
-17377
-17379
-17311
-16101
-12346
-7614
-6617
-13866
-28132
-42201
-54375
-61688
-63383
-65661
-70465
-76234
-81105
-83150
-78636
-75621
-90500
-105025
-100104
-89971
-78055
-64491
-57380
-57417
-52848
-38012
-23641
-14127
-12201
-15467
-16221
-13982
-13535
-14204
-12993
-11701
-9164
-10457
-19261
-27967
-28759
-25462
-21960
-16233
-14830
-19091
-21011
-18423
-15792
-11295
-4034
-428
-2925
-11599
-26355
-42355
-49609
-49202
-49104
-51830
-57598
-61169
-56037
-43572
-30726
-19828
-13872
-14049
-12377
-5978
2077
11518
19078
21302
22948
24996
24910
25704
28276
27897
24394
24045
22798
18257
17288
18248
19703
23481
29262
35176
42152
50204
54727
58608
60011
54789
47644
42886
40583
36855
31586
23935
15882
11381
7972
4558
624
-4818
-12363
-19364
-24124
-28286
-30838
-29767
-25910
-21593
-17346
-13878
-11220
-10468
-10905
-10557
-9315
-8950
-8862
-5295
-4766
-5427
-1913
-34
-101
-2821
-5686
-6132
-5725
-4428
-3544
-3937
-5745
-6871
-7818
-9136
-11582
-15786
-19635
-22929
-24384
-25357
-27115
-30036
-33742
-36474
-39422
-42019
-43616
-44207
-44726
-45211
-44918
-46568
-50571
-54552
-58721
-64684
-72217
-81945
-92559
-99295
-100740
-98142
-91442
-82431
-75321
-68907
-61432
-53051
-42146
-31463
-23337
-15415
-5826
4488
15562
27997
37519
42051
44180
46048
49914
54823
57727
57580
52902
45548
40366
40264
43172
44257
40959
28903
12493
62
-8744
-13772
-17741
-25198
-35842
-45060
-50809
-52953
-50932
-48710
-46707
-42193
-37879
-36189
-32699
-27320
-23723
-20358
-16273
-13058
-11367
-9293
-6979
-1741
7503
14174
15903
15188
15984
19826
26077
32657
37254
40554
43313
46335
50723
56027
58782
58065
53373
43974
34560
26974
18453
7685
-3552
-14291
-25121
-34809
-40899
-42370
-43603
-49503
-58028
-64799
-68951
-68043
-58472
-43741
-28846
-15395
-6523
-2353
2258
8668
13635
16970
20639
23296
23748
23023
20452
16030
11924
7189
875
-4354
-8878
-13632
-16643
-19415
-25932
-34348
-40404
-47070
-56188
-66505
-79889
-93941
-105921
-118580
-130762
-134984
-130307
-121651
-106959
-87949
-72543
-61498
-55564
-57217
-64300
-71651
-73138
-65124
-49591
-34761
-26330
-23966
-24035
-21651
-15203
-4706
3394
2192
-4342
-9347
-10538
-8409
-4436
-2757
-7270
-17886
-29970
-39133
-42793
-42722
-43918
-46406
-49144
-51124
-49139
-41245
-33165
-29081
-26557
-25944
-27771
-30984
-32081
-30165
-27024
-25055
-27353
-29821
-27427
-20301
-9201
4634
16538
24053
28410
30100
33347
42366
54356
63161
67416
71403
77555
86281
98200
113122
127817
132794
124673
114101
109350
109954
110305
100105
80044
64441
54129
44571
43240
44615
35843
21175
399
-26975
-29153
2512
23988
20969
11211
-2676
-12536
-5702
7166
10866
9011
1005
-14739
-22770
-19040
-15816
-15365
-15394
-22913
-34625
-38090
-36494
-33591
-27533
-25108
-30215
-35779
-40742
-46594
-44966
-38901
-37413
-37097
-36644
-38223
-38386
-35626
-36113
-38598
-37487
-36346
-34692
-30051
-27768
-30591
-36871
-47803
-61575
-72096
-79517
-85753
-89287
-90881
-92876
-94197
-93262
-91414
-86777
-78906
-73145
-70003
-66965
-66521
-69382
-71710
-73280
-75921
-77960
-78819
-81221
-82395
-81149
-81494
-81405
-80411
-79642
-77573
-72443
-64703
-58048
-51998
-45965
-40468
-33769
-26150
-20070
-18454
-22810
-29224
-31140
-27739
-20849
-13391
-9833
-9946
-9931
-6636
245
10766
24485
36354
43433
47409
51421
57993
68086
84229
101692
111144
110911
104894
100373
99190
99230
97715
89865
77282
65346
57918
54135
52484
52225
48722
41042
31457
21220
11962
5422
439
-5342
-6336
3043
17724
28543
34471
43184
55188
64727
69870
70846
66635
56907
49264
48146
47428
44829
40177
31133
21500
15808
11564
5826
-1977
-13622
-27152
-37045
-42761
-45567
-44464
-41319
-40332
-39522
-37144
-36754
-39221
-42287
-44715
-50515
-58923
-65368
-69785
-70842
-68893
-66607
-66484
-68674
-73504
-80700
-86223
-89930
-93881
-100449
-112165
-125073
-133809
-139330
-142549
-143076
-144700
-147210
-146661
-143678
-137227
-126350
-115135
-106406
-97533
-85863
-73595
-61599
-51213
-45389
-41626
-35951
-28605
-23001
-21055
-23507
-29083
-32550
-32906
-31940
-30455
-31696
-35573
-37020
-33522
-25812
-15035
-3932
4091
9781
16158
24210
33966
41908
45996
50440
57218
64498
70276
75767
79854
79265
77095
75001
72720
70627
69112
68561
67382
67680
69869
74112
82002
89565
92775
91382
88231
84149
82105
84249
86488
86951
85521
82715
79066
76290
73437
68169
62878
58226
52245
45018
39044
34474
29415
22789
13729
3573
-6173
-17427
-30422
-43754
-58116
-73944
-87679
-96042
-103253
-107211
-115679
-137340
-143286
-129053
-123053
-124207
-121647
-119080
-116535
-105636
-94119
-88970
-83347
-81904
-84686
-78084
-62170
-50763
-42418
-34217
-31962
-28518
-20704
-14767
-9126
-599
4882
6749
12105
18104
19232
17072
11741
1792
-5978
-12901
-24788
-38694
-55620
-74648
-90577
-101576
-109628
-112023
-107945
-105037
-105550
-104678
-99573
-92467
-85791
-82797
-82880
-82907
-81522
-75934
-66256
-56103
-48694
-45018
-43827
-40958
-35126
-29119
-24484
-20318
-17276
-15110
-11315
-6632
252
9594
18869
26287
33631
42132
46082
44456
43228
43783
44124
49317
57887
62400
64126
65646
69907
76159
82110
85021
83410
80512
75770
70625
66824
63532
60791
59256
58756
57290
56187
54470
49690
42902
35338
30950
34345
41405
46042
50699
55904
59618
62119
63078
61571
57865
50735
34800
20803
22733
27879
22925
11191
-1687
-14074
-23360
-28754
-35983
-45737
-55791
-67779
-80058
-88393
-93601
-99939
-107379
-113324
-115676
-111544
-99798
-82990
-64707
-47525
-33117
-23175
-17972
-12531
-2916
7661
14483
17009
16640
12109
5652
994
-3931
-7804
-7888
-8899
-16718
-33271
-55445
-75979
-87801
-89286
-84218
-79005
-81044
-86503
-87235
-82185
-71847
-63516
-61468
-62828
-64635
-63310
-58603
-51054
-43980
-41270
-43983
-49835
-55361
-59440
-59913
-58719
-59232
-59589
-57485
-53411
-45449
-32340
-18626
-7370
2310
13583
27571
40379
48634
52255
53460
57026
64381
72718
77700
77622
77397
82116
92003
97819
92873
80188
62948
46942
38978
37971
35299
27547
16678
5281
-1504
116
2044
-3860
-11263
-38130
-76961
-72265
-38688
-21747
-22987
-34594
-52961
-63270
-45080
-20387
-12171
-9226
-12252
-19488
-9754
17244
35527
42666
45860
38680
29109
26529
21494
9643
-960
-15755
-37687
-51207
-54378
-58755
-65004
-72409
-85467
-99548
-109086
-115904
-119851
-120546
-133237
-153741
-142591
-112617
-96831
-85393
-77095
-78532
-90265
-100759
-100061
-90179
-70834
-55200
-47037
-34850
-22807
-15957
-7292
1938
6471
9683
13030
15720
18509
22076
24644
25353
27017
33353
41807
47749
50923
48113
43092
43070
46788
49972
49164
43158
33111
22986
12973
2742
-6616
-18224
-34230
-49062
-57272
-62243
-64464
-63016
-59993
-56082
-49612
-38275
-23273
-4788
13768
28804
42293
54485
63367
69044
73399
71821
63971
59477
60937
64557
68919
71888
69589
66251
69367
77816
86686
88916
78056
59486
44152
36159
33851
32131
26249
16987
8739
3343
2238
5072
5277
-1232
-12704
-25533
-36634
-43451
-45428
-45356
-46031
-49269
-53819
-58214
-66037
-79780
-97137
-114574
-128188
-135523
-138424
-142525
-150810
-159109
-161980
-157031
-145629
-133498
-126384
-125014
-124954
-119286
-103110
-80487
-59572
-43922
-33707
-26412
-20053
-12130
-1859
4999
3460
-4941
-13378
-17721
-19825
-23030
-29518
-39762
-50939
-59030
-64206
-68530
-74006
-82739
-92311
-96499
-94710
-89210
-79581
-67461
-54664
-41477
-28499
-16116
-3005
11267
24886
36849
46660
53933
59466
65704
72942
79388
82835
81650
78618
77578
78139
78195
78651
81053
86042
91697
96277
100563
104383
109428
113881
115472
114968
111619
106518
101343
97591
92887
85432
77147
70899
68955
67437
65094
63049
59246
52885
45380
39498
34537
30579
27496
20504
10988
218
-11594
-20319
-27092
-34926
-42712
-42688
-35530
-25897
-10804
4970
17172
25699
31205
34733
37358
39461
37016
31610
25163
17188
10368
5336
-927
-10837
-24881
-42786
-60925
-75916
-88546
-102610
-120327
-139837
-157458
-171566
-182068
-189856
-196618
-199856
-197559
-188989
-178250
-171272
-167242
-164427
-156213
-139919
-121377
-103144
-86151
-74070
-69996
-68102
-65547
-67248
-70198
-70362
-72693
-75169
-69088
-60452
-55169
-48873
-42915
-38378
-29477
-17922
-9871
-3071
-1244
-4391
-4753
-4704
-5276
-4988
-1840
2580
5716
7782
4059
-2059
-5986
-10209
-14359
-15759
-16060
-18142
-20004
-22999
-26273
-29549
-36624
-46431
-56044
-57344
-48609
-40515
-38288
-35263
-24892
-10461
5210
20654
31786
40036
49802
61119
74468
92024
108960
118599
121759
121931
120736
120258
121407
121534
118373
111498
104088
98867
94199
88892
84383
83708
84414
83858
82760
79317
74397
71746
70674
67754
63906
56936
44292
28903
12244
-6052
-25274
-42137
-57625
-70839
-77230
-77975
-74561
-66580
-57045
-49080
-37345
-21297
-13169
-17257
-23560
-26521
-25730
-22310
-24322
-34607
-46942
-53903
-54575
-49485
-43610
-47795
-59306
-69649
-72778
-67042
-59155
-56484
-57720
-56782
-52523
-46477
-43464
-49521
-64298
-78111
-86164
-89687
-89431
-91657
-100544
-113962
-124539
-127126
-121968
-113065
-106550
-103823
-101214
-93846
-81773
-67809
-56159
-48567
-41764
-31825
-16926
-519
12650
18135
16660
15175
17203
20228
21718
21597
20197
17927
13119
8613
9799
11243
7034
2662
1314
-1388
-3563
-1731
-1235
-5759
-16093
-32638
-50185
-62914
-72395
-82490
-88809
-88996
-84338
-73508
-57728
-39425
-19736
1649
19185
30359
40463
50952
61812
71141
77724
81484
80973
78663
78717
82517
88982
96096
101559
102367
96775
88894
88930
98916
110681
121045
126538
123857
117461
111469
106406
104721
105255
99650
88167
76008
63205
49298
38512
30730
22691
17686
12029
4254
-2120
-6144
-8889
-10944
-8460
-5664
-4241
-5510
-14840
-29723
-46004
-61507
-76438
-87985
-98364
-113502
-130092
-145243
-157368
-162180
-162306
-165145
-170666
-175921
-181633
-186775
-186875
-182147
-172511
-157193
-143536
-130565
-112173
-92154
-75193
-63726
-59189
-62464
-68445
-72302
-76958
-80151
-78480
-71599
-61402
-51066
-41383
-31989
-21284
-12838
-8532
-5367
-325
8409
17967
25100
29375
30980
27222
20680
15201
7783
-1977
-14837
-32255
-50732
-64752
-72543
-74246
-70981
-68821
-67253
-62633
-56548
-48054
-36666
-23690
-10094
4735
18680
24277
23538
27712
35830
40425
42602
41367
30934
17503
19492
40452
70128
98249
114427
119599
120902
122459
126803
134915
143426
144721
140375
137221
136075
135792
135811
133069
124254
114995
107791
103698
104686
100976
87498
66918
48745
40697
37935
34292
25727
14216
4049
-2187
-4891
-7609
-11878
-19135
-29459
-38639
-44122
-49471
-57955
-68318
-80424
-94128
-105960
-114273
-121352
-127425
-127413
-121915
-114875
-108080
-105190
-104769
-103059
-99530
-96063
-93853
-95533
-104874
-116008
-121259
-123544
-128057
-134780
-144902
-156266
-162585
-163013
-158477
-150673
-144018
-139813
-133040
-119132
-99169
-78391
-61115
-50625
-46178
-43047
-42022
-42593
-42246
-41599
-41042
-38927
-36701
-40281
-45966
-47545
-47298
-47100
-49107
-54434
-58790
-61264
-61565
-55900
-46260
-35967
-24880
-15658
-10666
-3920
7982
22488
38538
48439
45769
37046
33804
37711
43529
48869
49515
45868
45366
49827
56633
67657
80890
93463
107978
124192
139165
152476
166476
177236
182779
185722
187257
188533
187844
185385
180222
173150
164995
155237
149256
146233
140772
130343
116267
103590
95171
91228
85530
72777
55646
36917
16658
-3623
-18861
-27925
-34705
-41530
-49886
-60825
-66304
-60109
-56486
-65873
-73230
-74339
-79207
-79230
-74108
-76586
-82486
-80735
-75313
-70466
-65315
-69882
-81375
-92188
-106087
-118781
-125878
-134526
-147618
-158654
-167990
-174711
-175506
-176175
-177814
-176367
-173558
-170741
-166500
-160787
-156438
-151043
-141797
-132902
-119669
-102683
-87857
-77211
-76621
-81832
-83759
-77782
-70194
-64535
-57481
-51127
-42558
-34288
-30339
-31406
-35942
-40664
-46471
-48076
-44331
-38867
-32704
-31281
-36302
-41165
-42387
-40142
-32204
-20591
-10553
-1534
10417
26532
45818
63168
73960
79432
81818
83869
87708
94769
101992
104815
104284
100519
94392
89341
87860
89102
89215
86078
77775
68116
65988
73074
83826
93859
103413
109180
110825
114826
122566
125153
116409
105015
93559
83276
78817
74805
66505
56115
45555
35565
34592
36725
31954
25600
16425
4576
-4703
-8186
-8488
-8941
-8845
-11238
-15526
-17372
-18838
-21446
-21057
-20430
-25257
-33720
-42604
-50565
-55238
-57760
-63509
-73497
-85992
-97415
-104168
-105857
-104448
-100681
-92349
-82903
-74999
-67012
-59069
-49656
-36950
-21884
-8950
1881
13053
20953
22675
18053
9380
-543
-8079
-10718
-11102
-13882
-29128
-57476
-85970
-103675
-104329
-96443
-93781
-104190
-128247
-153943
-170712
-176903
-175519
-169248
-162853
-161291
-160196
-153952
-141193
-125302
-111319
-100421
-93439
-88472
-84703
-81108
-75648
-71193
-66607
-61166
-54923
-47471
-41830
-38364
-37104
-37968
-40461
-38591
-24935
-2954
19608
36346
44549
46517
46897
49380
53501
56395
55787
51859
43175
31255
25223
26823
30456
32926
34115
33801
31399
30658
33012
35926
37254
36909
38287
42874
49661
57935
65612
69142
68816
69560
71564
71003
70306
73413
78878
84030
87983
89247
86557
83315
79624
72870
66558
61991
56542
50277
44399
37809
31465
31018
36727
43329
47620
48944
48231
46444
45495
44492
39630
31099
22821
17691
15600
15750
15145
12016
7663
2411
-2094
-4087
-3749
-4335
-8858
-17911
-31533
-46939
-60757
-70874
-81935
-96621
-101218
-93548
-90463
-95290
-98372
-97327
-96494
-95605
-93676
-92037
-90894
-91018
-92193
-93318
-95791
-102727
-109191
-109501
-105545
-97394
-86902
-77274
-67181
-54685
-42891
-36751
-36075
-39560
-47396
-58730
-71103
-83320
-95091
-104339
-110996
-115993
-118095
-116858
-110614
-98331
-84700
-72333
-61976
-56379
-52848
-45309
-35651
-28496
-22013
-15417
-8189
1154
11494
21316
29135
34737
37431
37271
36784
35992
31979
28905
31459
33884
32080
28105
25235
24384
25562
28364
30936
30813
26990
25224
28330
34418
41936
50928
61720
69886
75338
80865
85810
87774
85756
80939
74915
70634
68298
67660
66845
64032
60773
57196
53494
47993
39538
28385
15913
4945
-2697
-6966
-10228
-13497
-18418
-25402
-32580
-38156
-43297
-55576
-68173
-60381
-38203
-22195
-11951
-3148
1787
8729
22799
33258
35503
32950
22216
6739
-3203
-8407
-16276
-22644
-27936
-34895
-36833
-34476
-32708
-29280
-23100
-22143
-25221
-28590
-33453
-37526
-39854
-38944
-37137
-37027
-45227
-65807
-92849
-117163
-124229
-111782
-91735
-80735
-87398
-105128
-120445
-119695
-107612
-93940
-83360
-86570
-101746
-110981
-103524
-85873
-68984
-62158
-67483
-72549
-71114
-65781
-56981
-48511
-44494
-40796
-32646
-22663
-13346
-2387
10465
13506
12043
10577
987
2661
12484
18336
28937
34387
31909
34788
46884
59792
66237
66941
62370
55146
52368
52018
47306
38726
29475
20872
14142
11528
12700
17418
23379
28950
34731
39092
43359
49283
54836
57050
55297
48675
36849
24581
14137
3100
-5889
-11106
-14277
-13929
-10173
-6141
-2159
4430
9572
15366
27684
39092
45939
49544
50639
50163
51853
56026
54543
48089
39183
29473
22372
18151
11290
-3583
-18268
-33248
-48741
-57056
-63444
-71955
-83309
-93688
-98169
-96249
-88442
-78231
-66857
-58359
-52903
-47235
-37866
-25817
-21753
-20312
-24458
-30418
-39490
-61213
-56418
-57807
-80163
-77317
-86602
-103070
-102396
-92185
-85771
-85649
-75734
-80691
-89194
-83402
-76574
-71289
-64183
-56194
-61659
-62053
-50369
-47522
-45992
-39635
-39838
-41721
-36067
-32795
-32028
-25999
-21997
-23232
-20278
-19476
-25500
-26536
-28725
-37532
-40275
-33773
-28766
-25110
-16150
-5310
6362
17574
28694
38032
38460
31967
24392
19711
14354
12110
13219
14049
21755
23207
21291
26992
28965
29051
31248
33565
31217
28130
28371
23245
18932
18132
13177
10415
9406
9161
12168
10644
10197
15447
20223
26459
39892
55067
63034
69209
72021
65827
58570
53239
41843
28104
21430
15557
10117
6965
-860
-11790
-21390
-27203
-28950
-25906
-23230
-24191
-23479
-27474
-33886
-37090
-30045
-17266
-15130
-13292
-17043
-20740
-13140
-4274
3970
6143
6182
-1224
-5815
535
789
-304
-4989
-18293
-29801
-33770
-36305
-36942
-35629
-41253
-49413
-53070
-55190
-56003
-51868
-51162
-56305
-59757
-64564
-70887
-72120
-70308
-70296
-70256
-69349
-69392
-68432
-64721
-63280
-61427
-56674
-55848
-53833
-44603
-34525
-27279
-19446
-12178
-7484
-180
11048
21424
30948
37464
39070
42468
43074
39836
41713
42280
39895
39140
38912
37301
30135
24121
21025
14463
9565
5345
-3015
-11525
-17884
-25762
-33921
-37959
-43243
-50760
-54894
-61964
-70673
-66401
-53473
-45214
-42494
-43325
-48143
-50021
-42100
-32108
-25482
-20919
-18280
-14483
-3442
13463
28905
44001
55077
56914
55690
55892
57500
60112
60871
56057
47164
37741
29975
23207
14950
3488
-10544
-22082
-29957
-35991
-40447
-44661
-49625
-55144
-59096
-61910
-64637
-64888
-65480
-69039
-70973
-68424
-63063
-57162
-49895
-41157
-32432
-23327
-14889
-6569
1786
10092
19472
27071
32200
34774
34548
33047
32347
32845
30259
25524
21867
19058
16266
14327
12618
7177
1487
-2830
-9936
-18605
-25427
-30531
-36971
-45326
-55726
-67599
-78758
-87581
-94429
-103221
-115419
-121983
-111911
-94536
-85417
-84276
-87286
-90015
-86301
-76464
-63206
-49423
-42135
-41836
-38626
-25277
-3394
19927
37068
43259
43300
45357
49974
57265
66880
74778
76025
70852
63815
55349
47378
39342
29572
21358
14856
4130
-12639
-22944
-28135
-42126
-69497
-106979
-131041
-123430
-96468
-74454
-72623
-89645
-108187
-109136
-90608
-61990
-35924
-24194
-29862
-38211
-35832
-25097
-7883
9883
17084
8886
-6449
-19012
-22616
-14865
-5432
73
3295
6485
14437
32053
54837
72880
84976
90736
92015
94075
100034
109487
118062
122904
124575
124242
117556
106109
97682
96911
107504
120941
115197
80615
38413
8261
-8680
-15086
-25829
-52836
-88297
-121581
-147678
-159248
-155196
-148249
-143073
-142836
-169989
-203907
-180657
-113321
-58464
-29680
-27648
-40406
-38459
-13637
11894
31349
48816
48537
33365
24904
25062
21773
14618
3677
-15153
-25311
-19865
-9511
1912
6884
2662
-2007
794
6456
7223
3324
-5180
-12890
-11964
-941
12196
15217
4026
-18397
-39315
-45651
-39381
-36031
-50414
-77863
-106200
-125286
-128519
-123279
-119889
-121958
-127722
-132758
-128705
-112148
-91156
-74570
-67902
-67142
-62680
-54068
-46516
-35450
-20174
-9395
-3278
615
5248
14203
25755
34537
41679
50757
57408
59244
59826
59889
57844
60168
65881
68039
69539
67717
60946
58738
64463
69408
72674
76845
72985
64614
64654
68079
68393
70097
68069
53484
34181
18860
4798
-7673
-19317
-36288
-53697
-65566
-74785
-78767
-76530
-75820
-77936
-78192
-81956
-88710
-79043
-51211
-24156
-5169
8097
19633
33502
48822
61042
65708
61286
49751
38831
38183
45878
52524
51277
40620
28067
20029
16030
12716
8115
952
-11173
-22864
-29098
-30440
-27186
-23980
-26124
-30848
-32398
-30087
-22409
-10870
-3703
-5797
-14629
-25637
-38447
-50968
-58518
-58479
-54463
-57298
-70542
-85685
-93890
-91567
-78803
-62399
-51200
-45726
-41794
-35556
-24917
-14530
-13902
-22374
-29958
-33334
-33342
-28180
-20817
-20143
-25379
-28574
-28188
-24909
-22959
-27186
-33519
-36511
-37149
-38008
-37339
-36484
-39587
-45565
-54647
-64659
-69476
-70727
-72173
-71345
-69284
-70189
-68337
-58192
-45420
-35486
-27845
-24279
-26078
-27371
-27230
-29195
-31872
-35082
-40569
-43491
-39224
-31719
-24076
-19044
-16637
-11361
-3740
1886
4764
7578
9135
7792
6613
5360
3917
2679
1014
727
4314
10470
13763
15873
20118
24727
29836
35495
41003
45181
48465
51122
52292
52932
51921
49238
47162
46284
45569
44751
43533
38566
30075
21327
12784
5310
-750
-8631
-19493
-28037
-32498
-34620
-33595
-29936
-22900
-11472
2173
15701
29459
42701
53942
64960
75953
84834
89281
89848
88172
83838
78570
72497
65895
60532
54499
46272
34945
22630
14076
8873
2669
-8661
-25001
-43123
-59022
-70122
-78610
-88333
-99604
-110380
-121827
-131620
-134945
-133324
-129884
-128222
-131280
-138772
-147673
-155284
-158695
-155216
-149167
-143897
-138132
-130663
-121604
-112917
-105183
-98971
-92148
-82808
-73648
-65297
-57439
-52263
-48767
-42886
-36030
-32455
-33072
-35774
-38659
-39761
-36800
-30751
-25416
-22748
-21084
-20171
-19289
-19577
-21320
-21071
-21695
-25439
-28945
-29270
-27257
-21078
-10578
-3161
981
5860
12614
21487
34423
50657
64094
73972
81124
86250
93689
105058
116467
123357
124336
119260
111150
106328
107330
110678
113646
116791
119904
123338
126492
127588
126370
122421
115748
107187
98481
90222
81843
73005
63148
52271
41614
33006
26286
22224
21003
19956
16476
9983
2916
-2160
-2925
-1417
-2245
-5722
-10639
-16991
-24080
-30335
-36650
-44542
-54155
-64343
-72277
-75849
-77286
-79664
-82766
-85375
-85925
-83428
-78485
-74878
-74642
-75627
-76059
-74228
-69590
-64172
-61931
-63239
-65358
-68223
-71345
-74531
-79751
-87372
-96977
-106519
-111392
-110435
-107151
-104064
-101255
-99627
-97133
-89947
-78475
-65788
-55322
-49332
-49291
-53054
-56459
-55894
-49482
-41240
-37135
-37106
-37593
-38791
-37871
-35730
-37387
-42101
-50947
-61503
-68385
-68016
-62046
-55960
-51623
-50320
-51014
-52343
-52191
-48345
-42746
-38803
-36798
-34424
-29431
-20844
-13006
-9184
-8781
-10291
-13851
-15951
-11429
-4362
2578
10678
21769
34285
47632
65300
84781
100993
110255
115070
116585
115255
118055
124230
127632
128274
127319
123056
118468
117837
117992
113226
103118
88078
70228
56645
46389
35961
24665
10542
-6324
-22189
-34080
-58035
-94942
-102666
-74896
-56610
-61703
-72031
-80572
-80153
-59952
-31850
-13046
-4599
-8452
-20309
-22423
-12259
-8578
-15875
-25768
-39213
-51131
-56463
-60737
-63412
-61832
-64118
-74734
-83785
-86934
-84739
-71932
-52914
-36221
-21220
-9329
-3386
2233
10495
15507
14945
8922
-3629
-17879
-27164
-30453
-29793
-26709
-24265
-24739
-23844
-20424
-19346
-19277
-15909
-11412
-10480
-13397
-21237
-32464
-40284
-45570
-49521
-49084
-47691
-49893
-53632
-55716
-56182
-52648
-44659
-36429
-29734
-25367
-23227
-22430
-20784
-18669
-19746
-25116
-33369
-39784
-43617
-47105
-49883
-51323
-51271
-50787
-49525
-46565
-42964
-39033
-31767
-21853
-11116
2002
16794
31824
44561
53011
55650
53900
53039
53124
50449
43611
34923
27174
22690
20626
17974
15962
16858
19317
20462
20052
17251
13598
12155
11557
10658
10176
11102
11595
11085
8780
3582
-1707
-6255
-11550
-19879
-28712
-35713
-39722
-36616
-28504
-22070
-22004
-26301
-31634
-33527
-25854
-11194
4039
17051
25766
28149
29355
35619
43591
48467
48918
42815
33843
28058
25563
26585
28245
25842
19488
13438
7087
-3719
-15693
-26945
-38648
-50383
-61554
-74949
-92118
-105933
-120207
-134305
-147478
-155788
-162208
-251495
-345918
-262821
-107767
-11619
34900
32499
-29643
-102031
-76227
2685
46632
60472
27508
-34619
-45219
1488
33184
54384
73561
46395
6960
1176
177
1090
18118
15051
-12775
-17196
11092
44716
82619
106928
88326
48611
15837
4276
26145
70305
88050
57710
17804
-8017
-11529
6131
21238
19354
4468
-15281
-34388
-39191
-34566
-34136
-36740
-52772
-76893
-97271
-103760
-107734
-145988
-149476
-72307
-2074
19923
13949
2090
-9604
-906
34686
59377
71834
73591
54084
37843
53632
83242
102896
111917
99570
76292
66113
68817
74715
85056
90845
78306
56118
32641
15469
11553
11324
-919
-24094
-46555
-64338
-72425
-70939
-69512
-71140
-74235
-78621
-78721
-71315
-61220
-51433
-43349
-42396
-49457
-53916
-50950
-45988
-41543
-37982
-37993
-38984
-35991
-30543
-25239
-22884
-25510
-30854
-32468
-27555
-18648
-10276
-7188
-7920
-7509
-3690
-141
3388
7753
7879
4293
1405
1643
3024
4712
6751
7998
7686
5430
3945
2184
-37
1522
6714
9903
7634
1125
-8945
-20801
-33072
-44702
-55252
-66461
-80112
-97554
-115552
-129444
-135461
-130696
-119461
-109013
-99783
-88697
-73365
-53539
-32857
-13676
1631
11129
16288
20511
26628
32045
31952
23411
10372
2569
2278
6672
13913
17370
14302
9677
7720
10215
15441
21711
26261
26750
25260
24121
22619
21329
21294
19372
13165
2834
-11590
-31663
-52150
-67305
-76651
-80370
-80898
-79258
-77751
-72277
-60055
-46267
-32025
-19096
-13013
-17023
-21770
-15575
567
18324
33494
43748
48289
54029
64386
77741
86771
85038
72758
55622
44567
42442
45593
44716
36612
27737
21901
21345
21529
16258
4815
-9340
-20863
-23338
-13211
5048
21867
29668
24760
10770
-4596
-17975
-27400
-34702
-46620
-67841
-86294
-116405
-166198
-164749
-104966
-70603
-81892
-94840
-103304
-122638
-120869
-92147
-73627
-67964
-64083
-69087
-65132
-35311
-13341
-10585
-7772
-8502
-10438
1916
12705
4699
-6070
-20231
-45053
-63982
-70069
-74523
-76489
-74361
-80385
-87643
-86968
-84097
-77196
-63004
-48828
-39355
-27773
-16347
-5463
12537
32576
47719
56493
55837
48108
43972
44332
43902
41439
34568
21487
8605
2077
-1695
-1262
-1179
-6845
-12260
-15789
-15177
-11737
-10128
-13270
-20221
-25188
-27019
-23324
-14810
-7999
-2554
1177
-292
-1024
2699
4589
5910
9178
11239
14918
21702
27470
31136
35802
39366
37810
34080
30634
29223
28873
27457
27365
28872
30427
31862
33409
34695
34989
32459
25070
15804
10623
10076
11606
11157
943
-19859
-40464
-54813
-65801
-68809
-61531
-56826
-63918
-75516
-85033
-92921
-89777
-76199
-70323
-75951
-80144
-74792
-63093
-49828
-43649
-47346
-51389
-51960
-49999
-44232
-35071
-27774
-24081
-23857
-27104
-27656
-24751
-22289
-20560
-18419
-19146
-25408
-31033
-31123
-22724
-5563
11347
20248
20785
16993
15855
18745
19637
14809
7172
712
-2334
178
3599
1393
-7233
-22744
-42402
-55318
-56923
-57929
-64255
-74013
-86217
-94575
-92120
-82580
-71949
-59083
-45649
-31979
-14173
7212
28271
44984
55595
59597
61186
65180
69896
73684
73781
66386
54986
45689
39292
33553
27523
18778
8568
3062
34
-2104
-440
3050
5499
6872
9587
12059
12022
11720
11040
9654
9079
8483
5603
1122
-3349
-11674
-21618
-26919
-31429
-37283
-40529
-41614
-43138
-42545
-39751
-36721
-32224
-26206
-19936
-13654
-6876
-2646
-1534
586
-2949
-19934
-23980
2220
29254
41905
43777
32839
17974
20027
39565
53463
55219
44937
23352
9191
15148
26712
28325
20631
3468
-16351
-27914
-34588
-40800
-45334
-53686
-68065
-80046
-85345
-84707
-77881
-69602
-69260
-74708
-80833
-86715
-86582
-79632
-71550
-63750
-53067
-41030
-29383
-16604
-4035
5842
12254
15626
16304
15629
12960
9521
10208
12888
10959
3515
-7021
-16271
-20052
-21577
-25032
-29029
-33180
-38294
-36870
-24467
-7976
8295
22375
30740
33397
35367
36627
34486
30056
20687
7475
-2116
-3928
-2220
-1213
-1762
-9147
-22128
-34710
-43575
-47289
-46772
-43449
-39809
-34452
-28514
-21842
-10990
1293
15274
29205
37310
38415
35580
33465
33633
36217
38778
39484
39580
38228
35664
33841
33302
30823
24807
17585
7028
-6397
-19578
-32911
-44778
-54649
-64802
-76755
-85751
-96662
-114699
-114184
-93148
-80242
-74444
-64443
-50542
-30110
1217
31978
48049
50459
41563
26558
18990
23317
24812
16944
3956
-11406
-16841
-9383
-2644
-2546
-5675
-14298
-25352
-26243
-16209
-2587
9166
14163
12019
10186
15499
25942
37710
48004
49360
40270
28949
20833
19514
23602
23193
10891
-8887
-30572
-52924
-69202
-76591
-79936
-85402
-95147
-105819
-113568
-113384
-104219
-89444
-73917
-60830
-49142
-38284
-25931
-9645
6563
16697
19662
20136
21426
24067
29058
31850
29646
24083
16710
8981
977
-4024
-8605
-15734
-23790
-31726
-34799
-31813
-27104
-26403
-29649
-35467
-42844
-46155
-43082
-35989
-28267
-19709
-12516
-8061
-3361
-85
1421
3038
3876
515
-7352
-18489
-34997
-51819
-60311
-62667
-66621
-73596
-81811
-90493
-93840
-88060
-79166
-71604
-64160
-59319
-59075
-55778
-43048
-26713
-16635
-15297
-18928
-22276
-21702
-14534
-5578
-4022
-7866
-11356
-10336
-8695
-8568
-6689
-8075
-11949
-15139
-16767
-19177
-22987
-26384
-31953
-36611
-40106
-45062
-51563
-54983
-52344
-47093
-40388
-32787
-23028
-12035
-1924
6422
14786
22008
24941
29300
37204
46219
55788
66729
77619
86148
91994
94248
94588
93210
90026
85895
80751
73847
65830
59427
52215
42787
34422
29394
26518
22284
14984
6969
2884
3272
7534
14065
19760
24093
27806
32349
35186
34929
30764
21513
10003
-4320
-18158
-28492
-37977
-45243
-49438
-53079
-57984
-62966
-67648
-72347
-76020
-80385
-85751
-89492
-95142
-104539
-112672
-119150
-124415
-128695
-132586
-137546
-142405
-144021
-147151
-147159
-140169
-133017
-127701
-123111
-113837
-100879
-85629
-67070
-47626
-27268
-13914
-10833
-16428
-26481
-30354
-28526
-21641
-11313
-7026
-16351
-33700
-44396
-43264
-26237
-223
17285
23491
21131
14819
16508
33438
53857
63609
61519
44268
18446
2356
-956
-2205
-5851
-14513
-34488
-53358
-61267
-65849
-66286
-60635
-58220
-67285
-81353
-94768
-105162
-105484
-123629
-169854
-168142
-99506
-31516
7298
27321
43381
60161
90858
126918
141883
144820
145591
145221
148048
164072
184129
192495
196713
196158
189170
186976
197626
213716
225102
226436
211565
191466
182789
186756
200212
211433
205985
183054
156618
138999
123890
109235
94185
75437
55213
29464
2890
-17972
-34035
-45029
-54794
-60327
-62616
-71822
-90252
-123404
-139932
-101913
-52377
-43930
-74162
-116750
-151923
-164722
-151983
-137531
-140777
-161537
-188482
-201655
-185975
-156058
-135017
-128579
-136637
-148112
-147112
-129198
-106118
-82239
-64906
-69227
-81591
-88821
-90307
-89076
-90858
-98626
-111669
-122079
-136341
-160729
-180455
-180954
-169642
-158770
-150761
-151670
-160920
-169430
-169799
-164702
-158569
-154119
-155453
-158568
-158224
-150476
-137067
-121254
-106349
-91326
-73910
-60195
-43940
-19329
6630
26764
41775
54651
58152
54402
53143
51112
45429
38307
29958
22117
16287
12501
9559
6240
-1569
-13282
-19311
-19027
-13173
622
17983
32807
42644
51267
61275
73490
88669
101699
112045
122919
135383
151483
167475
181508
193263
201882
209332
213413
216050
218558
218915
219413
224786
237233
248670
254050
258086
260492
255616
243480
225936
206838
191855
177695
162300
144692
125087
103427
77597
57206
49817
51629
53135
52145
47014
34261
21022
11606
9350
8658
3662
-7836
-29827
-55618
-84560
-111681
-130599
-142283
-149827
-153490
-145909
-136721
-133987
-141195
-162684
-192401
-221781
-238604
-244789
-247433
-254391
-271030
-287674
-292584
-274763
-238417
-202967
-185615
-186527
-194906
-198796
-189283
-171274
-152477
-138578
-125926
-110646
-94729
-78401
-65523
-55313
-51035
-56378
-64277
-67239
-64282
-58014
-50953
-49340
-53273
-59218
-66844
-72837
-75295
-73824
-70123
-68899
-72710
-81533
-88361
-85028
-72067
-55642
-44567
-44155
-52135
-58991
-58797
-52560
-42434
-32441
-26101
-22968
-14987
894
20383
39588
52766
57585
59626
64328
69821
75535
80225
82129
84556
87572
88891
89656
92231
96357
99417
98675
93947
90389
92712
98040
103523
109529
114530
117516
119666
121120
120009
117352
115113
112549
109578
105651
101076
97693
94086
87701
79708
74586
73323
73336
71924
65531
55244
46468
41450
38626
37854
39742
41729
43078
46323
47142
41098
32648
20628
4385
-10449
-25768
-44562
-63359
-80175
-97804
-116130
-132994
-146109
-152917
-155694
-157732
-158337
-156800
-157213
-158445
-156491
-154180
-151062
-145970
-142707
-141992
-141187
-140552
-138200
-133828
-132487
-134059
-134713
-133020
-131611
-129307
-124936
-117069
-99803
-72940
-39678
-7853
18517
39129
52845
61668
64971
63414
57691
51116
44057
34503
27212
24228
22332
18510
13210
3274
-9349
-19750
-28328
-34680
-41509
-47231
-52606
-60396
-70566
-77423
-73247
-66501
-60174
-51012
-44836
-43705
-42022
-38974
-34728
-25882
-16811
-7936
3805
16617
25228
31431
40384
46499
47905
46684
43239
37745
30993
21929
11980
4031
-3447
-9580
-14589
-20423
-28687
-30067
-19824
-7576
1464
90
-10891
-16801
-8622
5548
17246
24407
20453
7404
-1979
-3717
-6199
-8442
-10060
-19055
-32366
-45371
-56068
-58914
-52586
-45532
-43969
-47848
-55218
-58365
-52374
-41595
-31121
-22456
-16078
-7492
8175
28804
50015
67449
78412
82402
83273
86640
91795
96393
98508
96212
91227
84624
80740
83451
90063
94363
88675
75522
57066
37950
27124
19172
12446
7155
1424
-2887
-6847
-8004
-6077
-3199
-2868
-6587
-11701
-19469
-29066
-35388
-36104
-34010
-25536
-12535
-10084
-16723
-18848
-16978
-16650
-16084
-16923
-19594
-25710
-39972
-51638
-53106
-56681
-66470
-72349
-78338
-85134
-80064
-71837
-72855
-76316
-79039
-85394
-89521
-86989
-81670
-72633
-65837
-65324
-64608
-64769
-65336
-60373
-51375
-42845
-36813
-33588
-29907
-22574
-13103
-2195
8410
11335
6775
-80
-5494
-7130
-8795
-10341
-14964
-24934
-33696
-39437
-41802
-40619
-36341
-32858
-31642
-32609
-32307
-26892
-20630
-10836
-2427
5482
13188
11165
11676
17428
21874
22489
16517
7331
-4582
-15125
-18838
-16966
-14389
-14629
-19058
-23997
-25296
-22880
-18110
-15793
-16503
-17773
-19016
-18971
-15824
-10297
-4679
5
6192
16013
26802
41520
57458
70720
84913
96368
107820
120385
129359
136386
141729
143436
141369
139789
138162
134741
131295
126072
117544
107155
96206
84176
73723
64122
51350
37257
21301
2303
-18403
-37406
-49449
-61834
-81058
-93981
-115481
-189340
-251391
-199465
-101954
-64931
-78038
-90503
-92816
-85968
-50307
-17552
-14881
-22251
-41330
-67142
-69171
-53070
-51817
-58486
-66138
-80197
-82367
-72235
-70219
-74238
-74357
-85412
-103991
-106191
-102853
-103119
-98954
-99002
-107464
-110569
-105796
-106368
-102978
-93908
-96819
-101350
-101747
-103950
-103551
-95815
-90637
-95864
-97873
-99206
-100540
-91628
-82289
-83318
-90436
-99089
-110505
-111478
-100102
-91237
-85794
-83341
-85904
-85788
-77863
-72225
-67523
-61609
-64165
-70430
-71670
-68277
-59675
-42277
-25030
-13000
-1983
5515
15231
34401
59069
80357
96778
107179
109037
116318
130123
138517
143121
142494
139701
139608
139267
141768
147851
156562
165796
169361
166965
159739
151825
150463
153544
158123
165161
171949
174521
171297
161965
146057
131131
119274
102762
87358
75014
57710
39871
20243
-2680
-5229
16555
38049
36714
12019
-11477
-29833
-32534
-18805
-18585
-30696
-49408
-68220
-80338
-85026
-81274
-81280
-84659
-87964
-91216
-94954
-92882
-77960
-66243
-59275
-56347
-65194
-67119
-56139
-42665
-33467
-32037
-34378
-44549
-48695
-41809
-35052
-24918
-21742
-25285
-28636
-31415
-30911
-30047
-31826
-40270
-49006
-54510
-58051
-54002
-44359
-39995
-43712
-48026
-54040
-60586
-61716
-63502
-73659
-89408
-107149
-124346
-131683
-126766
-118213
-114398
-116003
-123479
-132649
-136667
-142505
-148377
-150853
-152919
-155732
-158825
-148223
-122946
-97387
-80541
-74751
-73430
-69740
-60535
-45984
-31478
-24212
-23567
-26264
-27505
-18434
1083
22188
37031
45102
45653
42239
43098
44816
42091
35502
22479
3350
-11016
-16603
-17582
-13733
-7036
-8490
-19584
-24167
-11840
19724
55317
72077
67675
57910
60125
74776
97733
120621
133139
133308
125546
118233
112742
112105
116114
115471
108415
98294
86790
79531
77303
77283
78042
77341
76420
70757
62343
53812
43592
36247
30253
24152
14444
2788
-3570
-5711
-6032
-5809
-6959
-9920
-11826
-15196
-21587
-22842
-20565
-22468
-22061
-25389
-42275
-46492
-27431
-13539
-14426
-16135
-17819
-22550
-19768
-14037
-17100
-20650
-21772
-24261
-20871
-9916
-3530
-3534
-1088
1826
4920
10207
10774
4489
-1197
-2891
-3863
-2636
-2865
-9779
-17113
-23342
-30789
-34092
-31161
-31375
-37206
-43467
-52736
-62847
-67463
-68583
-67239
-62599
-59685
-59432
-56520
-51500
-47326
-42590
-40207
-44722
-53876
-62620
-68240
-70603
-67326
-62727
-61138
-60046
-60975
-60975
-58692
-55821
-51211
-46875
-42741
-38575
-33998
-27740
-23049
-22299
-23356
-24890
-25548
-24459
-25261
-29511
-37568
-48161
-56220
-59950
-61181
-62139
-62090
-61263
-60116
-58082
-55949
-54021
-52093
-50018
-49733
-49633
-48268
-46404
-42588
-36265
-30606
-27894
-24755
-23038
-22753
-20698
-18762
-18600
-18698
-15154
-9934
-5504
-5406
-12114
-20596
-27312
-31391
-33760
-35915
-40334
-45519
-47130
-45205
-39688
-31582
-24690
-18358
-9338
-102
6843
12911
20895
31752
42861
49447
49250
48004
48745
49395
50329
49915
45312
40042
38567
38553
40055
45352
51152
54171
54318
53464
54342
59378
67533
74827
79840
82561
83659
84095
82735
78080
72043
65464
56778
48879
44021
41209
39893
40611
39481
31944
22282
17315
20245
22961
16951
5028
-10721
-27842
-38678
-40349
-40838
-45816
-54560
-66471
-77457
-80954
-78505
-77495
-78238
-79306
-81834
-83138
-79715
-72560
-63648
-55042
-50291
-48894
-49031
-51670
-55204
-57959
-63721
-73288
-84207
-96516
-108179
-116659
-120583
-122722
-125755
-129367
-136861
-139306
-133556
-130598
-122828
-110392
-103580
-101739
-100865
-96808
-92620
-85311
-73504
-64551
-56504
-47998
-42504
-35484
-25385
-18188
-13181
-5146
11925
35705
57615
67441
65384
68330
78670
91927
106290
110703
97858
78598
65039
58579
62664
71992
76295
72363
62774
52442
47758
51872
55950
57549
58321
57749
59283
64578
70604
74208
77320
77932
74612
70041
63914
56407
50142
45905
41592
37074
32481
26944
21935
19237
18400
19450
21222
20927
19065
17406
12281
-588
-12270
-11243
-3937
-6095
-23389
-48553
-70413
-85421
-97030
-107777
-119475
-132509
-143476
-146383
-137674
-118140
-94642
-74648
-58727
-44359
-27253
-4047
22955
45294
57199
58803
55760
56459
61903
70289
79421
84259
79623
68376
57965
48765
40280
31422
18044
-2783
-27151
-46774
-60583
-70519
-80247
-95143
-112509
-126602
-137073
-148743
-160390
-162385
-155113
-144331
-131150
-120789
-116938
-115015
-110780
-104415
-93762
-80801
-74378
-73283
-72906
-74416
-77110
-76864
-71471
-63241
-53575
-43948
-35308
-25071
-12599
-1459
5874
9118
11065
18811
33991
50513
63141
70285
71461
68587
64368
60755
57290
48964
36739
22685
8372
-2406
-10856
-15629
-19860
-28735
-41467
-54620
-60791
-59630
-53554
-45656
-39960
-36079
-37030
-46526
-57836
-51550
-24819
5
10824
10393
6460
9718
20778
33157
44007
51252
51977
49337
52196
59224
64244
66886
66258
62480
56291
49411
42404
34966
27605
18587
10420
4636
82
-6639
-19827
-34253
-46424
-55483
-58789
-59859
-63345
-67752
-67016
-57944
-41531
-23436
-14749
-20182
-30835
-36482
-34432
-27937
-22251
-19497
-19806
-22998
-30296
-37810
-38908
-35592
-31284
-27940
-24548
-18631
-12236
-8499
-7736
-7605
-8407
-9996
-9949
-7775
-5951
-7992
-11871
-14047
-14365
-15676
-20080
-23112
-25129
-28336
-29299
-30217
-33020
-37894
-45040
-53264
-64023
-73753
-81667
-90547
-95649
-95434
-92744
-90779
-90816
-92800
-97128
-96405
-87259
-73628
-58127
-44373
-32101
-18797
-2272
16876
39071
63225
82176
98236
114135
126330
136303
148227
158517
160684
161302
161445
155309
149312
146193
140454
131747
121477
108185
95136
87232
81804
75875
69338
58877
46035
38806
37252
34051
27760
19578
7115
-6681
-16834
-26168
-37218
-48085
-61593
-84370
-121191
-157236
-164782
-151472
-146177
-150335
-157994
-179087
-200925
-193862
-165126
-141471
-132739
-141285
-157577
-154680
-129897
-104338
-82124
-65063
-57938
-45242
-15960
17918
49437
73414
79525
73935
70563
71075
71758
73687
72325
63777
55693
49094
41943
37347
29745
12372
-8919
-30739
-52386
-66685
-77330
-88905
-96142
-95784
-91039
-87170
-83141
-83597
-88403
-88331
-84689
-82000
-80238
-77892
-76953
-75081
-70441
-66116
-62406
-57925
-52425
-46798
-32118
-7990
12624
21231
15973
5572
3835
16046
32268
47871
58709
55840
48805
47314
49578
58608
73131
83944
90358
93888
93975
93467
94926
97252
100349
105245
105637
100613
94708
88927
88014
93826
99676
99481
94367
85890
72257
58438
52059
49532
43566
32214
16388
-2009
-18517
-28601
-32494
-30010
-21952
-14928
-16441
-20159
-12125
4301
19581
30551
36413
36147
31326
29366
31744
34213
32135
24626
12904
-305
-10860
-24333
-43093
-62126
-78610
-92556
-104958
-113442
-117341
-117216
-115566
-117833
-124968
-135163
-146370
-155579
-162070
-165783
-168450
-171629
-175621
-181649
-186023
-187051
-185557
-180787
-171401
-156455
-136759
-113918
-91831
-74233
-65758
-62338
-57691
-51802
-44847
-42375
-48668
-63887
-78402
-83159
-81354
-76226
-73308
-77406
-86547
-93929
-97421
-98266
-96593
-97708
-102044
-107369
-112198
-111956
-105027
-93718
-81370
-67375
-50835
-30718
-7002
16803
39187
60419
78480
89809
96192
99393
101976
104865
103357
98527
94570
94348
94402
93641
94733
94623
94955
96300
98120
101225
106215
113999
120195
123186
120408
109477
95896
87629
84157
77264
64985
50691
41986
43149
50850
60843
68786
71633
71530
75642
83145
89515
96963
104004
106010
105385
105302
103832
99887
93414
82333
66924
48404
24455
-3302
-29694
-50212
-65418
-80034
-95372
-111144
-123350
-129069
-129486
-126119
-123709
-129498
-142537
-153459
-155942
-151479
-145754
-136848
-122138
-102799
-81873
-64053
-51780
-43802
-32971
-16668
4762
26234
38695
37120
26013
19825
24469
36369
46268
48702
40203
21735
6116
1562
9154
15902
10816
-6841
-33812
-55914
-62975
-54849
-43717
-40515
-44783
-53526
-60422
-57002
-41706
-25845
-16853
-11025
-6986
-6717
-6171
-4187
-6912
-17603
-35374
-57494
-82617
-106917
-127784
-142646
-146838
-143151
-138082
-131254
-121277
-109342
-92099
-73416
-60144
-54172
-52813
-48528
-39520
-27292
-15304
-5543
3295
10598
18457
28692
38719
45981
47995
45965
41052
37212
39596
42271
42746
41992
38273
31783
26669
26288
27497
28544
29910
31446
31738
31899
34782
41427
48157
51196
50042
43527
34652
27488
25127
25182
23750
19885
13497
7265
2286
-317
-3284
-8551
-14751
-21527
-27780
-31515
-28911
-21644
-14085
-6738
-647
3248
5578
5761
3703
10
-1965
-506
-1717
-8670
-18855
-29512
-40906
-53722
-65868
-77064
-85979
-91427
-95105
-97429
-100066
-102481
-99679
-90679
-78204
-64732
-53362
-48975
-50413
-49838
-46412
-40697
-30164
-21400
-19231
-18441
-15539
-8345
2826
14084
18344
11586
-1644
-15065
-19051
-12386
-2228
9284
19473
25065
27656
32871
40333
45316
47895
45601
35120
21282
8561
-603
-4008
-3601
-1794
374
2491
2887
3726
7578
10152
12868
17249
16904
14517
14997
15369
16651
19344
17214
9301
1063
-10681
-26243
-36698
-40865
-40418
-35724
-30552
-30824
-34032
-31297
-20172
-4750
4311
2052
-918
3064
10903
21641
34286
46468
54235
53253
45817
38478
34310
28243
23329
21900
19922
19012
16044
8873
-2133
-14625
-28342
-42213
-52506
-65350
-81358
-97090
-112242
-126694
-141481
-155159
-167116
-177097
-184974
-189211
-191413
-193544
-190181
-179111
-167639
-160766
-148867
-128544
-103476
-73027
-49088
-40885
-43859
-48733
-46744
-34814
-17787
-8549
-9551
-14258
-18128
-14496
1205
26533
49558
60570
59863
53948
51841
58066
69942
78242
78918
75205
71532
72996
79884
88858
94112
92170
84491
74026
68784
71211
75304
80365
84728
84519
83054
83639
82868
77590
69168
56693
43062
34599
26023
14361
2577
-9903
-23092
-33999
-40021
-44950
-45171
-43609
-35719
-33774
-88132
-126810
-63627
19746
52038
50772
39923
13926
-1504
26353
50911
54020
57850
43945
19880
29021
49723
47458
42394
31091
7837
3011
13235
13336
16473
20342
4696
-15813
-26473
-33892
-44073
-46677
-47995
-57206
-57759
-50683
-53652
-64713
-68655
-69343
-68875
-63458
-59722
-55854
-47986
-36607
-24503
-8169
10261
20543
19047
169
-30000
-54663
-69561
-78977
-80563
-77183
-76531
-76260
-76216
-77066
-69980
-51311
-33297
-23258
-19916
-23060
-26346
-22372
-14909
-12486
-14870
-21875
-32571
-39698
-41009
-38905
-38092
-43933
-56464
-69116
-78258
-84095
-83957
-80612
-77422
-72778
-68188
-63659
-55445
-44076
-34534
-29710
-29536
-32028
-31761
-23922
-10011
5908
20003
29228
35654
43954
54339
65225
75060
79468
78646
75438
72133
71691
72849
71288
63191
52015
42049
33039
25773
20637
15517
5632
-8785
-23903
-37145
-45525
-50287
-56051
-62742
-65685
-63541
-56437
-45748
-37846
-33941
-28442
-20581
-12135
-2151
6175
8915
8410
8344
9506
12460
19805
28249
34984
39212
38250
35953
35472
36910
37390
37554
37762
34110
31790
33781
37249
39184
39601
37783
32815
30469
29823
27386
23383
15713
3903
-8893
-19151
-28921
-40396
-52649
-66749
-79668
-90675
-102250
-114922
-125814
-139253
-175430
-218365
-233558
-217998
-181903
-142667
-109937
-91870
-91563
-100447
-111514
-112506
-101391
-83862
-65824
-53609
-46326
-40267
-32855
-25067
-16622
-12323
-21595
-41345
-59892
-69038
-67581
-60260
-53648
-50211
-46999
-40480
-30845
-20724
-11738
-6318
-3234
2684
13238
26282
36419
42833
48628
54404
61212
68825
75210
78019
77608
75320
69916
62730
56093
49857
42955
35406
27913
20536
15208
14289
16267
18587
18049
13899
11451
12005
13412
13777
11734
6635
-1732
-10893
-22450
-35966
-46872
-55161
-60166
-61939
-61337
-65326
-79133
-74308
-38019
-23
25683
39787
41475
32713
26105
28150
31238
33275
26943
10587
-1719
44
5819
5920
2732
-6215
-18217
-27246
-33063
-35752
-35506
-35727
-38078
-40736
-41861
-38063
-29048
-18170
-8721
-3202
-479
2046
7209
17474
29010
36590
38040
32594
23746
16193
12106
10319
6627
-2363
-16878
-32537
-44541
-52331
-58188
-65364
-74973
-84885
-91472
-89954
-78390
-60554
-43097
-33828
-31375
-27832
-20641
-10724
-1660
3835
3160
-1672
-4695
-4311
-1077
2343
3494
351
-4583
-5082
657
9653
18699
26752
32527
37475
43530
50137
54726
57162
57218
55006
56139
59961
66110
74573
81200
83115
82718
87251
94543
102499
109266
110311
106884
102462
99497
96679
93972
89373
82490
76097
68711
59133
47650
34707
21292
10683
2730
-5913
-16129
-25563
-34427
-44655
-54440
-64030
-74598
-108453
-156190
-153004
-102583
-63242
-61167
-85760
-115403
-135458
-128972
-110445
-104255
-108853
-120908
-130031
-121785
-100569
-83905
-76842
-77134
-82169
-82569
-72372
-56406
-40085
-25773
-19385
-19405
-17790
-11825
-3568
5318
11496
10161
4248
-3986
-14145
-20768
-22316
-22561
-24090
-28275
-33014
-33447
-28531
-21732
-16039
-11774
-12093
-17342
-22589
-26331
-29932
-32668
-35027
-41549
-49393
-54165
-57979
-61388
-63160
-65007
-67135
-64554
-59951
-55908
-51782
-54146
-62001
-67851
-71395
-75108
-77783
-79781
-82735
-84630
-84354
-82116
-78731
-80449
-88492
-87637
-72355
-54892
-39577
-22207
-665
21866
39840
46987
43498
37216
29949
24793
27981
38707
52570
66104
76140
80542
82019
83188
83387
80764
74113
65416
58288
55369
57185
63168
68998
67157
59810
56314
57310
59094
58792
52556
37964
19017
5495
-65
-2396
-9000
-22994
-33500
-33363
-31046
-31358
-32316
-39086
-51291
-59573
-63266
-65622
-64638
-61997
-62417
-62473
-59241
-54315
-48242
-45996
-51322
-59934
-68115
-75196
-78270
-75231
-71239
-70754
-71647
-71810
-68269
-59920
-50617
-44054
-39913
-34502
-25048
-10908
4358
15923
21874
23001
22468
24929
33791
45349
52828
52449
45314
36227
28845
25339
23319
16650
1841
-15888
-27573
-30460
-25150
-18582
-18425
-23959
-29868
-31027
-29019
-26366
-31108
-48365
-54278
-35270
-13422
-1347
3880
644
-9308
-12284
-1413
9772
14322
10611
-4227
-16213
-14305
-6371
142
4609
253
-13652
-25181
-32632
-39090
-39636
-38263
-44269
-50936
-52064
-50045
-43759
-35690
-31836
-33193
-35074
-36329
-37637
-34618
-28496
-22689
-16866
-13178
-13963
-19425
-29283
-39295
-34203
-12901
-251
-4124
-12730
-22275
-32364
-33583
-25760
-24353
-28000
-29720
-30964
-30172
-26238
-22813
-22318
-18554
-13840
-11097
-5027
2837
9467
15388
20551
21165
21984
27733
33203
38375
45023
49959
49274
45061
39794
33839
30479
29797
30436
35599
44260
52232
59730
63706
62319
61139
65460
71139
72434
70729
66520
60012
52629
45162
35961
25010
11416
-6182
-25080
-43445
-57202
-66459
-73232
-78459
-84248
-88389
-90783
-91005
-89276
-90095
-98312
-121489
-135972
-103367
-46990
-12984
-11044
-26428
-47403
-67901
-72760
-69196
-71059
-75567
-83868
-87642
-79401
-68708
-66862
-72338
-79741
-85640
-82732
-72736
-62084
-51472
-40609
-32053
-27207
-23095
-17743
-11410
-5852
1444
10670
15396
14893
12173
9802
9993
13940
18828
22548
31235
46659
61621
69441
66504
54343
39918
28272
17944
7929
-1415
-12464
-22981
-29824
-33411
-33613
-34246
-40678
-51531
-56964
-52561
-40990
-26018
-17316
-19195
-25520
-25492
-15660
-604
14985
25013
29228
31709
38076
50928
67103
81082
89063
92133
90463
89243
94695
105430
117671
126971
130294
127216
120627
114454
109514
105356
102016
99152
95430
90819
87573
85281
84953
85574
82595
77133
69313
61375
54276
47296
45947
45615
35944
20746
8968
-1366
-15047
-31981
-51647
-78149
-105313
-130672
-159479
-182138
-203734
-212848
-262523
-377735
-394215
-305324
-236892
-192447
-151093
-125830
-136411
-134598
-114541
-112414
-105243
-101790
-121093
-129827
-109287
-94236
-83349
-69571
-83171
-103904
-100686
-101203
-114568
-116661
-118223
-117396
-94708
-65961
-45248
-23933
-10297
-12643
-12477
-4969
-806
-240
-2876
-9446
-6360
8266
18111
18894
14510
9205
5766
6920
8473
5619
2991
1148
-782
-1612
-3088
-5406
-7431
-9599
-8869
-1751
8617
14885
15008
12734
12845
18691
26777
32218
35480
39372
43551
48243
55670
65178
75076
84971
91923
95395
100719
107935
117677
128309
133872
133681
131122
129921
128307
127658
129010
127617
122577
118103
115107
112513
111508
109151
103413
86979
56325
22106
2825
13058
35750
48594
44722
21371
-11638
-36938
-47167
-46559
-41347
-46513
-66357
-78837
-72311
-61226
-57182
-61357
-77770
-99732
-114484
-122761
-127685
-129946
-138745
-156836
-174193
-184857
-186917
-179857
-167502
-158199
-153246
-149182
-143893
-130515
-108183
-85579
-69712
-62883
-65669
-72852
-76398
-76827
-78614
-82875
-92819
-107581
-116454
-116006
-110375
-102761
-98227
-98717
-100709
-102427
-105185
-105283
-99951
-94527
-91575
-88848
-87309
-88902
-90110
-87051
-81146
-73547
-64285
-56382
-48125
-37476
-25203
-7490
9933
21251
30738
38591
46150
54696
60188
60789
55439
45023
34016
24519
20912
21906
24075
29477
35177
41888
51417
64274
79436
92989
105989
119099
130006
137944
145136
152002
160156
170279
179622
185475
185914
182627
176135
167516
155270
139299
123141
107064
94603
86039
76258
61212
43246
29111
22497
24515
29700
29517
18005
-2862
-23701
-36142
-37198
-34172
-33049
-34137
-38656
-43433
-42878
-36691
-29544
-24526
-22530
-22848
-21989
-15202
-3989
6059
9700
1285
-10414
-14522
-12557
-6762
-971
-945
-7783
-14522
-16962
-15830
-10430
-7834
-14630
-27291
-41116
-51798
-58198
-63912
-73379
-89756
-113186
-139477
-160054
-167654
-162261
-148016
-130503
-121131
-121824
-115658
-96588
-76103
-57504
-39469
-27907
-23502
-17338
-7502
880
8837
11743
4466
-3428
-4987
-3911
502
10423
18166
23431
30985
36839
40799
47009
52314
54212
59449
64925
64307
63693
64698
65370
70982
79586
80175
71002
52392
25212
-76
-15261
-24960
-34604
-45113
-61000
-78487
-92422
-102674
-111968
-120064
-137261
-179400
-193307
-154045
-119331
-100828
-87096
-82327
-86235
-81292
-59208
-40660
-24052
-11530
-13713
-15512
-7166
-25
3246
9798
10406
6999
9259
6279
-3560
-7057
-6449
-9281
-10143
-11643
-17417
-17426
-12898
-13059
-14498
-15168
-20929
-27926
-31319
-35583
-40123
-44912
-55116
-67086
-75109
-79458
-80386
-79592
-80336
-81459
-79742
-76513
-71522
-63011
-54931
-49310
-42836
-35055
-27235
-17102
-4437
8503
21005
31142
38149
44792
52090
57942
60809
60738
57857
55229
53674
50601
48391
46399
43735
42575
44087
46799
45590
41071
35093
29381
25479
24228
26538
28073
28252
29701
33660
40418
49076
55691
55501
50902
46056
44541
47285
52304
55939
54505
49759
43152
36535
31401
26112
17331
3196
-15285
-36097
-53893
-68717
-82667
-98101
-117411
-137175
-150500
-157229
-182660
-209154
-195953
-176880
-155706
-102397
-49983
-31052
-28796
-10253
20316
46280
63167
50086
16915
5784
15212
24380
37341
40421
21391
8749
11760
14213
21741
28503
11846
-17481
-36679
-48701
-54560
-47671
-42950
-44750
-42876
-43555
-46310
-44156
-44413
-52670
-61704
-71667
-82801
-85721
-86231
-94039
-102491
-108894
-117874
-125905
-130671
-135524
-137970
-136487
-134635
-128712
-114740
-96117
-76064
-55733
-37196
-21222
-5980
9171
26796
48836
70364
86695
99316
109400
116643
121021
123979
127324
129724
131733
133974
135225
132502
124992
115521
109005
107488
101949
88331
67609
42345
19677
4686
3478
7862
4759
-5028
-20976
-39969
-54859
-61447
-62724
-66237
-76005
-81041
-57557
-14089
16163
27581
34626
39380
40300
44536
50571
52917
51774
50011
47656
47739
53032
54646
53653
58596
64543
64105
61146
60763
60476
56362
48533
36137
19529
4953
-6248
-14326
-21189
-32038
-50485
-80646
-116555
-145348
-162196
-168284
-166908
-164695
-168650
-177507
-184481
-186584
-180306
-166005
-151357
-139802
-129827
-120429
-111661
-98829
-82567
-68472
-57492
-51621
-46066
-39361
-29374
-15549
-5719
3216
7430
6334
6966
6095
713
-527
10876
20572
22483
22759
20642
18647
22496
28741
24238
12154
484
-8583
-12026
-12962
-15489
-21849
-33341
-51922
-71893
-86282
-96345
-100113
-100874
-106004
-120847
-145500
-157511
-144691
-119407
-89087
-56204
-25526
-8508
-27
16146
37962
56366
68663
79260
86798
90960
96201
104361
116159
126821
132453
131397
125022
116552
108397
102482
95554
85559
74583
62610
47823
36982
35360
31856
17619
-10059
-44618
-62313
-52051
-28515
-12469
-18372
-45291
-69082
-72231
-63672
-48693
-33441
-33075
-45158
-56036
-59756
-54597
-41804
-28481
-24426
-28377
-32355
-35587
-33428
-27255
-23858
-22469
-25202
-30899
-34929
-33501
-26989
-19081
-9431
-1702
1041
1234
2088
7210
15191
24056
32683
39537
46187
52824
60375
68515
77329
86437
91795
95135
98998
99580
93440
84709
74706
59286
38186
13235
-8459
-17945
-17743
-17496
-21417
-31134
-46221
-58699
-62721
-63301
-64304
-66114
-70760
-79098
-91194
-104034
-115239
-122890
-129245
-141562
-162219
-173682
-150427
-110188
-82010
-62085
-48506
-50161
-62364
-66927
-64425
-66207
-73066
-89419
-113662
-131998
-141960
-151397
-158186
-162522
-168615
-168869
-163210
-158243
-149590
-136037
-122826
-107533
-89019
-73324
-57022
-38020
-22906
-9744
1855
6130
6398
10755
21125
36936
54273
64748
67815
69663
72424
76833
85389
95674
103599
108484
109472
106585
104750
109070
115467
120448
125212
127571
126537
124818
124909
125862
128451
137710
151340
162438
167942
166474
160077
151097
144758
145464
148465
146570
136708
122531
107474
95632
88707
82166
72856
61523
51522
43050
36878
34160
33616
32908
30043
25639
20447
15638
13440
14483
16508
17268
14889
10498
5719
-453
-8165
-15457
-20713
-26227
-33050
-41631
-53183
-66030
-78001
-88876
-99217
-111433
-127773
-147717
-166028
-172918
-167591
-156506
-148539
-145138
-134606
-116058
-99727
-95847
-108622
-132387
-156269
-171035
-176918
-176604
-174317
-177633
-186483
-196201
-203073
-203771
-198978
-188159
-177394
-173481
-171264
-169407
-165483
-159357
-154542
-150704
-149588
-150243
-150062
-146790
-141884
-136956
-132047
-126529
-117754
-108169
-100219
-92666
-84128
-74840
-65117
-55295
-47012
-40687
-35367
-31156
-31082
-32968
-31439
-27144
-18218
-3882
10049
20772
28830
36537
47856
64136
82278
98818
111295
119046
122336
124867
130343
133703
135687
137944
138416
139111
140575
144586
150872
158902
166289
171993
178753
184566
188901
192015
192809
190103
184481
177081
168450
160251
150505
135907
119155
105654
93226
80270
70167
62662
55987
51088
50814
52999
56170
60871
65866
71753
79039
88489
96474
102018
104994
102805
98199
93006
89020
84184
77897
70388
59768
50245
42815
35857
28330
20316
11235
23
-11101
-22464
-36298
-51769
-66706
-80260
-92130
-103401
-113911
-124546
-136554
-150746
-174169
-204186
-215719
-200553
-186474
-184665
-187729
-196108
-201002
-191838
-178279
-174355
-175684
-183367
-198024
-201010
-191382
-183704
-177412
-171593
-173499
-176863
-172947
-163920
-148300
-130213
-121113
-119337
-119310
-119989
-114477
-100827
-87597
-78894
-73558
-74271
-76863
-70243
-58879
-51962
-47591
-46047
-49763
-52999
-53407
-54883
-55068
-54489
-57786
-58681
-51267
-43800
-41177
-41300
-45330
-49485
-48461
-45533
-43087
-37146
-30558
-27834
-23446
-10971
6765
23315
40380
54915
63312
70992
77563
82813
89076
95877
93995
82714
82621
98474
123395
151550
170504
173399
167943
167548
165879
167044
188899
210883
209132
192366
165372
134537
122737
126780
128628
124206
108103
82236
64705
62365
60199
54800
48359
35515
24217
21956
21634
20204
20924
15971
683
-12859
-22255
-31480
-34149
-37083
-51652
-71999
-91466
-109639
-122454
-128108
-136174
-147521
-158262
-169752
-175324
-170822
-161367
-151940
-142883
-136490
-127953
-107898
-80565
-51330
-22770
945
15176
22453
27532
29023
30063
30553
28877
26066
21054
13888
5134
-4786
-20548
-40467
-57738
-74495
-89889
-101127
-109395
-116726
-121723
-123926
-127550
-129663
-129714
-129050
-125975
-121015
-113878
-108919
-105755
-102654
-101509
-99510
-97415
-95972
-91537
-83166
-74889
-68276
-62176
-60244
-60771
-57880
-51508
-43048
-34429
-27810
-24746
-22027
-16484
-8685
-405
3432
4974
8142
12071
17839
27824
43297
59254
72174
84751
95172
102047
109412
118853
125806
121403
105371
85424
66921
55321
51491
48561
40934
30379
16718
2361
787
14401
29576
36905
37035
33313
31384
36727
46451
57159
68674
76910
80438
82935
84995
86067
87836
90940
93391
95463
99008
102594
105673
108223
109356
108791
105120
97185
86757
77094
68731
62127
57149
51096
43818
35248
25167
14802
5634
-2662
-11496
-17519
-19409
-19226
-16819
-12250
-8291
-6721
-4634
-1993
-1285
-1883
-3463
-5931
-5718
-2595
-989
-415
-768
-4335
-8236
-11011
-17082
-28460
-43508
-62032
-84054
-104351
-114550
-115514
-116614
-122800
-132506
-140084
-142484
-142185
-140172
-136533
-134510
-137428
-144437
-152769
-160022
-164770
-167546
-170945
-175103
-177839
-178850
-175551
-168862
-165223
-167241
-173052
-180441
-186637
-187468
-182587
-175219
-167883
-160847
-152516
-141265
-126273
-109964
-96546
-85556
-75233
-62754
-44830
-25992
-8510
8770
26859
43921
53023
57572
59993
59624
63410
73262
81213
81673
82510
83679
81925
83860
87620
91061
95618
94664
85178
78943
76896
75801
81934
86967
86387
86495
88771
92073
96974
105094
110169
110551
111119
113510
119168
126588
132687
136000
137360
138498
141053
145902
150884
154807
158067
159666
157402
149509
137927
126144
115569
105056
93668
80891
65718
50565
37694
26813
14996
1939
-9738
-22232
-34687
-45168
-52644
-56636
-62234
-69415
-75786
-81409
-83977
-86550
-91490
-98700
-105599
-119150
-166182
-205475
-182788
-148422
-136247
-133713
-141312
-151035
-151807
-145949
-143200
-135490
-128977
-138977
-146285
-137092
-123574
-110701
-97599
-95383
-99166
-96640
-94139
-90861
-81158
-73939
-75930
-79566
-77466
-69113
-59635
-60607
-76214
-90433
-91276
-84861
-75011
-68556
-76974
-97652
-119002
-133930
-137291
-127031
-113010
-104456
-102716
-105439
-103363
-91084
-72215
-53374
-39169
-29039
-21080
-11308
3834
20881
31872
37235
44130
50463
54392
61417
68104
66408
61793
59619
58438
66310
84291
99734
108646
115407
122310
129618
134845
132854
124100
113924
105473
102070
105771
108543
104565
100825
100253
97926
92084
86586
81728
74323
66689
60620
53188
43574
35231
29280
25779
25746
26726
26610
25435
22433
18234
15087
11316
5439
-711
-6959
-12235
-14198
-12630
-9861
-8818
-12305
-21129
-30437
-34758
-33816
-47335
-86421
-101293
-67456
-34711
-27024
-30299
-36859
-42325
-36033
-19235
-9586
-8580
-15011
-37948
-60070
-57866
-47622
-45861
-47140
-55775
-72059
-79983
-76573
-70506
-59423
-47962
-49453
-62222
-78569
-92075
-95998
-94540
-97895
-102149
-94966
-80076
-73086
-81037
-97107
-103076
-89683
-68597
-52768
-48209
-57869
-74126
-83500
-82778
-74448
-63991
-63718
-76185
-93030
-107227
-110059
-99059
-83137
-70185
-58621
-46924
-39819
-33490
-22212
-7426
8275
20469
28308
33608
39283
47626
56844
64952
71481
79087
87289
93619
98628
99493
96238
93282
92433
91830
90049
89389
86172
79028
74300
74191
77974
82825
84641
81693
76075
68122
58535
50977
45208
40230
37521
35868
30612
24603
23725
28496
37340
43336
39293
29470
23896
24715
29367
35968
39164
35875
32083
30582
29431
29392
29250
25030
17113
13077
12040
9312
6289
758
-7520
-16153
-25605
-37209
-50327
-64212
-78579
-92283
-105160
-115980
-122331
-124135
-123716
-121329
-117174
-112352
-108331
-108062
-111521
-116109
-118008
-116929
-116354
-113662
-105108
-92876
-84252
-86067
-96256
-107741
-111755
-104848
-91128
-76080
-65555
-60549
-58581
-53820
-42356
-27799
-16634
-12707
-12436
-12184
-8208
1488
11754
19180
21739
19325
14664
8354
2508
1176
5238
8417
8734
7466
3189
3835
11695
21003
27818
30678
32146
33516
38051
44096
48263
50216
46281
34721
21539
13540
10009
10206
10782
8096
6238
7108
7217
7317
9783
12162
14124
15897
15177
12833
11961
10092
6230
3313
-1443
-9095
-15814
-20953
-25899
-28093
-27825
-28856
-30400
-33763
-39964
-44795
-48558
-53764
-59746
-66329
-72513
-75012
-73681
-72625
-70875
-68932
-68821
-65640
-58481
-51271
-44187
-34970
-26312
-18009
-8191
179
6765
11381
13396
13556
13817
12625
9558
7190
4026
-50
-3769
-7081
-9543
-9988
-10245
-13320
-17559
-20810
-23093
-22105
-18968
-18737
-21813
-28140
-36461
-44507
-51303
-56885
-62794
-68282
-73136
-77209
-79630
-82887
-88425
-93354
-93487
-88123
-80129
-70124
-59137
-48671
-36648
-23403
-12813
-6316
-1799
3749
10948
19051
26456
29487
29379
29547
31053
35580
42752
48928
50879
50819
50562
50119
50536
52582
54972
54027
52061
50618
47431
44366
43155
44516
47304
46014
36375
19201
6308
13720
36167
51676
46608
29166
19607
24667
36513
47363
48157
33586
14888
3212
2787
13606
25524
28706
22520
11623
206
-3985
180
5043
7129
4866
-1756
-8689
-12031
-13069
-12142
-11218
-14864
-22508
-30894
-39609
-46777
-47720
-47582
-53033
-61649
-68947
-74186
-76976
-76122
-74234
-72687
-71108
-72715
-76664
-75332
-69995
-64621
-59844
-59474
-61571
-61761
-60691
-61431
-63141
-61933
-59677
-58402
-55896
-53381
-50767
-47415
-48953
-56762
-63619
-64645
-62233
-56064
-49321
-48991
-53660
-62459
-73920
-82531
-86547
-91619
-99713
-108819
-123334
-138944
-146758
-147358
-142939
-137763
-135868
-135028
-132229
-127625
-120275
-109172
-98363
-89555
-82200
-74427
-59935
-39334
-18490
792
18859
31141
37584
48366
64476
77757
86588
93684
95451
93950
96730
100180
101161
100723
96202
89498
86921
86222
86021
90680
94059
89725
82627
76465
73684
79408
88585
92271
92486
89817
82964
79060
80122
80193
79220
77488
71359
64581
61114
58281
56642
55102
49015
39874
33664
31226
31900
37606
42790
44830
47917
50672
53067
59073
67211
72039
75058
78016
78879
80872
85065
86915
86878
87472
86055
84492
86062
86583
86360
89069
90942
89805
88940
86407
79302
69964
59333
46423
33506
19819
1025
-19063
-37254
-54601
-71577
-89949
-110948
-133845
-152844
-168816
-177541
-194241
-238769
-250123
-209596
-179432
-170772
-172752
-185631
-205505
-205495
-178017
-158281
-153019
-160323
-180971
-190742
-176404
-158994
-147622
-136769
-140793
-152141
-152254
-150225
-144851
-127488
-116888
-124151
-135093
-144414
-147089
-134638
-120389
-118234
-120645
-124742
-131491
-131423
-122706
-113728
-105914
-99256
-98796
-97382
-87138
-73584
-59106
-45812
-39321
-36178
-28746
-18819
-11457
-3366
5525
11594
19288
29496
39266
49422
61453
73695
83516
91866
97888
101899
108502
118379
126443
130584
132579
132632
132366
133793
136683
140023
144882
150470
153236
153906
153284
152667
154115
156523
159147
161655
162695
160802
158670
158855
159435
160308
160776
159098
155711
151639
147154
140882
133200
124268
114115
104915
96383
87639
78324
68474
59200
52346
48493
45678
42120
37757
34356
31528
32268
34926
32233
36445
51697
57522
53183
50165
38641
18846
8803
2099
-10549
-20764
-34748
-59089
-82224
-103684
-131779
-156697
-180385
-222857
-257456
-253943
-246181
-255053
-263642
-271142
-283069
-290300
-287122
-283513
-277211
-264965
-259342
-253740
-244417
-241711
-241208
-235302
-225039
-209284
-185632
-165464
-151686
-140205
-135425
-133462
-127613
-120488
-114584
-103804
-92099
-82699
-69764
-53848
-36994
-20363
-5653
677
320
-1409
-5251
-8069
-6063
706
5126
1674
-12482
-29704
-33425
-26739
-21563
-22711
-33462
-48678
-54072
-46236
-33458
-21310
-17196
-23416
-29142
-27844
-23592
-16207
-4978
3339
8260
16006
28268
43864
65007
90618
114309
135519
154251
168069
179851
193307
206329
215895
224450
230567
230905
231237
234232
237337
238354
234251
225488
216149
209417
204004
197223
187804
178011
167859
154869
142479
134893
129395
117046
99294
82299
64838
50225
40860
32522
19974
2373
-16194
-35822
-54024
-65720
-73624
-79842
-87247
-93858
-99538
-111467
-115508
-97663
-74148
-64613
-64364
-66041
-70347
-66344
-52500
-44193
-47306
-55828
-68592
-82589
-87632
-88626
-95146
-104931
-117420
-133646
-146611
-152105
-154934
-155693
-155935
-163121
-175841
-188297
-199150
-203780
-201768
-202752
-208715
-212995
-216444
-220074
-220257
-219906
-219173
-213841
-204784
-195259
-185776
-176720
-170559
-163506
-154619
-148617
-146376
-145660
-141445
-131961
-119330
-106146
-93408
-78719
-62306
-46707
-31874
-17614
-1561
18316
38432
55553
69586
82335
95380
110186
126381
138236
142678
142723
141161
140882
142237
141005
135939
129718
124602
119961
115555
111111
103853
96506
91774
87497
85672
87055
86799
83183
79104
75451
72049
70914
73090
79330
91419
106497
116790
120451
119580
114974
111645
112726
116378
120240
123156
124982
125273
126365
128472
129148
127812
123084
114156
101913
89367
78412
67780
56820
46573
38112
31225
24737
15590
2924
-12098
-28658
-44837
-59578
-71204
-79491
-86355
-93225
-100012
-105275
-110786
-114862
-116735
-130762
-156752
-168745
-160921
-150448
-143521
-138486
-137719
-140371
-144580
-151162
-152357
-143515
-138733
-145073
-148627
-140952
-126986
-110862
-98563
-96192
-101123
-108168
-114692
-117540
-116508
-117078
-120451
-125191
-130497
-133645
-132145
-126945
-119754
-108094
-97813
-91301
-85368
-83265
-84113
-86127
-89447
-89302
-80257
-83303
-95624
-87138
-73479
-67295
-63410
-70946
-90785
-101562
-95905
-85202
-68343
-50792
-40350
-31563
-19033
-7025
7717
28132
46988
61953
69313
72051
75535
82904
92276
102150
115776
126717
133484
140211
151035
168483
190692
213568
230973
242050
248036
251795
253335
250452
247798
245654
246265
247829
241182
236891
235742
229515
218474
201322
188898
181459
173881
161007
138505
115529
98395
87487
74710
61893
47396
23413
-2096
-23242
-39820
-55110
-68505
-79733
-89087
-93605
-96223
-96167
-90403
-84132
-82162
-84405
-92051
-104569
-118095
-127672
-135857
-149619
-176361
-220479
-240779
-203407
-157292
-138885
-122889
-95030
-67945
-47210
-27929
-13426
-5169
1709
-325
-7073
-3232
-246
-9896
-29548
-57301
-89484
-111811
-119948
-132184
-145922
-158337
-177393
-196011
-202443
-191232
-173630
-162637
-169914
-192100
-217136
-238020
-246631
-247234
-245032
-243086
-237809
-228219
-219075
-210513
-205080
-201929
-198628
-190754
-175271
-158795
-143255
-123249
-104312
-83063
-55229
-30762
-16764
-13563
-11356
-5331
4964
13866
22034
27736
28010
30173
25220
24488
38383
55437
66409
69913
72699
73936
85383
105671
123264
137146
142288
141691
141396
146238
153153
156654
156842
156026
153275
149989
149560
149662
150678
148752
146664
150540
161040
177078
192301
204417
211063
212178
207338
202278
202552
197755
186861
174155
161685
148886
133826
120884
107621
93999
83988
74397
62475
51771
43122
32280
20376
8198
-4338
-15207
-23408
-31656
-43220
-57546
-74436
-90676
-104739
-117713
-128837
-137081
-140389
-138414
-131727
-133544
-155866
-170314
-152451
-133629
-138192
-147284
-150036
-148663
-139189
-126969
-119955
-115132
-115873
-125418
-127689
-113245
-95858
-81667
-65105
-54788
-59004
-67087
-71577
-70757
-60524
-50836
-48740
-45904
-41759
-40099
-36767
-30780
-29524
-28361
-16730
-163
12682
14998
-66
-22429
-33137
-31268
-23555
-13052
-9711
-16183
-23111
-30803
-42461
-48376
-46420
-47216
-49127
-48039
-48948
-49844
-45815
-40061
-33212
-25335
-23347
-25528
-27281
-30228
-29500
-19018
-3382
13194
34072
54643
66861
67506
60596
58549
64460
70816
71023
62745
46381
29252
21700
25566
34392
44472
54518
54793
44482
31116
22288
26546
37444
41798
37072
29727
23414
22793
29277
31140
23270
9403
-6438
-16464
-16662
-12536
-10183
-12462
-21873
-32039
-34021
-31913
-30189
-27040
-23573
-22044
-18703
-12748
-9686
-6807
-1546
1394
-1016
-5575
-10486
-16641
-19783
-22145
-26403
-27261
-21673
-10399
2224
13176
20153
20322
14018
4031
-6887
-17473
-26013
-32594
-35413
-34601
-34951
-37734
-45224
-57649
-72678
-86342
-95129
-96279
-89983
-91195
-107480
-129637
-141862
-136162
-122645
-108304
-96843
-91604
-90702
-85873
-69464
-47674
-29069
-18371
-16268
-18119
-17574
-10508
2285
15628
22862
22558
16131
6683
230
3964
16933
29433
33665
25641
13574
8245
11461
23286
40072
53628
57890
54889
48201
39208
33747
34526
35589
32690
23786
8103
-7164
-15462
-18859
-18713
-13635
-10651
-14312
-17487
-16637
-13377
-10327
-7475
-7333
-12068
-16924
-18694
-11910
1785
12813
16906
16328
14907
14589
18545
21971
19637
15423
9547
833
-4151
-3303
-2655
-2609
-4106
-10296
-17538
-19174
-16349
-17108
-21990
-32239
-49382
-60853
-67398
-73650
-70302
-64470
-61462
-58043
-54372
-51244
-52472
-54088
-57142
-63643
-70748
-79474
-84180
-80837
-70156
-52704
-31644
-13902
-7252
-6137
-1664
4900
12396
20353
25134
23464
19390
18652
20298
22995
24854
21975
16610
13519
14079
18445
23716
25125
22295
19494
17012
15756
18945
24775
29300
30553
27952
20901
13599
9048
5582
-635
-11467
-23481
-33326
-38510
-40031
-38319
-34756
-33512
-34640
-35655
-34891
-33179
-31881
-32048
-31967
-30661
-30260
-29235
-25893
-21075
-15083
-7858
-57
6897
12368
15554
16100
16177
15806
14580
14794
15601
15857
15178
12365
8933
5862
4443
3231
-764
-5934
-12544
-18879
-23876
-28985
-33681
-39937
-49448
-61541
-71308
-76314
-77042
-73785
-71329
-73505
-79055
-84677
-88610
-86165
-78930
-73859
-72120
-74558
-78621
-80622
-79229
-76903
-76286
-78025
-84078
-90908
-94871
-95813
-93227
-88961
-85272
-83127
-80584
-74380
-65538
-53625
-37844
-24864
-15290
-4242
4706
14997
31297
46495
59131
68557
71669
70018
66703
66183
66687
66224
66770
64095
60944
62478
64040
63143
59002
51447
41122
33523
31749
31902
33960
34583
31212
24686
17044
11675
12782
20363
26050
26496
20240
8852
-2920
-12811
-19823
-25127
-29551
-36726
-45255
-49129
-48200
-44220
-38594
-34175
-31625
-28282
-24164
-19786
-12418
-3873
1870
6197
8711
8009
6579
6710
7167
7363
8214
6875
4378
4474
5413
5063
3571
2574
1726
-742
-3833
-4525
-1322
-10332
-42703
-75418
-92106
-97724
-99702
-102573
-109905
-124545
-136129
-138818
-134736
-121245
-104183
-94947
-93682
-92425
-88145
-77401
-60640
-47668
-41361
-37143
-34633
-32863
-26628
-16271
-6244
215
1510
-771
-1575
2776
9959
17922
26851
36053
46061
58339
69172
78914
87195
88626
90895
93146
93157
98759
105233
107955
107437
103614
96386
88079
79177
67998
57622
52253
48255
41454
36099
30050
20872
12381
8559
6374
1436
-2749
-6112
-7227
-5589
-5046
-6667
-8426
-11090
-16786
-21632
-26380
-33991
-39735
-40202
-39361
-38498
-38882
-43574
-48850
-51386
-51295
-50364
-50019
-53133
-58240
-60245
-60745
-60916
-60472
-58355
-54492
-48059
-39105
-30219
-21088
-13824
-8773
-4299
-349
1641
1518
1308
294
-540
43
1579
2669
1217
-4032
-11457
-17481
-21006
-23080
-26131
-31789
-40933
-52008
-61890
-68507
-71805
-74081
-77620
-85097
-94959
-102756
-104847
-100498
-91384
-78933
-67640
-59403
-52260
-45795
-40385
-34826
-28971
-25294
-22645
-19346
-15613
-11882
-8780
-4769
-215
5297
11659
15759
17375
16782
16391
18293
22560
28776
35285
42558
49285
55006
60755
65135
68785
72669
75842
77295
75757
70286
63079
56868
51402
45209
37294
28237
18113
8180
-459
-8318
-16538
-26842
-34766
-38409
-40446
-42181
-43388
-41621
-39060
-37046
-35019
-32280
-29348
-27544
-24685
-18396
-6762
7255
19453
27577
32162
35834
38332
39083
38979
37038
30606
23846
20523
18630
15603
10169
-1104
-17763
-30375
-38251
-42226
-42673
-44785
-50414
-57413
-61015
-62739
-62427
-60607
-61814
-66748
-76168
-88500
-101200
-110864
-117289
-123037
-129560
-138519
-147724
-153768
-154975
-150930
-141366
-128932
-117126
-106288
-96906
-88638
-80304
-72605
-66842
-62182
-57749
-52875
-47146
-41352
-36281
-33716
-33177
-32208
-29546
-25067
-20491
-14739
-5920
4771
16687
28495
38829
46967
53318
57931
59889
60693
60173
58431
57855
60210
65126
71177
77310
79649
76608
71690
69035
67815
65531
62130
56016
49285
44107
38004
30658
23973
16914
8514
291
-7839
-15668
-21704
-26670
-33156
-40717
-49667
-59423
-66723
-71441
-74621
-77405
-79698
-82052
-83346
-82221
-80348
-78556
-77767
-77449
-75254
-69749
-61205
-49525
-35261
-20847
-7307
6316
19742
31533
42054
51754
59906
65737
69548
72364
74560
77019
80820
85385
90396
95343
100864
108746
117950
124381
122460
116385
112553
108878
104565
99095
90002
76130
63477
56419
50607
41984
32363
22571
6131
-11898
-22741
-25934
-22570
-19974
-24059
-34860
-46327
-54672
-60884
-66292
-76058
-89901
-104895
-119847
-131244
-136371
-141443
-158315
-166064
-142430
-119743
-114940
-114302
-117122
-114146
-97619
-78827
-66330
-51154
-39764
-45613
-48958
-34956
-17899
-8758
-7540
-21846
-43717
-52801
-53264
-55131
-57675
-62790
-72264
-75432
-71382
-67601
-59096
-50242
-46739
-39056
-25696
-14649
-4977
4038
6082
3508
3365
2257
-1187
1958
14279
30278
40077
33548
16568
6295
6803
13645
27841
40662
42158
39114
36737
32318
30933
35741
36876
32371
27628
20904
13402
11290
14287
18857
23905
25166
22154
21386
22563
22859
26049
32818
36471
34744
31611
28377
26240
26734
28370
28688
26472
21581
13642
6068
2034
691
-570
-6153
-15736
-28468
-46057
-59696
-58657
-50720
-45829
-38806
-27142
-16659
-11271
-13449
-20010
-20521
-14916
-14169
-20623
-28849
-37177
-44435
-49198
-55315
-63332
-70628
-78857
-87150
-91327
-92153
-93211
-93169
-93451
-97184
-99111
-95301
-87278
-76668
-65248
-56675
-52022
-47805
-43229
-37738
-32219
-30306
-31535
-33538
-33650
-30403
-24820
-19372
-17495
-18634
-18857
-16207
-11327
-6757
-3157
-113
1717
3211
4601
6293
6874
4598
1139
-3334
-7434
-9188
-8350
-7710
-10617
-15362
-20886
-25165
-26557
-26235
-25073
-24611
-24502
-24616
-22968
-18241
-12606
-7909
-6018
-4356
-901
3421
8846
16277
24748
31447
36624
40840
44133
47330
51364
54496
55334
55153
53329
51181
50314
48635
44352
41272
41294
39242
34175
29192
25497
23784
23860
22599
18583
14174
10019
5624
3061
2003
-697
-3754
-6239
-9358
-12910
-16058
-18897
-21436
-22348
-22964
-23490
-21818
-18044
-13003
-7309
-2895
-552
1877
4437
5927
7340
9617
11282
10994
9396
6325
2172
-1758
-6000
-10641
-14964
-19262
-23339
-27215
-30724
-33979
-38083
-43048
-48644
-53880
-58402
-62293
-64841
-67584
-72088
-77415
-80713
-80117
-76075
-70072
-65456
-63945
-64735
-66490
-67178
-66706
-65982
-65829
-67004
-67707
-66416
-63467
-59988
-58165
-57556
-56031
-53303
-50320
-47417
-44231
-41875
-40076
-37502
-34831
-32736
-30964
-28780
-25910
-23018
-21524
-21445
-21236
-20654
-20015
-19002
-18048
-18766
-20445
-20440
-18905
-16627
-14212
-13367
-13816
-14546
-14537
-12810
-9345
-6039
-4177
-1130
2043
4700
8742
12855
16315
18541
19985
20374
20629
21238
20603
20585
21044
21280
22571
25855
30379
34761
38843
42437
47035
53183
59213
64744
69917
72955
74376
76805
79430
81223
82760
83677
82448
79060
74376
68886
65182
63999
61966
57633
51888
45009
38863
34555
29338
21585
11696
-864
-15532
-29679
-42722
-55760
-67065
-75875
-89216
-109135
-120502
-115565
-105804
-100649
-99323
-99301
-101606
-103795
-103141
-101310
-99591
-101825
-109837
-117593
-118358
-114569
-111701
-111136
-112638
-111804
-104695
-91413
-75585
-61940
-52457
-47524
-44758
-41125
-34305
-26321
-20994
-17128
-13136
-7776
-1931
3316
7350
9788
12514
14536
16348
18725
21866
24796
26123
28839
33581
39465
42825
43407
43056
40082
37381
36045
36717
39062
41233
44070
46020
45938
44120
40361
34357
27577
22830
19477
16324
16126
17475
16240
13010
9236
6020
2700
-1815
-8639
-16698
-22739
-26338
-29789
-35329
-41705
-47343
-49495
-48512
-46199
-41203
-35585
-31748
-29718
-27100
-23579
-19218
-12496
-5218
345
4060
7302
11204
16318
20848
23093
23504
23722
24843
26718
28668
29396
28564
26461
24979
23053
19226
14273
7916
-1128
-13475
-24772
-32681
-36964
-38913
-41198
-43728
-46588
-48052
-47052
-44961
-43996
-45467
-47924
-48839
-47043
-43860
-40181
-36929
-35272
-33611
-30929
-29192
-28746
-29658
-32111
-33639
-33292
-32465
-32159
-31914
-32398
-33683
-33825
-33797
-34261
-34277
-34631
-36682
-39641
-41778
-42927
-42635
-41737
-41657
-41980
-42285
-42590
-43370
-43727
-43743
-44253
-44456
-48675
-58438
-66002
-69578
-72834
-75554
-79389
-86226
-90584
-88029
-81133
-73161
-66953
-65416
-67031
-66052
-60548
-52424
-42014
-31833
-24593
-18116
-10696
-2046
8543
18608
24556
26700
27463
28385
29996
31975
32475
30441
27389
24261
22651
23942
26280
28395
30365
31473
31980
33858
37343
40248
42891
46611
49644
51765
53315
53480
52892
53244
55134
55081
52653
50176
47972
47233
46810
44557
40593
36819
33709
30679
28566
26613
23766
19989
16513
14103
12383
10799
8560
6828
5683
5297
6483
8186
9960
11280
11476
11050
12294
16016
19862
21991
21932
20100
18361
18203
17408
14659
11651
8292
3777
-1347
-6350
-11139
-15403
-19678
-25013
-30996
-37563
-45004
-52627
-60212
-67347
-73300
-78775
-84399
-90299
-96296
-102504
-107817
-110562
-112713
-115691
-118484
-120279
-120940
-120134
-117170
-112926
-108491
-104045
-99628
-94469
-87339
-78563
-69767
-62092
-55484
-49326
-43559
-38765
-35328
-33109
-32366
-33007
-33337
-32767
-31844
-30067
-27919
-25900
-23544
-20233
-16034
-12034
-7962
-3928
-13
5053
10824
16183
21192
25529
28584
30766
32458
33096
33214
34382
36303
38353
40478
42043
42772
43191
43692
44019
44264
44230
43464
42827
42598
41458
39602
37620
35281
33249
32469
32652
33189
34040
33817
32822
31477
29128
27134
25448
22885
19409
16167
12525
7895
3714
28
-3433
-6528
-9260
-12730
-16496
-18969
-21081
-23418
-25506
-27203
-28462
-28638
-27804
-27457
-27904
-28855
-30328
-31870
-33152
-34169
-35246
-36772
-38921
-41562
-44072
-45876
-47131
-48552
-50311
-51810
-53079
-54251
-55204
-56382
-57357
-57343
-56417
-55928
-56492
-57646
-59740
-62068
-64300
-65791
-64998
-62112
-58575
-55653
-53254
-51186
-48538
-44995
-42176
-40614
-39985
-39900
-39634
-38868
-37729
-35630
-32600
-30226
-28676
-27214
-26034
-24380
-20913
-16196
-11951
-9258
-8116
-7335
-6256
-5879
-6265
-5920
-4815
-4320
-4674
-5065
-5345
-5797
-5980
-5607
-4533
-2968
-1494
504
3333
6169
8865
12460
16884
20394
23019
25914
28619
30748
32922
34916
36352
37691
39106
40607
42193
43185
42827
41529
39275
35678
32479
31598
32254
32087
30654
28938
27267
26504
27263
27758
26262
23903
20825
16613
12852
9127
4072
-1523
-6928
-12671
-17653
-21207
-24747
-27369
-28528
-28841
-27802
-26226
-25932
-26602
-26929
-26970
-25857
-23698
-22386
-21973
-21856
-22339
-23126
-23101
-22479
-22099
-22185
-24046
-27559
-30242
-31996
-33089
-32810
-32039
-31877
-32113
-32932
-35094
-37694
-40939
-45413
-50392
-55488
-60423
-64636
-67539
-69989
-72532
-75001
-77554
-80514
-83438
-85008
-84598
-82510
-80071
-78089
-76798
-74901
-70238
-63736
-57631
-52414
-47565
-43291
-39757
-35864
-31170
-26829
-23186
-19899
-17018
-14197
-10390
-4951
731
5179
8416
10700
12343
14159
16833
20376
23960
26652
28644
30430
31758
31500
30018
29304
30302
32280
33317
32976
32235
32005
32367
33213
34457
35112
36056
38291
41872
46213
49850
52720
54652
55615
55715
55291
54181
51398
47711
43801
40068
36331
31794
25907
18539
10515
2380
-4938
-10776
-15490
-19534
-23071
-26348
-30270
-37044
-45338
-47403
-41140
-34304
-33122
-36237
-39889
-41474
-39929
-37449
-35402
-32909
-32216
-36092
-39693
-37432
-31718
-27269
-26516
-29095
-31827
-31641
-28867
-24537
-19260
-15196
-13706
-14068
-13634
-10665
-6936
-4334
-3094
-3767
-6529
-9454
-11388
-14164
-17300
-18247
-18343
-19286
-20456
-24356
-36021
-50462
-58185
-60192
-58772
-55192
-54564
-58896
-66460
-75558
-82728
-84250
-80965
-77269
-76029
-76742
-78524
-78543
-73404
-64996
-58170
-55091
-54384
-52772
-48323
-41714
-33522
-25298
-18280
-13076
-9565
-6236
-2611
2102
8022
14154
18418
18753
18313
22268
29271
35292
40509
44194
43716
42998
46984
51698
53710
55090
53903
47075
40852
38896
36577
34793
35468
34258
29594
26446
24797
22631
22477
22578
19817
16008
13117
10175
8955
9813
8951
6411
3296
-949
-5320
-7819
-9868
-12512
-13463
-13932
-15310
-14977
-12666
-10294
-7524
-4885
-3748
-1652
2389
4741
5070
4750
2353
-1445
-4063
-6437
-10597
-15532
-21005
-27250
-32298
-35974
-39306
-41572
-43173
-45579
-48161
-50337
-52787
-54765
-55687
-56675
-57151
-56344
-55751
-55111
-53368
-51489
-50111
-48689
-47552
-47046
-45993
-44788
-44469
-44443
-44724
-45059
-44523
-44264
-45731
-48279
-50990
-53627
-55966
-58015
-60814
-64085
-66191
-66915
-66157
-64147
-62414
-61418
-59886
-57317
-54117
-50431
-47068
-44075
-40665
-36916
-33098
-29876
-27340
-24740
-21365
-17404
-13455
-8982
-4534
-307
4935
11381
18305
24891
30243
33766
36036
37534
38924
40484
42076
43179
43173
42599
41425
40613
40108
39664
39873
39546
39623
40860
41729
41510
41099
40006
36621
32161
27696
24223
23360
23982
23762
21552
17869
14588
13338
13859
14462
14332
13340
11650
10637
10650
10604
9793
8024
6011
4282
2960
1869
664
-210
-1167
-2630
-4415
-6035
-6988
-7891
-8928
-10286
-12246
-14766
-17338
-19593
-21919
-24319
-26839
-29220
-31402
-33452
-35520
-37883
-39676
-40438
-40563
-40608
-41536
-43608
-46072
-48091
-49314
-50102
-51330
-54337
-58955
-63068
-65521
-66648
-66969
-67999
-70727
-73277
-74714
-75719
-76150
-75723
-75458
-75258
-73727
-72275
-71714
-71455
-71334
-70684
-69606
-68632
-67572
-65897
-64028
-62155
-59362
-55925
-53320
-51791
-50041
-46396
-41338
-36623
-31752
-26670
-21921
-16588
-10626
-4230
2531
8454
13827
19976
26162
31086
34812
37541
39427
41175
43062
45198
47715
50473
51748
51215
51295
52286
52606
51373
51056
52246
53216
53675
52590
50482
47254
43337
39279
35176
31914
28650
24328
17863
11477
8925
10981
14856
17818
19389
19570
19995
20728
21892
24108
26397
26233
23548
22289
22925
24872
26398
24984
20903
16065
12364
9676
8420
6975
3587
-1047
-6577
-11805
-16006
-19710
-24285
-29737
-35465
-41883
-48334
-54034
-59214
-64471
-69512
-74202
-78644
-81958
-84251
-86322
-87901
-89068
-90816
-92781
-93993
-94665
-94987
-94741
-94048
-92860
-90347
-86731
-83025
-79290
-75809
-72508
-68322
-62544
-55603
-48874
-43087
-38531
-34783
-30151
-24426
-18542
-13224
-8862
-5093
-1235
3723
9131
13796
17500
19735
21265
23105
25258
27432
29650
32328
34597
36548
38852
40500
41344
41820
41795
40999
40347
39981
39328
39677
40596
40802
40725
40618
39487
38117
37422
35826
33871
32336
30313
28040
26980
26434
25490
25108
24167
22071
20474
19842
18909
17788
16444
13501
9908
6628
3074
-553
-4220
-8609
-13422
-18004
-22309
-26506
-30063
-33229
-36256
-38257
-39682
-40486
-40630
-40900
-41561
-42290
-42992
-43955
-44349
-44574
-45242
-45858
-46554
-47283
-47794
-47643
-47057
-46349
-45233
-44067
-42672
-40893
-38878
-36808
-34887
-32804
-31360
-30464
-29684
-29331
-29464
-30060
-30716
-32216
-34537
-37135
-39848
-42820
-46181
-48874
-51438
-54668
-58135
-61116
-63586
-65976
-68170
-70474
-72889
-74738
-75461
-75232
-74479
-73700
-73059
-71531
-68741
-65556
-61949
-57187
-51507
-45895
-40879
-36236
-31769
-27044
-22028
-17047
-12249
-8174
-4806
-1803
1291
4481
7557
10654
13373
15560
17922
20704
23394
26083
28853
31523
33765
35092
35393
34984
34106
32961
32055
31125
29680
27521
24905
22491
21274
21397
21134
20032
18700
17020
16173
17447
19198
20119
20691
20684
20608
21822
23580
24565
25060
24549
23067
22129
21869
21584
21086
20319
18418
15820
14248
12915
11123
9026
6120
3870
2728
993
-1851
-4584
-6311
-8111
-10149
-12650
-16414
-20483
-23859
-26125
-27387
-28497
-30317
-32524
-34336
-35380
-35550
-35080
-34709
-35073
-34911
-33699
-32496
-31516
-30361
-29296
-29178
-29551
-30028
-30867
-31670
-32616
-34029
-35571
-36692
-36814
-36049
-35070
-34982
-36101
-37991
-40772
-43189
-44693
-46680
-49567
-52522
-54770
-56208
-56389
-55895
-55901
-56202
-56343
-55894
-54829
-53172
-51102
-48886
-46429
-44417
-42651
-40792
-39043
-36660
-33574
-30345
-27057
-22992
-17927
-12471
-7094
-2436
1434
5222
8867
11789
14577
17406
20089
22226
23028
22646
21576
20598
19802
19253
19123
19076
18790
18308
18051
18096
18708
19095
18929
18793
18231
16902
15162
13340
11516
10452
9861
8604
6754
5151
3875
2544
1167
-262
-1066
-1512
-2050
-2536
-2677
-2492
-2423
-1566
-976
-1516
-1877
-1796
-1710
-1948
-2372
-3613
-5409
-7091
-8920
-10412
-11407
-12672
-14504
-16320
-18383
-20691
-22793
-24983
-27509
-30000
-32247
-34252
-35171
-35530
-36200
-36991
-37276
-36951
-36723
-35865
-34831
-34326
-33176
-31224
-29685
-28941
-27978
-26894
-26162
-25197
-23689
-22441
-21533
-20348
-19208
-18140
-17387
-17335
-17460
-17134
-16701
-16394
-15820
-15174
-14588
-13889
-13412
-13588
-13709
-13515
-13343
-13151
-13039
-12691
-11930
-10841
-9775
-8821
-7923
-7178
-6664
-6310
-5689
-4787
-3447
-1865
-558
415
1175
1826
2829
4301
5799
7436
9001
10422
11935
13625
15263
16958
18946
20588
21872
23014
23919
24471
24540
23875
22344
20089
17180
13896
10487
6936
3024
-1315
-6010
-10933
-15902
-20641
-24947
-28444
-31065
-33169
-34848
-36460
-37881
-38677
-38917
-39174
-39033
-38016
-37245
-36974
-36570
-35758
-34911
-33880
-32537
-31710
-31010
-30263
-30010
-29376
-28192
-27471
-26922
-26055
-25286
-24414
-22907
-21611
-20642
-19642
-19654
-20454
-21117
-21635
-22135
-22512
-22948
-23608
-24194
-24646
-24686
-24131
-23056
-21258
-19126
-17501
-16244
-15419
-15723
-16362
-16761
-18151
-20219
-21517
-22968
-25755
-29091
-31975
-34249
-35627
-36455
-37455
-38351
-39016
-39255
-38986
-38200
-37282
-36647
-35869
-34733
-33024
-31403
-29988
-27734
-24994
-22967
-21435
-19596
-17746
-15738
-13282
-10979
-9340
-7921
-6607
-5858
-5305
-4813
-4337
-3579
-3070
-3029
-2605
-1394
328
2451
5295
8502
11568
14671
17683
20701
23869
26845
28996
30369
31087
31376
31822
31860
31256
30034
27983
25148
22228
19672
16798
14061
11478
8144
4582
1635
-1118
-4317
-7236
-9973
-12759
-15180
-17918
-20749
-23325
-25756
-27996
-29490
-30237
-30987
-31237
-31127
-30421
-28836
-26519
-24087
-22355
-20991
-19969
-18377
-16496
-14945
-13368
-11891
-10506
-8991
-6837
-4772
-3082
-1593
-625
-39
778
2004
3130
4195
4786
4397
3284
1885
-178
-2920
-5742
-8861
-12178
-15656
-19201
-22441
-25141
-27686
-30543
-32913
-35297
-38337
-40752
-42354
-43644
-44462
-43997
-43035
-43027
-42693
-41618
-40309
-38847
-37316
-35752
-34480
-33491
-33005
-32390
-31213
-30258
-29857
-29080
-27373
-24921
-22181
-19993
-18189
-16464
-14523
-12317
-9703
-6853
-4439
-2332
-455
1422
3388
5222
6307
6556
6226
5559
5026
4485
3657
2566
1642
542
-533
-1422
-2530
-3498
-4206
-4551
-5064
-5295
-4936
-4610
-3948
-3318
-2493
-1247
-182
725
1473
1899
1424
1112
1605
1780
1800
1148
-391
-2483
-4703
-6816
-9466
-12105
-15011
-18299
-21675
-25266
-28537
-31367
-34017
-36850
-39392
-41331
-43131
-45022
-46438
-47068
-47544
-47722
-47552
-46791
-44965
-42613
-40181
-37960
-35571
-33053
-31080
-29316
-27816
-26681
-25811
-25045
-24562
-24597
-24277
-23961
-24075
-23911
-23425
-22884
-22532
-22235
-21562
-20474
-19247
-18511
-18236
-18143
-18633
-19118
-18975
-18761
-18968
-18945
-18529
-17989
-16736
-14833
-12862
-11191
-9540
-8196
-7086
-5586
-4126
-2734
-1616
-967
-521
167
1066
1524
1581
1055
-123
-1031
-1128
-774
-659
-1206
-1993
-1941
-713
433
960
1714
2911
4374
6057
7479
8080
8543
9192
9233
8951
8808
8337
7307
6022
4379
2649
1326
-55
-1779
-3577
-5239
-6941
-8421
-9509
-10892
-12591
-14058
-14970
-15304
-15218
-14895
-14695
-14884
-15229
-15627
-16005
-16280
-16697
-17274
-17868
-18435
-19080
-19370
-19356
-19755
-20482
-21365
-22354
-23058
-23313
-23505
-23577
-23546
-23683
-23514
-22811
-21888
-20873
-19975
-19267
-18435
-17572
-16889
-16086
-14955
-14108
-14058
-14546
-14892
-14782
-14605
-14574
-15034
-15896
-16823
-17725
-18064
-17605
-16842
-16202
-15758
-15519
-15117
-14292
-13291
-12416
-11392
-10307
-9602
-8854
-7726
-6516
-5736
-5187
-5006
-5413
-5755
-5886
-6150
-6823
-7895
-9207
-10398
-11427
-12464
-13586
-15006
-16778
-18607
-20090
-21085
-21564
-21956
-22635
-23542
-24513
-25587
-26748
-27902
-29281
-30720
-32066
-33438
-34790
-35864
-36557
-36931
-37098
-37089
-36690
-35868
-34390
-32328
-29976
-27387
-24820
-22133
-19412
-16817
-14239
-11909
-9752
-7929
-6596
-5797
-5187
-4480
-4136
-3973
-4080
-4752
-5872
-6817
-7472
-8509
-9861
-11600
-13529
-14831
-15299
-15601
-16058
-16498
-17033
-17302
-16462
-14912
-13599
-12285
-10662
-9072
-7548
-5518
-3538
-2054
-788
260
1277
2465
4301
6349
8460
10617
12659
14870
17165
19709
21990
24071
25789
26956
28280
29439
30420
31057
31148
30911
30706
30653
30104
29311
28186
26644
25243
23658
21929
19811
17355
15411
13590
11113
7797
4113
255
-3526
-7092
-10699
-14217
-17532
-20345
-24110
-28930
-31894
-31861
-30301
-28932
-28214
-28347
-28490
-28066
-27611
-27408
-27079
-27154
-28980
-31429
-33313
-34367
-34953
-35745
-37613
-40905
-44526
-47650
-49317
-49643
-49514
-49760
-50265
-50688
-51032
-50616
-49610
-48309
-47128
-46185
-45176
-43858
-42058
-40026
-37832
-35719
-33918
-32453
-31089
-29622
-28674
-28723
-29023
-29132
-30072
-31561
-31751
-31341
-31427
-30927
-30131
-30467
-30921
-30283
-29700
-28956
-27400
-26163
-25200
-23409
-21273
-19242
-16573
-14089
-12634
-11316
-9711
-8077
-6003
-3963
-2961
-2438
-1884
-1542
-1084
105
877
1024
1854
3267
5133
7657
10171
11837
13190
14381
15527
17056
18465
19312
19788
20188
19635
18707
18470
18328
17965
17479
16511
14797
13329
11963
10391
9120
7629
5939
4735
3753
2360
1122
301
-707
-1471
-1695
-2166
-2513
-2107
-2025
-2789
-3866
-5481
-7614
-9411
-11052
-12902
-14741
-17090
-19898
-22162
-23870
-25369
-26462
-27223
-28235
-29371
-29803
-29877
-30024
-30543
-31888
-33439
-34417
-34955
-35778
-36745
-37773
-39064
-40131
-40635
-40763
-40788
-40407
-39848
-39154
-37765
-36310
-35270
-34042
-32336
-30414
-28336
-26280
-24828
-23621
-22323
-21282
-19817
-17841
-16096
-14737
-13526
-12823
-13015
-13210
-13586
-14465
-15422
-16649
-18348
-20302
-21933
-23447
-24954
-26217
-27351
-28351
-28971
-28907
-28330
-27420
-26188
-24848
-23359
-21533
-19382
-16955
-14422
-11662
-9017
-6698
-4604
-2970
-1235
618
2377
3951
5245
6225
6615
6934
7180
7128
7038
6809
6214
5514
5226
5174
5248
6013
6937
7320
7866
8886
9864
10321
10598
10427
9713
9043
8032
6823
5213
2800
-191
-3423
-6819
-10382
-13615
-16723
-19868
-22739
-25721
-28563
-30320
-31654
-33131
-33967
-34173
-34617
-34974
-34415
-33249
-31976
-30941
-30169
-29257
-27700
-26241
-25445
-24953
-24823
-24663
-24418
-24233
-24106
-23835
-23534
-23233
-22472
-21624
-20923
-20356
-20153
-20138
-19963
-19682
-19232
-18590
-17939
-17285
-16571
-16311
-16737
-17291
-17929
-18439
-18480
-18233
-18269
-18288
-17913
-17432
-16708
-16021
-15441
-14824
-14242
-13895
-13569
-13025
-12268
-11114
-10157
-9533
-8893
-8581
-8839
-8822
-8229
-8119
-8342
-8126
-8081
-8510
-8769
-9058
-9632
-10160
-10613
-11105
-11245
-10823
-10164
-9216
-8158
-7104
-5562
-3466
-1423
293
1854
3184
4243
5188
5787
5852
5503
4603
3411
2156
724
-843
-2316
-3846
-5598
-7116
-8470
-9695
-10675
-11491
-12044
-12049
-11524
-10734
-9611
-8402
-7390
-6407
-5210
-3970
-2676
-1376
-342
523
1290
2068
2790
3192
3115
3008
3016
2825
2490
2108
1628
999
417
-302
-1312
-2690
-4409
-6135
-7875
-9807
-11984
-14337
-17012
-19874
-22605
-25085
-27258
-29123
-30908
-32747
-34231
-35177
-35726
-36025
-36048
-35965
-35848
-35737
-36018
-36531
-36937
-37348
-37854
-38194
-38518
-39059
-39660
-40383
-41001
-41045
-40860
-40718
-40546
-40120
-38940
-37196
-35217
-33191
-30928
-28499
-26297
-24144
-22054
-20128
-18368
-16835
-15719
-14917
-14364
-13987
-13685
-13602
-13946
-14742
-15347
-15639
-15659
-15306
-14706
-13936
-12782
-11124
-9302
-7292
-5095
-2771
-432
2169
5091
7774
10174
12118
13354
14251
15169
15909
16414
16955
17539
17621
17146
16664
16490
16696
16447
15512
14568
13879
13655
14101
14724
14843
15038
15150
14913
15034
15320
15247
14909
14782
14380
13795
13412
12755
11883
10730
9119
7075
5098
3078
664
-1472
-3611
-5961
-7899
-9578
-11234
-12857
-14588
-16926
-19607
-22050
-24704
-27547
-30428
-33617
-37008
-39980
-42779
-45833
-48742
-51774
-54930
-57864
-60382
-62454
-64092
-64897
-65014
-64638
-64144
-63844
-63117
-62145
-60909
-59202
-57303
-55028
-52603
-49798
-47016
-44880
-43108
-41746
-40879
-40361
-39767
-39389
-39339
-39012
-38045
-36854
-35907
-34944
-33886
-32586
-31133
-29273
-26748
-24250
-21850
-19324
-16809
-14467
-12525
-11338
-10449
-8937
-7327
-5808
-4089
-2530
-1194
150
1972
4026
6001
7899
9551
11215
13155
14870
16233
17698
18963
20263
21551
22523
23437
24717
26128
26763
27611
28951
29984
30532
31063
32189
32896
32789
32257
31245
29966
29093
28917
28627
27652
26290
24752
23467
22770
22293
21864
21200
20385
19541
18297
16494
14587
12938
10792
8419
6299
3736
620
-2511
-5514
-8586
-11625
-14715
-17888
-20978
-23903
-26491
-28531
-30410
-32423
-34096
-35275
-36181
-36892
-37093
-37009
-37116
-37785
-39030
-40254
-41635
-43497
-45518
-47341
-49233
-51198
-52946
-54171
-54747
-55193
-55624
-55922
-55762
-55448
-55590
-55952
-56435
-57054
-56950
-55547
-53883
-52355
-50402
-48919
-47958
-45469
-42355
-40208
-37955
-35849
-34768
-33728
-32350
-31504
-30217
-28402
-27447
-26873
-26112
-25464
-24517
-23118
-22147
-21279
-20020
-18670
-16788
-13781
-10695
-8189
-5913
-4568
-3807
-2598
-1217
-69
1315
2513
3124
3818
4458
4819
5211
5560
5511
5395
5496
5704
5902
6163
5850
5211
4926
4437
3959
3217
2557
2083
1722
1669
1331
1076
746
849
1378
1946
2715
2752
3001
4189
5386
6238
6882
7670
8222
9084
10129
10095
9603
8926
8227
7312
5980
4474
2303
17
-2495
-5305
-7801
-10201
-12768
-15607
-18082
-19992
-21683
-22859
-23736
-24779
-26019
-27173
-27947
-28736
-29122
-28841
-28467
-27803
-27027
-26526
-26168
-25382
-24485
-23897
-23132
-22587
-22470
-22448
-22237
-21968
-21927
-22182
-22629
-22613
-22184
-21594
-20747
-19635
-18372
-17261
-16311
-15693
-15284
-14775
-14386
-13903
-13439
-13431
-13405
-13210
-13057
-12902
-12802
-12816
-12888
-12959
-13296
-13715
-13751
-13842
-13963
-13622
-13335
-13448
-13779
-14113
-14536
-14955
-15305
-15968
-16457
-16422
-16354
-16504
-16305
-15726
-15261
-14689
-13941
-13192
-12330
-11264
-10243
-9078
-7845
-6598
-5063
-3819
-3145
-2733
-2583
-2841
-2914
-2647
-2499
-2443
-2253
-2136
-2352
-2702
-3257
-3512
-3414
-3475
-3668
-3892
-4035
-4060
-3883
-4022
-4542
-4870
-5056
-5071
-4755
-4663
-5061
-5764
-6684
-7540
-8422
-9238
-9865
-10363
-11145
-12400
-13573
-14490
-15133
-15328
-15104
-15081
-15077
-14618
-14229
-13814
-12693
-11361
-10669
-10272
-9976
-9906
-9736
-9506
-9931
-10940
-12006
-13089
-13821
-14445
-15520
-16687
-17686
-18975
-20463
-21671
-22801
-24005
-25223
-26651
-28290
-29916
-31654
-33388
-34845
-36220
-37572
-38522
-38960
-38952
-38345
-37458
-36601
-35385
-33686
-31864
-29684
-27096
-24720
-22673
-20696
-18749
-16843
-14800
-12923
-11374
-9841
-8534
-7624
-6695
-5685
-4967
-4214
-3434
-3046
-2897
-2835
-3103
-3596
-3965
-4573
-5551
-6684
-7731
-8794
-9737
-10453
-11413
-12338
-13141
-13822
-14177
-14180
-14206
-14508
-14669
-14777
-14875
-14825
-14672
-14547
-14522
-14476
-14288
-13978
-13550
-12874
-12130
-11561
-10984
-10117
-9233
-8232
-6862
-5410
-3955
-2833
-2238
-1843
-1357
-999
-1100
-1464
-2249
-3367
-4504
-5795
-7166
-8678
-10374
-12003
-13174
-13964
-14480
-14645
-14620
-14502
-14187
-13260
-12080
-10869
-9708
-8851
-7944
-6832
-5697
-4881
-4090
-3469
-3037
-2359
-1611
-817
6
835
1259
1508
1800
1732
1486
1158
708
46
-733
-1582
-2755
-4246
-5856
-7685
-9555
-11392
-13485
-15624
-17695
-19718
-21836
-23899
-25854
-27831
-29775
-31873
-33909
-35662
-37215
-38718
-39871
-40462
-40604
-40390
-39791
-38869
-37928
-36736
-35406
-33915
-32359
-30811
-29096
-27379
-25532
-23864
-22408
-20959
-19500
-18281
-17320
-16288
-15341
-14773
-14366
-13862
-13501
-13106
-12542
-11881
-11436
-10920
-10120
-9619
-9624
-10021
-10540
-11358
-12340
-13370
-14163
-14496
-14616
-14638
-14422
-13893
-13540
-12982
-12064
-11022
-9676
-7975
-6229
-4649
-3122
-1912
-926
-115
449
939
1422
1785
2151
2750
3338
3854
4622
5571
6330
7188
8091
8801
9590
10354
10895
11278
11431
11315
11245
11058
10569
10039
9488
8776
8121
7605
6922
6282
5840
5096
3969
3108
2293
1015
-392
-1876
-3591
-5453
-7370
-9288
-11206
-13114
-15008
-17083
-19441
-21816
-23964
-26157
-28466
-30679
-32868
-34973
-37059
-39005
-40653
-42344
-44151
-45576
-46670
-47744
-48569
-49329
-50144
-50713
-50714
-50105
-49177
-48283
-47480
-46306
-44623
-42506
-39940
-37211
-34716
-32429
-30171
-28026
-26096
-24124
-22030
-20243
-18620
-16867
-15265
-14188
-13335
-12526
-11984
-11347
-10694
-10309
-9936
-9354
-8755
-8083
-7014
-6050
-5470
-4859
-4097
-3252
-2239
-1125
-280
268
705
967
1227
1477
1519
1247
639
4
-638
-1226
-1740
-2431
-3368
-4240
-4844
-5369
-5669
-5698
-5696
-5699
-5220
-4334
-3345
-1990
-560
685
1836
2973
3881
4662
5416
5739
5782
5820
5832
5753
5591
5333
4984
4590
4191
3652
2977
2265
1336
231
-1042
-2747
-4907
-7259
-9724
-12202
-14779
-17430
-19891
-22291
-24481
-26336
-28029
-29511
-30718
-31740
-32650
-33352
-33575
-33517
-33503
-33375
-33233
-33201
-33194
-33093
-33037
-33110
-33210
-33487
-33888
-33961
-33709
-33417
-32957
-32453
-31944
-31428
-30891
-30393
-29972
-29594
-29616
-29826
-30149
-30570
-30902
-31219
-31687
-32307
-32887
-33539
-33943
-33780
-33455
-33265
-32945
-32457
-31694
-30277
-28440
-26581
-24715
-22692
-20667
-18575
-16277
-13899
-11641
-9493
-7270
-5125
-3210
-1557
153
1938
3356
4388
5338
6062
6496
7136
7729
7985
8111
8236
8068
7623
7302
6668
5644
4632
3624
2462
1275
28
-1241
-2032
-2281
-2186
-2120
-2068
-1858
-1582
-936
96
1248
2652
4241
5699
6875
7735
8541
9286
9968
10298
9811
8803
7592
6497
5536
4393
3023
1286
-889
-3004
-4905
-6810
-8478
-9927
-11536
-13232
-14711
-15943
-16787
-17380
-18083
-18678
-19160
-20021
-21116
-21862
-22312
-23011
-24030
-25278
-26683
-27719
-28547
-29488
-30486
-31649
-33030
-34214
-34767
-35079
-35301
-35418
-35639
-35850
-35370
-34081
-32655
-31295
-29836
-28442
-27302
-25938
-24339
-22829
-21656
-20836
-20096
-19230
-18189
-17239
-16508
-16203
-16186
-16428
-16704
-16807
-17039
-17560
-18530
-19560
-20552
-21416
-22158
-23071
-24049
-24917
-25635
-26135
-26180
-26018
-25840
-25855
-25897
-25830
-25610
-24731
-23722
-23188
-23144
-23242
-23143
-22703
-21852
-21198
-20789
-20307
-19909
-19220
-17898
-16104
-14127
-12156
-10287
-8589
-6591
-4350
-2320
-523
1103
2372
3073
3510
3858
4583
5848
6662
6687
6768
7257
8010
8926
9460
9305
9176
9734
10220
10413
10449
9699
8418
7408
6504
5251
3963
2410
592
-1095
-2708
-4227
-5308
-6159
-7251
-7866
-8178
-8822
-9524
-10152
-10942
-11676
-12133
-12679
-13405
-14370
-15356
-16193
-16626
-16977
-17601
-18294
-19293
-20189
-20813
-21441
-21992
-22360
-22812
-23335
-23562
-23526
-23395
-23440
-23646
-23806
-23698
-23345
-22902
-22368
-21847
-21527
-21104
-20428
-19943
-19721
-19768
-20194
-20987
-21795
-22793
-24032
-25085
-26109
-27279
-28602
-29782
-30826
-31626
-32254
-32932
-33378
-33539
-33397
-32974
-32318
-31601
-30804
-29993
-29133
-28108
-27153
-26308
-25535
-24897
-24261
-23245
-22119
-21188
-20433
-19765
-18984
-17969
-16789
-15863
-15221
-14796
-14675
-14579
-14073
-13373
-12705
-11835
-10754
-9459
-7762
-5919
-4285
-2541
-873
506
1892
3338
4722
5990
7100
7870
8512
9067
9502
9948
10353
10509
10316
9914
9423
9005
8688
8391
7827
6830
5397
3694
1967
241
-1525
-3258
-4819
-6343
-7674
-8619
-9057
-9127
-9118
-9059
-8981
-8818
-8749
-8704
-8607
-8589
-8611
-8634
-8605
-8465
-8204
-7836
-7501
-7353
-7324
-7450
-7634
-7849
-8092
-8582
-9413
-10249
-11228
-12457
-13999
-15621
-17249
-19087
-20866
-22396
-23753
-24911
-25629
-26106
-26532
-26892
-27196
-27481
-27737
-27792
-27807
-28032
-28501
-29060
-29808
-30665
-31265
-31566
-31702
-31856
-31894
-31775
-31395
-30590
-29711
-28852
-27797
-26666
-25556
-24241
-22691
-21224
-19776
-18331
-17351
-16775
-16390
-16259
-16350
-16352
-16334
-16729
-17438
-18111
-18514
-18776
-18927
-18909
-18784
-18584
-18039
-16920
-15780
-14901
-14057
-13302
-12563
-11365
-9648
-7703
-5785
-3997
-2286
-538
1447
3629
5848
7893
9737
11482
13380
15406
16926
17767
17926
17643
17707
18107
18525
18594
17894
16771
15499
14572
14055
13553
12801
11247
9285
7486
5991
4695
3360
2039
439
-1517
-3262
-4605
-5557
-6229
-7163
-8763
-10414
-11117
-11299
-11485
-11897
-12862
-14086
-14954
-15548
-16139
-16422
-17077
-18224
-19456
-20637
-21759
-22559
-22783
-23641
-24807
-25836
-27034
-27982
-28540
-29031
-29947
-30765
-31569
-32621
-33311
-33696
-34160
-34405
-34530
-35142
-35659
-35450
-35054
-34633
-33661
-32624
-31414
-29632
-28023
-26619
-24835
-23110
-21899
-20247
-18678
-17851
-16912
-16119
-15762
-15204
-14546
-14681
-14989
-15070
-15658
-16130
-16218
-16812
-17521
-17650
-17886
-18151
-17857
-17590
-17443
-16817
-16240
-16075
-15589
-15085
-14955
-14509
-13880
-13680
-13509
-13322
-13509
-13563
-13264
-13114
-12921
-12371
-11925
-11276
-10079
-8879
-7709
-6335
-4986
-3706
-2011
-184
1498
3411
5148
6386
7539
8642
9548
10354
11162
11556
11398
11170
10658
10225
9759
8875
7967
6902
5892
4689
3639
2680
1408
506
-387
-1435
-2451
-3271
-4109
-4983
-5293
-5697
-6356
-7082
-8270
-9712
-10963
-11989
-13356
-15017
-16876
-18746
-20210
-21433
-22333
-23163
-24038
-25221
-26487
-27123
-27349
-27324
-27361
-27369
-27456
-27640
-27308
-26412
-25252
-24278
-23377
-22725
-22589
-22541
-22352
-21938
-21573
-21693
-22268
-22986
-23669
-24226
-24581
-24980
-25786
-26799
-27613
-28037
-28103
-27920
-27669
-27649
-27554
-27375
-27230
-26848
-26298
-25905
-25850
-26027
-26369
-26453
-26118
-25684
-25384
-25066
-24690
-24340
-23729
-22914
-21871
-20596
-19366
-18198
-16677
-15108
-13839
-12346
-10808
-9602
-8373
-6954
-5775
-4422
-2881
-1901
-1295
-688
-146
179
470
600
615
840
920
709
571
162
-874
-1922
-2931
-4384
-5814
-6794
-7771
-8642
-9269
-10000
-10705
-10998
-11133
-11387
-11290
-11015
-10700
-9981
-9138
-8589
-8051
-7319
-6845
-6367
-5776
-5483
-5171
-4716
-4517
-4518
-4502
-4760
-5242
-5561
-6062
-7091
-8190
-9329
-10568
-11440
-12206
-13297
-14345
-15209
-16177
-16828
-16930
-17187
-17758
-18206
-18719
-19143
-19054
-19017
-19466
-20038
-20412
-20525
-19924
-19024
-18750
-18842
-18897
-18799
-18258
-17212
-16349
-15876
-15524
-15485
-15678
-15697
-15760
-16157
-16549
-16962
-17539
-17873
-17857
-18060
-18334
-18481
-18678
-18591
-18144
-17613
-17186
-16728
-16423
-16296
-16196
-16202
-16276
-16421
-16501
-16647
-16667
-16500
-16478
-16461
-16414
-16499
-16487
-16272
-16171
-16128
-15936
-15505
-14990
-14426
-13901
-13607
-13291
-12907
-12559
-12215
-11908
-11859
-12065
-12314
-12506
-12545
-12336
-12196
-12301
-12514
-12899
-13247
-13476
-13602
-13932
-14423
-14739
-14940
-14909
-14858
-14932
-15158
-15411
-15636
-15899
-16065
-16074
-16070
-16226
-16408
-16599
-16685
-16590
-16437
-16424
-16463
-16564
-16841
-17053
-17176
-17155
-17031
-16795
-16576
-16355
-15882
-15176
-14383
-13610
-12726
-11818
-10969
-10181
-9572
-9218
-9029
-8952
-8904
-8856
-8901
-9066
-9438
-9897
-10339
-10625
-10729
-10794
-10978
-11252
-11392
-11293
-10944
-10571
-10227
-9903
-9610
-9236
-8574
-7681
-6758
-5740
-4568
-3376
-2312
-1267
-343
438
997
1150
999
690
107
-817
-1861
-3137
-4466
-5896
-7489
-8956
-10402
-11870
-13294
-14588
-15910
-17087
-17973
-18913
-19977
-20971
-21836
-22611
-23209
-23748
-24297
-24678
-24850
-24962
-24948
-24740
-24349
-23593
-22533
-21417
-20199
-18842
-17525
-16177
-14842
-13605
-12518
-11542
-10628
-9787
-8955
-8294
-7800
-7490
-7266
-7112
-7147
-7250
-7359
-7590
-8178
-9018
-9880
-10841
-12031
-13222
-14563
-16179
-17807
-19332
-20767
-22237
-23594
-24929
-26218
-27380
-28253
-28711
-29046
-29120
-28804
-28236
-27646
-26809
-25686
-24449
-23185
-22171
-21303
-20372
-19063
-17635
-16348
-15236
-14376
-13761
-13421
-13000
-12476
-11761
-10959
-10372
-10159
-10352
-10547
-10494
-10009
-9308
-8832
-8303
-7521
-6742
-5814
-4698
-3654
-2980
-2726
-2761
-2769
-2337
-1778
-1297
-998
-1109
-1489
-1633
-1718
-2075
-2437
-3000
-3817
-4540
-4982
-5515
-6066
-6450
-6995
-7482
-7781
-8167
-8669
-9065
-9425
-9781
-10130
-10668
-11361
-11802
-12006
-12254
-12484
-12844
-13420
-14012
-14444
-14889
-15290
-15536
-15817
-16112
-16389
-16608
-16771
-16916
-17159
-17449
-17840
-18352
-18621
-18680
-18775
-18903
-19193
-19693
-20031
-20075
-20160
-20562
-21028
-21400
-21704
-21886
-22082
-22368
-22681
-22849
-22966
-23193
-23399
-23409
-23284
-23194
-23288
-23453
-23428
-23300
-23092
-22831
-22509
-22243
-22014
-21708
-21412
-20928
-20137
-19277
-18629
-18044
-17496
-16996
-16547
-16239
-16096
-16163
-16336
-16609
-16715
-16526
-16049
-15493
-14958
-14289
-13521
-12505
-11317
-10112
-9004
-7991
-6998
-5854
-4610
-3453
-2453
-1836
-1550
-1461
-1490
-1671
-1889
-2176
-2737
-3431
-4076
-4782
-5518
-6109
-6797
-7453
-7856
-8296
-8972
-9460
-9734
-10125
-10385
-10515
-10572
-10540
-10382
-10146
-9883
-9565
-9373
-9415
-9567
-9809
-10083
-10215
-10547
-11126
-11715
-12309
-12860
-13254
-13597
-14063
-14550
-15099
-15550
-15822
-15999
-16172
-16452
-16839
-17312
-17693
-17814
-17772
-17776
-17604
-17303
-17028
-16593
-16008
-15414
-14867
-14453
-14292
-14199
-14068
-13912
-13810
-13758
-13891
-14159
-14276
-14391
-14428
-14293
-14099
-13975
-13810
-13499
-13003
-12248
-11460
-10890
-10460
-10049
-9751
-9306
-8785
-8414
-8316
-8428
-8602
-8930
-9162
-9528
-10107
-10668
-11249
-11917
-12616
-13322
-14110
-14796
-15335
-15697
-15902
-16026
-16180
-16341
-16360
-16251
-16014
-15669
-15234
-14585
-13567
-12423
-11260
-10045
-8804
-7644
-6505
-5269
-4171
-3096
-2041
-1162
-423
182
593
832
989
1010
861
634
543
539
538
446
174
-218
-681
-1207
-1921
-2852
-3980
-5253
-6686
-8127
-9524
-11026
-12562
-14045
-15474
-16830
-17953
-19000
-19941
-20664
-21326
-21926
-22380
-22634
-22859
-22980
-22873
-22638
-22219
-21561
-20851
-20151
-19294
-18337
-17527
-16865
-16376
-16181
-15960
-15701
-15627
-15726
-15963
-16403
-16894
-17238
-17632
-18080
-18537
-18967
-19288
-19284
-18891
-18313
-17628
-16822
-15950
-15129
-14225
-13263
-12320
-11554
-10909
-10314
-9825
-9276
-8670
-8183
-8130
-8198
-8314
-8635
-9001
-9521
-10133
-10706
-11167
-11659
-12067
-12390
-12854
-13308
-13642
-13941
-14200
-14379
-14587
-14683
-14557
-14345
-14130
-13825
-13484
-13133
-12744
-12397
-12020
-11533
-10870
-10141
-9350
-8751
-8407
-7959
-7562
-7302
-6988
-6635
-6409
-6084
-5665
-5284
-4793
-4223
-3921
-4055
-4291
-4620
-5028
-5464
-6119
-7065
-8176
-9330
-10525
-11771
-13113
-14601
-16195
-17814
-19445
-20819
-21903
-22743
-23432
-24145
-24819
-25329
-25467
-25358
-25007
-24562
-24276
-23965
-23502
-23066
-22803
-22582
-22452
-22502
-22656
-22864
-23219
-23662
-24140
-24635
-25159
-25675
-26159
-26681
-27026
-27323
-27546
-27470
-27140
-26620
-25793
-24797
-23846
-22732
-21609
-20450
-19191
-17916
-16731
-15631
-14581
-13720
-12772
-11756
-10861
-10036
-9303
-8764
-8239
-7585
-6971
-6378
-5563
-4619
-3752
-2858
-2252
-1845
-1407
-1131
-1134
-1440
-1981
-2771
-3445
-4025
-4943
-6187
-7475
-8966
-10645
-12110
-13598
-15163
-16597
-17951
-19311
-20345
-20986
-21499
-21692
-21664
-21841
-21956
-21616
-21087
-20348
-19343
-18336
-17514
-16681
-15906
-15338
-14586
-13934
-13597
-13232
-12716
-12284
-11750
-10933
-10481
-10318
-10046
-9879
-9561
-8809
-8057
-7415
-6629
-5752
-4940
-3921
-2839
-2220
-1757
-1182
-725
-397
-23
97
82
171
6
-530
-1269
-2039
-2875
-3694
-4743
-6055
-7255
-8253
-9091
-9884
-10655
-11481
-12265
-12997
-13682
-14292
-14835
-15312
-15622
-15895
-16395
-16795
-17040
-17169
-17150
-17049
-17019
-17059
-16995
-16877
-16638
-16211
-15622
-15106
-14535
-13965
-13508
-12878
-12285
-12005
-12042
-12181
-12331
-12480
-12581
-12760
-13083
-13477
-14100
-14733
-15116
-15727
-16539
-17255
-18142
-19254
-19938
-20349
-20973
-21637
-22498
-23699
-24954
-25781
-26390
-27072
-27756
-28488
-29264
-30027
-30597
-30929
-31185
-31503
-31703
-31767
-31938
-32183
-31954
-31217
-30299
-29079
-27672
-25924
-23765
-21406
-18959
-16628
-14687
-13024
-11278
-9464
-7692
-6033
-4513
-3419
-2551
-1596
-738
-85
336
370
-132
-628
-910
-1062
-1100
-1177
-1525
-2052
-2370
-2613
-2574
-2326
-2179
-2092
-1910
-1500
-971
-271
321
609
802
948
986
1037
990
720
393
304
181
-188
-404
-956
-1614
-2211
-3089
-4041
-4978
-5786
-6842
-7844
-8865
-10080
-11204
-12405
-13668
-15049
-16272
-17356
-18360
-19213
-20033
-20917
-21930
-22807
-23496
-23995
-24369
-24639
-24864
-25117
-25236
-25358
-25374
-25281
-25432
-25593
-25377
-25004
-24824
-24706
-24740
-24959
-24942
-24697
-24555
-24462
-24402
-24661
-24840
-24828
-24884
-24803
-24582
-24462
-24456
-24231
-23865
-23294
-22498
-21681
-20799
-19873
-18987
-18207
-17318
-16602
-16251
-15945
-15716
-15591
-15191
-14673
-14429
-14077
-13641
-13378
-13082
-12552
-12109
-11808
-11432
-11229
-10991
-10463
-9984
-9617
-9036
-8551
-8320
-8095
-7918
-7850
-7719
-7491
-7506
-7521
-7435
-7443
-7513
-7643
-8023
-8550
-8848
-9072
-9164
-9058
-8914
-8718
-8275
-7707
-7069
-6224
-5510
-4978
-4482
-4134
-4047
-4032
-4229
-4854
-5674
-6571
-7599
-8735
-9816
-10937
-11993
-12858
-13552
-13934
-14004
-13899
-13665
-13372
-13196
-12978
-12662
-12423
-12239
-12092
-12286
-12630
-12761
-12922
-13017
-12931
-12918
-13095
-13213
-13378
-13719
-13873
-13885
-14023
-14190
-14257
-14407
-14490
-14554
-14841
-15122
-15380
-15754
-16024
-15979
-15847
-15799
-15762
-15817
-15967
-15927
-15996
-16478
-17204
-17967
-18695
-19407
-19951
-20541
-21150
-21729
-22317
-22907
-23444
-23674
-23798
-23905
-23971
-23902
-23647
-23299
-22926
-22523
-22152
-21799
-21342
-20806
-20006
-18934
-17710
-16451
-15074
-13585
-12048
-10443
-8982
-7643
-6504
-5568
-4797
-4082
-3396
-2770
-2213
-1828
-1396
-1119
-1044
-965
-915
-823
-573
-282
-121
50
174
204
182
-24
-517
-1045
-1439
-1830
-2185
-2540
-3121
-3901
-4571
-5260
-5967
-6673
-7678
-8887
-10084
-11178
-12148
-12957
-13715
-14514
-15224
-15765
-16210
-16466
-16546
-16719
-16872
-16964
-17109
-17194
-17276
-17522
-17886
-18372
-18845
-19284
-19924
-20667
-21393
-22154
-22802
-23136
-23341
-23539
-23748
-23928
-23841
-23328
-22583
-21882
-21131
-20416
-19684
-18841
-17926
-17025
-16267
-15567
-15001
-14547
-14106
-13691
-13466
-13571
-13913
-14273
-14618
-14861
-14931
-14976
-14923
-14705
-14269
-13663
-12834
-11968
-11177
-10313
-9427
-8386
-7175
-5956
-4951
-3998
-3103
-2381
-1614
-760
-15
446
807
924
914
1089
1303
1377
1372
1354
1059
646
217
-515
-1407
-2263
-3393
-4610
-5573
-6561
-7578
-8378
-9101
-9956
-10552
-11026
-11658
-12301
-12985
-13657
-14347
-14988
-15669
-16304
-16799
-17365
-18039
-18718
-19263
-19706
-20085
-20459
-20809
-21065
-21262
-21430
-21559
-21727
-21963
-22295
-22775
-23259
-23711
-24139
-24496
-24891
-25486
-26081
-26551
-26938
-27285
-27509
-27467
-27302
-26830
-26065
-25153
-24063
-22916
-21804
-20647
-19312
-17826
-16233
-14661
-13251
-12040
-10828
-9577
-8313
-7116
-6060
-5077
-4382
-3816
-3200
-2706
-2715
-3201
-3770
-4373
-4823
-5131
-5483
-5836
-6412
-7503
-8583
-9254
-9841
-10406
-10670
-10801
-10982
-10879
-10813
-10962
-11050
-11130
-11287
-11328
-11377
-11687
-11757
-11814
-12232
-12540
-12580
-12768
-12982
-12899
-12943
-13005
-12861
-12803
-12782
-12445
-11973
-11460
-10644
-9887
-9250
-8534
-7966
-7617
-7182
-6805
-6842
-7030
-7367
-7884
-8309
-8730
-9249
-9781
-10261
-11008
-11912
-12479
-13140
-13819
-14153
-14679
-15280
-15358
-15380
-15554
-15262
-14828
-14622
-14186
-13631
-13524
-13393
-13039
-12985
-12780
-12432
-12485
-12628
-12647
-12870
-12937
-12573
-12374
-12253
-12001
-12012
-12183
-12044
-11933
-11985
-11786
-11679
-11908
-12163
-12555
-13255
-13993
-14854
-16064
-17373
-18570
-19916
-21326
-22591
-23952
-25240
-26292
-27097
-27486
-27421
-27206
-26992
-26582
-25915
-25038
-23879
-22468
-21170
-19916
-18693
-17525
-16359
-15352
-14564
-14083
-13726
-13359
-13024
-12783
-12501
-12290
-12287
-12440
-12755
-13180
-13892
-14618
-15162
-15596
-15966
-16390
-16817
-17096
-17180
-17181
-17159
-17198
-17162
-16955
-16534
-15902
-15246
-14616
-14002
-13582
-13447
-13316
-12995
-12575
-12306
-12147
-11978
-11703
-11257
-10634
-9850
-9056
-8265
-7487
-6615
-5621
-4605
-3628
-2682
-1882
-1218
-595
8
581
805
683
228
-355
-882
-1473
-2265
-3390
-4746
-6202
-7436
-8584
-9716
-10888
-12237
-13580
-14924
-16133
-17199
-18127
-19045
-20100
-21129
-21806
-22157
-22459
-22605
-22397
-22089
-21993
-21793
-21463
-20960
-20212
-19434
-18867
-18587
-18328
-18103
-17815
-17486
-17354
-17430
-17519
-17710
-17880
-17739
-17664
-17868
-18226
-18683
-19441
-20138
-20670
-21385
-22023
-22478
-22899
-23222
-23189
-23007
-22820
-22490
-22119
-21769
-21207
-20536
-20017
-19440
-18864
-18299
-17557
-16767
-16174
-15591
-14945
-14408
-13867
-13259
-12685
-12133
-11454
-10813
-10055
-9165
-8429
-7859
-7552
-7424
-7434
-7424
-7311
-7291
-7510
-7877
-8216
-8462
-8516
-8442
-8327
-8244
-8220
-8378
-8611
-8610
-8518
-8587
-8722
-8814
-8917
-8868
-8653
-8467
-8280
-8029
-7979
-8024
-7781
-7368
-6990
-6630
-6312
-6103
-5837
-5593
-5312
-4917
-4562
-4280
-4063
-3835
-3648
-3362
-3087
-2931
-2714
-2440
-2255
-2138
-2009
-2045
-2083
-2132
-2355
-2678
-3117
-3763
-4454
-5129
-5915
-6684
-7517
-8511
-9658
-10710
-11722
-12736
-13575
-14434
-15256
-15876
-16216
-16422
-16530
-16589
-16641
-16606
-16613
-16723
-16904
-17167
-17591
-17995
-18436
-18981
-19516
-20137
-20844
-21492
-22091
-22778
-23383
-23912
-24465
-24966
-25335
-25701
-26115
-26345
-26409
-26232
-25772
-25259
-24805
-24318
-23785
-23079
-22178
-21372
-20731
-20148
-19692
-19448
-19197
-18986
-18870
-18746
-18795
-19220
-19653
-19772
-19845
-19785
-19639
-19572
-19387
-18990
-18548
-18031
-17316
-16562
-15896
-15304
-14766
-14345
-13736
-13049
-12579
-12117
-11742
-11500
-11204
-10887
-10798
-10853
-10975
-11225
-11483
-11680
-11880
-12079
-12283
-12577
-12767
-12817
-12859
-12824
-12677
-12579
-12472
-12169
-11614
-10870
-10165
-9547
-8952
-8279
-7752
-7348
-6750
-6118
-5560
-4978
-4399
-3861
-3055
-2170
-1650
-1232
-702
-350
-139
226
455
500
665
779
696
726
831
863
924
900
766
586
443
234
32
-163
-801
-1705
-2553
-3614
-4730
-5583
-6576
-7731
-8826
-10064
-11355
-12267
-12985
-13920
-14920
-15991
-17136
-18076
-18740
-19440
-20110
-20650
-21157
-21309
-21131
-20938
-20785
-20616
-20590
-20615
-20603
-20667
-20765
-20892
-21062
-21413
-21882
-22421
-23031
-23617
-24159
-24791
-25435
-25985
-26686
-27407
-27873
-28007
-27968
-27921
-27989
-28099
-28058
-27945
-27824
-27739
-27713
-27717
-27622
-27416
-27183
-26924
-26563
-26134
-25576
-24804
-24011
-22987
-21732
-20588
-19474
-18295
-17297
-16257
-14969
-13919
-13008
-11896
-10847
-10052
-9361
-8868
-8564
-8203
-7831
-7639
-7653
-7870
-8233
-8361
-8180
-7902
-7702
-7567
-7482
-7442
-7302
-7009
-6429
-5733
-5019
-4205
-3366
-2529
-1538
-579
174
1069
1988
2825
3617
4456
5199
5693
6173
6490
6703
6994
7184
7083
6779
6327
5784
5216
4553
3911
3345
2623
1671
864
216
-423
-1124
-2057
-3204
-4459
-5690
-6869
-8070
-9364
-10728
-12130
-13396
-14490
-15518
-16496
-17463
-18358
-19139
-19702
-20080
-20488
-21064
-21703
-22381
-23072
-23637
-24044
-24309
-24623
-24864
-24932
-24798
-24465
-24098
-23616
-23050
-22531
-22122
-21732
-21244
-20830
-20638
-20479
-20326
-20297
-20415
-20616
-20842
-21056
-21102
-21168
-21233
-21222
-21168
-21152
-21383
-21669
-21937
-22057
-22031
-21990
-21818
-21536
-21189
-20728
-20157
-19601
-19117
-18704
-18335
-17908
-17304
-16682
-16355
-16370
-16551
-16704
-16721
-16520
-16162
-15761
-15320
-14928
-14724
-14447
-14076
-13828
-13676
-13667
-13851
-14047
-14008
-14030
-14140
-14285
-14703
-15224
-15621
-15896
-16060
-15938
-15806
-15753
-15435
-14881
-14139
-13210
-12359
-11772
-11358
-11081
-10815
-10446
-9931
-9410
-8936
-8551
-8391
-8258
-8111
-8015
-7997
-7931
-7890
-7966
-8027
-8201
-8447
-8592
-8691
-8808
-8916
-9119
-9382
-9586
-9771
-10223
-11027
-12041
-13261
-14386
-15412
-16598
-17903
-19269
-20645
-21783
-22603
-23283
-23945
-24521
-24980
-25526
-25813
-25763
-25615
-25275
-24893
-24573
-24213
-23600
-22822
-22037
-21254
-20643
-20200
-19654
-19057
-18545
-18027
-17628
-17394
-17194
-16941
-16743
-16500
-16115
-15829
-15590
-15256
-14855
-14520
-14174
-13746
-13257
-12596
-11846
-11252
-10756
-10344
-10080
-9571
-8806
-8079
-7482
-6990
-6541
-6053
-5521
-5120
-4856
-4715
-4750
-4843
-4676
-4397
-4163
-3864
-3685
-3627
-3365
-2968
-2749
-2528
-2529
-2840
-2967
-2963
-3253
-3744
-4269
-5072
-5838
-6473
-7163
-7735
-8200
-8728
-9203
-9378
-9372
-9348
-9384
-9561
-9846
-10062
-10302
-10379
-10128
-9956
-9889
-9776
-9713
-9731
-9573
-9413
-9446
-9485
-9507
-9544
-9430
-9101
-8973
-8918
-8861
-9144
-9413
-9426
-9576
-9909
-10243
-10757
-11541
-12426
-13304
-14320
-15420
-16600
-17898
-19151
-20406
-21777
-23138
-24404
-25703
-26748
-27533
-28219
-28718
-29125
-29527
-29826
-29770
-29472
-29006
-28418
-27809
-27116
-26283
-25345
-24342
-23317
-22357
-21381
-20478
-19642
-18904
-18384
-18108
-17921
-17580
-17224
-16940
-16657
-16366
-16210
-16097
-15875
-15544
-15123
-14684
-14284
-13976
-13668
-13334
-12950
-12566
-12276
-12137
-12214
-12448
-12571
-12501
-12468
-12509
-12528
-12418
-12225
-12037
-11963
-11917
-11807
-11692
-11524
-11318
-11094
-10868
-10484
-10014
-9473
-8962
-8590
-8125
-7653
-7176
-6739
-6479
-6419
-6425
-6421
-6422
-6461
-6609
-6757
-6860
-6923
-7044
-7176
-7285
-7346
-7222
-7039
-6921
-6787
-6605
-6396
-6133
-5881
-5656
-5508
-5382
-5318
-5395
-5515
-5675
-5920
-6249
-6586
-7041
-7598
-8116
-8575
-9038
-9419
-9704
-10011
-10231
-10308
-10205
-10097
-10004
-9896
-9793
-9600
-9464
-9324
-9251
-9392
-9567
-9694
-9931
-10277
-10662
-11139
-11582
-11845
-12159
-12698
-13266
-13990
-14744
-15179
-15490
-15853
-16178
-16600
-17124
-17358
-17472
-17726
-17942
-18094
-18417
-18925
-19476
-20129
-20842
-21534
-22272
-23055
-23595
-23992
-24444
-24897
-25444
-26045
-26452
-26463
-26231
-25799
-25261
-24806
-24358
-23821
-23206
-22515
-21799
-21289
-20894
-20390
-19749
-18982
-18116
-17345
-16687
-15963
-15153
-14298
-13391
-12444
-11730
-11085
-10333
-9712
-9075
-8384
-7890
-7560
-7302
-7242
-7282
-7213
-7179
-7431
-7791
-8226
-8843
-9318
-9486
-9632
-9860
-10042
-10398
-10764
-10811
-10641
-10463
-10372
-10273
-10192
-9994
-9567
-8960
-8427
-8101
-7903
-7880
-7881
-7821
-7749
-7725
-7765
-7838
-7844
-7642
-7247
-6803
-6480
-6363
-6345
-6378
-6526
-6663
-6828
-6953
-7000
-7029
-6973
-6875
-6700
-6726
-6978
-7231
-7555
-7889
-8112
-8262
-8630
-9209
-9870
-10674
-11393
-11971
-12555
-13088
-13653
-14199
-14504
-14548
-14509
-14447
-14382
-14496
-14550
-14449
-14308
-14081
-13887
-13852
-13973
-14016
-13967
-13882
-13873
-14199
-14756
-15258
-15705
-16184
-16569
-17089
-17920
-18793
-19654
-20480
-20968
-21151
-21288
-21324
-21240
-21093
-20716
-20011
-19204
-18355
-17586
-17011
-16521
-16118
-15850
-15754
-15702
-15805
-16042
-16311
-16635
-16841
-16956
-16957
-16877
-16849
-16891
-16961
-16934
-16727
-16444
-16179
-16043
-16116
-16174
-16133
-16068
-16012
-16061
-16226
-16283
-16173
-15988
-15652
-15157
-14624
-14114
-13596
-13010
-12395
-11946
-11583
-11266
-10997
-10689
-10325
-9986
-9582
-8772
-7878
-7144
-6645
-6375
-6035
-5425
-4627
-3998
-3416
-2956
-2769
-2622
-2235
-1705
-1220
-653
-261
-143
-150
-158
-147
-222
-339
-587
-1025
-1568
-2356
-3288
-4313
-5478
-6502
-7632
-8910
-10194
-11565
-12826
-13781
-14627
-15630
-16437
-17178
-18012
-18558
-18932
-19353
-19688
-19949
-20250
-20376
-20250
-20115
-20067
-20062
-20261
-20524
-20680
-20922
-21382
-22006
-22661
-23435
-24186
-24825
-25455
-26032
-26514
-27062
-27680
-28260
-28920
-29477
-29827
-29958
-29922
-29791
-29581
-29303
-28767
-27994
-27068
-26086
-25139
-24292
-23529
-22782
-21963
-21036
-20028
-19047
-18299
-17671
-16957
-16058
-15087
-14086
-13116
-12335
-11492
-10373
-9182
-7986
-6736
-5602
-4541
-3393
-2132
-1010
11
996
1775
2464
3107
3829
4478
5012
5567
6000
6263
6413
6577
6564
6317
6002
5559
5072
4601
3944
3194
2497
1749
879
-134
-1196
-2262
-3143
-3805
-4466
-5294
-6232
-7103
-7830
-8372
-8771
-9022
-9489
-10253
-10953
-11421
-11668
-11897
-12304
-13013
-13972
-15100
-16106
-16961
-17914
-19099
-20481
-21845
-23022
-23814
-24354
-24825
-25308
-25750
-26010
-25980
-25732
-25509
-25289
-25056
-24845
-24651
-24418
-24187
-24025
-24057
-24310
-24504
-24506
-24376
-24050
-23650
-23439
-23209
-22832
-22312
-21669
-21089
-20709
-20531
-20466
-20361
-20146
-20098
-20278
-20678
-21157
-21399
-21381
-21237
-21206
-21349
-21523
-21583
-21515
-21327
-21025
-20694
-20465
-20321
-20089
-19565
-18864
-18241
-17693
-17337
-17085
-16743
-16207
-15586
-15039
-14515
-14044
-13461
-12808
-12151
-11391
-10648
-10067
-9525
-8948
-8454
-7963
-7501
-7148
-6968
-6899
-6860
-6818
-6766
-6860
-6961
-7020
-7177
-7250
-7100
-6912
-6780
-6736
-6790
-6884
-6974
-7052
-7196
-7213
-7230
-7496
-7767
-7930
-8124
-8250
-8242
-8347
-8412
-8335
-8359
-8422
-8409
-8535
-8741
-8795
-8928
-9132
-9167
-9156
-9231
-9036
-8694
-8528
-8189
-7761
-7463
-7123
-6800
-6725
-6735
-6729
-6984
-7505
-8104
-8914
-9868
-10723
-11753
-12971
-14176
-15395
-16596
-17663
-18704
-19805
-20743
-21638
-22528
-23286
-24033
-24766
-25344
-25847
-26331
-26598
-26660
-26623
-26426
-26139
-25806
-25174
-24409
-23743
-23129
-22518
-21972
-21450
-20760
-20331
-20149
-19842
-19524
-19106
-18477
-17790
-17122
-16355
-15553
-14846
-14067
-13159
-12360
-11590
-10824
-10236
-9736
-9209
-8689
-8207
-7682
-7259
-7086
-6889
-6348
-5691
-5058
-4463
-4085
-3815
-3545
-3250
-3024
-2763
-2451
-2279
-2205
-2094
-1896
-1619
-1225
-828
-524
-344
-115
158
479
896
1187
1319
1343
1350
1289
1239
1173
999
781
526
202
-215
-509
-884
-1513
-2239
-2997
-3800
-4604
-5410
-6289
-7161
-8125
-9124
-10005
-10849
-11782
-12725
-13789
-15024
-16129
-17259
-18478
-19681
-20965
-22275
-23369
-24364
-25409
-26321
-27184
-28031
-28648
-29004
-29233
-29293
-29275
-29220
-29087
-28951
-28783
-28485
-28053
-27685
-27191
-26565
-26065
-25539
-24894
-24354
-23859
-23227
-22668
-22181
-21777
-21613
-21660
-21757
-22042
-22465
-22701
-22990
-23435
-23808
-24047
-24147
-23923
-23477
-23070
-22697
-22265
-21705
-20920
-20030
-19318
-18586
-17870
-17316
-16797
-16089
-15170
-14221
-13353
-12745
-12264
-11748
-11171
-10495
-9676
-9004
-8540
-8060
-7602
-7054
-6370
-5667
-5172
-4792
-4500
-4265
-3982
-3812
-3688
-3614
-3728
-4002
-4201
-4291
-4386
-4746
-5330
-5872
-6236
-6355
-6512
-6658
-6809
-6893
-6833
-6722
-6454
-6220
-5982
-5674
-5246
-4852
-4600
-4259
-4148
-4167
-4107
-4152
-4226
-4401
-4764
-5179
-5329
-5416
-5684
-6119
-6910
-7837
-8642
-9269
-9988
-10833
-11640
-12641
-13531
-14101
-14571
-15062
-15606
-16232
-16826
-17136
-17242
-17378
-17695
-18263
-18893
-19232
-19330
-19381
-19453
-19664
-20011
-20280
-20388
-20547
-20589
-20475
-20432
-20417
-20246
-19972
-19701
-19333
-19111
-19091
-19104
-19036
-18875
-18686
-18501
-18451
-18417
-18324
-18226
-18132
-18038
-17949
-17838
-17772
-17755
-17652
-17581
-17568
-17513
-17471
-17565
-17660
-17686
-17701
-17600
-17439
-17352
-17314
-17175
-16946
-16590
-16045
-15546
-15205
-14821
-14432
-14108
-13702
-13306
-12927
-12500
-12039
-11481
-10773
-10034
-9480
-9018
-8539
-8156
-7886
-7690
-7671
-7764
-7844
-7876
-7802
-7798
-8002
-8186
-8243
-8371
-8477
-8358
-8322
-8425
-8355
-8313
-8284
-8082
-7816
-7526
-7103
-6560
-6233
-6005
-5840
-5864
-5846
-5853
-6091
-6387
-6607
-6991
-7354
-7565
-7873
-8317
-8775
-9330
-10025
-10489
-10811
-11128
-11320
-11393
-11543
-11701
-11631
-11707
-11982
-12399
-13060
-13754
-14206
-14504
-14912
-15306
-15680
-16078
-16364
-16581
-16931
-17390
-17823
-18122
-18219
-18103
-17860
-17771
-17865
-18071
-18218
-18269
-18393
-18527
-18671
-18945
-19256
-19503
-19763
-19975
-20244
-20653
-21060
-21429
-21826
-22217
-22437
-22611
-22873
-23108
-23349
-23698
-23866
-23834
-23900
-23953
-24002
-24226
-24390
-24303
-24135
-23913
-23706
-23560
-23343
-22981
-22596
-22282
-21901
-21549
-21289
-20940
-20488
-19991
-19279
-18425
-17673
-16958
-16226
-15445
-14633
-13801
-13073
-12557
-12133
-11731
-11235
-10560
-9895
-9447
-9176
-8989
-8745
-8393
-7957
-7409
-6815
-6219
-5483
-4595
-3738
-2788
-1796
-1041
-458
225
916
1529
2287
2911
3245
3628
4029
4218
4470
4740
4579
4155
3657
2950
2152
1422
499
-572
-1590
-2697
-3940
-5076
-6065
-7165
-8210
-9140
-10221
-11235
-11900
-12422
-12828
-13257
-13912
-14512
-15009
-15469
-15793
-15931
-16212
-16774
-17387
-17916
-18266
-18523
-18895
-19482
-20190
-20905
-21351
-21587
-21927
-22402
-22945
-23574
-24240
-24695
-25024
-25322
-25662
-26078
-26428
-26572
-26622
-26606
-26374
-26302
-26367
-26360
-26338
-26233
-25939
-25621
-25550
-25433
-25057
-24500
-23878
-23332
-22948
-22578
-21968
-21000
-19897
-18862
-17896
-17107
-16300
-15272
-13950
-12612
-11675
-11199
-10986
-10726
-10332
-9821
-9476
-9465
-9663
-9940
-10035
-9858
-9734
-9797
-9921
-10049
-10151
-10214
-10124
-9990
-9888
-10005
-10420
-10666
-10669
-10666
-10587
-10384
-10319
-10317
-10206
-10020
-9696
-9051
-8246
-7698
-7176
-6534
-5863
-5058
-4205
-3447
-2725
-2017
-1459
-1002
-533
-202
-170
-312
-603
-1035
-1417
-1713
-2081
-2619
-3232
-3867
-4618
-5510
-6326
-6966
-7578
-8147
-8533
-9056
-9711
-10132
-10478
-10814
-11042
-11308
-11741
-11927
-11892
-11965
-11882
-11657
-11594
-11597
-11271
-10886
-10743
-10794
-10911
-10782
-10550
-10627
-10833
-10992
-11688
-12575
-13149
-13722
-14179
-14373
-14762
-15654
-16524
-17295
-17936
-18132
-18365
-18928
-19566
-20216
-20742
-20837
-20818
-21228
-21839
-22345
-22860
-23145
-23109
-23102
-23117
-23088
-23118
-23074
-22813
-22582
-22420
-22201
-21987
-21695
-21275
-20987
-20753
-20337
-19999
-19690
-19284
-18839
-18403
-18045
-17784
-17675
-17568
-17392
-17068
-16508
-15743
-14883
-14124
-13418
-12612
-11738
-10909
-10229
-9674
-9127
-8588
-8101
-7772
-7521
-7248
-7030
-6837
-6676
-6471
-6144
-5787
-5383
-4819
-4221
-3839
-3665
-3459
-3272
-3200
-3001
-2726
-2657
-2831
-3025
-3289
-3616
-3737
-3800
-3908
-4037
-4276
-4601
-4773
-4782
-4903
-5175
-5464
-5772
-5986
-6066
-6266
-6552
-6785
-7038
-7443
-7819
-7980
-8067
-8155
-8216
-8137
-8088
-8164
-8228
-8316
-8488
-8764
-9238
-9872
-10414
-10829
-11196
-11559
-11934
-12493
-13240
-14040
-14876
-15511
-15947
-16334
-16660
-16765
-16991
-17647
-17945
-17959
-18376
-18533
-18447
-19096
-19816
-19970
-20062
-20164
-20205
-20432
-20818
-20954
-20918
-20797
-20451
-20157
-20174
-20280
-20296
-20164
-19613
-18917
-18576
-18424
-18282
-18366
-18447
-18323
-18131
-17788
-17452
-17395
-17422
-17258
-17052
-16830
-16645
-16651
-16707
-16686
-16611
-16475
-16279
-16112
-15869
-15619
-15467
-15425
-15426
-15214
-14894
-14805
-14958
-14993
-14898
-14807
-14644
-14459
-14406
-14328
-14125
-13899
-13558
-13243
-12983
-12799
-12678
-12518
-12324
-12029
-11783
-11590
-11385
-11250
-11072
-10689
-10252
-9940
-9884
-9888
-9630
-9230
-8917
-8798
-8920
-9434
-9910
-9969
-9929
-9919
-10000
-10442
-11035
-11244
-11154
-10928
-10724
-10794
-11078
-11173
-11014
-10939
-10874
-10794
-10911
-11145
-11210
-11234
-11343
-11470
-11669
-11976
-12328
-12657
-13019
-13424
-13952
-14576
-15177
-15668
-16085
-16504
-16977
-17527
-18118
-18782
-19281
-19528
-19749
-20106
-20493
-20897
-21263
-21406
-21593
-21894
-22024
-22061
-22349
-22494
-22116
-21862
-22117
-22308
-22575
-23070
-22839
-22314
-22293
-22529
-22688
-22645
-22418
-21854
-21229
-20878
-20758
-20766
-20509
-19736
-18864
-18140
-17649
-17508
-17292
-16701
-15954
-15169
-14331
-13763
-13452
-13022
-12384
-11640
-10889
-10342
-10228
-10287
-10250
-10035
-9682
-9356
-9260
-9245
-9079
-8882
-8448
-7856
-7467
-7147
-6808
-6604
-6377
-6012
-5798
-5841
-5919
-6015
-6055
-5821
-5640
-5615
-5658
-5776
-5800
-5762
-5702
-5563
-5394
-5319
-5248
-5194
-5180
-5097
-5057
-5133
-5167
-5178
-5308
-5520
-5865
-6231
-6504
-6489
-6314
-6321
-6545
-7100
-7738
-8332
-8825
-9139
-9437
-9893
-10603
-11414
-12318
-13198
-13773
-14106
-14410
-14711
-15046
-15347
-15520
-15726
-16015
-16353
-16689
-16908
-16891
-16670
-16414
-16348
-16442
-16602
-16821
-16942
-16966
-17036
-17267
-17517
-17824
-18185
-18411
-18614
-18870
-19221
-19698
-20353
-21010
-21452
-21756
-21958
-22147
-22423
-22683
-22795
-22799
-22785
-22667
-22454
-22341
-22192
-21873
-21629
-21605
-21640
-21697
-21662
-21439
-21212
-20940
-20662
-20519
-20487
-20363
-20152
-19999
-19758
-19453
-19147
-18811
-18372
-17904
-17421
-16884
-16429
-15981
-15416
-14643
-13874
-13245
-12672
-12129
-11583
-11148
-10789
-10516
-10319
-10053
-9844
-9723
-9658
-9765
-9920
-9926
-9728
-9538
-9472
-9401
-9361
-9122
-8561
-7974
-7531
-7045
-6505
-6010
-5305
-4448
-3651
-2926
-2338
-1953
-1559
-1017
-616
-439
-345
-416
-560
-621
-871
-1353
-1832
-2371
-3133
-3852
-4400
-5067
-5840
-6729
-7881
-9142
-10258
-11274
-12092
-12815
-13677
-14511
-15413
-16328
-17018
-17464
-17848
-18138
-18333
-18717
-19082
-19328
-19588
-19651
-19512
-19422
-19267
-19023
-18892
-18910
-18972
-19086
-19249
-19244
-19188
-19130
-19093
-19232
-19421
-19532
-19677
-19890
-19988
-20058
-20107
-19995
-19762
-19613
-19471
-19328
-19402
-19527
-19627
-19724
-19822
-19868
-20036
-20373
-20544
-20541
-20488
-20534
-20595
-20602
-20616
-20550
-20363
-19964
-19482
-19057
-18400
-17650
-17146
-16790
-16501
-16163
-15848
-15514
-15175
-14851
-14306
-13706
-13150
-12669
-12313
-11894
-11278
-10591
-10037
-9563
-9011
-8410
-7759
-7042
-6496
-5968
-5251
-4603
-3958
-3161
-2577
-2239
-1885
-1546
-1123
-677
-392
-255
-153
-62
-30
-43
-109
-181
-231
-392
-774
-1128
-1477
-1986
-2537
-3095
-3695
-4309
-4841
-5407
-5958
-6497
-7097
-7678
-8290
-8692
-8855
-9044
-9170
-9349
-9766
-10174
-10370
-10379
-10529
-10882
-11253
-11617
-11902
-12345
-13009
-13659
-14183
-14410
-14465
-14750
-15255
-15898
-16698
-17485
-18113
-18475
-18648
-18685
-18787
-18959
-19068
-19239
-19404
-19675
-20030
-20133
-20012
-19918
-19733
-19482
-19368
-19300
-19265
-19340
-19412
-19256
-19105
-19095
-19050
-18905
-18693
-18466
-18248
-18124
-17959
-17746
-17539
-17269
-16948
-16667
-16369
-15940
-15405
-14851
-14430
-14023
-13616
-13206
-12696
-12145
-11654
-11292
-11097
-10956
-10555
-10069
-9694
-9542
-9633
-9798
-9974
-9815
-9256
-8961
-9313
-9826
-10084
-9909
-9367
-8960
-8936
-8807
-8245
-7753
-7509
-7324
-7254
-7106
-6642
-6313
-6253
-6284
-6644
-7029
-7188
-7483
-7991
-8248
-8216
-8279
-8379
-8525
-8887
-9219
-9600
-10201
-10540
-10650
-10913
-11311
-11659
-11915
-11973
-11913
-12106
-12209
-12016
-11926
-11967
-11818
-11627
-11524
-11351
-11283
-11444
-11658
-11771
-12061
-12499
-12912
-13343
-13795
-14359
-14995
-15558
-16010
-16621
-17293
-17955
-18685
-19290
-19716
-20025
-20384
-20678
-20712
-20819
-21436
-22308
-23028
-23240
-22924
-22621
-22658
-23004
-23370
-23760
-24168
-24534
-24893
-25023
-24929
-24863
-24828
-24764
-24844
-25036
-25152
-25013
-24548
-23776
-22954
-22293
-21589
-20886
-20351
-19875
-19413
-18965
-18406
-17847
-17405
-17091
-16781
-16337
-15901
-15660
-15664
-15809
-15905
-15701
-15287
-14924
-14652
-14305
-13888
-13485
-12910
-12127
-11170
-10251
-9580
-9041
-8317
-7448
-6529
-5644
-5005
-4471
-4138
-3877
-3474
-2939
-2684
-2647
-1980
-1225
-968
-1427
-2249
-2302
-1706
-1022
-865
-1131
-1310
-1805
-2375
-2724
-2950
-3054
-3283
-3525
-3683
-3940
-4398
-4839
-5206
-5826
-6670
-7392
-7801
-8083
-8372
-8761
-9254
-9784
-10336
-10821
-11326
-11876
-12617
-13519
-14233
-14724
-15202
-15811
-16532
-17385
-18295
-19204
-20102
-20906
-21646
-22375
-23062
-23817
-24729
-25619
-26366
-26963
-27450
-27859
-28342
-28841
-29146
-29313
-29389
-29364
-29249
-29089
-28856
-28446
-28000
-27615
-27059
-26381
-25488
-24640
-23863
-22692
-22069
-22245
-22408
-21878
-20995
-20118
-18855
-18120
-17784
-17341
-17287
-17177
-16443
-15550
-14985
-14470
-14041
-13608
-12761
-11813
-11263
-10851
-10450
-10263
-9955
-9341
-8742
-8243
-7889
-8043
-8265
-8149
-7950
-7635
-7407
-7582
-7913
-8045
-7974
-7690
-7254
-6986
-7035
-7037
-6884
-6527
-5815
-5272
-5012
-4853
-4722
-4446
-3949
-3171
-2530
-2107
-1647
-1414
-1243
-891
-577
-435
-394
-627
-1177
-953
-1
329
-133
-746
-1486
-2495
-3130
-3306
-3210
-3364
-4159
-5032
-6121
-7509
-8458
-8813
-9451
-10455
-11416
-12540
-13670
-14355
-14781
-15410
-16116
-17100
-18253
-18968
-19429
-19883
-20301
-20904
-21759
-22504
-23054
-23431
-23577
-23750
-24098
-24303
-24246
-24109
-23942
-23573
-23126
-22885
-22609
-22197
-21640
-21034
-20466
-19867
-19379
-18883
-18245
-17584
-16933
-16308
-15829
-15421
-15057
-14700
-14237
-13846
-13770
-13937
-13982
-13862
-13724
-13627
-13677
-13926
-14183
-14423
-14494
-14325
-14096
-13354
-12836
-13783
-15247
-15548
-14780
-13724
-12540
-11704
-11755
-12327
-12631
-12502
-11770
-10825
-10517
-10501
-10300
-10163
-9917
-9355
-9040
-9026
-8992
-8967
-8788
-8032
-7189
-6721
-6279
-5986
-5739
-5202
-4550
-4296
-4281
-4358
-4572
-4462
-4222
-4292
-4667
-5066
-5574
-6089
-6330
-6718
-7380
-8011
-8698
-9457
-9912
-10218
-10595
-10983
-11497
-12107
-12625
-13037
-13427
-13634
-13802
-14157
-14281
-14311
-14661
-15009
-15414
-15815
-15825
-15288
-14599
-14641
-15654
-17268
-18465
-18707
-18215
-17517
-17403
-18026
-19220
-20534
-21181
-20881
-20527
-20719
-21186
-21889
-22423
-22244
-21821
-21736
-21759
-21931
-22248
-22209
-21824
-21548
-21323
-20984
-20818
-20635
-20126
-19480
-18947
-18453
-18036
-17732
-17225
-16527
-15804
-15144
-14750
-14521
-14193
-13960
-13844
-13688
-13463
-13122
-12721
-12328
-11900
-11171
-10367
-9699
-9036
-8407
-7782
-6997
-6140
-5663
-5374
-5035
-4863
-4808
-4654
-4574
-4841
-5153
-5420
-5665
-5556
-5221
-5008
-5187
-6141
-7477
-8366
-8494
-8084
-7662
-7871
-8850
-9705
-10184
-10310
-9862
-9430
-9617
-10093
-10113
-9997
-9871
-9601
-9802
-10292
-10493
-10539
-10609
-10579
-10764
-11276
-11630
-11842
-12215
-12511
-12759
-13374
-13986
-14284
-14725
-15248
-15405
-15547
-15737
-15721
-15668
-15494
-15107
-14667
-14338
-14153
-14244
-14604
-14908
-14965
-14958
-15066
-15342
-15900
-16584
-17245
-17711
-18030
-18267
-18475
-18800
-19068
-19620
-20244
-20539
-20922
-21311
-21104
-19945
-19214
-20058
-21520
-22397
-22314
-21944
-21434
-20796
-20738
-21336
-22061
-22532
-22477
-21737
-21102
-21103
-21403
-21590
-21455
-20966
-20247
-19726
-19156
-18608
-18355
-17708
-16571
-15541
-14583
-13547
-12868
-12264
-11223
-10160
-9255
-8367
-7856
-7622
-7113
-6580
-6188
-5781
-5572
-5694
-5712
-5499
-5288
-4929
-4692
-4841
-5150
-5502
-5889
-6022
-5915
-6019
-6296
-6583
-6881
-6941
-6596
-6321
-6227
-6117
-6214
-6367
-6215
-5958
-5838
-5670
-5633
-5845
-5936
-5760
-5851
-6518
-7444
-8260
-8329
-7817
-7386
-7287
-7643
-8436
-9270
-9679
-9830
-9770
-9691
-10131
-10909
-11356
-11599
-11946
-12185
-12604
-13340
-13961
-14454
-15013
-15407
-15769
-16481
-17248
-17885
-18634
-19280
-19710
-20341
-21065
-21770
-22534
-23042
-23180
-23442
-23901
-24220
-24620
-24988
-25031
-25125
-25634
-26173
-26590
-27037
-27116
-26839
-26563
-26320
-26219
-26422
-26385
-25809
-25322
-24960
-24396
-23926
-23498
-22786
-22062
-21422
-20799
-20255
-19332
-17604
-15951
-15256
-15045
-14755
-14253
-13058
-10980
-8984
-7582
-6799
-6612
-6039
-4638
-3162
-2050
-1132
-546
-378
160
1248
1856
1889
1902
1763
1636
1892
2218
2303
2051
1372
643
277
189
-39
-338
-839
-1601
-2055
-2335
-2488
-2437
-2394
-2788
-3471
-4025
-4599
-4761
-4666
-4964
-5598
-6268
-6949
-7576
-7929
-8304
-8929
-9598
-10280
-10964
-11347
-11641
-12144
-12794
-13548
-14337
-14989
-15438
-15900
-16377
-16914
-17644
-18370
-18663
-18493
-18266
-18406
-19088
-20013
-20608
-20734
-20751
-20554
-20302
-20441
-20886
-21395
-21996
-22355
-22134
-22028
-22217
-22444
-22727
-23115
-23501
-23828
-24203
-24321
-24360
-24486
-24469
-24432
-24466
-24438
-24444
-24550
-24567
-24627
-24771
-24814
-24647
-24399
-24211
-24116
-24092
-23905
-23513
-23042
-22486
-21768
-21073
-20508
-19856
-19016
-18137
-17342
-16669
-16147
-15550
-14821
-14116
-13340
-12477
-11689
-10837
-10004
-9209
-8330
-7601
-6947
-6388
-5871
-5341
-4814
-4467
-4556
-4936
-5546
-5945
-5952
-5694
-5420
-5644
-6377
-7283
-7886
-8007
-7791
-7406
-7170
-7341
-7716
-7989
-7969
-7672
-7289
-6942
-6672
-6336
-5982
-5549
-5033
-4615
-4319
-4169
-4130
-4087
-3916
-3810
-3862
-3968
-4063
-4239
-4523
-4713
-4870
-5121
-5397
-5676
-6114
-6635
-7089
-7547
-8119
-8713
-9369
-10238
-11092
-11860
-12645
-13494
-14301
-14975
-15657
-16393
-17127
-17929
-18599
-19084
-19613
-20056
-20520
-20972
-21463
-21901
-22108
-22310
-22497
-22947
-23150
-22953
-22760
-22871
-23566
-23835
-23768
-23662
-23109
-22645
-22592
-22625
-22596
-22660
-22457
-21916
-21358
-20982
-20894
-20835
-20491
-19782
-19133
-18765
-18465
-18065
-17473
-16782
-16102
-15498
-14991
-14658
-14496
-14261
-13891
-13489
-13162
-12999
-13003
-13006
-12838
-12618
-12316
-11837
-11360
-10945
-10477
-10014
-9483
-8817
-8265
-7829
-7445
-7216
-7017
-6604
-6270
-6132
-6094
-6282
-6302
-6137
-6259
-6582
-6758
-6933
-7358
-7546
-7474
-7768
-8072
-8213
-8501
-8562
-8389
-8363
-8542
-8697
-8720
-8534
-8357
-8611
-9070
-9477
-9880
-10294
-10752
-11449
-11908
-11941
-12462
-13446
-14256
-14944
-15490
-15788
-16385
-17205
-17720
-18138
-18677
-19135
-19465
-19804
-19916
-20041
-20406
-20618
-20705
-20837
-20725
-20533
-20620
-20596
-20468
-20454
-20424
-20436
-20620
-20797
-20809
-20814
-20743
-20565
-20380
-20108
-19732
-19387
-18924
-18335
-17935
-17584
-17081
-16585
-16269
-16041
-15807
-15528
-15161
-14741
-14392
-14076
-13760
-13487
-13047
-12597
-12213
-11724
-11226
-10725
-10138
-9630
-9360
-9169
-8967
-8769
-8593
-8481
-8585
-8741
-8728
-8622
-8375
-8256
-8238
-8132
-8143
-8119
-7994
-7733
-7236
-6847
-6766
-6980
-7091
-6881
-6672
-6253
-5723
-5631
-5971
-6450
-6637
-6264
-5557
-4980
-4867
-5023
-5266
-5499
-5266
-4881
-4776
-4800
-4994
-5303
-5508
-5518
-5528
-5564
-5670
-6032
-6505
-6853
-7140
-7486
-7823
-8301
-8886
-9486
-10175
-10850
-11397
-12033
-12925
-13853
-14839
-15885
-16774
-17448
-18106
-18805
-19502
-20201
-20795
-21320
-21836
-22384
-22877
-23405
-23968
-24270
-24370
-24486
-24557
-24623
-24784
-24791
-24686
-24617
-24520
-24388
-24336
-24301
-24073
-23662
-23092
-22492
-22054
-21760
-21372
-20998
-20654
-20142
-19590
-19123
-18781
-18430
-18122
-17681
-17149
-16714
-16305
-16187
-15742
-14929
-14256
-13557
-13709
-14431
-14398
-13807
-13206
-12637
-11978
-11680
-11577
-11069
-10456
-9702
-8892
-8427
-8255
-7886
-7015
-5831
-4580
-3723
-3377
-3092
-2663
-2119
-1372
-711
-325
-14
207
434
727
876
749
547
281
-111
-368
-521
-815
-1177
-1526
-2003
-2478
-2836
-3204
-3657
-4087
-4607
-5235
-5675
-6279
-7124
-7900
-8707
-9509
-10117
-10700
-11412
-12047
-12760
-13688
-14517
-15190
-15875
-16508
-17175
-17983
-18683
-19282
-19966
-20619
-21280
-22168
-23028
-23649
-24177
-24621
-24963
-25331
-25753
-26095
-26514
-26950
-27095
-27220
-27423
-27401
-27361
-27387
-27229
-26947
-26643
-26347
-26129
-26038
-25807
-25339
-24644
-23769
-23072
-22541
-22042
-21613
-21234
-20702
-20178
-19900
-19676
-19410
-19062
-18561
-17947
-17492
-17185
-16866
-16526
-16058
-15418
-14801
-14326
-13838
-13348
-12717
-11890
-11037
-10276
-9673
-9226
-8807
-8135
-7308
-6581
-6019
-5552
-5105
-4611
-4062
-3541
-3087
-2616
-2162
-1817
-1595
-1456
-1173
-952
-839
-661
-509
-323
-57
184
109
-107
-275
-509
-734
-861
-1058
-1451
-1893
-2408
-2976
-3547
-4147
-4830
-5479
-6025
-6585
-7170
-7910
-8765
-9619
-10495
-11406
-12148
-12676
-13267
-14116
-15261
-16431
-17457
-18438
-19308
-20034
-20826
-21603
-22288
-22982
-23700
-24344
-24891
-25484
-26056
-26605
-27116
-27648
-28010
-28051
-28124
-28294
-28480
-28614
-28772
-28959
-29078
-29032
-28881
-28777
-28668
-28573
-28317
-27985
-27684
-27344
-27124
-26929
-26686
-26527
-26307
-25752
-25149
-24756
-24463
-24291
-23998
-23360
-22685
-22204
-21779
-21378
-20966
-20248
-19360
-18646
-17937
-17206
-16522
-15600
-14479
-13513
-12586
-11599
-10766
-10050
-9313
-8582
-7920
-7209
-6539
-5855
-5039
-4253
-3417
-2630
-1958
-1340
-838
-494
-212
45
398
912
1256
1450
1378
1095
816
558
536
546
486
371
89
-275
-532
-534
-506
-610
-847
-1297
-1656
-1775
-2005
-2429
-2857
-3329
-3889
-4320
-4656
-4977
-5352
-5842
-6241
-6492
-6680
-6910
-7078
-7336
-7876
-8448
-9074
-9681
-10261
-10988
-11717
-12436
-13131
-13849
-14727
-15532
-16106
-16596
-17247
-17925
-18426
-18845
-19293
-19868
-20371
-20830
-21266
-21581
-21913
-22289
-22625
-22865
-23111
-23355
-23650
-23877
-24056
-24235
-24152
-23873
-23532
-23226
-22995
-22882
-22641
-22130
-21538
-20807
-20059
-19528
-19142
-18718
-18191
-17527
-16900
-16439
-16055
-15625
-15154
-14576
-13968
-13604
-13195
-12681
-12361
-12087
-11655
-11361
-11386
-11451
-11493
-11556
-11420
-11122
-11146
-11287
-11232
-11254
-11285
-11088
-10960
-11001
-10893
-10819
-10794
-10532
-10176
-9900
-9535
-9161
-9004
-8752
-8303
-8031
-7825
-7486
-7257
-6982
-6553
-6103
-5714
-5443
-5280
-5293
-5243
-5124
-4971
-4711
-4688
-4848
-5052
-5485
-5955
-6280
-6496
-6738
-7182
-7646
-8066
-8229
-8052
-8048
-8427
-9142
-9911
-10545
-11093
-11464
-11833
-12362
-12919
-13483
-13975
-14374
-14752
-15076
-15458
-15872
-16196
-16422
-16665
-16939
-17223
-17598
-17928
-18157
-18320
-18498
-18727
-18970
-19184
-19250
-19231
-19191
-19107
-19041
-19009
-18921
-18828
-18719
-18538
-18314
-18076
-17902
-17704
-17475
-17213
-16782
-16239
-15750
-15289
-14835
-14513
-14383
-14354
-14264
-14169
-14041
-13874
-13816
-13799
-13767
-13852
-14117
-14467
-14827
-15029
-15004
-14877
-14737
-14499
-14223
-14154
-14074
-13895
-13840
-13741
-13559
-13439
-13327
-13194
-13086
-12997
-12720
-12343
-12090
-11907
-11860
-11824
-11537
-11152
-10900
-10707
-10561
-10514
-10365
-10066
-9869
-9750
-9637
-9695
-9797
-9810
-9834
-9833
-9671
-9576
-9664
-9578
-9388
-9304
-9161
-8959
-8991
-9116
-9203
-9461
-9627
-9556
-9609
-9950
-10373
-10864
-11316
-11446
-11390
-11347
-11390
-11507
-11676
-11810
-11830
-11875
-11915
-11962
-12139
-12220
-12213
-12303
-12364
-12535
-12865
-13179
-13402
-13556
-13714
-13824
-14153
-14707
-15177
-15575
-15808
-15864
-15992
-16285
-16663
-16998
-17186
-17218
-17237
-17455
-17712
-17909
-18027
-17854
-17585
-17474
-17459
-17458
-17596
-17730
-17646
-17478
-17362
-17341
-17273
-17183
-17105
-16975
-16889
-16869
-16898
-16958
-17051
-17194
-17389
-17660
-17951
-18181
-18366
-18507
-18657
-18807
-19018
-19200
-19227
-19297
-19335
-19392
-19550
-19654
-19665
-19591
-19496
-19399
-19384
-19452
-19468
-19449
-19410
-19302
-19238
-19173
-18969
-18688
-18331
-17935
-17611
-17424
-17251
-16963
-16627
-16228
-15755
-15433
-15178
-14794
-14379
-13868
-13384
-13114
-12942
-12764
-12625
-12418
-12053
-11664
-11265
-10919
-10726
-10569
-10253
-9870
-9503
-9161
-8938
-8774
-8565
-8365
-8255
-8126
-8020
-8011
-8072
-8216
-8311
-8336
-8458
-8619
-8748
-8929
-9123
-9290
-9426
-9601
-9671
-9701
-9912
-10019
-10038
-10145
-10205
-10221
-10282
-10275
-10202
-10225
-10272
-10232
-10203
-10189
-10136
-10248
-10414
-10485
-10717
-11066
-11228
-11200
-11116
-10970
-10961
-11264
-11544
-11646
-11742
-11675
-11597
-11831
-12088
-12228
-12412
-12499
-12450
-12663
-12996
-13179
-13459
-13727
-13829
-14020
-14328
-14504
-14747
-15169
-15457
-15681
-16023
-16303
-16506
-16856
-17227
-17445
-17629
-17736
-17681
-17733
-17840
-17747
-17591
-17383
-17076
-16868
-16800
-16702
-16502
-16220
-15972
-15860
-15875
-15809
-15708
-15714
-15631
-15606
-15732
-15853
-15969
-16102
-16130
-16047
-16041
-16081
-16058
-16086
-16171
-16007
-15743
-15440
-15016
-14847
-14919
-14922
-14767
-14549
-14277
-14126
-14230
-14294
-14256
-14235
-14143
-13982
-13897
-13838
-13734
-13585
-13278
-12765
-12283
-11891
-11526
-11192
-10733
-10136
-9444
-8807
-8321
-8004
-7833
-7611
-7311
-6959
-6569
-6225
-6065
-5980
-5852
-5811
-5831
-5803
-5796
-5859
-5948
-6140
-6329
-6469
-6782
-7293
-7871
-8454
-8849
-9056
-9375
-9797
-10251
-10706
-11068
-11287
-11484
-11740
-11930
-12157
-12422
-12496
-12531
-12731
-12919
-13155
-13516
-13780
-13954
-14138
-14404
-14776
-15243
-15710
-16054
-16300
-16480
-16635
-16831
-16972
-16953
-16867
-16833
-16880
-16876
-16781
-16651
-16502
-16350
-16151
-15961
-15807
-15712
-15639
-15441
-15140
-14818
-14527
-14326
-14190
-14074
-13980
-13904
-13877
-13806
-13693
-13686
-13738
-13821
-13935
-14086
-14259
-14309
-14248
-14152
-14055
-14084
-14187
-14233
-14218
-14244
-14319
-14338
-14404
-14571
-14753
-14781
-14711
-14606
-14377
-14242
-14241
-14197
-14004
-13660
-13167
-12638
-12225
-11792
-11302
-10790
-10223
-9673
-9309
-9104
-8876
-8625
-8330
-7952
-7746
-7815
-7955
-8157
-8345
-8407
-8518
-8831
-9134
-9393
-9743
-9898
-9887
-9999
-10125
-10232
-10497
-10733
-10746
-10695
-10674
-10673
-10810
-11025
-11019
-10900
-10765
-10533
-10361
-10325
-10238
-10078
-9993
-9889
-9721
-9550
-9434
-9354
-9418
-9582
-9682
-9892
-10151
-10389
-10644
-10808
-10952
-11268
-11602
-11819
-11987
-12104
-12302
-12765
-13302
-13638
-13960
-14198
-14271
-14430
-14664
-14766
-14783
-14866
-14882
-14852
-14802
-14665
-14452
-14185
-13869
-13627
-13502
-13256
-12903
-12595
-12432
-12446
-12598
-12721
-12770
-12893
-13045
-13169
-13341
-13606
-13846
-14044
-14279
-14663
-15204
-15848
-16478
-16897
-17209
-17480
-17789
-18222
-18720
-19115
-19256
-19217
-19239
-19509
-19897
-20195
-20242
-20085
-19932
-19955
-20189
-20428
-20477
-20307
-20016
-19761
-19638
-19555
-19324
-18882
-18305
-17577
-16885
-16323
-15693
-14994
-14289
-13637
-12991
-12396
-11834
-11242
-10812
-10615
-10520
-10447
-10352
-10151
-9898
-9644
-9480
-9524
-9757
-10053
-10321
-10531
-10666
-10866
-11101
-11250
-11435
-11601
-11678
-11931
-12145
-12096
-12035
-11947
-11768
-11509
-11237
-10905
-10568
-10378
-10245
-10045
-9745
-9424
-9208
-9306
-9406
-9233
-8973
-8515
-7874
-7490
-7641
-7952
-8154
-8265
-8207
-8165
-8310
-8625
-8964
-9131
-9060
-8825
-8618
-8524
-8532
-8651
-8661
-8413
-8088
-7788
-7578
-7618
-7803
-7969
-8123
-8223
-8385
-8823
-9413
-9829
-10125
-10454
-10825
-11372
-12094
-12889
-13672
-14429
-15108
-15726
-16507
-17432
-18343
-19175
-19896
-20491
-20982
-21414
-21940
-22683
-23487
-24090
-24478
-24792
-25070
-25358
-25690
-25970
-26066
-26014
-25886
-25696
-25525
-25371
-25142
-24743
-24202
-23653
-23175
-22742
-22327
-21867
-21337
-20766
-20168
-19638
-19171
-18661
-18093
-17558
-17009
-16469
-15923
-15249
-14657
-14211
-13801
-13415
-13051
-12653
-12308
-12118
-11946
-11757
-11555
-11297
-10965
-10670
-10441
-10196
-10003
-9761
-9404
-9133
-8890
-8599
-8310
-7970
-7636
-7335
-7130
-6913
-6724
-6614
-6395
-6181
-6004
-5768
-5475
-5387
-5511
-5588
-5615
-5705
-5733
-5609
-5721
-6097
-6732
-7513
-7986
-8205
-8523
-8947
-9372
-9891
-10137
-10034
-10077
-10206
-10152
-10233
-10511
-10535
-10506
-10639
-10641
-10656
-10976
-11254
-11485
-11928
-12266
-12520
-13023
-13616
-14087
-14624
-15148
-15637
-16194
-16623
-16917
-17194
-17472
-17607
-17754
-18010
-18249
-18535
-18722
-18703
-18688
-18834
-18953
-19027
-19183
-19259
-19299
-19416
-19388
-19310
-19416
-19518
-19535
-19587
-19678
-19655
-19548
-19402
-19188
-19091
-19051
-18869
-18634
-18362
-17873
-17336
-16976
-16607
-16192
-15824
-15403
-14981
-14633
-14477
-14528
-14612
-14673
-14580
-14495
-14395
-14146
-14029
-14004
-13870
-13726
-13656
-13481
-13252
-13049
-12755
-12436
-12195
-11983
-11725
-11450
-11156
-10802
-10451
-10217
-9990
-9766
-9550
-9243
-8835
-8392
-8076
-7844
-7755
-7770
-7683
-7535
-7477
-7530
-7594
-7720
-7934
-8106
-8181
-8303
-8369
-8343
-8386
-8445
-8464
-8569
-8794
-8882
-8925
-9055
-9212
-9407
-9693
-10015
-10210
-10338
-10397
-10351
-10360
-10569
-10748
-10844
-10932
-10922
-11031
-11253
-11467
-11710
-11985
-12237
-12469
-12758
-13159
-13548
-13895
-14160
-14190
-14330
-14649
-14916
-15183
-15488
-15753
-15946
-16214
-16531
-16794
-17020
-17142
-17172
-17371
-17677
-17906
-18103
-18260
-18377
-18456
-18489
-18506
-18578
-18600
-18517
-18373
-18116
-17728
-17343
-17086
-16886
-16763
-16623
-16308
-15867
-15350
-14845
-14567
-14430
-14259
-14138
-14007
-13808
-13685
-13751
-13880
-14079
-14271
-14229
-14157
-14279
-14472
-14683
-14954
-15049
-15033
-15102
-15088
-14986
-14953
-14857
-14604
-14362
-14051
-13720
-13499
-13238
-12948
-12778
-12636
-12419
-12277
-12126
-11797
-11439
-11169
-10860
-10608
-10526
-10372
-10164
-10113
-10034
-9870
-9897
-9943
-9874
-9886
-9921
-9875
-9990
-10309
-10571
-10946
-11509
-12026
-12521
-13081
-13517
-13877
-14387
-14824
-15201
-15733
-16129
-16277
-16509
-16674
-16576
-16561
-16538
-16202
-15888
-15630
-15108
-14597
-14285
-13905
-13476
-13156
-12678
-12120
-11836
-11631
-11431
-11414
-11475
-11368
-11285
-11330
-11348
-11496
-11622
-11611
-11751
-12024
-12316
-12688
-13033
-13260
-13428
-13534
-13645
-13888
-14272
-14632
-14874
-15033
-15044
-14901
-14782
-14807
-14944
-15016
-14945
-14849
-14761
-14743
-14827
-14882
-14816
-14733
-14691
-14619
-14486
-14258
-13980
-13766
-13675
-13583
-13394
-13235
-13166
-13083
-12985
-12951
-12968
-13034
-13124
-13210
-13265
-13360
-13519
-13718
-13964
-14113
-14195
-14348
-14534
-14663
-14785
-14911
-15046
-15208
-15228
-15132
-15028
-14920
-14812
-14747
-14681
-14561
-14485
-14336
-14017
-13696
-13412
-13171
-13003
-12793
-12463
-12001
-11510
-11116
-10905
-10867
-10812
-10649
-10328
-9931
-9621
-9508
-9514
-9433
-9260
-9013
-8721
-8491
-8366
-8286
-8216
-8056
-7823
-7626
-7526
-7601
-7731
-7901
-8051
-8066
-8101
-8216
-8291
-8350
-8451
-8432
-8301
-8237
-8208
-8121
-8176
-8301
-8242
-8209
-8250
-8215
-8238
-8401
-8409
-8334
-8411
-8410
-8322
-8477
-8752
-8782
-8743
-8744
-8668
-8657
-8808
-8970
-9140
-9380
-9661
-10020
-10484
-10967
-11255
-11549
-11913
-12253
-12706
-13146
-13513
-13842
-14216
-14685
-15200
-15668
-15998
-16250
-16489
-16766
-17126
-17527
-17843
-18068
-18276
-18384
-18422
-18443
-18313
-18196
-18159
-18086
-18051
-18011
-18017
-18072
-18197
-18369
-18541
-18814
-19040
-19218
-19441
-19644
-19834
-20013
-20177
-20287
-20373
-20517
-20608
-20642
-20670
-20674
-20708
-20760
-20746
-20622
-20574
-20528
-20363
-20236
-20101
-19822
-19413
-19074
-18754
-18365
-18047
-17745
-17304
-16862
-16507
-16097
-15649
-15228
-14859
-14438
-14021
-13660
-13215
-12642
-12070
-11517
-10842
-10200
-9578
-8924
-8375
-7869
-7270
-6721
-6360
-6055
-5709
-5340
-4971
-4599
-4393
-4226
-4064
-3944
-3692
-3460
-3298
-3194
-3148
-3125
-3013
-2832
-2727
-2725
-2824
-2995
-3180
-3310
-3474
-3681
-3935
-4168
-4408
-4816
-5297
-5747
-6176
-6675
-7156
-7628
-8195
-8813
-9337
-9698
-10063
-10511
-11018
-11523
-11927
-12160
-12358
-12554
-12827
-13240
-13583
-13863
-14221
-14714
-15199
-15724
-16352
-16918
-17470
-18055
-18543
-19055
-19730
-20349
-20967
-21623
-22103
-22489
-22981
-23470
-23826
-24116
-24260
-24196
-24147
-24251
-24324
-24359
-24438
-24576
-24715
-24716
-24605
-24485
-24465
-24452
-24433
-24442
-24285
-24035
-23864
-23694
-23511
-23347
-23068
-22574
-22128
-21848
-21542
-21322
-20937
-20198
-19476
-18882
-18243
-17426
-16675
-15950
-15062
-14237
-13754
-13416
-12791
-12128
-11606
-11089
-10733
-10577
-10514
-10452
-10370
-10264
-9977
-9771
-9928
-10031
-9816
-9578
-9425
-9189
-9047
-9067
-9021
-8756
-8454
-8293
-8070
-7744
-7380
-7146
-6934
-6633
-6460
-6341
-6248
-6318
-6509
-6792
-6985
-7010
-7197
-7491
-7928
-8434
-8914
-9182
-9051
-9469
-10172
-10263
-10191
-10571
-10876
-10797
-11363
-12375
-12504
-11940
-12109
-12360
-12222
-12682
-12897
-12699
-12916
-13104
-12684
-12328
-12833
-13489
-13528
-13446
-13513
-13537
-13823
-14378
-15208
-16137
-16654
-16992
-17528
-17906
-17985
-18605
-19503
-19826
-20121
-20445
-20428
-20637
-21247
-21707
-21891
-22009
-21859
-21611
-21789
-21981
-22027
-22013
-21539
-21138
-21303
-21159
-20446
-20129
-19959
-19270
-19058
-19496
-18961
-17504
-16926
-16562
-15633
-15323
-14892
-14283
-14403
-14228
-13387
-12616
-12419
-12502
-12519
-12366
-12023
-11824
-11607
-11289
-11490
-11887
-11453
-10869
-10662
-10254
-9976
-10204
-10392
-10228
-10132
-9765
-9168
-9043
-9059
-8966
-8820
-8333
-7667
-7434
-7430
-7247
-7052
-6764
-6302
-6177
-6389
-6440
-6427
-6423
-6333
-6243
-6314
-6512
-6724
-7021
-7370
-7699
-8019
-8341
-8662
-8931
-9126
-9366
-9533
-9664
-9982
-10251
-10384
-10579
-10849
-11089
-11222
-11190
-11359
-11589
-11538
-11859
-12225
-11889
-11832
-12599
-12794
-12497
-12984
-13431
-13410
-13884
-14443
-14555
-14984
-15592
-15793
-16013
-16354
-16414
-16595
-17151
-17428
-17555
-17865
-17971
-17979
-18182
-18273
-18285
-18516
-18793
-19009
-19192
-19282
-19297
-19356
-19307
-19132
-19111
-19069
-18794
-18545
-18323
-17989
-17685
-17276
-16695
-16161
-15657
-15049
-14505
-14121
-13689
-13320
-12986
-12486
-12113
-12047
-11831
-11544
-11498
-11191
-10873
-11102
-11192
-10917
-10956
-11062
-10776
-10664
-10930
-10952
-10798
-10815
-10721
-10636
-10725
-10724
-10681
-10621
-10375
-10184
-10203
-10248
-10405
-10633
-10671
-10489
-10394
-10392
-10413
-10581
-10556
-10347
-10267
-10185
-10118
-10289
-10441
-10276
-10026
-9879
-9738
-9726
-9800
-9700
-9615
-9599
-9561
-9613
-9769
-9822
-9871
-10134
-10336
-10487
-10692
-10842
-10953
-11176
-11407
-11567
-11809
-11963
-12044
-12169
-12263
-12398
-12564
-12527
-12423
-12431
-12487
-12704
-13002
-13196
-13332
-13598
-13859
-14222
-14808
-15222
-15533
-15993
-16421
-16734
-17257
-17806
-18187
-18678
-19074
-19244
-19594
-20054
-20232
-20390
-20601
-20637
-20607
-20598
-20440
-20239
-20124
-19903
-19595
-19243
-18870
-18451
-18024
-17581
-17157
-16845
-16547
-16215
-15823
-15448
-15095
-14701
-14261
-13860
-13532
-13245
-12992
-12717
-12442
-12208
-11999
-11864
-11861
-11834
-11761
-11728
-11772
-11785
-11829
-11918
-11597
-11297
-11591
-11837
-11380
-10822
-10723
-10615
-10541
-10699
-10606
-10211
-9872
-9639
-9519
-9358
-8848
-8148
-7632
-7282
-7184
-7426
-7595
-7646
-7805
-8015
-8146
-8339
-8569
-8653
-8859
-9217
-9606
-9959
-10243
-10509
-10761
-11017
-11276
-11590
-11903
-12203
-12504
-12783
-13036
-13350
-13687
-13897
-14062
-14262
-14475
-14662
-14799
-14880
-15058
-15371
-15651
-15969
-16450
-16888
-17336
-17691
-17631
-17714
-18139
-18389
-18262
-17975
-17778
-17846
-18157
-18250
-18051
-17818
-17675
-17721
-17969
-18053
-17854
-17824
-17932
-18033
-18291
-18509
-18474
-18362
-18185
-17980
-17907
-17836
-17590
-17236
-16984
-16841
-16805
-16784
-16617
-16379
-16120
-15731
-15327
-15128
-14929
-14654
-14309
-13917
-13705
-13674
-13690
-13563
-13224
-12767
-12390
-12353
-12540
-12624
-12589
-12477
-12276
-12182
-12217
-12221
-12183
-11999
-11720
-11519
-11326
-11145
-11020
-10872
-10587
-10126
-9814
-10047
-10302
-9886
-9322
-9145
-9090
-9011
-8947
-8630
-8277
-8439
-8641
-8412
-8286
-8332
-8103
-7962
-8030
-7907
-7771
-7824
-7838
-7778
-7872
-7968
-7898
-7822
-7770
-7693
-7802
-8104
-8338
-8468
-8563
-8664
-8742
-8870
-9093
-9373
-9610
-9776
-10042
-10345
-10600
-10903
-11268
-11613
-12027
-12503
-12931
-13413
-13956
-14471
-14911
-15317
-15664
-15987
-16372
-16758
-17086
-17442
-17821
-18076
-18392
-18768
-19095
-19418
-19691
-19902
-19990
-19949
-19676
-19253
-19007
-18782
-18475
-18288
-17934
-17378
-16988
-16699
-16321
-15912
-15504
-14932
-14467
-14274
-14097
-13991
-14057
-14063
-13907
-13810
-13709
-13639
-13808
-13984
-14068
-14275
-14522
-14655
-14690
-14721
-14735
-14720
-14693
-14463
-14234
-14215
-14229
-14150
-14024
-13882
-13718
-13651
-13596
-13503
-13452
-13443
-13335
-13124
-12887
-12579
-12250
-11925
-11661
-11398
-11074
-10856
-10741
-10584
-10473
-10416
-10419
-10346
-10181
-10390
-10761
-10833
-10588
-10544
-10827
-11164
-11484
-11301
-10916
-10929
-11156
-11281
-11267
-11160
-11090
-11284
-11554
-11573
-11428
-11321
-11178
-11100
-10977
-10706
-10668
-10918
-11162
-11261
-11247
-11084
-10946
-10872
-10864
-10983
-11151
-11313
-11373
-11500
-11704
-11820
-11938
-12077
-11999
-11890
-12048
-12363
-12708
-12976
-13191
-13382
-13720
-14189
-14530
-14818
-15052
-15091
-15146
-15358
-15583
-15813
-15999
-16113
-16133
-16133
-16138
-16099
-16154
-16222
-16133
-16025
-15997
-15929
-15867
-15740
-15510
-15351
-15280
-15192
-15192
-15425
-15585
-15520
-15355
-15186
-14965
-14795
-14916
-15212
-15471
-15599
-15601
-15486
-15415
-15532
-15746
-15920
-16085
-16153
-16007
-15914
-15958
-16076
-16223
-16250
-16044
-15775
-15542
-15307
-15090
-14811
-14435
-13939
-13541
-13390
-13364
-13380
-13311
-12962
-12401
-11907
-11592
-11492
-11466
-11366
-11145
-10932
-10762
-10588
-10549
-10496
-10331
-10126
-9987
-10054
-10233
-10405
-10586
-10721
-10786
-10862
-10957
-11108
-11368
-11645
-11808
-11985
-12283
-12541
-12696
-12942
-13319
-13641
-13882
-14064
-14163
-14223
-14368
-14446
-14405
-14365
-14116
-13655
-13083
-12471
-11899
-11460
-11255
-11209
-11186
-11081
-10820
-10486
-10350
-10389
-10478
-10569
-10587
-10574
-10700
-10942
-11034
-10966
-10924
-11006
-11192
-11568
-11909
-12019
-12125
-12257
-12434
-12670
-12874
-12971
-13065
-13159
-13169
-13347
-13672
-13760
-13667
-13633
-13536
-13484
-13613
-13696
-13644
-13594
-13484
-13242
-13193
-13226
-13007
-12812
-12736
-12527
-12378
-12442
-12485
-12423
-12419
-12510
-12611
-12784
-12895
-12910
-12965
-13112
-13373
-13649
-13955
-14185
-14251
-14363
-14498
-14574
-14719
-14772
-14671
-14635
-14672
-14722
-14782
-14835
-14760
-14608
-14465
-14393
-14406
-14447
-14473
-14408
-14306
-14226
-14192
-14080
-13872
-13714
-13616
-13484
-13348
-13277
-13118
-12864
-12596
-12360
-12229
-12226
-12156
-11994
-11931
-11899
-11883
-11911
-11912
-11879
-11879
-11835
-11750
-11765
-11844
-11928
-12062
-12238
-12397
-12645
-12904
-13105
-13325
-13482
-13618
-13829
-13987
-14042
-14116
-14084
-13954
-13915
-13894
-13861
-13976
-14135
-14166
-14201
-14339
-14493
-14621
-14800
-14973
-15193
-15379
-15344
-15348
-15529
-15674
-15695
-15774
-15833
-15806
-15874
-15991
-16010
-15957
-15884
-15760
-15719
-15762
-15837
-15962
-16043
-16037
-15999
-15862
-15587
-15375
-15253
-15124
-14974
-14816
-14594
-14434
-14379
-14306
-14226
-14019
-13768
-13630
-13613
-13548
-13393
-13185
-12840
-12596
-12555
-12445
-12178
-11995
-11774
-11474
-11356
-11311
-11238
-11174
-11043
-10806
-10729
-10805
-10789
-10694
-10452
-9998
-9647
-9613
-9658
-9662
-9712
-9716
-9600
-9639
-9732
-9702
-9774
-9872
-9929
-10102
-10321
-10396
-10445
-10507
-10537
-10634
-10851
-11084
-11199
-11328
-11483
-11651
-11871
-11978
-11896
-11933
-12157
-12321
-12478
-12711
-12957
-13200
-13480
-13669
-13814
-14022
-14298
-14647
-14948
-15186
-15427
-15679
-15849
-16074
-16326
-16414
-16511
-16689
-16723
-16674
-16733
-16729
-16804
-17005
-17119
-17234
-17366
-17353
-17240
-17214
-17122
-16966
-16983
-16937
-16717
-16676
-16641
-16485
-16470
-16403
-16146
-16003
-15978
-15826
-15732
-15696
-15531
-15346
-15195
-15047
-15017
-15129
-15109
-14969
-14841
-14699
-14552
-14461
-14319
-14100
-13948
-13778
-13585
-13342
-13054
-12704
-12387
-12093
-11613
-11145
-10716
-10262
-9871
-9580
-9271
-8937
-8704
-8454
-8281
-8433
-8628
-8610
-8670
-8890
-9213
-9618
-9992
-10289
-10616
-10965
-11355
-11906
-12291
-12533
-12904
-13268
-13556
-13879
-14231
-14428
-14542
-14770
-14928
-14988
-15084
-14982
-14768
-14647
-14602
-14625
-14574
-14401
-14119
-13758
-13421
-13120
-12745
-12375
-12119
-11941
-11780
-11602
-11434
-11206
-10967
-10839
-10793
-10732
-10701
-10768
-10883
-11082
-11346
-11602
-11827
-12080
-12358
-12635
-12909
-13115
-13261
-13456
-13726
-14044
-14450
-14860
-15159
-15323
-15461
-15575
-15620
-15618
-15507
-15386
-15388
-15436
-15389
-15350
-15351
-15296
-15184
-14965
-14619
-14276
-14067
-13956
-13811
-13539
-13288
-13048
-12805
-12703
-12573
-12277
-11987
-11751
-11438
-11216
-11129
-11027
-10957
-10996
-11007
-10970
-11023
-10978
-10886
-10942
-11032
-11149
-11461
-11820
-12087
-12426
-12799
-13047
-13197
-13340
-13449
-13677
-13989
-14218
-14439
-14480
-14234
-14046
-14089
-14120
-14179
-14225
-14084
-13890
-13656
-13430
-13382
-13386
-13109
-12718
-12591
-12607
-12560
-12471
-12276
-12089
-12068
-12027
-12036
-12189
-12345
-12446
-12574
-12654
-12650
-12767
-12896
-12980
-13178
-13334
-13266
-13195
-13137
-12953
-12765
-12574
-12314
-12125
-12078
-11985
-11899
-11853
-11700
-11515
-11352
-11167
-11043
-11038
-10997
-10944
-10974
-11028
-11135
-11358
-11565
-11618
-11681
-11732
-11707
-11898
-12291
-12635
-12914
-13187
-13407
-13562
-13775
-13980
-14189
-14498
-14784
-15061
-15347
-15608
-15752
-15790
-15932
-16090
-16194
-16345
-16385
-16236
-16111
-15992
-15791
-15637
-15585
-15516
-15487
-15529
-15422
-15235
-15113
-15027
-14854
-14640
-14519
-14447
-14430
-14437
-14399
-14303
-14299
-14365
-14468
-14691
-14908
-15099
-15295
-15395
-15421
-15609
-15983
-16398
-16664
-16677
-16593
-16709
-17083
-17521
-18005
-18239
-18053
-17874
-17945
-17985
-17922
-17925
-17779
-17503
-17304
-17044
-16733
-16534
-16203
-15668
-15195
-14846
-14603
-14461
-14197
-13727
-13351
-13053
-12777
-12569
-12393
-12233
-12079
-11979
-11884
-11768
-11692
-11727
-11693
-11608
-11569
-11455
-11340
-11365
-11460
-11418
-11390
-11417
-11364
-11308
-11323
-11305
-11257
-11265
-11227
-11188
-11152
-11128
-11170
-11189
-11079
-10949
-10854
-10744
-10777
-10887
-10942
-10978
-10975
-10808
-10685
-10688
-10601
-10487
-10440
-10464
-10447
-10393
-10371
-10442
-10542
-10597
-10663
-10749
-10892
-11125
-11464
-11648
-11652
-11698
-11787
-11891
-11984
-12022
-12028
-12099
-12183
-12253
-12382
-12533
-12520
-12425
-12422
-12494
-12707
-13027
-13310
-13464
-13514
-13540
-13614
-13753
-13962
-14149
-14368
-14634
-14795
-14960
-15135
-15315
-15493
-15732
-16035
-16266
-16577
-16926
-17164
-17390
-17607
-17790
-18017
-18260
-18485
-18679
-18882
-18967
-18916
-18993
-19028
-18925
-18774
-18531
-18204
-17972
-17814
-17626
-17428
-17165
-16900
-16567
-16216
-15898
-15549
-15200
-14907
-14706
-14461
-14103
-13712
-13360
-13025
-12675
-12291
-11964
-11688
-11424
-11143
-10793
-10511
-10357
-10322
-10264
-10154
-10070
-10023
-10050
-10163
-10272
-10240
-10198
-10414
-10782
-10994
-11165
-11301
-11420
-11765
-12062
-12082
-12035
-11959
-11815
-11780
-11785
-11622
-11405
-11216
-10922
-10727
-10689
-10399
-9994
-9729
-9451
-9208
-9256
-9412
-9386
-9364
-9445
-9518
-9661
-9841
-9851
-9832
-9905
-9980
-10054
-10125
-10170
-10225
-10305
-10262
-10213
-10369
-10524
-10564
-10590
-10622
-10725
-10943
-11223
-11453
-11648
-11960
-12271
-12636
-13037
-13249
-13509
-13867
-14019
-14124
-14357
-14458
-14481
-14652
-14799
-14900
-15214
-15526
-15688
-15921
-16076
-16095
-16200
-16301
-16207
-16212
-16365
-16399
-16456
-16512
-16430
-16393
-16421
-16329
-16286
-16358
-16339
-16378
-16546
-16630
-16735
-17027
-17243
-17292
-17373
-17387
-17268
-17295
-17449
-17553
-17563
-17342
-16995
-16792
-16695
-16522
-16396
-16228
-15838
-15448
-15112
-14885
-14827
-14727
-14380
-14066
-13948
-13824
-13782
-13799
-13617
-13228
-12985
-12893
-12860
-12933
-13001
-12993
-12862
-12792
-12666
-12537
-12664
-12772
-12730
-12670
-12622
-12615
-12770
-12927
-12962
-12930
-12917
-12965
-13029
-13196
-13364
-13426
-13403
-13472
-13754
-14083
-14350
-14488
-14487
-14437
-14392
-14425
-14518
-14489
-14400
-14400
-14409
-14388
-14419
-14435
-14410
-14438
-14388
-14237
-14092
-14014
-13984
-13982
-14016
-13988
-13914
-13860
-13772
-13646
-13549
-13431
-13368
-13388
-13406
-13429
-13352
-13216
-13155
-13265
-13411
-13372
-13288
-13227
-13220
-13471
-13597
-13239
-12925
-12870
-12804
-12813
-12833
-12477
-12047
-11924
-11838
-11893
-12096
-11917
-11481
-11278
-11220
-11273
-11482
-11519
-11260
-11054
-10924
-10743
-10759
-10764
-10571
-10325
-9979
-9618
-9429
-9373
-9311
-9229
-9034
-8818
-8798
-8905
-9010
-9169
-9309
-9419
-9716
-10136
-10523
-10948
-11350
-11561
-11877
-12375
-12805
-13276
-13784
-14002
-14081
-14441
-14815
-15215
-15756
-16066
-16135
-16235
-16292
-16273
-16457
-16616
-16469
-16183
-16001
-15836
-15684
-15618
-15426
-15186
-14917
-14606
-14323
-14135
-14052
-14000
-13929
-13691
-13307
-13007
-12901
-12817
-12655
-12410
-12085
-11840
-11847
-11932
-11959
-12019
-11943
-11755
-11679
-11760
-11861
-11953
-11944
-11758
-11665
-11762
-11871
-11877
-11958
-12078
-12082
-12081
-12192
-12383
-12526
-12568
-12534
-12456
-12364
-12320
-12233
-12095
-11931
-11737
-11585
-11494
-11449
-11416
-11312
-11083
-10975
-11041
-11165
-11215
-11086
-10883
-10677
-10613
-10686
-10783
-10750
-10547
-10376
-10352
-10424
-10572
-10822
-11129
-11373
-11511
-11673
-11852
-12047
-12228
-12382
-12493
-12473
-12484
-12651
-12792
-12781
-12809
-12754
-12567
-12663
-13018
-13258
-13482
-13760
-13901
-14016
-14171
-14289
-14410
-14643
-14745
-14752
-14930
-15140
-15379
-15592
-15670
-15657
-15716
-15854
-15947
-16014
-16116
-16196
-16194
-16260
-16336
-16378
-16458
-16531
-16497
-16350
-16234
-16185
-16200
-16370
-16584
-16525
-16367
-16298
-16199
-16128
-16177
-16215
-15991
-15802
-15842
-15865
-15827
-15675
-15450
-15275
-15093
-14912
-14790
-14700
-14550
-14315
-14124
-13943
-13815
-13840
-13950
-14039
-13980
-13965
-14026
-14035
-14094
-14104
-13931
-13796
-13860
-13990
-14083
-14068
-13843
-13500
-13320
-13334
-13426
-13574
-13578
-13388
-13199
-13115
-13241
-13478
-13546
-13398
-13190
-13095
-13140
-13333
-13443
-13319
-13192
-13042
-12904
-12863
-12840
-12745
-12547
-12240
-11868
-11713
-11770
-11804
-11633
-11266
-10925
-10722
-10721
-10783
-10679
-10457
-10176
-9902
-9898
-10117
-10209
-10160
-10076
-9886
-9790
-10013
-10246
-10286
-10196
-10039
-9990
-10140
-10313
-10336
-10310
-10313
-10386
-10667
-10988
-11172
-11394
-11724
-12120
-12576
-13059
-13268
-13319
-13532
-13648
-13845
-14226
-14448
-14543
-14693
-14710
-14616
-14775
-14948
-15025
-15160
-15141
-15023
-15107
-15216
-15205
-15309
-15404
-15294
-15280
-15497
-15720
-16055
-16460
-16697
-16919
-17250
-17556
-17907
-18328
-18453
-18383
-18366
-18325
-18388
-18578
-18565
-18262
-17912
-17561
-17296
-17198
-17050
-16727
-16418
-16110
-15771
-15535
-15302
-15005
-14661
-14284
-13891
-13677
-13646
-13548
-13469
-13391
-13226
-13050
-12909
-12867
-12903
-12846
-12774
-12825
-12812
-12724
-12615
-12346
-11910
-11538
-11373
-11177
-10927
-10833
-10688
-10495
-10502
-10531
-10486
-10540
-10630
-10641
-10791
-10937
-10859
-10983
-11306
-11436
-11568
-11706
-11551
-11551
-11940
-12269
-12501
-12617
-12445
-12434
-12984
-13607
-13861
-13959
-13969
-14077
-14606
-15076
-15128
-15004
-14886
-14875
-15058
-15369
-15526
-15552
-15462
-15216
-15097
-15240
-15432
-15556
-15649
-15551
-15438
-15520
-15665
-15863
-15953
-15732
-15293
-14911
-14685
-14608
-14635
-14510
-14122
-13750
-13521
-13460
-13651
-13719
-13467
-13217
-13010
-12822
-12875
-13044
-13039
-12812
-12448
-12180
-12244
-12584
-12837
-12864
-12709
-12466
-12410
-12572
-12696
-12683
-12508
-12137
-11827
-11679
-11485
-11252
-11105
-10874
-10614
-10538
-10425
-10297
-10257
-10131
-9917
-9815
-9871
-9983
-10205
-10431
-10515
-10606
-10784
-10949
-11053
-11175
-11375
-11579
-11709
-11749
-11807
-11980
-12253
-12468
-12424
-12296
-12245
-12250
-12365
-12606
-12788
-12770
-12715
-12722
-12850
-13100
-13308
-13444
-13633
-13816
-14005
-14279
-14496
-14736
-14976
-15107
-15284
-15596
-15871
-15910
-15771
-15641
-15630
-15734
-15841
-15765
-15628
-15562
-15549
-15551
-15506
-15391
-15136
-14897
-14767
-14711
-14720
-14662
-14440
-14211
-14103
-13999
-13884
-13783
-13522
-13077
-12708
-12414
-12200
-12023
-11706
-11300
-10917
-10643
-10349
-10089
-9912
-9728
-9568
-9337
-8991
-8760
-8824
-8925
-8933
-8905
-8827
-8903
-9204
-9545
-9907
-10242
-10400
-10515
-10849
-11333
-11663
-11864
-12027
-12204
-12432
-12584
-12700
-12945
-13178
-13207
-13323
-13538
-13720
-13998
-14240
-14366
-14482
-14580
-14682
-15027
-15432
-15678
-15973
-16210
-16277
-16444
-16804
-17179
-17431
-17536
-17600
-17686
-17803
-17797
-17611
-17482
-17452
-17257
-16890
-16677
-16587
-16505
-16376
-16058
-15653
-15412
-15340
-15263
-15197
-15070
-14719
-14345
-14217
-14186
-14263
-14516
-14612
-14383
-14072
-13976
-14013
-14106
-14266
-14331
-14342
-14364
-14355
-14472
-14639
-14678
-14691
-14677
-14702
-14743
-14799
-14844
-14758
-14657
-14448
-14079
-13764
-13637
-13507
-13226
-12844
-12258
-11695
-11406
-11121
-10724
-10281
-9678
-9068
-8682
-8440
-8152
-7790
-7380
-7038
-6906
-6815
-6687
-6624
-6700
-6794
-6881
-7057
-7281
-7601
-7975
-8349
-8679
-8978
-9283
-9618
-10016
-10416
-10822
-11221
-11573
-11904
-12329
-12837
-13371
-13901
-14267
-14405
-14424
-14413
-14453
-14607
-14813
-14919
-14866
-14843
-14923
-15040
-15080
-15028
-14960
-14843
-14751
-14674
-14702
-14782
-14774
-14847
-14935
-14960
-15021
-15018
-14848
-14657
-14558
-14522
-14504
-14485
-14434
-14424
-14487
-14482
-14435
-14375
-14240
-14095
-14100
-14223
-14444
-14601
-14494
-14407
-14447
-14494
-14501
-14544
-14558
-14466
-14458
-14426
-14210
-13956
-13824
-13788
-13830
-13936
-13900
-13684
-13644
-13819
-13931
-13991
-14038
-13918
-13627
-13418
-13313
-13320
-13399
-13457
-13616
-13665
-13473
-13323
-13321
-13254
-13145
-13116
-12980
-12710
-12534
-12430
-12340
-12336
-12241
-11970
-11709
-11510
-11297
-11237
-11307
-11286
-11298
-11354
-11343
-11399
-11552
-11550
-11513
-11625
-11723
-11848
-12067
-12251
-12371
-12476
-12538
-12612
-12734
-12878
-13027
-13163
-13307
-13459
-13657
-13836
-14072
-14400
-14644
-14808
-14960
-15126
-15327
-15511
-15594
-15635
-15673
-15650
-15601
-15545
-15505
-15522
-15522
-15504
-15428
-15274
-15069
-14875
-14814
-14737
-14634
-14474
-14340
-14338
-14193
-14053
-14032
-13926
-13772
-13864
-14058
-14128
-14352
-14507
-14300
-14182
-14309
-14375
-14480
-14612
-14510
-14369
-14426
-14339
-14023
-13796
-13581
-13402
-13321
-13194
-12956
-12686
-12391
-12091
-11989
-11929
-11810
-11752
-11688
-11613
-11651
-11721
-11669
-11640
-11625
-11491
-11474
-11555
-11490
-11459
-11468
-11407
-11389
-11449
-11464
-11438
-11569
-11749
-11939
-12177
-12238
-12210
-12345
-12465
-12461
-12481
-12450
-12304
-12119
-11929
-11818
-11895
-11978
-11911
-11757
-11586
-11540
-11596
-11555
-11399
-11330
-11298
-11142
-10951
-10828
-10806
-10857
-10839
-10743
-10760
-10802
-10735
-10720
-10906
-11079
-11205
-11453
-11705
-12091
-12621
-12999
-13223
-13373
-13389
-13428
-13634
-13789
-13834
-13994
-14215
-14266
-14371
-14480
-14297
-14127
-14079
-13952
-13839
-13717
-13497
-13307
-13128
-12929
-12775
-12771
-12645
-12180
-11710
-11287
-11029
-11177
-11440
-11404
-11119
-10824
-10641
-10690
-10928
-11067
-11091
-11106
-10885
-10583
-10501
-10634
-10913
-11263
-11577
-11733
-11755
-11663
-11699
-11855
-11819
-11903
-12375
-12626
-12639
-12941
-13081
-12961
-13026
-13108
-12986
-12922
-12963
-12820
-12666
-12602
-12491
-12505
-12565
-12328
-12110
-12114
-11919
-11704
-11836
-11972
-12025
-12237
-12323
-12311
-12600
-13109
-13519
-13872
-14220
-14409
-14646
-14998
-15350
-15697
-15951
-16037
-15989
-16018
-16163
-16265
-16338
-16383
-16351
-16322
-16297
-16266
-16173
-15979
-15853
-15841
-15826
-15752
-15666
-15516
-15308
-15141
-14974
-14807
-14727
-14647
-14514
-14513
-14557
-14549
-14632
-14742
-14736
-14743
-14817
-14886
-15083
-15264
-15293
-15477
-15813
-16018
-16145
-16240
-16291
-16346
-16451
-16456
-16253
-16110
-15922
-15669
-15577
-15483
-15195
-14733
-14220
-13929
-13993
-13885
-13474
-12990
-12489
-12257
-12268
-12058
-11600
-11309
-11034
-10654
-10444
-10288
-10099
-10008
-9849
-9588
-9449
-9475
-9573
-9717
-9954
-10087
-10190
-10366
-10430
-10525
-10730
-10918
-11076
-11300
-11534
-11768
-12084
-12417
-12712
-13023
-13256
-13397
-13623
-13871
-14088
-14270
-14379
-14376
-14410
-14517
-14543
-14553
-14554
-14583
-14583
-14556
-14551
-14592
-14739
-14932
-15188
-15237
-14932
-14653
-14724
-15132
-15614
-15901
-15814
-15454
-15239
-15420
-15799
-16061
-16174
-16204
-16167
-16241
-16461
-16656
-16761
-16837
-16826
-16717
-16672
-16685
-16834
-17041
-17032
-16787
-16557
-16496
-16551
-16725
-16784
-16603
-16408
-16279
-16223
-16327
-16359
-16195
-16064
-15929
-15777
-15725
-15692
-15439
-15208
-15078
-14719
-14512
-14460
-14209
-14001
-13914
-13744
-13513
-13392
-13218
-13000
-12926
-12672
-12327
-12197
-12142
-12078
-12002
-11866
-11504
-11077
-10692
-10440
-10528
-10596
-10506
-10348
-10102
-9810
-9598
-9495
-9306
-9124
-9015
-8773
-8535
-8385
-8149
-8110
-8258
-8308
-8355
-8415
-8413
-8464
-8787
-9146
-9473
-9926
-10227
-10419
-10802
-11206
-11606
-12086
-12359
-12465
-12692
-13026
-13265
-13465
-13643
-13683
-13810
-14085
-14271
-14410
-14571
-14559
-14522
-14665
-14930
-15277
-15633
-15815
-15816
-15938
-16107
-16232
-16440
-16580
-16572
-16675
-16864
-16960
-17147
-17345
-17379
-17325
-17196
-16969
-16849
-16933
-17035
-17077
-16975
-16620
-16247
-16106
-15943
-15723
-15517
-15176
-14797
-14604
-14529
-14443
-14476
-14481
-14336
-14232
-14182
-14025
-13853
-13708
-13438
-13170
-12997
-12827
-12640
-12473
-12149
-11722
-11480
-11349
-11209
-11038
-10804
-10525
-10307
-10215
-10213
-10180
-10083
-9934
-9778
-9704
-9649
-9568
-9529
-9584
-9550
-9459
-9579
-9796
-9922
-10024
-10102
-10132
-10239
-10408
-10545
-10649
-10714
-10738
-10820
-11004
-11274
-11586
-11832
-11959
-12014
-12185
-12411
-12624
-12853
-13021
-13184
-13332
-13428
-13618
-13960
-14229
-14451
-14593
-14556
-14614
-14891
-15274
-15620
-15904
-16020
-15988
-16109
-16355
-16506
-16661
-16793
-16760
-16787
-16949
-17060
-17078
-17137
-17150
-17196
-17380
-17419
-17386
-17439
-17453
-17386
-17348
-17238
-17047
-17001
-17040
-17063
-16973
-16668
-16238
-15896
-15742
-15622
-15445
-15175
-14779
-14410
-14051
-13674
-13419
-13091
-12583
-12053
-11697
-11499
-11294
-11133
-10939
-10708
-10535
-10317
-10170
-10194
-10089
-9897
-9864
-9857
-9868
-10026
-10081
-9845
-9772
-9885
-9892
-10029
-10163
-10031
-9911
-9970
-9981
-9964
-9948
-9689
-9315
-9113
-9069
-9188
-9428
-9525
-9463
-9393
-9394
-9527
-9861
-10247
-10469
-10616
-10756
-10979
-11353
-11751
-12098
-12386
-12648
-12882
-13097
-13463
-13901
-14222
-14416
-14450
-14532
-14801
-15104
-15330
-15524
-15750
-15971
-16215
-16425
-16534
-16630
-16845
-17065
-17210
-17497
-17783
-17830
-17785
-17769
-17751
-17779
-17835
-17829
-17734
-17647
-17744
-17927
-17908
-17789
-17743
-17572
-17408
-17434
-17359
-17054
-16833
-16755
-16579
-16454
-16392
-16217
-16136
-16212
-16170
-16099
-16093
-16011
-15997
-16090
-16094
-15956
-15817
-15663
-15528
-15533
-15531
-15413
-15268
-15106
-14918
-14842
-14807
-14708
-14588
-14398
-14108
-13880
-13762
-13619
-13386
-13058
-12720
-12452
-12328
-12149
-11871
-11551
-11154
-10815
-10470
-10196
-10025
-9829
-9509
-9079
-8685
-8365
-8143
-7925
-7601
-7288
-7107
-6982
-6927
-6953
-7044
-7107
-7095
-7134
-7190
-7333
-7474
-7497
-7568
-7699
-7784
-7904
-8163
-8497
-8838
-9069
-9289
-9549
-9737
-9951
-10233
-10445
-10652
-10997
-11296
-11441
-11548
-11769
-12075
-12341
-12596
-12903
-13240
-13519
-13705
-13881
-14096
-14331
-14668
-15046
-15317
-15414
-15410
-15458
-15632
-15935
-16204
-16350
-16438
-16513
-16568
-16771
-17036
-17105
-17092
-17105
-17094
-17080
-17269
-17534
-17660
-17797
-17905
-17924
-18124
-18415
-18562
-18695
-18718
-18533
-18439
-18451
-18307
-18138
-17955
-17668
-17465
-17406
-17311
-17127
-16972
-16701
-16400
-16199
-16045
-15959
-15849
-15640
-15376
-15156
-14889
-14635
-14490
-14290
-13958
-13675
-13427
-13155
-13095
-13048
-12884
-12763
-12695
-12618
-12612
-12630
-12442
-12253
-12164
-12031
-11909
-11880
-11830
-11744
-11634
-11440
-11315
-11338
-11281
-11058
-10856
-10560
-10257
-10172
-10196
-10174
-10112
-10148
-10147
-10198
-10252
-10100
-10123
-10410
-10585
-10581
-10640
-10822
-10914
-11044
-11387
-11536
-11446
-11534
-11800
-11937
-12183
-12646
-12772
-12809
-13126
-13354
-13452
-13641
-13789
-13862
-14038
-14339
-14614
-14867
-15105
-15049
-14977
-15097
-15106
-15143
-15309
-15292
-15174
-15238
-15197
-15043
-15073
-15099
-15044
-15153
-15277
-15265
-15353
-15487
-15546
-15618
-15700
-15688
-15699
-15770
-15774
-15823
-15935
-15921
-15790
-15753
-15799
-15876
-15988
-16002
-15847
-15654
-15443
-15223
-15078
-14916
-14732
-14518
-14255
-13910
-13614
-13462
-13274
-13061
-12830
-12559
-12310
-12108
-11912
-11803
-11755
-11579
-11296
-11071
-10904
-10773
-10778
-10799
-10753
-10624
-10400
-10234
-10310
-10460
-10424
-10352
-10280
-10144
-10016
-10021
-10091
-10098
-10015
-9823
-9624
-9604
-9793
-9848
-9807
-9842
-9851
-9892
-9961
-10023
-10014
-9951
-9976
-10099
-10344
-10676
-10742
-10672
-10849
-11049
-11171
-11353
-11493
-11519
-11671
-11957
-12195
-12447
-12720
-12912
-13150
-13460
-13596
-13725
-14034
-14380
-14647
-14867
-15002
-15143
-15490
-15820
-16059
-16303
-16485
-16617
-16798
-16960
-16978
-17004
-17069
-17001
-16878
-16809
-16683
-16583
-16461
-16241
-16027
-15837
-15673
-15560
-15519
-15446
-15403
-15329
-15135
-14955
-14828
-14727
-14669
-14730
-14779
-14787
-14875
-14928
-14856
-14800
-14719
-14593
-14593
-14609
-14586
-14581
-14542
-14351
-14144
-14005
-13828
-13748
-13669
-13423
-13105
-12814
-12547
-12304
-12064
-11754
-11476
-11314
-11179
-11047
-10908
-10776
-10643
-10419
-10138
-9955
-10001
-10061
-9987
-9850
-9742
-9790
-9819
-9768
-9815
-9873
-9770
-9749
-9764
-9660
-9734
-10062
-10379
-10416
-10365
-10323
-10238
-10314
-10601
-10774
-10772
-10830
-10753
-10642
-10792
-11080
-11259
-11289
-11186
-11057
-11154
-11390
-11634
-11838
-11913
-11865
-11925
-12150
-12376
-12693
-13066
-13274
-13435
-13726
-13997
-14283
-14566
-14778
-15052
-15364
-15642
-15893
-16100
-16212
-16323
-16424
-16491
-16569
-16681
-16743
-16656
-16522
-16383
-16328
-16310
-16181
-15997
-15912
-15876
-15846
-15874
-15785
-15578
-15474
-15505
-15528
-15626
-15694
-15622
-15630
-15729
-15867
-16076
-16272
-16273
-16184
-16153
-16235
-16404
-16484
-16405
-16256
-16118
-16050
-16110
-16211
-16212
-16058
-15981
-15892
-15629
-15342
-15066
-14891
-14675
-14450
-14253
-13877
-13464
-13150
-12842
-12560
-12328
-12046
-11695
-11256
-10803
-10529
-10479
-10376
-10146
-9879
-9611
-9440
-9346
-9302
-9228
-9170
-8984
-8745
-8748
-8724
-8637
-8647
-8585
-8415
-8378
-8429
-8456
-8550
-8658
-8615
-8549
-8667
-8828
-9032
-9203
-9182
-9115
-9144
-9286
-9538
-9861
-10112
-10198
-10280
-10429
-10513
-10669
-10893
-11015
-11108
-11325
-11578
-11753
-11969
-12190
-12413
-12665
-12903
-13027
-13149
-13416
-13717
-14045
-14360
-14593
-14752
-15016
-15397
-15711
-15905
-16082
-16314
-16630
-17029
-17318
-17452
-17473
-17468
-17556
-17782
-18018
-18098
-18088
-18017
-17898
-17780
-17698
-17575
-17422
-17303
-17201
-17116
-17024
-16946
-16788
-16549
-16363
-16211
-15930
-15689
-15682
-15658
-15566
-15462
-15328
-15187
-15092
-15040
-14966
-14802
-14488
-14241
-14172
-14122
-14029
-13896
-13698
-13375
-13061
-12896
-12820
-12876
-12955
-12982
-12985
-12861
-12741
-12743
-12801
-12813
-12820
-12802
-12716
-12666
-12566
-12394
-12261
-12130
-11961
-11862
-11724
-11532
-11489
-11457
-11343
-11282
-11273
-11211
-11173
-11233
-11312
-11306
-11195
-10997
-10878
-10942
-10911
-10765
-10716
-10694
-10634
-10712
-10750
-10598
-10596
-10620
-10507
-10565
-10742
-10820
-10867
-10861
-10765
-10765
-10945
-11058
-11089
-11132
-10975
-10864
-11007
-11205
-11406
-11624
-11784
-11856
-11976
-12115
-12260
-12467
-12601
-12557
-12565
-12644
-12739
-13024
-13224
-13262
-13363
-13462
-13543
-13774
-14016
-14088
-14186
-14330
-14385
-14377
-14339
-14222
-14230
-14348
-14243
-14021
-13922
-13868
-13799
-13890
-13943
-13841
-13937
-14219
-14460
-14659
-14768
-14708
-14574
-14526
-14615
-14738
-14983
-15241
-15236
-15090
-15075
-15169
-15203
-15251
-15219
-15119
-15078
-15056
-15076
-15114
-15104
-14979
-14860
-14857
-14965
-15127
-15168
-14992
-14738
-14567
-14525
-14545
-14494
-14404
-14204
-13846
-13439
-13100
-12909
-12810
-12707
-12489
-12205
-11938
-11632
-11354
-11225
-11104
-10875
-10528
-10136
-9869
-9730
-9743
-9766
-9664
-9602
-9569
-9579
-9762
-9984
-10134
-10169
-10212
-10357
-10571
-10926
-11198
-11284
-11345
-11526
-11775
-11996
-12212
-12279
-12294
-12493
-12751
-12898
-13108
-13242
-13116
-13052
-13109
-13192
-13369
-13484
-13355
-13279
-13342
-13303
-13225
-13358
-13562
-13677
-13855
-13897
-13920
-14093
-14215
-14281
-14398
-14601
-14750
-14829
-14873
-14865
-14856
-14929
-15086
-15186
-15219
-15340
-15488
-15620
-15774
-15848
-16019
-16331
-16507
-16446
-16439
-16511
-16518
-16704
-16939
-16889
-16768
-16915
-17075
-17053
-16934
-16698
-16335
-15928
-15578
-15366
-15394
-15378
-15154
-14719
-14075
-13484
-13306
-13591
-13815
-13697
-13347
-13042
-12956
-13133
-13389
-13346
-13023
-12708
-12547
-12486
-12563
-12593
-12386
-12168
-12056
-11951
-11942
-11987
-11906
-11748
-11529
-11249
-10951
-10875
-10903
-10771
-10614
-10367
-10038
-9817
-9725
-9567
-9387
-9307
-9194
-9004
-8954
-9086
-9126
-9068
-8891
-8641
-8602
-8723
-8810
-8948
-9093
-9146
-9244
-9419
-9652
-9949
-10328
-10614
-10834
-11190
-11594
-12004
-12377
-12665
-12904
-13127
-13292
-13452
-13690
-13925
-13999
-14026
-14280
-14585
-14783
-15026
-15321
-15578
-15711
-15799
-15905
-16011
-16237
-16502
-16813
-17048
-17103
-17324
-17703
-17910
-17790
-17820
-18178
-18545
-18964
-19275
-19367
-19534
-19796
-19902
-20071
-20325
-20489
-20760
-21080
-21082
-20809
-20654
-20578
-20641
-20756
-20601
-20306
-20039
-19774
-19465
-19247
-19020
-18565
-18006
-17493
-17004
-16584
-16205
-15788
-15356
-14937
-14559
-14170
-13873
-13615
-13252
-12846
-12463
-12147
-11910
-11753
-11545
-11237
-10933
-10616
-10269
-10074
-9920
-9591
-9246
-8918
-8581
-8444
-8505
-8413
-8211
-8029
-7787
-7662
-7691
-7675
-7494
-7179
-6860
-6618
-6544
-6652
-6820
-6939
-6878
-6713
-6623
-6748
-7055
-7313
-7445
-7416
-7515
-7737
-7894
-8172
-8419
-8703
-9162
-9513
-9625
-9713
-9981
-10348
-10648
-10880
-11181
-11609
-12092
-12371
-12414
-12559
-12893
-13262
-13601
-13876
-14122
-14400
-14734
-15009
-15051
-15082
-15134
-15307
-15772
-16092
-16198
-16346
-16533
-16541
-16529
-16719
-16866
-17062
-17373
-17571
-17642
-17765
-17939
-18005
-18087
-18258
-18360
-18385
-18362
-18342
-18400
-18508
-18608
-18612
-18584
-18562
-18495
-18339
-18110
-17970
-17878
-17637
-17295
-17003
-16757
-16635
-16552
-16383
-16218
-16069
-15907
-15749
-15718
-15679
-15516
-15384
-15159
-14738
-14494
-14479
-14369
-14190
-13919
-13442
-13007
-12822
-12667
-12487
-12294
-11896
-11444
-11250
-11211
-11112
-11032
-10896
-10628
-10384
-10237
-10149
-10155
-10136
-10001
-9943
-9877
-9766
-9712
-9700
-9581
-9376
-9211
-8999
-8846
-8793
-8693
-8504
-8337
-8184
-8146
-8323
-8493
-8517
-8378
-8360
-8500
-8620
-8829
-9222
-9603
-9835
-10083
-10338
-10721
-11302
-11715
-11820
-12034
-12445
-12762
-13108
-13544
-13767
-13721
-13706
-13893
-14340
-14837
-15054
-14988
-14887
-14976
-15246
-15590
-15834
-15918
-15897
-15824
-15795
-15811
-15820
-15975
-16201
-16252
-16228
-16168
-16189
-16416
-16758
-16997
-16973
-16828
-16801
-16967
-17208
-17319
-17322
-17380
-17412
-17515
-17694
-17759
-17714
-17669
-17659
-17666
-17815
-17907
-17852
-17773
-17691
-17692
-17716
-17697
-17624
-17495
-17366
-17232
-17050
-16933
-16844
-16711
-16507
-16291
-16131
-15939
-15718
-15425
-15082
-14667
-14255
-13918
-13584
-13237
-12868
-12499
-12121
-11879
-11737
-11587
-11360
-10967
-10504
-10147
-9869
-9554
-9308
-9095
-8812
-8522
-8350
-8198
-8069
-8156
-8299
-8083
-7667
-7621
-7760
-7977
-8372
-8612
-8429
-8216
-8456
-8838
-9158
-9455
-9486
-9303
-9538
-10088
-10342
-10559
-10722
-10568
-10712
-11144
-11304
-11471
-11677
-11750
-11838
-12036
-12266
-12550
-12931
-13056
-13107
-13294
-13305
-13426
-13928
-14207
-14180
-14248
-14284
-14394
-14761
-15156
-15406
-15721
-15962
-16052
-16437
-16852
-16989
-17098
-17212
-17250
-17266
-17256
-17241
-17272
-17249
-17021
-16758
-16679
-16643
-16638
-16657
-16576
-16448
-16311
-16156
-16051
-15948
-15840
-15794
-15733
-15655
-15583
-15488
-15321
-15227
-15222
-15155
-15093
-14997
-14844
-14696
-14596
-14461
-14219
-14066
-13933
-13607
-13266
-13053
-12893
-12694
-12489
-12309
-12102
-11987
-11888
-11760
-11699
-11637
-11581
-11515
-11441
-11231
-10967
-10941
-10951
-10885
-10767
-10505
-10269
-10055
-9823
-9655
-9521
-9592
-9715
-9819
-9895
-9719
-9602
-9593
-9635
-9896
-10101
-10126
-10253
-10368
-10462
-10681
-10751
-10761
-10863
-11008
-11274
-11603
-11696
-11594
-11696
-11985
-12350
-12744
-12966
-12916
-12891
-13076
-13279
-13630
-14128
-14417
-14597
-14828
-14987
-15190
-15488
-15749
-15937
-16168
-16332
-16358
-16456
-16520
-16571
-16708
-16830
-16803
-16747
-16833
-16907
-16976
-17069
-17122
-17157
-17336
-17586
-17724
-17804
-17854
-17834
-17796
-17890
-18041
-18146
-18168
-18039
-17833
-17772
-17768
-17629
-17495
-17375
-17216
-17008
-16805
-16634
-16459
-16265
-15999
-15697
-15525
-15479
-15318
-15046
-14734
-14390
-14105
-13954
-13832
-13636
-13412
-13106
-12719
-12324
-11955
-11597
-11307
-11163
-10999
-10748
-10486
-10319
-10365
-10229
-9938
-9831
-9647
-9289
-9095
-9611
-10129
-9935
-9434
-9047
-8983
-9057
-9466
-9815
-9941
-9925
-9358
-8925
-9129
-9571
-9634
-9397
-9217
-9036
-9083
-9374
-9384
-8975
-8627
-8559
-8628
-8884
-9128
-8996
-8797
-8663
-8534
-8580
-8741
-8893
-9002
-9057
-9016
-9198
-9619
-9925
-10190
-10497
-10638
-10698
-10967
-11235
-11488
-11857
-12149
-12356
-12692
-13051
-13326
-13752
-14189
-14430
-14737
-15060
-15177
-15449
-15841
-16061
-16263
-16501
-16658
-16728
-16884
-16982
-17060
-17255
-17307
-17249
-17258
-17216
-17143
-17162
-17211
-17219
-17196
-17131
-16922
-16885
-16856
-16801
-16724
-16560
-16837
-16587
-16586
-17505
-17225
-16323
-16524
-17001
-16408
-16267
-16869
-16101
-15464
-16073
-15754
-15153
-15831
-15435
-14055
-14471
-14818
-13544
-12883
-13275
-13633
-13836
-13413
-12274
-11749
-11808
-11770
-12370
-12761
-11891
-11351
-11578
-11253
-11123
-11770
-11690
-11095
-11004
-10902
-10819
-11222
-11423
-11230
-11225
-11017
-10698
-10962
-11188
-11148
-11437
-11534
-11290
-11486
-11860
-11848
-12006
-12238
-11908
-11682
-11699
-11490
-11449
-11638
-11586
-11538
-11678
-11535
-11262
-11223
-11134
-10980
-11072
-11011
-10809
-10963
-11004
-10869
-11100
-11348
-11340
-11459
-11655
-11745
-11870
-12029
-12007
-12039
-12274
-12465
-12793
-13239
-13535
-13746
-14031
-14214
-14412
-14797
-14978
-15103
-15369
-15607
-15831
-16074
-16158
-16057
-15957
-15894
-15910
-16045
-16216
-16311
-16391
-16320
-16135
-16081
-16039
-16017
-16125
-16237
-16193
-16194
-16190
-16017
-15848
-15671
-15506
-15519
-15674
-15688
-15537
-15345
-15185
-15209
-15445
-15635
-15531
-15294
-15034
-14798
-14700
-14749
-14800
-14721
-14715
-14820
-14877
-15063
-15145
-14653
-14176
-14208
-14362
-14467
-14469
-14108
-13721
-13929
-14331
-14338
-14183
-13986
-13513
-13117
-13015
-12875
-12777
-12735
-12510
-12321
-12427
-12459
-12356
-12399
-12319
-12085
-11980
-11927
-11918
-11993
-11861
-11539
-11460
-11603
-11715
-11807
-11727
-11494
-11280
-11018
-10773
-10659
-10680
-10683
-10658
-10592
-10422
-10281
-10197
-10151
-10145
-10159
-10141
-10119
-10201
-10378
-10532
-10552
-10374
-10195
-10200
-10248
-10359
-10556
-10707
-10823
-10976
-11010
-10910
-10908
-10996
-11161
-11432
-11641
-11691
-11771
-11934
-12135
-12336
-12458
-12541
-12604
-12675
-12830
-13145
-13464
-13658
-13840
-13958
-14006
-14153
-14378
-14499
-14582
-14565
-14440
-14539
-14773
-14899
-15264
-15976
-16371
-16340
-16175
-15813
-15616
-15871
-16345
-16837
-17167
-17078
-16667
-16596
-16799
-16866
-17098
-17483
-17672
-17667
-17550
-17197
-16941
-17182
-17404
-17219
-17080
-17029
-16794
-16740
-16803
-16669
-16541
-16486
-16233
-15844
-15603
-15352
-15162
-15079
-14870
-14610
-14512
-14467
-14285
-14109
-13892
-13600
-13445
-13364
-13177
-12927
-12656
-12388
-12150
-11951
-11783
-11563
-11308
-10990
-10692
-10463
-10212
-9952
-9707
-9488
-9271
-9110
-9018
-8910
-8706
-8515
-8380
-8289
-8262
-8266
-8343
-8378
-8361
-8378
-8461
-8511
-8553
-8614
-8557
-8524
-8547
-8548
-8586
-8741
-8893
-9021
-9207
-9305
-9339
-9493
-9728
-9886
-10064
-10142
-9974
-9926
-10033
-10134
-10277
-10391
-10548
-10611
-10865
-11231
-11353
-11922
-11972
-11497
-11671
-12127
-13163
-14291
-14376
-13615
-13358
-14013
-14644
-15271
-15707
-15358
-15185
-15377
-15282
-15656
-16402
-16854
-16721
-16370
-16361
-16475
-16942
-17400
-17319
-17358
-17607
-17488
-17596
-18029
-18086
-17999
-17961
-17852
-17789
-17981
-17907
-17626
-17717
-17753
-17586
-17607
-17547
-17196
-17024
-16829
-16529
-16448
-16377
-16166
-16069
-16116
-15877
-15626
-15603
-15429
-15187
-15079
-14816
-14450
-14296
-14145
-13948
-13789
-13543
-13233
-13063
-12915
-12628
-12442
-12343
-12135
-12045
-12045
-11861
-11729
-11659
-11546
-11402
-11236
-11159
-11100
-11038
-10861
-10630
-10438
-10260
-10260
-10286
-10225
-10183
-10157
-10146
-10163
-10197
-10176
-10090
-10064
-10072
-10065
-10134
-10250
-10327
-10410
-10487
-10406
-10335
-10429
-10502
-10601
-10763
-10848
-10899
-10979
-11021
-11019
-11093
-11086
-10809
-10839
-11569
-12372
-12736
-12792
-12709
-12658
-13004
-13604
-13968
-14239
-14382
-14135
-14093
-14519
-14979
-15159
-15151
-15167
-15123
-15334
-15757
-15876
-15907
-16172
-16285
-16308
-16604
-16686
-16672
-16914
-17023
-16887
-16939
-17121
-17093
-17210
-17348
-17261
-17296
-17469
-17618
-17879
-18196
-18223
-18101
-18163
-18322
-18533
-18783
-18773
-18625
-18598
-18566
-18592
-18745
-18748
-18555
-18381
-18196
-18061
-18046
-17942
-17687
-17444
-17179
-16915
-16803
-16716
-16551
-16281
-15833
-15251
-14809
-14554
-14276
-13969
-13588
-13099
-12695
-12485
-12272
-12033
-11876
-11710
-11440
-11144
-10907
-10600
-10368
-10255
-10090
-9960
-9856
-9729
-9574
-9445
-9370
-9262
-9175
-9178
-9136
-9048
-8955
-8854
-8915
-9015
-9206
-9337
-9228
-9240
-9083
-8851
-8974
-9331
-9786
-10173
-10171
-9939
-9952
-9823
-9820
-10312
-10818
-11069
-11195
-11346
-11093
-10969
-11382
-11755
-12090
-12240
-11928
-11601
-11876
-12398
-12744
-12961
-12960
-12988
-13255
-13539
-13761
-14058
-14207
-14206
-14410
-14635
-14858
-15274
-15498
-15347
-15237
-15308
-15448
-15692
-15896
-15824
-15702
-15776
-15901
-16079
-16225
-16134
-15956
-15886
-15877
-16013
-16249
-16308
-16278
-16308
-16397
-16520
-16655
-16619
-16469
-16414
-16380
-16450
-16595
-16611
-16380
-16139
-15955
-15721
-15625
-15503
-15254
-14996
-14735
-14489
-14348
-14325
-14245
-14046
-13724
-13346
-13050
-12880
-12878
-12815
-12540
-12298
-12024
-11647
-11429
-11407
-11296
-11089
-11000
-10971
-10980
-11068
-11087
-10916
-10774
-10765
-10749
-10772
-10726
-10482
-10342
-10371
-10427
-10310
-9839
-9353
-9318
-9716
-9846
-9659
-9363
-8952
-8875
-8885
-8809
-8916
-8950
-8715
-8598
-8545
-8449
-8709
-9112
-9322
-9311
-9321
-9494
-9708
-9895
-10041
-10237
-10549
-10824
-11016
-11376
-11714
-11969
-12204
-12310
-12503
-12925
-13376
-13574
-13713
-13794
-13737
-13867
-14202
-14507
-14833
-15213
-15445
-15738
-16192
-16552
-16798
-17062
-17337
-17595
-17877
-18137
-18356
-18545
-18653
-18607
-18591
-18688
-18783
-18801
-18762
-18821
-18958
-19115
-19192
-19226
-19162
-19033
-19015
-18999
-19056
-19154
-19134
-19036
-18952
-18825
-18663
-18528
-18316
-17981
-17676
-17458
-17185
-16965
-16722
-16368
-16039
-15632
-15131
-14692
-14250
-13747
-13290
-12803
-12335
-11966
-11709
-11482
-11192
-10855
-10427
-10036
-9769
-9617
-9540
-9498
-9371
-9153
-8932
-8751
-8629
-8514
-8562
-8540
-8343
-8063
-7688
-7683
-8018
-8359
-8408
-8075
-7937
-8056
-8242
-8491
-8676
-8720
-8565
-8520
-8620
-8866
-9250
-9391
-9360
-9306
-9479
-9775
-9937
-10052
-10068
-10065
-10112
-10271
-10455
-10489
-10387
-10216
-10107
-10149
-10380
-10732
-10953
-11069
-11259
-11397
-11587
-11890
-12067
-12180
-12410
-12628
-12931
-13455
-13891
-14214
-14529
-14726
-14821
-15076
-15445
-15740
-16047
-16269
-16342
-16411
-16519
-16473
-16371
-16373
-16314
-16224
-16243
-16302
-16262
-16230
-16272
-16279
-16353
-16564
-16646
-16568
-16545
-16523
-16442
-16529
-16736
-16669
-16459
-16275
-16069
-15977
-15986
-15941
-15886
-15869
-15750
-15627
-15615
-15575
-15457
-15455
-15458
-15339
-15327
-15306
-15146
-15002
-14917
-14800
-14778
-14828
-14738
-14616
-14540
-14511
-14511
-14458
-14234
-13952
-13785
-13622
-13493
-13287
-12943
-12785
-12680
-12436
-12228
-12167
-12125
-11988
-12059
-11989
-11742
-11819
-11713
-11440
-11327
-11308
-11224
-11073
-10981
-10800
-10796
-10828
-10644
-10535
-10508
-10457
-10365
-10250
-10153
-10283
-10549
-10655
-10631
-10518
-10412
-10398
-10551
-10753
-10814
-10897
-10926
-10852
-10904
-11152
-11402
-11443
-11532
-11703
-11780
-11966
-12226
-12407
-12573
-12713
-12807
-12955
-13153
-13312
-13458
-13632
-13768
-13929
-14122
-14178
-14205
-14296
-14351
-14354
-14348
-14266
-14168
-14169
-14168
-14214
-14230
-14048
-13810
-13655
-13544
-13554
-13684
-13714
-13752
-13903
-13968
-14038
-14207
-14167
-14066
-14157
-14229
-14366
-14685
-14855
-14806
-14839
-14766
-14683
-14926
-15178
-15293
-15340
-15265
-15094
-15011
-15060
-15117
-15221
-15301
-15150
-15044
-15053
-14905
-14818
-14754
-14583
-14500
-14469
-14357
-14262
-14226
-14106
-13896
-13776
-13662
-13526
-13608
-13506
-13282
-13036
-12470
-12178
-12462
-12794
-12694
-12558
-12357
-12085
-12268
-12500
-12726
-13002
-12903
-12514
-12316
-12390
-12521
-12677
-12857
-12813
-12562
-12360
-12174
-12097
-11993
-11822
-11748
-11785
-11881
-11938
-11911
-11762
-11629
-11602
-11673
-11669
-11590
-11562
-11540
-11540
-11566
-11572
-11625
-11803
-11877
-11872
-11881
-11882
-11959
-12078
-12220
-12384
-12533
-12643
-12787
-12908
-12995
-13167
-13412
-13578
-13675
-13811
-13896
-13887
-13881
-13919
-14007
-14201
-14344
-14407
-14536
-14623
-14591
-14577
-14618
-14586
-14557
-14610
-14565
-14391
-14310
-14308
-14313
-14365
-14413
-14404
-14398
-14436
-14458
-14549
-14596
-14573
-14668
-14843
-14983
-15089
-15188
-15271
-15393
-15508
-15663
-15796
-15790
-15698
-15641
-15615
-15549
-15595
-15576
-15403
-15229
-15058
-14882
-14756
-14659
-14529
-14430
-14294
-14131
-13997
-13971
-13885
-13776
-13823
-13698
-13458
-13301
-13249
-13191
-13234
-13305
-13131
-12978
-12663
-12272
-12114
-12098
-12257
-12191
-11912
-11738
-11681
-11675
-11606
-11590
-11538
-11414
-11294
-11285
-11309
-11170
-11122
-11100
-11028
-11074
-11192
-11241
-11270
-11295
-11169
-11111
-11242
-11435
-11589
-11685
-11591
-11381
-11581
-11880
-11800
-11736
-11758
-11714
-11837
-12119
-12137
-11932
-11768
-11759
-12151
-12309
-12228
-12446
-12175
-11841
-12418
-13154
-13184
-12946
-12718
-12464
-12895
-13473
-13560
-13632
-13379
-12964
-13200
-13679
-14072
-14457
-14273
-13933
-14291
-14893
-15201
-15484
-15553
-15324
-15509
-15769
-15704
-15942
-16321
-16224
-16210
-16451
-16384
-16543
-16897
-16766
-16720
-17032
-16995
-16842
-17012
-17044
-17027
-17210
-17111
-16847
-16902
-16770
-16382
-16341
-16307
-15979
-15829
-15799
-15605
-15480
-15339
-15022
-14818
-14754
-14483
-14239
-14164
-13902
-13704
-13623
-13456
-13447
-13557
-13424
-13206
-13091
-12853
-12768
-12994
-13115
-13082
-13118
-13054
-12902
-13011
-13125
-13003
-12961
-12868
-12577
-12551
-12710
-12688
-12694
-12728
-12454
-12190
-12275
-12262
-12062
-12027
-11947
-11663
-11640
-11637
-11390
-11366
-11303
-10997
-10876
-10874
-10742
-10783
-10960
-10893
-10862
-11043
-11085
-11111
-11316
-11380
-11460
-11723
-11838
-11796
-11885
-12078
-12267
-12577
-12760
-12730
-12803
-12877
-12827
-12925
-13068
-13097
-13202
-13264
-13187
-13229
-13403
-13461
-13559
-13701
-13680
-13660
-13773
-13866
-13873
-13946
-13962
-13975
-14179
-14346
-14364
-14467
-14632
-14678
-14768
-14875
-14897
-14961
-15055
-15095
-15193
-15228
-15107
-15039
-14956
-14828
-14744
-14628
-14422
-14317
-14363
-14372
-14317
-14265
-14192
-14113
-14107
-14065
-14015
-13926
-13814
-13738
-13596
-13505
-13477
-13535
-13598
-13588
-13665
-13681
-13530
-13519
-13626
-13762
-14006
-14126
-14064
-13910
-13744
-13671
-13775
-14066
-14219
-14039
-13821
-13743
-13709
-13683
-13600
-13427
-13173
-12981
-12934
-12893
-12809
-12705
-12567
-12375
-12181
-12047
-11985
-11861
-11666
-11428
-11196
-11075
-10982
-10946
-10917
-10823
-10694
-10635
-10678
-10782
-10838
-10763
-10735
-10722
-10744
-10890
-11056
-11071
-11065
-11152
-11186
-11251
-11426
-11608
-11599
-11596
-11695
-11779
-11918
-12103
-12264
-12307
-12380
-12450
-12481
-12621
-12724
-12687
-12687
-12674
-12581
-12598
-12660
-12660
-12684
-12745
-12736
-12785
-12913
-12935
-12954
-13111
-13312
-13473
-13702
-13902
-13990
-14127
-14328
-14417
-14511
-14673
-14729
-14891
-15178
-15400
-15566
-15735
-15867
-16002
-16171
-16272
-16361
-16422
-16452
-16458
-16457
-16470
-16477
-16476
-16497
-16569
-16608
-16645
-16639
-16572
-16496
-16401
-16366
-16325
-16230
-16097
-15900
-15719
-15554
-15421
-15359
-15232
-15032
-14763
-14507
-14323
-14143
-14033
-13883
-13647
-13458
-13307
-13135
-12929
-12651
-12412
-12282
-12236
-12214
-12102
-11948
-11683
-11358
-11154
-10955
-10689
-10570
-10563
-10414
-10237
-10205
-10184
-10091
-10125
-10212
-10214
-10170
-10125
-10167
-10218
-10248
-10285
-10382
-10540
-10741
-10966
-11087
-11101
-11193
-11321
-11378
-11529
-11621
-11582
-11573
-11584
-11594
-11718
-11895
-11924
-12028
-12210
-12293
-12399
-12587
-12687
-12704
-12762
-12815
-12909
-13047
-13090
-12990
-12976
-13023
-13034
-13153
-13349
-13521
-13629
-13704
-13743
-13838
-13942
-13947
-13963
-14117
-14283
-14318
-14411
-14573
-14712
-14911
-15112
-15189
-15253
-15373
-15506
-15656
-15878
-16051
-16116
-16347
-16527
-16504
-16486
-16531
-16635
-16745
-16843
-16815
-16734
-16696
-16629
-16553
-16461
-16330
-16243
-16186
-16102
-16050
-16021
-15961
-15838
-15646
-15425
-15324
-15251
-15070
-14926
-14827
-14684
-14529
-14345
-14093
-13918
-13829
-13708
-13619
-13700
-13750
-13616
-13556
-13511
-13358
-13288
-13298
-13242
-13207
-13131
-12984
-12978
-13018
-12961
-12913
-12879
-12705
-12584
-12512
-12336
-12239
-12181
-12000
-11782
-11651
-11471
-11256
-11056
-10818
-10531
-10298
-10210
-10143
-10050
-9906
-9738
-9525
-9365
-9311
-9278
-9289
-9291
-9384
-9471
-9464
-9548
-9563
-9429
-9426
-9426
-9384
-9525
-9647
-9656
-9741
-9777
-9602
-9690
-10034
-10228
-10446
-10628
-10657
-10797
-11085
-11219
-11276
-11371
-11391
-11463
-11665
-11807
-11880
-12113
-12284
-12405
-12678
-12828
-12895
-13126
-13353
-13509
-13792
-13986
-14036
-14274
-14565
-14712
-14910
-15096
-15205
-15462
-15796
-15993
-16154
-16354
-16345
-16371
-16614
-16716
-16754
-16826
-16734
-16614
-16639
-16636
-16635
-16744
-16777
-16625
-16526
-16458
-16321
-16371
-16435
-16298
-16168
-16099
-16012
-16066
-16156
-16085
-15974
-15833
-15707
-15675
-15742
-15794
-15814
-15835
-15806
-15855
-15969
-15937
-15865
-15831
-15722
-15634
-15555
-15389
-15152
-15029
-15006
-14909
-14803
-14692
-14588
-14481
-14424
-14409
-14351
-14256
-14156
-13967
-13657
-13390
-13011
-12719
-12668
-12497
-12361
-12256
-11962
-11775
-11668
-11341
-11095
-11101
-10967
-10801
-10863
-10826
-10752
-10819
-10776
-10659
-10756
-10915
-10887
-10993
-11080
-11016
-11144
-11220
-11172
-11377
-11614
-11563
-11569
-11695
-11774
-11944
-12283
-12484
-12499
-12580
-12542
-12501
-12652
-12808
-12894
-13032
-13139
-13137
-13211
-13344
-13453
-13578
-13743
-13888
-14112
-14299
-14343
-14371
-14380
-14415
-14463
-14573
-14682
-14813
-14960
-14926
-14911
-15042
-15123
-15237
-15398
-15419
-15472
-15605
-15664
-15611
-15650
-15716
-15638
-15562
-15321
-15032
-15008
-15052
-14867
-14645
-14473
-14129
-13803
-13616
-13381
-13119
-12959
-12722
-12446
-12322
-12259
-12110
-11924
-11745
-11495
-11375
-11401
-11372
-11281
-11143
-10938
-10853
-10921
-10948
-10951
-10936
-10857
-10726
-10634
-10524
-10411
-10313
-10112
-9887
-9737
-9637
-9532
-9498
-9436
-9285
-9258
-9314
-9342
-9547
-9791
-9821
-9891
-10022
-10053
-10094
-10188
-10180
-10213
-10433
-10608
-10625
-10618
-10598
-10611
-10817
-11013
-11164
-11367
-11468
-11470
-11565
-11731
-11874
-12021
-12069
-12146
-12336
-12548
-12750
-12937
-13051
-13081
-13166
-13241
-13305
-13421
-13525
-13507
-13529
-13628
-13657
-13772
-13919
-13989
-14055
-14156
-14213
-14293
-14438
-14549
-14628
-14728
-14807
-14831
-14941
-15043
-15143
-15371
-15614
-15738
-15847
-15970
-15975
-15995
-16068
-16151
-16204
-16228
-16152
-16048
-16000
-15857
-15689
-15553
-15454
-15346
-15200
-14991
-14832
-14859
-14942
-14962
-14800
-14397
-13922
-13597
-13437
-13346
-13225
-13102
-12935
-12809
-12776
-12665
-12590
-12522
-12378
-12199
-12089
-12052
-11981
-11883
-11707
-11507
-11348
-11258
-11241
-11293
-11325
-11282
-11275
-11343
-11431
-11567
-11692
-11666
-11750
-11917
-11990
-12088
-12171
-12175
-12159
-12227
-12307
-12387
-12528
-12635
-12709
-12897
-13122
-13268
-13389
-13434
-13382
-13410
-13546
-13612
-13638
-13674
-13694
-13797
-14099
-14344
-14406
-14457
-14437
-14460
-14594
-14835
-15123
-15327
-15404
-15449
-15615
-15781
-15898
-15987
-16146
-16309
-16410
-16595
-16804
-17017
-17232
-17444
-17660
-17815
-17876
-17908
-17909
-17962
-18096
-18112
-17999
-17914
-17879
-17839
-17987
-18112
-17875
-17586
-17404
-17210
-17077
-17000
-16787
-16534
-16396
-16237
-16025
-15874
-15655
-15367
-15175
-14996
-14746
-14527
-14457
-14416
-14342
-14179
-13889
-13618
-13489
-13415
-13326
-13324
-13175
-12918
-12826
-12815
-12739
-12641
-12524
-12277
-12050
-11926
-11870
-11857
-11808
-11608
-11386
-11246
-11182
-11222
-11168
-10989
-10721
-10514
-10423
-10408
-10443
-10393
-10337
-10325
-10359
-10371
-10364
-10404
-10519
-10649
-10719
-10791
-10872
-10950
-11008
-10999
-10906
-10849
-10871
-10965
-11060
-11083
-11110
-11177
-11319
-11503
-11648
-11767
-11966
-12150
-12308
-12456
-12545
-12607
-12687
-12927
-13201
-13454
-13712
-13802
-13731
-13762
-13849
-13964
-14248
-14466
-14512
-14436
-14394
-14419
-14502
-14679
-14835
-15002
-15200
-15393
-15519
-15611
-15702
-15833
-15928
-15957
-16034
-16094
-16097
-16096
-16137
-16172
-16218
-16244
-16244
-16281
-16339
-16342
-16349
-16335
-16214
-16156
-16092
-16003
-15932
-15873
-15776
-15623
-15482
-15289
-15166
-15072
-14924
-14732
-14558
-14406
-14170
-13982
-13891
-13766
-13674
-13632
-13454
-13269
-13098
-12916
-12796
-12767
-12810
-12823
-12787
-12603
-12421
-12279
-12150
-12126
-12167
-12168
-12085
-11964
-11812
-11771
-11759
-11624
-11452
-11358
-11288
-11271
-11285
-11156
-10967
-10810
-10708
-10620
-10634
-10667
-10647
-10587
-10414
-10290
-10289
-10346
-10314
-10253
-10228
-10255
-10423
-10660
-10838
-10994
-11231
-11405
-11528
-11665
-11766
-11871
-12110
-12417
-12686
-12901
-13016
-13180
-13364
-13578
-13856
-14121
-14379
-14566
-14659
-14764
-14922
-15044
-15113
-15121
-15073
-15027
-15117
-15250
-15377
-15524
-15610
-15682
-15721
-15761
-15793
-15769
-15675
-15564
-15459
-15375
-15383
-15386
-15274
-15066
-14861
-14600
-14447
-14527
-14575
-14543
-14471
-14335
-14265
-14293
-14357
-14443
-14497
-14512
-14380
-14255
-14227
-14170
-14137
-14061
-13967
-13903
-13896
-13875
-13799
-13663
-13462
-13276
-13149
-13074
-12964
-12827
-12596
-12334
-12066
-11804
-11685
-11593
-11438
-11255
-11110
-10971
-10860
-10757
-10639
-10554
-10498
-10463
-10383
-10353
-10376
-10345
-10285
-10211
-10180
-10260
-10365
-10466
-10565
-10637
-10722
-10824
-11000
-11178
-11269
-11283
-11314
-11369
-11470
-11697
-11857
-11989
-12160
-12275
-12408
-12598
-12732
-12795
-12844
-12862
-12946
-13134
-13354
-13512
-13634
-13719
-13777
-13948
-14187
-14426
-14589
-14641
-14698
-14943
-15306
-15642
-15931
-16025
-15859
-15745
-15964
-16287
-16520
-16677
-16597
-16208
-15976
-16077
-16085
-16020
-15866
-15405
-14958
-14855
-14733
-14573
-14625
-14373
-13818
-13500
-13196
-12904
-12971
-12909
-12543
-12342
-12197
-11923
-11862
-12042
-11961
-11730
-11585
-11386
-11281
-11384
-11438
-11368
-11314
-11135
-10900
-10913
-11034
-11082
-11131
-11060
-10849
-10799
-10895
-10980
-11181
-11273
-11019
-10773
-10655
-10572
-10626
-10834
-10836
-10720
-10671
-10335
-10061
-10126
-10266
-10400
-10471
-10405
-10306
-10401
-10730
-11014
-10970
-10839
-10802
-10874
-11132
-11429
-11581
-11770
-11987
-11979
-12049
-12311
-12547
-12748
-12959
-13028
-13004
-13212
-13569
-13885
-14163
-14362
-14382
-14408
-14490
-14576
-14743
-14912
-14988
-15011
-15111
-15267
-15495
-15650
-15645
-15650
-15726
-15859
-15975
-15992
-15952
-15934
-15947
-16075
-16307
-16528
-16519
-16313
-16127
-16046
-16258
-16682
-16916
-16795
-16775
-16791
-16741
-17045
-17307
-17192
-17083
-17126
-17085
-17140
-17334
-17290
-17153
-17095
-16879
-16642
-16619
-16536
-16340
-16158
-15953
-15739
-15613
-15513
-15326
-15091
-14771
-14401
-14082
-13868
-13735
-13613
-13421
-13221
-13032
-12861
-12849
-12817
-12667
-12484
-12264
-12059
-12025
-12037
-11903
-11769
-11722
-11698
-11649
-11610
-11524
-11477
-11559
-11632
-11646
-11658
-11590
-11476
-11456
-11374
-11257
-11233
-11224
-11171
-11123
-11027
-10893
-10996
-11338
-11616
-11700
-11527
-11128
-11037
-11273
-11455
-11663
-11745
-11508
-11286
-11401
-11665
-12020
-12398
-12521
-12493
-12508
-12545
-12724
-13050
-13181
-13141
-13033
-12823
-12815
-13203
-13550
-13624
-13597
-13470
-13517
-13928
-14291
-14334
-14329
-14319
-14313
-14535
-14783
-14824
-14797
-14719
-14573
-14628
-14868
-15076
-15189
-15205
-15096
-15024
-15176
-15350
-15483
-15568
-15470
-15280
-15280
-15402
-15505
-15640
-15651
-15560
-15520
-15503
-15496
-15532
-15423
-15189
-15053
-14992
-14986
-15066
-15131
-15011
-14855
-14738
-14564
-14485
-14492
-14446
-14354
-14171
-13865
-13655
-13643
-13658
-13607
-13547
-13371
-13142
-13017
-12923
-12888
-12798
-12601
-12369
-12179
-12048
-11939
-11956
-12070
-12165
-12294
-12463
-12522
-12568
-12590
-12473
-12334
-12298
-12391
-12593
-12852
-12887
-12655
-12451
-12468
-12658
-12922
-13089
-13005
-12833
-12778
-12876
-13072
-13310
-13360
-13267
-13253
-13219
-13235
-13360
-13385
-13337
-13341
-13312
-13343
-13508
-13666
-13718
-13746
-13733
-13696
-13803
-13933
-14003
-14004
-13938
-13889
-14038
-14333
-14536
-14668
-14638
-14444
-14329
-14446
-14655
-14804
-14803
-14545
-14256
-14221
-14347
-14454
-14586
-14667
-14585
-14485
-14472
-14401
-14378
-14504
-14480
-14363
-14338
-14351
-14362
-14434
-14463
-14318
-14175
-14175
-14290
-14477
-14626
-14526
-14345
-14287
-14243
-14150
-14040
-13920
-13831
-13859
-13923
-13936
-13883
-13832
-13742
-13602
-13479
-13363
-13274
-13237
-13322
-13366
-13227
-12979
-12799
-12714
-12649
-12553
-12344
-12185
-12135
-12193
-12188
-11966
-11621
-11278
-11162
-11154
-11034
-10893
-10759
-10557
-10463
-10546
-10604
-10592
-10563
-10456
-10317
-10264
-10194
-10099
-10015
-10013
-10030
-9955
-9929
-9972
-10091
-10265
-10322
-10243
-10195
-10281
-10439
-10494
-10484
-10472
-10454
-10557
-10774
-11006
-11193
-11379
-11499
-11606
-11772
-11933
-12105
-12315
-12549
-12690
-12823
-12920
-12950
-12995
-13012
-13094
-13195
-13229
-13265
-13196
-13050
-13017
-13068
-13222
-13390
-13534
-13602
-13638
-13839
-14076
-14275
-14390
-14506
-14570
-14585
-14789
-15033
-15109
-15135
-15318
-15503
-15528
-15449
-15449
-15497
-15492
-15650
-15845
-15839
-15876
-15973
-15753
-15373
-15149
-15140
-15261
-15329
-15232
-14970
-14751
-14693
-14687
-14621
-14481
-14294
-14168
-14037
-13861
-13786
-13697
-13523
-13298
-13067
-12943
-12985
-13022
-12982
-12908
-12890
-12999
-13069
-13062
-12964
-12898
-12894
-12994
-13202
-13286
-13252
-13162
-13085
-13035
-13081
-13150
-13086
-12994
-13025
-13113
-13174
-13264
-13274
-13192
-13142
-13158
-13173
-13290
-13405
-13327
-13243
-13173
-13078
-13076
-13173
-13143
-13005
-12864
-12761
-12776
-12807
-12765
-12608
-12474
-12489
-12627
-12783
-12909
-12930
-12819
-12710
-12714
-12777
-12727
-12691
-12701
-12738
-12862
-12963
-12920
-12842
-12810
-12693
-12698
-12897
-12975
-12847
-12776
-12814
-12886
-13059
-13117
-12902
-12744
-12811
-12892
-13116
-13396
-13427
-13352
-13318
-13247
-13249
-13456
-13607
-13589
-13569
-13620
-13716
-13981
-14229
-14233
-14158
-14071
-14021
-13994
-14036
-14140
-14203
-14227
-14270
-14272
-14309
-14360
-14212
-14039
-13898
-13792
-13760
-13789
-13818
-13788
-13717
-13647
-13648
-13694
-13782
-13777
-13688
-13567
-13492
-13504
-13587
-13688
-13619
-13580
-13614
-13607
-13592
-13616
-13651
-13697
-13815
-13851
-13820
-13811
-13772
-13670
-13572
-13512
-13431
-13321
-13251
-13108
-12921
-12852
-12754
-12679
-12614
-12547
-12534
-12493
-12453
-12420
-12356
-12277
-12237
-12206
-12173
-12133
-12145
-12132
-12102
-12136
-12085
-12060
-12131
-12142
-12139
-12230
-12250
-12240
-12356
-12456
-12438
-12424
-12480
-12500
-12639
-12813
-12809
-12786
-12812
-12825
-12983
-13264
-13366
-13350
-13351
-13353
-13334
-13381
-13452
-13436
-13412
-13380
-13341
-13313
-13306
-13342
-13442
-13551
-13668
-13721
-13725
-13840
-13944
-13986
-14105
-14168
-14055
-14076
-14263
-14466
-14612
-14631
-14549
-14511
-14684
-14761
-14685
-14680
-14644
-14514
-14537
-14767
-14893
-14912
-14830
-14679
-14706
-14878
-14975
-15005
-14943
-14837
-14847
-14964
-15131
-15252
-15378
-15361
-15204
-15187
-15293
-15383
-15395
-15313
-15210
-15190
-15164
-15158
-15137
-15012
-14799
-14635
-14556
-14478
-14477
-14418
-14254
-14068
-13939
-13880
-13921
-14028
-14031
-13964
-13825
-13663
-13648
-13786
-13880
-13940
-13905
-13704
-13528
-13436
-13391
-13339
-13274
-13030
-12677
-12520
-12571
-12736
-12920
-12888
-12618
-12448
-12418
-12450
-12504
-12458
-12178
-11819
-11659
-11625
-11638
-11715
-11817
-11834
-11896
-11979
-11880
-11782
-11788
-11793
-11724
-11603
-11459
-11359
-11423
-11572
-11638
-11637
-11614
-11648
-11694
-11717
-11908
-12134
-12241
-12259
-12273
-12306
-12414
-12663
-12825
-12950
-13101
-13139
-13201
-13373
-13455
-13540
-13732
-13844
-13904
-14023
-14138
-14143
-14148
-14123
-14021
-14045
-14171
-14208
-14223
-14275
-14281
-14322
-14322
-14243
-14152
-14115
-14162
-14200
-14232
-14160
-14032
-14031
-14117
-14139
-14101
-14020
-13984
-14013
-13966
-13943
-13902
-13762
-13603
-13504
-13494
-13592
-13735
-13745
-13609
-13484
-13478
-13515
-13563
-13475
-13194
-12906
-12760
-12787
-12875
-12938
-12888
-12749
-12624
-12558
-12493
-12453
-12348
-12143
-12025
-11999
-12075
-12190
-12205
-12114
-12055
-11984
-11957
-12054
-12161
-12280
-12345
-12336
-12297
-12397
-12612
-12738
-12752
-12712
-12681
-12702
-12795
-12904
-12986
-12988
-12918
-12787
-12777
-12863
-12895
-12884
-12784
-12750
-12872
-13125
-13333
-13454
-13464
-13373
-13455
-13709
-13937
-14063
-14092
-13953
-13848
-13911
-13946
-13904
-13971
-14065
-14053
-14134
-14280
-14388
-14424
-14442
-14438
-14508
-14720
-14823
-14804
-14795
-14787
-14763
-14827
-14852
-14705
-14637
-14756
-14759
-14683
-14589
-14338
-14278
-14401
-14427
-14281
-14031
-13804
-13664
-13679
-13741
-13665
-13439
-13225
-13032
-13039
-13263
-13343
-13230
-13111
-13063
-13142
-13354
-13478
-13473
-13361
-13159
-13014
-13018
-13130
-13260
-13317
-13302
-13295
-13284
-13321
-13337
-13289
-13229
-13221
-13305
-13414
-13604
-13800
-13800
-13656
-13528
-13332
-13204
-13322
-13465
-13451
-13442
-13481
-13453
-13602
-13798
-13845
-13826
-13705
-13560
-13585
-13755
-13864
-13916
-13881
-13741
-13634
-13721
-13908
-14072
-14183
-14142
-14098
-14170
-14290
-14413
-14555
-14581
-14488
-14394
-14299
-14278
-14343
-14429
-14486
-14498
-14429
-14392
-14395
-14287
-14042
-13883
-13927
-14072
-14368
-14501
-14245
-13908
-13772
-13655
-13566
-13766
-13759
-13424
-13334
-13346
-13065
-12971
-13170
-13149
-13021
-12938
-12791
-12663
-12611
-12470
-12268
-12080
-11843
-11657
-11599
-11497
-11394
-11466
-11470
-11361
-11315
-11232
-11085
-11067
-11141
-11237
-11372
-11389
-11367
-11405
-11430
-11479
-11645
-11848
-12008
-12165
-12262
-12325
-12466
-12650
-12841
-13097
-13281
-13321
-13392
-13533
-13636
-13747
-13805
-13653
-13506
-13423
-13410
-13530
-13655
-13721
-13751
-13762
-13591
-13368
-13306
-13199
-13058
-12982
-12882
-12849
-12879
-12889
-12845
-12727
-12620
-12468
-12392
-12458
-12486
-12470
-12495
-12471
-12349
-12257
-12181
-12144
-12142
-12124
-12101
-12120
-12152
-12097
-12012
-11963
-11992
-12085
-12218
-12310
-12347
-12316
-12315
-12411
-12408
-12439
-12587
-12671
-12644
-12638
-12658
-12688
-12700
-12686
-12746
-12794
-12803
-12708
-12662
-12786
-12960
-13189
-13369
-13411
-13400
-13464
-13583
-13745
-13873
-13911
-13866
-13808
-13807
-13833
-13878
-13821
-13653
-13470
-13485
-13667
-13842
-14027
-14148
-14115
-13939
-13819
-13887
-13991
-14018
-14015
-13907
-13825
-13859
-13936
-14034
-14085
-14090
-14041
-14068
-14117
-14184
-14252
-14255
-14292
-14342
-14472
-14608
-14662
-14664
-14710
-14793
-14757
-14587
-14434
-14345
-14253
-14195
-14127
-14032
-13874
-13625
-13335
-13125
-13016
-12866
-12679
-12491
-12262
-12006
-11835
-11788
-11864
-11917
-11846
-11643
-11394
-11369
-11484
-11531
-11592
-11654
-11562
-11540
-11644
-11678
-11703
-11830
-11926
-11826
-11738
-11744
-11775
-11813
-11900
-11933
-11862
-11894
-11989
-12076
-12214
-12371
-12358
-12313
-12355
-12394
-12400
-12366
-12365
-12341
-12378
-12499
-12620
-12755
-12939
-13091
-13230
-13395
-13407
-13302
-13225
-13243
-13262
-13299
-13402
-13444
-13487
-13611
-13747
-13887
-14009
-14080
-14196
-14370
-14651
-14878
-14988
-15140
-15277
-15403
-15554
-15696
-15658
-15496
-15354
-15173
-15061
-15126
-15169
-15186
-15315
-15402
-15452
-15476
-15417
-15249
-15056
-14913
-14767
-14638
-14496
-14412
-14372
-14345
-14331
-14270
-14196
-14155
-14096
-13992
-13948
-14018
-14132
-14157
-14133
-14058
-13974
-13941
-13873
-13867
-13950
-13996
-13977
-13848
-13547
-13299
-13240
-13292
-13301
-13166
-12897
-12661
-12632
-12577
-12445
-12267
-12048
-11862
-11792
-11777
-11620
-11516
-11424
-11285
-11241
-11227
-11159
-11052
-10950
-10880
-10925
-11018
-11066
-11154
-11297
-11405
-11565
-11809
-12011
-12161
-12322
-12437
-12497
-12671
-12893
-13023
-13091
-13132
-13172
-13282
-13403
-13488
-13551
-13571
-13600
-13624
-13683
-13751
-13922
-14153
-14216
-14204
-14195
-14200
-14176
-14101
-13961
-13804
-13808
-13939
-14067
-14202
-14250
-14142
-14036
-13973
-14020
-14160
-14344
-14544
-14646
-14694
-14752
-14841
-15010
-15158
-15231
-15322
-15337
-15304
-15272
-15264
-15276
-15293
-15388
-15499
-15664
-15743
-15712
-15617
-15450
-15288
-15125
-14989
-14807
-14688
-14639
-14502
-14379
-14317
-14154
-13938
-13670
-13306
-13048
-12916
-12855
-12805
-12770
-12615
-12418
-12404
-12473
-12591
-12636
-12509
-12320
-12269
-12245
-12213
-12314
-12438
-12467
-12435
-12457
-12409
-12361
-12395
-12407
-12373
-12315
-12328
-12451
-12645
-12739
-12683
-12560
-12391
-12220
-12136
-12068
-12025
-12066
-11990
-11880
-11903
-11964
-12039
-12109
-12132
-12215
-12382
-12523
-12519
-12439
-12379
-12340
-12428
-12517
-12565
-12614
-12611
-12615
-12767
-13039
-13154
-13201
-13237
-13187
-13202
-13297
-13366
-13420
-13476
-13559
-13666
-13752
-13828
-13847
-13893
-13913
-13815
-13701
-13650
-13743
-13967
-14193
-14316
-14378
-14386
-14403
-14472
-14595
-14788
-14923
-14917
-14854
-14831
-14826
-14908
-15014
-15017
-14932
-14872
-14802
-14712
-14738
-14776
-14825
-14817
-14696
-14572
-14555
-14648
-14688
-14661
-14623
-14602
-14585
-14556
-14472
-14324
-14211
-14246
-14225
-14129
-14156
-14168
-14187
-14125
-13993
-13923
-13835
-13784
-13800
-13792
-13746
-13750
-13774
-13772
-13720
-13626
-13556
-13602
-13686
-13706
-13670
-13543
-13419
-13331
-13321
-13389
-13546
-13627
-13520
-13441
-13365
-13217
-13137
-13133
-12887
-12482
-12199
-12117
-12229
-12345
-12338
-12146
-11939
-11911
-11946
-11841
-11665
-11521
-11456
-11526
-11557
-11408
-11283
-11388
-11517
-11570
-11515
-11304
-11147
-11290
-11622
-11796
-11796
-11664
-11456
-11397
-11610
-11902
-12100
-12187
-12187
-12278
-12512
-12782
-12935
-13051
-13191
-13325
-13513
-13689
-13815
-13929
-14010
-14052
-14147
-14294
-14443
-14530
-14683
-14848
-14980
-15190
-15292
-15335
-15377
-15467
-15486
-15424
-15511
-15688
-15899
-15991
-16014
-16100
-16165
-16211
-16263
-16292
-16355
-16406
-16427
-16505
-16560
-16433
-16187
-16124
-16138
-16162
-16348
-16441
-16244
-16004
-15880
-15756
-15708
-15726
-15612
-15420
-15286
-15055
-14966
-15131
-15101
-14908
-14766
-14657
-14572
-14636
-14673
-14529
-14422
-14397
-14273
-14088
-13881
-13584
-13545
-13638
-13555
-13333
-13018
-12672
-12463
-12541
-12568
-12475
-12268
-11885
-11572
-11499
-11579
-11713
-11786
-11586
-11199
-10889
-10785
-10841
-10986
-10953
-10740
-10622
-10610
-10684
-10844
-10987
-10955
-10910
-10900
-10929
-11111
-11349
-11462
-11538
-11762
-11978
-12178
-12381
-12491
-12509
-12602
-12767
-12873
-12962
-13017
-13067
-13154
-13346
-13558
-13688
-13740
-13768
-13824
-13895
-13964
-14042
-14125
-14193
-14345
-14484
-14614
-14724
-14743
-14696
-14584
-14534
-14538
-14591
-14640
-14659
-14630
-14603
-14642
-14684
-14727
-14705
-14623
-14515
-14459
-14407
-14368
-14392
-14362
-14327
-14298
-14254
-14214
-14111
-13940
-13851
-13881
-14005
-14157
-14152
-13885
-13553
-13470
-13549
-13640
-13652
-13418
-13006
-12698
-12623
-12723
-12810
-12758
-12516
-12151
-12011
-12114
-12307
-12452
-12407
-12189
-11939
-11861
-11888
-11940
-11955
-11867
-11686
-11543
-11501
-11503
-11528
-11466
-11274
-11118
-11211
-11423
-11563
-11560
-11479
-11431
-11480
-11586
-11571
-11536
-11536
-11523
-11493
-11456
-11397
-11372
-11499
-11644
-11740
-11833
-11933
-11998
-12081
-12189
-12256
-12337
-12402
-12374
-12334
-12366
-12375
-12436
-12507
-12539
-12587
-12612
-12735
-12939
-13200
-13526
-13752
-13796
-13820
-13889
-13990
-14108
-14198
-14231
-14103
-13961
-13820
-13631
-13576
-13673
-13734
-13731
-13779
-13808
-13790
-13757
-13671
-13498
-13443
-13532
-13568
-13628
-13669
-13519
-13306
-13215
-13188
-13316
-13616
-13732
-13500
-13286
-13291
-13427
-13782
-14197
-14408
-14335
-14092
-13809
-13610
-13624
-13727
-13780
-13781
-13727
-13713
-13835
-13925
-13896
-13741
-13558
-13485
-13491
-13629
-13818
-13886
-13764
-13574
-13408
-13249
-13221
-13308
-13364
-13390
-13384
-13326
-13268
-13210
-13168
-13094
-12996
-12912
-12889
-12944
-12989
-12983
-12891
-12777
-12617
-12529
-12546
-12565
-12654
-12721
-12804
-12935
-12974
-12951
-13020
-13160
-13226
-13187
-13161
-13070
-12965
-13078
-13281
-13442
-13371
-13087
-12867
-12819
-12834
-12773
-12661
-12481
-12262
-12209
-12457
-12819
-13180
-13381
-13262
-13057
-13032
-13126
-13201
-13294
-13288
-13254
-13318
-13433
-13441
-13311
-13288
-13398
-13607
-13843
-13968
-13924
-13817
-13717
-13713
-13838
-13943
-13978
-13930
-13817
-13646
-13603
-13673
-13722
-13786
-13854
-13874
-13844
-13849
-13826
-13800
-13798
-13772
-13742
-13786
-13862
-13909
-13913
-13734
-13447
-13287
-13332
-13417
-13531
-13655
-13711
-13674
-13595
-13530
-13417
-13410
-13459
-13461
-13424
-13383
-13444
-13590
-13675
-13628
-13549
-13415
-13255
-13164
-13191
-13279
-13279
-13134
-12983
-12853
-12742
-12749
-12790
-12835
-12855
-12860
-12851
-12905
-13011
-13002
-12957
-12950
-12967
-13019
-13149
-13167
-12983
-12832
-12770
-12756
-12919
-13154
-13200
-13188
-13289
-13425
-13469
-13499
-13465
-13359
-13355
-13382
-13301
-13161
-13109
-13115
-13264
-13541
-13726
-13823
-13938
-14026
-14088
-14202
-14297
-14340
-14320
-14242
-14041
-13900
-13936
-13963
-13996
-14004
-13976
-13924
-13920
-13969
-13987
-13934
-13847
-13724
-13602
-13620
-13639
-13594
-13520
-13404
-13283
-13278
-13381
-13462
-13522
-13553
-13536
-13455
-13493
-13590
-13570
-13541
-13533
-13525
-13581
-13712
-13774
-13764
-13697
-13586
-13526
-13542
-13505
-13384
-13253
-13101
-12977
-12887
-12858
-12876
-12923
-12933
-12932
-12953
-12986
-13126
-13176
-13060
-12855
-12702
-12676
-12672
-12730
-12708
-12560
-12578
-12744
-12788
-12701
-12584
-12630
-12857
-13010
-12897
-12583
-12426
-12610
-12927
-13114
-13200
-13298
-13416
-13401
-13273
-13198
-13101
-12981
-12988
-13217
-13577
-13916
-14009
-13820
-13574
-13573
-13810
-13945
-13992
-14058
-14080
-14067
-14147
-14294
-14488
-14679
-14649
-14554
-14591
-14682
-14770
-14794
-14711
-14593
-14574
-14756
-14933
-15025
-15084
-14997
-14911
-14926
-14985
-14992
-14968
-14925
-14794
-14714
-14720
-14767
-14827
-14829
-14723
-14547
-14305
-14085
-13999
-13980
-13904
-13731
-13511
-13290
-13184
-13117
-13086
-13138
-13091
-13005
-13110
-13281
-13342
-13359
-13160
-12835
-12687
-12652
-12464
-12167
-12040
-11975
-12023
-12243
-12357
-12206
-11939
-11772
-11805
-11969
-12083
-12060
-11956
-11948
-11939
-11904
-11900
-11916
-12034
-12135
-12138
-12173
-12273
-12371
-12492
-12441
-12378
-12580
-12760
-12736
-12590
-12368
-12183
-12207
-12212
-12141
-12171
-12256
-12245
-12326
-12690
-12868
-12783
-12637
-12479
-12518
-12800
-12977
-12911
-12894
-12912
-12954
-13230
-13494
-13448
-13417
-13554
-13753
-14081
-14409
-14500
-14420
-14319
-14195
-14198
-14243
-14136
-14027
-14012
-14010
-14144
-14384
-14557
-14752
-14854
-14817
-14770
-14848
-14953
-14925
-14758
-14418
-14108
-14102
-14260
-14264
-14159
-13960
-13806
-13842
-13911
-13913
-13942
-14077
-14173
-14211
-14087
-13806
-13576
-13554
-13604
-13513
-13450
-13377
-13287
-13415
-13560
-13578
-13589
-13540
-13625
-13648
-13529
-13437
-13333
-13392
-13377
-13322
-13206
-13109
-13430
-13834
-13826
-13455
-12994
-12569
-12594
-13003
-13301
-13425
-13356
-12983
-12651
-12671
-12755
-12861
-12974
-12906
-12761
-12749
-12701
-12701
-12885
-12897
-12756
-12658
-12587
-12619
-12933
-13094
-12930
-12832
-12772
-12814
-13041
-13168
-13016
-12893
-12840
-12756
-12815
-13003
-13091
-13147
-13230
-13033
-12836
-12924
-13064
-13071
-12977
-12757
-12538
-12628
-12878
-13055
-13109
-13039
-12800
-12655
-12779
-12921
-12968
-12933
-12767
-12671
-12798
-12907
-13081
-13202
-13179
-13202
-13311
-13508
-13713
-13898
-13832
-13682
-13625
-13602
-13702
-13832
-13787
-13555
-13553
-13564
-13448
-13728
-14087
-14089
-13973
-13832
-13602
-13641
-14050
-14328
-14450
-14549
-14408
-14195
-14079
-13906
-13855
-14156
-14239
-14016
-13980
-13983
-14050
-14275
-14377
-14330
-14439
-14492
-14323
-14273
-14234
-14162
-14320
-14596
-14639
-14712
-14966
-15151
-15304
-15252
-14866
-14487
-14380
-14333
-14214
-14071
-13851
-13647
-13657
-13703
-13680
-13700
-13542
-13261
-13030
-12924
-13040
-13251
-13318
-13206
-13020
-12794
-12775
-13043
-13295
-13361
-13304
-13050
-12897
-13224
-13705
-13980
-13931
-13572
-13176
-13275
-13785
-14191
-14316
-14136
-13742
-13485
-13646
-13896
-14028
-14076
-14024
-13932
-13944
-13984
-13853
-13695
-13541
-13487
-13643
-14038
-14351
-14331
-14206
-13962
-13721
-13458
-13243
-13118
-13016
-13086
-12936
-12682
-12725
-12830
-12903
-13086
-13362
-13481
-13405
-13099
-12669
-12633
-12985
-13338
-13490
-13472
-13281
-13002
-12940
-12951
-12959
-13084
-13191
-13206
-13336
-13460
-13388
-13445
-13566
-13610
-13617
-13525
-13267
-13068
-13105
-13103
-13035
-12931
-12794
-12749
-12885
-12986
-12925
-12888
-12875
-12913
-13068
-13173
-13102
-13015
-12879
-12746
-12825
-12985
-13054
-13047
-12951
-12807
-12733
-12604
-12536
-12673
-12813
-12877
-12897
-12789
-12667
-12775
-12995
-13119
-12996
-12666
-12451
-12548
-12690
-12723
-12737
-12675
-12654
-12831
-12945
-12800
-12793
-12930
-13016
-13080
-13055
-12963
-12802
-12567
-12385
-12594
-12982
-13028
-12848
-12645
-12375
-12575
-13262
-13574
-13717
-13878
-13637
-13391
-13684
-14007
-14106
-14211
-14012
-13686
-13767
-13977
-13957
-14095
-14263
-14227
-14300
-14294
-14046
-13912
-13966
-13903
-13881
-13878
-13630
-13433
-13457
-13450
-13407
-13397
-13154
-12874
-12865
-12822
-12605
-12574
-12672
-12753
-12978
-13101
-13094
-13116
-13087
-13003
-12901
-12766
-12671
-12688
-12733
-12806
-12972
-13119
-13075
-13046
-13053
-12888
-12777
-12930
-13129
-13299
-13458
-13331
-13077
-13018
-13036
-12974
-12969
-12892
-12687
-12773
-12934
-12941
-12910
-12839
-12754
-12791
-12966
-13064
-13108
-13161
-13193
-13261
-13423
-13573
-13656
-13665
-13422
-13095
-13237
-13888
-14404
-14341
-13925
-13500
-13316
-13576
-13970
-14293
-14530
-14500
-14285
-14096
-14054
-14196
-14512
-14641
-14419
-14176
-14097
-14032
-13956
-13989
-13994
-14051
-14233
-14373
-14406
-14352
-14180
-13978
-13939
-14054
-14206
-14309
-14314
-14149
-14069
-14120
-14207
-14377
-14492
-14540
-14563
-14619
-14587
-14468
-14280
-13936
-13606
-13503
-13553
-13509
-13415
-13279
-13094
-12997
-13069
-13072
-12981
-12898
-12637
-12367
-12286
-12278
-12267
-12287
-12137
-11936
-11809
-11680
-11637
-11660
-11732
-11644
-11579
-11673
-11787
-11982
-12121
-12052
-12014
-12161
-12258
-12431
-12584
-12540
-12540
-12608
-12726
-12983
-13315
-13574
-13683
-13604
-13308
-13289
-14011
-14587
-14512
-14256
-13875
-13515
-13768
-14438
-14634
-14513
-14232
-13637
-13383
-13820
-14300
-14492
-14490
-14118
-13776
-13871
-14102
-14183
-14179
-14002
-13680
-13638
-13789
-13836
-13875
-13791
-13421
-13238
-13353
-13443
-13439
-13442
-13336
-13120
-13212
-13410
-13511
-13500
-13185
-12730
-12470
-12523
-12707
-12853
-12884
-12738
-12538
-12532
-12661
-12791
-12814
-12748
-12627
-12434
-12365
-12432
-12501
-12544
-12485
-12229
-12063
-12114
-12277
-12436
-12445
-12339
-12147
-12085
-12132
-12204
-12320
-12371
-12290
-12198
-12254
-12358
-12531
-12703
-12717
-12633
-12640
-12638
-12530
-12479
-12459
-12422
-12367
-12416
-12485
-12297
-11970
-11771
-11809
-12249
-12789
-12734
-12145
-11662
-11626
-12052
-12824
-13347
-13385
-13200
-12890
-12710
-12963
-13397
-13475
-13428
-13433
-13424
-13719
-14244
-14509
-14468
-14325
-14024
-13832
-13993
-14258
-14380
-14392
-14244
-14105
-14273
-14564
-14762
-14766
-14521
-14145
-14060
-14256
-14506
-14758
-14816
-14661
-14452
-14382
-14394
-14474
-14490
-14302
-14067
-13874
-13829
-13934
-14015
-13956
-13890
-13806
-13730
-13828
-14005
-13998
-13886
-13895
-13912
-14060
-14293
-14370
-14325
-14310
-14342
-14391
-14557
-14625
-14506
-14477
-14556
-14542
-14584
-14679
-14649
-14556
-14474
-14423
-14254
-14256
-14367
-14285
-14334
-14412
-14518
-14594
-14414
-14341
-14410
-14328
-13928
-13584
-13580
-13663
-13936
-14003
-13545
-12985
-12711
-12919
-13450
-13908
-13728
-13099
-12649
-12557
-12829
-13269
-13444
-13131
-12731
-12558
-12605
-12897
-13194
-13082
-12699
-12337
-12157
-12358
-12684
-12735
-12538
-12334
-12065
-11831
-11844
-11901
-11848
-11815
-11718
-11488
-11455
-11509
-11480
-11592
-11667
-11461
-11369
-11564
-11664
-11729
-11842
-11757
-11630
-11819
-12087
-12303
-12570
-12643
-12531
-12517
-12590
-12592
-12638
-12604
-12459
-12480
-12666
-12871
-12984
-12976
-12837
-12800
-12845
-12853
-12840
-12731
-12574
-12497
-12504
-12409
-12337
-12297
-12163
-12076
-12119
-12146
-12184
-12351
-12373
-12315
-12372
-12424
-12476
-12642
-12812
-12883
-12966
-13119
-13218
-13199
-13087
-13165
-13902
-14673
-14788
-14549
-14291
-14195
-14658
-15602
-16159
-16193
-15895
-15345
-15138
-15579
-16048
-16154
-16120
-15847
-15505
-15544
-15826
-16014
-16090
-15816
-15291
-15089
-15263
-15485
-15544
-15506
-15290
-15086
-15017
-14891
-14851
-14898
-14848
-14703
-14564
-14471
-14451
-14488
-14521
-14413
-14244
-14040
-13874
-13918
-13957
-13960
-13883
-13653
-13394
-13274
-13174
-13025
-13003
-12966
-12825
-12720
-12634
-12442
-12378
-12476
-12403
-12130
-11963
-11883
-11774
-11806
-11818
-11731
-11557
-11343
-11136
-11073
-11144
-11168
-11212
-11156
-11129
-11117
-11229
-11509
-11596
-11550
-11428
-11444
-11676
-12007
-12306
-12323
-12096
-11673
-11428
-11718
-12296
-12809
-12796
-12377
-11951
-11809
-12281
-12925
-13263
-12998
-12445
-12110
-12116
-12670
-13174
-13205
-12946
-12559
-12448
-12775
-13256
-13663
-13779
-13573
-13468
-13642
-13962
-14279
-14613
-14724
-14590
-14685
-14891
-15093
-15447
-15626
-15484
-15421
-15475
-15614
-15870
-16061
-16030
-15848
-15713
-15653
-15771
-15991
-16150
-16201
-16191
-16020
-15790
-15778
-15780
-15790
-15779
-15621
-15443
-15371
-15379
-15436
-15451
-15324
-15092
-14844
-14760
-14728
-14826
-14947
-14797
-14636
-14564
-14488
-14453
-14484
-14485
-14480
-14529
-14522
-14393
-14456
-14632
-14634
-14635
-14559
-14414
-14211
-14042
-14071
-14030
-13911
-13833
-13672
-13576
-13570
-13503
-13414
-13159
-12712
-12468
-12906
-13538
-13545
-12951
-12063
-11487
-11710
-12409
-12881
-12750
-12195
-11670
-11573
-12037
-12454
-12469
-12331
-12101
-12040
-12188
-12457
-12669
-12784
-12799
-12614
-12498
-12478
-12610
-12873
-13076
-13107
-13009
-12907
-12932
-13194
-13420
-13468
-13471
-13529
-13550
-13621
-13722
-13601
-13486
-13398
-13184
-13194
-13398
-13446
-13472
-13526
-13334
-13006
-12944
-12953
-13090
-13397
-13404
-13269
-13248
-13358
-13471
-13770
-14121
-14138
-14042
-13941
-13796
-13844
-14213
-14343
-14351
-14269
-14045
-14104
-14303
-14525
-14479
-14383
-14230
-14177
-14514
-14600
-14498
-14223
-13859
-13648
-13480
-13394
-13501
-13705
-13576
-13107
-12848
-13127
-13569
-13679
-13254
-12662
-12298
-12159
-12484
-12930
-12875
-12304
-11637
-11293
-11343
-11628
-11792
-11810
-11817
-11647
-11545
-11802
-12062
-12050
-11924
-11859
-11846
-11872
-11941
-11999
-12029
-11881
-11656
-11629
-11718
-11849
-11959
-11885
-11771
-11883
-12183
-12489
-12663
-12551
-12300
-12255
-12327
-12312
-12266
-12228
-12021
-11713
-11623
-11656
-11752
-11925
-11925
-11837
-11953
-12166
-12312
-12390
-12409
-12372
-12475
-12779
-12938
-12876
-12754
-12690
-12717
-12823
-13021
-13241
-13321
-13221
-13113
-13122
-13309
-13487
-13554
-13615
-13636
-13625
-13718
-13922
-14080
-14134
-14095
-13948
-13822
-13965
-14189
-14338
-14423
-14488
-14456
-14224
-13955
-13625
-13690
-14122
-14463
-14644
-14448
-14015
-13687
-13813
-14141
-14291
-14343
-14300
-14147
-13965
-13835
-13721
-13640
-13622
-13613
-13487
-13426
-13481
-13516
-13564
-13536
-13354
-13192
-13254
-13307
-13355
-13498
-13580
-13444
-13197
-13011
-12785
-12592
-12416
-12329
-12455
-12618
-12580
-12394
-12191
-12005
-11978
-12084
-12174
-12190
-12300
-12333
-12243
-12320
-12435
-12429
-12360
-12287
-12201
-12221
-12397
-12589
-12700
-12730
-12635
-12605
-12732
-12846
-12948
-12902
-12801
-12767
-12842
-13034
-13325
-13537
-13392
-13245
-13232
-13272
-13447
-13639
-13609
-13413
-13385
-13395
-13397
-13585
-13715
-13721
-13787
-13731
-13553
-13479
-13406
-13271
-13464
-13920
-14177
-14189
-13946
-13694
-13741
-13972
-14054
-14047
-14151
-14179
-14142
-14201
-14319
-14377
-14354
-14230
-14168
-14372
-14697
-14818
-14903
-14996
-14701
-14500
-14609
-14596
-14611
-14719
-14569
-14400
-14469
-14526
-14573
-14491
-14173
-13937
-14047
-14214
-14301
-14437
-14429
-14252
-14079
-13909
-13833
-14004
-14076
-13962
-13850
-13688
-13526
-13534
-13586
-13498
-13523
-13561
-13512
-13481
-13414
-13289
-13118
-12871
-12643
-12687
-12859
-12981
-13083
-13167
-13107
-12996
-12900
-12779
-12773
-12731
-12538
-12299
-12230
-12316
-12427
-12429
-12320
-12325
-12404
-12385
-12272
-12251
-12227
-12274
-12459
-12576
-12693
-12916
-13067
-12972
-12917
-12809
-12537
-12467
-12635
-12865
-13312
-13788
-13517
-12830
-12769
-13254
-13549
-13636
-13651
-13492
-13477
-13719
-13877
-13911
-13872
-13738
-13926
-14397
-14552
-14312
-14133
-14224
-14481
-14740
-14737
-14588
-14456
-14359
-14299
-14206
-14042
-13899
-13869
-13841
-13777
-13732
-13783
-13912
-14027
-13954
-13730
-13597
-13567
-13689
-13915
-13914
-13591
-13308
-13172
-13167
-13244
-13201
-13081
-13005
-13059
-13217
-13397
-13450
-13346
-13260
-13296
-13346
-13408
-13489
-13353
-13126
-13128
-13316
-13492
-13610
-13561
-13379
-13200
-13080
-13069
-13180
-13290
-13126
-12838
-12569
-12350
-12348
-12561
-12620
-12353
-12080
-11939
-11965
-12048
-12093
-12055
-11923
-11596
-11137
-11070
-11442
-11926
-12169
-11936
-11441
-11192
-11486
-12106
-12592
-12784
-12664
-12357
-12235
-12197
-12186
-12378
-12616
-12757
-12959
-13245
-13464
-13662
-13770
-13674
-13491
-13447
-13570
-13777
-13971
-14073
-14055
-13988
-14003
-14070
-14211
-14317
-14340
-14363
-14394
-14433
-14537
-14685
-14698
-14664
-14656
-14655
-14746
-14969
-15128
-15183
-15218
-15122
-14987
-14940
-14974
-14991
-15097
-15155
-15055
-14946
-14790
-14682
-14678
-14773
-14843
-14840
-14724
-14641
-14650
-14615
-14604
-14549
-14446
-14202
-13944
-13811
-13797
-13886
-13899
-13769
-13603
-13598
-13670
-13746
-13820
-13707
-13461
-13435
-13593
-13544
-13399
-13492
-13606
-13581
-13515
-13367
-13343
-13441
-13484
-13229
-12971
-13071
-13236
-13419
-13234
-12919
-13044
-13220
-13120
-13066
-13143
-13092
-13223
-13301
-12883
-12458
-12396
-12441
-12551
-12631
-12368
-12135
-12209
-12130
-11836
-11917
-12190
-12357
-12519
-12414
-12111
-12080
-12289
-12454
-12664
-12732
-12433
-12172
-12237
-12407
-12709
-12906
-12566
-12116
-11975
-12137
-12566
-12959
-12887
-12644
-12498
-12383
-12467
-12677
-12675
-12403
-12199
-12057
-12142
-12467
-12595
-12528
-12451
-12379
-12407
-12697
-12883
-12797
-12684
-12610
-12540
-12655
-12885
-12960
-13079
-13241
-13370
-13499
-13577
-13484
-13346
-13255
-13189
-13483
-14052
-14464
-14634
-14741
-14812
-14836
-14925
-15041
-14905
-14677
-14636
-14679
-14863
-15083
-15314
-15545
-15746
-15733
-15420
-15251
-15278
-15308
-15267
-15257
-15241
-15148
-15055
-14998
-15069
-15350
-15716
-15859
-15671
-15239
-14939
-14867
-14889
-14947
-14957
-15010
-15258
-15594
-15661
-15407
-14864
-14348
-14112
-14152
-14505
-14904
-15138
-15115
-14828
-14444
-14095
-13831
-13777
-13642
-13257
-12930
-12743
-12651
-12626
-12650
-12507
-12300
-12240
-12162
-12088
-12063
-11787
-11317
-10931
-10475
-10057
-9979
-10226
-10451
-10457
-10221
-9936
-9923
-10059
-10172
-10205
-10191
-10135
-10203
-10443
-10678
-10866
-10946
-10863
-10774
-10919
-11147
-11337
-11434
-11447
-11502
-11729
-12045
-12221
-12394
-12579
-12654
-12755
-12992
-13109
-13165
-13232
-13101
-12930
-13067
-13523
-13872
-14091
-14069
-13805
-13790
-14119
-14555
-14963
-15134
-14926
-14745
-14709
-14739
-14935
-15208
-15207
-14953
-14881
-15056
-15441
-15845
-15931
-15721
-15586
-15592
-15791
-16230
-16534
-16561
-16353
-16037
-15854
-15992
-16269
-16386
-16237
-15977
-15842
-15883
-15957
-15893
-15842
-15685
-15475
-15452
-15500
-15461
-15248
-14906
-14499
-14277
-14257
-14284
-14297
-14211
-14022
-13826
-13627
-13375
-13101
-12819
-12590
-12376
-12256
-12152
-12093
-12110
-11945
-11786
-11691
-11494
-11294
-11183
-11033
-10909
-10874
-10843
-10759
-10666
-10655
-10519
-10349
-10296
-10406
-10652
-10754
-10611
-10459
-10462
-10556
-10727
-10809
-10733
-10681
-10873
-11153
-11282
-11311
-11145
-10938
-10947
-11143
-11517
-11858
-11777
-11476
-11476
-11816
-12141
-12282
-12184
-11755
-11519
-11937
-12575
-13206
-13739
-13521
-12895
-12702
-12838
-13174
-13708
-13993
-13859
-13769
-13642
-13640
-14148
-14738
-14927
-14805
-14713
-14681
-14901
-15254
-15371
-15261
-15210
-15315
-15364
-15457
-15514
-15452
-15347
-15227
-15170
-15219
-15292
-15331
-15409
-15542
-15741
-15916
-16037
-15991
-15792
-15697
-15797
-16017
-16167
-16103
-15873
-15730
-15746
-15749
-15631
-15488
-15373
-15331
-15424
-15555
-15611
-15575
-15503
-15367
-15196
-15021
-14928
-14874
-14758
-14611
-14451
-14313
-14187
-14218
-14283
-14270
-14097
-13826
-13673
-13506
-13365
-13341
-13503
-13461
-13226
-13096
-12661
-12366
-12562
-12609
-12378
-12191
-12230
-12343
-12356
-12426
-12277
-12044
-12140
-12156
-12013
-11946
-11931
-11787
-11734
-11961
-12060
-11973
-11913
-11785
-11652
-11692
-11833
-12001
-11929
-11603
-11411
-11538
-11801
-12093
-12379
-12395
-12196
-12133
-12294
-12403
-12556
-12731
-12713
-12617
-12545
-12493
-12442
-12655
-12988
-13213
-13290
-13187
-13119
-13163
-13343
-13574
-13677
-13622
-13602
-13629
-13616
-13698
-13924
-14039
-13994
-14019
-14133
-14334
-14613
-14783
-14685
-14662
-14748
-14715
-14670
-14624
-14618
-14631
-14641
-14544
-14402
-14236
-14033
-14048
-14256
-14498
-14650
-14653
-14517
-14353
-14306
-14393
-14389
-14134
-13760
-13689
-14012
-14302
-14550
-14665
-14451
-14166
-14196
-14425
-14493
-14227
-13670
-13215
-13224
-13710
-14126
-14104
-13643
-13066
-12840
-12958
-13175
-13196
-12971
-12620
-12445
-12585
-12867
-12977
-12746
-12315
-11983
-12110
-12520
-12794
-12719
-12471
-12193
-12043
-12175
-12321
-12343
-12278
-12117
-11932
-11968
-12039
-12036
-12038
-11983
-11952
-11905
-11975
-12111
-12182
-12181
-12054
-11920
-11934
-12020
-12089
-12143
-12075
-11901
-11715
-11668
-11766
-11974
-12220
-12471
-12630
-12622
-12665
-12722
-12800
-12962
-13106
-13077
-12985
-12900
-12854
-13007
-13247
-13350
-13255
-13209
-13092
-12982
-13127
-13256
-13296
-13515
-13865
-14013
-14025
-13995
-13854
-13651
-13596
-13629
-13644
-13752
-13871
-13896
-13862
-13887
-13982
-14114
-14138
-14016
-13827
-13737
-13800
-13858
-13853
-13629
-13299
-13189
-13392
-13726
-14074
-14221
-13914
-13531
-13485
-13622
-13827
-14125
-14181
-14008
-13856
-13681
-13469
-13399
-13502
-13541
-13548
-13526
-13405
-13344
-13477
-13633
-13720
-13656
-13434
-13302
-13344
-13579
-13741
-13730
-13585
-13390
-13258
-13215
-13340
-13327
-13292
-13330
-13098
-12949
-13051
-12965
-12830
-12763
-12714
-12689
-12649
-12758
-12749
-12746
-12991
-13030
-12906
-12912
-12808
-12702
-12917
-13171
-13287
-13384
-13432
-13315
-13331
-13541
-13639
-13672
-13694
-13668
-13552
-13448
-13377
-13389
-13466
-13381
-13182
-13070
-13062
-13129
-13328
-13501
-13571
-13567
-13529
-13526
-13619
-13811
-13924
-13980
-14005
-14048
-14154
-14317
-14402
-14339
-14280
-14138
-14068
-14251
-14474
-14625
-14712
-14632
-14525
-14548
-14509
-14414
-14367
-14194
-13989
-14060
-14119
-14031
-14000
-13866
-13612
-13576
-13547
-13330
-13317
-13315
-13226
-13329
-13397
-13192
-12995
-12874
-12675
-12608
-12749
-12847
-12771
-12722
-12592
-12504
-12716
-12830
-12689
-12583
-12524
-12448
-12496
-12516
-12463
-12387
-12310
-12297
-12362
-12471
-12461
-12415
-12306
-12243
-12316
-12321
-12319
-12367
-12242
-12013
-11993
-12027
-12115
-12350
-12523
-12507
-12413
-12339
-12291
-12421
-12626
-12646
-12613
-12783
-12952
-13030
-13192
-13339
-13306
-13286
-13397
-13424
-13460
-13572
-13653
-13667
-13819
-14074
-14038
-13802
-13693
-13878
-14208
-14410
-14386
-14183
-13846
-13642
-13761
-14132
-14572
-14653
-14396
-14095
-13945
-14081
-14401
-14488
-14341
-14351
-14456
-14600
-14766
-14736
-14479
-14326
-14286
-14336
-14560
-14701
-14636
-14549
-14503
-14372
-14418
-14578
-14562
-14474
-14444
-14443
-14443
-14458
-14375
-14350
-14314
-14171
-13984
-13765
-13624
-13638
-13755
-13737
-13608
-13521
-13491
-13471
-13502
-13508
-13524
-13514
-13484
-13637
-13630
-13450
-13332
-13219
-13097
-13154
-13223
-13029
-12957
-13071
-13026
-12964
-13050
-13031
-12998
-13030
-13036
-13079
-13062
-12862
-12683
-12701
-12675
-12676
-12776
-12734
-12574
-12656
-12866
-12987
-13010
-12641
-12107
-11848
-11874
-12005
-12246
-12311
-11985
-11729
-11695
-11676
-11786
-11980
-11794
-11549
-11531
-11490
-11548
-11803
-11946
-11858
-11875
-11873
-11821
-11987
-12177
-12163
-12162
-12349
-12620
-12902
-13110
-13178
-13096
-13030
-13030
-13137
-13298
-13366
-13482
-13615
-13716
-13874
-14066
-14186
-14365
-14592
-14661
-14704
-14767
-14748
-14744
-14755
-14662
-14577
-14610
-14760
-14914
-15003
-15004
-14974
-15064
-15183
-15232
-15310
-15374
-15271
-15268
-15463
-15599
-15570
-15576
-15446
-15066
-14884
-14780
-14927
-15291
-15415
-15141
-14617
-14396
-14442
-14580
-14680
-14583
-14425
-14259
-13997
-13871
-13919
-13992
-13998
-13583
-13313
-13579
-13850
-13977
-14030
-13815
-13575
-13628
-13640
-13723
-13824
-13570
-13172
-13075
-13125
-13125
-13257
-13197
-12930
-12796
-12808
-12764
-12706
-12793
-12825
-12816
-12793
-12737
-12851
-12936
-12801
-12792
-12799
-12599
-12546
-12680
-12758
-12921
-13125
-13098
-13015
-13027
-13015
-13003
-13075
-12999
-12922
-13141
-13305
-13305
-13398
-13525
-13565
-13673
-13767
-13796
-13902
-14043
-14109
-14108
-14096
-14039
-14025
-14083
-14155
-14219
-14245
-14130
-14106
-14238
-14261
-14379
-14518
-14462
-14242
-14102
-14040
-13958
-14042
-14135
-14098
-14044
-14043
-14003
-14080
-14212
-14170
-14099
-13979
-13781
-13637
-13566
-13458
-13415
-13356
-13201
-13131
-13141
-13291
-13629
-13879
-13888
-13881
-13894
-13921
-14040
-14154
-14046
-13801
-13553
-13359
-13438
-13658
-13717
-13598
-13559
-13617
-13769
-13971
-14037
-13995
-13933
-13857
-13657
-13604
-13714
-13723
-13616
-13414
-13146
-12926
-12875
-12887
-12910
-12958
-13037
-12980
-12788
-12629
-12503
-12447
-12431
-12320
-12118
-12041
-11988
-11915
-11933
-11949
-11934
-12002
-11996
-11858
-11886
-11874
-11870
-11997
-11954
-11848
-11901
-11954
-11927
-11966
-11924
-11855
-11883
-11955
-12033
-12052
-12050
-12058
-12144
-12260
-12324
-12450
-12523
-12453
-12547
-12686
-12689
-12759
-12816
-12686
-12670
-12883
-12933
-12961
-13028
-12852
-12578
-12614
-12755
-12809
-13131
-13390
-13389
-13427
-13416
-13287
-13329
-13423
-13280
-13166
-13207
-13254
-13405
-13700
-13797
-13845
-14018
-14076
-14044
-14117
-14085
-13903
-13917
-13897
-13913
-14102
-14198
-14221
-14311
-14256
-14054
-14070
-14117
-14162
-14252
-14223
-14098
-14092
-14117
-14059
-14090
-13938
-13685
-13648
-13693
-13648
-13680
-13748
-13661
-13713
-13832
-13751
-13602
-13479
-13298
-13224
-13365
-13556
-13667
-13647
-13513
-13411
-13513
-13539
-13421
-13342
-13187
-13041
-13051
-13067
-13063
-12988
-12874
-12946
-13170
-13334
-13275
-13197
-13039
-12872
-12963
-13029
-12947
-12826
-12731
-12567
-12573
-12681
-12603
-12532
-12402
-12346
-12486
-12580
-12555
-12572
-12654
-12584
-12386
-12356
-12427
-12518
-12642
-12515
-12320
-12316
-12360
-12324
-12362
-12474
-12405
-12368
-12496
-12651
-12876
-13013
-12812
-12582
-12652
-12868
-12932
-12771
-12540
-12583
-13012
-13386
-13632
-13658
-13347
-13060
-13029
-13170
-13400
-13553
-13342
-13095
-13116
-13323
-13538
-13614
-13557
-13386
-13244
-13224
-13397
-13638
-13689
-13510
-13318
-13150
-13145
-13381
-13496
-13416
-13214
-13062
-13046
-13188
-13479
-13692
-13693
-13688
-13741
-13709
-13885
-14131
-14164
-14347
-14446
-13991
-13653
-13777
-13811
-13924
-14219
-14146
-13913
-13828
-13717
-13856
-14164
-14272
-14275
-14350
-14357
-14255
-14183
-14046
-13917
-13809
-13672
-13437
-13345
-13366
-13363
-13591
-13684
-13556
-13472
-13423
-13326
-13322
-13261
-12964
-12811
-12747
-12627
-12594
-12629
-12441
-12244
-12238
-12194
-12171
-12231
-12227
-12251
-12568
-12678
-12542
-12592
-12561
-12446
-12464
-12467
-12438
-12593
-12791
-12880
-12968
-13093
-13064
-13027
-13011
-12808
-12761
-12839
-12789
-12754
-12778
-12736
-12698
-12751
-12905
-13063
-13216
-13412
-13512
-13478
-13245
-13059
-13125
-13221
-13246
-13271
-13318
-13449
-13634
-13605
-13550
-13718
-13980
-14113
-14158
-14105
-13865
-13757
-13683
-13577
-13744
-13960
-14020
-14121
-14174
-14118
-14119
-14157
-14113
-14038
-14038
-13958
-13909
-13967
-14031
-14218
-14403
-14358
-14135
-13869
-13588
-13464
-13543
-13703
-13878
-14001
-14072
-14136
-14156
-14057
-13993
-13959
-13862
-13901
-14107
-14235
-14357
-14462
-14356
-14155
-14120
-14289
-14361
-14492
-14583
-14434
-14398
-14591
-14847
-14895
-14936
-14837
-14437
-14306
-14335
-14338
-14643
-14926
-14838
-14621
-14375
-14118
-14102
-14383
-14511
-14558
-14660
-14473
-14291
-14376
-14454
-14449
-14399
-14202
-13906
-13733
-13824
-13845
-13653
-13574
-13621
-13856
-14099
-14048
-13839
-13639
-13517
-13552
-13662
-13745
-13734
-13482
-13331
-13414
-13501
-13507
-13480
-13475
-13443
-13564
-13795
-13879
-13820
-13801
-13761
-13787
-13890
-13821
-13617
-13457
-13454
-13348
-13360
-13570
-13476
-13274
-13330
-13290
-13084
-13048
-13013
-13022
-13009
-12849
-12684
-12626
-12691
-12768
-12806
-12774
-12684
-12525
-12612
-12875
-12962
-12942
-12892
-12816
-12688
-12708
-12869
-13047
-13286
-13437
-13345
-13270
-13319
-13347
-13430
-13487
-13382
-13299
-13365
-13402
-13497
-13606
-13537
-13385
-13352
-13467
-13666
-13978
-14072
-13941
-13850
-13882
-13934
-13888
-13775
-13644
-13612
-13597
-13561
-13436
-13342
-13386
-13490
-13584
-13613
-13656
-13713
-13761
-13697
-13564
-13416
-13349
-13376
-13492
-13718
-13887
-13996
-14024
-13906
-13752
-13715
-13705
-13718
-13753
-13827
-13944
-14008
-14065
-14064
-14019
-13961
-13852
-13791
-13876
-13859
-13838
-13934
-13912
-13879
-13902
-13932
-13838
-13750
-13742
-13759
-13798
-13713
-13514
-13342
-13313
-13317
-13439
-13641
-13676
-13605
-13492
-13286
-13176
-13168
-12973
-12720
-12476
-12389
-12696
-13205
-13495
-13588
-13589
-13411
-13381
-13457
-13309
-13002
-12775
-12427
-12208
-12585
-13003
-13144
-13133
-12879
-12411
-12130
-12163
-12286
-12405
-12524
-12500
-12457
-12667
-12925
-13017
-12899
-12767
-12762
-12932
-13108
-13103
-13016
-12877
-12832
-13019
-13340
-13614
-13807
-13826
-13790
-13760
-13753
-13934
-14012
-13894
-13707
-13467
-13327
-13539
-13951
-14144
-14025
-13787
-13634
-13681
-13865
-13875
-13732
-13624
-13553
-13396
-13396
-13658
-13724
-13646
-13442
-13054
-12882
-13060
-13274
-13401
-13417
-13268
-13195
-13307
-13472
-13587
-13603
-13369
-13001
-12833
-12860
-13044
-13333
-13367
-13140
-13119
-13275
-13560
-13896
-13826
-13380
-12961
-12678
-12714
-13123
-13353
-13342
-13253
-12981
-12772
-12982
-13249
-13136
-12911
-12636
-12359
-12547
-13082
-13281
-13237
-13072
-12651
-12425
-12548
-12667
-12740
-12915
-12827
-12553
-12558
-12656
-12710
-12922
-13134
-13209
-13286
-13243
-13079
-12967
-12889
-12794
-12907
-13018
-12965
-13059
-13009
-12810
-12853
-13020
-13020
-12978
-12965
-12784
-12661
-12673
-12493
-12306
-12333
-12275
-12231
-12287
-12184
-12007
-12030
-12006
-11815
-11858
-11878
-11842
-12084
-12267
-12129
-12012
-11999
-11915
-11962
-12106
-12038
-11811
-11743
-11810
-11978
-12249
-12360
-12254
-12143
-12149
-12176
-12371
-12605
-12654
-12573
-12362
-12180
-12135
-12238
-12351
-12368
-12296
-12143
-12077
-12187
-12184
-11947
-11789
-11749
-11699
-11851
-12145
-12293
-12454
-12512
-12399
-12383
-12504
-12620
-12503
-12298
-12196
-12256
-12370
-12527
-12904
-13253
-13281
-13078
-12938
-12950
-13120
-13305
-13247
-13122
-13180
-13274
-13380
-13563
-13605
-13531
-13530
-13542
-13433
-13397
-13431
-13498
-13666
-13755
-13836
-13949
-14069
-14143
-14160
-14065
-13905
-13953
-14152
-14364
-14526
-14522
-14351
-14317
-14452
-14628
-14849
-14932
-14913
-14959
-14894
-14744
-14773
-14828
-14792
-14724
-14654
-14517
-14475
-14587
-14580
-14580
-14589
-14531
-14503
-14523
-14462
-14311
-14204
-14086
-13958
-13921
-13911
-13883
-13943
-13838
-13597
-13387
-13226
-13206
-13257
-13342
-13235
-13039
-12989
-13073
-13130
-13104
-13098
-13070
-12990
-12842
-12714
-12544
-12461
-12623
-12837
-13031
-13248
-13359
-13327
-13247
-13060
-12848
-12648
-12514
-12557
-12883
-13250
-13322
-13292
-13236
-13081
-12947
-12873
-12686
-12548
-12523
-12538
-12612
-12619
-12522
-12425
-12590
-12843
-12836
-12670
-12567
-12504
-12443
-12454
-12582
-12831
-13125
-13349
-13337
-13195
-13141
-13286
-13395
-13411
-13589
-13781
-13873
-14002
-14224
-14375
-14457
-14522
-14542
-14542
-14581
-14653
-14734
-14844
-14820
-14773
-14851
-14896
-14869
-14949
-15042
-15061
-15134
-15211
-15269
-15333
-15366
-15258
-15175
-15206
-15235
-15269
-15282
-15227
-15133
-15169
-15225
-15205
-15171
-15093
-14968
-14876
-14829
-14789
-14720
-14575
-14501
-14399
-14246
-14207
-14271
-14344
-14365
-14283
-14065
-13907
-13807
-13728
-13617
-13422
-13152
-12891
-12810
-12855
-12931
-12929
-12898
-12830
-12802
-12832
-12819
-12776
-12609
-12409
-12352
-12407
-12397
-12326
-12214
-12195
-12258
-12266
-12221
-12068
-11952
-11880
-11912
-12055
-12133
-12150
-12166
-12070
-11885
-11761
-11766
-11952
-12102
-12187
-12238
-12219
-12212
-12322
-12382
-12311
-12301
-12215
-12149
-12282
-12499
-12557
-12514
-12443
-12286
-12317
-12577
-12842
-13007
-13036
-12896
-12836
-13001
-13248
-13210
-12933
-12855
-12934
-13101
-13257
-13255
-13162
-13256
-13388
-13348
-13427
-13742
-14048
-14044
-13934
-13936
-14076
-14222
-14311
-14380
-14360
-14272
-14183
-14242
-14396
-14511
-14540
-14678
-14831
-14750
-14724
-14767
-14734
-14765
-14848
-14779
-14647
-14580
-14545
-14567
-14634
-14637
-14504
-14350
-14333
-14454
-14507
-14525
-14560
-14461
-14270
-14255
-14178
-13898
-13982
-13965
-13579
-13553
-13684
-13687
-13727
-13487
-13040
-12923
-13040
-13110
-13229
-13424
-13172
-12827
-12928
-12818
-12580
-12547
-12436
-12337
-12401
-12501
-12484
-12394
-12449
-12537
-12554
-12468
-12303
-12323
-12343
-12408
-12613
-12570
-12251
-12167
-12385
-12599
-12859
-12902
-12550
-12272
-12300
-12330
-12368
-12442
-12425
-12462
-12564
-12657
-12726
-12768
-12737
-12690
-12602
-12542
-12656
-12791
-12844
-12989
-13259
-13245
-13094
-13124
-13167
-13261
-13473
-13483
-13380
-13515
-13646
-13646
-13684
-13786
-13771
-13799
-13902
-13922
-13964
-13914
-13926
-14068
-14043
-13887
-14113
-14423
-14235
-13974
-13871
-13830
-13964
-14215
-14226
-14194
-14356
-14458
-14475
-14465
-14311
-14132
-14183
-14288
-14400
-14542
-14601
-14588
-14641
-14690
-14679
-14740
-14655
-14472
-14443
-14514
-14452
-14362
-14281
-14058
-14044
-14206
-14233
-14163
-14102
-14009
-13849
-13825
-13976
-14059
-14071
-13938
-13698
-13735
-13897
-13909
-13749
-13506
-13309
-13253
-13314
-13452
-13534
-13277
-12974
-12878
-12824
-12842
-12993
-12845
-12429
-12445
-12655
-12665
-12780
-12788
-12470
-12366
-12375
-12350
-12565
-12751
-12653
-12587
-12635
-12503
-12540
-12689
-12577
-12518
-12690
-12850
-13055
-13309
-13171
-12956
-12974
-13014
-13067
-13168
-13095
-12962
-13031
-13068
-13208
-13510
-13708
-13791
-13896
-13851
-13694
-13849
-14086
-14224
-14483
-14654
-14517
-14407
-14442
-14517
-14699
-14973
-15099
-15083
-15180
-15280
-15376
-15496
-15566
-15565
-15608
-15654
-15598
-15582
-15521
-15336
-15323
-15592
-15795
-15991
-16038
-15833
-15744
-15677
-15493
-15349
-15316
-15149
-15048
-15032
-14904
-14866
-14819
-14608
-14405
-14383
-14431
-14608
-14752
-14618
-14319
-14022
-13858
-13844
-13905
-13814
-13594
-13402
-13329
-13327
-13411
-13498
-13423
-13246
-12992
-12802
-12765
-12798
-12803
-12729
-12516
-12316
-12219
-12256
-12318
-12204
-12103
-11971
-11866
-11844
-11893
-11993
-12059
-12131
-12127
-12029
-11855
-11815
-11923
-12032
-12176
-12264
-12252
-12331
-12428
-12398
-12412
-12435
-12391
-12386
-12504
-12600
-12691
-12823
-12892
-12871
-12805
-12782
-12880
-13136
-13170
-13072
-13095
-13155
-13286
-13424
-13514
-13555
-13724
-13907
-14020
-14083
-13974
-13753
-13676
-13821
-14055
-14349
-14481
-14379
-14156
-14094
-14192
-14259
-14323
-14294
-14241
-14263
-14338
-14376
-14475
-14570
-14487
-14331
-14141
-13933
-13933
-14054
-14078
-14077
-13899
-13784
-13914
-14087
-14135
-13958
-13655
-13373
-13398
-13516
-13457
-13381
-13356
-13317
-13288
-13229
-13096
-13052
-13069
-13026
-12949
-12967
-13065
-13171
-13164
-13045
-12955
-12956
-12995
-12958
-12876
-12735
-12721
-12880
-13072
-13126
-12956
-12810
-12710
-12680
-12692
-12694
-12754
-12784
-12613
-12411
-12382
-12360
-12282
-12227
-12180
-12138
-12211
-12278
-12279
-12271
-12244
-12199
-12141
-12127
-12105
-12208
-12369
-12346
-12147
-11947
-11819
-11789
-11996
-12231
-12262
-12305
-12418
-12388
-12367
-12367
-12438
-12566
-12497
-12465
-12652
-12805
-12695
-12717
-12798
-12647
-12583
-12765
-12929
-12776
-12706
-12786
-12847
-13063
-13187
-12951
-12606
-12525
-12746
-12958
-13023
-12984
-12782
-12680
-12687
-12786
-12982
-13037
-13050
-13122
-13093
-12995
-13213
-13499
-13450
-13307
-13174
-12877
-12840
-13329
-13627
-13585
-13453
-13289
-13302
-13612
-13860
-13848
-13802
-13713
-13585
-13573
-13631
-13550
-13455
-13289
-13057
-13057
-13113
-13028
-12945
-12891
-12792
-12760
-12668
-12629
-12695
-12662
-12535
-12380
-12277
-12151
-12187
-12320
-12247
-12105
-12162
-12344
-12647
-13008
-13008
-12700
-12523
-12637
-12778
-12983
-13074
-12802
-12542
-12643
-12972
-13209
-13365
-13294
-13265
-13431
-13487
-13584
-13770
-13887
-13889
-13912
-14025
-14148
-14271
-14377
-14243
-14052
-14051
-14102
-14259
-14409
-14323
-14170
-14193
-14230
-14281
-14356
-14397
-14404
-14356
-14329
-14271
-14295
-14330
-14354
-14364
-14326
-14248
-14140
-14224
-14331
-14302
-14224
-14146
-14008
-13972
-14117
-14197
-14135
-13982
-13802
-13697
-13744
-13675
-13515
-13516
-13494
-13248
-13126
-13277
-13330
-13228
-13065
-13010
-13158
-13388
-13496
-13607
-13644
-13430
-13223
-13124
-13231
-13289
-13142
-12996
-13040
-13220
-13386
-13640
-13779
-13585
-13371
-13326
-13214
-13245
-13389
-13382
-13437
-13528
-13371
-13045
-12986
-13067
-12986
-12954
-12985
-12886
-12960
-13176
-13294
-13314
-13087
-12809
-12786
-12966
-12941
-12813
-12810
-12760
-12656
-12540
-12503
-12581
-12749
-12859
-12923
-12949
-12983
-13158
-13374
-13447
-13466
-13495
-13306
-13185
-13262
-13341
-13378
-13472
-13543
-13491
-13509
-13488
-13433
-13495
-13557
-13457
-13352
-13333
-13398
-13480
-13446
-13299
-13206
-13297
-13181
-13096
-13209
-13277
-13439
-13586
-13628
-13660
-13762
-13734
-13593
-13475
-13317
-13203
-13189
-13106
-13078
-13377
-13618
-13503
-13387
-13462
-13501
-13652
-13814
-13689
-13546
-13565
-13617
-13676
-13847
-13821
-13668
-13634
-13615
-13626
-13766
-13980
-13987
-13908
-13977
-14085
-14049
-14024
-14137
-14313
-14372
-14265
-14208
-14121
-14150
-14397
-14506
-14435
-14445
-14350
-14131
-14175
-14306
-14269
-14231
-14205
-13981
-13909
-14100
-14255
-14347
-14166
-13679
-13535
-13884
-13939
-13731
-13583
-13334
-13083
-13159
-13353
-13277
-13141
-12928
-12706
-12829
-13163
-13272
-13140
-12909
-12736
-12828
-13095
-13342
-13355
-13141
-12913
-12918
-13035
-13137
-13183
-13059
-12922
-12929
-13150
-13352
-13400
-13323
-13198
-13165
-13330
-13600
-13614
-13362
-13146
-13199
-13463
-13782
-13737
-13228
-12886
-12859
-13012
-13540
-13945
-13615
-13183
-13182
-13277
-13411
-13954
-14115
-13602
-13429
-13411
-13341
-13587
-13861
-13834
-13877
-14024
-14118
-14358
-14541
-14446
-14299
-14339
-14272
-14119
-14144
-14229
-14254
-14217
-14075
-13821
-13718
-13726
-13778
-13845
-13874
-13903
-13843
-13600
-13366
-13386
-13430
-13461
-13477
-13409
-13310
-13139
-12874
-12661
-12705
-12784
-12664
-12611
-12848
-12971
-12899
-12899
-12881
-12930
-13136
-13238
-13206
-13256
-13172
-13002
-12992
-12957
-12909
-12947
-12866
-12773
-12956
-13049
-12931
-12913
-12962
-13024
-13271
-13483
-13427
-13418
-13399
-13276
-13303
-13414
-13346
-13256
-13303
-13323
-13390
-13533
-13542
-13434
-13511
-13667
-13726
-13894
-13962
-13726
-13601
-13643
-13727
-13967
-14080
-13876
-13576
-13432
-13386
-13443
-13637
-13729
-13659
-13497
-13423
-13379
-13407
-13629
-13722
-13633
-13577
-13460
-13354
-13401
-13408
-13425
-13467
-13395
-13301
-13317
-13286
-13328
-13619
-13737
-13634
-13621
-13625
-13441
-13378
-13447
-13422
-13542
-13703
-13660
-13616
-13783
-13827
-13717
-13626
-13421
-13274
-13337
-13364
-13474
-13762
-13599
-13113
-13093
-13462
-13636
-13626
-13411
-13031
-12984
-13343
-13575
-13308
-13038
-12878
-12911
-13186
-13283
-13202
-12925
-12588
-12489
-12732
-12985
-13113
-13176
-13038
-12751
-12534
-12563
-12777
-12995
-12954
-12840
-12919
-12975
-12937
-13055
-13188
-13212
-13278
-13100
-12778
-12773
-13043
-13335
-13621
-13618
-13422
-13570
-13725
-13630
-13724
-14005
-14017
-13984
-14083
-13954
-13793
-13972
-14064
-13856
-13720
-13588
-13580
-13824
-14118
-14265
-14325
-14302
-14154
-14229
-14390
-14412
-14380
-14282
-14143
-14196
-14306
-14247
-14231
-14220
-14140
-14063
-14105
-14235
-14409
-14502
-14349
-14157
-14188
-14342
-14468
-14616
-14626
-14506
-14421
-14447
-14470
-14458
-14355
-14159
-14155
-14289
-14457
-14497
-14487
-14437
-14258
-14103
-14002
-13987
-13946
-13971
-14084
-14136
-14116
-14043
-13927
-13835
-13757
-13678
-13653
-13554
-13499
-13542
-13536
-13417
-13380
-13530
-13583
-13426
-13185
-12957
-12788
-12775
-12841
-12942
-13031
-12958
-12643
-12362
-12315
-12394
-12670
-12824
-12738
-12584
-12405
-12437
-12741
-12972
-12922
-12696
-12505
-12581
-12859
-13182
-13217
-12974
-12739
-12675
-12811
-12923
-13058
-13249
-13385
-13414
-13443
-13438
-13463
-13621
-13713
-13695
-13771
-13921
-13834
-13765
-13852
-13861
-13725
-13696
-13951
-14112
-14063
-14201
-14344
-13867
-13694
-14188
-14247
-13993
-13916
-13692
-13420
-13604
-13740
-13816
-14029
-13723
-13282
-13463
-13789
-13777
-13857
-13875
-13513
-13492
-13884
-13939
-13989
-14111
-13849
-13584
-13625
-13843
-14055
-14267
-14142
-13793
-13794
-13785
-13680
-14001
-14313
-14074
-13899
-13924
-13745
-13712
-13837
-13618
-13449
-13432
-13290
-13275
-13232
-13193
-13229
-13156
-13017
-12978
-13029
-12922
-12771
-12748
-12630
-12421
-12284
-12157
-12160
-12240
-12356
-12408
-12266
-12124
-12125
-12402
-12660
-12787
-12856
-12676
-12434
-12498
-12555
-12392
-12426
-12441
-12225
-12033
-12098
-12434
-12771
-12787
-12438
-12024
-11822
-11910
-12242
-12744
-12787
-12359
-11992
-11585
-11462
-11823
-12101
-12162
-12173
-11968
-11832
-11919
-12024
-12282
-12537
-12438
-12217
-12235
-12391
-12568
-12746
-12807
-12608
-12485
-12481
-12552
-12980
-13317
-13307
-13223
-13229
-13241
-13421
-13728
-13721
-13585
-13605
-13551
-13427
-13505
-13631
-13767
-13821
-13694
-13580
-13669
-13922
-14162
-14347
-14374
-14195
-13888
-13856
-13970
-14002
-14073
-13980
-13828
-13812
-13966
-14095
-14140
-14157
-14051
-13878
-13884
-14070
-14298
-14526
-14563
-14491
-14342
-14232
-14272
-14289
-14207
-14174
-14246
-14025
-13610
-13407
-13668
-14287
-14427
-13768
-13016
-12597
-12654
-13117
-13406
-13322
-13018
-12708
-12381
-12492
-13202
-13454
-12958
-12265
-11811
-12013
-12578
-12460
-12010
-11964
-11780
-11303
-11137
-11369
-11577
-11732
-11848
-11736
-11596
-11846
-12014
-11968
-12069
-11957
-11593
-11371
-11300
-11313
-11649
-11864
-11763
-11759
-11931
-11993
-12008
-12324
-12478
-12474
-12441
-12267
-12094
-12132
-12303
-12362
-12518
-12600
-12525
-12520
-12652
-12845
-13052
-13104
-13040
-13306
-13705
-13909
-14061
-14204
-14185
-14146
-14087
-14029
-14213
-14543
-14772
-14843
-14891
-14835
-14855
-15010
-15038
-15027
-15139
-15166
-15047
-15064
-15239
-15420
-15417
-15332
-15163
-14929
-14809
-14964
-15445
-15785
-15656
-14997
-14279
-14207
-14763
-15285
-15382
-15160
-14650
-14158
-14229
-14570
-14586
-14448
-14151
-13767
-13684
-13983
-14249
-14308
-14350
-14095
-13720
-13506
-13479
-13578
-13595
-13420
-13193
-13119
-12960
-12884
-13014
-12996
-12835
-12674
-12464
-12363
-12534
-12685
-12587
-12433
-12421
-12441
-12508
-12430
-12090
-11823
-11689
-11524
-11459
-11629
-11741
-11760
-11757
-11683
-11628
-11737
-11802
-11683
-11584
-11462
-11433
-11576
-11788
-11984
-12103
-12040
-11886
-11894
-12023
-12135
-12178
-12217
-12247
-12352
-12418
-12401
-12462
-12588
-12741
-12868
-12971
-13027
-13207
-13384
-13412
-13452
-13460
-13413
-13468
-13510
-13405
-13494
-13758
-13887
-13840
-13831
-13787
-13713
-13810
-13901
-13933
-13876
-13758
-13789
-14102
-14151
-13805
-13670
-13820
-13962
-13944
-13901
-13807
-13902
-14273
-14624
-14788
-14766
-14700
-14601
-14525
-14509
-14552
-14449
-14268
-14178
-14131
-14304
-14664
-14663
-14298
-14159
-14209
-14413
-14409
-14149
-14094
-13791
-13257
-13252
-13680
-14061
-14315
-14061
-13240
-12537
-12590
-13061
-13405
-13454
-12929
-12457
-12440
-12479
-12780
-13397
-13233
-12357
-12069
-12236
-12541
-13012
-13045
-12634
-12379
-12120
-11976
-12383
-12885
-12862
-12470
-12220
-12184
-12409
-12723
-12779
-12607
-12317
-11991
-12037
-12390
-12425
-12276
-12169
-12044
-12086
-12393
-12583
-12577
-12590
-12637
-12734
-12856
-12961
-12908
-12864
-12794
-12715
-12889
-13078
-13178
-13325
-13527
-13715
-13944
-14132
-14142
-14024
-14040
-14266
-14501
-14614
-14460
-14383
-14491
-14375
-14247
-14488
-14834
-14941
-15010
-15315
-15396
-15235
-15313
-15078
-14541
-14411
-14692
-15231
-15948
-16195
-15597
-14598
-13786
-13947
-14835
-15345
-15258
-15017
-14621
-13978
-13585
-13790
-14210
-14319
-14118
-13833
-13793
-13872
-13888
-13977
-13998
-13779
-13414
-13268
-13394
-13620
-13737
-13639
-13303
-12918
-12801
-12948
-13263
-13526
-13527
-13226
-13027
-13078
-13136
-13141
-13105
-12972
-12675
-12448
-12386
-12381
-12399
-12485
-12460
-12386
-12425
-12438
-12443
-12400
-12468
-12470
-12503
-12775
-12604
-12151
-12097
-12477
-12813
-12746
-12643
-12376
-12075
-12432
-12632
-12487
-12437
-12258
-12744
-13583
-13288
-12502
-12846
-13460
-13033
-12652
-13055
-13379
-13417
-13691
-13738
-13367
-13357
-13646
-13682
-13849
-14220
-14126
-13854
-13849
-13843
-13935
-14381
-14638
-14451
-14382
-14462
-14381
-14578
-14916
-14782
-14631
-14584
-14536
-14721
-14958
-14899
-14783
-14893
-14914
-14967
-15088
-15017
-14850
-14634
-14188
-13840
-13953
-14129
-14441
-14919
-14962
-14780
-14917
-14946
-14604
-14304
-14076
-13768
-13766
-14076
-14293
-14610
-14814
-14689
-14458
-14191
-13924
-13766
-13749
-13779
-13958
-13936
-13589
-13432
-13696
-14118
-14278
-14134
-13753
-13500
-13551
-13533
-13477
-13471
-13356
-13242
-13226
-13213
-13081
-13080
-13200
-13125
-13280
-13579
-13423
-13056
-12867
-12626
-12506
-12837
-13220
-13344
-13170
-12988
-12956
-12968
-12863
-12555
-12226
-12124
-12296
-12557
-12946
-13330
-13502
-13393
-13120
-12746
-12315
-12102
-12080
-12198
-12502
-12959
-13275
-13400
-13431
-13312
-13142
-12975
-12906
-13036
-13232
-13316
-13451
-13569
-13713
-14030
-14330
-14510
-14528
-14393
-14242
-14190
-13853
-13459
-13448
-13614
-13804
-13935
-14040
-14055
-14178
-14534
-14728
-14471
-14000
-13649
-13504
-13624
-13631
-13305
-13307
-13671
-14054
-14564
-14629
-14086
-13396
-12882
-12618
-12779
-13469
-13914
-14031
-14093
-14016
-13954
-14096
-14192
-13916
-13454
-13066
-13001
-13320
-13945
-14389
-14338
-14107
-14005
-14029
-14056
-14114
-14108
-13946
-13657
-13685
-13915
-13867
-13755
-13704
-13713
-13765
-13729
-13385
-12932
-12643
-12528
-12727
-13087
-13157
-13060
-13159
-13146
-12944
-12930
-13009
-12890
-12745
-12598
-12463
-12564
-12795
-13016
-13189
-13288
-13274
-13278
-13208
-12941
-12612
-12416
-12364
-12392
-12629
-12811
-12866
-12851
-12681
-12557
-12684
-12870
-12878
-12763
-12561
-12427
-12530
-12780
-12846
-12758
-12648
-12582
-12534
-12487
-12599
-12446
-12194
-12206
-12344
-12661
-12894
-12871
-12767
-12765
-13018
-13382
-13488
-13332
-13093
-12927
-12892
-12937
-13155
-13556
-13629
-13333
-13408
-13532
-13433
-13655
-13962
-13803
-13509
-13611
-13659
-13500
-13656
-13688
-13477
-13803
-14147
-14117
-14192
-14159
-13873
-13785
-13913
-13884
-14002
-14170
-14141
-14201
-14228
-14103
-14125
-14275
-14093
-13766
-13518
-13271
-13397
-13922
-14243
-14325
-14333
-14202
-14153
-14197
-14261
-14114
-13770
-13580
-13595
-13673
-13793
-13992
-14036
-13981
-13933
-13876
-13918
-14076
-14076
-13879
-13874
-13900
-13795
-13900
-14063
-13862
-13657
-13677
-13625
-13501
-13451
-13245
-12943
-12896
-12907
-12990
-13236
-13456
-13426
-13430
-13442
-13165
-13116
-13160
-13088
-13057
-12931
-12621
-12441
-12643
-12779
-12686
-12628
-12582
-12539
-12725
-12811
-12801
-12999
-13014
-12859
-12746
-12670
-12769
-13121
-13375
-13281
-13243
-13275
-13133
-13122
-13025
-12794
-12862
-12959
-12929
-12944
-13003
-12905
-12896
-13031
-13101
-13199
-13198
-13123
-13056
-13030
-12915
-12923
-13093
-13108
-13133
-13214
-13357
-13478
-13533
-13563
-13610
-13726
-13881
-14025
-14150
-14214
-14135
-13996
-13868
-13885
-13925
-13930
-13945
-13935
-13924
-13975
-14195
-14358
-14396
-14443
-14422
-14203
-14062
-14123
-14175
-14182
-14118
-14055
-13912
-13732
-13653
-13644
-13654
-13723
-13747
-13712
-13783
-13821
-13787
-13692
-13567
-13395
-13369
-13446
-13396
-13436
-13585
-13628
-13434
-13188
-13012
-13055
-13264
-13371
-13278
-13118
-13132
-13205
-13272
-13260
-13245
-13224
-13125
-13052
-12979
-12891
-12826
-12837
-12854
-12875
-12888
-12943
-12990
-12973
-12858
-12644
-12528
-12530
-12618
-12669
-12655
-12526
-12366
-12398
-12590
-12728
-12759
-12790
-12707
-12642
-12732
-12821
-12798
-12803
-12805
-12773
-12856
-12981
-13007
-12965
-12973
-12897
-12961
-13198
-13332
-13389
-13338
-13174
-13072
-13193
-13363
-13492
-13590
-13592
-13469
-13420
-13419
-13414
-13544
-13633
-13646
-13639
-13688
-13732
-13790
-13804
-13788
-13781
-13731
-13865
-14034
-14146
-14059
-13830
-13624
-13491
-13576
-13723
-13872
-14030
-14190
-14243
-14206
-14090
-13931
-13830
-13751
-13703
-13735
-13879
-14064
-14182
-14152
-14100
-14006
-13926
-13878
-13793
-13726
-13730
-13883
-13988
-14013
-13967
-13982
-14039
-13993
-13963
-13954
-13908
-13816
-13756
-13684
-13752
-13860
-13874
-13892
-13903
-13913
-13857
-13740
-13616
-13541
-13455
-13375
-13280
-13261
-13343
-13435
-13519
-13579
-13612
-13420
-13167
-12920
-12744
-12742
-12762
-12721
-12630
-12665
-12709
-12657
-12664
-12759
-12784
-12833
-12816
-12674
-12576
-12445
-12403
-12442
-12463
-12408
-12335
-12276
-12167
-12138
-12252
-12342
-12246
-12113
-12005
-12012
-12184
-12520
-12867
-12984
-12912
-12720
-12559
-12527
-12744
-12983
-12938
-12766
-12670
-12721
-12978
-13256
-13273
-13293
-13421
-13424
-13345
-13358
-13346
-13310
-13432
-13595
-13678
-13719
-13724
-13668
-13754
-13728
-13520
-13534
-13711
-13906
-14092
-14224
-14135
-14075
-14258
-14360
-14275
-14180
-14042
-13927
-13980
-14044
-14024
-13963
-14012
-14102
-14274
-14490
-14539
-14479
-14398
-14357
-14341
-14365
-14339
-14329
-14312
-14223
-14147
-14119
-14193
-14306
-14348
-14196
-14019
-14031
-14185
-14274
-14318
-14227
-13943
-13771
-13707
-13707
-13666
-13502
-13244
-13144
-13256
-13324
-13330
-13276
-13063
-12823
-12948
-13129
-13113
-13113
-13054
-12855
-12786
-12936
-12999
-12926
-12754
-12552
-12452
-12600
-12747
-12776
-12815
-12679
-12493
-12512
-12726
-12897
-13079
-13178
-13047
-12913
-12864
-12827
-12821
-12899
-12855
-12789
-12793
-12860
-12957
-13063
-13141
-13052
-12966
-12919
-12915
-13142
-13528
-13646
-13517
-13274
-13015
-13045
-13270
-13479
-13608
-13709
-13614
-13534
-13672
-13806
-13940
-14083
-14133
-14113
-14210
-14315
-14445
-14643
-14682
-14508
-14389
-14378
-14321
-14400
-14496
-14413
-14338
-14375
-14405
-14568
-14807
-14786
-14559
-14357
-14259
-14178
-14232
-14257
-14193
-14199
-14150
-14056
-14076
-14159
-14145
-14103
-14012
-13933
-14022
-14260
-14423
-14435
-14282
-13997
-13895
-13921
-13958
-14024
-14025
-13804
-13565
-13487
-13481
-13547
-13641
-13770
-13858
-13970
-13992
-13860
-13702
-13421
-12996
-12669
-12559
-12572
-12725
-12907
-12924
-12804
-12780
-12674
-12498
-12373
-12225
-12288
-12408
-12411
-12406
-12483
-12507
-12523
-12590
-12577
-12559
-12541
-12538
-12578
-12695
-12705
-12639
-12636
-12635
-12633
-12729
-12837
-12709
-12604
-12612
-12593
-12626
-12834
-12972
-12952
-12968
-13010
-13104
-13217
-13323
-13254
-13093
-12940
-12786
-12691
-12627
-12561
-12434
-12426
-12513
-12687
-12943
-13164
-13271
-13252
-13158
-13031
-12955
-12914
-12945
-13016
-13123
-13243
-13412
-13575
-13710
-13850
-13832
-13768
-13776
-13843
-13865
-13943
-13996
-13854
-13760
-13788
-13880
-14070
-14306
-14380
-14335
-14250
-14165
-14117
-14156
-14172
-14021
-13914
-13869
-13847
-13852
-13840
-13811
-13921
-14047
-14028
-14014
-13950
-13859
-13832
-13898
-13893
-13798
-13745
-13671
-13593
-13618
-13635
-13492
-13286
-13081
-13085
-13246
-13350
-13362
-13304
-13237
-13148
-13050
-12916
-12838
-12802
-12777
-12785
-12879
-12895
-12812
-12872
-12872
-12792
-12740
-12656
-12507
-12485
-12537
-12495
-12447
-12403
-12409
-12398
-12451
-12606
-12733
-12772
-12666
-12469
-12432
-12537
-12648
-12780
-12779
-12696
-12589
-12560
-12661
-12802
-12907
-12896
-12844
-12852
-12941
-12937
-12926
-12914
-12820
-12796
-12968
-13136
-13115
-13042
-12938
-12961
-13120
-13256
-13225
-13146
-13188
-13238
-13428
-13642
-13621
-13487
-13413
-13399
-13513
-13698
-13763
-13676
-13646
-13766
-13938
-14109
-14011
-13750
-13640
-13678
-13786
-13972
-14039
-13914
-13868
-13773
-13662
-13715
-13814
-13805
-13758
-13575
-13267
-13215
-13353
-13468
-13549
-13599
-13478
-13366
-13354
-13327
-13407
-13441
-13237
-12966
-12842
-12792
-12855
-13001
-13004
-12803
-12711
-12738
-12590
-12524
-12538
-12451
-12385
-12460
-12519
-12527
-12589
-12567
-12494
-12490
-12498
-12489
-12626
-12756
-12861
-12986
-13005
-13034
-13121
-13195
-13236
-13298
-13291
-13242
-13165
-13063
-12973
-12960
-12970
-12873
-12845
-12842
-12876
-12954
-13019
-12957
-12800
-12716
-12677
-12884
-13177
-13220
-13115
-13065
-12974
-12905
-12971
-13041
-12992
-12948
-13169
-13458
-13676
-13726
-13608
-13486
-13510
-13672
-13830
-13962
-13970
-13894
-13831
-13888
-13977
-14104
-14216
-14152
-13986
-13882
-13842
-13786
-13936
-13993
-13827
-13803
-13866
-13846
-13972
-14241
-14248
-14139
-14065
-13929
-13712
-13612
-13526
-13364
-13372
-13435
-13385
-13339
-13450
-13447
-13392
-13519
-13575
-13508
-13636
-13850
-13936
-13991
-13894
-13726
-13601
-13568
-13494
-13401
-13345
-13186
-13117
-13229
-13421
-13461
-13416
-13278
-13067
-13010
-13018
-12999
-12885
-12682
-12470
-12373
-12428
-12595
-12692
-12697
-12646
-12567
-12545
-12576
-12640
-12607
-12612
-12561
-12503
-12548
-12601
-12710
-12792
-12940
-13014
-12970
-13001
-13075
-13117
-13195
-13305
-13224
-13010
-12944
-12995
-13071
-13269
-13342
-13285
-13262
-13234
-13277
-13462
-13652
-13651
-13635
-13662
-13665
-13696
-13798
-13784
-13671
-13618
-13627
-13773
-13873
-13877
-13831
-13734
-13654
-13749
-13902
-13907
-13900
-13891
-13836
-13818
-13974
-14080
-14113
-14153
-14049
-13921
-13950
-14066
-14173
-14274
-14135
-13910
-13861
-13941
-14025
-14124
-14215
-14108
-13947
-13858
-13859
-13983
-14098
-13905
-13593
-13446
-13416
-13495
-13619
-13609
-13450
-13439
-13485
-13589
-13782
-13894
-13927
-13929
-13823
-13604
-13467
-13372
-13320
-13296
-13346
-13438
-13491
-13472
-13430
-13523
-13565
-13581
-13637
-13610
-13517
-13583
-13617
-13561
-13665
-13738
-13702
-13624
-13631
-13586
-13501
-13422
-13297
-13208
-13079
-12964
-12971
-13136
-13198
-13200
-13234
-13170
-13090
-13114
-13202
-13266
-13334
-13286
-13179
-13146
-13196
-13221
-13264
-13276
-13205
-13248
-13363
-13472
-13449
-13425
-13460
-13510
-13625
-13751
-13723
-13477
-13303
-13300
-13425
-13509
-13477
-13357
-13301
-13388
-13444
-13501
-13521
-13449
-13372
-13305
-13214
-13200
-13198
-13199
-13294
-13467
-13528
-13355
-13259
-13274
-13301
-13324
-13384
-13450
-13540
-13661
-13722
-13809
-13928
-14060
-14067
-14054
-14081
-14010
-13911
-13900
-13927
-13953
-14101
-14153
-14102
-14104
-14079
-13966
-13860
-13760
-13727
-13899
-14059
-14164
-14244
-14219
-14094
-14105
-14192
-14153
-14046
-13893
-13835
-13923
-13978
-13852
-13777
-13733
-13669
-13781
-13906
-13866
-13813
-13851
-13816
-13874
-13997
-13976
-13842
-13729
-13667
-13605
-13590
-13596
-13603
-13564
-13542
-13483
-13475
-13532
-13598
-13697
-13706
-13725
-13692
-13559
-13403
-13264
-13122
-13083
-13149
-13154
-13108
-13053
-12997
-12917
-13018
-13146
-13162
-13160
-13164
-13185
-13281
-13480
-13522
-13530
-13520
-13429
-13406
-13558
-13699
-13664
-13707
-13737
-13750
-13906
-14041
-13965
-13867
-13729
-13390
-13117
-13111
-13220
-13297
-13447
-13445
-13320
-13346
-13391
-13357
-13408
-13519
-13555
-13671
-13785
-13748
-13616
-13599
-13595
-13497
-13474
-13466
-13470
-13558
-13635
-13593
-13606
-13660
-13736
-13917
-14097
-14157
-14083
-13994
-13901
-13883
-13912
-13894
-13747
-13576
-13514
-13476
-13455
-13462
-13486
-13532
-13656
-13722
-13701
-13630
-13572
-13525
-13451
-13430
-13356
-13304
-13269
-13185
-13096
-13096
-13109
-13092
-13118
-13127
-13165
-13211
-13307
-13362
-13331
-13243
-13238
-13346
-13412
-13561
-13673
-13630
-13618
-13660
-13559
-13492
-13491
-13455
-13505
-13510
-13342
-13162
-13191
-13207
-13187
-13166
-13040
-12974
-13154
-13407
-13449
-13389
-13217
-12950
-12858
-13023
-13056
-13008
-13096
-13110
-13076
-13129
-13228
-13202
-13254
-13303
-13216
-13196
-13207
-13183
-13256
-13426
-13400
-13310
-13250
-13138
-13035
-13089
-13121
-12998
-12950
-12911
-12884
-12942
-13036
-13016
-13056
-13074
-12903
-12791
-12724
-12744
-12811
-12817
-12756
-12772
-12829
-12822
-12896
-13014
-12996
-12976
-13097
-13127
-13235
-13429
-13478
-13472
-13504
-13493
-13535
-13732
-13810
-13797
-13827
-13915
-14006
-14121
-14208
-14204
-14201
-14184
-14100
-13984
-14033
-14108
-14188
-14260
-14259
-14225
-14204
-14345
-14465
-14442
-14304
-14112
-13938
-14016
-14296
-14371
-14239
-14090
-13835
-13645
-13773
-13847
-13776
-13679
-13646
-13633
-13721
-13962
-14079
-14166
-14128
-13960
-13862
-13878
-13970
-14076
-14019
-13710
-13419
-13304
-13428
-13726
-13923
-13703
-13336
-13158
-13133
-13269
-13461
-13421
-13111
-12810
-12628
-12759
-13067
-13257
-13186
-12949
-12741
-12668
-12818
-12918
-12954
-12890
-12667
-12516
-12638
-12769
-12714
-12714
-12674
-12580
-12612
-12751
-12762
-12836
-12935
-12865
-12883
-12990
-13036
-13025
-13059
-12912
-12699
-12612
-12511
-12405
-12382
-12374
-12342
-12443
-12560
-12674
-12798
-12904
-12914
-12899
-12958
-13010
-13025
-12954
-12854
-12786
-12865
-12955
-12976
-12966
-12985
-13067
-13122
-13226
-13365
-13545
-13636
-13653
-13602
-13568
-13644
-13680
-13674
-13618
-13550
-13480
-13527
-13647
-13771
-13873
-13933
-13916
-13843
-13896
-13995
-14130
-14118
-13888
-13651
-13563
-13620
-13698
-13681
-13486
-13295
-13251
-13390
-13567
-13722
-13752
-13638
-13568
-13561
-13601
-13701
-13781
-13651
-13509
-13418
-13354
-13456
-13641
-13755
-13732
-13615
-13440
-13425
-13572
-13686
-13671
-13610
-13446
-13328
-13514
-13718
-13838
-13871
-13801
-13679
-13647
-13643
-13582
-13606
-13594
-13461
-13377
-13478
-13545
-13554
-13519
-13354
-13212
-13202
-13241
-13287
-13337
-13267
-13199
-13201
-13238
-13215
-13204
-13174
-13077
-13080
-13059
-13017
-13009
-13101
-13150
-13153
-13170
-13139
-13155
-13174
-13263
-13377
-13468
-13490
-13428
-13341
-13243
-13150
-13092
-13010
-12967
-13030
-12978
-12974
-13065
-13138
-13169
-13204
-13202
-13072
-13087
-13218
-13204
-13110
-13118
-13071
-13103
-13220
-13182
-13117
-13071
-13078
-13193
-13357
-13414
-13413
-13380
-13455
-13530
-13516
-13518
-13435
-13441
-13472
-13443
-13348
-13322
-13351
-13322
-13394
-13507
-13575
-13609
-13692
-13669
-13577
-13518
-13494
-13491
-13539
-13652
-13612
-13591
-13673
-13749
-13812
-13886
-13849
-13735
-13716
-13706
-13678
-13688
-13760
-13782
-13831
-13871
-13867
-13848
-13823
-13856
-13859
-13910
-13956
-13914
-13793
-13704
-13711
-13852
-13987
-13996
-14061
-14156
-14207
-14157
-14111
-14077
-14093
-14134
-14080
-14031
-13950
-13786
-13684
-13694
-13634
-13555
-13445
-13328
-13244
-13196
-13202
-13282
-13524
-13687
-13702
-13577
-13423
-13370
-13374
-13305
-13218
-13184
-13055
-13041
-13067
-13037
-13061
-13136
-13174
-13269
-13464
-13536
-13521
-13497
-13537
-13539
-13561
-13612
-13573
-13489
-13411
-13376
-13370
-13390
-13364
-13352
-13334
-13388
-13472
-13474
-13428
-13353
-13297
-13243
-13248
-13223
-13218
-13222
-13161
-13037
-13012
-13104
-13093
-13162
-13331
-13396
-13348
-13445
-13519
-13477
-13534
-13592
-13555
-13505
-13563
-13554
-13551
-13588
-13638
-13699
-13765
-13797
-13708
-13687
-13775
-13997
-14186
-14214
-14037
-13814
-13687
-13627
-13642
-13574
-13436
-13267
-13168
-13134
-13222
-13372
-13470
-13490
-13390
-13357
-13390
-13452
-13528
-13578
-13415
-13215
-13220
-13270
-13283
-13298
-13268
-13069
-13005
-13135
-13300
-13460
-13513
-13374
-13241
-13274
-13299
-13368
-13402
-13343
-13236
-13184
-13172
-13111
-13086
-13098
-13090
-13059
-13115
-13191
-13290
-13338
-13243
-13049
-12931
-12966
-13032
-13148
-13199
-13153
-13019
-12927
-12970
-13131
-13273
-13300
-13309
-13265
-13312
-13450
-13563
-13631
-13662
-13565
-13507
-13578
-13601
-13658
-13675
-13593
-13499
-13556
-13699
-13775
-13729
-13554
-13381
-13429
-13651
-13770
-13859
-13704
-13325
-13137
-13256
-13519
-13743
-13792
-13567
-13406
-13474
-13648
-13738
-13736
-13665
-13529
-13430
-13336
-13330
-13434
-13495
-13393
-13360
-13453
-13561
-13592
-13496
-13346
-13227
-13234
-13273
-13364
-13354
-13287
-13284
-13310
-13304
-13277
-13279
-13163
-13116
-13127
-13126
-13156
-13256
-13313
-13338
-13451
-13381
-13219
-13117
-13063
-13059
-13201
-13319
-13277
-13290
-13372
-13375
-13329
-13350
-13302
-13305
-13352
-13321
-13316
-13402
-13455
-13423
-13405
-13366
-13365
-13355
-13356
-13292
-13248
-13331
-13488
-13654
-13629
-13540
-13449
-13403
-13430
-13524
-13557
-13526
-13576
-13596
-13525
-13446
-13456
-13465
-13624
-13737
-13581
-13464
-13476
-13521
-13631
-13737
-13642
-13628
-13702
-13657
-13602
-13693
-13751
-13682
-13714
-13683
-13606
-13715
-13857
-13775
-13696
-13658
-13581
-13648
-13732
-13716
-13708
-13731
-13623
-13597
-13701
-13668
-13522
-13453
-13450
-13441
-13528
-13586
-13656
-13796
-13867
-13745
-13577
-13526
-13549
-13617
-13640
-13611
-13603
-13737
-13795
-13768
-13714
-13552
-13449
-13442
-13531
-13671
-13700
-13504
-13413
-13575
-13794
-13869
-13773
-13532
-13238
-13208
-13292
-13404
-13483
-13394
-13246
-13180
-13082
-12960
-13077
-13224
-13205
-13152
-13252
-13381
-13483
-13502
-13378
-13202
-13039
-13046
-13195
-13389
-13323
-13104
-13009
-13026
-13133
-13331
-13553
-13604
-13458
-13233
-13169
-13193
-13268
-13307
-13296
-13266
-13201
-13279
-13344
-13377
-13335
-13265
-13231
-13266
-13320
-13333
-13322
-13144
-13085
-13244
-13387
-13460
-13582
-13583
-13511
-13529
-13462
-13326
-13182
-13120
-13025
-13061
-13241
-13349
-13402
-13391
-13321
-13234
-13242
-13228
-13194
-13232
-13380
-13464
-13477
-13489
-13491
-13589
-13622
-13623
-13637
-13631
-13555
-13513
-13573
-13706
-13799
-13758
-13713
-13613
-13615
-13756
-13888
-13839
-13637
-13419
-13322
-13399
-13514
-13776
-13998
-13976
-13711
-13491
-13487
-13607
-13788
-13915
-13914
-13694
-13437
-13368
-13576
-13721
-13687
-13617
-13478
-13363
-13367
-13418
-13327
-13235
-13134
-13110
-13244
-13378
-13401
-13294
-13109
-12953
-13001
-13029
