48000     
200.0
-6868
-6784
-6725
-6759
-6846
-6818
-6924
-6986
-6831
-6779
-6745
-6715
-6696
-6735
-6924
-6989
-7007
-7053
-7130
-7147
-7088
-7042
-6806
-6754
-6820
-6748
-6838
-6886
-6882
-6849
-6832
-6943
-6857
-6823
-6922
-6947
-7066
-7005
-6925
-6989
-6936
-6877
-6827
-6897
-6883
-6676
-6775
-6950
-6862
-6813
-6908
-7002
-6949
-6784
-6852
-6950
-6810
-6816
-6884
-6740
-6609
-6631
-6669
-6621
-6578
-6723
-6844
-6803
-6968
-7143
-7054
-6981
-7013
-7017
-6919
-6856
-6873
-6852
-6852
-6930
-7020
-7076
-7079
-7070
-6960
-6765
-6711
-6678
-6696
-6784
-6879
-7042
-7095
-7186
-7174
-7032
-7073
-6970
-6848
-6745
-6607
-6651
-6575
-6638
-6870
-6927
-7037
-7062
-7019
-7001
-6846
-6807
-6686
-6459
-6618
-6720
-6616
-6730
-6859
-6896
-6878
-6869
-6995
-6966
-6813
-6861
-6848
-6806
-6898
-6881
-6881
-6890
-6906
-7008
-6999
-6958
-6891
-6869
-6884
-6887
-6979
-6988
-6986
-6977
-6920
-6850
-6760
-6822
-6887
-6924
-6962
-6985
-7037
-6954
-6906
-6926
-6841
-6696
-6619
-6713
-6791
-6776
-6831
-6873
-6725
-6795
-6928
-6850
-7037
-7122
-7059
-6987
-6899
-7071
-6884
-6646
-6798
-6743
-6740
-6869
-6888
-6968
-6932
-6885
-6934
-6828
-6833
-6831
-6735
-6718
-6634
-6729
-6666
-6587
-6887
-6895
-6905
-6962
-6911
-7000
-6821
-6853
-6949
-6760
-6958
-6930
-6772
-6913
-6794
-6859
-6985
-7023
-7166
-7006
-7058
-7170
-6986
-6993
-6995
-6994
-6916
-6732
-6817
-6872
-6757
-6684
-6748
-6928
-6946
-6922
-7045
-7042
-6891
-6770
-6771
-6810
-6717
-6765
-7018
-7090
-7076
-7028
-6911
-6911
-6804
-6701
-6762
-6736
-6688
-6585
-6575
-6738
-6821
-6883
-6919
-6982
-7010
-6925
-6856
-6776
-6739
-6633
-6586
-6788
-6854
-6840
-7026
-7113
-7036
-7018
-6895
-6758
-6706
-6631
-6738
-6803
-6877
-6996
-6931
-7043
-7028
-6877
-6850
-6758
-6837
-6827
-6824
-6931
-6946
-7052
-6957
-7004
-7129
-6962
-7005
-6976
-6893
-6886
-6839
-6935
-6877
-6871
-6973
-6968
-6891
-6761
-6838
-6738
-6690
-6833
-6690
-6735
-6712
-6712
-6828
-6594
-6757
-6839
-6622
-6825
-6868
-6905
-6970
-6927
-7130
-7156
-7116
-7047
-6850
-6893
-6836
-6719
-6844
-6965
-6995
-6927
-6891
-6942
-6861
-6791
-6903
-6978
-7009
-7115
-7202
-7132
-6922
-6775
-6701
-6621
-6539
-6583
-6747
-6802
-6933
-7046
-7081
-7205
-7054
-6833
-6714
-6622
-6692
-6605
-6610
-6816
-6878
-6876
-6807
-6906
-7001
-6788
-6652
-6704
-6779
-6715
-6734
-6926
-6933
-6934
-6891
-6830
-6912
-6823
-6779
-6807
-6896
-6986
-6840
-6986
-7068
-6844
-6806
-6769
-6859
-6931
-6897
-7036
-7183
-7260
-7173
-7107
-7113
-6982
-6719
-6612
-6803
-6727
-6628
-6788
-6899
-6918
-6782
-6931
-7112
-6939
-6805
-6832
-7017
-6939
-6681
-6713
-6786
-6732
-6673
-6779
-6944
-6884
-6847
-6991
-7014
-6978
-6928
-6947
-6999
-6786
-6629
-6670
-6674
-6684
-6793
-6873
-6909
-6972
-6990
-7024
-6940
-6848
-6912
-6902
-6877
-6920
-6895
-6795
-6660
-6477
-6602
-6765
-6650
-6846
-7030
-7011
-7025
-6973
-7103
-7099
-6958
-7043
-7050
-6924
-6872
-6792
-6627
-6679
-6757
-6785
-6913
-6883
-7001
-7003
-6811
-6947
-6923
-6851
-6862
-6786
-6723
-6615
-6686
-6727
-6814
-6960
-6998
-7133
-7033
-7018
-7139
-6991
-6949
-6846
-6761
-6888
-6795
-6748
-6907
-6932
-6839
-6791
-6957
-6954
-6684
-6815
-7052
-6932
-6723
-6790
-6983
-6749
-6653
-6928
-6941
-6967
-6926
-6861
-7021
-6822
-6748
-6847
-6693
-6698
-6607
-6723
-6855
-6682
-6887
-6969
-7008
-7188
-7175
-7206
-7008
-6816
-6750
-6532
-6396
-6468
-6621
-6674
-6849
-7034
-7107
-7141
-7050
-7112
-7072
-6915
-6941
-6910
-6879
-6754
-6777
-7001
-6796
-6740
-6929
-6896
-6910
-6788
-6932
-7142
-6782
-6819
-7034
-6940
-6988
-6903
-6985
-6968
-6624
-6734
-6649
-6346
-6409
-6514
-6757
-6858
-6998
-7320
-7164
-7026
-7058
-6947
-6696
-6378
-6666
-6878
-6623
-6879
-7178
-7211
-7024
-6859
-7130
-6781
-6355
-6791
-6805
-6582
-6761
-7006
-7296
-7093
-7056
-7397
-7049
-6912
-7010
-6866
-6811
-6603
-6766
-6837
-6584
-6763
-6906
-6964
-6886
-6834
-7059
-6932
-6889
-6965
-6795
-6778
-6764
-6912
-6884
-6629
-6855
-6888
-6738
-6690
-6715
-6948
-6793
-6787
-6969
-6801
-6796
-6787
-6821
-6952
-6965
-7042
-7024
-6933
-6867
-6709
-6523
-6499
-6581
-6734
-6964
-7107
-7263
-7288
-7173
-7054
-6875
-6787
-6656
-6678
-6772
-6713
-6926
-7038
-7044
-7114
-6912
-6936
-6893
-6561
-6674
-6721
-6790
-7077
-7013
-7288
-7357
-7105
-7239
-6894
-6717
-6638
-6393
-6677
-6637
-6822
-7083
-6906
-7140
-6959
-6777
-6914
-6655
-6758
-6704
-6667
-7062
-6846
-6871
-7083
-6842
-6788
-6609
-6543
-6522
-6418
-6743
-6952
-7011
-7089
-7215
-7174
-6901
-6951
-6807
-6659
-6763
-6659
-6760
-6779
-6818
-7029
-6973
-7124
-7119
-6893
-6938
-6884
-6861
-6760
-6674
-6826
-6807
-6832
-6958
-7064
-7073
-6956
-7014
-7070
-6956
-6878
-6916
-6918
-6843
-6790
-6744
-6616
-6480
-6674
-6863
-6865
-7107
-7214
-7100
-6999
-6896
-6937
-6762
-6637
-6883
-6754
-6620
-6775
-6799
-7009
-6982
-6954
-7112
-6830
-6935
-6958
-6756
-6879
-6747
-6862
-6776
-6743
-7050
-6792
-6890
-6990
-6873
-6980
-6897
-7046
-6921
-6811
-6920
-6661
-6702
-6707
-6861
-6986
-6800
-7064
-6890
-6805
-6907
-6688
-6932
-6775
-6818
-7050
-6754
-6932
-6832
-6827
-6915
-6631
-6982
-6796
-6698
-7107
-6958
-7157
-7013
-7003
-7168
-6611
-6823
-6724
-6402
-6747
-6584
-6861
-6907
-6707
-7195
-6949
-6993
-7142
-6855
-7246
-6985
-6848
-6980
-6601
-6906
-6681
-6630
-6972
-6485
-6714
-6704
-6624
-7008
-6680
-7079
-7140
-6715
-7118
-6803
-6803
-6971
-6627
-7050
-6824
-6714
-7149
-6873
-7141
-6992
-6820
-7279
-6843
-6945
-7010
-6720
-7019
-6605
-6638
-6824
-6532
-6958
-6774
-6729
-7185
-6870
-7024
-7125
-6939
-7063
-6564
-6450
-6642
-6438
-6775
-6956
-7040
-7340
-7187
-7159
-7005
-6742
-6857
-6599
-6509
-6763
-6759
-6986
-7101
-7061
-7068
-6741
-6688
-6647
-6226
-6333
-6594
-6616
-6843
-6965
-7276
-7504
-7195
-7425
-7475
-7047
-7050
-6800
-6734
-6772
-6500
-6828
-7013
-6947
-7065
-6911
-6954
-6896
-6665
-6776
-6812
-6864
-6828
-6794
-6900
-6712
-6596
-6600
-6693
-6623
-6365
-6650
-6832
-6819
-6995
-7096
-7250
-7143
-7063
-7145
-7027
-6907
-6786
-6865
-6854
-6740
-6905
-6924
-6983
-6922
-6696
-6754
-6565
-6596
-6873
-6846
-7080
-7053
-7015
-7164
-6847
-6863
-6840
-6826
-6983
-6662
-6909
-7133
-6884
-6899
-6772
-6871
-6819
-6504
-6753
-6885
-6729
-6786
-6986
-7096
-6935
-6918
-7111
-6964
-6675
-6684
-6791
-6655
-6573
-6838
-6952
-6873
-6919
-6939
-6889
-6835
-6797
-6964
-7102
-6958
-6993
-7000
-6950
-7078
-6843
-6786
-6803
-6483
-6549
-6560
-6629
-6902
-6884
-7090
-7183
-7016
-7040
-7072
-7092
-6863
-6738
-6932
-6920
-6835
-6840
-6985
-6926
-6673
-6751
-6792
-6701
-6630
-6751
-7001
-6927
-6904
-7027
-7058
-6968
-6749
-6787
-6871
-6690
-6587
-6702
-6834
-6788
-6739
-6890
-7024
-6927
-6795
-6837
-6938
-6962
-6836
-6867
-7135
-7090
-6977
-7180
-7147
-6879
-6804
-6876
-6988
-6826
-6659
-6829
-6784
-6615
-6626
-6808
-6990
-6845
-6827
-6986
-6999
-6925
-6853
-7058
-7018
-6661
-6700
-6775
-6771
-6806
-6833
-7017
-6935
-6721
-6902
-6951
-6661
-6658
-6826
-6880
-6779
-6719
-7016
-7026
-6913
-7123
-7069
-6927
-6890
-6823
-6759
-6622
-6677
-6924
-6961
-6941
-7091
-7060
-6903
-6915
-6866
-6799
-6709
-6668
-6938
-7025
-7026
-7239
-7226
-7041
-6822
-6716
-6700
-6473
-6489
-6592
-6466
-6629
-6707
-6788
-6985
-6874
-6945
-6873
-6774
-6883
-6658
-6692
-6836
-6844
-6935
-6871
-7016
-7021
-6754
-6840
-6925
-6913
-6929
-6887
-6961
-6906
-6768
-6809
-6912
-7029
-7072
-7152
-7148
-7071
-7082
-7012
-7024
-6839
-6683
-6826
-6681
-6763
-6935
-6801
-6873
-6786
-6787
-6935
-6707
-6684
-6817
-6894
-6909
-6824
-7112
-7262
-7000
-6831
-6720
-6778
-6729
-6479
-6562
-6585
-6551
-6715
-6867
-7132
-7145
-7183
-7313
-7110
-7014
-6884
-6787
-6638
-6454
-6584
-6568
-6711
-6805
-6697
-6850
-6878
-7032
-7100
-6989
-7071
-6911
-6768
-6696
-6618
-6718
-6794
-6859
-6925
-6994
-6990
-6969
-6920
-6842
-6900
-6838
-6785
-6793
-6821
-7061
-7014
-6928
-7202
-7162
-6956
-6883
-6766
-6713
-6686
-6838
-7005
-6951
-6957
-6965
-6946
-6874
-6861
-6849
-6658
-6634
-6602
-6649
-6846
-6917
-7070
-7087
-7061
-7074
-7029
-6984
-6793
-6771
-6765
-6746
-6759
-6669
-6806
-6724
-6700
-6926
-6811
-6894
-6868
-6731
-6973
-6837
-6874
-7009
-6688
-6774
-6712
-6669
-6896
-6724
-6950
-6996
-6825
-6978
-6778
-6926
-6868
-6709
-6988
-6728
-6920
-7005
-6730
-7043
-6828
-6824
-7080
-6794
-6912
-6899
-6873
-7139
-6851
-6935
-7100
-6737
-6802
-6786
-6714
-6769
-6712
-6900
-6914
-6915
-7016
-6950
-6923
-6854
-6871
-6801
-6548
-6654
-6834
-6775
-6895
-7022
-7047
-7045
-6902
-6890
-6702
-6587
-6884
-6903
-6869
-6907
-6970
-6988
-6754
-6773
-6854
-6840
-6801
-6763
-6926
-6857
-6876
-6991
-6778
-6878
-6794
-6700
-6971
-6661
-6824
-7029
-6775
-7135
-6913
-6890
-7049
-6610
-6934
-6787
-6558
-6868
-6709
-6894
-6891
-6876
-7110
-6872
-6924
-6922
-6832
-7047
-6884
-6852
-6882
-6709
-6887
-6797
-6740
-6829
-6644
-6832
-6794
-6722
-6917
-6816
-6931
-6965
-6979
-7145
-7038
-7077
-7036
-6937
-6945
-6641
-6598
-6708
-6623
-6764
-6758
-6710
-6825
-6861
-6973
-6880
-6864
-7017
-6883
-6909
-6917
-6946
-7022
-6815
-6893
-6820
-6712
-6812
-6775
-7021
-6944
-6903
-7030
-6783
-6851
-6820
-6782
-6892
-6791
-6839
-6806
-6784
-6877
-6851
-6812
-6802
-6806
-6764
-6720
-6791
-6936
-6859
-6848
-7075
-7075
-7048
-6971
-6852
-6860
-6706
-6618
-6722
-6851
-6859
-6868
-7079
-7108
-7059
-7124
-7087
-7002
-6882
-6868
-6795
-6604
-6699
-6724
-6700
-6844
-6917
-7052
-6965
-6847
-6802
-6589
-6771
-6852
-6777
-6973
-6883
-6849
-6862
-6738
-6794
-6768
-6813
-6831
-6766
-6978
-6892
-6696
-6936
-6913
-6750
-6862
-6962
-7055
-6997
-6870
-6926
-6763
-6607
-6683
-6615
-6750
-6787
-6864
-7247
-7051
-7010
-7186
-7128
-7108
-6879
-7036
-7001
-6806
-7079
-6923
-6949
-6977
-6849
-7019
-6690
-6699
-6791
-6524
-6804
-6808
-6880
-7110
-6750
-6824
-6922
-6601
-6723
-6734
-6690
-6929
-6813
-6939
-7059
-6827
-6982
-6944
-6950
-6998
-6792
-6907
-6692
-6664
-6893
-6655
-6868
-6933
-6858
-7103
-6826
-6913
-6999
-6655
-6880
-6865
-6834
-6873
-6682
-6950
-6879
-6813
-6932
-6801
-6962
-6749
-6760
-6924
-6669
-6945
-6895
-7022
-7242
-6767
-7131
-6992
-6521
-6931
-6670
-6641
-6828
-6633
-6834
-6854
-6968
-7110
-6943
-6967
-6878
-6821
-6899
-6835
-6843
-6904
-6985
-6980
-6920
-7102
-6983
-6730
-6981
-6753
-6577
-6890
-6735
-6921
-6999
-6827
-6996
-6746
-6758
-6850
-6714
-7024
-7006
-6842
-6940
-6816
-6725
-6680
-6611
-6644
-6652
-6743
-6910
-6974
-6956
-6934
-6868
-6826
-6772
-6703
-6914
-6973
-6866
-7008
-7046
-7076
-7043
-6944
-6907
-6793
-6796
-6730
-6771
-6736
-6713
-7047
-6876
-6985
-7194
-6963
-7250
-6964
-6751
-7014
-6545
-6629
-6864
-6597
-6837
-6917
-6828
-7029
-6805
-6837
-7062
-6706
-6860
-6962
-6846
-7039
-6748
-6726
-6844
-6809
-6948
-6980
-7038
-6786
-6753
-6787
-6694
-6902
-6742
-6937
-6990
-6729
-7044
-6734
-6810
-6995
-6446
-6844
-6787
-6566
-6995
-6807
-7099
-7106
-6933
-7334
-6838
-6930
-7157
-6559
-6831
-6747
-6618
-6946
-6563
-6787
-6938
-6870
-7247
-6828
-6950
-7034
-6432
-6918
-6827
-6508
-7019
-6728
-6693
-6893
-6794
-7227
-6988
-6927
-7357
-6799
-6808
-6985
-6577
-6868
-6885
-6877
-7233
-6911
-6926
-6963
-6520
-6738
-6746
-6617
-6920
-6764
-6944
-7282
-7021
-7106
-7016
-6647
-6720
-6498
-6318
-6474
-6362
-6616
-7114
-7153
-7312
-7491
-7321
-7281
-7056
-6762
-6674
-6321
-6406
-6555
-6373
-6819
-7026
-6979
-7205
-7069
-7095
-7106
-6815
-6864
-6794
-6721
-6876
-6735
-6867
-6987
-6819
-7094
-6980
-6683
-6943
-6907
-6756
-6731
-6813
-7027
-6803
-6770
-6989
-6793
-6786
-6888
-6807
-6856
-6888
-6894
-7022
-7013
-6922
-6935
-6834
-6857
-6737
-6527
-6801
-6654
-6566
-6917
-6748
-6876
-7027
-7025
-7319
-6934
-6879
-7120
-6764
-6999
-6976
-6720
-6942
-6754
-6924
-6928
-6717
-7081
-6878
-6869
-7053
-6781
-6795
-6589
-6557
-6749
-6553
-6709
-6862
-6816
-6967
-7021
-7144
-7171
-7048
-7018
-6838
-6715
-6702
-6584
-6565
-6794
-6969
-6985
-7155
-7157
-7011
-6912
-6687
-6663
-6642
-6722
-6907
-6762
-6901
-7031
-6841
-6931
-7012
-7028
-6929
-6785
-6973
-6898
-6843
-7009
-6800
-6897
-6949
-6700
-6950
-7002
-6959
-6918
-6769
-7178
-7034
-6764
-7037
-6756
-6695
-6765
-6629
-6645
-6579
-6915
-6897
-6670
-7079
-7029
-6788
-6776
-6724
-6717
-6545
-6696
-6868
-6785
-6950
-6968
-6994
-6889
-6716
-6895
-6718
-6778
-6891
-6726
-7027
-6826
-6841
-7214
-6888
-6965
-6939
-6810
-6986
-6739
-6911
-7029
-6855
-7148
-7073
-6906
-6971
-6935
-7015
-6856
-6869
-7050
-6827
-6831
-6865
-6825
-6809
-6732
-6857
-6727
-6802
-6909
-6710
-6898
-6784
-6713
-6842
-6665
-6749
-6680
-6743
-6873
-6738
-6984
-6912
-6804
-6937
-6865
-6980
-6881
-6864
-6983
-6810
-6870
-6818
-6689
-6924
-6944
-6712
-6755
-6842
-6789
-6789
-6859
-7089
-7120
-7146
-7402
-7090
-6818
-7013
-6920
-6770
-6737
-6732
-6675
-6657
-6885
-6911
-6773
-6937
-7065
-6744
-6730
-6980
-6724
-6572
-6701
-6942
-6945
-6723
-7019
-7040
-6813
-6948
-6843
-6702
-6667
-6619
-6612
-6579
-6766
-6940
-6918
-7015
-7018
-6849
-6841
-7000
-7014
-6756
-6814
-7039
-6847
-6860
-6972
-6938
-7059
-6993
-6998
-6846
-6744
-7105
-6949
-6844
-6855
-6622
-6652
-6604
-6798
-6852
-6797
-7052
-6941
-6981
-7091
-7106
-7129
-6891
-6796
-6639
-6572
-6568
-6632
-6822
-6757
-7097
-7067
-6847
-7103
-6899
-7049
-6990
-6665
-6889
-6753
-6873
-6994
-6774
-6847
-6859
-6809
-6745
-6758
-6679
-6723
-6918
-6733
-6775
-6912
-7032
-7204
-6902
-6869
-7034
-6951
-7014
-6862
-6807
-6818
-6501
-6610
-6692
-6679
-6873
-6866
-7109
-7036
-6785
-6948
-6898
-6862
-6739
-6717
-6899
-6815
-6842
-6930
-6954
-6953
-6920
-6920
-6796
-6723
-6884
-6828
-6674
-6773
-6838
-7032
-6890
-6798
-7069
-6830
-7012
-6986
-6784
-7030
-6761
-6944
-6831
-6643
-7011
-6784
-6953
-6889
-6686
-6920
-6792
-6963
-6970
-6846
-7004
-6876
-6808
-6958
-6960
-6952
-6984
-6806
-6785
-6742
-6614
-6710
-6587
-6620
-6874
-6904
-7038
-7049
-6997
-7192
-6921
-6778
-6938
-6517
-6485
-6599
-6667
-6954
-6876
-7306
-7459
-6985
-7141
-7059
-6655
-6758
-6690
-6645
-6716
-6498
-7066
-7025
-6662
-7206
-6838
-6956
-6930
-6571
-7143
-6619
-6716
-7153
-6739
-7111
-6933
-6842
-7136
-6631
-6858
-6917
-6564
-6893
-6611
-6752
-7147
-6899
-7166
-7016
-6890
-7077
-6645
-6572
-6775
-6670
-6712
-6810
-6860
-7139
-6993
-6937
-7219
-6838
-6791
-6807
-6564
-6827
-6795
-6847
-7065
-6840
-6958
-7062
-6810
-6915
-6709
-6501
-6812
-6736
-6867
-6948
-6771
-7109
-6868
-6757
-7150
-6847
-6943
-6896
-6663
-7089
-6792
-6928
-7227
-6654
-6833
-6696
-6562
-6887
-6429
-6759
-7053
-6776
-7235
-7154
-7158
-7282
-6860
-6947
-6749
-6675
-6883
-6535
-6610
-6771
-6780
-6846
-6638
-6887
-7034
-6667
-6810
-6943
-6984
-7077
-6861
-7036
-7177
-7028
-7141
-6961
-6684
-6764
-6608
-6571
-6750
-6660
-6847
-6888
-6832
-6947
-6799
-6998
-7088
-6901
-6821
-6751
-6967
-6851
-6636
-6844
-6925
-6944
-6792
-6707
-6929
-6884
-6889
-6927
-6972
-7092
-6800
-6781
-6818
-6642
-6799
-6821
-7009
-7126
-6974
-7116
-6901
-6639
-6540
-6395
-6576
-6601
-6637
-6806
-7074
-7323
-7053
-6982
-7046
-6981
-6969
-6724
-6808
-6885
-6676
-6746
-6722
-6885
-7075
-6935
-6969
-6923
-6908
-6922
-6902
-6877
-6743
-6898
-6907
-6877
-6923
-6901
-7136
-6931
-6800
-6911
-6805
-6972
-6796
-6740
-6817
-6736
-6923
-6654
-6821
-7019
-6829
-6974
-6747
-6988
-6932
-6606
-6952
-6772
-6922
-6931
-6656
-6985
-6887
-6858
-6862
-6717
-6912
-6823
-6716
-6688
-6679
-6902
-6888
-6929
-7003
-6867
-6917
-6896
-6812
-6790
-6741
-6786
-6731
-6551
-6561
-6749
-6797
-6944
-7096
-7108
-7291
-7194
-7068
-7088
-6931
-6999
-6886
-6713
-6893
-6809
-6859
-6887
-6680
-6908
-6896
-6876
-7023
-6860
-7034
-6947
-6721
-6948
-6831
-6772
-6846
-6759
-6867
-6880
-6941
-7084
-6980
-6884
-6850
-6737
-6669
-6743
-6739
-6791
-6896
-6786
-6849
-6888
-6876
-7002
-6788
-6769
-6874
-6620
-6605
-6686
-6809
-6905
-6764
-6967
-7005
-6822
-7061
-6972
-6902
-6971
-6728
-6908
-6845
-6702
-6956
-6769
-6892
-6985
-6720
-6934
-6828
-6871
-7087
-6806
-7019
-6981
-6713
-6919
-6845
-6936
-6903
-6831
-7064
-6751
-6818
-7009
-6840
-7016
-6897
-7000
-7037
-6681
-6832
-6709
-6614
-6763
-6672
-6829
-6841
-6851
-7091
-7024
-7048
-7156
-7032
-6930
-6883
-6959
-6898
-6724
-6748
-6730
-6770
-6740
-6744
-6881
-6828
-6929
-6955
-7042
-7127
-6857
-6918
-6822
-6673
-6748
-6509
-6602
-6720
-6702
-6944
-6943
-7066
-7058
-6769
-7016
-6937
-6694
-6818
-6734
-6924
-6816
-6711
-7076
-6901
-6976
-6933
-6745
-7065
-6715
-6738
-7003
-6758
-7053
-6862
-6769
-6965
-6535
-6779
-6722
-6559
-6949
-6718
-7018
-7099
-6885
-7265
-6881
-6989
-7053
-6541
-6963
-6849
-6885
-7140
-6812
-7287
-7091
-6706
-7021
-6645
-6720
-6789
-6630
-7049
-6866
-6834
-6953
-6711
-6948
-6826
-6691
-6842
-6656
-6773
-6861
-7025
-7258
-7058
-7098
-6975
-6815
-6858
-6627
-6658
-6657
-6734
-6853
-6656
-6956
-7022
-6845
-6957
-6783
-6901
-6778
-6578
-6894
-6744
-6873
-6971
-6771
-7029
-6950
-6964
-6998
-6812
-6978
-6839
-6658
-6679
-6655
-6796
-6717
-6727
-7018
-7068
-7130
-7092
-7076
-7238
-6982
-6873
-6882
-6686
-6723
-6563
-6647
-6921
-6847
-7062
-7093
-7027
-7047
-6681
-6642
-6718
-6722
-6831
-6825
-7043
-7052
-6876
-6842
-6783
-6800
-6605
-6578
-6719
-6730
-6816
-6750
-6974
-7161
-7011
-7101
-7047
-7069
-7041
-6775
-6968
-6945
-6700
-6769
-6695
-6725
-6652
-6498
-6702
-6662
-6750
-7002
-6989
-7191
-7190
-7015
-6997
-6922
-6938
-6741
-6692
-7030
-6922
-6766
-6836
-6931
-7056
-6781
-6891
-7127
-6756
-6760
-6739
-6780
-6896
-6672
-7048
-7052
-6867
-7115
-6861
-7002
-7043
-6772
-6935
-6747
-6857
-6850
-6452
-6814
-6784
-6567
-6779
-6688
-6883
-6927
-6818
-7154
-7055
-6939
-6910
-6603
-6734
-6747
-6574
-6774
-6824
-6904
-6939
-6781
-7016
-7011
-6760
-6950
-6969
-6898
-6835
-6726
-7049
-7026
-6847
-7111
-7141
-7120
-7003
-6844
-6963
-6805
-6604
-6585
-6514
-6661
-6733
-6704
-6937
-6993
-6892
-6883
-6965
-7124
-6928
-6790
-7034
-6972
-6766
-6762
-6860
-6984
-6858
-6885
-7041
-6843
-6790
-6768
-6768
-6813
-6658
-6762
-6727
-6657
-6733
-6657
-6841
-6795
-6727
-6898
-6851
-6931
-6820
-6887
-7124
-6942
-7010
-7037
-7088
-7035
-6666
-6863
-6861
-6716
-6853
-6849
-6943
-6819
-6875
-6988
-6899
-7054
-6920
-6845
-6848
-6757
-6809
-6720
-6899
-6977
-6841
-6983
-6950
-6934
-6969
-6965
-7081
-6918
-6824
-6856
-6749
-6779
-6661
-6593
-6697
-6739
-6816
-6721
-6790
-6940
-6812
-6722
-6774
-6883
-6743
-6768
-7044
-6997
-6959
-7007
-7129
-7084
-6753
-6873
-6976
-6739
-6779
-6845
-6873
-6862
-6782
-6979
-6949
-6711
-6783
-6778
-6779
-6799
-6789
-6961
-6964
-6978
-7030
-6945
-6937
-6858
-6838
-6819
-6685
-6733
-6787
-6798
-6833
-6800
-6874
-6874
-6707
-6662
-6691
-6728
-6725
-6726
-6874
-6951
-6857
-6920
-7094
-7102
-7032
-6919
-6924
-6983
-6778
-6778
-6908
-6774
-6827
-6902
-6962
-6985
-6857
-7009
-6965
-6895
-7024
-6927
-7001
-6935
-6806
-6843
-6657
-6679
-6757
-6703
-6815
-6879
-6969
-7092
-7044
-7049
-7059
-6890
-6829
-6742
-6584
-6588
-6476
-6463
-6614
-6764
-6952
-6947
-7003
-7029
-6920
-6949
-6933
-6951
-6876
-6771
-6988
-7018
-6803
-6730
-6749
-6837
-6778
-6776
-7079
-7082
-6936
-6944
-6889
-6864
-6719
-6768
-6923
-6790
-6785
-6905
-7134
-7023
-6795
-7006
-6858
-6718
-6739
-6790
-6929
-6609
-6750
-6945
-6742
-6902
-6839
-7022
-7045
-6806
-7238
-7063
-6873
-7023
-6705
-6780
-6577
-6535
-7083
-6902
-6923
-7070
-7016
-7133
-6659
-6604
-6905
-6550
-6431
-6684
-6946
-6883
-6665
-7142
-7398
-6855
-6926
-7217
-6901
-6718
-6697
-6834
-6676
-6333
-6866
-6947
-6451
-6751
-6950
-6931
-6965
-6864
-7040
-6870
-6600
-6910
-6893
-6688
-6900
-6932
-6875
-7015
-6887
-6943
-7000
-6743
-6922
-6834
-6727
-6952
-6765
-6858
-6841
-6737
-7037
-6883
-6767
-6905
-6980
-7033
-6814
-6878
-7099
-6826
-6563
-6714
-6972
-6864
-6715
-6992
-7016
-6747
-6848
-7078
-7007
-6777
-6881
-7117
-6958
-6796
-6947
-6957
-6693
-6644
-6773
-6715
-6595
-6667
-6857
-6860
-6830
-6946
-6973
-6924
-6985
-7022
-6855
-6791
-6835
-6785
-6825
-6831
-6903
-6943
-6742
-6788
-6824
-6723
-6803
-6840
-6865
-6877
-6848
-6876
-6894
-6828
-6839
-6946
-6838
-6816
-6925
-6877
-6983
-7062
-7028
-6963
-6818
-6954
-6936
-6697
-6820
-6800
-6611
-6662
-6703
-6774
-6754
-6744
-7021
-7020
-6985
-7102
-6922
-6821
-6598
-6416
-6674
-6647
-6649
-6935
-7059
-7267
-7311
-7224
-7242
-6997
-6905
-6851
-6590
-6623
-6574
-6516
-6693
-6804
-6903
-6955
-7051
-7026
-6868
-6887
-6856
-6859
-6869
-6747
-6779
-6812
-6825
-6932
-6904
-6961
-6990
-6784
-6857
-6893
-6888
-7046
-6821
-6847
-6913
-6693
-6817
-6762
-6763
-6804
-6723
-6922
-6841
-6812
-6919
-6849
-6850
-6802
-6894
-6899
-6849
-6915
-6858
-6915
-6918
-6936
-6913
-6779
-6848
-6751
-6811
-6863
-6708
-7065
-7024
-6876
-7139
-6911
-6961
-6920
-6679
-6920
-6684
-6727
-7049
-6830
-6863
-6909
-6835
-6883
-6793
-6718
-6756
-6631
-6566
-6780
-6695
-6629
-6827
-6830
-6961
-7071
-7091
-7217
-7042
-7018
-7211
-7017
-6939
-7015
-6961
-6985
-6921
-6956
-6936
-6771
-6923
-6902
-6760
-6793
-6693
-6730
-6788
-6861
-7013
-6819
-6874
-7089
-6782
-6662
-6738
-6756
-6774
-6511
-6660
-6887
-6687
-6815
-6902
-6834
-6751
-6671
-6881
-6827
-6729
-6945
-7048
-6946
-6908
-7059
-6969
-6808
-6787
-6825
-6809
-6616
-6915
-7055
-6799
-6985
-6923
-6883
-6877
-6755
-7026
-6747
-6587
-6872
-6837
-7027
-7006
-7020
-7137
-6857
-6948
-6984
-6798
-6750
-6624
-6733
-6768
-6674
-6951
-7091
-6854
-6822
-6901
-6787
-6749
-6793
-6988
-7057
-6826
-7007
-6990
-6639
-6689
-6677
-6774
-6690
-6623
-7172
-7126
-7026
-7325
-7304
-7247
-6849
-6754
-6940
-6543
-6670
-6953
-6746
-6727
-6712
-6917
-6857
-6486
-6804
-6900
-6728
-6755
-6773
-7003
-6758
-6670
-7070
-6998
-7027
-6965
-6988
-7205
-6758
-6836
-7160
-6743
-6693
-6844
-6834
-6797
-6658
-6885
-6989
-6630
-6806
-7145
-6854
-6782
-6896
-6909
-6872
-6598
-6873
-7061
-6711
-6775
-6868
-6894
-6835
-6761
-7027
-6937
-6693
-6735
-6857
-6909
-6769
-6926
-7127
-6993
-6986
-7090
-7102
-6871
-6731
-6958
-6868
-6514
-6603
-6716
-6590
-6618
-6769
-7090
-7049
-6927
-7373
-7321
-7083
-6981
-6655
-6643
-6417
-6475
-6977
-6845
-6793
-6902
-6813
-6763
-6808
-6999
-6912
-6735
-6765
-6908
-6890
-6716
-7009
-7074
-6795
-6888
-6985
-7168
-7112
-6804
-6916
-6795
-6569
-6784
-6852
-6874
-6901
-6867
-7124
-7020
-6832
-6918
-6659
-6714
-6726
-6661
-6938
-6799
-6950
-6959
-6706
-6916
-6706
-6730
-6844
-6667
-6879
-6733
-6863
-7211
-6954
-7072
-7157
-7110
-7078
-6775
-6960
-6755
-6324
-6649
-6728
-6797
-6951
-6918
-7065
-6887
-6648
-6689
-6585
-6497
-6705
-6911
-6921
-7019
-6950
-6870
-6933
-6733
-6889
-7032
-6875
-7226
-7378
-7171
-6887
-6427
-6543
-6861
-6646
-6387
-6509
-6831
-7023
-7040
-7105
-7229
-6948
-6535
-6630
-6791
-6696
-6661
-6909
-7057
-6871
-6910
-6994
-6949
-6953
-6702
-6659
-6659
-6458
-6920
-7072
-6808
-7115
-6940
-6815
-7030
-6913
-7189
-7020
-6751
-7141
-7002
-6801
-6845
-6745
-6578
-6401
-6452
-6615
-6722
-6652
-6788
-7205
-7318
-7200
-7070
-7055
-7036
-6742
-6468
-6661
-6995
-6867
-6779
-7031
-7041
-6974
-6846
-6837
-7086
-6742
-6695
-7079
-6807
-6880
-6964
-6769
-6809
-6512
-6714
-7020
-6796
-6896
-6882
-6821
-6890
-6912
-7043
-6962
-6742
-6716
-6760
-6756
-6913
-6886
-6574
-6561
-6751
-6784
-6567
-6788
-7287
-7110
-6896
-6998
-7079
-6828
-6609
-6983
-6911
-6670
-6849
-6890
-6917
-6681
-6742
-7126
-7015
-6949
-7059
-7008
-6756
-6786
-6916
-6807
-6777
-6723
-6923
-6832
-6729
-7089
-6850
-6746
-7019
-7121
-6985
-6700
-6960
-6906
-6465
-6593
-6817
-6891
-6752
-6678
-6975
-7021
-6855
-6738
-6624
-6807
-6877
-6794
-6841
-6925
-7133
-6837
-6673
-6897
-6616
-6606
-6526
-6593
-7046
-6881
-7085
-7319
-7376
-7646
-7275
-6949
-6795
-6677
-6591
-6323
-6486
-6607
-6694
-6983
-6980
-6971
-7012
-7065
-6959
-6645
-6715
-6782
-6490
-6553
-6975
-7096
-6877
-6821
-6983
-6950
-6892
-6916
-6930
-7002
-6847
-6784
-6704
-6555
-6973
-6940
-6511
-6799
-7132
-7005
-6715
-6774
-7167
-7007
-6605
-6761
-6720
-6679
-6901
-6732
-7014
-7117
-6726
-6726
-6668
-7024
-7052
-6986
-7447
-6985
-6907
-7071
-6762
-6794
-6490
-6678
-6685
-6314
-6745
-6792
-7024
-7245
-7126
-7370
-7096
-7002
-6980
-6532
-6473
-6524
-6623
-6710
-6785
-6984
-7018
-7042
-7079
-7005
-6889
-6745
-6757
-6775
-6679
-6750
-6690
-6779
-7113
-7000
-7034
-7126
-6894
-6904
-6889
-6692
-6674
-6850
-6846
-6734
-6630
-6521
-6704
-6677
-6600
-6864
-6928
-7076
-7238
-7044
-6955
-7018
-6816
-6651
-6743
-6776
-6972
-6853
-6649
-7060
-7088
-6965
-6962
-6861
-7050
-6968
-6761
-6677
-6546
-6572
-6526
-6561
-6741
-6908
-7050
-7021
-7070
-7043
-7002
-7085
-6937
-6881
-6789
-6768
-6750
-6467
-6683
-6826
-6826
-6846
-6662
-7038
-7026
-6786
-6980
-6845
-6907
-6820
-6716
-6823
-6760
-7168
-7182
-6935
-6873
-6750
-6932
-6688
-6714
-6874
-6698
-7104
-6986
-6800
-7137
-7051
-6894
-6605
-6578
-6807
-6709
-6815
-6780
-6788
-7075
-6881
-6769
-6894
-6956
-7032
-6868
-6916
-6990
-6807
-6976
-6920
-6655
-6715
-6443
-6435
-6781
-6753
-6907
-6946
-7018
-7214
-6937
-6847
-6773
-6592
-6744
-6909
-6937
-6872
-6823
-6901
-6915
-6623
-6491
-6580
-6595
-6734
-6715
-6863
-7180
-7160
-7285
-7322
-7270
-7289
-6989
-6804
-6553
-6343
-6520
-6504
-6766
-7189
-7159
-7090
-6915
-7069
-7227
-6683
-6614
-6652
-6423
-6710
-6883
-6978
-6823
-6640
-6964
-6624
-6418
-6895
-6997
-7002
-6809
-6866
-7336
-7179
-6951
-6845
-6594
-6661
-6628
-6704
-6841
-6675
-6931
-7102
-6965
-6891
-6867
-6955
-6745
-6625
-6740
-6792
-6762
-6776
-6975
-6870
-6874
-6903
-6746
-6825
-6673
-6984
-7222
-6743
-6899
-6999
-6843
-6681
-6514
-7100
-7086
-6694
-6923
-6930
-6966
-6822
-6807
-7021
-6778
-6926
-6941
-6650
-6742
-6709
-6842
-6835
-6748
-7050
-6994
-6962
-7037
-6855
-6845
-6946
-6961
-6878
-6818
-6763
-6685
-6642
-6678
-6871
-6946
-6970
-7010
-6904
-6842
-6688
-6550
-6573
-6535
-6616
-6700
-6746
-6872
-6916
-7098
-7090
-6754
-6734
-6773
-6805
-6968
-6976
-7081
-7162
-7064
-6988
-6832
-6851
-6870
-6524
-6432
-6572
-6640
-6855
-6963
-7135
-7240
-6955
-7031
-7012
-6708
-6877
-6727
-6595
-6840
-6770
-6925
-6811
-6663
-7098
-6882
-6802
-7089
-6882
-7079
-7036
-6758
-6707
-6403
-6714
-6726
-6547
-6901
-6641
-6745
-6853
-6741
-7156
-6938
-6966
-7116
-6811
-7024
-6654
-6367
-6793
-6592
-6645
-6801
-6688
-6977
-6877
-6866
-7094
-6911
-6968
-6937
-6767
-6843
-6850
-6869
-6841
-7043
-7339
-7146
-6972
-6967
-6884
-6741
-6519
-6536
-6790
-6776
-6721
-6903
-6804
-6811
-6823
-6576
-6916
-6968
-6736
-6952
-6919
-7011
-7000
-6805
-7010
-6949
-6651
-6597
-6647
-6687
-6797
-6803
-6850
-7034
-6902
-6860
-6907
-6952
-7014
-6739
-6774
-6836
-6803
-6948
-6917
-7112
-7093
-7060
-7075
-6664
-6780
-6734
-6509
-6717
-6655
-6900
-7022
-6922
-7101
-6884
-6845
-6846
-6636
-6659
-6662
-6800
-6756
-6697
-6939
-7003
-6914
-6692
-6680
-6889
-6761
-6656
-6911
-7081
-7081
-6934
-6850
-7120
-6916
-6636
-6747
-6631
-6633
-6532
-6698
-6958
-6727
-6929
-7010
-6947
-7056
-6895
-6869
-6805
-6895
-7046
-6806
-6915
-7165
-6824
-6644
-6895
-7044
-6911
-6673
-7189
-7302
-6685
-6866
-6783
-6638
-6639
-6460
-6940
-6939
-6897
-7058
-6754
-7004
-6986
-6664
-6779
-6775
-6794
-6701
-6773
-7070
-6900
-6845
-6924
-6945
-7021
-6735
-6710
-6769
-6679
-6834
-6684
-6797
-7037
-6869
-7070
-7205
-7149
-7186
-6836
-6725
-6863
-6663
-6653
-6635
-6753
-6841
-6506
-6863
-7077
-6796
-6863
-6861
-6987
-6776
-6694
-7026
-6715
-6734
-6881
-6634
-6893
-6913
-6707
-6850
-6809
-6867
-6899
-6898
-7074
-6799
-6809
-7060
-6708
-6698
-6933
-6800
-6801
-6860
-6937
-6907
-6747
-7048
-7053
-6752
-6920
-6870
-6891
-6917
-6804
-7163
-6978
-6795
-6987
-6725
-6760
-6722
-6661
-6771
-6630
-6872
-6887
-6669
-6862
-6845
-6732
-6856
-7010
-6919
-6718
-6881
-6896
-6672
-6821
-6849
-6798
-6852
-6822
-6936
-6834
-6883
-7002
-6916
-7108
-6914
-6853
-7037
-6784
-6853
-6851
-6755
-6878
-6625
-6739
-6941
-6601
-6843
-6985
-6794
-6958
-6744
-6845
-6962
-6697
-6991
-6927
-6808
-6961
-6813
-6948
-6880
-6785
-6985
-6740
-6704
-6893
-6810
-6835
-6871
-7020
-6963
-6699
-6932
-6986
-6860
-6883
-6783
-6969
-6862
-6693
-7002
-6839
-6688
-6814
-6868
-6883
-6686
-6767
-6850
-6714
-6694
-6864
-7083
-6814
-6903
-7192
-6760
-6784
-7024
-6827
-6877
-6862
-6778
-6824
-6601
-6662
-6923
-6586
-6616
-7050
-6799
-6704
-6882
-6845
-6889
-6758
-6768
-6910
-6685
-6574
-6843
-6836
-6567
-6931
-7176
-6976
-7187
-7157
-7121
-7266
-6984
-7001
-6906
-6504
-6695
-6738
-6459
-6736
-6994
-6947
-7215
-7233
-7089
-7214
-6818
-6661
-6782
-6354
-6587
-6701
-6309
-6851
-7118
-6961
-7225
-7067
-6998
-7098
-6643
-6764
-6830
-6242
-6674
-6807
-6444
-7015
-6934
-6892
-7179
-6702
-6896
-6763
-6232
-6784
-6651
-6403
-6910
-6695
-6827
-7174
-6806
-7188
-7334
-6913
-7184
-6991
-6900
-7051
-6610
-6969
-7106
-6604
-7032
-7131
-6756
-6947
-6887
-6823
-6844
-6531
-6895
-7060
-6717
-7148
-7097
-6737
-6946
-6852
-6854
-6845
-6724
-6922
-6783
-6787
-7042
-6798
-6828
-6877
-6656
-6762
-6507
-6614
-6936
-6627
-6848
-6724
-6688
-7075
-6703
-7068
-7080
-6739
-7133
-6666
-6870
-7122
-6651
-7096
-6852
-6682
-6939
-6479
-6724
-6866
-6650
-6883
-6901
-7118
-7183
-6865
-7142
-7105
-6615
-6785
-6829
-6691
-6717
-6721
-7046
-6906
-6848
-7218
-6814
-6845
-7048
-6803
-7007
-6759
-6758
-6896
-6590
-7088
-7081
-6936
-7197
-6858
-7038
-6827
-6508
-6833
-6552
-6629
-6593
-6591
-6952
-6589
-6774
-6791
-6578
-6920
-6696
-6673
-6671
-6728
-6965
-6582
-6809
-7025
-6709
-6837
-6898
-7001
-6978
-6863
-6998
-6700
-6777
-7007
-6737
-6917
-6848
-6887
-7006
-6710
-7073
-6847
-6725
-7016
-6625
-6972
-6941
-6806
-7151
-6906
-7040
-6904
-6862
-7043
-6799
-7011
-6818
-6745
-6944
-6640
-6766
-6801
-6885
-6989
-6706
-6976
-6883
-6657
-6933
-6824
-6896
-6835
-6869
-7117
-6719
-6957
-6984
-6461
-6766
-6650
-6647
-6981
-6760
-7027
-6914
-6737
-7235
-6816
-6807
-7139
-6668
-6706
-6489
-6500
-6953
-6637
-6793
-6936
-6883
-7040
-6782
-6984
-6946
-6572
-6701
-6744
-6906
-6813
-6844
-7188
-6861
-6861
-7018
-6887
-7009
-6799
-6862
-6968
-6644
-6913
-6945
-6780
-6922
-6867
-7168
-7065
-6806
-6967
-6537
-6492
-6564
-6431
-6789
-6655
-6948
-7234
-6721
-7071
-7031
-6672
-6952
-6743
-6868
-6912
-6618
-6996
-6856
-6573
-6849
-6731
-6758
-6871
-6666
-6872
-6872
-6655
-6931
-6894
-6843
-7065
-6795
-6850
-6981
-6702
-6823
-6735
-6836
-7021
-6718
-7100
-7097
-6689
-6809
-6732
-6819
-6604
-6698
-7256
-6932
-7044
-7363
-7179
-7057
-6916
-7030
-6824
-6521
-6693
-6780
-6532
-6526
-6852
-6627
-6620
-6831
-6789
-6954
-6815
-7036
-7105
-6870
-7171
-6880
-6923
-7049
-6765
-6817
-6401
-6690
-6794
-6478
-6983
-6779
-6850
-6927
-6669
-7008
-6849
-6984
-6983
-6791
-7092
-6771
-6684
-6749
-6712
-6880
-6851
-6909
-6720
-6689
-6770
-6662
-6760
-6870
-6945
-6797
-6878
-6853
-6742
-7049
-6908
-6988
-7067
-6908
-7071
-6755
-6932
-7032
-6600
-6995
-6760
-6537
-7061
-6981
-7037
-6942
-6735
-6880
-6691
-6827
-6897
-6635
-6789
-6760
-6764
-6733
-6700
-7117
-6861
-6838
-7239
-6917
-7017
-6915
-6868
-7160
-6502
-6645
-6725
-6145
-6514
-6419
-6598
-6985
-6891
-7442
-7042
-6799
-7147
-6520
-6792
-6818
-6513
-7000
-6661
-7078
-7351
-6866
-7408
-7000
-6964
-7209
-6495
-7099
-6838
-6422
-7007
-6467
-6877
-7008
-6605
-7312
-6952
-7035
-7194
-6658
-7234
-6672
-6307
-7070
-6645
-6753
-6745
-6562
-7108
-6704
-6994
-7179
-6611
-7091
-6729
-6460
-6707
-6431
-6906
-6826
-6779
-7268
-6918
-7029
-6934
-6683
-7022
-6454
-6463
-6979
-6594
-6756
-6861
-6953
-7289
-6803
-6937
-6965
-6414
-6712
-6540
-6538
-6899
-6621
-7049
-7241
-7057
-7301
-6984
-6928
-7082
-6979
-7123
-7021
-6922
-6934
-6942
-6991
-6816
-6670
-6504
-6511
-6578
-6460
-6769
-6960
-6819
-6944
-7080
-7010
-6842
-6902
-6883
-6810
-7027
-6954
-6902
-6929
-6919
-7093
-6871
-6875
-6935
-6623
-6776
-6620
-6570
-6898
-6603
-6731
-7031
-7008
-7024
-6779
-6963
-6948
-6601
-6835
-6780
-6720
-6835
-6762
-6960
-6969
-6813
-6723
-6682
-6687
-6563
-6691
-6766
-6698
-6775
-6870
-7072
-7111
-7212
-7354
-7324
-7325
-7033
-7053
-7053
-6650
-6725
-6592
-6651
-6820
-6519
-6772
-6854
-6873
-7013
-6755
-6897
-6913
-6692
-6690
-6734
-6862
-6883
-6879
-6839
-6922
-7022
-6896
-6862
-6855
-6939
-6790
-6525
-6857
-6893
-6621
-6754
-6857
-6980
-6900
-6855
-7114
-7016
-6927
-6902
-6821
-6842
-6689
-6619
-6673
-6652
-6602
-6593
-6677
-6773
-6964
-7053
-7023
-7094
-6989
-6931
-6842
-6654
-6881
-6809
-6719
-7066
-6991
-7079
-7052
-6840
-7206
-6862
-6524
-6916
-6764
-6785
-6953
-6951
-7173
-7075
-7168
-7191
-6940
-7090
-6885
-6742
-6734
-6640
-6809
-6585
-6772
-6786
-6542
-6974
-6640
-6727
-7028
-6792
-7146
-6812
-6929
-7186
-6752
-7070
-6764
-6750
-6933
-6505
-6865
-6701
-6606
-6707
-6505
-6923
-6631
-6556
-6890
-6706
-7037
-6916
-6885
-7303
-6946
-6957
-6973
-6705
-6878
-6595
-6487
-6728
-6617
-6729
-6758
-6909
-7226
-6992
-7000
-7182
-7019
-6971
-6920
-6966
-7010
-6918
-7013
-6923
-6867
-6927
-6813
-6947
-6945
-6885
-7068
-6966
-6956
-7049
-6941
-6871
-6807
-6737
-6604
-6638
-6772
-6818
-6873
-6809
-6895
-6892
-6874
-6954
-6860
-7088
-7029
-6742
-6933
-6986
-6944
-6959
-7049
-7182
-6962
-6807
-6963
-6902
-6720
-6687
-6820
-7009
-6934
-6942
-6947
-6769
-6815
-6836
-6947
-7008
-6942
-7076
-7018
-6997
-6934
-6805
-6994
-7003
-6889
-6811
-6850
-7022
-6886
-6797
-6890
-6807
-6778
-6872
-6921
-6957
-6882
-6782
-6824
-6760
-6673
-6604
-6434
-6485
-6594
-6495
-6485
-6779
-7002
-6938
-6925
-7127
-7349
-7061
-6976
-7234
-6918
-6764
-6638
-6702
-6962
-6623
-6868
-7021
-6925
-7149
-6749
-6813
-6670
-6133
-6244
-5826
-5834
-6109
-5928
-6301
-6497
-6741
-6832
-6622
-7082
-6966
-6738
-6984
-6751
-6901
-6908
-6853
-7301
-7173
-7401
-7466
-7071
-7246
-6863
-6749
-6806
-6374
-6639
-6498
-6266
-6398
-6099
-6349
-6295
-6216
-6789
-6387
-6415
-6845
-6640
-6958
-6941
-7161
-7675
-7396
-7637
-7811
-7592
-7643
-7455
-7536
-7718
-7530
-7497
-7419
-7158
-6875
-6558
-6563
-6518
-6257
-6273
-6181
-6166
-6345
-6206
-6214
-6333
-6239
-6299
-6344
-6360
-6576
-6651
-6762
-7041
-7047
-7133
-7373
-7405
-7481
-7442
-7436
-7552
-7528
-7742
-7800
-7814
-7952
-7754
-7786
-7626
-7516
-7717
-7323
-7325
-7420
-7270
-7592
-7466
-7414
-7619
-7416
-7259
-6873
-6563
-6484
-6013
-5652
-5599
-5752
-5998
-6035
-6425
-6792
-6751
-6985
-6992
-6971
-7098
-6902
-7123
-7182
-7046
-7371
-7135
-6948
-6981
-6523
-6450
-6219
-5987
-6205
-5851
-5943
-6099
-5704
-5790
-5589
-5738
-6047
-5741
-6268
-6619
-6619
-7225
-7535
-8086
-8644
-8707
-9159
-9332
-9131
-9090
-8923
-8699
-8331
-8011
-7665
-7210
-6863
-6292
-5924
-5454
-4782
-4645
-4093
-3722
-3816
-3590
-4075
-4427
-4634
-5247
-5277
-5707
-6184
-6372
-7019
-7343
-7678
-7996
-8067
-8364
-8316
-8310
-8415
-8086
-7934
-7711
-7491
-7367
-6839
-6673
-6435
-5993
-6017
-5687
-5469
-5535
-5328
-5463
-5752
-6035
-6324
-6354
-6663
-7005
-6901
-7044
-7390
-7520
-7721
-8179
-8734
-9048
-9275
-9604
-9886
-10063
-10043
-10044
-9966
-9522
-8934
-8268
-7759
-7272
-6593
-6275
-6024
-5685
-5544
-5290
-5211
-4958
-4641
-4944
-4939
-5035
-5354
-5335
-5924
-6283
-6365
-6958
-7111
-7364
-7768
-7792
-8199
-8420
-8412
-8679
-8533
-8341
-8343
-8217
-8059
-7814
-7472
-6969
-6673
-6512
-6314
-6275
-6223
-6358
-6254
-6004
-6175
-6288
-6352
-6429
-6594
-6797
-6936
-7209
-7320
-7415
-7542
-7474
-7254
-6854
-6579
-6423
-6163
-5939
-5751
-5649
-5652
-5440
-5286
-5080
-4707
-4786
-4569
-4556
-4903
-4780
-5269
-5373
-5385
-5857
-5712
-6047
-6054
-6080
-6350
-6165
-6621
-6371
-6275
-6139
-5272
-5672
-5425
-5288
-5728
-5550
-6316
-6294
-5945
-6447
-6326
-6369
-6632
-6838
-7360
-7865
-8142
-8610
-9108
-9166
-9224
-9058
-8621
-8054
-7228
-6387
-5710
-4967
-4147
-4126
-4058
-3969
-4576
-4959
-5893
-6656
-6949
-7721
-7884
-7972
-8164
-8349
-8805
-8867
-8993
-9100
-9304
-9572
-9381
-9627
-9601
-9131
-9107
-8583
-8268
-8117
-7567
-7798
-7540
-7427
-8169
-8174
-8671
-8846
-8721
-9240
-8588
-8146
-7683
-6651
-6200
-5307
-5101
-5127
-4812
-5319
-5630
-6083
-6429
-6662
-7177
-7112
-7135
-6819
-6469
-6736
-6768
-7089
-7631
-8170
-8770
-9015
-9006
-9107
-8879
-8150
-7680
-6672
-5801
-5505
-4833
-5033
-5181
-5505
-6564
-6993
-8090
-8977
-9369
-10192
-10526
-10905
-11018
-10904
-10519
-9633
-8920
-7967
-7010
-5954
-5278
-4749
-3902
-3898
-3725
-3490
-3256
-3066
-3404
-2815
-2819
-2834
-2706
-3628
-3449
-4306
-5461
-5909
-7468
-7750
-8319
-8695
-7804
-7984
-7371
-6859
-6694
-5921
-5872
-5461
-5155
-4970
-4509
-4475
-4136
-3871
-3908
-4146
-4412
-4322
-4430
-4852
-5488
-6350
-7150
-7624
-8071
-8580
-8966
-9242
-9290
-9043
-8229
-7597
-7456
-7207
-7219
-7306
-7572
-7812
-7937
-8497
-8656
-8643
-8262
-7683
-7708
-7161
-6902
-6834
-6482
-6949
-6839
-6770
-7460
-7836
-8463
-8759
-9102
-9814
-9574
-9297
-8972
-8066
-7246
-6103
-5185
-4625
-3848
-3835
-4338
-4817
-5497
-6080
-6987
-7495
-7039
-7025
-7281
-7247
-7084
-7070
-7620
-8112
-8460
-8852
-9028
-9027
-8920
-8604
-8123
-7984
-7713
-7407
-7249
-6889
-7085
-6974
-6775
-7102
-7060
-7430
-7820
-8239
-8999
-9286
-9839
-10170
-9943
-9625
-8924
-8488
-7870
-6870
-6337
-5776
-5466
-5643
-6083
-6941
-7346
-7707
-8291
-8399
-8505
-8347
-7952
-7347
-6733
-6693
-6310
-5691
-5080
-4361
-3429
-2182
-1430
-810
-310
-13
69
-450
-849
-1362
-1981
-2541
-3094
-3232
-3475
-3818
-4078
-4259
-4474
-5156
-6017
-6942
-8049
-8969
-9375
-9493
-9495
-9309
-8881
-8266
-7794
-7512
-7463
-7455
-7409
-7545
-7583
-7586
-7665
-7901
-8131
-8169
-8745
-9508
-10069
-10997
-11817
-12428
-12794
-12515
-12085
-11312
-10054
-8794
-7560
-6666
-6237
-5994
-5816
-5868
-6036
-6090
-5980
-5459
-5015
-4385
-3237
-2455
-1977
-1734
-1688
-1833
-2515
-3255
-4041
-5004
-5769
-6499
-7115
-7556
-7953
-8001
-8088
-8278
-8347
-8617
-8833
-8945
-9082
-9215
-9175
-8863
-8498
-8019
-7553
-7318
-7360
-7613
-7894
-8217
-8775
-9341
-9646
-10056
-10353
-10183
-9654
-8847
-7848
-6642
-5563
-4689
-4143
-4224
-4472
-4724
-5261
-6166
-7105
-7627
-8127
-8717
-9036
-9188
-9284
-9496
-9615
-9590
-9580
-9499
-9528
-9286
-8873
-8455
-7726
-7143
-6522
-5644
-4775
-3743
-2608
-1771
-1332
-965
-517
-42
8
-292
-457
-1162
-2300
-3238
-4294
-5589
-6944
-8208
-9359
-10288
-11248
-12151
-12372
-12099
-11643
-11284
-10850
-9924
-8960
-8455
-8304
-8153
-8096
-8378
-8877
-9278
-9397
-9591
-9714
-9099
-8075
-6972
-5610
-4151
-2628
-1377
-451
422
598
368
-193
-1565
-2808
-4182
-5827
-7261
-8832
-9587
-9999
-10769
-10817
-10822
-10824
-10574
-10597
-10313
-10296
-10463
-10236
-10392
-10398
-10117
-9803
-9179
-8807
-8048
-6746
-5803
-4771
-3568
-2352
-1209
-371
501
1148
1194
722
-9
-802
-2133
-3708
-4935
-6119
-7215
-8224
-9153
-9839
-10496
-10781
-10612
-10581
-10403
-9718
-8874
-8340
-7841
-7071
-6848
-7053
-7362
-7924
-8411
-9305
-9815
-9399
-9199
-8599
-7757
-7297
-6591
-6146
-5858
-5776
-6304
-6725
-7588
-8721
-9297
-9683
-9879
-10005
-9605
-9005
-8845
-8144
-7044
-6061
-5329
-4420
-3079
-2248
-1459
-702
-442
-473
-1278
-2164
-2906
-4220
-5576
-6876
-8236
-9283
-10141
-10632
-10874
-11103
-10895
-10632
-10317
-10006
-9547
-8544
-8127
-8055
-8145
-8397
-8603
-9661
-10300
-10369
-10660
-10608
-10444
-9712
-8942
-8419
-7293
-6110
-4952
-3991
-3330
-2511
-1925
-1500
-1166
-1285
-1351
-1341
-1711
-2381
-3400
-4245
-5385
-7220
-8296
-9057
-9764
-10209
-10791
-10471
-10326
-10453
-9740
-9542
-9132
-8427
-7788
-6704
-6340
-5573
-4605
-4433
-3899
-3667
-3744
-4119
-4681
-4991
-6020
-6886
-7243
-7901
-8541
-9057
-9359
-9755
-10158
-10128
-9894
-9409
-9017
-8654
-8116
-7569
-6527
-5759
-5368
-4953
-5089
-4794
-4524
-4676
-4202
-3989
-3746
-3484
-3857
-4093
-4767
-5599
-6304
-7411
-8593
-9858
-10636
-11410
-12067
-11766
-11444
-10774
-10003
-9024
-7324
-6242
-4619
-2669
-1734
-477
607
1397
1758
1137
830
43
-1529
-2807
-3907
-4733
-5602
-6353
-6657
-6909
-7110
-7696
-8613
-9103
-9476
-10039
-10612
-10577
-9873
-9325
-8299
-6858
-5716
-4655
-4043
-3514
-3529
-4417
-5185
-6372
-7419
-8268
-9584
-10160
-10820
-11621
-11989
-12730
-12873
-12885
-12938
-12411
-12204
-11452
-10189
-8872
-7431
-6629
-5386
-4398
-4625
-4974
-5753
-6659
-8327
-10209
-11070
-12725
-14009
-14347
-14781
-14667
-14471
-13322
-11645
-10470
-8852
-7057
-5118
-3620
-2511
-1126
-177
615
850
589
496
-372
-1510
-2537
-3727
-4694
-5978
-6885
-7323
-8163
-8377
-8260
-7928
-7080
-6469
-5417
-4557
-4668
-5007
-5424
-5824
-6727
-7881
-8057
-7631
-7732
-7413
-5858
-4539
-3670
-2882
-1891
-950
-1358
-1767
-1941
-3188
-4524
-5990
-7694
-9198
-10785
-11918
-12564
-12995
-12919
-12488
-11865
-10765
-9649
-9090
-8451
-7974
-7978
-8032
-8285
-8372
-8370
-8279
-7702
-7037
-6299
-5726
-5206
-4717
-5081
-5827
-6396
-6884
-7408
-8149
-8485
-8289
-8391
-8207
-7354
-6654
-5936
-5526
-5125
-4288
-3925
-3138
-2285
-1805
-846
-491
-138
170
-323
-926
-2435
-3925
-5083
-6708
-7752
-8776
-9367
-9369
-9851
-9744
-9593
-9516
-9008
-9108
-8886
-8459
-8773
-9126
-9392
-9644
-10133
-10777
-10923
-10885
-11200
-11343
-11227
-11266
-11020
-10679
-10143
-9162
-8295
-7112
-5537
-3585
-1594
-270
1058
1932
2088
1649
402
-588
-1948
-3453
-4363
-5639
-6584
-7605
-8764
-9500
-10680
-11477
-12061
-12764
-12933
-12701
-12015
-11230
-9756
-8108
-6970
-5679
-5115
-4813
-4744
-5095
-5078
-5475
-5410
-5265
-5826
-5739
-5749
-5921
-6167
-6689
-6876
-7752
-8726
-9127
-9953
-10598
-10751
-10682
-10462
-10413
-10111
-9547
-9337
-9373
-9375
-9294
-9300
-9634
-10011
-9825
-9274
-8839
-8281
-7397
-6196
-5134
-4092
-2787
-2093
-1738
-1829
-2789
-3840
-5569
-7524
-9020
-10598
-11628
-12918
-14007
-13536
-13047
-12335
-11321
-10567
-9117
-7719
-6709
-5780
-4848
-3270
-1770
-657
890
2389
3309
4191
4711
4569
4247
3636
2765
1568
365
-597
-1807
-2671
-3111
-3492
-3792
-4017
-4019
-4380
-4975
-5535
-6429
-7679
-9126
-10562
-12147
-13644
-15021
-16192
-16902
-17264
-17136
-17186
-16941
-16279
-16068
-15139
-13774
-12328
-10703
-9564
-7649
-5642
-4371
-2878
-1638
-564
-164
-342
-91
-377
-1312
-2299
-3150
-3928
-4897
-5758
-6630
-7236
-7534
-7896
-8160
-8561
-8470
-8318
-9039
-9531
-9872
-10338
-10989
-12011
-12441
-12789
-13505
-13747
-13373
-12751
-12373
-11616
-10120
-8819
-7890
-6592
-4891
-3840
-3445
-3369
-3465
-3756
-4852
-5594
-6140
-7196
-7793
-8549
-8902
-8865
-9012
-8453
-8163
-7767
-7226
-7089
-6510
-6119
-5539
-5102
-4886
-4278
-4351
-4175
-4040
-4079
-3414
-3040
-2120
-1232
-649
362
322
54
-234
-1157
-2439
-4309
-5553
-6349
-7057
-7140
-7059
-6491
-5729
-5026
-4394
-4287
-4129
-4344
-5287
-6150
-7068
-8105
-8557
-8458
-8490
-8519
-8272
-7694
-7083
-7095
-7280
-7461
-7951
-8604
-9745
-11105
-12324
-13802
-15273
-16200
-16529
-16509
-16171
-15365
-14470
-13590
-12402
-10726
-8822
-7058
-5016
-3156
-1435
842
2796
4767
6522
7750
8858
8327
7115
6002
4141
1989
-910
-3555
-5604
-8127
-10387
-12070
-12603
-12888
-13936
-13992
-13489
-12993
-12172
-11446
-10114
-9164
-9150
-9047
-8982
-8985
-9262
-9510
-9598
-9674
-9859
-10228
-10004
-10287
-10774
-10509
-10451
-10023
-9723
-9319
-8540
-8161
-7283
-6480
-5415
-4358
-4140
-3383
-2653
-2118
-2347
-3343
-3592
-4150
-5008
-5905
-6233
-6083
-7214
-8021
-8269
-8452
-8646
-9673
-9810
-9514
-9569
-9444
-9143
-7889
-6706
-5649
-4282
-3382
-2678
-2707
-3380
-4158
-5305
-6768
-8713
-10326
-11311
-12462
-13150
-12884
-12107
-11469
-11168
-10359
-9454
-9079
-8752
-9031
-9383
-9310
-9437
-8993
-8180
-6556
-3861
-1329
1640
4568
7043
8952
9234
8657
7166
4697
1901
-1140
-3841
-6616
-9333
-11498
-13155
-14203
-15031
-15148
-14818
-14299
-13227
-11983
-10389
-9161
-8390
-7604
-6694
-5483
-4924
-4394
-3736
-4192
-5711
-7626
-8841
-10057
-12132
-13677
-14045
-14646
-15992
-16315
-15994
-16294
-16582
-16417
-15634
-15205
-14806
-13619
-12903
-11869
-10020
-8092
-5992
-3599
-303
2275
3910
6340
8132
8685
8353
7618
7041
5691
4173
2987
1657
144
-1760
-3487
-5197
-7415
-9677
-11562
-13068
-14450
-15128
-14790
-14100
-13379
-12227
-10156
-8380
-7377
-5958
-4744
-4267
-4565
-5686
-6264
-7197
-9150
-9831
-9612
-9688
-9770
-9744
-9132
-8681
-8969
-9048
-9094
-9617
-9843
-9476
-8929
-7767
-6213
-4709
-2881
-1312
-265
87
131
915
1226
968
603
-276
-998
-2245
-3468
-4031
-5404
-7531
-9713
-11151
-12581
-14707
-16191
-16760
-16433
-15811
-14400
-11463
-8729
-6085
-3707
-2166
-836
-984
-2253
-3668
-5564
-7470
-9558
-11486
-12895
-14189
-15237
-16660
-17956
-18229
-18358
-18442
-18700
-19138
-19229
-19559
-19506
-18742
-17493
-15107
-12498
-10236
-7763
-4906
-1973
163
2195
4793
7223
9223
10458
11523
12744
12882
12075
11034
9565
7212
4215
1494
-810
-2992
-5289
-6771
-7063
-7178
-6685
-6004
-5492
-4929
-5345
-6133
-7169
-9123
-11700
-14958
-18053
-20503
-22575
-23857
-24207
-23304
-21398
-19238
-15909
-11631
-7830
-3938
-603
1861
4178
4860
4878
4881
3989
3454
2684
1945
1443
303
-408
-1179
-1723
-1890
-2563
-2712
-3100
-3640
-3378
-3520
-2674
-1622
-1251
208
150
379
835
-611
-837
-2597
-3712
-4015
-7163
-8909
-11608
-14338
-15780
-18734
-19846
-21340
-23097
-23139
-23670
-23423
-22965
-21904
-20150
-18794
-16672
-14561
-11917
-9133
-6691
-3344
-1101
654
2465
2686
2761
1868
-447
-2711
-5621
-8554
-11446
-14465
-16441
-18270
-20186
-21308
-21295
-20274
-19287
-17859
-15853
-13850
-11438
-9612
-7798
-5508
-4159
-2811
-1572
-795
107
335
474
554
-100
-787
-1203
-1890
-3238
-4039
-4487
-5315
-5792
-6754
-7837
-9095
-11034
-12054
-13115
-14301
-14497
-14220
-12772
-10774
-8721
-5979
-3324
-944
702
1453
1528
170
-1438
-2791
-4825
-6661
-7949
-8615
-8839
-9316
-9261
-8664
-8518
-8526
-7955
-7153
-6422
-5704
-5116
-4250
-3592
-3250
-2824
-2938
-3419
-4009
-4167
-3997
-3995
-3578
-3139
-2901
-3173
-3210
-2851
-3614
-4233
-4733
-5213
-5545
-6332
-5607
-5050
-5488
-5290
-5430
-5406
-5844
-6327
-5584
-5262
-4910
-4003
-2887
-1257
178
1406
2501
3299
4012
3753
2476
1266
-145
-2476
-5242
-7328
-8763
-10178
-11580
-12242
-12027
-12206
-12511
-12297
-11969
-11709
-12156
-12397
-12330
-12710
-12995
-14412
-15371
-15284
-16250
-16069
-15131
-13773
-11545
-10184
-7750
-5499
-4691
-3009
-1791
-1603
-2135
-2987
-3683
-5244
-6780
-8060
-9530
-10822
-11995
-12315
-12434
-12442
-11719
-11360
-10807
-10343
-10403
-10109
-10414
-10748
-11091
-12348
-12982
-12801
-12505
-12335
-12093
-10799
-9524
-9529
-9383
-8386
-7606
-7307
-7258
-7327
-7301
-7445
-7924
-8302
-8425
-8568
-9153
-10172
-10731
-10812
-11333
-11792
-11244
-10394
-9506
-7932
-6255
-4452
-2329
-899
644
2390
2953
3426
3814
3888
4366
3942
3578
3820
3156
2483
1713
627
-148
-1069
-1467
-1238
-1180
-846
-234
-307
-928
-1138
-1029
-1047
-1090
-693
94
479
642
1008
1293
1279
633
-724
-2317
-3790
-5286
-6747
-8000
-9012
-9518
-10108
-10979
-11439
-12079
-13087
-14176
-15411
-15971
-16297
-17009
-16781
-15555
-14321
-12744
-10458
-7702
-4717
-2217
-2
2532
4228
4957
5323
4944
4184
3278
1853
26
-1752
-3866
-6290
-8101
-9589
-10603
-11125
-11687
-11455
-10706
-10208
-9812
-9650
-9918
-10787
-12133
-13661
-14951
-15879
-16618
-17029
-17398
-17518
-16525
-15046
-13908
-12649
-11128
-9290
-7655
-6820
-5749
-4991
-4976
-5006
-5878
-6231
-5865
-6307
-5958
-5074
-4528
-4193
-4612
-4171
-3719
-5068
-6610
-8090
-9362
-10584
-12492
-13859
-15155
-16634
-17358
-17702
-17704
-17720
-17141
-15083
-12771
-10583
-7647
-4399
-1366
1390
3021
4278
5255
4662
3419
1364
-1117
-3353
-6807
-9963
-12164
-14709
-16783
-18375
-19221
-19297
-19414
-18618
-16594
-14758
-13670
-12108
-10121
-8992
-8790
-8612
-7335
-6164
-5892
-5286
-4441
-3760
-4123
-5683
-7175
-8446
-10060
-12212
-13661
-13690
-13427
-13345
-12596
-10368
-7617
-5543
-3681
-1627
338
1486
1732
3131
5222
5974
7130
8977
10980
12377
12027
12561
12533
10358
8070
5094
2226
-1390
-5569
-8391
-11892
-15271
-17789
-19703
-20190
-20536
-20177
-19342
-18757
-17686
-16635
-14879
-12770
-10758
-8341
-6442
-4451
-2663
-1579
26
1711
3361
4777
5260
5407
5382
4776
3261
1877
1006
-568
-2109
-3171
-4023
-4617
-5595
-6287
-6815
-8398
-10112
-11315
-12487
-13247
-13726
-13640
-12465
-11575
-10585
-9204
-8287
-7170
-6762
-6634
-6881
-8385
-8747
-9200
-10133
-10045
-10571
-10525
-10043
-9980
-8893
-8332
-8080
-7093
-6745
-6204
-5330
-4499
-3230
-2957
-3267
-3477
-3870
-4413
-6063
-7021
-7285
-7918
-7406
-7115
-6768
-6306
-6835
-7183
-8866
-10914
-12241
-14186
-15623
-17283
-18267
-18641
-19108
-18253
-18691
-18417
-17365
-17704
-16016
-15424
-15385
-13734
-13655
-12959
-12561
-11741
-8811
-7641
-5696
-3273
-2324
-38
944
1130
1876
678
-266
-1711
-4492
-5487
-6158
-7143
-8010
-9552
-10070
-9828
-10435
-11319
-11679
-11903
-12543
-13387
-14113
-13747
-12632
-11735
-9832
-7519
-5812
-3703
-2146
-1448
-841
-960
-771
-31
183
557
1083
1749
2624
3203
3938
4649
4897
4773
5155
6061
5914
5450
5096
4205
3923
3470
2432
1913
1187
669
-453
-2855
-4760
-7208
-10279
-12982
-15482
-17554
-20460
-23131
-24748
-26304
-26327
-25856
-24425
-21890
-21043
-19017
-16271
-14507
-12390
-11543
-10286
-8728
-8648
-7844
-6233
-4429
-2560
-645
1997
4971
7438
8649
9320
9910
9446
8559
7463
6114
5204
3712
1887
728
-503
-1599
-2697
-4157
-5098
-6128
-7626
-8187
-7915
-8376
-9099
-8477
-7611
-7923
-8665
-8925
-8354
-8843
-10862
-11771
-12779
-14363
-15283
-16837
-16911
-15822
-16069
-15332
-14650
-14423
-13433
-13896
-14102
-13764
-14667
-15254
-16191
-17192
-17863
-19243
-19213
-18072
-16625
-13586
-9806
-4998
-81
3460
6992
9715
10935
10858
9572
8284
5514
1314
-2095
-5611
-9405
-13024
-15887
-17445
-19086
-20286
-20373
-20107
-19486
-18787
-18093
-17195
-16085
-14788
-13222
-11702
-10270
-8356
-6217
-4081
-1981
523
3095
5099
7180
8434
8710
8148
6426
4527
1473
-2579
-6269
-9768
-12587
-14188
-14249
-13305
-11709
-9048
-5689
-2509
-129
2326
4000
4231
4736
5006
4893
3491
881
-456
-2282
-4997
-7305
-9079
-9616
-10915
-12233
-11297
-9454
-6914
-4590
-2532
203
1539
1665
827
-1012
-2406
-4836
-7614
-9689
-11353
-10979
-9958
-8912
-7247
-6049
-4501
-3398
-3799
-4121
-4512
-6130
-8247
-10611
-13329
-14767
-15702
-16074
-15131
-15478
-14919
-13237
-13127
-12070
-11816
-12886
-13155
-14491
-14659
-14448
-15521
-14046
-12299
-11042
-9001
-7971
-6147
-4489
-3538
-2025
-1500
-635
127
-401
-746
-1441
-2156
-3015
-4079
-3721
-3612
-3853
-3429
-3706
-3437
-3026
-2920
-2079
-2511
-2831
-2685
-3863
-4526
-6063
-8554
-10772
-14487
-18096
-21832
-25873
-27853
-29262
-29624
-28317
-26703
-23860
-20751
-17846
-14331
-11356
-8734
-5888
-3242
-1093
427
1926
3415
4330
4542
4260
3765
2504
1145
227
-1320
-2456
-3369
-4750
-5267
-6021
-6393
-5746
-5733
-5317
-5108
-5200
-4747
-5333
-6107
-6808
-7751
-8312
-9369
-10302
-11051
-11994
-12309
-12615
-12865
-12819
-12627
-11893
-10953
-9795
-8509
-7167
-5753
-4823
-4228
-4055
-3998
-3799
-4509
-5530
-6235
-7314
-8356
-9843
-11688
-12469
-13230
-13915
-13772
-13521
-11895
-9392
-7594
-5178
-1852
1472
4188
6050
7848
9078
8954
8279
7393
6510
4996
3239
2598
1106
-1034
-2551
-4929
-7477
-10341
-13440
-15348
-17665
-19342
-19093
-18927
-18237
-17280
-16692
-15445
-14676
-14782
-15799
-17192
-17746
-18802
-20405
-21577
-21221
-19512
-18577
-16647
-13226
-10151
-7221
-5403
-4270
-3149
-2836
-2906
-3525
-4283
-4030
-2951
-1247
1377
4796
8230
10658
12121
13275
13373
11826
9046
6052
3404
-44
-3536
-6230
-8766
-10623
-12345
-13656
-14250
-15038
-15386
-15852
-16615
-17361
-18261
-18312
-18376
-18389
-17321
-15856
-14338
-13733
-13395
-12636
-12745
-13292
-13494
-12899
-12118
-11754
-11064
-10357
-8926
-7249
-6523
-5421
-4586
-4429
-4695
-5809
-6373
-7244
-8939
-9331
-8885
-8795
-9027
-9239
-9015
-8612
-8983
-9595
-9340
-9281
-9089
-8543
-8126
-6558
-5362
-5024
-3940
-3129
-2762
-2933
-3405
-3138
-3623
-5117
-6334
-7331
-7553
-7814
-8963
-9350
-9697
-10341
-10346
-9699
-7588
-5728
-4309
-1957
548
2823
3387
2989
3069
2988
2675
2045
2158
2169
1253
511
-170
-127
-527
-1736
-2698
-4127
-5214
-6629
-7722
-6941
-5738
-3522
-101
4707
10565
15123
19338
23645
26471
27660
27437
26390
24650
21888
19242
16971
14068
11636
10026
8996
8554
7826
8208
9232
9534
9702
9140
8891
8820
7754
6311
3911
982
-2648
-7777
-12776
-17059
-20663
-23648
-26323
-27969
-29065
-30444
-31906
-33204
-33837
-34051
-34366
-33977
-32747
-31565
-29896
-26962
-22684
-18272
-14992
-11502
-7802
-5410
-4744
-5238
-6546
-9755
-14287
-19645
-24711
-28425
-32611
-36579
-39939
-42565
-43488
-44235
-44049
-41565
-37433
-32566
-27633
-21897
-16060
-10961
-6016
-2154
-98
691
1657
2785
2769
2721
3707
5271
5736
5515
6512
6144
3952
1767
-1197
-3038
-4606
-8072
-9228
-8800
-9913
-11182
-12318
-11617
-10139
-10325
-9388
-6055
-2001
1099
4462
8973
11733
12368
11142
8778
6026
1022
-5055
-11599
-17549
-21048
-23811
-25543
-26030
-24766
-21671
-18881
-14577
-8779
-3569
1697
5371
7908
10310
11292
13483
14732
14472
15768
14963
13554
10671
6310
4713
469
-4402
-8807
-15992
-21297
-25229
-26114
-24659
-24749
-21245
-13935
-5548
2902
10792
19565
27143
32055
34189
34830
35045
33161
29947
24641
19345
16907
15448
15106
13866
12507
12662
12033
10371
6508
2268
-1915
-7916
-14161
-21359
-28060
-33741
-39579
-42762
-44877
-46259
-44778
-43031
-40441
-35581
-29521
-23325
-19320
-16648
-13470
-11980
-13418
-15618
-17408
-20293
-24557
-28167
-30085
-30340
-29338
-26921
-22483
-18534
-14851
-10641
-9257
-7907
-5807
-6429
-8718
-12402
-17042
-23362
-30433
-35516
-40434
-44684
-46419
-45419
-42115
-37763
-31419
-23489
-15259
-7534
-2425
1886
6371
8674
10860
13235
14991
17867
20399
23216
27238
30814
33529
33881
33053
32661
31392
28607
24560
21543
17906
11591
6170
2473
-148
-4019
-9045
-10714
-11594
-13985
-16492
-18269
-18041
-17798
-17603
-16466
-15109
-13534
-12546
-10701
-8274
-6051
-3212
-1998
-1674
-2357
-5309
-8981
-14332
-19488
-23265
-27200
-30010
-31690
-30439
-25862
-20822
-15590
-11723
-9081
-6510
-5453
-5387
-6233
-8223
-10920
-14376
-15646
-13558
-11124
-8497
-4714
16
4513
6970
8885
10131
9406
7298
4246
1939
-1156
-4493
-6288
-8732
-11227
-14548
-17673
-19451
-21677
-22916
-24070
-24277
-22912
-22532
-22338
-22710
-22813
-21793
-21568
-20884
-19298
-17921
-15901
-14244
-13104
-10825
-8655
-5934
-1606
3095
8700
13345
16648
21436
24687
24038
21664
18551
14897
9230
2123
-3517
-9445
-16286
-21232
-23677
-22878
-20592
-18568
-14757
-10320
-4884
895
3581
5823
7324
6692
5082
809
-4231
-9434
-15932
-21065
-24033
-24970
-25250
-25266
-22991
-19507
-15878
-12405
-8273
-3531
-803
1535
3672
3546
1756
-1706
-5268
-8414
-11714
-13199
-12394
-10229
-6761
-2031
3108
8319
13177
17124
20927
23321
23832
24447
24513
23938
22738
20893
20479
19718
17802
15863
12616
8920
4311
-875
-4444
-6943
-7874
-8081
-7830
-5777
-3350
-1297
-1786
-5488
-9591
-15098
-21939
-28757
-35416
-40620
-45604
-49432
-50430
-50563
-49889
-48829
-46879
-43324
-40425
-38368
-37578
-37670
-37015
-36674
-36182
-35519
-35226
-34305
-33066
-30979
-28228
-26359
-25169
-23878
-21846
-19264
-17172
-14147
-8852
-3735
886
6441
11716
16404
20569
24478
29122
32434
34813
38727
42552
46399
50407
54412
58528
59768
59445
57830
54295
49333
39856
29197
18180
7042
-2096
-13079
-21780
-27788
-33147
-36365
-40718
-43022
-43386
-42999
-40818
-39103
-35076
-30489
-25981
-19232
-11840
-3236
4330
11375
19501
25993
30966
34267
36790
37665
35136
31886
27666
23175
17887
10218
3410
-3725
-11090
-16951
-23993
-31401
-37372
-43627
-50162
-56438
-61987
-64980
-68928
-67572
-55516
-45251
-37479
-30694
-22771
-10494
-5385
-4561
-2464
514
4679
1412
-4019
-5681
-6024
-6311
-9780
-10122
-9188
-11958
-13765
-16050
-16031
-14242
-13919
-10531
-7871
-6878
-3873
-1403
-65
-310
-601
1138
2172
2479
4062
6183
7392
7218
7145
7047
6006
5162
3718
1915
-1253
-6366
-9798
-12608
-15418
-18047
-20588
-21206
-22283
-23314
-23641
-24304
-24162
-24370
-22016
-16821
-11770
-5500
116
5503
10020
10640
10739
10402
8450
4390
-2596
-8597
-13724
-19071
-23178
-26750
-28740
-29320
-29072
-26981
-24751
-22989
-20858
-18871
-17124
-15921
-14833
-13020
-11204
-9587
-7519
-4414
-1324
1079
4160
6897
8558
8978
8674
10595
12994
14378
15648
16147
17708
19141
19680
21302
21512
20947
21125
21049
21362
21175
21334
21749
20462
18305
14711
9501
2647
-6554
-15724
-24139
-32848
-40563
-46670
-49808
-49361
-47601
-43876
-38649
-32134
-23433
-15939
-9619
-4606
-1872
1231
4220
7821
11713
13555
15885
19501
24088
27954
27460
24912
21099
14779
6179
-5968
-16960
-24190
-29493
-32361
-34291
-32831
-28970
-27476
-26123
-24398
-23162
-23244
-24804
-25930
-27674
-30343
-33039
-35504
-38143
-41656
-43888
-44463
-45225
-45899
-45923
-44629
-42894
-41677
-38727
-33646
-28096
-21941
-15611
-9754
-5442
-4959
-6437
-8032
-10479
-12945
-15844
-18405
-19985
-21516
-22337
-23038
-23221
-22474
-21844
-21401
-21409
-21065
-20488
-19561
-16824
-13310
-9183
-4320
174
3732
5987
8361
9679
7825
5257
2599
405
-704
-2951
-4292
-4802
-5452
-3426
-1879
-871
949
1237
2610
2828
1511
2325
2812
4117
6300
9037
13303
16209
18970
21645
23741
25628
26262
28158
29682
30167
31989
33698
36177
38484
39714
41814
43284
43666
42271
38461
35140
32368
29241
26220
23646
22973
22684
22234
23902
26133
28281
30254
31402
33081
33686
33096
31995
29592
28049
26433
22940
17522
10201
3488
-3657
-12723
-22348
-32231
-41301
-50852
-59934
-67422
-73634
-77325
-81506
-80189
-74119
-69359
-59991
-52026
-43651
-34797
-32543
-27812
-25667
-25869
-24778
-28518
-28627
-28996
-31990
-31268
-32814
-33243
-32755
-34723
-34099
-33780
-32127
-26612
-21708
-17153
-13710
-11315
-8598
-7794
-8964
-10910
-13149
-15191
-17900
-22566
-28302
-33290
-37962
-42601
-46561
-49442
-50046
-48664
-46800
-44311
-40828
-35933
-30373
-25942
-20761
-14747
-10506
-6729
-3368
-570
1414
502
-329
-632
-2386
-3884
-5124
-5178
-4910
-5662
-4875
-2804
-1579
-1790
-1815
-441
985
1291
866
1822
4395
7077
11349
17675
24996
33719
41632
48291
54776
60193
65609
68902
68716
68075
66567
63477
58729
51847
44024
35961
28257
19910
10423
2006
-6268
-15400
-23657
-29428
-31849
-33413
-35396
-36456
-37407
-37385
-35700
-34227
-34060
-34752
-34582
-32813
-29342
-26325
-23867
-20050
-16360
-11367
-6601
-4123
-509
2437
3142
3080
1918
654
-1158
-4496
-6777
-6768
-6148
-4755
-2679
-1614
-521
671
883
1905
3642
5476
8347
10662
12667
15782
17605
18844
20387
20810
21933
21271
18182
16804
15264
12739
9162
3976
-1860
-9298
-18591
-28941
-34497
-35773
-39925
-44854
-48925
-49258
-44693
-41472
-39135
-34614
-28217
-21030
-17152
-18990
-21395
-21226
-21113
-21942
-22797
-23182
-23145
-22949
-22879
-20772
-17292
-15270
-13416
-12014
-9462
-5079
-1850
2833
10546
16847
20702
24490
26707
26866
24604
20037
16951
13815
10023
6199
-14
-5807
-9825
-14203
-18538
-23063
-28368
-32967
-36907
-40386
-42609
-44591
-45185
-43399
-40419
-36561
-32215
-27070
-22688
-20208
-18031
-17121
-16621
-14677
-13923
-14005
-13499
-14618
-16545
-18226
-21587
-25299
-28178
-31119
-33558
-37521
-41069
-40714
-39614
-37577
-33597
-26818
-16228
-5316
4140
11711
19305
27291
33172
38154
41367
43466
45780
46114
44696
40388
33947
26157
14271
3560
-2291
-9675
-19952
-28471
-33375
-37590
-44708
-50028
-49931
-49340
-48851
-45582
-38762
-30825
-24378
-17532
-9186
694
9022
14422
20530
27171
33652
37795
40939
47646
55598
63179
69193
74503
79223
79931
81031
81827
78451
74529
70212
67000
63045
55279
47103
36428
24161
11987
-534
-10529
-19464
-26257
-32878
-39619
-42864
-48784
-55646
-61885
-69976
-75496
-80833
-84235
-82818
-78103
-68772
-61333
-58096
-56043
-54821
-51063
-46431
-42833
-40123
-39624
-37865
-35838
-36950
-39106
-41548
-41833
-41000
-42452
-42841
-40934
-37783
-35934
-35341
-33494
-31897
-29626
-27249
-24115
-18793
-14284
-9785
-5353
-1074
3832
6601
8418
11167
13493
14972
15659
15940
15217
11889
5843
-1552
-9080
-15863
-20675
-23832
-25475
-24102
-20782
-18019
-15802
-13108
-9422
-5607
-2948
146
4574
8614
11937
14194
15057
15933
16388
15552
13807
11518
9799
7401
4718
4192
4594
5890
7390
9110
13052
17160
21789
26389
28214
30317
32562
33271
33618
32797
33212
34547
33713
32596
31036
30311
29709
26183
23008
19657
17341
16690
13072
10549
11138
12235
13179
13070
13811
15720
17578
18729
18829
18912
18697
17628
15434
13003
11399
9535
7742
6793
6413
6467
6604
6566
5721
3652
1323
-222
-1941
-5267
-9113
-11666
-13376
-15300
-17801
-20756
-23121
-25421
-28610
-32084
-36460
-41333
-46134
-51883
-57488
-63565
-71288
-78769
-85780
-91775
-95158
-95830
-94122
-91131
-87283
-82211
-76579
-71969
-68924
-65986
-62275
-58014
-53785
-51030
-49797
-48270
-46583
-44451
-41134
-38729
-36107
-32231
-29408
-25706
-20362
-15868
-11975
-9271
-6968
-3081
239
3502
6987
9017
11395
12745
12237
11128
9119
8434
9216
10476
11612
11472
11469
11377
11944
13617
13928
13826
13066
11859
10570
5907
-143
-5674
-11210
-14743
-18246
-22699
-26210
-27979
-26255
-24489
-24957
-24633
-22797
-19046
-14934
-10468
-5165
271
6784
11762
15431
18600
20718
23636
26010
28253
31479
34529
37119
39987
43877
48294
53230
57354
61306
65992
68568
70007
70107
67499
64553
60952
57101
52943
46990
41539
36615
31141
25983
20592
15595
11973
9181
6443
3667
2674
3863
5297
5113
3672
4007
5168
4637
3272
663
-3560
-9523
-17774
-26897
-36283
-45165
-51672
-56755
-62102
-67189
-70959
-72461
-72132
-70413
-67020
-64395
-63184
-61687
-60249
-58752
-57664
-57438
-56904
-55697
-54093
-52548
-50688
-47267
-42502
-37575
-33650
-30289
-25169
-19859
-15503
-10872
-7144
-2232
2222
3858
6619
8326
9072
10455
9818
9614
9201
7831
7667
7622
8004
8096
8122
9212
10477
12128
13732
15968
18552
20810
23482
25793
28713
31727
33635
34916
35161
34997
33673
30882
27612
23644
19631
15433
10659
5460
-144
-6268
-14350
-22006
-26702
-32285
-40115
-48332
-54663
-57165
-59870
-63608
-64288
-63214
-61314
-58592
-56095
-51424
-44778
-38535
-32680
-27997
-23508
-18470
-14899
-12698
-11604
-10202
-7497
-5077
-2149
323
2050
3995
3919
3507
3396
1160
-946
-3127
-6430
-7946
-10129
-12505
-11884
-12340
-11076
-8524
-7974
-4023
-1438
-77
3071
3707
6212
8169
9100
11873
12124
12220
11502
10225
9641
6659
4337
2341
-279
-1766
-3451
-3134
-1907
-2208
-1033
171
2450
7009
9786
11600
11956
11334
10268
6181
1546
-2966
-7478
-12545
-19455
-24895
-29594
-35538
-41260
-45688
-48567
-51566
-54542
-55415
-54244
-52718
-50989
-48286
-45235
-41857
-37819
-32500
-24953
-16637
-9440
-2380
5281
11807
16530
19962
23046
26389
28764
30661
32882
35181
37667
39160
39664
40030
40704
41200
40876
40052
38316
37387
36576
34317
32555
29694
26043
23197
20565
19267
17306
14466
13209
12513
11751
10382
8526
7389
6230
4081
1429
-897
-3243
-6283
-9702
-11975
-12297
-12001
-12620
-13924
-15080
-16617
-18775
-21594
-24544
-26201
-27165
-28403
-29954
-31895
-32916
-32867
-33364
-34252
-36643
-40671
-44514
-48686
-52784
-58231
-65243
-70447
-73614
-74311
-73061
-71086
-67059
-60557
-53487
-47357
-41079
-36221
-31780
-24771
-19180
-14424
-10119
-8922
-4888
365
3560
8153
8958
8118
8634
6837
6818
5613
3131
3048
2189
3244
4683
5646
8810
10521
11227
11925
11982
13654
15829
16873
18217
19610
21479
24706
27090
28704
30726
32135
32620
32012
30853
30554
30303
28678
26965
26273
26406
27874
29198
29475
30326
31587
32907
34256
34808
34341
32923
30840
29072
27522
24773
21756
19011
14577
8143
-221
-10248
-20281
-30373
-40271
-47109
-50835
-53725
-55809
-57264
-57623
-56134
-53627
-49185
-43258
-36824
-28442
-19620
-11920
-4971
718
6298
11952
16598
20833
23766
24389
23487
21365
18052
14339
9810
5031
1191
-5017
-12570
-17939
-22192
-26662
-33645
-40816
-45160
-48935
-53520
-58910
-62490
-62867
-62944
-63801
-63993
-63133
-61884
-61236
-60564
-58566
-56457
-54448
-53041
-52079
-50303
-49579
-49662
-50580
-51930
-52177
-53452
-54597
-55608
-57796
-59247
-60766
-60774
-59082
-58147
-57033
-55509
-51649
-47903
-46402
-43255
-40107
-36489
-32174
-28041
-20791
-13372
-6837
-501
4117
10118
16823
22838
29376
35945
43480
51268
58571
65736
72576
79283
85046
90667
95447
98867
102045
103035
102680
101372
99177
97382
92784
86403
78554
67505
55521
40646
25488
12665
361
-7909
-14749
-22192
-28561
-34370
-36034
-35487
-35014
-33016
-29751
-24890
-20570
-15583
-9498
-3864
3066
10196
18888
28271
34736
40414
45883
50871
54591
55262
55167
54412
50827
46115
40347
33566
25413
13155
1466
-8157
-17362
-25008
-33490
-38532
-40185
-41479
-40476
-40191
-37710
-34218
-33228
-30512
-29007
-29636
-31290
-34384
-35940
-38181
-41292
-42473
-42904
-43380
-44259
-44941
-45811
-47791
-50807
-54628
-57513
-59977
-63016
-65304
-66201
-66450
-66469
-65187
-62713
-59571
-55293
-50490
-45510
-40212
-34996
-29690
-25396
-23509
-22249
-19749
-16473
-14466
-16122
-19467
-19298
-15911
-12522
-10119
-8193
-3854
2766
9240
15011
19048
21478
23670
25745
26211
24891
22339
18911
15994
12237
8223
6647
4860
1348
-2349
-6200
-9607
-13140
-17624
-20090
-20787
-21904
-21414
-19315
-15911
-11524
-7945
-3343
2464
7248
9601
9327
8512
8317
9633
10369
8535
7600
7203
6798
6734
4625
3066
1588
-1803
-4517
-7537
-10176
-10837
-10829
-9530
-6584
-2705
1443
5663
9991
13721
15674
16086
17175
18389
18065
16693
15193
13845
11110
7570
4398
554
-4039
-9841
-16123
-22474
-29445
-35438
-40242
-43652
-45363
-46118
-44688
-41709
-39335
-36634
-32569
-27570
-22527
-17901
-12539
-6558
-1738
1906
5859
10601
14653
17573
20575
23567
25721
26213
25937
26615
26968
25723
23618
21134
18890
17275
15239
11995
7604
3139
-95
-3094
-6477
-8447
-8541
-8668
-8626
-8243
-8744
-8091
-6515
-5040
-3079
-2219
-434
1949
2393
2842
2724
3063
4886
5808
6904
8703
11138
14013
15503
16114
16216
15413
13749
10568
5741
148
-5347
-11288
-17850
-24363
-30725
-36889
-43856
-51319
-57626
-63219
-68482
-73347
-77736
-80733
-82463
-83136
-81712
-78760
-74750
-69232
-63708
-58002
-51643
-45679
-39383
-33296
-28875
-25277
-21866
-18628
-15216
-12857
-11426
-9678
-8027
-7194
-8049
-8975
-9427
-10003
-10101
-11099
-11111
-9591
-8136
-4747
-1367
1772
6396
9682
12669
15046
13733
10434
7082
4418
273
-7206
-15682
-22639
-27568
-33146
-37298
-38668
-39734
-38550
-37939
-36327
-31236
-27755
-23476
-18602
-11918
-2269
3489
8760
15136
20852
26924
31286
36942
42882
47676
52827
56060
58681
61120
62226
60518
57810
56664
54427
50981
45305
39880
36848
31870
26251
22068
20555
21272
21493
23104
26197
29586
33303
36043
38315
40027
41319
43433
44986
46393
47440
46081
44039
42006
40063
38935
37293
34887
32114
29467
26711
23142
19252
14649
10359
6204
1083
-3636
-9482
-15330
-19909
-23645
-23709
-23135
-22987
-21720
-20680
-18405
-16894
-16372
-15114
-14729
-14873
-16197
-17981
-18702
-18964
-18474
-18463
-18902
-18888
-19736
-21737
-24909
-28688
-32547
-37871
-44379
-50673
-57383
-64543
-71579
-79115
-86477
-92794
-97534
-100158
-102115
-102886
-101320
-98449
-94737
-91825
-90107
-88663
-86999
-84614
-83423
-83709
-83994
-83742
-82532
-81482
-81497
-80736
-78244
-74835
-70287
-65501
-59604
-52377
-45735
-39178
-33687
-28168
-21682
-15474
-10143
-5486
-90
4170
8003
10269
10835
12530
12124
12370
13244
13094
14702
15679
17339
19382
20562
22073
22370
22185
21967
22450
24207
27100
30364
33117
37688
41897
47002
54194
58434
63202
65766
65343
65514
61050
57653
54113
47745
43488
37394
32574
27397
22142
20681
18180
17873
17303
16591
19246
21408
26057
31203
35295
41199
46189
48788
49954
49853
48970
48083
44305
39636
34489
25485
17147
8953
812
-6054
-13215
-17860
-22719
-28129
-31670
-33352
-32063
-31284
-30227
-27334
-23871
-18750
-13659
-7883
-1897
2361
6353
8099
6736
3421
-1722
-7555
-14837
-24548
-35119
-44143
-52665
-61766
-66901
-67160
-65357
-62300
-58832
-53255
-45927
-40132
-35386
-30725
-25415
-19524
-15323
-12724
-10391
-6874
-2135
1548
4213
6344
8531
10427
10103
9026
7528
4125
-772
-6263
-11723
-17892
-24645
-31472
-37680
-42273
-46599
-50446
-53274
-55139
-55675
-56204
-54304
-50968
-48899
-44639
-41088
-37328
-30699
-24737
-16234
-7758
-484
9351
18137
27471
37278
45189
53054
57659
58816
63467
70032
73643
78132
81097
83610
90100
92848
93916
93787
90184
87579
80606
71583
62650
50801
40395
29873
20226
11308
728
-7733
-16712
-25385
-32591
-41885
-49079
-56224
-64368
-69167
-73272
-75123
-75509
-76552
-74633
-71078
-67012
-62910
-60999
-58647
-54140
-50808
-49405
-49395
-50456
-49888
-49003
-49076
-48573
-48474
-46503
-41982
-37578
-31367
-23328
-13973
-3616
4809
12289
19419
25784
31599
35478
38089
39605
41438
44749
45458
43072
39316
35501
35011
34922
32312
28943
23935
18883
14903
9679
3810
-1396
-5919
-9158
-11002
-12768
-13903
-14790
-16418
-17392
-19288
-22181
-25440
-29784
-33686
-38556
-43172
-45453
-46681
-46780
-46846
-45536
-42795
-40165
-36514
-32579
-27369
-21782
-17955
-13866
-11130
-10838
-9409
-7467
-6737
-6241
-6238
-5834
-5035
-4483
-2329
-31
1177
1704
970
1078
278
-3885
-9441
-16215
-21896
-26062
-30120
-32216
-34943
-37983
-39866
-44153
-48854
-52888
-57930
-62606
-66333
-68855
-71259
-74543
-75101
-70732
-65489
-61392
-57253
-50865
-40692
-31140
-23098
-14310
-5999
2158
9652
16984
25462
32911
39703
46850
53589
59903
63666
65821
68091
69960
72860
74553
75762
77888
78109
77688
75747
72731
70258
66231
61275
55571
49714
44306
38259
31605
24465
17854
11596
4844
-2463
-9741
-15632
-21223
-26854
-31705
-36101
-39332
-41839
-44180
-46336
-49041
-51533
-52856
-53242
-53833
-54952
-55374
-54552
-52352
-49125
-45549
-41193
-36704
-33551
-30411
-26904
-23415
-18843
-15301
-13055
-10099
-7122
-4221
-3365
-5135
-5184
-3615
-1959
2268
8663
15884
22339
26878
31389
34527
36716
39018
39724
39878
39004
37648
36498
34411
32611
30279
27107
23892
20330
17280
14291
11231
8177
5287
2970
-112
-3599
-7060
-9607
-10467
-10792
-10613
-11567
-13156
-12743
-10194
-5438
-59
4483
9487
16108
22562
27107
30492
34297
40071
44565
45491
46009
46033
45555
44886
42762
40890
38376
37539
37384
33559
34970
34800
30986
31503
25088
22182
19836
11018
9041
127
-7891
-11271
-21488
-28313
-39233
-50938
-58729
-68563
-76401
-86179
-93284
-97613
-102275
-102026
-100747
-97728
-93936
-92753
-90614
-87592
-84637
-80311
-74793
-70280
-66312
-63560
-62372
-60526
-60995
-62920
-62653
-60947
-58654
-57488
-56759
-56074
-56372
-57370
-58892
-58642
-58609
-59936
-60471
-62938
-63792
-61146
-60800
-61401
-61044
-59730
-56900
-55042
-53980
-52493
-50846
-47816
-44737
-42166
-38838
-34961
-30520
-26548
-21824
-17046
-13612
-9623
-6217
-2055
2473
4009
5029
5685
4438
2262
-1931
-6112
-8030
-11439
-14867
-16698
-18544
-17139
-16045
-15781
-14753
-15142
-12471
-11282
-9718
-5628
-4594
-367
2325
4728
11047
13212
16969
21667
24583
29485
31521
33980
37603
38238
39759
40195
39274
38595
36549
34114
29971
25564
21002
13962
6579
-1078
-9218
-17039
-25076
-32840
-40311
-46789
-48790
-47255
-46305
-45022
-42548
-37806
-30381
-23932
-17459
-10027
-2891
5793
15378
25437
35940
44667
52237
60421
68990
76711
81428
82236
82416
82333
79168
74277
69502
67145
65227
60021
55280
51293
46897
42073
36564
33442
31093
28361
25463
22656
20981
18950
18344
17654
16983
18532
19709
22397
24805
26014
29155
31304
33265
35129
35437
37336
38550
38258
37938
35320
32274
27874
20881
14117
5839
-3030
-11121
-19365
-26572
-33233
-37892
-40763
-43984
-47040
-50721
-53838
-56423
-59896
-63109
-65718
-66415
-66378
-66618
-65406
-63474
-59782
-55216
-51546
-46847
-42132
-38195
-35486
-34576
-33019
-30585
-29131
-29587
-30584
-30940
-31183
-30743
-29650
-27742
-25256
-23852
-23243
-21999
-21063
-22130
-24378
-26459
-26919
-26291
-26309
-25611
-24653
-26050
-29992
-33996
-35965
-36837
-38324
-39880
-39118
-37113
-35851
-34866
-34208
-31312
-25204
-18588
-12883
-8788
-4750
-478
2133
2214
96
-1976
-4095
-7699
-13281
-20368
-26863
-33386
-40725
-47679
-53431
-57446
-60991
-64340
-66203
-66828
-66442
-65465
-64774
-63677
-61985
-61038
-60006
-59517
-61532
-63149
-64338
-67754
-71970
-76077
-79333
-81740
-84282
-84424
-80872
-75704
-69676
-62000
-51685
-39574
-27115
-15109
-3023
10844
24224
36941
49790
61441
73995
84548
92066
99155
102994
104743
106153
107566
108697
107183
104983
102661
100531
99344
97241
95931
94761
93475
93049
90727
88867
87666
85300
83035
80319
77882
74739
71824
69232
64410
59820
54538
48332
42473
35231
29140
23872
18950
16840
15868
15811
15306
14010
13886
12738
10885
8230
4889
3153
882
-2098
-5159
-8475
-9704
-9428
-8556
-7092
-5575
-2581
328
1087
1321
1172
2489
5602
6175
7032
10572
15669
21581
22304
22230
24757
23594
21562
19611
17321
14820
10806
6982
3335
1180
2429
4864
1221
-2060
4276
10822
14252
13942
13920
21053
24621
22182
18026
13978
14327
13748
10049
4474
-1629
-4786
-8957
-14453
-20086
-25673
-26272
-23118
-18739
-13900
-10435
-7070
-3738
-1858
-1969
-2488
-3258
-6528
-10113
-13508
-16703
-18688
-22158
-26617
-30927
-34643
-38255
-41754
-43463
-46298
-48983
-51515
-55444
-56365
-57003
-57153
-55595
-56230
-56312
-56263
-56172
-54561
-52576
-49845
-48299
-46699
-44147
-40634
-36534
-34538
-32686
-30102
-25488
-19277
-14355
-10434
-9237
-8846
-9647
-14112
-19199
-26444
-33025
-37058
-44183
-50415
-55513
-58029
-53917
-53771
-51001
-46093
-48543
-45752
-48240
-51207
-48054
-54538
-55499
-58411
-63900
-63139
-72672
-79354
-85782
-95599
-99716
-106672
-108284
-110361
-114940
-113204
-115266
-116094
-115006
-113657
-106836
-101135
-93856
-84160
-73783
-58876
-44906
-32984
-20804
-9237
3630
14811
23179
30245
32802
35104
38729
40987
44193
44559
44066
44217
42297
40466
35970
32660
30814
28505
28669
26216
25289
27085
27931
31234
33238
35902
41373
42148
40866
40851
38079
36388
34412
30099
29733
28000
27812
29506
25856
25107
19403
9301
3010
-6666
-14635
-23909
-33415
-40383
-49869
-57289
-63344
-64165
-64364
-65807
-61983
-59116
-54568
-50162
-46569
-40126
-35440
-29305
-23346
-19824
-15035
-10925
-7378
-2623
1244
3920
7012
8726
9020
8348
6853
5786
1870
-3761
-8865
-11370
-10579
-13136
-13940
-13449
-16095
-16036
-17484
-15838
-11914
-11936
-7374
-2505
3027
10074
12887
17287
21681
26331
32411
36266
41796
46870
50896
55786
58536
62737
65644
65021
66946
67960
67278
66471
63548
61523
58629
53106
47820
42419
38186
35711
33211
31570
32830
37971
45005
51802
57915
64319
72374
80260
87477
93940
98057
100342
101173
102178
102320
98948
93655
86950
81402
76975
70071
62223
53052
43901
36581
27955
18830
10882
4100
-1004
-5522
-10445
-15210
-19115
-21596
-22959
-25702
-29779
-32954
-35374
-37094
-38549
-39685
-39462
-37958
-35582
-33669
-31647
-27917
-22746
-17314
-13087
-9383
-5805
-2800
-864
-688
-872
-1806
-4663
-9106
-15218
-22696
-31678
-41612
-51594
-61840
-72157
-82139
-91223
-99155
-106697
-113589
-119435
-123479
-125112
-125987
-124857
-121156
-116023
-109695
-104454
-98752
-92582
-87510
-82647
-80348
-78693
-75944
-73732
-71654
-70810
-70108
-68922
-68632
-68992
-70020
-71396
-72564
-72905
-73175
-73199
-71766
-69875
-67887
-66380
-63916
-59799
-56360
-53113
-51898
-52246
-51436
-50753
-48742
-46322
-44449
-41671
-39278
-35586
-31849
-30081
-26850
-23227
-19835
-16790
-17080
-18032
-19137
-20984
-22045
-24536
-26207
-26202
-26930
-26454
-25265
-23534
-20818
-18534
-16568
-14492
-9632
-1528
6505
13852
22414
32873
41854
48450
53770
58207
64030
68940
72958
76488
76297
77206
79655
82126
85162
85467
88147
91484
91611
91791
89725
89184
89606
87790
85230
80306
76923
75557
76457
78612
78749
79520
79080
78641
78050
76093
74217
71303
69677
66709
63917
62397
58707
57003
54527
51662
51425
50296
50349
49497
46499
43507
37773
32036
25948
17507
10024
1803
-5288
-9975
-15638
-20491
-23729
-25774
-27027
-27746
-27467
-26315
-23816
-21150
-18382
-14242
-8708
-3331
930
7081
15333
23290
29122
30833
31128
31252
28858
25206
21355
16330
10855
4438
-2692
-7945
-14034
-21209
-28004
-35326
-38832
-40853
-44027
-46204
-49332
-52183
-55574
-60284
-64652
-68848
-72350
-77273
-83683
-90895
-99924
-109187
-119124
-128929
-136460
-143651
-149983
-154879
-159876
-163112
-164691
-166110
-165411
-162300
-158612
-153635
-146974
-138048
-125016
-109989
-93913
-77186
-62959
-50671
-39816
-31450
-23951
-17294
-12647
-9029
-7943
-8018
-6553
-6267
-6561
-7594
-8148
-7951
-8787
-7337
-6874
-4640
-610
263
4701
6398
6761
13782
19134
26228
34712
41949
52684
60002
64959
69460
74081
82692
87186
88042
86116
83713
89350
94803
98965
101637
98402
96394
94237
94020
96175
94487
93373
91973
92269
95112
94100
91900
89884
89215
89033
85883
82212
79364
76720
71879
65017
57386
49667
43663
36512
28785
21049
13302
9553
6760
2513
-3405
-9890
-13067
-15741
-19139
-22411
-25639
-26707
-27245
-27997
-28256
-28990
-28711
-27523
-26409
-25422
-26068
-28472
-32318
-36789
-40938
-44270
-47587
-52940
-58601
-64147
-69860
-74833
-80842
-87615
-94865
-101949
-107240
-111637
-115177
-118048
-119449
-118656
-117139
-114468
-111821
-109390
-106080
-103384
-100477
-97492
-94064
-89686
-86437
-83380
-81166
-79851
-78119
-77540
-77272
-77300
-77666
-77102
-76899
-77280
-77691
-77321
-76037
-74790
-73432
-72222
-70724
-68977
-67686
-66770
-66074
-64734
-62358
-58025
-51744
-43763
-33521
-23378
-13216
-477
13907
28461
43658
58646
73445
89027
103023
116219
128687
139746
149785
158521
167634
171912
173152
174521
173815
173780
168340
161715
158109
151471
146954
140420
131609
128255
123541
117966
114806
109536
106514
104501
100071
97560
93069
87707
83465
76214
68942
61613
53804
46597
38987
32496
26781
22662
20239
18235
16810
13090
7588
2281
-3251
-8826
-14942
-20245
-24949
-31383
-39955
-49394
-58599
-68526
-79257
-91018
-103406
-113995
-123232
-131583
-137014
-138841
-137683
-134419
-128577
-119575
-108867
-96709
-82678
-68307
-57694
-51070
-43713
-33433
-21433
-15589
-16902
-18427
-19667
-17673
-16955
-22319
-27555
-30879
-33194
-36579
-41124
-46078
-47403
-47304
-50063
-51746
-57595
-61800
-63071
-67350
-68236
-70814
-72627
-71423
-71556
-68145
-64305
-60893
-54357
-47361
-42645
-40652
-39681
-38360
-37131
-37435
-38851
-39260
-38394
-37410
-37781
-39778
-42383
-44664
-45829
-47357
-50393
-53100
-53786
-52661
-51017
-47688
-44084
-41326
-37030
-32732
-26520
-19983
-15021
-8241
-2934
2910
8171
10658
15069
19288
24215
28510
30806
33126
33248
34130
36684
39913
43519
45337
46920
48912
51262
54066
55833
57400
60823
64370
67043
70026
72520
75199
76387
75954
75833
74071
72362
70415
68177
66650
62127
56160
49081
40679
32083
20659
9438
-1878
-15384
-28079
-41059
-53587
-64880
-75675
-86973
-99539
-107279
-108426
-104977
-97556
-88404
-77591
-69313
-63496
-54740
-45576
-36582
-29175
-25792
-23324
-22539
-22437
-21573
-21072
-19560
-18150
-15845
-13349
-12526
-9537
-6332
-3122
3356
9974
17343
25091
31174
37794
42968
45745
47829
48721
49619
51915
54581
57106
59851
62191
64624
67168
68777
69527
69690
69253
67961
66761
63902
60742
58364
52551
49540
46024
37953
32522
24213
18263
13025
3674
665
-4456
-8998
-10717
-15732
-16070
-17937
-19572
-19712
-22951
-22879
-24557
-25479
-24709
-26914
-27484
-30327
-33497
-33175
-33761
-35611
-37933
-40685
-43474
-45375
-47625
-49698
-51679
-53257
-50286
-45296
-40013
-33477
-25410
-17793
-12940
-7764
-3767
60
2452
-39
-2197
-4757
-7104
-8897
-13774
-19516
-24698
-28097
-29705
-28984
-26601
-25422
-23117
-20703
-17674
-12439
-8911
-4576
126
2945
5997
7001
7737
8333
7228
6162
3169
461
-2662
-8010
-12642
-18576
-23483
-26338
-29864
-31895
-34352
-36974
-36880
-36305
-35914
-35490
-35954
-36722
-37283
-38562
-40289
-42107
-44328
-45433
-45172
-45560
-48663
-52347
-51656
-46337
-38100
-29971
-24554
-20005
-15323
-8913
-693
4966
7586
8688
9188
10361
10041
6813
2387
-2337
-7104
-11946
-17346
-23344
-28589
-32819
-37443
-41114
-43551
-45646
-45666
-44649
-42770
-38920
-34899
-31113
-28408
-26490
-24129
-22475
-20908
-18566
-15048
-9379
-1665
7771
18919
30774
41353
50818
58414
63471
69756
78237
85516
90250
92534
90804
90904
95592
98297
100371
98142
94950
93967
85527
79376
72556
60718
51771
38735
29760
22003
10839
5284
-3023
-8386
-13731
-23657
-26414
-31608
-36556
-40621
-49514
-51326
-52603
-54144
-53655
-57057
-55839
-52566
-50158
-47630
-48424
-47123
-45253
-44912
-45190
-47591
-46993
-44785
-44068
-43375
-43572
-40947
-35872
-31787
-27911
-24849
-21607
-18838
-17441
-16476
-15685
-13644
-11445
-9332
-7226
-5496
-2751
-22
2972
6184
9047
12700
16438
19201
19191
17506
16341
15995
17304
17585
17204
19057
20707
21515
21898
21396
21263
19766
15857
11602
7226
3224
-197
-4705
-9660
-13031
-15535
-17179
-17979
-20040
-21644
-23330
-27066
-30222
-33800
-38019
-41767
-46583
-51169
-55285
-60456
-66528
-72359
-77806
-83284
-88260
-94177
-100850
-105972
-110209
-113392
-114616
-114370
-111437
-106067
-99210
-89583
-77411
-63258
-48156
-33000
-18655
-6120
5757
16185
25293
32785
37569
41006
42161
42276
41710
40027
38917
37290
36978
37423
37305
38743
39692
41894
46384
50441
55318
59536
63013
67072
69145
70427
71564
70815
69959
68222
64376
60662
55668
50662
47035
40150
34699
31467
26142
23558
20334
18199
18840
17412
20428
23675
26247
30585
31733
33983
33510
34813
41290
44517
45773
40095
36520
40275
40007
39827
38362
37649
38652
35282
33143
30955
28471
24307
16725
11343
4103
-4187
-12105
-20751
-26826
-34221
-41393
-46595
-52653
-58145
-64254
-70144
-75798
-82252
-87911
-93549
-98268
-102126
-105073
-107089
-109247
-109912
-110901
-111668
-111224
-111030
-107918
-102938
-97729
-92279
-89127
-85051
-79525
-75378
-71260
-70275
-69432
-68374
-70594
-71080
-74565
-75775
-74133
-75421
-70862
-67025
-62098
-56035
-54794
-50144
-46312
-42726
-37477
-35362
-31786
-27892
-24903
-21028
-20882
-19492
-16988
-14774
-7308
-4536
-3377
-1370
-1493
3748
5899
4820
4270
2464
4691
8911
13152
16117
18073
23233
30539
38242
44885
49079
54471
63063
71442
79015
85345
92534
102764
110602
115757
116718
118037
121793
117708
113895
106092
95185
91498
81875
76488
72072
62862
62045
57654
56063
58115
56800
61107
62189
60783
59126
55551
54258
50665
47621
44567
41879
42346
39310
36885
35202
32757
33058
30501
28122
28323
29614
33781
35855
37454
40018
41390
43006
41418
38756
37071
33257
28977
22489
14172
7267
-372
-8470
-16334
-25239
-34628
-44819
-55023
-64035
-73483
-82760
-90912
-97506
-101471
-104709
-106777
-106511
-104780
-101677
-98153
-94212
-90104
-86030
-82101
-80176
-79709
-79209
-79493
-81538
-84638
-88341
-92370
-96042
-100542
-105198
-109134
-112683
-114602
-116709
-118615
-116922
-112394
-106926
-100748
-92175
-80700
-67377
-55474
-44598
-32458
-23133
-15306
-11130
-9794
-7893
-9141
-9280
-12508
-13579
-13022
-18064
-17262
-20053
-22605
-21656
-25420
-23549
-23197
-24833
-24324
-23772
-20727
-20766
-21843
-22950
-23589
-22236
-23024
-22054
-19577
-16786
-12625
-10619
-8641
-5794
-3068
-2783
-3592
-1970
-2051
1069
5587
8253
13845
14554
15738
18035
16609
18592
17910
18225
20516
20538
23469
25115
27061
27900
30004
37171
40372
43483
46030
47164
50623
51375
53062
52704
47744
45453
43834
42687
40984
36595
32900
27921
20914
14107
7060
2437
614
-1474
-3783
-7251
-10660
-11247
-10325
-8055
-4980
-2117
1510
4648
6792
9249
10559
9362
5752
-114
-5024
-8721
-15270
-24234
-35442
-46787
-55685
-66526
-77523
-87400
-97691
-104363
-109983
-114590
-116259
-115606
-108328
-97437
-85314
-72356
-62898
-55559
-50262
-46554
-44966
-46727
-47168
-47134
-47739
-48288
-48733
-45249
-38196
-29882
-21805
-13816
-4063
7856
21235
34244
47621
60567
73457
86136
95404
103889
109837
112235
115611
119196
120286
120349
122993
124009
123129
120817
115942
114740
110927
104963
99767
88463
78445
68724
58578
53117
46700
41512
37666
34261
33663
32332
30867
30217
30478
31304
30501
28464
24910
19956
14731
9861
6473
4122
1680
-325
-2681
-5676
-7932
-10679
-13442
-15087
-15441
-13640
-13091
-15452
-19449
-23610
-25575
-28253
-31049
-31984
-33428
-33019
-32085
-30526
-26724
-25402
-23338
-19102
-14444
-7846
-3053
1585
6957
9865
11169
8877
4940
1435
-2567
-5807
-11946
-20097
-26835
-33041
-38215
-47084
-58982
-67601
-75380
-82800
-90046
-97905
-101955
-102872
-102201
-98538
-93032
-86477
-78016
-67725
-59046
-51628
-42794
-34266
-23556
-12717
-6794
-1155
2190
4674
11103
14813
18481
20682
18678
19545
18947
18652
19978
18510
18223
17419
17697
18488
15176
13662
15626
19200
20351
15630
10651
7256
4577
1315
-4012
-8899
-14190
-19124
-22847
-27498
-31634
-36622
-42138
-45601
-47907
-46913
-43053
-38171
-31830
-25766
-19807
-15059
-12706
-11503
-12056
-13314
-14437
-17343
-21834
-22527
-17383
-15108
-20894
-30416
-38107
-39237
-36789
-36941
-42453
-51585
-56320
-56633
-53763
-50910
-51929
-50313
-50757
-53444
-57170
-64927
-67481
-69248
-72476
-74229
-76693
-75535
-73499
-70658
-66241
-62459
-56241
-50231
-45512
-41001
-36874
-31955
-29218
-26925
-23720
-22300
-20317
-18626
-17184
-16026
-17170
-15812
-12727
-11710
-13257
-17388
-17590
-10491
-1123
5754
10129
14352
19845
26475
33223
41574
50932
58301
62141
62697
63176
64386
64401
61483
55301
47705
40406
34741
30144
24949
18564
11685
6436
3535
1939
684
-327
-130
1516
3195
5233
8696
13808
20372
25121
31483
40474
47241
55501
62175
68438
76092
78387
81227
83106
82265
81964
78488
75842
74701
74041
73264
70324
67023
62372
58417
53657
46753
40718
32754
24429
16577
7790
71
-7194
-12615
-15232
-17224
-20085
-23351
-25608
-27354
-28227
-27034
-23279
-19449
-16954
-11988
-5496
-1153
-563
687
7484
13188
16465
19439
22506
28231
31316
32518
34007
33707
35693
37630
38362
40480
42006
44854
49329
53343
56548
57033
55891
54712
52130
47737
40922
33209
26748
19432
10363
428
-9600
-19246
-29356
-39257
-48689
-57297
-64146
-70305
-74772
-77122
-79292
-80803
-80410
-77963
-74547
-71079
-67270
-63434
-60465
-58650
-56269
-52937
-50507
-47877
-46258
-47080
-48024
-50223
-53407
-57509
-63616
-70559
-79091
-87794
-95781
-102463
-106884
-111111
-114483
-116852
-118860
-120247
-121575
-122107
-122539
-123243
-123536
-123463
-122614
-121209
-119251
-116884
-113826
-108945
-103145
-97413
-91651
-86296
-80457
-74548
-68047
-59359
-52501
-46409
-39666
-35070
-29733
-24577
-20583
-16507
-13471
-10314
-7028
-3813
199
4972
9551
12063
13059
15597
18589
21436
26006
29856
32641
34333
34021
34360
35250
35304
34639
32999
30578
28330
26117
22289
17172
12379
9073
8883
11107
12380
12530
13998
17671
23852
29903
33646
37393
41261
45210
48954
50394
51533
52512
52866
54146
54219
54174
54778
54255
54265
52793
49632
47430
44854
43204
42142
40247
39170
37389
35585
35629
36954
40643
44674
47520
50288
51839
54263
59880
65980
70386
73116
73941
73491
71748
66476
59964
54139
45793
36488
27155
16944
9093
2150
-4046
-7642
-11577
-15324
-19163
-23419
-25424
-25300
-23882
-23724
-24417
-24322
-24364
-22748
-20782
-19769
-18382
-17602
-16256
-13471
-10931
-9024
-6854
-4530
-2607
-310
1911
5284
10792
15176
18953
23827
29589
34975
36475
35194
32858
29359
25370
18614
10824
4421
-2087
-7922
-15210
-24310
-32644
-41166
-47600
-52259
-59666
-68810
-79325
-88334
-88247
-80233
-70871
-67427
-68740
-66536
-61895
-55523
-50890
-50838
-50004
-49443
-46947
-42795
-41794
-40328
-38939
-36417
-30316
-25671
-21879
-16622
-11135
-4345
2771
8567
14868
20748
24213
26502
27546
27113
25945
22741
17802
12240
6446
2393
-1469
-5852
-9367
-13533
-17184
-20437
-23631
-25841
-28827
-30771
-31227
-31113
-29619
-29272
-29650
-27933
-24420
-19499
-14062
-9432
-4263
1223
4729
7145
8753
7568
6098
6114
4339
3195
1731
-1609
-3149
-7726
-11730
-13699
-18080
-19224
-21323
-23983
-26136
-31331
-34169
-38295
-42634
-45371
-49205
-50123
-51658
-53675
-55223
-58246
-59176
-60165
-61805
-63151
-65044
-64995
-64714
-64924
-65446
-67427
-68173
-68867
-69334
-68346
-66332
-60914
-55495
-51101
-46532
-42093
-35179
-29450
-25652
-21172
-17158
-11486
-5873
-2500
903
2791
4703
9710
15272
21300
27350
31923
37047
41605
45568
50793
55001
57512
58713
59324
60040
59247
58122
58014
58772
60862
61647
62541
68061
70621
69175
70741
68917
68772
70914
67286
67796
64716
59709
60661
53780
48647
45472
40840
39983
32467
26793
23391
18550
17227
13246
12276
12278
11437
12482
11298
12789
12466
10565
10104
7752
7009
4362
409
-3934
-10303
-15482
-20785
-25620
-30740
-35854
-39572
-42846
-44601
-46063
-45774
-45044
-46258
-45662
-44544
-43436
-41642
-41916
-42231
-42788
-45424
-47619
-50761
-55529
-60128
-65172
-68920
-71104
-73038
-74149
-73928
-70429
-65486
-60046
-52849
-46989
-41640
-37015
-33526
-28837
-24846
-21927
-20670
-19640
-17604
-16089
-14226
-13530
-11962
-9420
-8163
-5898
-4742
-3694
-1490
-485
1211
3337
5006
6674
8253
10607
12897
14082
14848
15918
17047
17820
18075
17655
17624
18481
19352
19806
19487
19592
21079
21817
21327
20035
18847
18142
14118
8362
1544
-5155
-9052
-19140
-28500
-32330
-37168
-38061
-44330
-51269
-52401
-54156
-50064
-50466
-52718
-49360
-46132
-37961
-32637
-28948
-23104
-18347
-8813
-2279
2593
10612
16917
25684
32068
35768
41436
46030
51769
54896
54973
55475
56292
60739
63379
62904
64262
65923
69072
71216
70108
69199
66909
64598
63985
61091
57786
55118
53000
52560
49955
47206
44513
39872
35759
29000
21966
15581
7067
1360
-3259
-7161
-8890
-12312
-14986
-16591
-19250
-22003
-25413
-29087
-33143
-39199
-49607
-60956
-65890
-66282
-65713
-65469
-65068
-62163
-59687
-58410
-58229
-60121
-61963
-64846
-68025
-71126
-75409
-79592
-85619
-90941
-95079
-99581
-103821
-111475
-115858
-116477
-117724
-117188
-119239
-118286
-113739
-111390
-106676
-102002
-96143
-87544
-80609
-74026
-68151
-63412
-59336
-56263
-54503
-53018
-50903
-49073
-44949
-40794
-37634
-33452
-28959
-21794
-15181
-8973
-3162
1174
9143
14839
20185
26411
29643
36417
40658
45811
51516
52952
58750
60512
62944
65975
63645
65105
62964
60091
58580
54193
52134
49694
47999
47680
47264
46993
45532
45896
47154
49851
53742
53663
56557
60353
59573
61245
59943
59541
60830
56535
56055
52196
45532
41900
35094
32854
30609
27072
25825
22818
23208
22074
19410
19185
18221
20540
22789
23145
25054
26175
29381
34262
36082
37837
40312
42195
42940
40321
38712
39536
39467
38628
34496
29999
27335
24113
22453
20075
18052
17352
16115
16173
14212
12283
10304
6071
3723
-189
-3828
-5348
-8305
-10848
-15652
-20908
-23272
-26086
-29214
-33681
-38616
-42766
-48157
-52161
-55576
-58923
-59174
-59832
-61365
-61976
-62616
-62760
-64046
-65519
-65544
-66586
-69929
-75627
-81429
-85843
-89554
-92686
-95567
-95770
-92735
-90038
-88640
-88812
-90299
-91087
-92415
-95246
-98791
-103417
-106786
-108514
-109729
-110132
-111124
-111364
-109977
-106994
-102368
-97973
-93148
-87933
-82338
-76121
-70917
-66260
-61787
-57451
-53547
-50785
-48293
-46500
-45768
-44720
-44748
-44835
-42671
-40307
-34478
-29139
-23745
-14214
-9667
-723
9102
17696
33327
41777
52744
64312
70849
84085
94072
102820
111710
117044
123198
126993
129595
133318
136922
139135
139819
140560
141547
143027
143897
143569
142070
138345
133949
126546
118090
111382
98785
90294
86674
77877
76080
71893
67171
69375
62086
59787
58121
51864
51950
42393
35059
29477
16738
10399
694
-9096
-18841
-32582
-39074
-46890
-54977
-59223
-62031
-59172
-58324
-58988
-56502
-52154
-45885
-43597
-42810
-40203
-38098
-36189
-36491
-35879
-33278
-31652
-30313
-29514
-26938
-24605
-25016
-25229
-27176
-28415
-29160
-34035
-39082
-45731
-52422
-56803
-64659
-72662
-80467
-88487
-93041
-97611
-102047
-106516
-111407
-113819
-115081
-115507
-115246
-114640
-112719
-109394
-104140
-97954
-91624
-83775
-75305
-67663
-60867
-56388
-52006
-49414
-48217
-45541
-44046
-39684
-39239
-36720
-31918
-33038
-26070
-27345
-27822
-21425
-24837
-18795
-16412
-16300
-7446
-3748
4447
13139
19730
30862
40649
50285
59106
64246
68192
70601
71140
71425
69333
66419
64262
60080
57285
54686
50825
48772
46323
45211
44441
42507
42992
43762
44009
45169
47034
49210
51243
54198
57684
60262
62061
63271
63150
62218
61108
59989
58792
56175
54395
54126
52976
52118
50872
49252
49122
48216
47101
47135
44660
42064
42020
42388
43254
40587
36583
34901
31072
25988
17745
8006
647
-7724
-14874
-23644
-34794
-42442
-49202
-56168
-64698
-74964
-83498
-91152
-97718
-104208
-109918
-112209
-112793
-111619
-110537
-110042
-105902
-98776
-89630
-79505
-71036
-62189
-51293
-39567
-28789
-21029
-15516
-10115
-5611
-3745
-3984
-5294
-7957
-13192
-20951
-30435
-40170
-47298
-54014
-61723
-68652
-74866
-77753
-79234
-80898
-80101
-77713
-73020
-66809
-60127
-53233
-45832
-36069
-26134
-17887
-12836
-8839
-2580
4231
10577
14748
17868
22552
28185
32455
34278
35088
34432
34119
35085
35592
35758
35016
33611
32070
30014
27147
26244
27281
28491
31707
33864
36644
41018
43216
46330
44396
39846
44404
49638
50530
48069
43807
44635
45658
45452
47070
47330
48038
47464
45171
44036
42565
41835
40736
40529
43016
44760
45636
44163
41233
39154
36196
33699
31703
29217
26190
22134
17612
12320
6650
775
-5133
-11930
-20660
-30004
-39607
-44989
-45624
-48480
-54408
-62812
-71149
-77497
-83870
-88005
-91686
-96881
-101654
-106738
-109643
-110608
-112270
-113137
-113937
-114125
-113424
-113522
-112487
-110818
-108957
-106667
-104666
-100650
-95837
-91155
-84897
-77689
-70151
-62402
-56414
-50952
-44800
-41413
-38217
-37710
-37573
-33472
-31862
-28092
-25894
-25770
-22290
-22282
-22978
-24736
-28785
-32757
-37980
-43489
-48803
-52316
-55124
-57234
-57084
-54846
-50446
-45739
-39625
-31439
-21628
-10343
298
10920
21154
30810
40102
48252
56364
62486
69717
79419
86471
93746
98196
99549
102686
102703
103967
105783
103876
103212
100008
97107
95018
89871
87340
82307
75276
69329
60456
54045
47654
42649
41933
38945
37686
35807
33548
34942
34310
35354
35907
35399
38484
38857
40203
42315
42105
44875
45865
46299
47558
46437
47254
47113
46753
48377
48427
49119
48889
49602
52554
51084
47393
42541
35863
28879
19284
11219
5882
-68
-6398
-14586
-22924
-31752
-41996
-53149
-66091
-76693
-84941
-91139
-95538
-98546
-94664
-87853
-84136
-83725
-83546
-78867
-72893
-68814
-66740
-65261
-62800
-60958
-59593
-57973
-53822
-48638
-46220
-44987
-45240
-45902
-46885
-49095
-50347
-51745
-52405
-52374
-51658
-48894
-47549
-46639
-45342
-44310
-41389
-39054
-35895
-30580
-26654
-22522
-19124
-17745
-16152
-15506
-16741
-19208
-21459
-22919
-25178
-29308
-34553
-38916
-41930
-44802
-49257
-54719
-58322
-60042
-60264
-59681
-59997
-59614
-59006
-58844
-56756
-54077
-51039
-47414
-43734
-38372
-32735
-26625
-20163
-13444
-4472
3762
11400
19105
26991
36701
44123
48873
52474
55620
59347
61222
62226
62145
61103
60450
57581
54601
51503
46854
42132
35242
28816
23282
16672
12018
7992
5853
5540
5159
8517
14174
21905
31075
39120
47157
52659
55779
57000
56251
54036
49946
45123
37075
28403
19881
10815
4686
-3815
-13316
-21470
-29713
-31868
-31920
-32434
-30272
-27356
-20162
-12923
-9354
-4840
-1715
2437
6528
8244
11912
13477
13531
12412
7214
2348
-2944
-8893
-14529
-21273
-26665
-30906
-35127
-38696
-41582
-43503
-45707
-47972
-49028
-49461
-49202
-49514
-49925
-50256
-50939
-49394
-50018
-50489
-48464
-48332
-43804
-39697
-37449
-31664
-27760
-21425
-14531
-11432
-7753
-5926
-4378
-2059
-3024
-5722
-9483
-13368
-15691
-20068
-26037
-31598
-35786
-35733
-34997
-34750
-33917
-34040
-32130
-29593
-28040
-25142
-22653
-19527
-15226
-11729
-7234
-2316
1910
5829
9082
12883
16654
19622
20935
21172
23189
24659
26926
32628
38446
42738
44382
46116
49664
53918
57776
57952
56786
55166
53891
53601
50919
48446
45546
41489
39019
37973
38215
36862
33952
31113
28138
25108
21012
17379
13550
8868
4141
-2479
-9558
-16341
-22373
-26751
-31091
-33947
-35106
-35185
-33934
-31900
-27507
-22015
-15595
-7004
1804
11480
21030
29771
38653
44883
49145
52695
54452
55960
56943
57037
57502
56156
52501
49146
46313
42945
38523
30729
20684
15388
11434
3941
-5758
-18339
-29574
-42540
-57154
-66686
-73983
-78536
-84735
-93473
-100113
-106114
-107005
-106426
-105410
-100393
-97366
-93867
-90147
-86645
-78615
-69729
-61187
-54361
-49747
-44162
-38135
-32408
-29505
-29077
-28983
-29472
-30299
-31813
-34221
-38001
-41886
-45460
-47096
-47006
-49589
-52832
-54786
-54074
-53549
-58392
-60621
-55732
-48214
-43530
-42374
-37241
-28861
-18907
-8897
-1743
7993
18434
27940
36991
43661
51040
56868
60363
62097
60954
58660
55280
54272
53475
48706
43655
36333
30166
26474
17348
9709
4056
-2151
-4782
-11121
-16052
-15166
-15256
-16947
-18478
-13101
-6875
-2468
3512
5886
10175
10868
9291
12294
12188
13862
12624
6641
2843
-1638
-3336
-4242
-6472
-9169
-11726
-10381
-9347
-9589
-9646
-9441
-5954
-1401
3021
8772
15905
23563
28565
30570
32542
35761
39461
42693
44016
43327
40853
36581
32981
31612
30066
24294
19886
18292
14314
13530
12211
11057
11916
7839
7561
6089
1925
1260
-3608
-5939
-9435
-15911
-19367
-26079
-28759
-31832
-38936
-42078
-46590
-47700
-46007
-46017
-42680
-39343
-34515
-28557
-25349
-21980
-20182
-19595
-19280
-20950
-23499
-27903
-33537
-38820
-44077
-48833
-52711
-55319
-57427
-60633
-65855
-71731
-76275
-80248
-83438
-85078
-85962
-85866
-85081
-84919
-83944
-81659
-78636
-73089
-67344
-59834
-48466
-37733
-26558
-15128
-3108
9084
19178
28044
36025
45813
52896
57998
61849
62909
66183
64975
62190
59876
55805
54238
49838
46259
43693
40453
40621
38913
37438
37413
37271
39153
39440
40088
42910
44768
47171
49070
49954
53874
58840
61742
64226
62110
57623
55440
49733
44811
38650
30562
28329
24323
21514
19210
14938
15324
13366
11461
8595
3754
1849
-4297
-10561
-17496
-24771
-26515
-30438
-34127
-37124
-41893
-44529
-48346
-52422
-54448
-56187
-57579
-58412
-59356
-58725
-56101
-54906
-53734
-52882
-52870
-51853
-52207
-52271
-52279
-53681
-53376
-53239
-53130
-50822
-50027
-50512
-51101
-53178
-53417
-53254
-54286
-54293
-55008
-55023
-54031
-52241
-49742
-48807
-47228
-46069
-44843
-42287
-40793
-37609
-34475
-32161
-28712
-27435
-27076
-27163
-28791
-30155
-31724
-33876
-35074
-34798
-33572
-31334
-29031
-26699
-23591
-20458
-18719
-18482
-18033
-17133
-15466
-15160
-16834
-17240
-17206
-15219
-11133
-7845
-3493
1803
7365
13588
18558
22825
27694
32790
38976
45015
50320
55900
60772
66742
72131
75772
80669
84813
89257
94109
98390
102884
104916
106462
107028
105443
103305
99756
96479
90913
82793
74033
62235
50334
39041
28110
18756
9079
168
-8720
-18156
-26269
-34731
-44089
-54753
-67072
-78193
-87542
-94168
-96926
-98926
-98439
-93380
-86522
-79032
-73799
-68682
-60648
-53085
-45517
-39118
-35129
-30962
-26019
-20927
-17039
-13752
-9951
-3593
4349
9079
11517
13710
16917
21334
24098
25318
26757
28806
30486
30642
29563
28085
27736
25857
21835
20050
17889
15348
12306
7443
5353
3900
2241
-289
-3640
-4776
-7851
-11488
-13897
-18434
-22969
-26283
-30415
-31260
-32181
-36869
-37541
-40703
-42605
-40616
-47394
-49490
-43741
-39272
-35496
-35325
-32692
-26709
-22578
-19083
-12626
-1343
9925
18873
23283
23496
25244
28772
33238
35395
32883
28065
21986
16451
11814
7911
4097
-1409
-7055
-11407
-14946
-18403
-22861
-28122
-32669
-36895
-41291
-44634
-47381
-49963
-51518
-51555
-49612
-46836
-44679
-42362
-39151
-35484
-31488
-27394
-22877
-17093
-12652
-10358
-9627
-9974
-7710
-6624
-8511
-11926
-16425
-17223
-20074
-23688
-25423
-30668
-31756
-31617
-31271
-28766
-30803
-28154
-23383
-19568
-12601
-9914
-4376
3034
8554
15843
17552
19952
23928
25824
30020
30958
32172
35966
39112
42988
44011
43762
43369
41373
38229
31689
22536
12497
2437
-7336
-16873
-24368
-28285
-30339
-32562
-33646
-34206
-33296
-29392
-23937
-17619
-12999
-8198
-1609
4795
11926
17267
21618
27061
29862
30175
27848
23564
22829
22625
19791
16804
10634
5648
4122
-2808
-12023
-20344
-27472
-30315
-35019
-39787
-41548
-44002
-43809
-43191
-41977
-37145
-32160
-24366
-15330
-7144
2509
10516
18066
24402
27272
29633
29587
26171
21256
15068
9640
5566
2207
606
-1025
-4360
-8774
-13812
-17561
-22509
-31222
-40725
-50538
-59846
-68402
-77789
-85603
-92521
-100330
-106303
-111181
-114470
-113753
-111632
-107207
-101824
-99523
-95809
-90802
-85598
-77965
-73104
-69605
-64386
-60688
-53496
-45006
-39150
-30122
-24375
-20587
-16175
-17744
-15811
-12241
-10831
-7287
-6560
-3130
3148
8946
15600
19947
27491
34417
37129
41621
44668
49049
53345
54468
58409
61601
64082
66262
62589
58290
56813
55316
53045
48900
44533
40930
37173
33743
29395
24237
19665
13248
3992
-4409
-14045
-24404
-31783
-37992
-40321
-46582
-58458
-61253
-53755
-38219
-22038
-6904
12322
28622
42532
53173
62193
75668
88228
98771
104217
106906
113207
117739
118788
116454
113110
112456
112292
108424
98920
87968
76487
63119
48085
32553
20881
11982
2412
-10340
-23016
-32905
-46094
-56379
-61084
-64443
-67420
-76759
-83531
-86863
-94239
-99867
-108338
-115603
-119162
-124817
-128745
-134475
-139657
-144613
-151622
-151195
-144638
-131696
-115053
-100085
-81043
-62727
-49216
-40498
-37903
-35198
-31189
-29752
-32236
-34901
-36996
-40830
-43434
-46046
-47664
-45796
-45247
-44889
-44300
-46708
-46306
-45401
-47195
-47282
-49724
-48998
-42322
-35024
-25242
-17244
-9993
-1848
5425
12022
14462
15759
17278
19462
24792
29345
33388
39089
45185
51845
57807
62778
68064
73834
79007
80459
79492
77786
76833
78911
79915
81102
84803
89158
92459
93534
94621
90464
86407
85066
78624
76395
70199
61747
58435
47245
41613
38045
33286
36571
34597
35299
37703
37993
42369
43638
49126
56087
63055
73536
78660
83537
86359
86822
89380
88651
86804
83131
76621
70152
63189
55137
48374
42393
33840
26041
16550
6566
-3022
-17498
-30433
-44299
-58417
-71255
-87762
-99949
-108479
-111446
-113772
-126934
-141458
-152618
-157054
-153591
-144626
-134160
-130345
-126362
-117260
-104764
-95494
-91501
-83116
-74204
-67718
-61839
-59241
-55824
-51306
-49637
-48502
-50068
-52973
-51704
-52054
-52045
-52408
-55646
-53285
-51713
-51241
-46664
-43125
-37118
-30325
-26053
-20756
-17747
-14835
-8036
-1857
4673
13096
22593
34601
45713
52485
58008
63631
68165
71234
68988
64592
61713
56903
51996
45528
39346
37204
34870
34311
35125
36421
41489
47812
55065
63325
70824
76259
79277
81360
82505
83736
85525
85552
85164
85148
75448
62546
60738
61302
62733
59802
50650
45776
37042
29106
23961
16177
12449
8263
5908
4251
-211
-3076
-10225
-15605
-19114
-31318
-34865
-23403
-16432
-18483
-29173
-40520
-40488
-41127
-48351
-59305
-76785
-90761
-100367
-112714
-122427
-131223
-142422
-151895
-159809
-166045
-172117
-179550
-183664
-184480
-183333
-182028
-178770
-169124
-161595
-154527
-143018
-129977
-112257
-98099
-86692
-73556
-63750
-51320
-42707
-37920
-31056
-28403
-24845
-24681
-27786
-27215
-28114
-28074
-29011
-30743
-30654
-32673
-34137
-35413
-34934
-28328
-22462
-17864
-12639
-12119
-5302
1959
4440
12977
11012
9625
9351
5190
17534
24415
28598
32011
24673
23874
21025
19982
21771
17109
15502
13656
13834
18403
21491
27095
33398
39248
47676
56135
65124
74604
82975
91046
97718
101870
103223
100593
95496
90044
86372
85386
83660
85470
88115
87486
85587
74209
68624
68395
62192
62860
54219
45960
42712
29401
28274
24181
16582
15059
5270
2211
-3329
-10784
-13474
-20373
-20922
-24598
-26605
-23988
-26051
-21877
-20937
-19215
-13362
-12127
-6787
-4344
-1692
4109
6829
13300
18245
22041
27057
29503
33082
36107
37955
39475
39040
38337
37288
33658
28573
22608
14824
6883
-2136
-11688
-21102
-32166
-43228
-55673
-68714
-80005
-88949
-93522
-97302
-100239
-100998
-101144
-99399
-97560
-93991
-88476
-83591
-76857
-69352
-62288
-55928
-50253
-43104
-36036
-29243
-21629
-14591
-8576
-4920
-3731
-3278
-4071
-6533
-11576
-18677
-25330
-32180
-37539
-39892
-41764
-41681
-41312
-41993
-39727
-36958
-32119
-25417
-21464
-14884
-7778
-2331
3873
7165
10699
14099
15594
18110
19632
20160
18098
15195
13651
10550
8747
5877
1928
-212
-4192
-6662
-8195
-11240
-12737
-14304
-15992
-17116
-18961
-22069
-25113
-27259
-31091
-34692
-37357
-41534
-45540
-50188
-54586
-55792
-57063
-62856
-71710
-77750
-78750
-76225
-71674
-66555
-61022
-55009
-47804
-39320
-34645
-34425
-34528
-35090
-33906
-32181
-32612
-32431
-32273
-29920
-24898
-23321
-23742
-23612
-22860
-19797
-17784
-16675
-12846
-9997
-10126
-11108
-15265
-15574
189
19290
27396
25336
20729
23798
30845
40320
46358
43907
40953
37715
37886
34469
24718
20126
18223
19275
18636
16362
20752
29466
38566
42036
42951
42020
40057
43553
45167
45195
47003
49668
55632
59772
62403
67953
74739
81630
87255
91055
93085
93437
92902
91355
91604
94150
89375
79900
79999
78110
69564
64650
55769
51517
48588
37464
31833
22430
12984
9390
1563
-3482
-9732
-16938
-21541
-24215
-21807
-22591
-23687
-24683
-28592
-27678
-28304
-29905
-29013
-31208
-30523
-27407
-24239
-18697
-15208
-11559
-7227
-3470
3470
8835
10212
9080
5102
-495
-8558
-14444
-16255
-18277
-19960
-20668
-19277
-17247
-15828
-13122
-11210
-10172
-8053
-4383
-328
3815
9369
15218
21494
26864
31101
37318
43617
48908
53291
55054
56297
54015
46918
41609
33445
21321
7931
-7868
-19570
-30085
-39655
-45653
-51794
-54332
-55023
-54489
-52970
-53432
-52584
-51975
-51981
-52429
-54835
-56638
-58434
-61748
-65326
-68832
-75412
-85334
-94685
-102647
-108303
-114479
-124677
-134034
-142550
-150820
-156123
-162090
-166263
-166058
-165767
-164728
-162084
-157213
-149036
-140011
-131084
-121085
-108415
-93633
-77762
-63168
-55295
-47195
-35545
-22955
-5826
8140
20767
30163
32769
38223
37677
35124
32472
24310
21408
18088
16388
14488
8458
10431
7970
7234
14077
11819
12921
10522
6082
9563
4168
4211
4355
931
7230
6340
9117
13267
12454
21316
25124
29221
37127
41042
50303
54675
57451
67609
76256
85090
91310
93478
96305
97271
96904
95911
91105
84547
78473
71825
67361
63418
57839
53152
48348
43658
38987
31272
22216
17359
15086
10609
4782
-1455
-5039
-3164
1
3108
4994
2971
1121
-1627
-7469
-14094
-23015
-31352
-38129
-46002
-51907
-55606
-58494
-60083
-60345
-57628
-51142
-42736
-36026
-33136
-31155
-26475
-21085
-18765
-19175
-19496
-18776
-20266
-26319
-32121
-34206
-36514
-39343
-45395
-53800
-56888
-60237
-63748
-66981
-73933
-78225
-83248
-89365
-93225
-97904
-99543
-99337
-98696
-95751
-92507
-87320
-80878
-74093
-66681
-59289
-49297
-39983
-34013
-28357
-24854
-19470
-10479
-6121
1212
11216
14761
20005
22558
25850
34132
37157
46183
56204
62684
72520
75754
80577
86791
90739
96651
96833
97277
97155
96366
100390
101264
101671
102908
103748
106595
105633
104729
106250
104802
105606
105265
102752
103343
100182
96359
93056
87618
82712
73851
64375
55990
46545
38722
30100
22445
18273
17427
20587
24472
27735
30120
29904
26806
22370
20847
20598
17090
10306
-663
-9089
-8956
-3539
1910
-804
-8166
-10908
-8336
-3604
-2376
-4067
-3855
-594
3328
4113
4842
8320
10601
11692
10424
6383
3480
-1745
-8710
-15533
-24372
-30412
-35795
-43519
-49445
-54215
-58997
-62316
-63798
-65052
-65844
-68352
-72352
-74929
-77753
-78748
-78728
-78906
-77648
-76221
-74990
-75482
-77503
-80860
-85522
-91056
-98482
-106788
-117016
-128624
-139459
-149596
-158205
-166756
-173754
-177763
-182425
-185713
-186866
-187003
-183929
-180607
-176449
-169003
-160786
-150505
-139849
-130259
-117947
-104726
-92517
-83577
-78840
-72296
-63794
-54514
-44977
-38109
-32846
-29711
-24632
-19129
-21418
-25569
-28566
-27145
-19350
-13966
-9721
-6225
-3715
1461
7505
13946
20050
26556
31896
36359
43281
48520
53105
58920
64085
69591
73690
76487
79016
80199
80190
79936
79617
79733
80455
79530
79151
79309
79307
81344
80968
80714
80515
77890
78390
78217
79619
82506
82414
85518
88073
90473
92857
91368
91412
89420
86657
86950
87906
91622
94943
95591
94052
90818
88648
86957
82566
76400
70363
60990
50444
40291
31583
26569
19680
14868
13128
11029
10914
9033
7812
7984
8521
11217
13342
17012
19926
21936
25176
27537
31942
35646
38031
40062
39231
37399
33860
28903
22695
15030
6932
-2625
-12307
-22375
-35868
-51040
-64547
-75040
-79530
-79956
-76597
-68592
-63809
-61141
-56917
-51957
-46550
-44767
-42517
-37033
-34061
-34787
-36164
-33738
-28651
-26784
-28678
-30124
-29874
-30994
-34741
-39351
-43328
-46106
-48979
-52792
-56556
-60985
-64540
-65812
-65735
-65391
-66681
-66739
-64335
-61036
-57339
-54592
-50951
-45976
-42874
-42297
-41285
-40905
-41036
-40698
-43668
-44973
-44219
-44687
-44105
-46974
-50798
-52000
-53600
-55704
-59548
-65205
-68880
-67789
-64553
-59375
-53257
-48824
-43650
-38902
-32027
-22680
-15082
-7311
-1901
1568
4697
6216
7420
7571
9097
9243
6300
3333
-1664
-4266
-5660
-9669
-12675
-14449
-15501
-20131
-21962
-19204
-20069
-16178
-13040
-9244
697
4456
11907
19916
24007
32488
35471
38666
43523
45733
48769
46569
45484
44393
39795
37498
31024
26300
23523
17902
17729
17003
18688
23691
24418
27675
27467
24386
23175
19032
15850
10555
3181
-10523
-29546
-37254
-35847
-27923
-23256
-30163
-34022
-36179
-37989
-37524
-43179
-46071
-43074
-41378
-37848
-37625
-38765
-33899
-28459
-22499
-19455
-18518
-12089
-7059
-6150
-7522
-9972
-8855
-7203
-7796
-9167
-9519
-6489
-912
4001
6423
7663
9620
13230
15247
12926
10135
8099
6956
8480
11206
14720
18127
20562
23905
26113
27552
32376
38158
42069
41399
36391
34861
31100
23970
21883
15242
10567
8196
-2082
-7846
-18302
-29999
-34590
-45270
-53042
-60847
-70966
-79081
-89308
-96510
-101748
-101860
-100237
-95796
-86013
-81212
-71827
-60938
-53415
-42703
-32627
-20759
-12666
-7272
1211
8141
16069
22238
25993
28788
28369
28558
27197
23692
19970
14623
10385
10713
17890
25065
28782
33462
36627
39883
41295
38812
38371
38348
40505
45381
47540
49808
52192
53477
55955
57372
57957
59600
60949
61583
61321
60413
60242
60545
58898
55480
53420
50342
46451
48248
54692
62091
67055
68597
71833
76270
78865
81048
82597
83087
83528
80611
75756
71755
64107
55894
49500
44645
41224
32314
22503
16960
12683
10076
4311
-4115
-10547
-16800
-23766
-33903
-47270
-60728
-71823
-79636
-87450
-96799
-107064
-116489
-123073
-127390
-131119
-132982
-129512
-124436
-122534
-122768
-122403
-117623
-109765
-102206
-95034
-89468
-85570
-82434
-79745
-76514
-72372
-68599
-64838
-57795
-49263
-43332
-40238
-38813
-38111
-39408
-43860
-48374
-47337
-47223
-52740
-57193
-60376
-57036
-53436
-55031
-52162
-50789
-47991
-44442
-45026
-40007
-34603
-30443
-26198
-25661
-21561
-16266
-14796
-14913
-16847
-16767
-17281
-21339
-25004
-29333
-33237
-37832
-45475
-53350
-61503
-69668
-78620
-93449
-111569
-123556
-127127
-124067
-118825
-116081
-112497
-107893
-104039
-98733
-92540
-84086
-74223
-66950
-61215
-56021
-48885
-38523
-28653
-18703
-7916
3670
18996
34838
48747
63625
78129
93703
109580
121282
131810
139989
146528
154026
157337
160891
166265
165419
163879
159125
143686
134857
127979
114929
109336
97558
85409
77862
59986
48526
35409
16263
2667
-14874
-25537
-32140
-39923
-43289
-47779
-43950
-38078
-35509
-31576
-31070
-26054
-21610
-21477
-19106
-17988
-12939
-6486
-5329
-4694
-5426
-4076
1838
5798
9834
13258
13103
12330
11452
10914
9378
9034
8103
5495
8957
11807
13560
16428
14759
16923
18767
17843
21140
21769
22205
24514
26773
30407
31371
32572
34699
36039
38046
38557
39501
40242
39861
40271
39032
38059
38352
38174
38065
36245
34217
32478
30009
28289
25404
22859
21089
18093
15388
10690
4552
-49
-4873
-10084
-15686
-23068
-29180
-34000
-41304
-49001
-56788
-63942
-70285
-78608
-85134
-90786
-96001
-98708
-104151
-107825
-105618
-101314
-95164
-91360
-86653
-76998
-67491
-57603
-48380
-37131
-22540
-10310
775
9585
17307
25060
30882
37817
42103
43721
46107
45624
45470
44221
40371
41362
38966
33994
33734
29391
28652
28246
22479
23465
21082
19664
22213
19427
24450
30558
33567
38528
40683
44848
46477
46269
45198
40297
36502
28437
20604
13904
4997
-1135
-10155
-19169
-26912
-35844
-42600
-49063
-56929
-62709
-67021
-72001
-75329
-99335
-122813
-106069
-82188
-65140
-63725
-72857
-60171
-51193
-50169
-46089
-49298
-44427
-38567
-43509
-46845
-46293
-43819
-41512
-38344
-34234
-31415
-26716
-22000
-19733
-19069
-19521
-17511
-12974
-11183
-12068
-14479
-16670
-14645
-12405
-13179
-16596
-21664
-26395
-30938
-35249
-40465
-45971
-51365
-56540
-61788
-69000
-76524
-84525
-91806
-95590
-98374
-100866
-101693
-101321
-97689
-90870
-84580
-77932
-69830
-59726
-47160
-37198
-29893
-20868
-10236
2193
12181
20943
32734
42490
49345
51195
54119
65180
75353
79880
77904
74214
70677
63500
55727
46596
36780
27702
17072
5059
-6153
-15674
-24771
-30994
-35928
-40482
-44698
-50600
-53667
-56315
-55312
-55294
-59946
-53528
-49735
-44727
-34083
-32756
-21724
-15845
-13107
-254
-2186
-2281
-4
8696
30315
36624
41012
42888
40420
47059
51822
59440
61267
57299
60508
61703
65067
69458
70449
72081
73282
75216
75875
75129
73001
71444
70278
69113
68763
61400
59471
60242
55818
59937
57047
58288
66358
63619
72752
77711
78993
89950
90862
97187
101807
100695
104564
100870
100391
97908
90987
88328
79924
73375
65476
52550
44205
32567
18181
3973
-16173
-36013
-59503
-95605
-137148
-166897
-153551
-120883
-119105
-130931
-138526
-136809
-132701
-142441
-142795
-134087
-126831
-119532
-125832
-127220
-119855
-116630
-107947
-97795
-81111
-62756
-53494
-42540
-32726
-24080
-18569
-18889
-17030
-15867
-12019
-7060
-7893
-7200
-4156
-1414
-2917
-8030
-9041
-9482
-9469
-11414
-15947
-12581
-8452
-9341
-12439
-18354
-21162
-20452
-18400
-12745
-6386
-2405
2454
8795
17216
29236
40098
53379
71845
90703
109690
122569
129369
134730
134987
132975
127885
119401
112279
104027
94862
83927
71616
60269
49259
41146
31084
16386
8808
6819
-3029
-12557
-20065
-31948
-37542
-46663
-55262
-55104
-65026
-68772
-70379
-79429
-79446
-88050
-94777
-96467
-104332
-115717
-140845
-130920
-94074
-80951
-72420
-76749
-71733
-49995
-41174
-23085
-14176
-15733
-8283
-11292
-10539
-7491
-8741
-5018
-5495
-1486
2135
-98
1517
-3093
-9970
-13784
-19382
-22723
-26401
-30707
-32797
-37281
-42705
-46683
-49826
-50275
-51741
-55206
-60357
-66764
-71662
-75939
-76844
-82009
-88748
-86073
-85387
-82877
-81488
-83879
-75759
-70068
-63439
-54314
-52386
-45410
-38989
-33707
-28803
-29278
-28631
-29263
-25675
-20808
-22169
-26134
-37444
-48889
-57087
-66192
-72515
-80323
-86561
-87697
-86364
-81051
-74528
-66291
-56020
-44715
-32395
-21930
-11590
-2011
6156
14055
19927
25930
33438
41126
48840
54788
58860
63341
66274
69529
73076
76054
83428
88677
92242
96962
99993
106442
109679
109076
109918
108804
107022
103939
100837
96643
91536
88609
87337
88200
88443
97026
103247
100194
110778
114570
115545
122597
113114
115632
113904
101122
103757
91914
83981
79055
60224
51700
39786
32380
26289
13095
7801
-3300
-10366
-16287
-26766
-27551
-30406
-31022
-32297
-40469
-43336
-45604
-47231
-48839
-50400
-44916
-37773
-29205
-20758
-13869
-6198
-4055
-3874
-5360
-8617
-4703
-311
3670
10873
16669
20869
18355
11172
6887
3394
1560
-796
-7755
-16502
-26535
-31763
-34205
-36338
-36430
-49856
-61177
-68223
-81954
-83654
-95927
-107151
-105418
-115468
-113702
-118741
-129302
-125370
-131568
-127481
-123492
-126846
-121022
-123492
-118517
-112396
-111930
-104620
-103851
-97718
-90321
-88103
-79932
-74249
-66005
-56439
-47737
-35512
-25513
-15388
-9709
-6415
-836
1720
5551
7579
6684
6400
1969
-4083
-5891
-939
5095
5154
4827
8676
14413
19074
19713
21959
29488
34111
39013
44144
42548
42994
43024
38658
34292
28974
27288
25396
20384
15501
8483
1578
-4887
-7678
-6823
-8710
-9999
-9851
-6140
1492
5248
6687
8778
13926
22285
28778
34442
40113
47101
55592
63589
72071
76918
78215
78883
76683
73019
67166
60565
56735
53892
52110
48695
43643
38671
31478
25225
18382
9522
1922
-7057
-15919
-23712
-32429
-40631
-50179
-59994
-68508
-76898
-83819
-89857
-93542
-95550
-97468
-96781
-94694
-90810
-84903
-78077
-68996
-57624
-45688
-34303
-23227
-13220
-2364
8318
17486
25848
31041
36357
41881
47544
54838
59899
64088
65863
65637
64738
58115
53515
45020
26234
17061
6475
-6516
-11909
-28409
-34900
-34862
-44936
-46192
-55319
-62523
-61876
-69165
-69087
-73352
-78938
-78845
-83666
-85382
-89415
-91974
-94748
-102379
-104189
-107692
-109588
-109356
-108998
-102236
-97423
-90128
-82642
-77280
-65409
-55762
-45496
-34372
-28019
-19455
-12783
-7997
-1299
3188
6711
9888
11833
13918
16335
17876
17875
18414
19442
17917
18368
22087
23344
28249
34286
34683
36742
35853
34924
42437
45060
43317
46032
47839
51046
54848
52378
52339
54215
50929
49172
45082
41013
41583
38605
36983
33926
27836
26182
24666
25521
28704
30589
35890
41631
44709
50942
53396
54229
62654
65168
67976
73518
71963
76194
80590
79626
81049
80669
81449
83028
80213
77091
73008
67843
61688
52329
43490
35361
28529
23645
16628
8819
1828
-5872
-15228
-29060
-46828
-63800
-80566
-98271
-115459
-132528
-145791
-155410
-163071
-167417
-173729
-175626
-169600
-163969
-158262
-156862
-155643
-149751
-145235
-138680
-131839
-126813
-123941
-125080
-125440
-126117
-128072
-128715
-127248
-123486
-120718
-119341
-115354
-109418
-103179
-99057
-98861
-94993
-89429
-84781
-82979
-87896
-81394
-69888
-63108
-52670
-48239
-39841
-30195
-26770
-13668
-3881
1501
10554
14194
22640
32026
38804
50114
52383
59102
74021
85092
100727
110785
119432
132571
143562
154362
161442
168078
174232
179798
184226
187101
191514
194470
198518
199850
198931
196463
193343
191683
183115
181513
181788
175143
165799
145945
135721
129516
119521
112895
96507
83655
73657
62071
57655
51072
44460
40620
34416
29010
27891
25907
23274
20643
12756
5551
-2003
-12514
-21771
-32219
-41164
-48225
-55911
-62518
-68864
-75032
-79542
-83817
-86938
-85650
-85817
-84544
-79757
-78226
-74690
-75659
-78003
-76422
-80948
-81278
-81900
-84704
-84974
-91796
-94766
-97050
-99612
-98846
-103862
-105915
-109177
-113184
-109922
-109676
-109214
-107028
-104813
-98465
-93609
-92165
-90824
-88661
-87449
-87542
-89916
-96425
-103992
-112888
-122900
-132853
-142104
-151102
-161472
-167680
-170607
-171714
-170441
-172087
-172962
-170220
-164464
-154698
-146744
-140162
-130537
-120570
-109306
-99476
-90435
-80807
-70245
-52857
-39160
-24159
-10680
-2685
16595
32487
49492
66215
74844
91098
103415
113684
122556
126871
137289
147564
159710
171365
176547
184225
191128
192754
189404
181352
180650
184825
183865
179798
172241
166699
165151
164991
163192
158564
156745
154237
154595
154429
152061
156706
156426
157981
156887
146605
144270
134383
127751
127069
115434
110692
101849
90665
83816
69326
58901
45971
31193
21406
8074
-160
-7157
-16155
-20609
-28416
-36192
-40203
-43911
-43859
-42462
-41310
-38159
-36431
-35790
-33611
-30946
-27312
-24730
-22784
-19706
-18737
-16877
-16567
-17484
-14925
-19336
-22721
-24749
-32907
-35363
-44199
-53486
-59201
-72403
-77943
-87268
-98268
-103985
-115278
-119454
-124560
-130137
-131290
-135606
-131884
-128879
-128551
-125266
-125366
-121851
-118317
-118201
-118755
-119525
-117747
-116118
-116037
-120988
-126721
-133235
-139559
-138871
-138595
-131871
-126780
-124226
-114705
-111691
-102781
-95363
-91860
-81298
-77205
-69977
-64483
-64261
-60657
-61095
-61314
-61634
-63497
-63008
-62387
-63676
-65998
-62181
-49839
-35892
-26724
-21918
-14689
-2216
12067
25653
38110
51523
65572
78816
89496
92398
98457
108508
109431
105832
94955
85046
82431
75341
69695
63343
55439
50917
46245
44242
40880
38221
37796
36275
39906
43192
47053
55067
62386
73608
84525
91780
97461
98722
100052
103024
104986
105927
103816
99461
94683
89380
84326
78611
73766
71237
70208
72622
73407
72057
73850
75199
78172
80059
77555
74658
68430
63056
57367
48646
42561
35677
29581
22649
11830
2560
-8238
-17969
-26498
-37965
-44714
-52221
-65566
-97335
-152865
-173311
-146548
-113019
-75359
-58774
-60586
-54120
-52163
-43313
-32082
-35597
-35781
-36505
-45257
-49178
-49233
-52178
-55559
-59653
-67467
-70828
-73282
-81226
-84135
-88546
-94517
-94938
-100359
-103253
-100535
-102568
-105448
-110583
-117273
-119415
-120526
-120968
-121065
-122233
-120317
-115020
-108737
-103886
-99540
-93553
-88711
-84585
-82457
-82932
-81975
-82479
-85303
-88346
-92269
-92764
-89922
-88550
-86821
-84722
-81983
-77057
-72799
-67644
-61339
-54880
-47793
-44420
-43251
-41707
-39384
-33715
-27484
-20437
-11519
-3386
5896
14891
21028
26875
33245
42725
53312
59570
65499
70561
74877
81527
85283
87863
89567
87415
85703
86155
85681
81251
80396
80183
77265
81006
79035
77630
80676
76685
80895
80965
77436
81152
79029
82612
84942
83420
85720
85077
88849
89346
87736
88226
85489
85100
80594
74821
70141
64490
61641
56631
51246
46955
44156
39818
35710
34818
29000
26641
23525
17955
18950
13334
10536
9845
4238
5713
2253
-688
-1709
-9291
-13008
-21927
-31439
-38067
-48776
-54690
-63465
-74482
-81941
-88624
-90202
-91430
-92278
-90226
-87702
-82984
-80633
-80887
-78048
-72066
-63788
-56739
-49709
-39119
-30343
-23356
-18081
-15338
-10994
-7267
-2276
3439
8619
17071
24141
32524
41360
45698
51339
56003
60343
64237
64818
68674
73975
77927
79438
79730
84427
89655
90432
84331
76348
73652
75506
79433
78591
72136
63840
55844
51270
46029
38873
31034
21966
16304
12890
9542
7366
3924
1736
1321
498
538
-854
-4418
-9161
-14067
-17385
-15481
-10974
-13273
-19007
-24777
-28446
-31750
-43523
-53761
-61899
-72580
-80550
-91786
-99664
-104689
-112701
-117412
-124460
-129472
-132688
-138871
-142526
-149420
-155170
-160623
-169135
-171449
-175121
-177836
-178315
-184113
-185448
-187656
-191441
-189650
-188724
-182971
-175326
-170672
-163442
-155030
-142670
-130002
-121095
-112216
-104101
-96263
-89726
-83294
-74352
-65198
-55905
-47518
-39779
-30604
-21836
-13195
-4753
2088
9902
17960
26264
35643
40848
45787
49601
53804
63992
67571
73350
79243
78537
83640
80396
80128
84997
84412
94164
90257
79411
86426
90908
94518
87086
69021
65368
62598
62914
64668
56117
53615
53588
57352
65040
64693
67401
71335
78043
92390
102513
112339
119453
121421
124651
124817
123987
122592
118904
115142
108684
101189
94896
84455
73066
62681
46421
32608
21866
11517
7069
-64
-7373
-12651
-21418
-29905
-40294
-51029
-60357
-69697
-77621
-85341
-91292
-97992
-105176
-110157
-115468
-117938
-118403
-118485
-114341
-107464
-99605
-89959
-80394
-70821
-58881
-45992
-31527
-16336
-3612
8077
19045
29491
39512
48767
57956
66377
72896
78171
82015
84731
86927
85008
82095
74979
64367
57211
44726
35434
25692
10015
1757
-11230
-22851
-30236
-42827
-48169
-53957
-61488
-63661
-68271
-69069
-62711
-60328
-67077
-75071
-76667
-73118
-69494
-71526
-74213
-75507
-80173
-81341
-80944
-83820
-84397
-84890
-84165
-81356
-79736
-76189
-73105
-71057
-67843
-62604
-54140
-47318
-41818
-34896
-26872
-14907
-356
12304
24253
33226
36147
41951
46950
51505
67582
77586
82754
90957
88543
91712
98188
95058
93319
90576
91790
98151
98390
95777
93595
91473
91499
90972
87502
83720
78027
73085
70159
65288
63910
59906
53054
51689
46674
43545
43099
37284
35618
33557
30043
30146
25476
19466
12541
2803
-5344
-15891
-27238
-36488
-44067
-50578
-57373
-61915
-64992
-67804
-70801
-76606
-83182
-87522
-92768
-96417
-100474
-109750
-117071
-133764
-145284
-127527
-111214
-105039
-104880
-107066
-96276
-86914
-78372
-66692
-59764
-52585
-47730
-44795
-38785
-28889
-20745
-17305
-12219
-5453
-839
677
1023
3587
9585
11935
8228
3062
698
7929
14709
16195
20184
22927
27811
34010
34295
36500
41605
45530
51435
54936
57620
60693
59944
60747
62319
64359
65440
58703
47379
39850
35426
23693
-1142
-27571
-36280
-35324
-37411
-44891
-63595
-79597
-84302
-82043
-73675
-66717
-62395
-53978
-42142
-29886
-16275
-5362
4777
18753
29958
39083
46242
47769
49938
51107
49179
48443
45220
40379
35636
28478
21343
13931
5658
-2861
-12164
-19098
-23215
-26192
-28660
-32268
-36262
-39986
-43925
-48749
-54461
-60566
-68031
-75014
-80293
-85220
-87712
-84804
-74206
-60153
-51545
-45994
-39350
-30451
-17353
-5316
5115
15709
23049
29608
34977
35965
36822
37871
37694
37676
34365
29687
25508
18281
10081
203
-10295
-19451
-28767
-37310
-46086
-49304
-53329
-63499
-65789
-67647
-64252
-52631
-49859
-41235
-33239
-26470
-6674
1773
8768
17520
19282
31157
33194
28193
24419
12725
10790
5495
-4697
-9116
-18158
-21278
-26022
-36657
-40574
-44164
-44714
-43393
-44560
-40422
-35798
-32009
-24555
-21618
-17804
-8149
-1237
5654
8878
11493
21713
30099
37346
44647
50552
57881
61088
63332
67193
69393
74243
78428
82494
90015
93645
93155
89342
84159
81270
79427
81121
83454
81656
74954
67473
64543
62163
58846
53673
46786
41577
36197
32358
29933
26455
21796
15967
12116
7809
2111
-2675
-7808
-11255
-15727
-21273
-22164
-20300
-17346
-17501
-23719
-31716
-40754
-50698
-60659
-64837
-62152
-59260
-56076
-54523
-50875
-45446
-43112
-38187
-33847
-27035
-17756
-14892
-13748
-13717
-13142
-9872
-5646
36
4655
6707
5077
1724
-2389
-6536
-9638
-13494
-20407
-31592
-41952
-53315
-62968
-71206
-82256
-95539
-119919
-139770
-172605
-218996
-214916
-179342
-155878
-159661
-170230
-151582
-139642
-139575
-134763
-122631
-96551
-77247
-61399
-54325
-55240
-48364
-47327
-42530
-35406
-33124
-25678
-21151
-15955
-11389
-13134
-15141
-18178
-20726
-29089
-39790
-42301
-45548
-53593
-65350
-73323
-67302
-51410
-35206
-23821
-14979
-5380
9492
27165
40662
52191
60491
65677
72726
76854
78107
83253
87298
90822
94604
93518
95013
97358
98650
100239
96518
94926
95037
95856
96688
94885
97615
90919
90892
100066
89348
89109
86298
76787
83153
69397
62858
61345
43185
42067
28567
14624
7536
-18217
-31791
-62308
-105573
-165541
-241888
-207977
-110703
-38252
4993
-36076
-81465
-84976
-69349
-18309
-1857
-17318
-27940
-40926
-30018
-16358
-12434
-11877
-15569
-6692
3452
9802
12603
11054
12735
15438
22751
25591
24753
34547
43396
37522
25728
24020
33738
43339
41729
39980
38758
33074
31155
28983
33708
36003
49268
75312
75407
65942
42539
21920
24517
19224
21616
22834
13783
12041
9133
8549
9715
9397
12341
15610
19026
22647
16229
5675
-1344
-11647
-19623
-34215
-50378
-56521
-68719
-77286
-82527
-88616
-88991
-97996
-105766
-107806
-110797
-109491
-111899
-114703
-113807
-112015
-108171
-106266
-103427
-99675
-94311
-84030
-75955
-70479
-67327
-65557
-60564
-56068
-53894
-54741
-57800
-64380
-63938
-45641
-32320
-27900
-24596
-23666
-14596
-6453
1748
15961
24167
31678
37195
39732
47777
53371
55110
56406
56910
59463
61319
63652
66711
65929
62885
57078
52940
53262
48765
47439
46871
36785
40383
42971
37410
43334
34050
31210
32095
16310
20777
11829
2606
6351
-13019
-13142
-20339
-35204
-32978
-52374
-57705
-65134
-78986
-99986
-178128
-216444
-194970
-157700
-116790
-128760
-122018
-93635
-90583
-71125
-65645
-49945
-16084
-1405
14537
14411
17843
35455
40643
46669
46158
46036
57331
64465
67974
67629
60244
54983
53772
51386
47470
34460
26436
36656
44274
37452
12662
-9052
-5633
9484
27354
36057
35123
40955
51782
65737
79500
86525
90277
92099
95796
102057
104368
104317
102701
98918
93624
83510
69495
56717
46081
36170
28539
21840
14598
6797
-1594
-7157
-10527
-13112
-16638
-21753
-24101
-24650
-22666
-17389
-14278
-12397
-11272
-11411
-9993
-8440
-5517
-1829
579
2893
4338
5712
6022
7736
10340
9424
8091
4891
3136
3410
-728
-5962
-12553
-15247
-17167
-23815
-25190
-31065
-35630
-34205
-40347
-40261
-40701
-42869
-38087
-42244
-45377
-49206
-56780
-54455
-55698
-59361
-63268
-70939
-72182
-74602
-78728
-82666
-92640
-101857
-110534
-119489
-127345
-137597
-146945
-154852
-160870
-163262
-164914
-164441
-161558
-155239
-140340
-121044
-101770
-83461
-68640
-51846
-33505
-17747
-3841
3467
7356
12076
14845
16077
15650
15599
15890
16093
18961
22069
23636
23384
22836
22863
20839
16669
10624
5535
240
-6957
-14607
-23461
-29828
-35761
-42053
-46007
-47477
-43330
-39357
-38109
-35705
-31790
-24311
-16384
-9822
-3258
880
4403
7615
9886
13579
16551
22624
32596
41313
50575
57039
62647
70193
76320
84117
90429
94345
98687
101747
101398
99600
99930
94751
90716
89228
82200
83222
85153
89401
98260
95633
97558
100414
100250
102741
94784
89076
84969
78362
75394
67914
62621
58919
51539
45020
39101
34340
30678
25471
17629
10470
2134
-5451
-10769
-20763
-31472
-43186
-53093
-56472
-61706
-66868
-72648
-79773
-86053
-95922
-104991
-113362
-123818
-136168
-153094
-171302
-183034
-198896
-215570
-193422
-152595
-132119
-127108
-134349
-123440
-94455
-75447
-58366
-52442
-49514
-31482
-17651
-10576
-6871
-7772
-778
8052
9390
7935
7275
12872
18598
19239
19679
19504
22131
25847
26103
25211
21952
15785
7875
181
-5332
-10234
-17166
-24399
-28235
-29030
-26980
-25045
-25375
-25549
-24197
-20620
-18283
-19676
-19613
-15577
-16648
-23826
-28890
-31702
-31946
-32514
-31905
-26183
-20067
-13511
-7872
-3331
2727
10234
17288
21194
26120
29326
30662
34747
36473
40828
47654
53789
63411
70643
77513
84117
89980
97155
96492
95392
96729
98890
108387
112436
111579
110068
104075
105135
109004
110496
113197
112520
113265
114985
112940
109808
102622
94689
87675
77337
69536
58615
45098
35576
20523
7894
-4782
-19598
-26051
-37398
-47411
-55743
-69074
-74597
-81058
-88458
-94098
-102461
-106065
-108209
-108782
-107156
-106729
-105868
-107308
-108638
-109234
-111105
-113099
-117911
-123422
-126684
-129408
-130625
-129561
-127164
-122440
-118846
-115286
-103050
-90716
-84970
-77775
-67276
-53879
-45448
-40673
-29399
-20288
-12387
-1931
6376
15967
21445
22054
23314
25239
29988
33685
35035
37233
40050
43569
46012
47571
49291
49126
47867
44892
38546
32189
27466
24361
20865
12744
3925
-346
-5393
-13334
-21252
-28896
-30441
-29990
-31916
-27593
-21166
-15697
-12534
-11745
-4242
4321
9401
10832
6354
5484
13116
21771
24171
22315
23946
32584
40619
40543
36526
31529
28271
27490
26351
25928
24701
23679
22987
19830
15610
12387
15013
20035
21340
20897
18233
18729
22035
24324
31605
36606
32757
23778
16058
19129
28697
35113
35219
30874
27311
27800
31968
35026
35337
34321
33297
35129
38198
39925
40019
38335
36671
36224
36730
35351
31066
25228
18289
12321
5722
-2440
-10961
-20619
-31370
-41715
-52095
-65953
-78814
-90690
-103442
-112218
-122852
-132270
-139625
-150268
-156243
-162984
-169917
-172459
-173634
-167541
-160335
-148034
-128960
-118777
-115441
-118188
-121248
-115897
-109572
-106831
-112294
-122243
-123047
-114178
-103199
-96731
-96467
-95320
-89452
-80742
-72701
-69164
-65596
-61295
-57599
-49809
-41193
-30210
-16685
-6689
3882
13355
21791
33108
39877
44251
52581
59906
66508
72668
75386
77955
77567
74787
75696
78197
83054
86999
88619
93676
99308
105365
111947
112252
110442
115560
114526
109457
113851
109033
103609
99042
84912
83676
74610
61481
61823
49938
43824
38142
23817
21784
12508
2253
-5827
-21932
-30835
-39449
-41944
-35936
-31431
-21736
-16133
-13727
-9715
-7182
1625
9964
14088
17711
18270
19293
19972
18873
16983
13751
12004
11622
11580
11555
9860
7637
5208
960
-3551
-7736
-12640
-18165
-24945
-30430
-32990
-34434
-36427
-39972
-40799
-41906
-43216
-34131
-23263
-18188
-17769
-19898
-15316
-13394
-17253
-19176
-23136
-23593
-24164
-28871
-30217
-32461
-32502
-29217
-29268
-29370
-29734
-29021
-26034
-26074
-26681
-25892
-23442
-17431
-11276
-5530
-2208
-1085
-925
-4752
-3053
1098
-1864
-6490
-16643
-23505
-21247
-24458
-27709
-32804
-41120
-40689
-40960
-37909
-32262
-31212
-18263
-5682
-349
6004
8909
17188
20864
15677
15217
16100
19618
21728
18085
14898
13294
13220
12984
12415
12310
13186
14757
14806
14698
14872
14717
13831
13086
13788
14637
15382
14544
14528
16390
16400
15945
12348
6626
2118
-2715
-3691
-4234
-5974
-6659
-11555
-15794
-18216
-21984
-22145
-23434
-28113
-31045
-32744
-31479
-30686
-34620
-39233
-43970
-46686
-46464
-47155
-50819
-55832
-58062
-59368
-60502
-63031
-68544
-71681
-73505
-74891
-75384
-76188
-75961
-77098
-77708
-75493
-73937
-73270
-72145
-69255
-65721
-64042
-62046
-58162
-53186
-47366
-41664
-36706
-32666
-29225
-27190
-26481
-26436
-29158
-31375
-33508
-37523
-38749
-38528
-35285
-34449
-33921
-25694
-18738
-4512
5921
2824
-96
-9609
-9926
-3544
-3443
2758
5823
10936
18618
17739
17263
15631
15436
19478
21125
23872
26729
26784
30004
35110
37680
42785
46962
47278
46909
45506
45112
40022
36620
37593
39189
45180
44659
47358
49341
45374
51780
53139
56027
61154
61831
69342
69383
68924
68385
63956
63508
57262
55577
54253
51916
56700
55747
58222
60343
57717
57552
51277
47890
46114
41003
38810
36694
36087
32231
29058
26629
20807
20118
15572
12624
12615
7088
6109
436
-6600
-9382
-13320
-12184
-13744
-15284
-14706
-16629
-15859
-16888
-17526
-17783
-20012
-19134
-17715
-14617
-10164
-9018
-9690
-9956
-9489
-9815
-12889
-17274
-20616
-25879
-32827
-38426
-43815
-47866
-51327
-53819
-54746
-56440
-57106
-57610
-57326
-56236
-56989
-56868
-56431
-55753
-54216
-53806
-53522
-52957
-50909
-47316
-43920
-40627
-37962
-35323
-32725
-31240
-29819
-27713
-24548
-20724
-17274
-13775
-10417
-6032
-353
2725
4110
6041
8161
11787
15647
19427
23785
27953
33191
39298
45886
52855
59335
65515
70484
74335
77208
78376
79955
82640
85356
87473
87412
86295
85592
84902
84790
83328
80106
76291
71826
66758
58402
50135
39352
24686
14712
1908
-9880
-20207
-36479
-45230
-55938
-68267
-74778
-88409
-98285
-107319
-119567
-126292
-135187
-142086
-148288
-155769
-160537
-165201
-170662
-177354
-171709
-160558
-156919
-154890
-157137
-153216
-147224
-145589
-137050
-131898
-126979
-120595
-120451
-117247
-114660
-112540
-108142
-106077
-101115
-94440
-88025
-79908
-73167
-66156
-56157
-46767
-38126
-30330
-25361
-18923
-12815
-8862
-3969
-701
3327
6807
7239
9761
11228
12554
12637
9793
8722
5480
4753
3459
1069
3592
2216
2876
2812
1748
8529
10776
16590
23308
22433
36018
42484
36561
44138
48037
53499
65017
71227
84292
95739
94715
95081
99441
105413
116728
121484
118766
117603
117088
120147
120998
120590
118800
113700
115585
114559
114348
117009
112768
114301
112519
104646
96007
82606
76547
73117
66848
60194
47589
33240
21535
10950
3717
-1536
-8021
-11769
-15547
-18867
-20798
-25274
-25258
-26409
-23929
-18424
-25392
-22753
-19036
-21871
-15675
-20023
-18108
-14797
-24301
-20521
-25869
-32649
-31005
-40769
-40495
-42573
-47098
-42542
-47096
-45642
-45390
-49394
-45903
-50353
-52121
-52759
-57568
-56643
-59202
-60532
-59065
-60207
-62114
-67758
-73590
-79117
-85494
-91912
-97888
-100718
-103093
-105094
-106196
-107569
-107542
-107161
-106345
-104458
-102369
-99293
-94466
-88271
-81103
-74274
-69442
-64539
-58634
-52701
-46471
-41570
-37301
-32045
-27282
-22757
-17768
-13094
-8167
-3720
-401
2790
5520
7498
7951
9157
11408
13030
15622
16509
17541
19946
20950
22340
22151
22733
25240
26412
28220
28993
29714
31720
33539
36144
37995
38615
37098
33499
31245
33237
37701
45972
53130
46944
47141
61322
73001
81160
76519
70758
75188
76768
80154
80568
74599
70799
67041
64796
62379
58925
57539
55688
54215
52636
49049
46082
43051
38529
34622
31966
30180
27735
23336
17894
12057
4736
-5839
-18205
-31378
-44032
-55045
-66752
-75328
-81081
-86947
-91966
-101468
-100695
-81927
-69918
-67743
-68693
-67859
-60723
-59613
-60023
-55979
-53547
-49575
-47967
-49380
-47116
-42858
-38407
-36066
-36315
-35792
-35391
-34729
-33611
-32534
-29773
-27142
-25679
-25801
-26429
-25434
-24019
-22661
-22067
-20843
-17971
-14585
-10660
-6978
-3734
-2690
-3964
-5026
-4991
-3361
-1159
1304
4539
7518
9826
11625
12615
13917
15758
16205
13668
8745
6785
8273
11605
15676
16148
16500
16676
17350
19816
18348
17637
16610
14364
14452
11825
9952
8518
5511
3816
493
-1844
-2652
-3712
-3786
-4846
-5372
-5665
-7157
-7252
-6528
-6234
-6123
-7428
-8675
-8478
-11793
-12792
-6115
-792
3571
6005
8078
16312
23857
30869
37359
41645
49788
58312
63514
69131
74707
74472
73461
72792
67552
67505
65281
60692
61408
54172
51378
50800
44580
47114
43597
40185
40526
33127
33444
30968
28174
30813
26102
27699
25860
19361
18226
9515
4265
-852
-11573
-17423
-28577
-39154
-46799
-59009
-67837
-81288
-96532
-108600
-127892
-139141
-138743
-134072
-125869
-126730
-125783
-117512
-110228
-99808
-93572
-87887
-78612
-71776
-65229
-61938
-58250
-52705
-50610
-50941
-53844
-55931
-56395
-58283
-63250
-70450
-76578
-81582
-84376
-89316
-97122
-100285
-99209
-94096
-87125
-80866
-72963
-65798
-59155
-51096
-42711
-32707
-21601
-9939
3033
14549
25301
35083
43312
51277
57172
63799
67093
71708
75730
73200
76701
72715
69534
66469
56308
61937
57719
51621
51124
40934
40669
34994
29363
26243
15339
10717
-1499
-8669
-10586
-21595
-25610
-37533
-45058
-43586
-50612
-45670
-45376
-46483
-36765
-34805
-24392
-16511
-13331
-3431
639
10527
16781
19121
26544
29214
38320
48880
57574
68173
73838
79883
85324
89703
93972
95175
95433
93711
91201
89582
88627
89409
88068
83401
79021
74407
70217
66498
61147
56441
52235
48005
43861
37996
31769
24284
16266
8064
-2605
-13288
-24823
-36046
-45572
-52078
-57326
-67619
-72101
-76235
-83245
-82956
-88175
-85705
-79713
-80110
-68854
-64922
-61355
-54779
-57437
-52505
-52888
-55189
-55714
-62596
-62943
-66844
-70785
-71981
-78264
-78402
-79174
-81302
-80540
-83482
-84720
-85050
-86522
-86507
-86303
-83854
-80452
-77322
-70610
-64115
-60884
-55498
-48868
-40653
-30730
-24262
-17412
-9820
-1880
8625
16768
25183
35544
45024
54489
61299
66620
71577
73578
74077
73460
72011
71419
70127
67564
64382
58705
51310
43187
34328
27124
21522
16504
10604
3329
-6022
-13636
-16233
-30183
-43748
-45581
-57123
-59478
-61905
-69090
-58340
-60676
-54236
-41129
-42008
-26796
-22875
-17037
-5919
-9145
-1836
-5602
-7294
-4688
-13400
-10873
-17416
-21383
-17505
-22822
-20922
-24786
-31359
-32853
-35497
-32620
-30647
-28121
-24000
-18526
-10046
-4610
801
4914
8017
12420
13824
14518
13933
11297
9459
10283
13999
15947
17631
20527
24756
31353
36803
40899
44282
52517
58340
56649
58472
50748
43781
50375
50168
51433
47150
33467
30033
24951
20763
19884
12423
5487
-1474
-7112
-11734
-17239
-21654
-28618
-32809
-34511
-37673
-38196
-40305
-43545
-42446
-40835
-37577
-31650
-27014
-20810
-15824
-12135
-5830
27
8250
15431
19374
25071
29866
34212
37283
36986
36521
36892
37100
35571
32014
28755
27310
25733
23052
20155
16666
13972
11760
9464
7852
4788
2413
2168
2011
1556
373
388
2444
5553
6943
6612
6050
4468
2117
-3728
-7272
-10243
-17586
-19306
-23346
-26331
-20303
-18013
-12690
-7457
-5943
1905
8445
15496
24115
32092
42501
46945
47436
48090
47376
46859
42978
36143
30085
28679
30332
27130
16237
2352
-2314
14
-636
-3831
-12002
-18867
-20471
-21062
-17113
-15248
-18320
-20535
-21268
-17943
-16084
-18156
-22192
-28920
-35181
-44946
-58208
-69863
-78290
-83296
-88340
-94778
-102702
-109463
-114578
-117992
-119795
-124016
-127271
-130956
-131795
-121386
-110338
-104012
-103157
-104579
-100684
-99990
-96388
-91065
-89220
-86818
-94008
-84219
-67193
-58979
-47672
-67283
-74752
-63381
-62283
-40497
-43235
-56259
-54337
-61937
-56848
-60141
-69275
-68438
-70209
-66935
-64517
-59880
-55005
-54293
-47377
-38122
-27687
-14988
-876
11315
19752
29537
38417
53411
70580
82129
94732
99955
115519
129088
134869
174794
205983
209812
184890
127983
110875
132151
164386
192452
182059
149788
119794
110410
116173
114416
107114
87204
72764
75417
71511
69699
62647
50632
52910
49680
45412
43590
36360
35118
30427
23605
18018
8588
2356
-9777
-26326
-37094
-49713
-59767
-67746
-78829
-82001
-84485
-88736
-88272
-92249
-94268
-95188
-98782
-97812
-97635
-94493
-91363
-92089
-89398
-90251
-90711
-90088
-94834
-95713
-97227
-98219
-95543
-99387
-100836
-105142
-112939
-122861
-149470
-159589
-153239
-144504
-120679
-107990
-92792
-77200
-77456
-67443
-60426
-50077
-31131
-23306
-20347
-24257
-26229
-20735
-16508
-12986
-15186
-19934
-21130
-20369
-19213
-18779
-19177
-21474
-21607
-20871
-20660
-19121
-23886
-29090
-29952
-31893
-32338
-34246
-35494
-31565
-24027
-14967
-10301
-4174
7770
20210
33500
44313
53116
60636
66366
82975
101307
116125
128769
121923
131234
156485
159900
154210
122268
89923
86403
81331
87985
92832
82756
78525
70627
65180
60795
52268
51039
50283
51741
53728
49883
46840
42405
39826
42682
43074
44680
44711
37045
38431
39006
30296
25645
13258
6736
4035
-7908
-10279
-18423
-27834
-31659
-42431
-49166
-60657
-72937
-81005
-94552
-102317
-115099
-130119
-136979
-153227
-157998
-172688
-204047
-186867
-163187
-152971
-138068
-146906
-139076
-122998
-117761
-95609
-85035
-76837
-56301
-43952
-29215
-14579
-6828
2244
11990
24979
40235
52106
61481
67963
75353
86085
95342
103846
110879
114253
115969
118343
119993
119453
119437
116537
111959
109085
104155
97079
87837
81433
71653
53503
40124
31164
30993
34917
30508
27663
22534
16716
17999
17378
16730
16761
15034
15039
13684
10053
6611
2065
-2211
-5209
-9526
-12093
-13380
-17395
-21921
-29721
-39621
-47272
-54037
-59154
-62101
-61461
-59398
-59049
-60316
-58885
-53932
-48078
-39634
-37216
-34493
-27338
-21929
-11050
-6311
-4060
3187
6344
9153
8273
7147
7721
6665
4741
-946
-3631
-4195
-4466
-2878
-4018
-3653
-1721
500
4932
6796
7469
8478
8518
9821
9564
7476
4697
490
-3024
-6079
-9004
-11121
-13487
-17887
-20641
-23369
-26914
-27483
-30044
-31624
-32733
-34490
-34108
-34101
-37247
-45295
-43950
-35599
-32590
-35023
-40285
-34089
-26602
-28348
-32082
-40831
-45215
-43263
-39870
-34336
-36597
-43589
-49627
-53298
-49102
-45497
-45557
-46228
-48317
-47041
-46270
-48775
-51240
-53903
-52892
-50338
-50109
-49898
-49127
-45082
-38038
-30679
-23637
-17666
-10889
-4830
1011
8077
10548
13172
18447
20974
25330
28406
30747
34154
33201
34123
33192
30074
27907
22896
21093
17680
16115
18519
17044
18530
16755
14045
15863
15034
18289
20664
19044
19891
18731
17368
15356
11806
10309
6553
1260
-3949
-9992
-14892
-20819
-25609
-27391
-28350
-26911
-26481
-27445
-24560
-20572
-17497
-15542
-13200
-6843
-1670
1847
4928
6789
12610
17364
19150
21504
23748
30431
37591
42845
50569
57367
65725
76329
85275
92689
96505
103208
112840
117661
122550
126696
127995
129127
129057
128633
127248
123659
117749
110893
103368
94437
85432
74113
60149
45243
29575
15237
2084
-10701
-23135
-35071
-45337
-53610
-60188
-66677
-72992
-79094
-86065
-93043
-100644
-108071
-115445
-123689
-131464
-139820
-148300
-156425
-163806
-169172
-173829
-177584
-180860
-183211
-182143
-178193
-169422
-157248
-151747
-149934
-138384
-121149
-106332
-95306
-91032
-84207
-73673
-65447
-53892
-47178
-44175
-37452
-33406
-28064
-20872
-15216
-12753
-14261
-14868
-13287
-11734
-12974
-16042
-17852
-13959
-9918
-9605
-9320
-14819
-18310
-21912
-30506
-33960
-40235
-44606
-46226
-52366
-55057
-56601
-52445
-43853
-37270
-28901
-21692
-12103
-1774
5873
14388
21481
28597
34761
39961
45546
49913
54493
56589
57887
59814
59194
58832
57952
56164
55473
53453
52564
54317
56090
58641
60640
62916
66402
68318
71514
76049
79575
84664
89350
91691
93214
92798
91516
89971
86671
82226
75806
68026
60136
52253
45967
41282
37231
31934
26704
22640
18679
17521
16156
14773
14888
13461
14196
13109
9994
8675
5165
3557
2683
1616
2817
2590
3361
3085
-209
-3065
-6697
-9495
-10256
-10291
-10410
-10604
-7658
-1505
4908
10451
21552
38132
45708
47119
46980
44930
45856
41729
37272
30576
16458
8460
-2823
-16204
-24880
-35515
-40398
-44981
-50710
-53089
-61769
-73660
-83366
-90732
-94519
-100515
-109677
-115718
-119388
-121609
-124300
-130726
-134473
-135554
-134219
-128116
-124684
-120459
-113372
-104277
-88323
-72417
-60352
-55772
-54103
-42522
-30976
-26454
-29049
-37093
-38210
-34672
-29826
-24571
-27270
-30089
-28081
-25375
-20920
-18226
-14138
-7138
-1183
5736
11629
18335
27103
33085
37578
42031
47356
51073
50999
56548
66404
74927
84292
89044
94534
102766
106723
113058
119365
124177
129326
128702
128145
128439
127716
128613
125440
121180
117518
112610
108288
100069
88712
76008
64048
55232
47856
40736
29578
18837
10953
3837
137
-5491
-11127
-14658
-19613
-25201
-33980
-44884
-56594
-66556
-76267
-87405
-95663
-105741
-114433
-120079
-126609
-130465
-136337
-143543
-146868
-147406
-144302
-141668
-142453
-141156
-135687
-128722
-122312
-117363
-111309
-103755
-100171
-100043
-99610
-97408
-92448
-86383
-75902
-65398
-60454
-52643
-42717
-31455
-21896
-20412
-19751
-18332
-15493
-13969
-18744
-20324
-15495
-9960
-8555
-11564
-12335
-9754
-6459
-4608
-7838
-13595
-18978
-21019
-19136
-16799
-14540
-16571
-17791
-19126
-19056
-15651
-18534
-15252
-15531
-15046
-8342
-14115
-12528
-14252
-18195
-14003
-18374
-16395
-14640
-16388
-14539
-17536
-19238
-21489
-24550
-25125
-25986
-23669
-19996
-15889
-11599
-10887
-4987
1030
336
6863
10458
12831
19981
17426
22286
26240
24848
34285
33884
37430
44777
44167
54050
57655
62732
71700
71851
80761
83997
85947
92181
89861
94163
94707
91781
92663
87875
85670
80687
75703
71872
63273
60597
55542
49028
44353
32645
23661
14371
2882
-2449
-14541
-32107
-42682
-48799
-49080
-47064
-47041
-46620
-45027
-38408
-30167
-25738
-26434
-30142
-31456
-31554
-28795
-22834
-18045
-13889
-11363
-10076
-8685
-6818
-5490
-7788
-8380
-10490
-15405
-11542
-7769
-9063
-15221
-24687
-16752
3611
16557
18908
15063
12600
13987
17574
19287
20853
23444
24811
27972
29110
26854
25435
23338
19523
14102
7183
-689
-8740
-16084
-22765
-29162
-35008
-39489
-42497
-44286
-46223
-49015
-51530
-53407
-53585
-52650
-51951
-50300
-47981
-44034
-38527
-33693
-29466
-27733
-28685
-29645
-29718
-27922
-24729
-21836
-19145
-16334
-13295
-10753
-9667
-8516
-6967
-5704
-5338
-5707
-4665
-3929
-4137
-5032
-7442
-9077
-10756
-12983
-16102
-20370
-23505
-26535
-29313
-32354
-36222
-38001
-37432
-35471
-33677
-33626
-34614
-34701
-32618
-28714
-24540
-22082
-20271
-18030
-15498
-12580
-10887
-10454
-11769
-15718
-20287
-24385
-27145
-28116
-29037
-30531
-32974
-36152
-39813
-43429
-43231
-41911
-43314
-44934
-47653
-49016
-48198
-49626
-49757
-48875
-50146
-50966
-51162
-51126
-50641
-48539
-47397
-49527
-52020
-54309
-52210
-47449
-45179
-42274
-39288
-35655
-29838
-23435
-17589
-12565
-6383
1420
10822
19513
25178
30381
36611
44253
52658
60396
67444
74037
80455
85028
86982
87802
87084
85200
82736
78853
75579
72634
69680
67794
64366
61459
58759
56304
56811
56512
57549
59738
61747
65115
67260
70339
74413
79073
82350
87609
91985
89910
96783
99467
99416
106623
103134
109006
112359
107259
114328
111624
112842
117228
112762
115112
112182
110831
111224
104567
101997
95129
88515
83566
71962
63422
51946
39157
30514
17008
4393
-8373
-23848
-35907
-48697
-62403
-78426
-95386
-98027
-92779
-91724
-89437
-92370
-96625
-94432
-91222
-84140
-82294
-86394
-88653
-95524
-101649
-106938
-113525
-118010
-124422
-128059
-131037
-136295
-138762
-143079
-146639
-148948
-154624
-159049
-163824
-169359
-171505
-172803
-174624
-174607
-173555
-172061
-169190
-167424
-165374
-161900
-158634
-154551
-149632
-143168
-136964
-129897
-121668
-114379
-105190
-95850
-85336
-74292
-65646
-56700
-46958
-37889
-28596
-20403
-16341
-5416
5793
7474
8529
3663
3960
11641
15882
22204
23670
25464
33090
40731
48279
54017
56355
56233
58668
58499
60469
60352
56486
59293
53195
53359
54051
48084
53860
50375
50557
54413
51034
55101
55987
57262
60556
61518
63350
63003
63629
63402
63186
64623
63572
68709
72456
70819
77717
78520
79747
84650
80999
85815
83758
79112
83155
76137
74154
70469
62077
60491
52480
48994
43937
36150
33644
23726
19713
14728
6480
5982
-2152
-6868
-10459
-19551
-22200
-29418
-37277
-43635
-50665
-53189
-58218
-59916
-63584
-70395
-72708
-80232
-80243
-74530
-71632
-63984
-66908
-70706
-69511
-74409
-74942
-81005
-87590
-86844
-89404
-88157
-89086
-90393
-87411
-87477
-83923
-78786
-72747
-63631
-55836
-47224
-37624
-28319
-20052
-12342
-4313
4412
15001
24160
33405
42947
51002
61031
68525
75832
84550
90352
97711
104214
110464
117537
121213
123609
124081
120969
115860
109567
104762
105534
105208
99104
92895
86285
80900
76778
70707
66252
61087
54376
50254
44204
38017
33282
25665
20177
13006
4193
-1697
-10138
-15143
-19535
-24454
-25436
-29895
-31271
-32870
-38205
-39591
-43633
-46536
-47899
-52443
-54743
-57831
-59895
-59673
-61196
-62181
-64453
-66261
-66284
-67229
-67256
-69179
-72458
-73449
-69831
-62805
-61094
-63411
-64914
-61232
-52486
-47698
-45978
-46760
-48987
-49506
-48894
-45051
-43866
-45166
-41471
-32753
-26661
-36471
-52307
-60018
-64342
-71478
-84002
-83770
-66532
-54025
-52132
-54374
-47422
-32093
-22255
-19944
-21370
-19525
-12173
-1237
5881
7019
7371
3411
4199
7430
8985
14168
14539
21827
28024
26531
27796
22749
26301
31743
28586
31307
28899
26229
32145
31639
30110
31241
22317
17199
19362
18517
20131
15673
10293
9453
6031
8452
9988
7680
5614
313
-2510
-6934
-13143
-16770
-22207
-25790
-29740
-35977
-40554
-46929
-53122
-57908
-63517
-68374
-73305
-76990
-77820
-77052
-75174
-72435
-68325
-63325
-57516
-49801
-41585
-33280
-26112
-20682
-14958
-11571
-8613
-4027
2218
12059
19176
23487
28280
30882
33170
35158
33344
30680
29635
28583
29202
29495
29325
29323
26522
23858
20559
15550
11050
6478
2818
-295
-3353
-5075
-5614
-4415
-1843
103
1942
3767
6495
11305
14942
15868
13458
13368
21282
27442
27701
23918
18613
19051
20751
19519
16299
10789
6982
6422
8611
11422
15249
19063
19147
20027
19448
17947
20483
21679
24435
24387
20290
20679
17432
14727
12890
6380
2725
-4653
-10344
-8504
-9060
-8739
-9546
-11612
-9514
-8668
-6905
-4862
-6932
-7451
-9381
-12580
-13809
-17375
-19630
-22491
-26630
-29150
-34105
-37509
-39901
-42938
-44052
-45575
-45306
-43529
-41927
-40782
-41005
-40035
-39040
-37453
-35250
-35250
-34562
-32946
-30062
-25446
-21628
-17787
-13657
-8972
-4925
-2626
-869
112
1577
2615
2961
3895
4321
4546
3419
2061
2307
2578
3386
3929
3844
4532
4979
5008
5008
4040
1588
-2301
-7963
-14575
-20976
-27453
-34172
-41494
-48444
-54490
-61271
-67064
-70910
-73107
-72274
-71233
-70108
-67217
-64059
-59437
-53641
-47477
-42018
-38724
-34387
-27197
-19871
-15227
-12731
-9819
-5520
-1026
2516
5477
8671
12806
17566
21616
24589
27455
30568
33891
36801
38833
40577
41204
41874
43631
45203
47271
49342
51174
53397
55107
56262
56981
56692
55334
53274
50600
48108
44936
39950
34783
29896
24584
18386
10500
2919
-527
-7642
-16834
-18350
-23047
-24838
-26783
-36006
-34313
-37935
-41258
-37881
-45492
-43897
-45315
-50214
-47220
-54257
-54841
-56923
-62916
-60810
-66245
-66589
-66417
-70075
-67285
-70986
-73099
-74160
-78784
-78481
-80709
-82458
-82224
-83150
-81657
-80104
-76939
-72140
-67602
-61668
-54919
-48566
-42900
-37053
-30332
-23021
-16316
-9582
-1635
6360
14115
20792
26031
30502
34045
36590
36779
35109
32705
30428
29262
27525
25890
24363
22295
21277
20023
19108
18957
18505
18924
18967
19414
20629
23232
26115
27518
33404
34465
35410
43511
43451
50027
55150
55085
64586
60074
61413
66729
60392
65612
62136
61720
67232
61163
64871
61268
57969
61811
56392
60920
60921
57899
61613
56033
56680
56873
53170
55271
50926
48902
47859
43481
42913
38868
34919
32213
26186
21682
17100
11660
8458
3716
-1231
-4293
-8653
-10483
-13075
-17456
-18462
-19816
-19998
-20877
-23639
-25426
-28802
-31537
-34694
-38042
-39871
-43293
-47265
-51933
-56800
-60398
-64686
-69845
-73446
-75971
-78288
-79619
-82709
-84903
-84424
-84083
-82853
-83887
-85315
-84670
-85567
-85804
-86461
-88338
-88608
-89818
-91424
-91875
-93128
-93654
-93736
-94762
-94429
-92432
-89149
-86093
-85097
-83619
-80027
-74728
-69137
-65583
-62746
-58693
-53508
-48007
-43640
-39448
-35119
-31333
-27220
-23715
-20576
-17517
-15344
-11919
-7389
-2644
3143
7840
11952
17371
22135
26515
30109
31891
34070
35240
34721
34409
33131
31864
31377
30253
29503
28358
26727
26238
25835
25487
24411
23879
25253
23380
22680
25445
24358
25241
25248
23924
28360
27973
29556
32850
30804
33704
32426
31348
32640
28184
27866
24705
22812
24466
20997
22556
22464
22034
25907
25496
28492
31197
33491
39795
41546
44734
47677
48743
52985
53466
55351
57498
56823
59345
58913
58742
60032
59549
60181
58022
55776
53254
49291
45801
40339
35979
30411
24252
19605
12739
6369
102
-4420
-6764
-10475
-13903
-18140
-21230
-22596
-24528
-26731
-30201
-31803
-32506
-34567
-36938
-39843
-40649
-41633
-43519
-44082
-44537
-43920
-44178
-45695
-46481
-46807
-46496
-46118
-46102
-46761
-47385
-47246
-47222
-48105
-49228
-50528
-51884
-52527
-54099
-56044
-58147
-60724
-62273
-64364
-66565
-68753
-71227
-72237
-73653
-74846
-75175
-75756
-74946
-73648
-71985
-70211
-69244
-67389
-65079
-62635
-59838
-56759
-53282
-49845
-46231
-42904
-39506
-36154
-33638
-31807
-31182
-30522
-29474
-28600
-27348
-25856
-22115
-16157
-10175
-4607
-91
4913
10823
16080
20847
25265
29991
34951
39066
41897
43857
46099
48692
50702
51807
52532
52956
53787
53881
52483
53413
52187
47337
48906
49115
46567
49312
45898
46117
48440
43347
47449
44996
40961
42977
35102
34965
33373
29701
31345
24743
24169
22235
17647
17424
10813
8412
5482
463
-535
-5200
-8002
-10768
-15140
-17647
-21747
-25132
-28564
-32853
-36230
-39888
-43434
-46758
-50376
-53771
-56131
-57936
-59279
-59836
-60104
-59462
-58023
-56120
-53254
-50079
-47255
-44882
-42815
-40561
-38178
-35852
-33475
-31541
-30195
-29374
-29546
-29989
-30353
-31016
-32118
-33884
-35262
-36282
-37280
-38111
-39232
-39643
-39781
-40630
-41830
-43602
-45310
-45761
-44659
-43356
-42527
-41676
-40382
-37396
-34313
-30916
-26095
-22539
-18178
-14432
-11698
-6041
-3032
-829
1923
2019
4465
5973
7754
10536
10511
12060
10632
10047
10961
6351
6092
6056
6132
9449
5304
5156
7475
5923
9459
8636
9024
12720
11884
15061
14750
13266
14747
12444
15456
18808
21372
26970
27662
29600
30873
30458
35600
39691
42214
43674
43685
45615
46824
48100
48966
49156
50205
50270
51461
53082
54302
55846
55630
55436
54885
53504
52567
50153
47146
43723
39042
34444
29240
23647
18492
12906
7379
2455
-1733
-4936
-7795
-10271
-12283
-13988
-15448
-17014
-18215
-19429
-20972
-22553
-24377
-25800
-27080
-28358
-29417
-30586
-31070
-30924
-30718
-30824
-31587
-32443
-33060
-33439
-34303
-35611
-37303
-39239
-40464
-42605
-45124
-50422
-55952
-51117
-45302
-45478
-45906
-46906
-45062
-43925
-44652
-42830
-43311
-44714
-45711
-46133
-42815
-38726
-35202
-32945
-31253
-27440
-23451
-19400
-14190
-8538
-2045
4306
9126
13846
18778
23298
28121
32148
35440
38578
41216
43513
44892
47458
48503
46768
47871
47527
46835
47206
43150
39852
35200
33976
39599
39825
39434
35763
28427
25656
21253
20048
18141
11620
7694
1270
-2723
-5211
-10771
-13846
-18856
-22917
-24739
-28380
-30320
-33596
-37526
-39666
-42679
-44831
-47295
-50845
-52629
-54673
-56403
-57273
-60259
-61030
-64806
-71119
-65008
-57897
-57168
-56996
-59167
-56808
-54836
-55180
-50794
-48087
-45029
-40659
-37353
-30738
-24204
-18659
-13196
-9268
-4003
409
2631
4698
5302
5822
6141
5143
4550
3485
2166
1472
525
263
58
-600
-256
349
1499
2964
3813
5020
5843
6848
8204
8212
6760
7015
11094
13574
14245
14786
14514
17092
19511
21843
25566
27116
29134
30898
32201
34783
35810
36006
35377
33279
31388
28837
25227
21433
17123
12412
7850
3566
-232
-3306
-5440
-6682
-7197
-7177
-7040
-6819
-6645
-6612
-6327
-6032
-5974
-5856
-5505
-5047
-4639
-4460
-4698
-4897
-5040
-5325
-5554
-5862
-6324
-7171
-8416
-9874
-11254
-12938
-15387
-17721
-20063
-22250
-24254
-26789
-28736
-30423
-32250
-33618
-35317
-36681
-38119
-40294
-42445
-45713
-45966
-41179
-38213
-37473
-37252
-37167
-35325
-34086
-32711
-30380
-29455
-28965
-28811
-28926
-28609
-28708
-29752
-31350
-32130
-32261
-32503
-32796
-33226
-32601
-30978
-29641
-28103
-26283
-24241
-21543
-18736
-16142
-13316
-10271
-7410
-4736
-2575
-582
1599
3304
4975
6392
7547
9164
10362
11629
13585
14751
15372
16669
17424
17981
18729
18187
18023
16749
13949
13688
14285
14491
13722
11526
10376
9721
9663
9569
8402
7492
6475
6357
6846
7123
8308
9356
10623
12120
13094
14296
15233
16540
18218
19149
20152
21291
22502
23704
23941
24189
24669
24407
24173
23683
22920
22462
21497
20514
19332
17456
15730
13764
11621
9224
6137
2910
-708
-4045
-6962
-10322
-13526
-17034
-20436
-23217
-26349
-28956
-31244
-33743
-35859
-38072
-40001
-41251
-42276
-42980
-43157
-43167
-43362
-43714
-44178
-44468
-44622
-45059
-45820
-46526
-47328
-48605
-50075
-51842
-53634
-54975
-56534
-57926
-58478
-59132
-59374
-59078
-59309
-59059
-58138
-57054
-55512
-53835
-52115
-49871
-47704
-45883
-43906
-42164
-40163
-38188
-36254
-33971
-32273
-30813
-29689
-28715
-27671
-26927
-25970
-24964
-23811
-22478
-21102
-19352
-17403
-15432
-13436
-11110
-8451
-5601
-2492
572
3914
7622
11213
14722
17714
20347
24041
28321
31284
33108
34668
36514
38190
38480
40610
45674
49577
51848
52915
53354
53401
52248
50947
49534
48194
46061
43651
40750
37785
37903
34657
31329
30524
26425
26379
23093
18460
18107
11798
9765
6517
697
786
-3262
-4015
-4506
-6564
-5192
-7164
-6073
-5895
-6022
-4019
-5655
-3919
-3705
-3803
-1400
-2267
-649
-290
-864
658
48
1329
1745
860
1546
422
62
-61
-1385
-2207
-4311
-6253
-7416
-9763
-12012
-14516
-17162
-18493
-20120
-21384
-22172
-23344
-23637
-24514
-24942
-24254
-23879
-22805
-22233
-21365
-19673
-18260
-16413
-15238
-14073
-12716
-11702
-10402
-9577
-8573
-7593
-6882
-5940
-5760
-5660
-5067
-4299
-3654
-4198
-4951
-3513
-274
2080
2778
2656
2405
2327
1592
398
-958
-3126
-5553
-7847
-9650
-10894
-12435
-13837
-14818
-15651
-16372
-17506
-18934
-20555
-22203
-23952
-26515
-29241
-31945
-34771
-36580
-37304
-37790
-38659
-40130
-41434
-42128
-42262
-41584
-40715
-40258
-39786
-39085
-38052
-36754
-35571
-34534
-33333
-31812
-30157
-28537
-27022
-25170
-22896
-20425
-17431
-14191
-10618
-6841
-3399
129
3616
7123
10647
13867
17051
19915
22530
25163
27670
30133
32498
34622
36878
39274
41229
43128
44574
45607
46860
47744
48709
49333
50823
53351
53953
53947
53026
51689
51681
50278
48459
45880
42030
39315
35995
32442
29073
25053
21778
18582
15449
12469
9016
5937
2929
30
-2306
-4636
-6857
-8905
-10789
-12465
-14510
-16970
-19434
-21621
-23449
-25215
-26866
-28292
-29583
-30662
-31550
-32236
-32916
-33654
-34385
-35262
-36082
-37011
-38251
-39674
-41393
-42933
-43970
-44705
-45158
-45461
-45591
-45465
-45058
-44399
-43565
-42559
-41602
-40712
-39918
-39406
-38743
-37854
-37183
-36839
-36644
-36299
-36156
-36049
-35755
-35860
-36118
-36646
-37187
-37095
-37106
-37227
-37126
-36846
-36130
-35510
-34930
-33996
-33077
-31789
-30431
-29306
-27940
-26706
-25412
-24304
-23929
-23481
-22906
-22292
-21434
-20795
-20220
-19483
-18507
-17238
-15837
-14182
-12199
-9733
-7110
-4274
-1178
2029
5581
8658
11877
15270
18187
21696
25037
28497
32072
34733
37532
39964
42283
44285
45269
46405
46609
46432
46811
47216
48463
49020
48328
47774
46915
46019
45064
43504
42452
41600
40084
38720
37526
36447
35425
33568
31325
29211
27059
24963
22315
20002
19137
18508
17513
15927
14082
12981
12092
11120
10184
8658
7020
5835
4217
2376
408
-2279
-4714
-7401
-10561
-13325
-16422
-19183
-21834
-25083
-28236
-31724
-34911
-37961
-41461
-44533
-47914
-51406
-54224
-56905
-59113
-60987
-62719
-63743
-64138
-63907
-63443
-62769
-61458
-60059
-58359
-56479
-54881
-52936
-51219
-49700
-47794
-46820
-46440
-45783
-45364
-44778
-44657
-45011
-44642
-44445
-44270
-43517
-42799
-41493
-39937
-38562
-36701
-34971
-33099
-30926
-29042
-26665
-24445
-22929
-21181
-19016
-16322
-13579
-11177
-8426
-5176
-1873
1483
4960
8318
11380
14200
16841
19197
21329
23087
24350
25414
26236
26817
27425
27571
27087
26494
25589
24919
24206
23214
22018
19198
20757
21513
14944
16797
16471
12645
16491
10116
11106
12803
4246
9374
4653
1594
5032
-2644
1043
-620
-2181
1435
-2723
2264
921
704
4594
1469
6672
5669
5219
8606
5194
8008
7731
7182
9054
6694
7870
6795
4654
4616
3220
1111
-493
-943
-3592
-4336
-6266
-9004
-8782
-12769
-13466
-14323
-17674
-17257
-20481
-21108
-20557
-21505
-19515
-20099
-18310
-16451
-15686
-12262
-11648
-8804
-5758
-4543
-577
967
2430
4431
4879
7036
8800
10466
11939
12656
14278
14685
14892
14890
13997
13910
12571
11315
10428
8393
7337
5504
3557
2214
171
-766
-1769
-2966
-4344
-5801
-7123
-9365
-10495
-11693
-13276
-14041
-15151
-16203
-17161
-18142
-19597
-20220
-19641
-19002
-17824
-17670
-17608
-16916
-16864
-16604
-17227
-18108
-18260
-18884
-19463
-20154
-20777
-21351
-22535
-22891
-22866
-23511
-23746
-23900
-23465
-22646
-22987
-22463
-21547
-21169
-19981
-19532
-18874
-17690
-17343
-16299
-15398
-14764
-13704
-13237
-12604
-12020
-11914
-11974
-12479
-12873
-13495
-14770
-16122
-17612
-19246
-21194
-23518
-25797
-28336
-30702
-32705
-34830
-36629
-38451
-39892
-40940
-42365
-43374
-44413
-44729
-44146
-44231
-43659
-42845
-42026
-40455
-39372
-37624
-34953
-32135
-28916
-25768
-22151
-18228
-14238
-10150
-6292
-2155
1707
5260
8752
11630
14041
15745
16777
17471
17667
17292
16327
15128
14151
13389
12720
12234
11862
11666
11930
12633
13589
14509
15355
16484
17894
19072
19834
20317
20331
20123
19630
18415
17424
16551
15274
14111
12767
11706
10757
9661
8903
8094
7520
6644
5718
4743
4182
4469
4160
5948
5717
4195
6727
6383
7802
8504
7033
10718
9314
10040
11557
8346
10541
8628
7848
8279
4580
5291
2849
1924
1906
-1606
-1134
-3084
-4608
-3417
-4822
-6381
-6374
-6352
-6693
-5740
-7378
-7094
-5904
-8113
-5976
-6592
-7293
-5684
-7808
-6559
-7617
-7989
-6479
-8807
-7360
-7997
-8402
-6710
-7810
-5245
-3787
-1932
2252
3614
5804
6835
7972
10503
11207
12425
13168
14150
16092
16776
17386
17151
17657
20928
23462
24232
23442
21495
20176
18488
16120
13126
9254
6359
3825
1030
-1497
-4521
-6989
-8884
-10554
-11648
-13489
-15115
-16220
-17746
-18776
-19741
-20400
-20510
-20657
-20158
-19355
-18500
-17550
-16894
-16348
-16256
-16692
-17201
-17673
-18144
-18931
-20001
-20996
-21754
-22594
-23678
-24859
-26138
-26981
-27786
-28698
-29498
-30891
-32114
-33425
-35155
-36399
-37825
-39018
-39975
-41252
-41819
-42143
-42608
-43100
-43952
-44415
-44861
-45746
-45989
-46020
-46422
-46764
-47337
-47710
-47996
-48604
-48643
-48799
-49359
-49615
-49960
-50293
-50513
-50469
-50088
-49842
-49602
-49179
-48664
-48141
-47832
-47697
-47191
-46231
-45127
-44131
-43209
-41644
-39765
-38451
-37320
-35627
-33424
-31500
-29665
-27088
-23807
-20358
-17073
-13470
-9168
-4456
464
5404
10115
14702
19487
24413
29206
33781
37873
41108
43850
46400
48483
50429
51800
52255
52899
53095
52850
52973
52147
51225
50793
49473
48283
46943
44587
42255
39304
36135
33605
30930
28878
27411
26121
25318
24506
24190
24465
24894
25482
26052
26880
27866
28799
29757
30553
31124
31467
31294
30953
30554
29352
27860
26356
24631
22805
20653
18514
16398
14492
12891
11114
9227
6971
4710
2795
531
-1528
-2939
-4319
-5281
-6224
-7305
-7767
-8189
-8058
-7778
-8052
-7735
-7189
-6415
-5661
-5554
-5635
-5909
-6009
-6469
-7591
-8762
-10408
-12495
-15134
-18222
-20932
-23592
-26380
-28595
-30362
-32487
-34973
-37380
-39589
-41632
-43790
-45836
-47561
-49521
-51294
-51954
-51563
-50440
-49425
-49060
-48265
-46789
-45417
-44329
-43692
-43291
-42927
-42508
-41857
-40917
-39503
-37977
-36068
-33892
-31979
-29497
-26998
-24893
-22898
-21481
-19671
-17992
-16923
-15346
-14343
-13080
-11217
-10127
-8697
-7558
-6354
-4843
-4652
-4504
-4615
-5429
-6428
-8328
-9962
-11207
-12791
-13960
-15010
-15748
-16129
-17084
-18009
-18566
-18864
-18783
-19090
-19856
-20289
-20115
-19532
-19177
-19286
-18560
-16859
-15615
-14661
-13523
-11861
-9744
-8343
-7254
-5689
-4044
-2402
-1010
-308
349
1545
2722
3529
3867
4153
4806
5061
4831
4192
3334
2779
1827
1105
1073
789
395
-400
-1234
-1405
-1442
-1497
-1639
-1762
-1712
-1481
-1239
-1254
-961
-233
623
1739
2954
4428
6257
7716
8762
9825
10944
12180
13429
14417
15241
16281
17357
18420
19515
20614
21867
23023
24450
25692
26583
27561
27991
28601
28750
28467
28512
27672
27061
26208
24778
23475
21295
19523
17822
15732
13704
11196
9400
7545
5360
3290
598
-1339
-3117
-5173
-6671
-8711
-10764
-12604
-14684
-16251
-17275
-17724
-17840
-18122
-18519
-19095
-19640
-19994
-20203
-20190
-20249
-20467
-20633
-20667
-20471
-20147
-19930
-19906
-19933
-19819
-19596
-19535
-19788
-20027
-19973
-19855
-19789
-19569
-19179
-18668
-18159
-17733
-17107
-16661
-16642
-16542
-16731
-17124
-17595
-18533
-19469
-20594
-21810
-23045
-24583
-25806
-27026
-28273
-29411
-30424
-30743
-31031
-31251
-30970
-30511
-29882
-29486
-29035
-28180
-26817
-24386
-21852
-19958
-18378
-17328
-16140
-14714
-13698
-12521
-11711
-11520
-10968
-10276
-9324
-8232
-7438
-6162
-4386
-2741
-1580
-781
325
1698
3109
4475
5793
7535
9574
11549
13632
15733
17754
19664
20994
21679
21926
21541
20452
18579
16107
13540
10882
8050
4960
1893
-632
-3065
-5389
-7423
-9356
-10715
-11985
-13261
-14059
-14660
-14584
-14097
-13600
-12821
-12387
-11741
-10466
-9295
-7960
-6886
-6148
-5026
-4176
-3782
-4092
-4772
-4400
-4077
-4749
-5490
-6024
-6651
-7474
-8031
-8296
-8827
-9708
-10342
-11246
-12733
-13612
-14328
-14843
-15252
-16297
-16639
-16534
-16188
-15337
-15156
-14923
-14261
-13658
-12909
-12705
-13085
-13399
-13741
-14028
-14119
-14253
-14365
-14259
-14243
-14284
-14088
-13810
-13520
-13442
-13541
-13527
-13637
-14042
-14679
-15113
-15213
-15555
-16071
-16414
-16394
-15931
-15569
-15542
-15430
-15026
-14369
-13534
-12713
-11957
-11101
-10204
-9337
-8552
-7708
-6883
-6350
-5687
-5293
-4447
-3221
-3363
-2436
-1654
-1973
-834
-1266
-910
-141
-1557
-688
-1221
-1787
-476
-1170
-423
-789
-1510
-863
-2246
-2047
-2502
-4025
-4448
-6230
-6819
-7409
-9049
-9898
-11137
-11489
-10896
-10522
-10130
-9674
-8811
-7667
-6387
-5349
-4586
-3669
-2789
-1986
-899
-559
-714
348
863
1310
1692
682
856
241
-820
-1127
-2968
-3718
-4526
-5718
-6126
-7331
-7587
-8159
-8666
-8630
-9239
-8726
-8977
-9075
-8515
-8880
-8193
-7964
-7896
-7199
-7409
-7080
-6580
-6415
-5979
-5971
-5798
-5217
-4984
-4713
-4361
-4014
-2965
-1941
-1274
-562
-234
460
1212
1438
1959
2373
2663
2891
2573
2216
2064
2067
2183
2222
2553
3307
4088
4999
5961
6679
7447
8129
8645
8995
8495
7758
7406
6947
6395
5015
3028
2289
2252
1548
-12
-2144
-3552
-4301
-5287
-6252
-7425
-8461
-8748
-9087
-9634
-9987
-10483
-10702
-10568
-10809
-10945
-11135
-11550
-11680
-12188
-13004
-13940
-15134
-16166
-17197
-18226
-19330
-20453
-21434
-22570
-23688
-24793
-25698
-26120
-26602
-27187
-27463
-27548
-27503
-27552
-27912
-28019
-27933
-28062
-28045
-27791
-27463
-27317
-27347
-27000
-26346
-25696
-25165
-24571
-23746
-23009
-22187
-21489
-20835
-19842
-19072
-18086
-16700
-15391
-13789
-12017
-10212
-8250
-6485
-4868
-3124
-1290
419
1980
3674
5458
7367
9255
10951
12799
14650
16432
18209
19884
21559
23131
24744
26383
28096
30100
31646
32744
33966
35071
36214
37181
37655
37908
37642
37094
36484
35555
34620
33188
31197
29048
26426
23693
20483
16600
12918
9337
6178
3547
733
-1785
-3973
-6552
-9066
-10920
-12328
-13586
-15186
-17224
-19095
-20685
-22076
-23418
-24797
-26397
-28420
-29348
-28023
-26166
-25738
-26446
-27242
-27552
-27450
-27443
-27539
-28045
-28839
-29534
-30375
-31020
-31547
-32283
-33278
-34193
-34650
-35541
-36823
-38059
-39282
-40234
-41420
-42458
-43035
-43545
-43516
-43327
-43359
-43128
-42328
-40886
-39500
-38531
-37433
-35592
-33336
-31816
-30553
-28921
-26986
-24889
-23454
-21883
-20067
-18844
-17497
-16424
-15661
-14737
-14081
-13007
-11470
-10065
-8491
-6940
-5399
-3566
-1853
-451
931
2455
4224
6008
7591
9292
11013
12783
14571
15693
16677
18244
19923
20996
21371
21690
21609
21403
21648
21634
21396
20359
19028
18440
17838
17224
16227
14884
13870
13027
12128
11032
10285
10105
10136
9867
9632
10024
10111
10073
10294
10356
10497
10453
10386
10320
9816
9284
8747
8032
7165
6252
5511
4856
4412
3849
2886
2009
1287
927
609
-5
-509
-1007
-1297
-1840
-2886
-3878
-4923
-5690
-6377
-7253
-8312
-9697
-10925
-12273
-13807
-15578
-17782
-19547
-21256
-23286
-25082
-26755
-27940
-28743
-29679
-30220
-30339
-30169
-29683
-29356
-28834
-27996
-27238
-26429
-25598
-24639
-23493
-22260
-21124
-20035
-18703
-17044
-15186
-13526
-11682
-9814
-8209
-6301
-4631
-3009
-1063
508
2065
3886
5643
7175
8301
9376
10579
11485
12226
12896
13132
13182
12846
11794
11026
10413
9336
8288
7230
6626
5806
3919
2548
1481
324
-984
-2870
-3720
-4152
-5098
-6127
-7697
-8588
-8843
-9342
-9490
-9901
-10238
-10065
-10463
-11074
-11740
-12657
-13222
-14239
-15876
-17272
-18681
-19838
-20990
-22629
-23930
-25125
-26474
-27591
-28788
-29774
-30547
-31321
-31793
-32403
-32804
-32878
-33079
-33143
-33479
-33478
-32908
-32472
-31706
-30909
-29960
-28925
-28353
-27494
-26534
-25582
-24622
-24115
-23452
-22766
-22200
-21560
-21292
-20778
-20166
-20047
-19808
-19576
-19215
-18696
-18571
-18264
-17815
-17358
-16131
-15357
-15071
-13932
-13458
-12442
-10925
-10364
-8588
-7656
-6610
-4689
-4323
-2697
-1383
-300
1333
1603
2792
3520
4386
5583
5403
5956
5922
6083
6551
5957
5973
5624
5242
5206
5017
5090
5488
6360
6902
7672
8616
9529
11018
12191
13404
14746
15787
17006
18036
18948
19742
19967
20221
20383
20356
20369
19963
19606
19183
18358
17569
16549
15470
14460
13221
11927
10866
10250
9712
9035
8420
7906
7598
7305
7015
6802
6336
5719
5104
4592
4222
3583
2918
2598
2144
1315
487
-275
-1049
-1814
-2967
-4148
-5026
-6087
-6885
-7596
-8756
-9630
-10388
-11221
-11929
-13214
-14612
-15857
-17519
-19204
-21023
-22921
-24557
-26353
-28218
-29981
-31758
-33187
-34356
-35601
-36554
-37199
-37585
-37502
-37071
-36236
-35286
-34287
-32706
-30946
-29327
-27446
-25315
-23251
-21408
-19750
-18101
-16416
-15220
-14296
-13127
-12268
-11649
-11193
-10807
-10126
-10023
-10324
-10260
-10070
-9678
-9280
-8910
-8212
-7320
-6547
-5816
-4921
-4137
-3382
-2674
-2277
-1777
-851
646
2329
3376
3966
4772
5933
7248
8414
9246
9914
10571
11291
11909
12187
12343
12360
12358
12336
12041
11796
11477
11140
10836
10174
9519
8840
8045
7496
6957
6517
6068
5303
4688
4082
3480
3003
2321
1775
1339
628
-260
-1096
-1941
-2801
-3761
-5059
-6362
-7554
-8586
-9540
-10610
-11697
-12793
-13596
-14354
-15056
-15512
-15970
-16080
-16364
-16775
-16788
-16900
-17009
-17358
-17935
-18360
-18753
-19066
-19590
-20205
-20682
-21142
-21611
-22059
-22269
-22475
-22751
-23062
-23409
-23605
-24088
-24657
-25139
-25786
-26429
-27312
-28323
-29413
-30496
-31370
-32348
-33359
-34514
-35460
-35820
-36101
-36248
-36290
-36173
-35548
-34649
-33514
-32205
-30874
-29454
-27941
-26217
-24322
-22371
-20333
-18232
-16086
-14000
-12146
-10414
-8548
-6653
-4875
-3133
-1466
202
1810
3206
4564
5819
6936
8100
9332
10631
11987
13408
14951
16501
17696
18568
19416
20254
20951
21243
21208
21134
21103
21332
21478
21465
21706
21924
22662
23205
23694
24443
24357
26351
26426
25102
26982
25966
26931
26875
24646
26904
24425
24611
25344
22474
24282
22208
21976
21828
19534
20293
17311
17378
15737
13402
14200
10572
10863
9061
6332
6994
3380
2911
2013
-857
-1573
-3461
-4447
-5996
-8072
-9017
-9788
-11272
-12710
-13457
-14825
-15302
-16561
-18221
-19533
-21839
-22937
-24686
-26229
-27451
-29543
-30246
-31419
-32318
-33148
-34355
-34490
-35183
-35632
-36457
-37500
-37804
-38601
-39053
-39759
-40403
-40399
-40521
-40158
-39775
-39312
-38725
-38305
-37615
-37034
-36235
-35248
-34335
-33084
-31994
-31019
-29866
-28820
-27790
-26779
-25982
-25232
-24199
-23181
-22454
-21763
-21147
-20553
-19860
-19330
-18815
-18307
-18012
-17653
-17166
-16580
-16001
-15422
-14683
-13877
-12965
-12060
-11047
-9897
-8744
-7502
-6450
-5400
-4167
-2910
-1609
-380
839
1955
2980
3819
4353
5042
5571
6093
6724
7128
8222
8476
8393
9800
9968
10470
10899
10222
11455
10930
10409
10769
9283
9581
8631
7264
6995
5190
4628
3334
2198
2006
779
688
-65
-473
14
-200
560
897
1261
2221
2815
3653
4162
4615
4752
4988
4954
4063
4040
2924
1415
57
-2184
-3024
-5164
-7548
-8949
-11563
-13116
-15293
-17242
-18267
-20059
-20441
-21333
-21806
-21322
-21725
-20927
-20507
-19799
-18332
-17847
-16586
-15678
-14945
-13946
-13559
-12634
-11971
-11229
-10410
-10027
-9188
-8512
-7597
-6581
-5804
-4625
-3468
-2049
-576
779
2295
3698
5199
6410
7389
8327
8905
9482
9693
9520
9407
8971
8350
7540
6243
4847
3265
1527
-65
-1933
-3775
-5472
-7196
-8520
-9944
-11350
-12549
-13653
-14365
-15249
-15978
-16583
-17240
-17433
-17755
-17989
-18111
-18048
-17607
-17428
-16863
-16056
-15347
-14592
-14047
-13264
-12617
-12100
-11625
-11444
-11186
-11222
-11137
-10803
-10536
-9993
-9650
-9206
-8541
-7980
-7292
-6847
-6328
-5856
-5791
-5709
-5693
-5685
-5949
-6258
-6379
-6524
-6479
-6598
-6358
-5954
-5901
-5379
-4955
-4478
-3644
-3143
-2496
-1844
-1173
-291
314
822
1119
1348
1375
1069
983
505
-164
-930
-2215
-3297
-4680
-6276
-7527
-8898
-10088
-11267
-12345
-12949
-13483
-13912
-14170
-14243
-14179
-13988
-13428
-12719
-12050
-11134
-10011
-8826
-7681
-6699
-5452
-4233
-3285
-2220
-1242
-67
1109
2030
3035
3842
4833
5684
5946
6294
6489
6636
6502
5796
5383
4901
4182
3374
2289
1630
1283
737
210
-194
-542
-780
-986
-1255
-1265
-1153
-997
-797
-891
-950
-1066
-1266
-1450
-1872
-2135
-2514
-3012
-3431
-3967
-4236
-4706
-5231
-5654
-6352
-6886
-7679
-8481
-9149
-10001
-10884
-12279
-13410
-14208
-15340
-16532
-18043
-19305
-20130
-21137
-22252
-23613
-24788
-25425
-26058
-26795
-27681
-28420
-28652
-28854
-29102
-29324
-29503
-29246
-28731
-28254
-27818
-27211
-26247
-25181
-24119
-23084
-21941
-20694
-19442
-18147
-17178
-16363
-15547
-14970
-14624
-14535
-14501
-14628
-14926
-15309
-15963
-16449
-16868
-17411
-17738
-18201
-18486
-18374
-18234
-17760
-17199
-16558
-15666
-15023
-14346
-13453
-12589
-11653
-10824
-10092
-9293
-8516
-7635
-6594
-5475
-4244
-2872
-1349
270
1851
3280
4522
5658
6732
7599
8115
8459
8740
8783
8597
8207
7869
7645
7265
6900
6489
6227
6012
5663
5708
5416
5399
5984
5958
6565
7093
7495
8466
8570
9378
10081
10462
11724
12240
13205
13996
14532
15619
15920
16695
17120
17425
18203
18003
18265
18302
18045
18105
17281
16695
15967
14986
14345
13184
12155
11201
10103
9050
7821
6924
6164
5320
4485
3553
2702
1806
727
-506
-1661
-2724
-4012
-5357
-6567
-7699
-9038
-10654
-12192
-13553
-14879
-16326
-17829
-19310
-20881
-22471
-24084
-25816
-27522
-29200
-30910
-32593
-34362
-36070
-37613
-39208
-40863
-42541
-44032
-45196
-46198
-47134
-47970
-48586
-49032
-49312
-49575
-49776
-49544
-49225
-48904
-48565
-48247
-47436
-46620
-45853
-44725
-43773
-42708
-41457
-40218
-38627
-36994
-35341
-33551
-31853
-30104
-28309
-26618
-24920
-23200
-21503
-19767
-18083
-16412
-14624
-12804
-11082
-9424
-7712
-6042
-4315
-2615
-1064
693
2435
4088
5778
7320
9065
10864
12487
14025
15514
17301
18930
20319
21466
22648
24010
24803
25903
25900
27373
29656
27544
29335
30664
29616
32192
29540
31206
32308
28447
31652
28851
28616
29981
26187
28910
26539
26831
27977
24798
27724
24998
25261
26013
22595
24733
21767
21104
20616
17608
18636
14733
14215
13145
9735
10341
6256
5919
4746
797
1587
-2256
-3323
-4007
-7442
-6946
-9986
-10864
-11395
-13914
-13175
-15237
-15306
-15231
-16587
-15323
-16300
-15574
-14645
-14741
-13032
-12993
-12062
-11128
-10866
-9669
-9360
-8707
-8292
-8057
-7492
-7271
-6730
-6428
-6210
-6385
-7131
-7627
-8019
-8353
-8959
-9747
-10527
-11212
-11505
-11902
-12621
-13707
-14975
-15972
-16992
-18153
-19438
-20936
-22292
-23488
-24715
-25876
-26890
-27620
-28003
-28281
-28566
-28602
-28259
-27602
-26756
-25727
-24454
-23001
-21490
-19995
-18218
-16310
-14574
-13117
-12018
-10650
-9241
-8033
-6715
-5605
-4213
-2723
-1647
-535
390
1240
2215
2955
3542
3990
4002
3756
3510
3110
2785
2456
1961
1566
1017
259
-593
-1500
-2506
-3454
-4284
-5606
-7176
-8544
-9478
-9996
-10820
-11762
-12574
-13011
-12900
-12973
-13162
-13196
-12893
-12394
-12327
-12402
-12455
-12427
-12314
-12381
-12455
-12626
-12824
-12985
-13466
-14196
-15049
-16032
-16878
-17638
-18692
-19905
-21169
-22408
-23482
-24559
-25186
-25333
-25604
-26093
-26555
-26600
-26695
-27016
-27305
-27601
-27554
-27593
-27885
-28111
-28273
-27958
-27441
-27082
-26701
-26262
-25468
-24509
-23616
-22593
-21530
-20341
-18991
-17646
-16312
-14976
-13693
-12409
-11086
-9886
-8809
-7935
-7248
-6437
-5750
-5354
-4923
-4465
-3825
-3065
-2498
-1798
-1027
-296
559
1276
1976
2775
3433
4026
4445
4796
5269
5460
5569
5742
5809
5995
5759
5688
5756
4984
4768
4185
3346
3030
1651
1060
268
-840
-917
-2075
-2458
-2596
-3068
-2907
-3346
-2953
-2827
-2770
-2419
-2837
-2294
-2362
-2405
-2123
-2614
-2112
-2121
-2067
-1642
-1748
-1118
-1010
-903
-494
-406
179
313
406
655
424
345
183
-4
-108
-395
-699
-849
-909
-999
-955
-945
-940
-1019
-1356
-1509
-1728
-2128
-2456
-2799
-2902
-2926
-2949
-2645
-2168
-1546
-891
-401
189
833
1393
1867
1950
2065
2343
2362
2356
2311
2441
2646
2552
2537
2563
2477
2198
1700
1302
869
225
-513
-1377
-2199
-3077
-4228
-5142
-5916
-6972
-8037
-9162
-10187
-10988
-11954
-12711
-13208
-13686
-13839
-14002
-14182
-13955
-13709
-13416
-12997
-12725
-12103
-11323
-10669
-9811
-9123
-8429
-7593
-7002
-6318
-5597
-5133
-4728
-4427
-4201
-3968
-3835
-3605
-3251
-3042
-2972
-3030
-3120
-3080
-3218
-3595
-3968
-4344
-4825
-5443
-6048
-6648
-7326
-8117
-8906
-9599
-10350
-11064
-11744
-12440
-13043
-13629
-14019
-14155
-14272
-14332
-14269
-14077
-13853
-13535
-13022
-12477
-11986
-11636
-11316
-10914
-10463
-10031
-9679
-9355
-9202
-8929
-8522
-8319
-8061
-8063
-8281
-8322
-8446
-8613
-8894
-9283
-9684
-10206
-10905
-11709
-12309
-12920
-13718
-14502
-15298
-15901
-16340
-16823
-17144
-17256
-17179
-17089
-17023
-16575
-15930
-15348
-14812
-14356
-13770
-13087
-12495
-12025
-11666
-11264
-10795
-10403
-10141
-9921
-9562
-9111
-8805
-8648
-8418
-8047
-7695
-7521
-7519
-7484
-7440
-7468
-7565
-7804
-8086
-8476
-8994
-9518
-10116
-10675
-11087
-11367
-11576
-11656
-11421
-10984
-10431
-9758
-8893
-7817
-6716
-5611
-4546
-3336
-2092
-1110
-30
1005
1909
2796
3425
4123
4817
5296
5618
5674
5843
5940
5689
5281
4703
4217
3558
2492
1409
220
-1105
-2480
-3776
-4664
-5410
-6248
-6973
-7466
-7759
-8040
-8312
-8431
-8293
-8011
-7751
-7315
-6653
-5871
-5118
-4452
-3606
-2631
-1778
-1038
-334
379
962
1322
1672
2014
2148
2064
1849
1578
1201
660
33
-629
-1341
-2134
-2992
-3854
-4682
-5467
-6285
-7165
-8004
-8719
-9379
-10074
-10700
-11159
-11400
-11500
-11616
-11534
-11197
-10803
-10371
-9868
-9231
-8584
-8082
-7753
-7532
-7324
-7315
-7513
-7666
-7805
-8052
-8389
-8725
-9051
-9481
-9895
-10245
-10575
-10741
-10929
-11078
-10999
-10971
-10875
-10641
-10353
-9836
-9238
-8642
-8000
-7430
-6972
-6509
-6049
-5749
-5530
-5408
-5357
-5314
-5403
-5556
-5646
-5652
-5749
-5870
-5905
-6001
-6008
-6074
-6297
-6491
-6832
-7123
-7363
-7840
-8287
-8643
-8887
-9101
-9486
-9871
-10191
-10364
-10448
-10619
-10674
-10548
-10352
-10114
-9931
-9728
-9416
-9040
-8689
-8388
-7940
-7485
-7196
-6879
-6537
-6216
-5987
-5874
-5716
-5667
-5790
-5883
-5964
-6044
-6206
-6446
-6507
-6444
-6498
-6631
-6700
-6696
-6693
-6814
-7030
-7246
-7529
-7989
-8568
-9107
-9627
-10152
-10727
-11396
-12003
-12639
-13404
-14129
-14852
-15642
-16429
-17117
-17572
-17842
-18112
-18366
-18487
-18476
-18381
-18232
-18072
-17814
-17377
-16953
-16578
-16157
-15640
-14899
-14102
-13462
-12908
-12346
-11796
-11376
-11146
-11045
-10917
-10691
-10506
-10441
-10450
-10397
-10211
-10097
-10111
-10045
-9636
-8765
-7747
-6955
-6419
-5876
-5174
-4384
-3604
-2914
-2277
-1586
-763
103
925
1741
2513
3259
3926
4492
5046
5427
5568
5540
5463
5454
5478
5493
5428
5416
5537
5688
5969
6354
6715
6964
7007
7073
7140
6985
6798
6583
6521
6569
6223
5655
4964
4258
3454
2190
806
-814
-2479
-3864
-5118
-5849
-6505
-7347
-7975
-8304
-8135
-7890
-7888
-8106
-8313
-8168
-7962
-7617
-7167
-6947
-6769
-6529
-6137
-5748
-5512
-5348
-5344
-5465
-5742
-6043
-6381
-6789
-7084
-7531
-7988
-8318
-8707
-8971
-9224
-9465
-9543
-9595
-9574
-9474
-9311
-9220
-9286
-9224
-9090
-9011
-8940
-8854
-8723
-8672
-8638
-8461
-8205
-7907
-7545
-7135
-6747
-6425
-6134
-5791
-5436
-5133
-4838
-4664
-4631
-4644
-4824
-5183
-5693
-6315
-6955
-7716
-8511
-9174
-9859
-10655
-11517
-12258
-12717
-13063
-13396
-13652
-13881
-14082
-14215
-14269
-14216
-14248
-14232
-14046
-13862
-13490
-13092
-12598
-12023
-11733
-11379
-10960
-10573
-10187
-9883
-9534
-9205
-8744
-8215
-7773
-7297
-6927
-6503
-6024
-5680
-5290
-4876
-4572
-4360
-4227
-4088
-3918
-3981
-3701
-3418
-3831
-3690
-3794
-3970
-3638
-4077
-3671
-3453
-3662
-2872
-2941
-2373
-1615
-1489
-709
-650
-198
398
770
1598
1819
2402
2824
3228
3569
3207
3481
3103
2493
1821
700
93
-1358
-2677
-3924
-5376
-6255
-7634
-8458
-9356
-10335
-10769
-11609
-11839
-12453
-13074
-13012
-13504
-13374
-13373
-13475
-12856
-12814
-12437
-12065
-12167
-11827
-11801
-11741
-11609
-11713
-11597
-11849
-12305
-12544
-12832
-13192
-13713
-14168
-14429
-14831
-15279
-15624
-15982
-16429
-16959
-17402
-17616
-17777
-18083
-18333
-18319
-18097
-17802
-17504
-17101
-16435
-15646
-14927
-14168
-13328
-12447
-11551
-10765
-10095
-9486
-8948
-8389
-7837
-7568
-7509
-7494
-7600
-7684
-7938
-8506
-9047
-9692
-10451
-11229
-12159
-13107
-14131
-15133
-16010
-16964
-17842
-18590
-19177
-19698
-20303
-20726
-21021
-21136
-21454
-21509
-21102
-21685
-21528
-21049
-21209
-20610
-21070
-20635
-19894
-20330
-19153
-18938
-18343
-17154
-17243
-16138
-15765
-15041
-14009
-13871
-12709
-12448
-11710
-10735
-10558
-9413
-8966
-8069
-6786
-6064
-4585
-3372
-1893
-212
1145
2919
4582
6411
8309
10075
11987
13581
15258
16881
18039
19562
20852
21769
23003
23665
24435
25191
25435
26254
26490
26660
27152
27034
27363
27398
27339
27364
26849
26749
26264
25713
25219
24333
24019
23357
22672
22302
21528
20975
20218
19287
18368
17112
15876
14522
13126
11688
10167
8741
7192
5662
4071
2394
829
-780
-2416
-4304
-6445
-8613
-10957
-13309
-15631
-18023
-20480
-23060
-25517
-27817
-30014
-31919
-33535
-35032
-36295
-37261
-38221
-39016
-39708
-40485
-40902
-41145
-41424
-41667
-42016
-42213
-42293
-42363
-42325
-42250
-42124
-41865
-41394
-41029
-40535
-39772
-39277
-38622
-37828
-37119
-36129
-35155
-34199
-33218
-32431
-31650
-30860
-30160
-29563
-29044
-28443
-27796
-27269
-26715
-26067
-25403
-24748
-24152
-23457
-22736
-22033
-21215
-20422
-19576
-18632
-17682
-16574
-15407
-14266
-13075
-11835
-10429
-8902
-7260
-5543
-3834
-1983
-62
1950
3984
5973
8077
10140
12203
14280
16311
18322
20234
22108
23790
25238
26563
27745
28879
29917
30763
31521
32223
32802
33313
33656
33964
34150
33965
33886
33684
33145
32353
31260
30207
28816
27144
25450
23538
21582
19483
17418
15407
13312
11374
9520
7644
5602
3655
1848
-5
-1717
-3857
-5999
-7781
-9850
-11581
-13207
-14907
-16117
-17495
-18888
-19996
-21067
-21563
-21732
-22071
-22227
-22369
-22408
-22218
-22235
-22204
-22170
-22219
-22090
-22088
-22203
-22402
-22715
-22989
-23328
-23735
-24206
-24615
-24785
-24813
-24825
-24950
-25110
-24878
-24431
-24105
-23648
-23335
-22970
-22484
-22372
-22186
-22075
-22046
-22033
-22215
-22042
-21924
-21868
-21601
-21467
-21237
-21034
-20730
-20189
-19686
-19193
-18762
-18179
-17409
-16581
-15771
-15036
-14160
-13264
-12313
-11378
-10668
-9940
-9226
-8499
-7724
-7035
-6306
-5443
-4477
-3444
-2313
-1169
-125
902
1966
3119
4307
5488
6783
8090
9304
10431
11457
12594
13829
14878
15768
16630
17355
17949
18444
18890
19425
19710
19825
20094
20228
20249
20092
19742
19483
19058
18449
17807
16958
16001
14887
13671
12507
11218
9909
8544
7177
5802
4133
2530
917
-825
-2449
-4269
-5980
-7517
-9359
-11214
-13025
-14908
-16795
-18703
-20376
-21799
-23174
-24413
-25468
-26335
-27039
-27629
-28102
-28544
-28928
-29339
-29687
-29793
-29982
-30119
-30122
-30300
-30335
-30233
-30063
-29698
-29496
-29205
-28700
-28252
-27665
-27135
-26473
-25568
-24838
-23976
-23003
-22017
-20970
-20118
-19306
-18572
-17830
-17011
-16301
-15431
-14572
-13786
-12951
-12259
-11454
-10733
-10044
-9103
-8340
-7643
-6999
-6445
-5871
-5410
-4813
-4262
-3840
-3430
-3119
-2681
-2314
-2062
-1776
-1484
-1069
-668
-181
408
880
1283
1712
2328
2922
3320
3784
4238
4618
5014
5375
5764
6091
6362
6607
6714
6900
7130
7224
7258
7227
7166
7062
6838
6516
6143
5610
4885
4084
3184
2287
1303
125
-1070
-2339
-3609
-4784
-5951
-7246
-8684
-9978
-10993
-11773
-12532
-13135
-13293
-13375
-13644
-13978
-14014
-13757
-13598
-13376
-13093
-12683
-11964
-11179
-10220
-9282
-8485
-7498
-6530
-5597
-4766
-4274
-3873
-3598
-3574
-3699
-3965
-4354
-4858
-5529
-6315
-7068
-7856
-8598
-9245
-9924
-10470
-10946
-11351
-11444
-11429
-11321
-10998
-10607
-9934
-9047
-8230
-7357
-6507
-5531
-4383
-3300
-2298
-1339
-228
791
1480
2156
2923
3722
4346
4820
5405
5943
6324
6631
6880
7129
7383
7467
7276
7070
7070
7195
7101
6744
6618
6766
6802
6525
6056
5728
5303
4410
3431
2429
1214
-35
-1517
-3125
-4674
-6414
-8001
-9486
-11074
-12571
-14101
-15370
-16378
-17452
-18561
-19696
-20544
-21238
-22142
-22950
-23597
-24287
-24962
-25611
-26100
-26474
-26882
-26999
-26921
-26801
-26521
-26178
-25631
-25032
-24573
-24021
-23459
-22946
-22332
-21751
-21210
-20729
-20423
-20016
-19658
-19371
-18896
-18452
-17947
-17450
-17000
-16353
-15674
-14962
-14195
-13442
-12631
-11767
-10969
-10244
-9473
-8794
-8116
-7335
-6642
-5914
-5258
-4758
-4202
-3638
-3156
-2863
-2661
-2391
-2133
-1994
-1971
-1844
-1656
-1539
-1401
-1409
-1433
-1339
-1388
-1399
-1409
-1559
-1640
-1816
-1914
-1856
-1953
-1975
-1969
-1911
-1833
-1960
-1975
-2094
-2214
-2184
-2387
-2556
-2798
-3044
-3093
-3281
-3410
-3398
-3388
-3342
-3259
-3187
-3109
-2990
-2948
-2987
-3063
-3006
-2700
-2316
-1977
-1678
-1254
-762
-276
177
449
725
1006
1247
1559
1774
1969
2214
2441
2689
2881
2927
2864
2815
2714
2499
2186
1795
1494
1166
616
33
-537
-1159
-1790
-2493
-3114
-3690
-4419
-5186
-6033
-6772
-7302
-7815
-8229
-8613
-8819
-8793
-8671
-8193
-7600
-6958
-6078
-5221
-4224
-3208
-2399
-1516
-771
-296
69
240
301
260
-70
-565
-1012
-1521
-2225
-2947
-3603
-4229
-4786
-5442
-6184
-6889
-7586
-8187
-8936
-9941
-10883
-11746
-12564
-13525
-14710
-15779
-16638
-17357
-18176
-19114
-19930
-20577
-21017
-21475
-21988
-22273
-22336
-22187
-21910
-21631
-21094
-20312
-19410
-18343
-17410
-16477
-15380
-14344
-13284
-12343
-11574
-10775
-9947
-9248
-8734
-8135
-7359
-6539
-5878
-5314
-4637
-4100
-3626
-3081
-2676
-2480
-2484
-2433
-2325
-2370
-2592
-2881
-3142
-3515
-3865
-4109
-4451
-4812
-5158
-5548
-5905
-6314
-6825
-7210
-7488
-7734
-7973
-8214
-8189
-8121
-8179
-8070
-7877
-7735
-7649
-7473
-7255
-7233
-7370
-7591
-7845
-8224
-8795
-9478
-10132
-10715
-11284
-11801
-12291
-12648
-13040
-13477
-13709
-14069
-14423
-14533
-14664
-14909
-15292
-15560
-15648
-15843
-16027
-16062
-16232
-16484
-16468
-16337
-16211
-16013
-15782
-15504
-15139
-14640
-14203
-13914
-13476
-12984
-12537
-12072
-11654
-11130
-10622
-10228
-9837
-9487
-9009
-8529
-8185
-7822
-7491
-7193
-6983
-6912
-6980
-7111
-7068
-7060
-7288
-7606
-7892
-8062
-8251
-8572
-8894
-9150
-9466
-9921
-10295
-10442
-10584
-10831
-11099
-11270
-11242
-11125
-10910
-10629
-10440
-10138
-9528
-8895
-8421
-7838
-7154
-6474
-5871
-5487
-5068
-4543
-4119
-3724
-3318
-2961
-2616
-2338
-2129
-1813
-1551
-1453
-1319
-1201
-1115
-1125
-1286
-1351
-1327
-1413
-1601
-1857
-2116
-2216
-2327
-2587
-2753
-2720
-2563
-2417
-2285
-1910
-1330
-919
-490
93
641
1274
1871
2436
3078
3807
4528
5099
5810
6570
7366
8197
8766
9477
10189
10622
11101
11429
11748
12136
12337
12502
12636
12837
13006
13026
13093
13305
13577
13529
13400
13467
13518
13516
13394
13287
13203
13050
12890
12715
12514
12250
11983
11608
11121
10585
10013
9508
8858
8060
7178
6241
5344
4342
3231
1899
412
-999
-2524
-4195
-5870
-7687
-9599
-11418
-13296
-15189
-17079
-18948
-20695
-22533
-24277
-26052
-27838
-29273
-30741
-32244
-33867
-35383
-36312
-37134
-37907
-38671
-39410
-39874
-40208
-40304
-40351
-40478
-40474
-40336
-39942
-39458
-38955
-38188
-37345
-36440
-35383
-34245
-32871
-31532
-30273
-28849
-27529
-26165
-24803
-23532
-22027
-20609
-19205
-17625
-16128
-14573
-12960
-11366
-9824
-8371
-6953
-5531
-4037
-2627
-1321
-56
1303
2828
4190
5514
6796
8010
9080
9708
10713
11372
11346
11925
11652
11272
11232
10260
10302
9694
8778
8852
7770
7772
7704
7097
7453
6917
7205
7440
7510
8532
8681
9528
10112
10155
10879
10764
11012
11214
10830
10880
10484
10097
9793
9105
8513
7822
7009
6317
5491
4526
3682
2572
1325
190
-1091
-2224
-3413
-4660
-5657
-6807
-7999
-9147
-10354
-11378
-12495
-13760
-14859
-15945
-16843
-17544
-18392
-19141
-19879
-20569
-21011
-21582
-21992
-22245
-22686
-22969
-23295
-23608
-23756
-23997
-24088
-24183
-24335
-24377
-24440
-24432
-24360
-24210
-24011
-23819
-23550
-23201
-22789
-22433
-22061
-21627
-21182
-20728
-20337
-19829
-19217
-18588
-17918
-17340
-16749
-16106
-15516
-14895
-14247
-13606
-12829
-12068
-11412
-10694
-10108
-9597
-9014
-8531
-7994
-7532
-7204
-6721
-6387
-6066
-5656
-5350
-4844
-4503
-4208
-3804
-3683
-3308
-2900
-2644
-2305
-2125
-1717
-1441
-1262
-686
-292
230
858
1433
2276
2886
3613
4466
5006
5682
6189
6552
6978
7238
7530
7623
7662
7810
7810
7781
7563
7422
7436
7315
7181
7021
7021
6830
6455
6410
6256
6003
5677
5355
5300
4930
4417
3983
3456
3112
2674
2105
1604
1183
924
575
213
7
-195
-520
-858
-1076
-1397
-1711
-2035
-2473
-2792
-3166
-3635
-4154
-4763
-5377
-6181
-7066
-7879
-8764
-9651
-10536
-11475
-12505
-13595
-14671
-15746
-16751
-17908
-19157
-20289
-21462
-22500
-23568
-24660
-25570
-26643
-27634
-28475
-29275
-29895
-30575
-31172
-31678
-32021
-32165
-32400
-32415
-32403
-32339
-32053
-31878
-31499
-31095
-30672
-30120
-29785
-29281
-28721
-28212
-27499
-26897
-26287
-25569
-24872
-24076
-23265
-22371
-21362
-20432
-19467
-18441
-17399
-16307
-15309
-14397
-13489
-12599
-11718
-10785
-9859
-9103
-8308
-7505
-6787
-6028
-5432
-4771
-4057
-3531
-2887
-2279
-1661
-938
-416
209
902
1501
2401
3118
3736
4840
5476
6138
7133
7745
8875
9479
9845
10828
11064
11670
12121
12303
13069
13216
13644
13923
14134
14783
14808
15270
15499
15583
16095
15993
16236
16252
15923
15816
15406
15173
14642
14089
13621
12846
12210
11173
10240
9561
8647
7767
6522
5386
4515
3304
2032
663
-664
-1923
-3401
-4747
-5968
-7134
-8129
-9130
-10066
-10849
-11557
-12092
-12459
-12698
-12788
-12886
-12908
-12872
-12895
-12808
-12809
-12823
-12702
-12608
-12324
-12069
-11955
-11650
-11413
-11342
-11184
-10986
-10813
-10739
-10761
-10643
-10616
-10724
-10853
-11129
-11253
-11533
-11872
-12086
-12479
-12563
-12815
-13178
-13219
-13526
-13710
-13832
-14031
-14025
-14184
-14423
-14519
-14612
-14788
-15013
-15217
-15310
-15463
-15800
-16046
-16281
-16530
-16720
-17010
-17269
-17504
-17694
-17828
-18073
-18205
-18284
-18380
-18418
-18502
-18508
-18544
-18572
-18488
-18423
-18196
-17810
-17383
-16933
-16357
-15604
-14953
-14347
-13594
-12799
-12113
-11545
-10988
-10353
-9688
-9079
-8447
-7845
-7224
-6477
-5696
-4848
-4031
-3211
-2243
-1324
-527
218
996
1883
2713
3391
4008
4656
5334
5933
6430
6886
7244
7425
7519
7541
7417
7194
6818
6300
5726
5006
4221
3396
2471
1525
535
-491
-1423
-2266
-3081
-3872
-4727
-5491
-6087
-6783
-7511
-8200
-8964
-9710
-10428
-11194
-11860
-12414
-13006
-13506
-14004
-14493
-14795
-15187
-15534
-15872
-16378
-16849
-17419
-17825
-18155
-18634
-18984
-19284
-19405
-19377
-19419
-19461
-19365
-19074
-18799
-18508
-18034
-17382
-16596
-15825
-15075
-14245
-13346
-12342
-11325
-10515
-9793
-9025
-8303
-7663
-7135
-6692
-6318
-6029
-5843
-5745
-5649
-5599
-5647
-5756
-5879
-5995
-6045
-5977
-5895
-5813
-5626
-5407
-5177
-4817
-4510
-4368
-4287
-4144
-3867
-3728
-3698
-3592
-3456
-3380
-3464
-3444
-3312
-3212
-3029
-2982
-2976
-2810
-2758
-2746
-2685
-2709
-2747
-2811
-2991
-3133
-3152
-3313
-3591
-3935
-4394
-4681
-4929
-5319
-5701
-6062
-6424
-6730
-6947
-7085
-6978
-6698
-6549
-6390
-6063
-5747
-5414
-5104
-4833
-4577
-4643
-4697
-4526
-4556
-4762
-5093
-5488
-5708
-5906
-6393
-6921
-7307
-7725
-8090
-8628
-9175
-9382
-9723
-10159
-10556
-11008
-11365
-11730
-12134
-12461
-12795
-13322
-13753
-13988
-14133
-14144
-14373
-14422
-14157
-14000
-13729
-13516
-13136
-12585
-12259
-11684
-11053
-10493
-9788
-9123
-8406
-7828
-7279
-6547
-5808
-5070
-4626
-4201
-3683
-3323
-2821
-2556
-2320
-1869
-1591
-1179
-876
-594
-41
411
883
1314
1727
2175
2404
2640
2830
2936
2984
2895
2861
2742
2535
2177
1629
1121
543
-100
-850
-1590
-2268
-3006
-3658
-4337
-4915
-5343
-5677
-5896
-6195
-6293
-6283
-6223
-5948
-5887
-5699
-5383
-5239
-4845
-4639
-4497
-4250
-4312
-4207
-4240
-4400
-4408
-4549
-4592
-4878
-5235
-5443
-5853
-6274
-6840
-7414
-7852
-8350
-8810
-9293
-9667
-9861
-10062
-10253
-10379
-10321
-10200
-10162
-10120
-10014
-9859
-9727
-9611
-9554
-9513
-9496
-9481
-9317
-9167
-9015
-8807
-8640
-8384
-8142
-8009
-7843
-7651
-7376
-7234
-7328
-7270
-7184
-7071
-7000
-7208
-7163
-6957
-6801
-6677
-6832
-6791
-6579
-6591
-6806
-7122
-7218
-7281
-7543
-7863
-8208
-8409
-8420
-8487
-8616
-8594
-8408
-8172
-7955
-7771
-7483
-7024
-6546
-6090
-5615
-5081
-4506
-3963
-3454
-2924
-2302
-1730
-1253
-784
-355
36
266
396
650
898
1043
1042
938
907
836
653
452
308
224
76
-139
-336
-509
-740
-1088
-1535
-2019
-2508
-3077
-3666
-4188
-4689
-5104
-5495
-5928
-6255
-6542
-6780
-6970
-7266
-7475
-7612
-7827
-8044
-8222
-8394
-8518
-8659
-8890
-8923
-9046
-9352
-9490
-9726
-9855
-9921
-10122
-10236
-10538
-10725
-10691
-10801
-10856
-10934
-10912
-10764
-10753
-10775
-10847
-10744
-10514
-10486
-10552
-10685
-10672
-10574
-10798
-11140
-11385
-11654
-11934
-12254
-12665
-13067
-13538
-14040
-14416
-14807
-15203
-15541
-15884
-16065
-16057
-16151
-16105
-15860
-15669
-15211
-14758
-14293
-13592
-13055
-12363
-11621
-10980
-10114
-9362
-8658
-7873
-7203
-6426
-5694
-5139
-4538
-4052
-3646
-3141
-2698
-2374
-2147
-1972
-1703
-1445
-1215
-936
-720
-453
-93
222
623
1105
1620
2174
2579
3101
3818
4379
4881
5306
5759
6275
6613
6858
7043
7257
7447
7492
7449
7378
7408
7308
7034
6798
6545
6307
5947
5439
4974
4416
3829
3217
2399
1699
1122
531
10
-624
-1227
-1680
-2128
-2513
-2847
-3343
-3968
-4425
-4641
-4781
-5363
-6224
-6760
-7138
-7470
-8134
-9037
-9681
-10294
-10809
-11430
-12144
-12650
-13219
-13762
-14189
-14594
-14994
-15447
-15914
-16206
-16466
-16800
-16984
-17229
-17346
-17383
-17623
-17689
-17847
-18161
-18460
-18765
-18937
-19361
-19867
-20082
-20213
-20372
-20633
-20752
-20650
-20614
-20551
-20383
-20121
-19769
-19641
-19551
-19323
-19216
-19041
-18937
-18873
-18584
-18389
-18183
-17960
-17806
-17540
-17280
-16957
-16592
-16331
-16064
-15705
-15266
-14791
-14239
-13679
-13098
-12385
-11643
-10871
-10061
-9233
-8381
-7615
-6946
-6210
-5314
-4359
-3367
-2427
-1608
-748
30
690
1369
1924
2389
2819
3019
3243
3627
3892
4107
4062
3973
4235
4351
4341
4142
3851
3795
3381
2914
2529
2038
1780
1298
960
814
423
210
-153
-455
-674
-1192
-1421
-1665
-1952
-2173
-2709
-2898
-2981
-3261
-3334
-3481
-3460
-3498
-3747
-3580
-3382
-3089
-2641
-2465
-2043
-1531
-1145
-595
-165
351
728
788
1096
1316
1412
1482
1396
1474
1416
1322
1416
1378
1252
908
516
264
-77
-498
-991
-1476
-1895
-2492
-3366
-4196
-4897
-5526
-6232
-7279
-8271
-9158
-10148
-11172
-12437
-13551
-14493
-15642
-16644
-17705
-18779
-19659
-20823
-21870
-22778
-23703
-24278
-25023
-25659
-26026
-26560
-26911
-27260
-27514
-27582
-27793
-27874
-27799
-27671
-27441
-27077
-26704
-26460
-26107
-25558
-24895
-24154
-23443
-22732
-21958
-21062
-19987
-18967
-18005
-16946
-16070
-15309
-14486
-13608
-12594
-11790
-11128
-10320
-9494
-8633
-7973
-7378
-6647
-5962
-5192
-4496
-3705
-2925
-2594
-2067
-1373
-607
300
833
1541
2347
2855
3354
3783
4395
4862
5269
5525
5764
6666
6605
6968
7779
7474
8163
7921
8023
8649
7551
7939
7336
6462
6241
4612
4249
2969
1754
882
-932
-1512
-3086
-4011
-4629
-5948
-6152
-7304
-7891
-8190
-8964
-9043
-9548
-9690
-9757
-9873
-9798
-9859
-9749
-9924
-9882
-9800
-9671
-9417
-9449
-9129
-9062
-9165
-9071
-9076
-8879
-9074
-9302
-9249
-9374
-9399
-9548
-9543
-9337
-9337
-9301
-9218
-8944
-8620
-8500
-8453
-8358
-8177
-8056
-7972
-7856
-7650
-7324
-7059
-6932
-6812
-6682
-6502
-6319
-6305
-6317
-6396
-6390
-6266
-6377
-6353
-6282
-6299
-6147
-6126
-5977
-5867
-5970
-5817
-5858
-5942
-5886
-5912
-5758
-5854
-6092
-6224
-6497
-6593
-6704
-6791
-6731
-6748
-6441
-6188
-6077
-5655
-5330
-4852
-4304
-3937
-3186
-2406
-1648
-689
20
841
1803
2645
3614
4310
4933
5663
6151
6648
6876
7065
7415
7437
7316
6926
6572
6356
5726
5060
4285
3405
2675
1699
705
-235
-1243
-2211
-3365
-4482
-5414
-6385
-7437
-8532
-9450
-10332
-11349
-12206
-12892
-13499
-14124
-14848
-15419
-15907
-16299
-16535
-16844
-17020
-17117
-17234
-17174
-17062
-16959
-17006
-17122
-17131
-17187
-17201
-17195
-17117
-16918
-16790
-16750
-16784
-16674
-16489
-16400
-16310
-16285
-16166
-16025
-15975
-15849
-15792
-15608
-15304
-15063
-14700
-14510
-14302
-14061
-13983
-13655
-13574
-13534
-13308
-13379
-13214
-13225
-13332
-13138
-13311
-13197
-13078
-13207
-12994
-13114
-12975
-12680
-12725
-12444
-12406
-12158
-11673
-11454
-10857
-10460
-9935
-9166
-8671
-7862
-7276
-6573
-5535
-4853
-3966
-3156
-2295
-1171
-307
664
1542
2473
3625
4583
5554
6354
7143
8030
8772
9579
10216
10705
11137
11385
11551
11519
11466
11353
11013
10498
9840
9418
8944
8271
7671
7036
6629
6158
5605
5267
4854
4524
4127
3781
3506
3098
2822
2301
1925
1648
1124
891
529
243
-84
-787
-1313
-2031
-2796
-3573
-4639
-5683
-6859
-8009
-9176
-10494
-11662
-12740
-13794
-14946
-16129
-17200
-18322
-19426
-20515
-21671
-22726
-23707
-24621
-25366
-26148
-26937
-27590
-28146
-28535
-28864
-29157
-29369
-29506
-29486
-29360
-29116
-28730
-28175
-27492
-26794
-25930
-24881
-23805
-22840
-22038
-21298
-20543
-19682
-18918
-18361
-17721
-16944
-16111
-15531
-15270
-14902
-14273
-13641
-13318
-13091
-12900
-12887
-12889
-12737
-12294
-11693
-10925
-10415
-10691
-11156
-11245
-10930
-10599
-10356
-9642
-8466
-7584
-7419
-7410
-6939
-6172
-5613
-5144
-4203
-3092
-2254
-1751
-1594
-1432
-1109
-492
554
1678
2689
3581
4352
5130
5777
6079
6283
6697
7336
8042
8513
8583
8396
8263
8341
8446
8397
8241
8121
8093
8054
7849
7282
6465
5870
5506
5044
4426
3879
3660
3528
3088
2461
1930
1512
999
291
-384
-882
-1373
-1982
-2540
-3006
-3462
-3955
-4591
-5158
-5657
-6155
-6538
-6880
-7137
-7465
-7817
-8180
-8586
-8862
-9174
-9517
-10010
-10555
-10864
-11025
-11056
-11126
-11298
-11408
-11480
-11606
-11720
-11774
-11634
-11372
-11267
-11209
-11195
-11148
-10946
-10719
-10389
-9938
-9458
-8901
-8368
-7850
-7208
-6641
-6104
-5547
-5026
-4358
-3684
-3120
-2817
-2880
-3049
-3247
-3382
-3518
-3774
-4100
-4533
-5062
-5649
-6227
-6716
-7099
-7522
-8049
-8496
-8802
-9075
-9484
-9958
-10363
-10679
-10837
-10923
-11046
-11193
-11164
-11013
-11085
-11149
-11025
-10865
-10769
-10823
-10936
-10928
-10860
-10897
-10831
-10783
-10678
-10298
-10118
-9874
-9503
-9278
-8989
-8905
-8823
-8603
-8538
-8285
-7884
-7529
-7201
-7007
-6752
-6529
-6419
-6308
-6284
-6168
-6002
-5889
-5788
-5848
-5879
-5734
-5450
-5087
-4877
-4738
-4510
-4286
-4123
-3977
-3800
-3682
-3706
-3741
-3603
-3330
-3181
-3094
-2903
-2773
-2683
-2608
-2525
-2379
-2433
-2584
-2749
-3092
-3439
-3859
-4316
-4798
-5405
-5987
-6683
-7386
-8061
-8782
-9372
-10071
-10876
-11568
-12141
-12584
-12941
-13236
-13508
-13671
-13745
-13736
-13496
-13301
-13170
-12925
-12712
-12432
-12109
-11776
-11345
-11035
-10774
-10393
-9992
-9583
-9257
-8938
-8577
-8445
-8395
-8302
-8149
-7853
-7714
-7639
-7486
-7338
-7072
-6966
-6924
-6679
-6553
-6399
-6196
-6175
-6100
-6083
-6052
-5856
-5828
-5809
-5734
-5635
-5307
-5151
-5159
-5093
-5155
-5137
-5182
-5402
-5464
-5582
-5791
-6030
-6339
-6582
-6859
-7079
-7285
-7594
-7747
-7854
-8016
-8208
-8470
-8495
-8428
-8413
-8250
-8059
-7758
-7405
-7015
-6485
-5980
-5531
-5182
-4752
-4282
-3924
-3528
-3226
-2913
-2550
-2292
-1992
-1673
-1369
-1107
-1082
-1211
-1377
-1640
-1880
-2041
-2252
-2505
-2741
-2945
-3119
-3342
-3646
-3763
-3823
-4071
-4277
-4566
-4792
-4910
-5116
-5089
-5052
-5015
-4881
-4848
-4710
-4694
-4825
-4875
-4908
-4808
-4792
-4926
-4888
-4739
-4597
-4584
-4690
-4625
-4550
-4642
-4787
-4991
-5054
-5055
-5160
-5275
-5541
-5735
-5792
-5987
-6214
-6479
-6840
-7273
-7736
-8237
-8769
-9305
-9853
-10248
-10712
-11296
-11769
-12123
-12302
-12653
-13058
-13261
-13554
-13807
-14113
-14401
-14447
-14659
-14975
-15135
-15283
-15416
-15594
-15863
-15931
-15911
-16033
-16125
-16243
-16327
-16344
-16427
-16484
-16477
-16343
-16256
-16318
-16310
-16316
-16196
-15929
-15822
-15552
-15290
-15164
-14718
-14393
-14076
-13655
-13597
-13361
-13158
-13123
-12803
-12663
-12349
-11816
-11567
-11082
-10591
-10160
-9480
-9037
-8504
-7828
-7378
-6715
-6001
-5241
-4367
-3688
-2812
-1876
-955
-1
664
1487
2314
2995
3749
4280
4957
5560
5812
6183
6322
6366
6495
6325
6163
5944
5498
4983
4291
3668
3054
2204
1304
346
-480
-1229
-2179
-3041
-3901
-4738
-5408
-6072
-6447
-6781
-7065
-7046
-7248
-7421
-7454
-7443
-7355
-7623
-7794
-7718
-7658
-7511
-7625
-7770
-7798
-7905
-7917
-8034
-8091
-7996
-8021
-8095
-8309
-8329
-8068
-7888
-7766
-7742
-7491
-7003
-6646
-6310
-5987
-5624
-5228
-4910
-4593
-4255
-3884
-3547
-3207
-2914
-2759
-2527
-2398
-2370
-2407
-2671
-2827
-2956
-3165
-3418
-3747
-3968
-4265
-4697
-5079
-5519
-5902
-6151
-6552
-6845
-7019
-7227
-7236
-7423
-7567
-7528
-7621
-7486
-7472
-7552
-7477
-7565
-7570
-7642
-7615
-7461
-7561
-7542
-7592
-7497
-7259
-7366
-7243
-7142
-7050
-6802
-6922
-6730
-6391
-6201
-5789
-5655
-5414
-5064
-5011
-4751
-4546
-4487
-4441
-4591
-4549
-4359
-4308
-4281
-4234
-4173
-4113
-4108
-4180
-4202
-4204
-4181
-4219
-4475
-4688
-4973
-5321
-5653
-6132
-6460
-6799
-7326
-7808
-8280
-8677
-9236
-9991
-10561
-11176
-11790
-12281
-12761
-13055
-13466
-13958
-14186
-14485
-14934
-15330
-15546
-15650
-15971
-16430
-16727
-16908
-17195
-17666
-18098
-18365
-18715
-19171
-19596
-20002
-20306
-20632
-20974
-21235
-21493
-21626
-21716
-21797
-21685
-21389
-21039
-20732
-20368
-19862
-19258
-18680
-18196
-17638
-17050
-16638
-16300
-15871
-15335
-14761
-14288
-13851
-13331
-12834
-12315
-11733
-11144
-10452
-9833
-9345
-8643
-7938
-7428
-6791
-6142
-5462
-4700
-4081
-3381
-2702
-2137
-1495
-908
-334
154
510
841
1111
1423
1732
1970
2131
2291
2591
2816
2924
2991
2945
2753
2354
1921
1555
1195
855
447
35
-311
-743
-1335
-1944
-2403
-2915
-3555
-4053
-4428
-4858
-5305
-5561
-5621
-5752
-5994
-6089
-6057
-6222
-6510
-6666
-6593
-6544
-6804
-7060
-7204
-7250
-7191
-7302
-7364
-7221
-7056
-6908
-6874
-6878
-6900
-7090
-7299
-7456
-7567
-7515
-7463
-7347
-7138
-7074
-6911
-6706
-6419
-5943
-5588
-4998
-4417
-4090
-3585
-3341
-3100
-2742
-2724
-2502
-2225
-2106
-1960
-1894
-1617
-1327
-1212
-1038
-878
-804
-903
-988
-801
-597
-311
217
546
872
1313
1638
2246
2850
3287
3700
3903
4234
4598
4893
5265
5565
5861
6052
6192
6379
6540
6687
6612
6392
6146
5818
5481
5024
4479
4000
3479
2819
2206
1907
1722
1288
779
375
-15
-497
-1111
-1707
-2347
-3121
-4009
-4813
-5447
-6204
-7041
-7995
-8867
-9543
-10293
-10896
-11679
-12545
-13130
-13866
-14307
-14597
-15258
-15691
-16030
-16491
-16708
-16852
-17037
-17133
-17344
-17732
-17917
-18030
-18342
-18527
-18752
-18999
-18959
-19063
-19162
-19013
-18977
-18891
-18704
-18593
-18384
-18181
-18208
-18158
-17929
-17790
-17689
-17512
-17295
-17045
-16804
-16758
-16758
-16597
-16550
-16549
-16533
-16592
-16545
-16566
-16633
-16487
-16180
-15844
-15546
-15253
-14953
-14510
-14025
-13530
-12949
-12562
-12100
-11567
-11183
-10626
-10011
-9315
-8578
-8115
-7631
-7029
-6472
-5844
-5340
-4988
-4514
-4080
-3481
-2666
-2062
-1530
-1002
-336
527
1177
1667
2106
2581
3165
3625
4070
4616
5144
5718
6374
6928
7398
7921
8443
9034
9493
9728
9998
10217
10393
10441
10342
10365
10336
10200
10096
10024
10018
9971
9804
9595
9305
8965
8621
8197
7815
7424
6988
6632
6214
5755
5310
4818
4331
3805
3233
2686
2133
1594
1126
601
-28
-741
-1573
-2370
-3131
-3752
-4172
-4805
-5609
-6484
-7350
-7929
-8588
-9445
-10174
-10873
-11499
-12003
-12637
-13305
-13984
-14682
-15168
-15654
-16239
-16841
-17446
-17935
-18432
-18854
-19181
-19642
-20093
-20610
-21227
-21648
-21984
-22282
-22502
-22736
-22800
-22910
-23007
-22751
-22754
-22820
-22679
-22717
-22561
-22308
-22043
-21724
-21626
-21476
-21274
-21030
-20655
-20319
-19989
-19788
-19669
-19484
-19256
-18900
-18604
-18410
-18159
-17899
-17615
-17229
-16780
-16500
-16206
-15759
-15408
-14848
-14204
-13750
-13170
-12615
-12112
-11578
-11178
-10621
-9929
-9456
-9063
-8640
-8176
-7670
-7223
-6785
-6273
-5696
-5197
-4676
-4075
-3492
-2879
-2377
-1824
-1140
-522
130
789
1464
2167
2915
3678
4400
5236
5979
6704
7477
8077
8766
9357
9807
10265
10462
10674
10892
10932
10993
10940
10869
10809
10525
10235
10023
9785
9431
8827
8260
7800
7185
6438
5498
4587
3856
3025
2236
1442
650
104
-473
-1093
-1731
-2438
-2853
-3106
-3529
-4081
-4605
-4894
-5156
-5596
-6025
-6455
-6805
-7172
-7736
-8073
-8275
-8616
-8966
-9492
-9901
-10116
-10537
-10936
-11266
-11593
-11922
-12467
-12938
-13208
-13655
-14221
-14811
-15343
-15686
-16247
-16969
-17560
-18227
-18873
-19564
-20350
-20995
-21562
-22086
-22612
-23109
-23560
-23981
-24205
-24436
-24711
-24854
-25037
-25189
-25260
-25257
-25156
-25111
-24986
-24757
-24544
-24281
-24003
-23642
-23209
-22877
-22529
-22053
-21565
-21120
-20647
-20033
-19374
-18783
-18105
-17436
-16847
-16279
-15810
-15220
-14554
-13952
-13263
-12602
-11827
-10907
-10073
-9176
-8208
-7193
-6140
-5192
-4348
-3431
-2392
-1413
-467
438
1313
2208
2974
3799
4666
5374
6059
6562
6924
7362
7614
7729
7837
7875
8030
8033
7802
7742
7613
7371
7111
6724
6519
6252
5767
5429
5047
4690
4337
3890
3701
3420
3079
2847
2483
2262
1852
1336
1067
606
85
-431
-889
-1180
-1624
-2066
-2458
-2922
-3333
-3882
-4432
-4902
-5565
-6116
-6634
-7170
-7538
-8024
-8428
-8853
-9379
-9833
-10400
-10783
-11061
-11347
-11499
-11839
-12160
-12343
-12587
-12650
-12670
-12775
-12855
-13068
-13241
-13230
-13148
-13014
-13086
-13126
-12886
-12713
-12539
-12344
-12197
-12146
-12212
-12129
-11988
-11849
-11803
-11841
-11710
-11635
-11608
-11519
-11443
-11349
-11376
-11489
-11556
-11494
-11350
-11256
-11194
-11179
-11098
-11007
-10990
-10902
-10856
-10906
-10889
-10831
-10771
-10599
-10396
-10197
-9929
-9630
-9148
-8519
-7914
-7371
-6840
-6103
-5353
-4735
-4060
-3336
-2558
-1943
-1470
-879
-434
-31
531
1090
1597
1804
1884
2229
2751
3310
3731
3972
4181
4409
4655
4871
4997
5053
5042
5038
5129
5149
5049
4850
4582
4297
3795
3255
2784
2133
1416
619
-191
-893
-1680
-2520
-3291
-4085
-4992
-5849
-6661
-7486
-8284
-9172
-10086
-11006
-11923
-12874
-13926
-14914
-15860
-16791
-17784
-18785
-19534
-20240
-21046
-21859
-22630
-23193
-23700
-24283
-24687
-24991
-25299
-25536
-25764
-25928
-26070
-26186
-26258
-26321
-26293
-26193
-25995
-25880
-25808
-25532
-25184
-24706
-24181
-23661
-23034
-22440
-21852
-21210
-20494
-19766
-19058
-18329
-17653
-16930
-16253
-15655
-14974
-14349
-13715
-13041
-12426
-11668
-10858
-10204
-9435
-8589
-7820
-6971
-6202
-5333
-4231
-3313
-2532
-1730
-913
-61
689
1267
1826
2405
2893
3459
4077
4533
5041
5574
5928
6327
6755
7118
7466
7662
7874
8193
8408
8645
8902
9082
9374
9590
9636
9780
9785
9732
9733
9540
9403
9256
9100
9099
9007
8906
8798
8742
8757
8630
8568
8542
8504
8448
8255
8242
8237
8059
7981
7854
7759
7595
7181
6934
6596
6007
5492
4889
4274
3634
2939
2426
1913
1311
669
33
-424
-857
-1356
-1892
-2506
-2894
-3096
-3433
-3760
-4064
-4355
-4527
-4869
-5276
-5408
-5697
-6125
-6499
-6992
-7348
-7924
-8546
-8860
-9457
-10113
-10774
-11316
-11717
-12383
-12905
-13427
-13896
-14303
-14914
-15302
-15704
-16074
-16374
-16881
-17229
-17547
-17865
-18152
-18548
-18766
-19041
-19354
-19464
-19617
-19693
-19809
-19957
-20007
-20149
-20109
-19984
-19913
-19773
-19655
-19407
-19153
-18865
-18475
-18161
-17763
-17413
-17077
-16520
-16010
-15611
-15140
-14585
-13931
-13348
-12912
-12405
-11889
-11431
-11060
-10816
-10467
-10006
-9580
-9265
-9096
-8859
-8443
-8072
-7879
-7731
-7535
-7291
-7170
-7239
-7250
-7222
-7147
-7133
-7291
-7350
-7410
-7487
-7605
-7950
-8277
-8562
-8844
-8925
-9059
-9423
-9675
-9750
-9749
-9712
-9805
-10022
-10335
-10393
-10051
-10085
-10681
-11307
-11366
-10934
-10967
-11465
-11829
-11787
-11616
-11810
-11939
-11919
-12107
-12210
-12050
-11707
-11496
-11484
-11169
-10581
-10099
-9776
-9395
-8772
-8147
-7774
-7421
-6679
-5879
-5403
-4985
-4495
-3815
-3239
-2964
-2551
-2126
-1763
-1429
-1178
-764
-346
-58
285
662
1050
1524
2022
2519
3037
3496
3996
4530
4946
5355
5773
6240
6850
7412
7691
7530
7518
8374
9284
9266
8567
8165
8740
9196
8721
8058
7658
7614
7066
6003
5516
4983
4014
2908
1953
1228
84
-1095
-1974
-2782
-3488
-4461
-5514
-6551
-7554
-8015
-8383
-9252
-10587
-11825
-12312
-12529
-13179
-14140
-14837
-15219
-15671
-16090
-16409
-16637
-16866
-17285
-17505
-17542
-17747
-17899
-18021
-18115
-18067
-18187
-18416
-18534
-18567
-18611
-18785
-18882
-18795
-18799
-18929
-18794
-18494
-18456
-18485
-18293
-17826
-17357
-16941
-16290
-15950
-15937
-15213
-13838
-12852
-12842
-13069
-12375
-11225
-10521
-10340
-10203
-9487
-8918
-8902
-8685
-8015
-7243
-7150
-7179
-6564
-5953
-5626
-5553
-5365
-4826
-4411
-4225
-3994
-3607
-3154
-2812
-2724
-2671
-2514
-2382
-2331
-2446
-2475
-2498
-2610
-2557
-2664
-2733
-2589
-2598
-2616
-2727
-2732
-2554
-2705
-2947
-3112
-3355
-3604
-3867
-4093
-4280
-4565
-4950
-5204
-5293
-5381
-5587
-5984
-6269
-6323
-6393
-6533
-6769
-6916
-6960
-7147
-7264
-7377
-7521
-7417
-7398
-7523
-7685
-7883
-7857
-7860
-7911
-7920
-8084
-8166
-8266
-8404
-8475
-8698
-8909
-9166
-9413
-9475
-9590
-9589
-9554
-9582
-9548
-9605
-9498
-9323
-9333
-9269
-9178
-9043
-8804
-8596
-8349
-8108
-7941
-7724
-7544
-7357
-7117
-7037
-6951
-6948
-7061
-6970
-6886
-6805
-6718
-6766
-6639
-6431
-6333
-6221
-6180
-6113
-6033
-6112
-6169
-6170
-6144
-6037
-5939
-5806
-5717
-5644
-5391
-5255
-5193
-5076
-5122
-4972
-4813
-4849
-4700
-4615
-4490
-4386
-4416
-4155
-3958
-3855
-3608
-3488
-3425
-3235
-2982
-2837
-2853
-2961
-2968
-2959
-3099
-3288
-3566
-3779
-4053
-4594
-5050
-5366
-5674
-6092
-6650
-7128
-7465
-7797
-8114
-8267
-8368
-8513
-8648
-8662
-8573
-8525
-8352
-8207
-8061
-7732
-7539
-7204
-6731
-6445
-6165
-5979
-5706
-5348
-5241
-5040
-4731
-4560
-4487
-4543
-4350
-3937
-3748
-3615
-3454
-3144
-2688
-2393
-2113
-1862
-1637
-1376
-1315
-1219
-973
-845
-804
-822
-805
-648
-619
-682
-676
-772
-889
-1055
-1318
-1471
-1697
-1944
-2158
-2536
-2796
-3097
-3518
-3793
-4104
-4445
-4795
-5097
-5307
-5518
-5692
-5940
-6172
-6288
-6417
-6566
-6787
-7002
-7125
-7289
-7487
-7616
-7715
-7836
-7981
-8144
-8250
-8304
-8344
-8380
-8490
-8563
-8543
-8578
-8672
-8773
-8821
-8858
-8973
-9089
-9188
-9285
-9372
-9522
-9695
-9884
-10067
-10167
-10270
-10326
-10477
-10679
-10690
-10776
-10835
-10830
-10841
-10743
-10768
-10750
-10599
-10531
-10547
-10608
-10449
-10297
-10434
-10521
-10531
-10542
-10702
-11067
-11297
-11466
-11721
-12008
-12376
-12755
-13129
-13529
-13918
-14240
-14515
-14742
-14856
-14941
-15022
-15050
-15073
-14996
-14796
-14625
-14467
-14323
-14122
-13770
-13427
-13058
-12679
-12361
-11904
-11521
-11272
-10963
-10655
-10239
-9869
-9671
-9444
-9218
-8978
-8736
-8528
-8283
-8092
-7892
-7612
-7358
-7163
-7104
-7081
-6916
-6776
-6729
-6621
-6383
-6008
-5708
-5552
-5219
-4822
-4549
-4273
-4133
-3916
-3554
-3381
-3130
-2787
-2506
-2208
-2025
-1736
-1280
-987
-849
-763
-660
-531
-515
-609
-697
-752
-858
-1089
-1302
-1474
-1679
-1931
-2310
-2633
-2961
-3467
-3798
-4027
-4422
-4824
-5196
-5471
-5685
-6049
-6357
-6590
-6812
-6924
-7123
-7216
-7173
-7170
-7064
-7022
-6886
-6633
-6486
-6275
-6189
-6127
-5940
-5831
-5725
-5742
-5811
-5865
-5992
-6056
-6099
-5984
-5865
-6059
-6243
-6298
-6267
-6123
-6091
-6083
-6004
-6011
-5889
-5628
-5435
-5325
-5358
-5288
-5119
-5075
-5042
-4992
-4878
-4875
-4949
-4958
-4997
-4877
-4981
-5388
-5712
-6089
-6360
-6620
-7007
-7298
-7554
-7831
-8090
-8241
-8318
-8516
-8762
-8899
-9023
-9166
-9234
-9178
-9029
-9040
-9178
-9157
-8973
-8717
-8491
-8383
-8325
-8205
-8073
-8028
-7991
-7848
-7670
-7535
-7472
-7352
-7076
-6904
-6804
-6664
-6546
-6363
-6323
-6348
-6116
-5927
-5916
-5928
-5876
-5682
-5605
-5733
-5833
-5894
-6042
-6236
-6322
-6350
-6393
-6440
-6571
-6629
-6540
-6505
-6471
-6479
-6458
-6362
-6467
-6506
-6327
-6142
-5972
-5869
-5661
-5347
-5165
-4980
-4776
-4627
-4488
-4383
-4225
-4088
-3980
-3856
-3806
-3741
-3668
-3571
-3535
-3537
-3388
-3331
-3343
-3331
-3306
-3227
-3301
-3290
-3128
-3009
-2870
-2816
-2690
-2543
-2541
-2459
-2383
-2325
-2204
-2136
-2045
-1885
-1712
-1559
-1446
-1345
-1188
-1111
-1257
-1385
-1507
-1705
-1950
-2319
-2608
-2850
-3197
-3626
-3969
-4081
-4421
-4871
-5130
-5457
-5747
-6198
-6711
-6984
-7431
-7900
-8284
-8720
-8973
-9353
-9834
-10107
-10443
-10774
-11039
-11366
-11620
-11850
-12181
-12572
-12863
-13023
-13204
-13421
-13704
-13979
-14108
-14216
-14383
-14492
-14464
-14427
-14456
-14480
-14469
-14401
-14344
-14306
-14232
-14154
-14033
-13842
-13604
-13264
-12924
-12572
-12082
-11598
-11076
-10606
-10231
-9754
-9350
-8943
-8544
-8134
-7587
-7222
-6845
-6317
-5820
-5281
-4851
-4482
-4024
-3604
-3287
-3074
-2850
-2519
-2273
-2189
-2083
-1896
-1580
-1328
-1292
-1141
-921
-831
-775
-735
-524
-270
-328
-421
-456
-484
-427
-594
-826
-972
-1233
-1440
-1746
-2132
-2447
-2867
-3238
-3672
-4161
-4622
-5269
-5795
-6304
-6905
-7408
-8007
-8477
-8893
-9387
-9846
-10441
-10884
-11237
-11684
-12129
-12678
-13154
-13581
-14062
-14479
-14780
-15068
-15576
-16101
-16439
-16744
-17021
-17331
-17607
-17743
-17954
-18060
-18029
-18057
-17881
-17728
-17580
-17259
-17092
-16732
-16184
-15809
-15439
-15061
-14573
-14017
-13609
-13169
-12614
-12113
-11714
-11269
-10682
-10140
-9761
-9404
-8980
-8601
-8201
-7743
-7438
-7154
-6858
-6594
-6308
-6128
-5846
-5472
-5200
-4990
-4901
-4807
-4477
-4044
-3845
-3705
-3495
-3083
-2405
-1996
-1525
-890
-437
98
405
769
1342
1563
1802
2037
2210
2494
2555
2749
3112
3203
3195
3131
3174
3276
3093
2878
2730
2679
2651
2381
2162
1969
1739
1504
1053
791
586
216
-102
-573
-957
-1373
-1900
-2160
-2572
-3068
-3511
-4036
-4371
-4794
-5296
-5757
-6349
-6854
-7471
-8190
-8777
-9448
-10103
-10786
-11558
-12277
-13037
-13658
-14230
-14927
-15561
-16167
-16639
-17045
-17506
-17902
-18279
-18560
-18825
-19125
-19393
-19627
-19737
-20007
-20409
-20578
-20630
-20707
-20922
-21130
-21176
-21353
-21549
-21621
-21747
-21765
-21743
-21829
-21774
-21666
-21511
-21214
-21012
-20793
-20471
-20157
-19727
-19251
-18859
-18473
-18011
-17493
-16970
-16422
-15757
-15010
-14399
-13756
-13006
-12343
-11657
-10974
-10250
-9528
-8899
-8138
-7394
-6679
-5964
-5285
-4442
-3656
-2864
-1977
-1178
-319
488
1263
2076
2805
3578
4296
4975
5671
6192
6665
7085
7463
7864
8090
8257
8379
8431
8498
8449
8408
8362
8157
7877
7610
7422
7123
6741
6351
5958
5686
5246
4787
4425
3980
3559
2999
2528
2241
1922
1643
1246
913
686
336
10
-405
-808
-1215
-1840
-2287
-2724
-3287
-3645
-4099
-4482
-4777
-5298
-5657
-6061
-6527
-6944
-7652
-8269
-8833
-9493
-10032
-10664
-11277
-11809
-12391
-12907
-13447
-14009
-14466
-14886
-15384
-15872
-16198
-16551
-16796
-16970
-17291
-17436
-17698
-17924
-17954
-18243
-18272
-18404
-18678
-18558
-18608
-18505
-18399
-18451
-18208
-18129
-18014
-17747
-17631
-17442
-17241
-16986
-16577
-16224
-15802
-15215
-14772
-14413
-13866
-13215
-12541
-11863
-11246
-10604
-9964
-9385
-8754
-8103
-7477
-6898
-6445
-5983
-5538
-5094
-4475
-3995
-3644
-3319
-3015
-2414
-1891
-1543
-1084
-689
-302
60
365
753
1075
1229
1511
1835
2021
2195
2320
2510
2572
2535
2515
2341
2237
2001
1720
1464
1101
854
476
192
-7
-339
-631
-1062
-1244
-1341
-1717
-2045
-2396
-2649
-2986
-3431
-3733
-4085
-4320
-4680
-5084
-5260
-5539
-5672
-5866
-6195
-6275
-6498
-6711
-6854
-7117
-7181
-7371
-7655
-7769
-7900
-7956
-8201
-8416
-8444
-8745
-8951
-9177
-9299
-9068
-9301
-9511
-9506
-9668
-9563
-9781
-10004
-9901
-10268
-10413
-10453
-10691
-10608
-10901
-11229
-11240
-11500
-11632
-11849
-12080
-12032
-12226
-12352
-12436
-12453
-12097
-12024
-12095
-11964
-11769
-11404
-11190
-11224
-10922
-10504
-10372
-10062
-9762
-9309
-8752
-8633
-8109
-7566
-7138
-6548
-6386
-5851
-5405
-5205
-4777
-4670
-4249
-3946
-3884
-3587
-3391
-3048
-2818
-2533
-2243
-2028
-1728
-1696
-1365
-1244
-1339
-1235
-1444
-1171
-1067
-1230
-1074
-1332
-1289
-1353
-1472
-1417
-2038
-2231
-2423
-2606
-2654
-3271
-3185
-3304
-3573
-3538
-4054
-3985
-4103
-4403
-4350
-4734
-4665
-4593
-4732
-4626
-4780
-4581
-4342
-4433
-4294
-4314
-4100
-3781
-3849
-3641
-3590
-3392
-3009
-3086
-2872
-2746
-2616
-2317
-2326
-2183
-2122
-2039
-1890
-1943
-1969
-2012
-2006
-2094
-2299
-2478
-2674
-2802
-3030
-3340
-3610
-3989
-4242
-4504
-4963
-5362
-5785
-6126
-6499
-6937
-7359
-7926
-8391
-8856
-9350
-9744
-10236
-10733
-11167
-11546
-11822
-12270
-12899
-13322
-13578
-13816
-14127
-14513
-14718
-14809
-14970
-15179
-15286
-15272
-15299
-15361
-15463
-15456
-15262
-15144
-15098
-14877
-14538
-14255
-13981
-13736
-13311
-12773
-12375
-11852
-11373
-10954
-10534
-10184
-9551
-8941
-8495
-8065
-7704
-7103
-6525
-6123
-5683
-5346
-4965
-4561
-4187
-3737
-3354
-2905
-2418
-2023
-1657
-1344
-1047
-808
-613
-452
-442
-484
-393
-258
-274
-402
-498
-541
-637
-870
-1000
-1030
-1222
-1387
-1486
-1455
-1354
-1442
-1496
-1539
-1625
-1717
-1841
-1940
-2092
-2348
-2739
-3057
-3320
-3592
-3793
-4242
-4692
-5029
-5455
-5762
-6205
-6658
-6959
-7369
-7707
-8025
-8291
-8428
-8673
-8905
-9013
-9038
-9035
-9197
-9406
-9507
-9571
-9620
-9801
-10020
-10241
-10617
-10794
-10708
-10734
-11004
-11456
-11714
-11790
-12100
-12488
-12719
-12827
-13016
-13373
-13679
-13910
-14138
-14431
-14744
-14966
-15146
-15294
-15413
-15515
-15530
-15481
-15471
-15423
-15303
-15231
-15119
-14841
-14596
-14469
-14365
-14342
-14272
-14118
-13972
-13855
-13814
-13667
-13456
-13206
-12965
-12803
-12475
-12254
-12145
-11933
-11790
-11523
-11243
-11063
-10716
-10410
-10190
-9771
-9304
-8907
-8544
-8390
-8149
-7673
-7343
-7002
-6621
-6286
-5837
-5466
-5103
-4586
-4134
-3816
-3529
-3244
-2943
-2620
-2335
-2044
-1749
-1591
-1409
-1157
-978
-710
-542
-532
-429
-427
-428
-405
-510
-534
-570
-726
-935
-1084
-1164
-1461
-1885
-2232
-2484
-2753
-3224
-3648
-3909
-4238
-4572
-4879
-5213
-5454
-5711
-6051
-6340
-6637
-6896
-7075
-7307
-7517
-7687
-7925
-8124
-8275
-8409
-8484
-8609
-8716
-8756
-8848
-8898
-8933
-9029
-9118
-9251
-9396
-9457
-9460
-9447
-9402
-9347
-9299
-9218
-9228
-9220
-9084
-9067
-9095
-9057
-8952
-8824
-8827
-8803
-8659
-8474
-8385
-8351
-8130
-7836
-7544
-7297
-7078
-6626
-6205
-5941
-5576
-5275
-4933
-4598
-4516
-4385
-4332
-4264
-4074
-4133
-4060
-3920
-3929
-3813
-3762
-3564
-3321
-3281
-3024
-2745
-2571
-2438
-2447
-2305
-2105
-1929
-1708
-1610
-1438
-1325
-1391
-1391
-1431
-1455
-1614
-1885
-1952
-2088
-2299
-2555
-2881
-3090
-3382
-3811
-4328
-4870
-5351
-5933
-6570
-7144
-7585
-7983
-8517
-9072
-9567
-9985
-10380
-10847
-11314
-11729
-12033
-12241
-12389
-12484
-12568
-12579
-12529
-12383
-12143
-12032
-12019
-11933
-11740
-11486
-11309
-11144
-10903
-10654
-10453
-10392
-10247
-9922
-9728
-9666
-9640
-9541
-9377
-9321
-9180
-8984
-8930
-8956
-9040
-8927
-8697
-8670
-8674
-8677
-8615
-8430
-8309
-8220
-8071
-7868
-7709
-7581
-7402
-7151
-6899
-6772
-6650
-6508
-6300
-6002
-5756
-5457
-5127
-4824
-4524
-4178
-3705
-3297
-2954
-2677
-2448
-2048
-1717
-1479
-1175
-914
-678
-526
-315
-54
20
56
27
-35
-83
-208
-284
-319
-334
-386
-512
-550
-417
-297
-315
-281
-240
-239
-239
-295
-240
-258
-434
-527
-636
-729
-793
-971
-1239
-1591
-2064
-2701
-3311
-3634
-3894
-4416
-5099
-5663
-6024
-6393
-6959
-7535
-8044
-8568
-9052
-9676
-10223
-10545
-10998
-11460
-11960
-12381
-12572
-12946
-13332
-13607
-13956
-14252
-14556
-14793
-14848
-14986
-15195
-15185
-15078
-14975
-14825
-14703
-14480
-14286
-14219
-13987
-13653
-13368
-13143
-12957
-12697
-12413
-12202
-11983
-11750
-11559
-11425
-11340
-11204
-10966
-10737
-10626
-10556
-10438
-10237
-10044
-9923
-9777
-9612
-9365
-9083
-8793
-8406
-8079
-7766
-7393
-7041
-6528
-5954
-5485
-4970
-4571
-4251
-3904
-3679
-3356
-3060
-2884
-2685
-2568
-2344
-2160
-2043
-1779
-1621
-1492
-1360
-1263
-1070
-936
-807
-602
-430
-230
-28
111
384
680
777
912
1016
1017
1078
1041
943
944
922
831
781
702
670
702
557
439
280
7
-125
-371
-652
-795
-1023
-1276
-1580
-1898
-2083
-2292
-2571
-2881
-3182
-3391
-3644
-4031
-4453
-4851
-5178
-5476
-5729
-5960
-6288
-6580
-6767
-6873
-6994
-7270
-7508
-7598
-7679
-7831
-8048
-8224
-8346
-8476
-8606
-8830
-9164
-9496
-9790
-10025
-10204
-10471
-10841
-11194
-11532
-11796
-12096
-12512
-12887
-13305
-13767
-14251
-14724
-15136
-15584
-16043
-16523
-16906
-17174
-17446
-17690
-17957
-18112
-18246
-18488
-18550
-18467
-18374
-18229
-18092
-17861
-17460
-17111
-16749
-16386
-16067
-15653
-15356
-14980
-14533
-14182
-13741
-13452
-13051
-12483
-12053
-11637
-11374
-11115
-10816
-10665
-10515
-10311
-10087
-9909
-9835
-9769
-9555
-9305
-9130
-8927
-8766
-8605
-8448
-8408
-8242
-7996
-7836
-7678
-7511
-7245
-6926
-6639
-6298
-5965
-5702
-5433
-5159
-4822
-4420
-4035
-3686
-3413
-3081
-2689
-2334
-2034
-1792
-1547
-1397
-1287
-1172
-1034
-930
-1006
-1059
-1125
-1175
-1199
-1299
-1316
-1436
-1662
-1855
-2096
-2307
-2545
-2889
-3100
-3268
-3569
-3733
-3867
-4005
-4112
-4282
-4277
-4332
-4341
-4203
-4230
-4109
-4095
-4143
-3997
-3970
-3822
-3776
-3778
-3616
-3567
-3384
-3251
-3215
-3177
-3278
-3338
-3411
-3395
-3382
-3455
-3419
-3443
-3382
-3344
-3423
-3359
-3440
-3512
-3499
-3608
-3536
-3563
-3765
-3835
-3992
-4014
-3944
-4030
-4068
-4177
-4213
-4257
-4507
-4615
-4696
-4834
-5054
-5413
-5581
-5679
-5911
-6105
-6260
-6321
-6353
-6545
-6701
-6788
-7005
-7314
-7633
-7951
-8264
-8596
-8957
-9198
-9431
-9815
-10081
-10384
-10684
-10913
-11316
-11628
-12058
-12465
-12720
-13138
-13344
-13538
-13784
-13999
-14253
-14306
-14470
-14707
-14863
-14969
-15057
-15294
-15379
-15377
-15442
-15466
-15502
-15422
-15367
-15373
-15275
-15157
-15011
-14903
-14798
-14620
-14416
-14215
-14039
-13807
-13563
-13302
-13029
-12778
-12433
-12062
-11742
-11417
-11093
-10716
-10266
-9963
-9638
-9159
-8717
-8206
-7882
-7548
-6943
-6598
-6309
-6118
-5968
-5525
-5361
-5086
-4712
-4649
-4430
-4377
-4127
-3686
-3626
-3455
-3398
-3244
-2886
-2769
-2383
-2081
-1956
-1637
-1524
-1260
-940
-903
-799
-861
-926
-792
-828
-846
-886
-1022
-1058
-1283
-1501
-1562
-1700
-1795
-2128
-2527
-2683
-2941
-3109
-3329
-3712
-3897
-4163
-4408
-4565
-4837
-4957
-5168
-5520
-5667
-5826
-5970
-6044
-6212
-6256
-6275
-6397
-6391
-6403
-6575
-6812
-7117
-7361
-7488
-7720
-7880
-7941
-8170
-8290
-8420
-8547
-8352
-8386
-8560
-8634
-8776
-8671
-8569
-8567
-8542
-8575
-8447
-8424
-8472
-8419
-8409
-8282
-8336
-8453
-8330
-8271
-8184
-8145
-8251
-8241
-8295
-8391
-8349
-8432
-8600
-8771
-8971
-8987
-9000
-9132
-9157
-9238
-9398
-9491
-9668
-9718
-9674
-9793
-9857
-9938
-9978
-9887
-9842
-9725
-9537
-9381
-9241
-9044
-8802
-8546
-8298
-8183
-7992
-7699
-7553
-7381
-7129
-6833
-6529
-6376
-6277
-6215
-6109
-5967
-5925
-5815
-5816
-5913
-5986
-6179
-6192
-6265
-6532
-6699
-6921
-7027
-7147
-7439
-7586
-7717
-7877
-7957
-7992
-7987
-7983
-8046
-8152
-8197
-8132
-8077
-8079
-8005
-7968
-7953
-7850
-7742
-7563
-7520
-7592
-7445
-7314
-7230
-7095
-7012
-6807
-6714
-6765
-6571
-6364
-6137
-5902
-5857
-5650
-5362
-5240
-5142
-5062
-4972
-4986
-5170
-5244
-5215
-5254
-5431
-5723
-5911
-5970
-6069
-6218
-6350
-6423
-6453
-6610
-6713
-6514
-6320
-6156
-5998
-5777
-5270
-4972
-4769
-4321
-4002
-3647
-3428
-3350
-3066
-2892
-2681
-2497
-2450
-2250
-2126
-2106
-2101
-2062
-1914
-1838
-1839
-1830
-1684
-1556
-1716
-1729
-1546
-1454
-1396
-1446
-1334
-1137
-1223
-1342
-1449
-1475
-1393
-1498
-1572
-1615
-1820
-1980
-2245
-2547
-2800
-3269
-3708
-4172
-4708
-5065
-5562
-6112
-6590
-7056
-7324
-7712
-8202
-8574
-8916
-9244
-9655
-9971
-10179
-10457
-10687
-10810
-10857
-10897
-11014
-11111
-11065
-11005
-11054
-11184
-11286
-11235
-11151
-11220
-11365
-11319
-11177
-11219
-11318
-11251
-10966
-10833
-11033
-11093
-11004
-10894
-10810
-10933
-10916
-10632
-10386
-10322
-10315
-10161
-9987
-9917
-9974
-9985
-9831
-9766
-9716
-9663
-9654
-9544
-9405
-9247
-9104
-8953
-8806
-8712
-8598
-8492
-8265
-8058
-7938
-7704
-7566
-7452
-7224
-6964
-6681
-6531
-6407
-6199
-6017
-5825
-5641
-5486
-5293
-5158
-5146
-5118
-5045
-4886
-4708
-4651
-4571
-4525
-4502
-4406
-4368
-4293
-4232
-4183
-3993
-3852
-3768
-3711
-3739
-3694
-3633
-3611
-3585
-3665
-3719
-3765
-3923
-4066
-4243
-4350
-4446
-4720
-4994
-5287
-5585
-5846
-6133
-6382
-6680
-7010
-7299
-7632
-7958
-8200
-8405
-8604
-8748
-8919
-9028
-9022
-9092
-9036
-8910
-8830
-8646
-8500
-8338
-8237
-8261
-8194
-8050
-7815
-7617
-7486
-7310
-7230
-7193
-7205
-7198
-7107
-7141
-7167
-7283
-7538
-7659
-7837
-7977
-8046
-8235
-8294
-8399
-8582
-8631
-8761
-8816
-8917
-9189
-9189
-9100
-9073
-8992
-8897
-8678
-8429
-8259
-8073
-7792
-7580
-7485
-7306
-7108
-6900
-6685
-6479
-6117
-5764
-5530
-5305
-5022
-4661
-4379
-4112
-3878
-3712
-3447
-3160
-2795
-2485
-2280
-1892
-1539
-1261
-878
-544
-300
-88
63
189
392
538
608
732
764
847
1014
1005
999
959
843
807
696
567
438
284
134
-203
-560
-804
-991
-1176
-1515
-1807
-2106
-2590
-3000
-3325
-3592
-3832
-4171
-4394
-4575
-4898
-5136
-5302
-5495
-5847
-6358
-6713
-7033
-7417
-7822
-8235
-8553
-8871
-9097
-9416
-9889
-10165
-10523
-10892
-11241
-11707
-11858
-12097
-12456
-12634
-12941
-13001
-12985
-13152
-13151
-13209
-13213
-13247
-13450
-13345
-13212
-13233
-13250
-13354
-13301
-13239
-13297
-13222
-13174
-13096
-13029
-13085
-13023
-12990
-12992
-12947
-12948
-12862
-12763
-12701
-12644
-12675
-12701
-12684
-12656
-12571
-12524
-12503
-12426
-12435
-12379
-12232
-12084
-11880
-11745
-11449
-11220
-11107
-10723
-10483
-10109
-9658
-9425
-9021
-8820
-8505
-8073
-7960
-7675
-7515
-7335
-7028
-6957
-6644
-6449
-6392
-6143
-6097
-5960
-5788
-5700
-5456
-5323
-5182
-5019
-4971
-4796
-4615
-4478
-4311
-4122
-3824
-3567
-3433
-3355
-3195
-2952
-2835
-2724
-2527
-2245
-2026
-2027
-1946
-1780
-1649
-1567
-1585
-1562
-1637
-1855
-1998
-2078
-2173
-2320
-2474
-2605
-2721
-2768
-2788
-2894
-3038
-3170
-3348
-3554
-3767
-3924
-3991
-4063
-4240
-4395
-4429
-4517
-4592
-4671
-4795
-4931
-5144
-5279
-5432
-5577
-5671
-5871
-6005
-6138
-6288
-6420
-6631
-6815
-7005
-7217
-7502
-7803
-7970
-8186
-8454
-8752
-9002
-9013
-9117
-9307
-9381
-9459
-9509
-9728
-9924
-9811
-9781
-9863
-9911
-9910
-9898
-9942
-9849
-9888
-10068
-10131
-10255
-10324
-10488
-10677
-10749
-10999
-11182
-11363
-11558
-11626
-11793
-11961
-12255
-12573
-12702
-12874
-12982
-13084
-13220
-13296
-13443
-13496
-13522
-13596
-13591
-13590
-13603
-13654
-13601
-13478
-13411
-13232
-13094
-12934
-12614
-12292
-11966
-11686
-11371
-11049
-10749
-10424
-10117
-9674
-9334
-9152
-8910
-8704
-8340
-8005
-7932
-7780
-7589
-7423
-7297
-7250
-7000
-6759
-6721
-6653
-6583
-6439
-6333
-6349
-6271
-6289
-6311
-6257
-6273
-6197
-6231
-6327
-6298
-6381
-6442
-6434
-6465
-6371
-6281
-6321
-6300
-6191
-6083
-5990
-5915
-5830
-5731
-5685
-5588
-5426
-5375
-5324
-5280
-5345
-5411
-5463
-5397
-5337
-5406
-5417
-5457
-5456
-5465
-5612
-5581
-5528
-5622
-5706
-5818
-5779
-5690
-5744
-5760
-5770
-5707
-5637
-5650
-5526
-5411
-5337
-5232
-5122
-4895
-4738
-4662
-4496
-4383
-4321
-4211
-4035
-3852
-3844
-3843
-3668
-3582
-3621
-3629
-3535
-3344
-3298
-3297
-3145
-3005
-2845
-2754
-2743
-2643
-2628
-2575
-2456
-2466
-2401
-2335
-2296
-2171
-2158
-2157
-2118
-2059
-1925
-1917
-2044
-2146
-2045
-1911
-2029
-2113
-2009
-1959
-2097
-2432
-2712
-2676
-2721
-2977
-3193
-3496
-3681
-3816
-4117
-4268
-4414
-4553
-4622
-4882
-5132
-5378
-5511
-5488
-5743
-5960
-6046
-6226
-6381
-6673
-6841
-6972
-7337
-7497
-7686
-7970
-8166
-8429
-8523
-8701
-9026
-9244
-9509
-9700
-9866
-10060
-10212
-10418
-10606
-10740
-10849
-10939
-10989
-11042
-11036
-10951
-10958
-10953
-10907
-10817
-10693
-10637
-10552
-10436
-10299
-10219
-10142
-9942
-9762
-9636
-9519
-9358
-9201
-9231
-9330
-9192
-8971
-8941
-8992
-8833
-8523
-8407
-8351
-8206
-7939
-7635
-7463
-7188
-7001
-6912
-6655
-6413
-6117
-5871
-5720
-5468
-5205
-5017
-4929
-4809
-4682
-4599
-4570
-4594
-4508
-4470
-4459
-4425
-4435
-4431
-4465
-4448
-4412
-4472
-4633
-4767
-4744
-4710
-4700
-4716
-4810
-4855
-4833
-4792
-4740
-4736
-4730
-4775
-4888
-4915
-4935
-4951
-4947
-4985
-4988
-5017
-5156
-5284
-5299
-5297
-5387
-5546
-5699
-5798
-5921
-6094
-6296
-6576
-6783
-6903
-6989
-7011
-7146
-7270
-7349
-7560
-7733
-7831
-7902
-7960
-8108
-8291
-8380
-8405
-8420
-8416
-8406
-8419
-8512
-8609
-8659
-8773
-8869
-8879
-8889
-8913
-8978
-9011
-8999
-9072
-9200
-9366
-9563
-9723
-9881
-10013
-10153
-10359
-10421
-10436
-10559
-10667
-10738
-10718
-10717
-10764
-10772
-10688
-10519
-10421
-10298
-10162
-10022
-9838
-9678
-9456
-9304
-9193
-9051
-8946
-8725
-8552
-8448
-8267
-8142
-7982
-7791
-7561
-7251
-7062
-6868
-6619
-6437
-6193
-5923
-5761
-5601
-5481
-5398
-5280
-5265
-5196
-5083
-5049
-5015
-5131
-5268
-5271
-5291
-5353
-5454
-5582
-5659
-5668
-5716
-5840
-5943
-6059
-6225
-6307
-6404
-6566
-6697
-6870
-7004
-7116
-7272
-7430
-7586
-7712
-7936
-8239
-8508
-8724
-8873
-9019
-9156
-9323
-9515
-9585
-9611
-9696
-9745
-9740
-9743
-9847
-9928
-9825
-9761
-9750
-9721
-9673
-9497
-9387
-9350
-9188
-9100
-9049
-8933
-8961
-8939
-8796
-8711
-8605
-8643
-8711
-8489
-8273
-8238
-8234
-8173
-8027
-7915
-7802
-7570
-7306
-7164
-7138
-7030
-6835
-6653
-6499
-6398
-6319
-6253
-6252
-6290
-6293
-6322
-6354
-6404
-6606
-6710
-6686
-6739
-6872
-7040
-7137
-7251
-7387
-7475
-7532
-7515
-7534
-7506
-7402
-7347
-7241
-7153
-7062
-6893
-6793
-6654
-6451
-6287
-6139
-5989
-5864
-5809
-5683
-5532
-5355
-5106
-5014
-4932
-4741
-4497
-4203
-4028
-3907
-3649
-3292
-3017
-2954
-2911
-2681
-2410
-2329
-2460
-2545
-2456
-2317
-2269
-2326
-2296
-2255
-2271
-2252
-2284
-2271
-2279
-2315
-2275
-2240
-2047
-1864
-1816
-1719
-1603
-1484
-1469
-1456
-1427
-1474
-1566
-1727
-1791
-1873
-2018
-2190
-2465
-2632
-2840
-3099
-3315
-3624
-3850
-4187
-4679
-4964
-5219
-5539
-5899
-6315
-6610
-6896
-7260
-7636
-7997
-8277
-8614
-9046
-9441
-9742
-9986
-10327
-10682
-10943
-11161
-11349
-11593
-11756
-11783
-11911
-12081
-12230
-12326
-12311
-12314
-12273
-12257
-12286
-12121
-11964
-11860
-11730
-11728
-11661
-11557
-11538
-11445
-11338
-11202
-11037
-10980
-10884
-10697
-10570
-10488
-10532
-10508
-10231
-10088
-10141
-10187
-10037
-9766
-9704
-9646
-9487
-9288
-9088
-8976
-8750
-8598
-8525
-8309
-8102
-7816
-7639
-7490
-7145
-6974
-6758
-6493
-6313
-5983
-5915
-5923
-5721
-5637
-5443
-5387
-5489
-5317
-5263
-5244
-5151
-5128
-4939
-4838
-4868
-4798
-4699
-4571
-4523
-4487
-4408
-4466
-4504
-4452
-4413
-4310
-4362
-4518
-4542
-4647
-4705
-4801
-5056
-5170
-5403
-5657
-5728
-5889
-5923
-5962
-6145
-6128
-6175
-6198
-6049
-6063
-6014
-6045
-6196
-6096
-6080
-6050
-5940
-6071
-6139
-6179
-6252
-6180
-6267
-6410
-6417
-6493
-6514
-6484
-6457
-6265
-6223
-6269
-6158
-6177
-6113
-6002
-6018
-5925
-5914
-5928
-5822
-5716
-5572
-5487
-5485
-5448
-5440
-5449
-5371
-5333
-5366
-5343
-5341
-5339
-5355
-5520
-5548
-5472
-5581
-5719
-5880
-5897
-5833
-6027
-6143
-6224
-6382
-6440
-6613
-6733
-6812
-7094
-7167
-7077
-7170
-7199
-7272
-7429
-7408
-7494
-7579
-7530
-7621
-7625
-7602
-7660
-7603
-7586
-7485
-7220
-7080
-7019
-6863
-6696
-6636
-6567
-6521
-6534
-6524
-6615
-6642
-6601
-6709
-6779
-6848
-6952
-7029
-7146
-7236
-7314
-7369
-7467
-7631
-7714
-7760
-7779
-7932
-8146
-8211
-8371
-8512
-8592
-8761
-8878
-9099
-9356
-9471
-9600
-9805
-10086
-10343
-10551
-10737
-11034
-11373
-11475
-11613
-11808
-11961
-12193
-12237
-12245
-12354
-12379
-12490
-12524
-12422
-12424
-12377
-12295
-12225
-12118
-12116
-12067
-11884
-11752
-11627
-11524
-11424
-11220
-11029
-10833
-10592
-10386
-10092
-9727
-9381
-9013
-8676
-8266
-7856
-7616
-7298
-6936
-6630
-6317
-6108
-5819
-5489
-5328
-5120
-4816
-4515
-4330
-4266
-4123
-3892
-3675
-3538
-3387
-3155
-2990
-2861
-2750
-2595
-2323
-2173
-2110
-2030
-1955
-1757
-1615
-1610
-1499
-1356
-1294
-1222
-1169
-1094
-972
-989
-1039
-1063
-1157
-1171
-1207
-1322
-1400
-1561
-1749
-1794
-1833
-2003
-2170
-2393
-2676
-2866
-3144
-3405
-3615
-3967
-4248
-4434
-4632
-4820
-5021
-5196
-5369
-5588
-5790
-5936
-6111
-6353
-6587
-6787
-6952
-7079
-7230
-7309
-7317
-7464
-7668
-7812
-7921
-8032
-8180
-8345
-8495
-8569
-8643
-8731
-8763
-8742
-8664
-8652
-8703
-8777
-8793
-8769
-8872
-8952
-9063
-9181
-9172
-9261
-9298
-9301
-9386
-9417
-9520
-9535
-9513
-9585
-9545
-9568
-9613
-9597
-9576
-9423
-9387
-9442
-9397
-9419
-9343
-9285
-9377
-9316
-9352
-9487
-9511
-9641
-9727
-9761
-9929
-10091
-10124
-10159
-10289
-10346
-10417
-10501
-10534
-10707
-10769
-10650
-10610
-10534
-10458
-10459
-10302
-10072
-9933
-9641
-9365
-9237
-8988
-8855
-8661
-8269
-8150
-7999
-7855
-7864
-7630
-7561
-7574
-7413
-7427
-7400
-7430
-7529
-7385
-7386
-7458
-7398
-7444
-7445
-7523
-7621
-7529
-7724
-7925
-7933
-8072
-7966
-7950
-8050
-7892
-7997
-7996
-7929
-8065
-7930
-7983
-8000
-7863
-7916
-7643
-7500
-7386
-7016
-6932
-6593
-6351
-6253
-5829
-5865
-5689
-5507
-5740
-5379
-5370
-5345
-5018
-5341
-5155
-5043
-5162
-4776
-4911
-4775
-4584
-4822
-4615
-4665
-4618
-4543
-4788
-4710
-4813
-4759
-4765
-4956
-4773
-4948
-4998
-4999
-5125
-4899
-5034
-5094
-5065
-5131
-4967
-5038
-4953
-4881
-4978
-4861
-4896
-4800
-4659
-4686
-4540
-4600
-4698
-4508
-4493
-4416
-4258
-4350
-4269
-4257
-4412
-4334
-4299
-4309
-4300
-4285
-4183
-4086
-4087
-4116
-3963
-3979
-4155
-4219
-4368
-4442
-4645
-5028
-5244
-5491
-5725
-5931
-6279
-6488
-6567
-6867
-7201
-7426
-7534
-7545
-7848
-8099
-8163
-8320
-8352
-8514
-8574
-8558
-8792
-8832
-8894
-8894
-8863
-9015
-8943
-8944
-9004
-8965
-8943
-8815
-8754
-8735
-8641
-8478
-8334
-8248
-8105
-7979
-7869
-7754
-7627
-7425
-7238
-7097
-6970
-6938
-6894
-6751
-6652
-6555
-6504
-6510
-6459
-6542
-6641
-6666
-6706
-6694
-6832
-6975
-7054
-7176
-7208
-7349
-7491
-7581
-7724
-7707
-7781
-7893
-7901
-8048
-8059
-8087
-8219
-8184
-8269
-8437
-8582
-8751
-8834
-8921
-9072
-9216
-9277
-9356
-9499
-9539
-9495
-9438
-9354
-9345
-9357
-9352
-9384
-9308
-9216
-9174
-9075
-9086
-9080
-8838
-8707
-8640
-8491
-8463
-8383
-8247
-8165
-8120
-8142
-8195
-8300
-8255
-8110
-8098
-8095
-8080
-8007
-7882
-7805
-7681
-7554
-7454
-7387
-7421
-7433
-7383
-7284
-7184
-7124
-7086
-7116
-7052
-6996
-7035
-7022
-7129
-7149
-7166
-7361
-7298
-7266
-7338
-7292
-7350
-7349
-7337
-7329
-7261
-7325
-7378
-7401
-7434
-7420
-7379
-7345
-7349
-7199
-7010
-6901
-6692
-6528
-6421
-6309
-6273
-6209
-6126
-6044
-5913
-5780
-5672
-5563
-5420
-5262
-5047
-4837
-4712
-4670
-4765
-4759
-4674
-4652
-4553
-4588
-4646
-4585
-4633
-4657
-4677
-4680
-4601
-4663
-4761
-4725
-4677
-4687
-4742
-4819
-4744
-4658
-4708
-4581
-4462
-4482
-4406
-4490
-4496
-4287
-4272
-4142
-4067
-4098
-3853
-3886
-3885
-3693
-3818
-3789
-3801
-3955
-3867
-3873
-3896
-3886
-3976
-3867
-3742
-3737
-3681
-3693
-3651
-3620
-3696
-3633
-3630
-3625
-3525
-3606
-3584
-3502
-3535
-3417
-3351
-3399
-3441
-3560
-3649
-3775
-3974
-4138
-4346
-4522
-4683
-4899
-5080
-5271
-5422
-5603
-5853
-5964
-6046
-6169
-6312
-6488
-6560
-6664
-6828
-6872
-6918
-6960
-7029
-7154
-7173
-7211
-7239
-7210
-7287
-7364
-7436
-7509
-7522
-7635
-7739
-7773
-7868
-7945
-8040
-8077
-8081
-8183
-8281
-8420
-8539
-8584
-8679
-8776
-8905
-9086
-9269
-9476
-9657
-9822
-9993
-10171
-10435
-10633
-10680
-10771
-10832
-10808
-10853
-10882
-10913
-10994
-10927
-10919
-11059
-11072
-11105
-11092
-11025
-11067
-10918
-10741
-10749
-10637
-10436
-10225
-10047
-10010
-9818
-9500
-9381
-9198
-8883
-8643
-8390
-8219
-8028
-7611
-7295
-7079
-6744
-6542
-6359
-6048
-5849
-5551
-5240
-5089
-4836
-4671
-4540
-4287
-4081
-3846
-3618
-3388
-3148
-2939
-2698
-2514
-2271
-2101
-2123
-1953
-1789
-1789
-1709
-1684
-1668
-1608
-1640
-1605
-1507
-1517
-1540
-1559
-1644
-1722
-1756
-1774
-1825
-1933
-2036
-2074
-2091
-2170
-2258
-2333
-2456
-2578
-2770
-3016
-3156
-3329
-3535
-3723
-3978
-4171
-4339
-4581
-4877
-5212
-5480
-5788
-6112
-6390
-6706
-6962
-7271
-7531
-7673
-7877
-7971
-8046
-8159
-8216
-8364
-8457
-8508
-8616
-8619
-8763
-8917
-8826
-8863
-8913
-8897
-8902
-8799
-8844
-8940
-8906
-8968
-8963
-8999
-9189
-9164
-9198
-9249
-9206
-9338
-9345
-9499
-9664
-9564
-9692
-9711
-9826
-10037
-9925
-10108
-10207
-10180
-10361
-10322
-10454
-10596
-10560
-10568
-10543
-10574
-10432
-10363
-10276
-10191
-10283
-9997
-10012
-10110
-9965
-10110
-9928
-9814
-9750
-9550
-9608
-9524
-9505
-9349
-9229
-9205
-8992
-9071
-8986
-8920
-8898
-8679
-8743
-8744
-8686
-8536
-8441
-8532
-8389
-8204
-8112
-8270
-8320
-8075
-7951
-7861
-7947
-8013
-7893
-7822
-7811
-7787
-7708
-7684
-7630
-7701
-7725
-7622
-7710
-7733
-7888
-8019
-7991
-8141
-8168
-8148
-8291
-8497
-8623
-8726
-8821
-8873
-9028
-9092
-9153
-9237
-9224
-9253
-9291
-9377
-9468
-9568
-9600
-9629
-9719
-9738
-9817
-9732
-9632
-9578
-9445
-9442
-9242
-9082
-9031
-8837
-8729
-8462
-8173
-8140
-7887
-7605
-7645
-7390
-7163
-7146
-6891
-6998
-6917
-6604
-6803
-6634
-6456
-6558
-6299
-6318
-6321
-6009
-5961
-5762
-5567
-5622
-5396
-5220
-5132
-4929
-4915
-4772
-4658
-4565
-4281
-4226
-3966
-3844
-4001
-3776
-3820
-3777
-3628
-3870
-3722
-3836
-4160
-3985
-4173
-4204
-4174
-4635
-4588
-4679
-4864
-4785
-5232
-5299
-5340
-5675
-5632
-5810
-5820
-5859
-6103
-6073
-6217
-6175
-6186
-6324
-6158
-6275
-6230
-6142
-6256
-5984
-6082
-6219
-6133
-6385
-6338
-6355
-6443
-6393
-6576
-6532
-6573
-6639
-6602
-6757
-6678
-6739
-6909
-6886
-6942
-6790
-6729
-6794
-6581
-6491
-6374
-6227
-6198
-5988
-5865
-5813
-5767
-5726
-5561
-5560
-5633
-5694
-5712
-5627
-5732
-5738
-5607
-5749
-5901
-6030
-6135
-6144
-6340
-6576
-6750
-6969
-7145
-7294
-7471
-7614
-7774
-7981
-7988
-7948
-8082
-8093
-8043
-8156
-8188
-8245
-8263
-8115
-8150
-8097
-8044
-8046
-7811
-7661
-7543
-7432
-7275
-7070
-7028
-6934
-6817
-6658
-6492
-6484
-6385
-6206
-6157
-6049
-5978
-5997
-5873
-5869
-5736
-5532
-5596
-5575
-5650
-5687
-5794
-5966
-5870
-6001
-6047
-6103
-6213
-6020
-6142
-6268
-6299
-6507
-6610
-6832
-7003
-6929
-7067
-7298
-7384
-7519
-7461
-7517
-7790
-7745
-7882
-8030
-8066
-8285
-8405
-8645
-8679
-8629
-8675
-8631
-8664
-8388
-8446
-8619
-8503
-8635
-8519
-8603
-8675
-8481
-8685
-8784
-8810
-8830
-8807
-8870
-8907
-9021
-9044
-9098
-9190
-9138
-9126
-9176
-9245
-9298
-9336
-9315
-9343
-9453
-9394
-9397
-9386
-9296
-9328
-9101
-8924
-8919
-8690
-8539
-8386
-8190
-8036
-7678
-7438
-7346
-7058
-6696
-6395
-6232
-6011
-5639
-5380
-5203
-4937
-4592
-4273
-4073
-3983
-3744
-3466
-3276
-3044
-2858
-2609
-2418
-2306
-2051
-1938
-1903
-1754
-1717
-1628
-1546
-1598
-1424
-1310
-1316
-1182
-1193
-1197
-1150
-1310
-1398
-1446
-1713
-1853
-1912
-2141
-2192
-2330
-2580
-2621
-2923
-3140
-3126
-3518
-3854
-4040
-4367
-4515
-4848
-5185
-5212
-5546
-5838
-6062
-6452
-6604
-6912
-7328
-7540
-7877
-8140
-8306
-8601
-8716
-8884
-9084
-9036
-9205
-9320
-9430
-9704
-9737
-9955
-10111
-10112
-10246
-10177
-10325
-10431
-10303
-10505
-10511
-10490
-10580
-10526
-10823
-10917
-10849
-10967
-10792
-10797
-10823
-10749
-10828
-10672
-10644
-10602
-10406
-10451
-10282
-10137
-10076
-9669
-9537
-9418
-9146
-9073
-8707
-8574
-8490
-8094
-8028
-7828
-7696
-7498
-7015
-6959
-6749
-6538
-6388
-5956
-5935
-5718
-5370
-5331
-5031
-5022
-4948
-4692
-4829
-4710
-4670
-4636
-4472
-4601
-4492
-4530
-4725
-4766
-5029
-5101
-5134
-5338
-5310
-5392
-5648
-5700
-5839
-6006
-5983
-6180
-6345
-6403
-6673
-6792
-6927
-7098
-7082
-7293
-7504
-7588
-7760
-7865
-8085
-8274
-8410
-8772
-9031
-9218
-9380
-9556
-9937
-10082
-10152
-10435
-10616
-10789
-10938
-11036
-11274
-11476
-11466
-11449
-11477
-11499
-11578
-11499
-11402
-11391
-11308
-11261
-11080
-11002
-11019
-10803
-10660
-10505
-10446
-10389
-10118
-10062
-9909
-9726
-9623
-9264
-9150
-8980
-8617
-8439
-8089
-7883
-7667
-7232
-6972
-6569
-6229
-5891
-5456
-5295
-4947
-4653
-4363
-3803
-3550
-3271
-3051
-2848
-2387
-2308
-2048
-1625
-1553
-1403
-1434
-1351
-1176
-1230
-1055
-995
-860
-698
-784
-525
-429
-400
-233
-385
-268
-201
-253
-149
-410
-492
-554
-741
-697
-954
-1062
-1123
-1368
-1335
-1498
-1541
-1591
-1902
-1902
-2118
-2253
-2248
-2535
-2522
-2694
-2825
-2832
-3239
-3277
-3457
-3776
-3931
-4370
-4462
-4695
-5037
-5118
-5568
-5843
-6102
-6488
-6673
-7099
-7371
-7610
-8122
-8403
-8735
-9069
-9296
-9759
-10068
-10375
-10866
-11168
-11555
-11859
-12071
-12530
-12766
-12937
-13156
-13273
-13574
-13726
-13864
-14131
-14253
-14420
-14435
-14515
-14742
-14743
-14838
-14879
-14852
-14958
-14900
-14939
-15073
-15062
-15029
-14894
-14862
-14876
-14668
-14535
-14363
-14104
-13912
-13600
-13357
-13099
-12743
-12473
-12085
-11687
-11372
-11007
-10590
-10163
-9794
-9475
-9167
-8821
-8561
-8412
-8137
-7775
-7438
-7100
-6784
-6505
-6212
-5916
-5605
-5263
-5104
-4973
-4726
-4552
-4278
-4081
-3958
-3649
-3472
-3257
-2983
-2868
-2707
-2614
-2573
-2552
-2585
-2520
-2448
-2428
-2489
-2569
-2602
-2654
-2654
-2609
-2608
-2725
-2869
-2941
-2958
-2934
-3026
-3213
-3366
-3474
-3588
-3775
-3955
-4220
-4472
-4644
-4969
-5196
-5405
-5658
-5744
-6137
-6390
-6322
-6616
-6718
-6823
-7054
-6944
-7268
-7568
-7516
-7762
-7755
-7828
-8052
-7876
-8057
-8212
-8113
-8277
-8256
-8329
-8369
-8106
-8094
-8032
-7938
-7902
-7705
-7655
-7559
-7508
-7501
-7259
-7260
-7180
-6990
-6997
-6776
-6719
-6585
-6349
-6454
-6266
-6218
-6205
-5945
-6114
-6201
-6274
-6286
-6045
-6192
-6195
-6080
-6057
-5894
-6019
-6021
-5883
-5947
-5976
-6086
-6122
-5969
-5820
-5811
-5851
-5727
-5639
-5685
-5771
-5829
-5880
-6056
-6298
-6481
-6572
-6712
-6946
-7179
-7343
-7429
-7610
-7735
-7740
-7858
-8005
-8199
-8309
-8291
-8355
-8398
-8416
-8412
-8445
-8441
-8320
-8289
-8236
-8188
-8190
-8173
-8140
-8052
-8018
-7972
-7964
-7959
-7816
-7683
-7487
-7330
-7274
-7150
-7091
-6975
-6813
-6793
-6684
-6567
-6555
-6517
-6534
-6475
-6372
-6444
-6485
-6503
-6564
-6563
-6640
-6673
-6738
-6891
-6838
-6938
-7217
-7421
-7658
-7887
-8256
-8584
-8699
-8857
-8992
-9161
-9340
-9452
-9658
-9770
-9840
-9989
-10013
-10054
-10098
-10032
-9970
-9833
-9758
-9685
-9438
-9267
-9117
-8919
-8742
-8584
-8482
-8327
-8059
-7727
-7470
-7274
-7094
-6958
-6798
-6711
-6490
-6265
-6228
-5971
-5826
-5713
-5353
-5075
-4741
-4613
-4540
-4156
-3930
-3841
-3847
-3822
-3579
-3511
-3620
-3659
-3539
-3406
-3371
-3321
-3315
-3242
-3190
-3224
-3184
-3267
-3380
-3477
-3570
-3521
-3563
-3604
-3596
-3678
-3695
-3697
-3642
-3588
-3743
-3826
-3783
-3819
-3892
-4081
-4223
-4279
-4545
-4773
-4918
-5084
-5146
-5346
-5547
-5635
-5833
-6019
-6185
-6276
-6384
-6644
-6917
-7141
-7246
-7380
-7475
-7624
-7806
-7788
-8041
-8184
-8170
-8302
-8203
-8454
-8717
-8667
-8821
-8824
-8933
-9213
-9331
-9538
-9682
-9664
-9777
-9935
-10011
-10116
-10149
-10246
-10477
-10521
-10577
-10801
-10918
-10965
-11020
-11147
-11368
-11358
-11223
-11319
-11441
-11460
-11448
-11450
-11684
-11898
-11778
-11722
-11752
-11648
-11533
-11345
-11224
-11205
-10995
-10676
-10404
-10149
-9911
-9685
-9423
-9179
-9019
-8859
-8678
-8525
-8332
-8198
-8174
-8037
-7949
-8039
-8088
-8168
-8205
-8103
-8124
-8122
-8005
-8023
-7930
-7714
-7545
-7244
-7112
-7068
-6878
-6792
-6543
-6336
-6221
-5877
-5697
-5448
-5157
-5000
-4712
-4706
-4756
-4625
-4629
-4552
-4456
-4441
-4299
-4235
-4328
-4282
-4270
-4366
-4367
-4613
-4853
-4806
-4939
-4953
-4929
-5016
-4814
-4891
-5091
-5010
-5152
-5241
-5371
-5663
-5651
-5769
-5880
-5777
-5965
-6058
-6052
-6161
-6097
-6194
-6354
-6323
-6501
-6608
-6475
-6511
-6521
-6519
-6658
-6565
-6492
-6642
-6550
-6489
-6603
-6502
-6573
-6591
-6281
-6307
-6260
-6219
-6516
-6342
-6260
-6381
-6044
-5944
-5844
-5610
-5728
-5498
-5217
-5276
-5162
-5200
-5181
-4880
-4849
-4750
-4478
-4508
-4384
-4183
-4250
-4010
-3904
-3945
-3622
-3651
-3627
-3405
-3495
-3273
-3218
-3435
-3318
-3509
-3626
-3504
-3761
-3832
-3954
-4297
-4262
-4332
-4531
-4605
-4858
-4967
-5013
-5272
-5329
-5389
-5569
-5570
-5694
-5830
-5891
-6168
-6302
-6391
-6627
-6653
-6702
-6712
-6662
-6901
-6982
-7045
-7184
-7039
-7186
-7234
-7007
-7078
-6851
-6761
-6782
-6413
-6531
-6449
-6320
-6513
-6115
-6198
-6212
-5922
-6171
-5821
-5867
-6034
-5705
-6066
-5894
-5981
-6402
-6054
-6453
-6439
-6333
-6950
-6696
-7114
-7518
-7210
-7831
-7849
-8089
-8704
-8291
-8793
-9074
-9081
-9816
-9592
-10106
-10632
-10322
-10853
-10660
-10842
-11242
-10778
-11322
-11225
-11139
-11567
-11128
-11751
-11774
-11457
-12047
-11537
-11748
-11693
-11182
-11828
-11261
-11314
-11584
-10951
-11504
-11005
-10753
-11113
-10354
-10624
-10218
-9732
-10037
-9229
-9279
-9061
-8562
-8893
-8267
-8180
-8032
-7575
-7726
-7213
-7152
-6908
-6439
-6443
-5930
-5845
-5588
-5349
-5351
-4898
-4859
-4442
-4193
-4100
-3712
-3771
-3386
-3278
-3135
-2858
-3013
-2712
-2847
-2809
-2644
-2808
-2699
-2945
-2856
-2860
-3033
-3109
-3439
-3439
-3671
-3792
-3955
-4189
-4275
-4691
-4653
-4862
-5134
-5278
-5687
-5670
-6008
-6277
-6438
-6709
-6723
-7099
-7219
-7311
-7495
-7592
-7941
-7923
-7960
-8136
-8246
-8445
-8349
-8387
-8598
-8598
-8610
-8605
-8679
-8862
-8755
-8658
-8777
-8876
-9040
-8984
-8864
-8824
-8733
-8837
-8806
-8810
-8867
-8779
-8840
-8741
-8773
-8819
-8647
-8736
-8673
-8592
-8580
-8477
-8504
-8355
-8293
-8299
-8223
-8318
-8291
-8284
-8262
-8112
-8031
-7930
-7963
-7999
-7945
-7926
-7862
-7743
-7625
-7601
-7535
-7373
-7184
-7075
-7209
-7344
-7297
-7231
-7142
-6993
-6910
-6732
-6603
-6627
-6420
-6291
-6368
-6421
-6487
-6501
-6533
-6550
-6521
-6451
-6441
-6460
-6486
-6729
-6824
-6913
-7044
-6931
-6947
-6840
-6720
-6753
-6659
-6673
-6651
-6678
-6777
-6728
-6664
-6518
-6525
-6534
-6291
-6158
-6121
-6211
-6356
-6325
-6329
-6371
-6324
-6193
-5934
-5698
-5626
-5654
-5596
-5493
-5549
-5507
-5473
-5554
-5484
-5467
-5263
-4958
-4975
-4945
-4968
-5101
-5114
-5189
-5284
-5346
-5451
-5531
-5430
-5402
-5463
-5292
-5445
-5624
-5576
-5893
-5851
-5849
-6168
-5903
-5914
-6164
-6126
-6259
-6245
-6273
-6587
-6702
-6671
-6843
-6968
-6892
-7037
-7030
-6999
-7271
-7025
-6951
-7181
-6974
-7063
-7007
-6788
-7069
-7013
-6973
-7337
-7399
-7519
-7772
-7820
-7955
-8046
-7985
-8086
-8240
-8206
-8213
-8309
-8279
-8305
-8321
-8293
-8477
-8498
-8238
-8249
-8463
-8409
-8194
-8134
-8181
-8245
-8328
-8240
-8226
-8405
-8207
-8116
-8469
-8473
-8471
-8656
-8613
-8896
-8998
-8624
-8890
-9062
-8829
-9031
-8896
-8766
-9031
-8708
-8565
-8813
-8531
-8355
-8423
-8177
-8220
-8363
-7941
-7918
-7950
-7566
-7840
-7762
-7386
-7670
-7470
-7487
-7868
-7607
-7822
-8031
-7712
-7994
-8093
-8014
-8422
-8287
-8195
-8667
-8606
-8621
-8955
-8863
-9055
-9187
-8836
-9178
-9486
-9186
-9302
-9225
-9008
-9301
-9006
-8684
-9041
-8796
-8592
-8736
-8292
-8318
-8360
-7786
-7933
-7826
-7215
-7301
-7136
-6890
-7025
-6653
-6440
-6525
-6214
-6087
-5987
-5629
-5535
-5346
-4987
-4881
-4741
-4548
-4407
-4204
-4012
-3850
-3739
-3568
-3399
-3333
-3117
-3018
-2977
-2636
-2574
-2524
-2207
-2172
-1879
-1595
-1764
-1513
-1300
-1286
-1057
-1201
-1149
-944
-1248
-1194
-1086
-1232
-1173
-1417
-1492
-1405
-1787
-1956
-2053
-2239
-2316
-2674
-2869
-2852
-2997
-3006
-3171
-3345
-3239
-3472
-3660
-3673
-3960
-4026
-4154
-4350
-4218
-4398
-4529
-4612
-4965
-4905
-4996
-5255
-5317
-5751
-5931
-5929
-6235
-6318
-6493
-6630
-6588
-6928
-7074
-7078
-7245
-7186
-7355
-7412
-7301
-7566
-7480
-7410
-7437
-7247
-7462
-7364
-7179
-7279
-7080
-7176
-7080
-6947
-7286
-7079
-7008
-7050
-6868
-7182
-7060
-7001
-7294
-7093
-7237
-7260
-7298
-7730
-7581
-7724
-7974
-7933
-8221
-8092
-8183
-8434
-8060
-8119
-8148
-8213
-8567
-8386
-8582
-8764
-8633
-8921
-8942
-9037
-9075
-8768
-8756
-8582
-8487
-8544
-8501
-8606
-8360
-8251
-8475
-8470
-8441
-8189
-8117
-8206
-7941
-7907
-7811
-7748
-7810
-7491
-7536
-7559
-7442
-7493
-7262
-7404
-7296
-7098
-7293
-7044
-7317
-7330
-7158
-7659
-7357
-7482
-7637
-7417
-8090
-7827
-7804
-8243
-7949
-8552
-8553
-8607
-9308
-8923
-9239
-9295
-9228
-9899
-9456
-9723
-9866
-9566
-10269
-9992
-10257
-10540
-10019
-10636
-10503
-10571
-10993
-10611
-11065
-10881
-10636
-10908
-10662
-10931
-10764
-10674
-10865
-10602
-10766
-10564
-10516
-10600
-10239
-10234
-10031
-9991
-9949
-9737
-9759
-9505
-9413
-9233
-9228
-9252
-8843
-8901
-8707
-8670
-8661
-8250
-8529
-8275
-8099
-8110
-7663
-7915
-7599
-7479
-7532
-6970
-7201
-6825
-6641
-6730
-6072
-6171
-5775
-5463
-5372
-4719
-4820
-4379
-4063
-4098
-3664
-3813
-3447
-3280
-3445
-3148
-3331
-3093
-3047
-3139
-2751
-2909
-2869
-2898
-2875
-2615
-2791
-2631
-2596
-2501
-2303
-2451
-2175
-2184
-2256
-2218
-2386
-2172
-2268
-2449
-2599
-2771
-2644
-2818
-2947
-3111
-3281
-3455
-3792
-3829
-4112
-4358
-4655
-5006
-4952
-5200
-5344
-5600
-5821
-5828
-6279
-6465
-6774
-7090
-7353
-7914
-8098
-8416
-8495
-8581
-8975
-9029
-9449
-9497
-9447
-9750
-9656
-9999
-10193
-10275
-10592
-10392
-10444
-10575
-10580
-10663
-10560
-10585
-10590
-10552
-10550
-10619
-10688
-10556
-10512
-10472
-10347
-10199
-10009
-9928
-9944
-9812
-9518
-9434
-9436
-9389
-9253
-9051
-9014
-8775
-8603
-8592
-8391
-8293
-8118
-8043
-7994
-7817
-7816
-7759
-7774
-7606
-7325
-7228
-7183
-7239
-7029
-6964
-6922
-6747
-6793
-6473
-6395
-6472
-6372
-6417
-5989
-5715
-5636
-5401
-5338
-5076
-4899
-4824
-4693
-4666
-4681
-4650
-4475
-4361
-4192
-4017
-3832
-3599
-3586
-3480
-3386
-3387
-3455
-3651
-3646
-3601
-3572
-3588
-3642
-3704
-3858
-3786
-3726
-3798
-3900
-4168
-4386
-4513
-4573
-4588
-4639
-4875
-5139
-5249
-5365
-5396
-5570
-5757
-5826
-6115
-6352
-6516
-6648
-6956
-7393
-7644
-7939
-8210
-8568
-8790
-8923
-9190
-9398
-9692
-9813
-10100
-10319
-10326
-10529
-10477
-10733
-10882
-10819
-11019
-11000
-11191
-11127
-11179
-11418
-11219
-11302
-11109
-11040
-11060
-10696
-10730
-10583
-10467
-10357
-10073
-10057
-9723
-9350
-9061
-8804
-8653
-8376
-8147
-7922
-7774
-7563
-7408
-7301
-7012
-6747
-6348
-6067
-5867
-5604
-5345
-5098
-4981
-4727
-4625
-4434
-4283
-4378
-4078
-4030
-3959
-3805
-3931
-3800
-3916
-3977
-3898
-4001
-3970
-4021
-3954
-3912
-3944
-3851
-3764
-3630
-3674
-3688
-3589
-3574
-3603
-3661
-3553
-3526
-3658
-3602
-3482
-3403
-3369
-3470
-3478
-3392
-3473
-3530
-3580
-3661
-3729
-3902
-3976
-3996
-4009
-4121
-4368
-4525
-4734
-4882
-5050
-5267
-5432
-5689
-5923
-6235
-6442
-6650
-6949
-7054
-7304
-7507
-7671
-7902
-8022
-8235
-8372
-8532
-8718
-8815
-8928
-8971
-9135
-9224
-9283
-9475
-9479
-9579
-9603
-9567
-9832
-9939
-10094
-10243
-10229
-10417
-10560
-10811
-11042
-11124
-11329
-11486
-11692
-11836
-11971
-12118
-12138
-12225
-12211
-12187
-12175
-12192
-12214
-12014
-11903
-11794
-11715
-11610
-11426
-11392
-11111
-10882
-10662
-10398
-10456
-10209
-9960
-9829
-9604
-9649
-9528
-9419
-9476
-9368
-9265
-9149
-9198
-9200
-8998
-8938
-8865
-8852
-8770
-8589
-8609
-8575
-8502
-8338
-8180
-8170
-7988
-7852
-7787
-7701
-7543
-7344
-7363
-7317
-7264
-7159
-6963
-6881
-6742
-6702
-6630
-6588
-6564
-6427
-6462
-6361
-6327
-6334
-6167
-6145
-6017
-5934
-5954
-5897
-5864
-5839
-5871
-5858
-5830
-5943
-6094
-6116
-6083
-6082
-6050
-6014
-6095
-6148
-6010
-5962
-5905
-5901
-5942
-5909
-6086
-5972
-5803
-5824
-5725
-5802
-5737
-5746
-5847
-5714
-5681
-5618
-5633
-5644
-5553
-5473
-5382
-5465
-5443
-5317
-5284
-5283
-5229
-5081
-5039
-5007
-4977
-4858
-4564
-4404
-4281
-4147
-4025
-3871
-3773
-3569
-3339
-3170
-2985
-2885
-2726
-2558
-2412
-2115
-1903
-1862
-1841
-1709
-1586
-1567
-1537
-1513
-1478
-1646
-1781
-1744
-1897
-2058
-2237
-2396
-2478
-2681
-2887
-2954
-3046
-3257
-3371
-3548
-3666
-3691
-3836
-3867
-3991
-4145
-4248
-4318
-4259
-4340
-4460
-4693
-5024
-5028
-4896
-4938
-5161
-5489
-5576
-5488
-5612
-5755
-5813
-5876
-6033
-6321
-6550
-6650
-6791
-7077
-7297
-7503
-7703
-7835
-8072
-8300
-8462
-8677
-8976
-9200
-9353
-9545
-9731
-9915
-10120
-10324
-10407
-10547
-10641
-10702
-10946
-11027
-11123
-11181
-11102
-11160
-11123
-11040
-11065
-11074
-10988
-10966
-10940
-10955
-11097
-10972
-10948
-11074
-10958
-10977
-11052
-10999
-11070
-11061
-10930
-10985
-10962
-10906
-11001
-10920
-10916
-10961
-10775
-10799
-10811
-10650
-10662
-10414
-10174
-10186
-9900
-9786
-9741
-9475
-9415
-9169
-8949
-8947
-8629
-8397
-8227
-7974
-7879
-7551
-7352
-7309
-7102
-6940
-6621
-6449
-6357
-6180
-6007
-5758
-5704
-5510
-5298
-5162
-5051
-5028
-4694
-4623
-4649
-4556
-4511
-4234
-4337
-4345
-4131
-4202
-4011
-4023
-4130
-3947
-4039
-3987
-3809
-3874
-3766
-3724
-3737
-3531
-3525
-3509
-3415
-3534
-3537
-3569
-3584
-3480
-3669
-3797
-3829
-3831
-3801
-4045
-4075
-4053
-4241
-4393
-4582
-4605
-4677
-4945
-5118
-5139
-5315
-5555
-5584
-5724
-5807
-6011
-6285
-6264
-6417
-6541
-6730
-6893
-6865
-7136
-7260
-7370
-7480
-7468
-7758
-7814
-7844
-7974
-7897
-8026
-8065
-8022
-8120
-8103
-8152
-8237
-8287
-8408
-8480
-8568
-8628
-8636
-8645
-8564
-8601
-8585
-8531
-8624
-8505
-8471
-8523
-8528
-8638
-8551
-8555
-8542
-8345
-8197
-7976
-7837
-7608
-7295
-7036
-6823
-6794
-6672
-6470
-6238
-6039
-5973
-5734
-5568
-5476
-5231
-5117
-4878
-4675
-4711
-4588
-4563
-4510
-4452
-4563
-4527
-4597
-4660
-4788
-4940
-4914
-5166
-5270
-5372
-5651
-5768
-6001
-5981
-6075
-6313
-6388
-6624
-6653
-6881
-7062
-7150
-7530
-7628
-7936
-8100
-8164
-8489
-8438
-8599
-8686
-8651
-8793
-8683
-8751
-8780
-8766
-8859
-8806
-8833
-8806
-8722
-8730
-8796
-8794
-8757
-8699
-8663
-8814
-8873
-8998
-9009
-8958
-9134
-9049
-9181
-9277
-9173
-9249
-9090
-9145
-9141
-9055
-9181
-9124
-9190
-9109
-9083
-9205
-9142
-9184
-9071
-8941
-8849
-8721
-8716
-8648
-8578
-8513
-8487
-8420
-8336
-8295
-8181
-8136
-8016
-7907
-7917
-7870
-7854
-7905
-7946
-7918
-7874
-7829
-7898
-7939
-7841
-7807
-7677
-7683
-7698
-7583
-7693
-7669
-7616
-7512
-7337
-7407
-7311
-7164
-7035
-6939
-6984
-6853
-6750
-6774
-6818
-6728
-6544
-6485
-6453
-6393
-6131
-5929
-5901
-5825
-5801
-5736
-5816
-5879
-5793
-5737
-5645
-5690
-5635
-5559
-5497
-5322
-5296
-5177
-5166
-5246
-5230
-5279
-5169
-5088
-5053
-5025
-4995
-4918
-4923
-4814
-4840
-4854
-4794
-4933
-4951
-5066
-5024
-4915
-5090
-5059
-5141
-5167
-5110
-5247
-5198
-5307
-5353
-5321
-5430
-5342
-5435
-5511
-5532
-5688
-5772
-6027
-6107
-6037
-6140
-6256
-6444
-6490
-6491
-6634
-6767
-6942
-7034
-7119
-7345
-7562
-7769
-7930
-8128
-8351
-8435
-8465
-8531
-8747
-9013
-9208
-9352
-9395
-9422
-9419
-9476
-9701
-9919
-10062
-10158
-10266
-10338
-10396
-10526
-10636
-10717
-10641
-10561
-10659
-10644
-10609
-10633
-10635
-10590
-10416
-10250
-10198
-10156
-9923
-9687
-9587
-9436
-9289
-9060
-8861
-8750
-8458
-8130
-7876
-7718
-7491
-7141
-6862
-6608
-6342
-5907
-5585
-5412
-5203
-5059
-4673
-4494
-4446
-4219
-4171
-3926
-3899
-3916
-3676
-3792
-3784
-3923
-4078
-3891
-4043
-4098
-4097
-4114
-4066
-4233
-4210
-4293
-4311
-4372
-4733
-4691
-4858
-4916
-4826
-5137
-5083
-5257
-5342
-5198
-5417
-5270
-5383
-5536
-5481
-5735
-5636
-5703
-5845
-5790
-5962
-5867
-5864
-5988
-5933
-5931
-5899
-6003
-6053
-6003
-6014
-5891
-5925
-5980
-5845
-5832
-5702
-5663
-5783
-5660
-5738
-5760
-5684
-5748
-5530
-5634
-5758
-5649
-5849
-5668
-5735
-5998
-5844
-6286
-6367
-6327
-6760
-6474
-6712
-7003
-6729
-7138
-7111
-7114
-7502
-7352
-7569
-7731
-7699
-7901
-7767
-7843
-7969
-7958
-8160
-8050
-8141
-8237
-8071
-8329
-8257
-8256
-8397
-8127
-8436
-8420
-8250
-8641
-8494
-8611
-8618
-8467
-8977
-8864
-8845
-9017
-8912
-9230
-9114
-9131
-9374
-9218
-9335
-9164
-9121
-9347
-9113
-9137
-9080
-9057
-9261
-8962
-9032
-9165
-8960
-9077
-8803
-8732
-8896
-8515
-8587
-8493
-8277
-8481
-8093
-8134
-8269
-7872
-8058
-7784
-7679
-7957
-7439
-7626
-7659
-7296
-7495
-6932
-7004
-7253
-6634
-6920
-6704
-6446
-6621
-5874
-6110
-6116
-5548
-5847
-5321
-5370
-5452
-4771
-5236
-4911
-4713
-4942
-4346
-4816
-4618
-4264
-4598
-4062
-4297
-3991
-3549
-4100
-3575
-3574
-3521
-3173
-3800
-3384
-3346
-3658
-3207
-3568
-3239
-3019
-3516
-3008
-3173
-3230
-2872
-3360
-3017
-3109
-3607
-3167
-3424
-3254
-3112
-3714
-3313
-3488
-3693
-3368
-3835
-3693
-3953
-4422
-4081
-4509
-4538
-4674
-5190
-4881
-5383
-5565
-5386
-6046
-6028
-6456
-6943
-6772
-7532
-7691
-7646
-8245
-8073
-8451
-8753
-8410
-9015
-9136
-9166
-9705
-9470
-9804
-10093
-9723
-10147
-10149
-10075
-10369
-9910
-10091
-10239
-9850
-10282
-10166
-10028
-10326
-9884
-10067
-10167
-9764
-10100
-9909
-9849
-10103
-9649
-9866
-9918
-9607
-9866
-9551
-9553
-9719
-9257
-9426
-9299
-9021
-9175
-8752
-8776
-8884
-8530
-8619
-8305
-8079
-8256
-7934
-7890
-7773
-7354
-7406
-7256
-7058
-7070
-6805
-6753
-6688
-6307
-6213
-6081
-5841
-5812
-5546
-5415
-5422
-5130
-5248
-5264
-4981
-5010
-4726
-4686
-4777
-4379
-4422
-4290
-4077
-4282
-4045
-4162
-4278
-3933
-4187
-4203
-4186
-4425
-4163
-4340
-4485
-4296
-4561
-4474
-4557
-4960
-4845
-5059
-5129
-4938
-5330
-5329
-5248
-5437
-5269
-5530
-5576
-5233
-5564
-5543
-5497
-5578
-5243
-5656
-5700
-5394
-5781
-5726
-5970
-6110
-5829
-6461
-6646
-6684
-7109
-6856
-7201
-7505
-7249
-7716
-7747
-7901
-8418
-8060
-8296
-8576
-8416
-8851
-8628
-8556
-9061
-8786
-8955
-9116
-8739
-9061
-8841
-8544
-8904
-8513
-8561
-8698
-8154
-8434
-8275
-7972
-8391
-7876
-7782
-7964
-7411
-7646
-7386
-7134
-7559
-6935
-6993
-7112
-6656
-7109
-6670
-6645
-7182
-6415
-6732
-6853
-6468
-7101
-6429
-6482
-7201
-6428
-6943
-7017
-6480
-7273
-6705
-6763
-7534
-6778
-7223
-7314
-6861
-7617
-7102
-7134
-7792
-7218
-7703
-7778
-7542
-8275
-7782
-7923
-8439
-7924
-8379
-8249
-8058
-8667
-8116
-8214
-8517
-8029
-8373
-8175
-7980
-8377
-7818
-7815
-7990
-7628
-7938
-7582
-7281
-7613
-7076
-7057
-7060
-6657
-7090
-6717
-6344
-6736
-6353
-6366
-6292
-5848
-6317
-6181
-6069
-6588
-6482
-6837
-6853
-6536
-7119
-6920
-6957
-7319
-6824
-7300
-7290
-6852
-7471
-7157
-7251
-7507
-6902
-7471
-7220
-6695
-7185
-6672
-6821
-6915
-6406
-7063
-6855
-6702
-7174
-6705
-6979
-6963
-6605
-7257
-6888
-6781
-7171
-6654
-7078
-7045
-6652
-7366
-6977
-6912
-7277
-6763
-7288
-7254
-6891
-7485
-6983
-7051
-7522
-7031
-7670
-7811
-7476
-8120
-7755
-7963
-8395
-7715
-8234
-8168
-7868
-8469
-7916
-8178
-8457
-7903
-8443
-8145
-8078
-8623
-8033
-8326
-8419
-8024
-8555
-8182
-8172
-8548
-7929
-8097
-7843
-7407
-7839
-7499
-7585
-7656
-7259
-7580
-7312
-7233
-7416
-7026
-7170
-7014
-6791
-6908
-6529
-6399
-6295
-5987
-5882
-5772
-5682
-5690
-5743
-5535
-5556
-5572
-5364
-5695
-5572
-5410
-5695
-5509
-5716
-5944
-5799
-5946
-5941
-5885
-6052
-6106
-5994
-6240
-6259
-5993
-6320
-6236
-6391
-6677
-6255
-6775
-6685
-6309
-6777
-6346
-6693
-6857
-6302
-6871
-6729
-6704
-7016
-6629
-6793
-6758
-6493
-6597
-6653
-6559
-6597
-6659
-6377
-6701
-6632
-6273
-6846
-6591
-6698
-6932
-6403
-7059
-7043
-6827
-7296
-6989
-7270
-7530
-7413
-7776
-7882
-7883
-8058
-8079
-7901
-8098
-8091
-7888
-8147
-7843
-7899
-8105
-7619
-7969
-7916
-7617
-7992
-7598
-7805
-8164
-7645
-8083
-8108
-7833
-8354
-7989
-8266
-8552
-7880
-8373
-8149
-7995
-8457
-7785
-8212
-8365
-7918
-8462
-8124
-8183
-8715
-8288
-8495
-8695
-8381
-8809
-8811
-8664
-9124
-8658
-8673
-9090
-8598
-8893
-8907
-8617
-8927
-8713
-8704
-8846
-8731
-8580
-8670
-8703
-8413
-8675
-8410
-8258
-8549
-7848
-8012
-8078
-7480
-7948
-7522
-7072
-7348
-6623
-6653
-6745
-6033
-6271
-5875
-5366
-5775
-5257
-5051
-5128
-4576
-4854
-4715
-4151
-4554
-4238
-3923
-4302
-3827
-3855
-3969
-3378
-3823
-3689
-3033
-3476
-3178
-3021
-3474
-2859
-3048
-3329
-2552
-3055
-3124
-2593
-3215
-2849
-2719
-3422
-2966
-3214
-3686
-3289
-3851
-3926
-3492
-4239
-4110
-3870
-4596
-4180
-4302
-4929
-4359
-4994
-5292
-4561
-5398
-5195
-4956
-5914
-5071
-5367
-5964
-5058
-6098
-6036
-5593
-6803
-5948
-6231
-6952
-5942
-6944
-6919
-6451
-7552
-6776
-6920
-7705
-6902
-7565
-7639
-6945
-7764
-7230
-6943
-7622
-6861
-7183
-7480
-6842
-7580
-7423
-7070
-7802
-7262
-7350
-7793
-7124
-7740
-7729
-7272
-8029
-7543
-7606
-8174
-7681
-8263
-8219
-7794
-8498
-8043
-8097
-8558
-7956
-8447
-8374
-8076
-8836
-8408
-8519
-9060
-8636
-9130
-9151
-8874
-9577
-9215
-9177
-9623
-9131
-9542
-9621
-9311
-9817
-9351
-9280
-9594
-9125
-9392
-9186
-8954
-9501
-9112
-9129
-9343
-9059
-9505
-9370
-9165
-9552
-9191
-9249
-9361
-8906
-9151
-8875
-8541
-8934
-8624
-8718
-8772
-8326
-8775
-8587
-8436
-8783
-8313
-8582
-8588
-8252
-8732
-8413
-8612
-8950
-8416
-8791
-8605
-8422
-8900
-8286
-8427
-8553
-7926
-8234
-7838
-7726
-8260
-7512
-7467
-7543
-7116
-7723
-7268
-6908
-7516
-6832
-7048
-7180
-6491
-7316
-6791
-6450
-7269
-6382
-6965
-7037
-6181
-7374
-6510
-6537
-7364
-6127
-7322
-6824
-6092
-7492
-5942
-6590
-6808
-5484
-7113
-5590
-5635
-6738
-4862
-6513
-5791
-5003
-6566
-4352
-5358
-5459
-3900
-5740
-3976
-4323
-5219
-3112
-4935
-3986
-3434
-4961
-2716
-4036
-4043
-2631
-4563
-2737
-3256
-4254
-2137
-4095
-3351
-2788
-4535
-2463
-3868
-4217
-2775
-4902
-3422
-3855
-5128
-3306
-5138
-4505
-4162
-5839
-3895
-5101
-5150
-4083
-5763
-4270
-5046
-5584
-4320
-5877
-4644
-5025
-5833
-4494
-5921
-5101
-5365
-6207
-4794
-6317
-5685
-5493
-6606
-5351
-6765
-6276
-5563
-6847
-5551
-6495
-6463
-5551
-6946
-5776
-6186
-6682
-5569
-6815
-6140
-6119
-6956
-5739
-6646
-6515
-6069
-7110
-6139
-6635
-6993
-6289
-7296
-6769
-6867
-7454
-6533
-7220
-7137
-6817
-7397
-6674
-7111
-7207
-6578
-7293
-6908
-6930
-7201
-6481
-7016
-6874
-6580
-7084
-6550
-6808
-7008
-6728
-7258
-6952
-7108
-7486
-7102
-7569
-7434
-7402
-7878
-7421
-7898
-7906
-7476
-8263
-7992
-8224
-8713
-8140
-8782
-8687
-8453
-9028
-8356
-8725
-8959
-8539
-9399
-9045
-9173
-9772
-9096
-9741
-9527
-9038
-9758
-9007
-9120
-9255
-8545
-9184
-8660
-8468
-9007
-8318
-8725
-8477
-8026
-8649
-7815
-7830
-7828
-6982
-7491
-6749
-6448
-6885
-5977
-6440
-6233
-5770
-6424
-5682
-5993
-5989
-5230
-5823
-5103
-5086
-5229
-4493
-5198
-4646
-4610
-5213
-4589
-5445
-5320
-5063
-5743
-5198
-5764
-5696
-5348
-6037
-5460
-5941
-6279
-5869
-6560
-6406
-6952
-7325
-6797
-7673
-7568
-7524
-7966
-7416
-7889
-7669
-7421
-7978
-7515
-7938
-7774
-7373
-8165
-7736
-7898
-8033
-7720
-8577
-8172
-8212
-8708
-8276
-8977
-8644
-8313
-8890
-8326
-8752
-8639
-8170
-8878
-8318
-8352
-8339
-7822
-8547
-7913
-7728
-8224
-7727
-8278
-7923
-7668
-8389
-7684
-7956
-8140
-7776
-8546
-7993
-7915
-8301
-7727
-8320
-8042
-7713
-8371
-7816
-8027
-8219
-7881
-8593
-8295
-8155
-8615
-8197
-8654
-8615
-8160
-8953
-8615
-8532
-9048
-8525
-9224
-9144
-8642
-9447
-8479
-8719
-9161
-8048
-8830
-7862
-7520
-8362
-6886
-7904
-7567
-6713
-8051
-6454
-7260
-7639
-6434
-8248
-6853
-7308
-8318
-6353
-8094
-7099
-6748
-8188
-6004
-7698
-7324
-6284
-8431
-6377
-7311
-7510
-5956
-8098
-6120
-6565
-7527
-5338
-7272
-6087
-6157
-7534
-5221
-7242
-6671
-5781
-7281
-5135
-6641
-6275
-4857
-6586
-4768
-5791
-5842
-4441
-6392
-4807
-5276
-5722
-4336
-6062
-4754
-4955
-5489
-4043
-5508
-4415
-4499
-5049
-3776
-5154
-4087
-4269
-4936
-3635
-4867
-3764
-3903
-4557
-3249
-4561
-3643
-3833
-4550
-3290
-4791
-4192
-4433
-5322
-4183
-5673
-5203
-5210
-6032
-4855
-5835
-5332
-5307
-5974
-4973
-5905
-5621
-5805
-6333
-5438
-6355
-6138
-6239
-6440
-5883
-6775
-6028
-6139
-6475
-6066
-6813
-5958
-6455
-6667
-6216
-7318
-6443
-7036
-7152
-6444
-7696
-6676
-7185
-7536
-6737
-7976
-7068
-7839
-8420
-7306
-8596
-7792
-8181
-8670
-7492
-8877
-8053
-7975
-8543
-7455
-8621
-7922
-7874
-8559
-7563
-8433
-7804
-7718
-8255
-7415
-7911
-7113
-7101
-7492
-6846
-7344
-6857
-7112
-7190
-6858
-7574
-7063
-7324
-7219
-6949
-7481
-6927
-7442
-7362
-7165
-7697
-7119
-7560
-7399
-7269
-7649
-6930
-7419
-7156
-6898
-7320
-6643
-7169
-6992
-6599
-6949
-6368
-6887
-6868
-6346
-6655
-6501
-6796
-6601
-6400
-6814
-6501
-6444
-6309
-6182
-6372
-6060
-6111
-6185
-6064
-6194
-5979
-6100
-6358
-6250
-6407
-6235
-6235
-6499
-6311
-6416
-6366
-6284
-6331
-6276
-6507
-6500
-6647
-6673
-6574
-6620
-6391
-6583
-6541
-6566
-6734
-6475
-6693
-6686
-6779
-6937
-6717
-6906
-6813
-6811
-6960
-6950
-7190
-7175
-7368
-7535
-7416
-7631
-7639
-7540
-7496
-7394
-7586
-7551
-7300
-7393
-7449
-7516
-7590
-7456
-7547
-7630
-7615
-7560
-7394
-7360
-7214
-7208
-7127
-6889
-6976
-6900
-7062
-7168
-7006
-7274
-7227
-7200
-7098
-6815
-7033
-6949
-6961
-7006
-6826
-6889
-6692
-6880
-7026
-6701
-6666
-6545
-6608
-6622
-6429
-6427
-6325
-6334
-6274
-6309
-6330
-6006
-5979
-5974
-5967
-5896
-5655
-5783
-5918
-5949
-5891
-5842
-5964
-6023
-6189
-6274
-6376
-6521
-6519
-6701
-6780
-6772
-6779
-6702
-6826
-6974
-7034
-7099
-7197
-7336
-7361
-7295
-7399
-7600
-7638
-7638
-7590
-7644
-7787
-7792
-8024
-8247
-8420
-8669
-8633
-8644
-8709
-8791
-8869
-8840
-8890
-8893
-9054
-9157
-9305
-9537
-9552
-9848
-9794
-9626
-9722
-9622
-9805
-9650
-9489
-9604
-9482
-9583
-9298
-9181
-9232
-8940
-9150
-9167
-9317
-9370
-9001
-9096
-9028
-9210
-9088
-8715
-8904
-8830
-9000
-8734
-8443
-8485
-7887
-7840
-7571
-7249
-7263
-6754
-6713
-6517
-6455
-6497
-5986
-5961
-5699
-5515
-5414
-4924
-4995
-4913
-4817
-4885
-4698
-4809
-4778
-4682
-4719
-4517
-4527
-4575
-4423
-4310
-4107
-4135
-4115
-3752
-3647
-3553
-3483
-3446
-3385
-3664
-3699
-3858
-4103
-4013
-4118
-3932
-3997
-4001
-3629
-3745
-3457
-3476
-3725
-3707
-4191
-4286
-4510
-4690
-4757
-5334
-5416
-5625
-5619
-5574
-5893
-5831
-6375
-6576
-6828
-7429
-7552
-8177
-8182
-8562
-8971
-8703
-9340
-9203
-9491
-9694
-9354
-10156
-9875
-10096
-10206
-9910
-10852
-10500
-10746
-10591
-9962
-10754
-10276
-10676
-10828
-10373
-11069
-10487
-10703
-10760
-10412
-10806
-10152
-10497
-10450
-10182
-10480
-9945
-10409
-10204
-10067
-10321
-9903
-10295
-9792
-9744
-9730
-9229
-9617
-8955
-9069
-8968
-8459
-8926
-8355
-8669
-8576
-8188
-8586
-7882
-8080
-7772
-7412
-7610
-6740
-6962
-6581
-6224
-6459
-5872
-6274
-5953
-5803
-5981
-5394
-5847
-5327
-5138
-5336
-4572
-4981
-4654
-4471
-4822
-4368
-4819
-4725
-4594
-5007
-4861
-5250
-5207
-5166
-5596
-5458
-5659
-5517
-5401
-5944
-5705
-5639
-5876
-5788
-6121
-6156
-6208
-6617
-6436
-6545
-6916
-7003
-7078
-6938
-7198
-7314
-7120
-7321
-7320
-7475
-7450
-7356
-7725
-7628
-7754
-7988
-7922
-8145
-8163
-8426
-8762
-8781
-8989
-9011
-9075
-9035
-8773
-8928
-8965
-8912
-9090
-9067
-9196
-9363
-9243
-9282
-9240
-9215
-9208
-9027
-9042
-8984
-8957
-8842
-8685
-8702
-8470
-8398
-8238
-8025
-7979
-7920
-8081
-8009
-8065
-7980
-7820
-7714
-7154
-7260
-6985
-6704
-6861
-6425
-6792
-6660
-6498
-6767
-6483
-6772
-6152
-5793
-5822
-5510
-5889
-5259
-5041
-4684
-4242
-4845
-4457
-4794
-4683
-4289
-4690
-4163
-4447
-4164
-3867
-4054
-3509
-3700
-3187
-3391
-3850
-3583
-4123
-3817
-4131
-4285
-3919
-4259
-3778
-3839
-3746
-3556
-3670
-3396
-3746
-3586
-3663
-3918
-3892
-4282
-4173
-4009
-3642
-3745
-4264
-4353
-4185
-3762
-4435
-4788
-4293
-4100
-4074
-4720
-4651
-4283
-4575
-4721
-4747
-4570
-4555
-4586
-4669
-4707
-4785
-5076
-5192
-5445
-5475
-5607
-5699
-5611
-5709
-5653
-5980
-5894
-5892
-6149
-5990
-6263
-6202
-6402
-6590
-6544
-6932
-6880
-6942
-6641
-6691
-6982
-6779
-6984
-6704
-7007
-7166
-6992
-7300
-7148
-7594
-7533
-7710
-7966
-7627
-7898
-7561
-7944
-7865
-7840
-8543
-8141
-8730
-8648
-8902
-9381
-8761
-9354
-9105
-9283
-9328
-9034
-9658
-9336
-9924
-9836
-9885
-10454
-10084
-10787
-10351
-10287
-10283
-9619
-10077
-9600
-9751
-9689
-9606
-10008
-9493
-9826
-9615
-9707
-9876
-9475
-9743
-9470
-9718
-9630
-9431
-9569
-9189
-9320
-9162
-9267
-9360
-9223
-9255
-9014
-9021
-8787
-8853
-8817
-8800
-8828
-8394
-8638
-8390
-8285
-8209
-7918
-8241
-7844
-7886
-7608
-7310
-7653
-7325
-7480
-7130
-6921
-7008
-6473
-6482
-6414
-6307
-6000
-5576
-5402
-5242
-5067
-4983
-5003
-4828
-5008
-4955
-4946
-4608
-4058
-4188
-3637
-3738
-3550
-3207
-3521
-2978
-3335
-3171
-3128
-3384
-2764
-3100
-2771
-2841
-2851
-2280
-2596
-2263
-2274
-2227
-2136
-2481
-2414
-2518
-2634
-2812
-2860
-2897
-2765
-2799
-2826
-2562
-2850
-2849
-3235
-3439
-3353
-3615
-3359
-3587
-3572
-3846
-4208
-4185
-4603
-4533
-4961
-4989
-5023
-5365
-5120
-5476
-5266
-5460
-5868
-5832
-6031
-5801
-6050
-6138
-6371
-6750
-6879
-7303
-7259
-7435
-7475
-7554
-7906
-7859
-7935
-8022
-8291
-8430
-8618
-8755
-8685
-8756
-8524
-8725
-8797
-8738
-8984
-9062
-9326
-9269
-9352
-9471
-9619
-9855
-9860
-10157
-9952
-10022
-10034
-9814
-9911
-9559
-9691
-9468
-9508
-9481
-9081
-9546
-9180
-9459
-9477
-9351
-9908
-9399
-9854
-9648
-9601
-9821
-9215
-9702
-9021
-9010
-8948
-8371
-8878
-8207
-8581
-8600
-8347
-8810
-8284
-8709
-8502
-8398
-8546
-7984
-8239
-7947
-8024
-7906
-7446
-7499
-7146
-7383
-7336
-7311
-7395
-7107
-7298
-7177
-7080
-6850
-6539
-6420
-6428
-6798
-6861
-6809
-6449
-6586
-7039
-6926
-6897
-6621
-7003
-7351
-7151
-7017
-6664
-6948
-6673
-6536
-6781
-6637
-7050
-6579
-6516
-6584
-6240
-6669
-6373
-6496
-6527
-6398
-6591
-6285
-6514
-6384
-6341
-6344
-6331
-6528
-6234
-6480
-6457
-6443
-6361
-6148
-6370
-6111
-5998
-5634
-5516
-5519
-5381
-5729
-5745
-6038
-5958
-6080
-6443
-6376
-6796
-6627
-6694
-6625
-6488
-6816
-6371
-6484
-6510
-6531
-6777
-6697
-7056
-7019
-7088
-7195
-7205
-7332
-7263
-7561
-7704
-7813
-7909
-7924
-8142
-8296
-8314
-8247
-8484
-8669
-8574
-8289
-8183
-8489
-8566
-8510
-8574
-8597
-8770
-9025
-9005
-9170
-9187
-9081
-9106
-8925
-9124
-9016
-8975
-8898
-8462
-8480
-8179
-8144
-7862
-7587
-7676
-7370
-7404
-7216
-7567
-7767
-7724
-8000
-7665
-7827
-7537
-7253
-7035
-6519
-6336
-5735
-5886
-5958
-6042
-6061
-6027
-6844
-6699
-6672
-6806
-6870
-6909
-6464
-6540
-6401
-6332
-6139
-6053
-6178
-5892
-5961
-5753
-5692
-5710
-5516
-5527
-5338
-5441
-5391
-5172
-5152
-5198
-5350
-5303
-5394
-5523
-5555
-5714
-5788
-5618
-5522
-5489
-5471
-5735
-5702
-5606
-5660
-5796
-6243
-6429
-6265
-6143
-6214
-6299
-6444
-6415
-6359
-6381
-6232
-6216
-6180
-6261
-6347
-6564
-6507
-6443
-6677
-6481
-6543
-6289
-6411
-6566
-6315
-6707
-6587
-6709
-6706
-6529
-6574
-6203
-6208
-6161
-6034
-5989
-5875
-5860
-6018
-6174
-6413
-6453
-6372
-6715
-6628
-6611
-6613
-6483
-6479
-6253
-6249
-6030
-5920
-5909
-5930
-5797
-5573
-6170
-6366
-6396
-6523
-6836
-7618
-7387
-7068
-7249
-7430
-7609
-7415
-7378
-7358
-7240
-7450
-7586
-7472
-7308
-7365
-7530
-7491
-7592
-7857
-8007
-8055
-8111
-8281
-8427
-8317
-8039
-8071
-8121
-7852
-7526
-7335
-7389
-7326
-7290
-7388
-7377
-7450
-7596
-7747
-7802
-7822
-7882
-7819
-7606
-7475
-7352
-7241
-7217
-6970
-6875
-6876
-6842
-6951
-6851
-7015
-7450
-7623
-7716
-7747
-7738
-7720
-7447
-7024
-6766
-6737
-6764
-6565
-6163
-5858
-5860
-5830
-5723
-5791
-5788
-6055
-6135
-5760
-5751
-5686
-5642
-5632
-5399
-5460
-5535
-5465
-5526
-5707
-5674
-5618
-5667
-5562
-5723
-5753
-5582
-5693
-5527
-5473
-5774
-5764
-5912
-5921
-5412
-5429
-5697
-5882
-6033
-5730
-5491
-5655
-6028
-6203
-6303
-6556
-6581
-6834
-7011
-6937
-7017
-6792
-6916
-7191
-6942
-6932
-7118
-7219
-7454
-7739
-7764
-7917
-8179
-8024
-8195
-8387
-8169
-8330
-8170
-7980
-8503
-8634
-8655
-8682
-8291
-8493
-8812
-8534
-8431
-8405
-8218
-8363
-8441
-8143
-8337
-8574
-8467
-8708
-8551
-8421
-8951
-8860
-8683
-8871
-8718
-8666
-8430
-7928
-7979
-7955
-7610
-7660
-7645
-7536
-7629
-7612
-7792
-7967
-7861
-7736
-7689
-7684
-7586
-7506
-7175
-6948
-7008
-6801
-6857
-6817
-6651
-6860
-6952
-7299
-7525
-7456
-7413
-7096
-7153
-7177
-6928
-6932
-6988
-7199
-7214
-7269
-7627
-7871
-8039
-7962
-7904
-7792
-7446
-7312
-7104
-6932
-6986
-6797
-6794
-7109
-7131
-7293
-7532
-7387
-7444
-7315
-6909
-6895
-6524
-6101
-6285
-6096
-5982
-6313
-6271
-6545
-6833
-6595
-6748
-6625
-6292
-6502
-6252
-5911
-6178
-6191
-6238
-6541
-6520
-6832
-7105
-6644
-6510
-6564
-6329
-6410
-6392
-6110
-6199
-6196
-6159
-6529
-6481
-6370
-6606
-6300
-6115
-6247
-5884
-5879
-5974
-5569
-5683
-5740
-5551
-5877
-5781
-5389
-5461
-5421
-5779
-6251
-5776
-5872
-6025
-5676
-6259
-6277
-5981
-6147
-6039
-6271
-6013
-5774
-6434
-6615
-6274
-6404
-7086
-7048
-6691
-6775
-6867
-7031
-6230
-5701
-6256
-6373
-6481
-6197
-6187
-6864
-6627
-6302
-6627
-7071
-7178
-6535
-6058
-6584
-6811
-6337
-6405
-6774
-6982
-6810
-6457
-6860
-7108
-6652
-6712
-6956
-6903
-6990
-6827
-6994
-7305
-6831
-6868
-7004
-6982
-7262
-6841
-6887
-7082
-6852
-7115
-6991
-7212
-7557
-7203
-7461
-7801
-7702
-7707
-7779
-8129
-8351
-7837
-7824
-8360
-8151
-8113
-8400
-8657
-8843
-8304
-8221
-8811
-8870
-8562
-8255
-8168
-8368
-8126
-7585
-8035
-8567
-8404
-8212
-8051
-8583
-8708
-7911
-8007
-8209
-7739
-7151
-6500
-7062
-7962
-6639
-4713
-4430
-7089
-9984
-6632
-1824
-3304
-7872
-9136
-5826
-4414
-5413
-4873
-5312
-6070
-5541
-4618
-4705
-6083
-6068
-5460
-5721
-6387
-6137
-4976
-5493
-6038
-5518
-4906
-4592
-5858
-6345
-5672
-5849
-6181
-6618
-6582
-6498
-7109
-7157
-6976
-7045
-7028
-7150
-7203
-7120
-7338
-7682
-7803
-7712
-7578
-7834
-8122
-7927
-7808
-7910
-8044
-8217
-8147
-8125
-8310
-8234
-8262
-8380
-8310
-8449
-8452
-8434
-8661
-8639
-8727
-8726
-8354
-8452
-8722
-8742
-8757
-8539
-8453
-8499
-8215
-8193
-8300
-7992
-7827
-7852
-7766
-7659
-7229
-7233
-8018
-8049
-7601
-7325
-7234
-7844
-7972
-7527
-7353
-6918
-6767
-6987
-6947
-6958
-6899
-6862
-7143
-7150
-6984
-7116
-7137
-7041
-6880
-6622
-6685
-6735
-6586
-6522
-6496
-6529
-6377
-6248
-6295
-6283
-6303
-5962
-5759
-5869
-5614
-5558
-5423
-5295
-5481
-5165
-4966
-4980
-4955
-5128
-4949
-4806
-4953
-5048
-5009
-4933
-5057
-5112
-5161
-5270
-5316
-5477
-5548
-5561
-5665
-5760
-5937
-6069
-6168
-6380
-6492
-6547
-6718
-6950
-7141
-7093
-7019
-7063
-6788
-6623
-6753
-6762
-7042
-7219
-7457
-7885
-7631
-7655
-7850
-7668
-7781
-7448
-7212
-7406
-7207
-7376
-7453
-7261
-7528
-7611
-7805
-8147
-8117
-8168
-8104
-8068
-8301
-8167
-7792
-7659
-7940
-8291
-7994
-7364
-7389
-8073
-8458
-8238
-7928
-7872
-7826
-7563
-7441
-7376
-7170
-6849
-6585
-6674
-6600
-6427
-6376
-6227
-6259
-6078
-5907
-5998
-5743
-5591
-5562
-5431
-5395
-5172
-5059
-5114
-4811
-4536
-4503
-4510
-4653
-4475
-4319
-4618
-4605
-4530
-4459
-4375
-4594
-4309
-3967
-4015
-3938
-3987
-3726
-3483
-3672
-3622
-3844
-4049
-3988
-4156
-3980
-4005
-4256
-4193
-4425
-4469
-4556
-4780
-4414
-4506
-4879
-5091
-5432
-5385
-5733
-6228
-6202
-6426
-6640
-6967
-7301
-7120
-7254
-7652
-7868
-8110
-8234
-8398
-8540
-8503
-8678
-8832
-8805
-8855
-8865
-8948
-9051
-9069
-9281
-9415
-9415
-9500
-9447
-9429
-9477
-9409
-9375
-9450
-9613
-9733
-9746
-9854
-10102
-10222
-10196
-10126
-10129
-10215
-10136
-10031
-9985
-9965
-9997
-9996
-10123
-10288
-10214
-10014
-9806
-9610
-9499
-9392
-9356
-9378
-9264
-9253
-9271
-9171
-9183
-9208
-9211
-9034
-8708
-8697
-8697
-8538
-8440
-8273
-8163
-7975
-7715
-7679
-7605
-7354
-6962
-6726
-6960
-7111
-6791
-6445
-6367
-6470
-6519
-6355
-6202
-6109
-5947
-5888
-5842
-5693
-5600
-5601
-5697
-5704
-5587
-5526
-5463
-5530
-5611
-5473
-5349
-5258
-5248
-5232
-5060
-5049
-5088
-5023
-5004
-4938
-4938
-4996
-4973
-5010
-4983
-4834
-4795
-4797
-4800
-4837
-4761
-4832
-5004
-5015
-5240
-5466
-5580
-5745
-5630
-5638
-5771
-5852
-6155
-6113
-6021
-6281
-6517
-6732
-6676
-6776
-7167
-7236
-7264
-7412
-7647
-7826
-7780
-7806
-7841
-7807
-7835
-7956
-8096
-8103
-8024
-7951
-8031
-8034
-7909
-7990
-8015
-8096
-8158
-8098
-8347
-8306
-8218
-8340
-8109
-8085
-7914
-7772
-7973
-7685
-7750
-7967
-7958
-8101
-7924
-8159
-8146
-7689
-7621
-7270
-7271
-7075
-6734
-7035
-6737
-6665
-6774
-6566
-6699
-6337
-6201
-6252
-5801
-5785
-5659
-5586
-5638
-5329
-5509
-5535
-5438
-5636
-5407
-5436
-5401
-5305
-5647
-5424
-5346
-5421
-5360
-5639
-5323
-5116
-5169
-5122
-5463
-5317
-5280
-5508
-5512
-5755
-5575
-5533
-5676
-5529
-5752
-5718
-5940
-6317
-6110
-6429
-6646
-6816
-7127
-6899
-7242
-7372
-7186
-7499
-7405
-7656
-7873
-7842
-8316
-8218
-8214
-8365
-8252
-8360
-8040
-7989
-8053
-8043
-8410
-8416
-8666
-8838
-8820
-9016
-8834
-8922
-8830
-8571
-8692
-8519
-8571
-8608
-8535
-8780
-8616
-8515
-8559
-8413
-8520
-8266
-7914
-7915
-7726
-7691
-7603
-7383
-7536
-7389
-7139
-7204
-7023
-6918
-6746
-6518
-6540
-6200
-5977
-5887
-5714
-5845
-5781
-5692
-5590
-5319
-5204
-4900
-4568
-4441
-4245
-4292
-4442
-4392
-4548
-4607
-4531
-4551
-4408
-4349
-4267
-4161
-4121
-3853
-3604
-3585
-3727
-4014
-4244
-4300
-4407
-4496
-4570
-4582
-4403
-4330
-4211
-4119
-4187
-4240
-4459
-4619
-4703
-4820
-4886
-5172
-5299
-5208
-5210
-5190
-5405
-5539
-5644
-5960
-6155
-6400
-6517
-6559
-6542
-6407
-6589
-6802
-6889
-7000
-7056
-7210
-7470
-7644
-7864
-7965
-7787
-7869
-8116
-8234
-8285
-8191
-8285
-8423
-8401
-8547
-8757
-9015
-9202
-9297
-9452
-9497
-9469
-9363
-9309
-9359
-9369
-9425
-9502
-9658
-9876
-10002
-10040
-10048
-10124
-10128
-9998
-9886
-9743
-9625
-9573
-9624
-9702
-9759
-9848
-9755
-9715
-9693
-9490
-9326
-8988
-8789
-8827
-8575
-8411
-8421
-8432
-8608
-8519
-8226
-8125
-7963
-7780
-7674
-7536
-7463
-7569
-7502
-7276
-7416
-7441
-7219
-7023
-6749
-6828
-6922
-6682
-6539
-6495
-6517
-6540
-6493
-6470
-6487
-6497
-6321
-6156
-6137
-5967
-5980
-6075
-5932
-5987
-5942
-5918
-6087
-6009
-6020
-6050
-5956
-5824
-5747
-5833
-5879
-6012
-5967
-5893
-6056
-5995
-5905
-5785
-5746
-5861
-5760
-5727
-5866
-6079
-6084
-5952
-5990
-5979
-5935
-5596
-5410
-5592
-5490
-5398
-5280
-5400
-5685
-5581
-5535
-5511
-5569
-5599
-5515
-5625
-5657
-5720
-5705
-5755
-5945
-5849
-5946
-6015
-6050
-6230
-6167
-6322
-6451
-6536
-6649
-6631
-6765
-6650
-6756
-6830
-6699
-6872
-6620
-6589
-6608
-6466
-6769
-6641
-6643
-6772
-6694
-6897
-6736
-6625
-6729
-6710
-6803
-6735
-6719
-6905
-6981
-6860
-6750
-6851
-7169
-7414
-7105
-6631
-6538
-6850
-7119
-6929
-6822
-7219
-7802
-7994
-7909
-8029
-8359
-8640
-8434
-8165
-8200
-8255
-8367
-8371
-8480
-8731
-8627
-8421
-8356
-8475
-8617
-8415
-8293
-8387
-8324
-8237
-8062
-8021
-8219
-7978
-7757
-7908
-7937
-7944
-7690
-7461
-7686
-7646
-7357
-7224
-7153
-7168
-7080
-6794
-6668
-6662
-6568
-6529
-6414
-6343
-6464
-6347
-6287
-6447
-6451
-6491
-6515
-6607
-6700
-6404
-6279
-6374
-6421
-6586
-6488
-6402
-6599
-6770
-7065
-7145
-7047
-7233
-7404
-7501
-7502
-7403
-7372
-7261
-7197
-7273
-7386
-7514
-7474
-7410
-7384
-7157
-6987
-6938
-6840
-6822
-6657
-6410
-6376
-6399
-6562
-6565
-6369
-6313
-6159
-6143
-6089
-5928
-5928
-5720
-5684
-5717
-5772
-6053
-5916
-5727
-5620
-5653
-5858
-5772
-6004
-6276
-6343
-6396
-6184
-6271
-6179
-5891
-5852
-5693
-5760
-5613
-5601
-5946
-5837
-5930
-5946
-5844
-5921
-5792
-5959
-5832
-5594
-5716
-5565
-5620
-5525
-5498
-5712
-5498
-5670
-5636
-5618
-5989
-5787
-6009
-6040
-5977
-6352
-6048
-6120
-6189
-6126
-6271
-6028
-6295
-6308
-6308
-6608
-6508
-6844
-6946
-7073
-7378
-7330
-7601
-7525
-7492
-7632
-7532
-7854
-8002
-8120
-8169
-7997
-8183
-8234
-8324
-8360
-8387
-8600
-8581
-8765
-8847
-8886
-8865
-8460
-8540
-8583
-8440
-8574
-8521
-8778
-9001
-8893
-9003
-8937
-9039
-9139
-9031
-9102
-9052
-9302
-9272
-9122
-9391
-9082
-9012
-9082
-9024
-9279
-9031
-9004
-9065
-8753
-8788
-8734
-8647
-8579
-8384
-8290
-8115
-7959
-7804
-7621
-7574
-7516
-7407
-7378
-7352
-7230
-7164
-7062
-6931
-6882
-6725
-6689
-6686
-6531
-6501
-6321
-6273
-6390
-6201
-6212
-6146
-6122
-6239
-6019
-6228
-6279
-6121
-6106
-5860
-6102
-5984
-5901
-6105
-5913
-6247
-6152
-6246
-6556
-6325
-6708
-6715
-6852
-7053
-6826
-7063
-6975
-7104
-7106
-7006
-7302
-7188
-7332
-7274
-7312
-7647
-7544
-7717
-7746
-7702
-7662
-7512
-7481
-7189
-7091
-7098
-7188
-7129
-6979
-7291
-7242
-7257
-7359
-7348
-7560
-7381
-7387
-7344
-7207
-7435
-7310
-7307
-7325
-7279
-7317
-6987
-6956
-6973
-6878
-6886
-6764
-6852
-6930
-7108
-7167
-6955
-6991
-7001
-6916
-6595
-6329
-6188
-5915
-5867
-5909
-6166
-6340
-6390
-6402
-6204
-6338
-6298
-6108
-5987
-5851
-5871
-5552
-5423
-5469
-5547
-5674
-5488
-5575
-5565
-5674
-5847
-5644
-5684
-5436
-5223
-5040
-4777
-4930
-4861
-4795
-4805
-4903
-4842
-4553
-4626
-4613
-4650
-4475
-4277
-4428
-4308
-4434
-4483
-4353
-4490
-4503
-4472
-4463
-4533
-4550
-4607
-4630
-4683
-4926
-4848
-4900
-4853
-4704
-4888
-4866
-4995
-5075
-5247
-5657
-5697
-5811
-5984
-6142
-6187
-6157
-6242
-6150
-6064
-6054
-6213
-6301
-6330
-6471
-6521
-6821
-6997
-7111
-7242
-7251
-7472
-7481
-7657
-7895
-7991
-8174
-8198
-8379
-8307
-8395
-8905
-9083
-9227
-9383
-9652
-9906
-9915
-9998
-10105
-10148
-10267
-10391
-10365
-10512
-10625
-10667
-10840
-10858
-11041
-11090
-11129
-11314
-11193
-11226
-11127
-11074
-11148
-11035
-11076
-10865
-10798
-10794
-10630
-10728
-10742
-10877
-10820
-10609
-10634
-10562
-10513
-10422
-10361
-10266
-10090
-9969
-9898
-9809
-9652
-9747
-9683
-9524
-9502
-9480
-9567
-9217
-8928
-8818
-8681
-8719
-8417
-8368
-8354
-8101
-7994
-7734
-7713
-7689
-7455
-7212
-6948
-6704
-6504
-6395
-6157
-5944
-5620
-5533
-5560
-5233
-5119
-5030
-5125
-4953
-4645
-4775
-4630
-4554
-4319
-4074
-4001
-3768
-3680
-3545
-3574
-3493
-3509
-3545
-3442
-3651
-3465
-3510
-3611
-3562
-3811
-3538
-3475
-3568
-3637
-3827
-3627
-3681
-3793
-3862
-3892
-3893
-4170
-4260
-4376
-4544
-4774
-4906
-4807
-4908
-4889
-4886
-4940
-5109
-5350
-5367
-5437
-5544
-5832
-5946
-5971
-6179
-6251
-6443
-6568
-6717
-6870
-6845
-6940
-7036
-7153
-7375
-7537
-7678
-7907
-7937
-7989
-8016
-7969
-8109
-7933
-8000
-7987
-7754
-7942
-7843
-8050
-8131
-7843
-7957
-7805
-7822
-7862
-7705
-7828
-7750
-7642
-7639
-7527
-7570
-7715
-7703
-7700
-7668
-7720
-7808
-7612
-7630
-7633
-7545
-7503
-7282
-7433
-7484
-7404
-7491
-7393
-7488
-7497
-7518
-7562
-7376
-7361
-7198
-7101
-7176
-7135
-7082
-7000
-7083
-7029
-6875
-6901
-6928
-6811
-6566
-6552
-6460
-6257
-6221
-6169
-6160
-6040
-5997
-6143
-6097
-5954
-5978
-6015
-5908
-5846
-5829
-5898
-5926
-5955
-6148
-6096
-6157
-6357
-6424
-6616
-6625
-6730
-6866
-6952
-7181
-7101
-7170
-7180
-7089
-7214
-7146
-7426
-7598
-7565
-7771
-7786
-8026
-8067
-8025
-8349
-8319
-8293
-8265
-8316
-8572
-8473
-8474
-8593
-8714
-8710
-8470
-8555
-8624
-8550
-8357
-8221
-8409
-8257
-8131
-8094
-8050
-8250
-8020
-7991
-8202
-8150
-8151
-7860
-7866
-7913
-7576
-7575
-7524
-7594
-7490
-7136
-7330
-7353
-7341
-7373
-7328
-7574
-7374
-7233
-7329
-7289
-7368
-7079
-6983
-7048
-6933
-6898
-6671
-6850
-6899
-6570
-6616
-6558
-6645
-6570
-6237
-6304
-6156
-6116
-6116
-5937
-6136
-6011
-5934
-6043
-5824
-5999
-6021
-5912
-6038
-5767
-5810
-5941
-5865
-6013
-5857
-5846
-5873
-5727
-5786
-5633
-5675
-5546
-5318
-5531
-5264
-5324
-5477
-5117
-5395
-5289
-5046
-5196
-4881
-5010
-4967
-4646
-4828
-4690
-4791
-4910
-4882
-5221
-5000
-5020
-5238
-5096
-5356
-5146
-5141
-5451
-5130
-5343
-5404
-5351
-5674
-5429
-5611
-5862
-5770
-5898
-5780
-6085
-6209
-5976
-6227
-6102
-6209
-6300
-6041
-6357
-6164
-6147
-6362
-5978
-6146
-5956
-5802
-6199
-6165
-6434
-6522
-6505
-6578
-6271
-6286
-6163
-6087
-6018
-5731
-6012
-5942
-5856
-6105
-5948
-6175
-6175
-5893
-6116
-5980
-5860
-5816
-5478
-5619
-5615
-5328
-5499
-5581
-5611
-5638
-5503
-5716
-5842
-5796
-5809
-5763
-5924
-5845
-5827
-6091
-6019
-6082
-5973
-5885
-6226
-6087
-6216
-6493
-6352
-6557
-6328
-6204
-6605
-6368
-6360
-6477
-6349
-6521
-6395
-6446
-6832
-6848
-6817
-6826
-6856
-6985
-6905
-6798
-6986
-6864
-6613
-6718
-6612
-6717
-6742
-6545
-7070
-7127
-7171
-7656
-7455
-7813
-7894
-7550
-8053
-7812
-7811
-8137
-7781
-8205
-8206
-8022
-8595
-8549
-8734
-8908
-8724
-9137
-9158
-9117
-9318
-9182
-9359
-9377
-9274
-9533
-9709
-9911
-9922
-9917
-10048
-10025
-10018
-9867
-9913
-9902
-9646
-9764
-9677
-9733
-9887
-9678
-9916
-9766
-9592
-9886
-9554
-9550
-9528
-9189
-9385
-9062
-8812
-9003
-8789
-8832
-8716
-8425
-8552
-8324
-8172
-8313
-8022
-7872
-7825
-7642
-7735
-7664
-7460
-7485
-7393
-7239
-7199
-7127
-7198
-7193
-6872
-6899
-6985
-6744
-6746
-6667
-6543
-6486
-6085
-6097
-6273
-6017
-6030
-6029
-6017
-6120
-5872
-5934
-6117
-5856
-5690
-5562
-5606
-5853
-5698
-5602
-5785
-5792
-5866
-5899
-5863
-6076
-6010
-5788
-5778
-5688
-5705
-5606
-5437
-5653
-5722
-5660
-5848
-6082
-6233
-6229
-6210
-6251
-6211
-6025
-5900
-5934
-5836
-5746
-5708
-5742
-5964
-5976
-6046
-6171
-6054
-6178
-6297
-6310
-6335
-6059
-6099
-6426
-6370
-6402
-6547
-6675
-6915
-6762
-6640
-6848
-6837
-6912
-7024
-6959
-7051
-7068
-7004
-7153
-7235
-7130
-7046
-6971
-6964
-7227
-7293
-7238
-7464
-7338
-7272
-7326
-7097
-7435
-7508
-7298
-7691
-7620
-7610
-7792
-7581
-7804
-7744
-7501
-7667
-7524
-7572
-7616
-7430
-7672
-7740
-7639
-7695
-7633
-7683
-7602
-7335
-7305
-7212
-7084
-7085
-6992
-7042
-6991
-6721
-6776
-6845
-6769
-6646
-6488
-6555
-6509
-6319
-6228
-6229
-6217
-5957
-5757
-5654
-5580
-5572
-5438
-5443
-5425
-5322
-5380
-5338
-5314
-5235
-5036
-4986
-4945
-4915
-4961
-5027
-4996
-4973
-5066
-5061
-5158
-5265
-5289
-5381
-5289
-5238
-5268
-5186
-5232
-5255
-5225
-5335
-5428
-5603
-5823
-5840
-5942
-6107
-6180
-6405
-6543
-6562
-6647
-6682
-6811
-6825
-6710
-6897
-7252
-7584
-7772
-7773
-7759
-7892
-8042
-7998
-8032
-8095
-8081
-8127
-8013
-8055
-8290
-8213
-8121
-8188
-8245
-8319
-8309
-8247
-8359
-8421
-8343
-8435
-8512
-8523
-8463
-8250
-8285
-8305
-8015
-7934
-8030
-7999
-7888
-7761
-7812
-7875
-7711
-7663
-7752
-7670
-7445
-7335
-7425
-7396
-7231
-7115
-7050
-7130
-7061
-6999
-7226
-7164
-7126
-7216
-7121
-7323
-7389
-7298
-7484
-7401
-7377
-7566
-7513
-7585
-7581
-7461
-7677
-7772
-7746
-7866
-7847
-7855
-7818
-7555
-7617
-7694
-7564
-7701
-7590
-7442
-7557
-7465
-7468
-7518
-7476
-7461
-7379
-7265
-7182
-7190
-7015
-6872
-6911
-6771
-6908
-6998
-6722
-6853
-6947
-6890
-7049
-6943
-6942
-7090
-6940
-6837
-6836
-6866
-6931
-6926
-6913
-7019
-7170
-7082
-6968
-7099
-7221
-7239
-7206
-7178
-7285
-7247
-6985
-6996
-7096
-6942
-6795
-6651
-6617
-6861
-6915
-6798
-6870
-6920
-6916
-6884
-6758
-6669
-6588
-6458
-6485
-6647
-6541
-6429
-6548
-6510
-6456
-6332
-6180
-6350
-6292
-6079
-6109
-6013
-5949
-6075
-6084
-6031
-6032
-5902
-5922
-6058
-5826
-5796
-5887
-5639
-5516
-5332
-5165
-5270
-5198
-5120
-5240
-5250
-5236
-5348
-5217
-5041
-5188
-5024
-4799
-4788
-4583
-4770
-4842
-4492
-4565
-4622
-4713
-4873
-4664
-4718
-4949
-4838
-4678
-4800
-4961
-4815
-4683
-4713
-4896
-4953
-4647
-4812
-5168
-5050
-5057
-5164
-5373
-5667
-5599
-5636
-5884
-5910
-5903
-6029
-6245
-6455
-6616
-6718
-6912
-7265
-7345
-7290
-7406
-7459
-7398
-7274
-7324
-7571
-7682
-7669
-7752
-8015
-8074
-7975
-8157
-8256
-8317
-8266
-7953
-8139
-8276
-8043
-8225
-8327
-8242
-8360
-8311
-8453
-8823
-8630
-8523
-8777
-8651
-8672
-8703
-8504
-8864
-8886
-8676
-9170
-9160
-9058
-9279
-9083
-9270
-9331
-9049
-9269
-9318
-9185
-9251
-9264
-9236
-9261
-9288
-9307
-9343
-9216
-9154
-9208
-9067
-8910
-8816
-8792
-8675
-8520
-8581
-8576
-8505
-8265
-8048
-8108
-7879
-7681
-7718
-7594
-7519
-7353
-7169
-7192
-7144
-7083
-7116
-7011
-6769
-6694
-6643
-6582
-6618
-6422
-6262
-6224
-6098
-6178
-6170
-5982
-5947
-5781
-5668
-5765
-5650
-5562
-5517
-5311
-5318
-5377
-5335
-5326
-5311
-5356
-5318
-5256
-5249
-5249
-5273
-5177
-5270
-5309
-5167
-5392
-5438
-5448
-5617
-5473
-5592
-5704
-5614
-5830
-6014
-6142
-6235
-6374
-6631
-6777
-6979
-7092
-7216
-7394
-7322
-7450
-7592
-7524
-7722
-7854
-7959
-8299
-8434
-8627
-8860
-8797
-8999
-9273
-9296
-9425
-9405
-9342
-9566
-9552
-9428
-9654
-9746
-9820
-10026
-9859
-9890
-10082
-9889
-10048
-10094
-9813
-9985
-9708
-9464
-9713
-9327
-9300
-9491
-9245
-9501
-9470
-9246
-9417
-9159
-8964
-8983
-8742
-8650
-8632
-8504
-8495
-8474
-8339
-8328
-8265
-8065
-8068
-7923
-7692
-7784
-7700
-7559
-7552
-7382
-7295
-7053
-6630
-6550
-6504
-6358
-6180
-5876
-5836
-5771
-5456
-5404
-5390
-5358
-5318
-5155
-5291
-5448
-5324
-5133
-4986
-5064
-5050
-4868
-4949
-4981
-4940
-4946
-4785
-4860
-4923
-4791
-4807
-4664
-4730
-4933
-4787
-4901
-4986
-4968
-5216
-5099
-5124
-5389
-5318
-5547
-5680
-5618
-5892
-5882
-6004
-6489
-6657
-6846
-7038
-7075
-7380
-7477
-7317
-7590
-7661
-7720
-8168
-8159
-8433
-8740
-8527
-8827
-8847
-8769
-8992
-8654
-8773
-8951
-8584
-8709
-8721
-8732
-9001
-8773
-8771
-8993
-8982
-9206
-9309
-9259
-9287
-9111
-9041
-9108
-9051
-9053
-9139
-9296
-9411
-9332
-9231
-9274
-9317
-9154
-9009
-8958
-8989
-9075
-8934
-8852
-8855
-8674
-8528
-8341
-8232
-8329
-8208
-8087
-8081
-7947
-8003
-7939
-7811
-7970
-7779
-7528
-7395
-7150
-7068
-6780
-6607
-6631
-6422
-6388
-6282
-6286
-6483
-6265
-6153
-6158
-5981
-5885
-5680
-5580
-5720
-5580
-5466
-5646
-5657
-5760
-5707
-5351
-5454
-5315
-5006
-5033
-4911
-5036
-4919
-4698
-4998
-4969
-4953
-4904
-4643
-4801
-4609
-4491
-4772
-4690
-4887
-4816
-4679
-4997
-4785
-4907
-4986
-4848
-5224
-5056
-5189
-5399
-5171
-5470
-5394
-5466
-5693
-5597
-6073
-6065
-5971
-6235
-5974
-6180
-6245
-6083
-6478
-6351
-6451
-6751
-6593
-6959
-7021
-6858
-7109
-6915
-6997
-7190
-6937
-7034
-6896
-6715
-6766
-6564
-6743
-6773
-6692
-6939
-6736
-6736
-6735
-6572
-6839
-6538
-6451
-6662
-6366
-6494
-6329
-6179
-6388
-6005
-6047
-6148
-5954
-6140
-5996
-5948
-6042
-5812
-5834
-5742
-5567
-5494
-5269
-5275
-5216
-5126
-5241
-5226
-5369
-5309
-5137
-5403
-5431
-5440
-5357
-5120
-5367
-5161
-4817
-4939
-4920
-4988
-4830
-4808
-5139
-5079
-5210
-5324
-5277
-5376
-5170
-5240
-5237
-5004
-5160
-5032
-4991
-5052
-4990
-5232
-5106
-5150
-5310
-5194
-5548
-5479
-5574
-5939
-5760
-6088
-5949
-5968
-6523
-6138
-6347
-6535
-6442
-6796
-6436
-6561
-6767
-6576
-6750
-6510
-6746
-6851
-6620
-6976
-6749
-6851
-6987
-6665
-7050
-6959
-7046
-7427
-7214
-7503
-7556
-7528
-7767
-7642
-7799
-7704
-7630
-7916
-7824
-7877
-7736
-7670
-7917
-7635
-7726
-7874
-7747
-7919
-7736
-7805
-7864
-7630
-7852
-7743
-7725
-7862
-7746
-7917
-7863
-7841
-7867
-7685
-7642
-7541
-7569
-7513
-7447
-7463
-7338
-7342
-7252
-7379
-7440
-7266
-7333
-7312
-7500
-7417
-7181
-7230
-7014
-7131
-7050
-6796
-6880
-6587
-6534
-6419
-6161
-6324
-6221
-6234
-6220
-6057
-6131
-5907
-5891
-5887
-5647
-5739
-5628
-5587
-5675
-5586
-5793
-5886
-5880
-6017
-5903
-5818
-5829
-5884
-5940
-5828
-5886
-5921
-5978
-6106
-6064
-6237
-6273
-6219
-6337
-6276
-6332
-6475
-6542
-6544
-6571
-6724
-6862
-7016
-7097
-7292
-7479
-7485
-7613
-7691
-7785
-7832
-7703
-7734
-7821
-7814
-7818
-7848
-7861
-7891
-7841
-7809
-7913
-7909
-7907
-7860
-7827
-7844
-7633
-7544
-7495
-7410
-7298
-7108
-7208
-7205
-7084
-7013
-6910
-6892
-6626
-6539
-6801
-6842
-6769
-6650
-6674
-6720
-6502
-6439
-6555
-6755
-6840
-6723
-6848
-6986
-6936
-6800
-6676
-6754
-6781
-6675
-6669
-6809
-6940
-6971
-6918
-6865
-7043
-7133
-7084
-7231
-7224
-7214
-7243
-7094
-7196
-7383
-7428
-7471
-7510
-7657
-7777
-7600
-7490
-7519
-7381
-7337
-7258
-7286
-7500
-7398
-7411
-7511
-7491
-7520
-7408
-7362
-7323
-7217
-7141
-7032
-6947
-6920
-7002
-6972
-6875
-6771
-6691
-6720
-6486
-6258
-6297
-6324
-6283
-6229
-6324
-6460
-6385
-6253
-6255
-6236
-6164
-6049
-5964
-5990
-5862
-5824
-5939
-5951
-6018
-5951
-5840
-5829
-5698
-5627
-5639
-5566
-5590
-5650
-5511
-5597
-5727
-5645
-5783
-5720
-5650
-5723
-5579
-5724
-5795
-5614
-5621
-5544
-5514
-5545
-5403
-5402
-5407
-5253
-5248
-5305
-5399
-5487
-5490
-5561
-5545
-5529
-5452
-5311
-5449
-5466
-5508
-5587
-5470
-5641
-5662
-5707
-5881
-5804
-5970
-6021
-6056
-6334
-6473
-6563
-6606
-6695
-6758
-6827
-7017
-7152
-7294
-7455
-7630
-7795
-7830
-7902
-8065
-8062
-8087
-8256
-8467
-8723
-8750
-8840
-9019
-8923
-8963
-9076
-9168
-9407
-9473
-9473
-9512
-9435
-9533
-9693
-9791
-9893
-9721
-9691
-9768
-9733
-9950
-9911
-9828
-9884
-9832
-10005
-9986
-9960
-10008
-9735
-9623
-9647
-9707
-9758
-9566
-9542
-9665
-9653
-9657
-9530
-9476
-9487
-9368
-9411
-9379
-9382
-9426
-9262
-9204
-9180
-9080
-9003
-8797
-8541
-8456
-8244
-8126
-8143
-8050
-8114
-8038
-8039
-8026
-7831
-7819
-7697
-7591
-7433
-7221
-7109
-6938
-6836
-6751
-6665
-6663
-6618
-6463
-6478
-6469
-6333
-6258
-6042
-5915
-5826
-5645
-5458
-5269
-5310
-5361
-5125
-4931
-4931
-4850
-4764
-4644
-4598
-4612
-4424
-4371
-4314
-4300
-4252
-4006
-4020
-3921
-3871
-3941
-3824
-3890
-3838
-3851
-4022
-4057
-4228
-4324
-4329
-4358
-4357
-4423
-4472
-4404
-4396
-4580
-4637
-4691
-4836
-4947
-5186
-5160
-5097
-5222
-5254
-5401
-5376
-5436
-5660
-5675
-5768
-5861
-6077
-6245
-6352
-6478
-6495
-6718
-6759
-6764
-6852
-6900
-7121
-7126
-7133
-7293
-7459
-7553
-7363
-7278
-7477
-7653
-7694
-7794
-8037
-8200
-8105
-8106
-8384
-8412
-8336
-8380
-8439
-8636
-8623
-8556
-8601
-8586
-8756
-8698
-8556
-8630
-8668
-8854
-8787
-8607
-8622
-8540
-8609
-8626
-8436
-8389
-8416
-8393
-8380
-8246
-8283
-8487
-8300
-8114
-8015
-7941
-7901
-7519
-7260
-7179
-7134
-7110
-6879
-6974
-7071
-6835
-6892
-6862
-6852
-6959
-6705
-6830
-6964
-6810
-6961
-6811
-6908
-7218
-7119
-7335
-7338
-7442
-7698
-7410
-7547
-7444
-7162
-7345
-7219
-7459
-7562
-7428
-7794
-7569
-7513
-7859
-7767
-7979
-7886
-7779
-8098
-7846
-7912
-7994
-7944
-8350
-8018
-7952
-8207
-8054
-8308
-8141
-8155
-8246
-7867
-8361
-8617
-8530
-8547
-8240
-8541
-8553
-8271
-8384
-8209
-8417
-8425
-7969
-8050
-8090
-8244
-8275
-7983
-8179
-8157
-8062
-8144
-7996
-8047
-7945
-7892
-8003
-7911
-7931
-7762
-7783
-7995
-7786
-7562
-7382
-7425
-7421
-7138
-7099
-6982
-6905
-6919
-6792
-6783
-6647
-6640
-6606
-6378
-6503
-6426
-6234
-6188
-6099
-6257
-6150
-6040
-6183
-6018
-5979
-5897
-5758
-5872
-5726
-5680
-5674
-5627
-5894
-5802
-5796
-5925
-5747
-5785
-5669
-5648
-5828
-5949
-6128
-6040
-6103
-6258
-6236
-6173
-6140
-6312
-6260
-6103
-6102
-6138
-6296
-6319
-6252
-6356
-6520
-6459
-6129
-6142
-6467
-6431
-6187
-6027
-6146
-6313
-6130
-6031
-6095
-6233
-6175
-5883
-6091
-6314
-6111
-5809
-5849
-6321
-6199
-5895
-6175
-6370
-6246
-5986
-6142
-6553
-6407
-6305
-6538
-6695
-6764
-6636
-6712
-6945
-6971
-6939
-6979
-7099
-7050
-7089
-7204
-7191
-7183
-7161
-7196
-7190
-7206
-7245
-7294
-7397
-7461
-7511
-7581
-7641
-7495
-7316
-7339
-7395
-7322
-7257
-7418
-7513
-7419
-7482
-7520
-7551
-7679
-7544
-7587
-7566
-7376
-7496
-7302
-7268
-7319
-7251
-7564
-7415
-7392
-7658
-7593
-7588
-7290
-7332
-7597
-7341
-7316
-7301
-7432
-7611
-7372
-7487
-7499
-7366
-7393
-7194
-7166
-7033
-6980
-7106
-6881
-6799
-6778
-6731
-6744
-6655
-6760
-6807
-6705
-6531
-6301
-6254
-6144
-6089
-6002
-5886
-5935
-5698
-5649
-5780
-5736
-5733
-5525
-5564
-5674
-5453
-5423
-5381
-5422
-5457
-5264
-5490
-5730
-5710
-5666
-5532
-5838
-6084
-5862
-5956
-6007
-5951
-6098
-6079
-6205
-6393
-6460
-6595
-6541
-6618
-6854
-6843
-6789
-6813
-6870
-6826
-6771
-6918
-7048
-7156
-7280
-7305
-7396
-7418
-7349
-7515
-7496
-7237
-7068
-6861
-6988
-7098
-6881
-6991
-7060
-7070
-7108
-6889
-7044
-7164
-6932
-6825
-6702
-6821
-6849
-6589
-6609
-6740
-6779
-6552
-6440
-6663
-6551
-6275
-6141
-6223
-6470
-6499
-6469
-6632
-6876
-6975
-6887
-6810
-6860
-6958
-6868
-6666
-6613
-6684
-6859
-6999
-7183
-7482
-7567
-7447
-7259
-7243
-7358
-7366
-7392
-7283
-7225
-7270
-7242
-7442
-7614
-7647
-7562
-7436
-7507
-7414
-7416
-7416
-7321
-7382
-7172
-7226
-7310
-7237
-7388
-7226
-7317
-7357
-7204
-7382
-7274
-7299
-7214
-6896
-6974
-6992
-7020
-6921
-6779
-6936
-6895
-6832
-6868
-6841
-6847
-6727
-6563
-6528
-6499
-6480
-6414
-6260
-6420
-6547
-6437
-6402
-6144
-6028
-5913
-5712
-5750
-5545
-5526
-5638
-5687
-5829
-5743
-5784
-5753
-5718
-5897
-5892
-5917
-5908
-5975
-6116
-6202
-6434
-6546
-6634
-6680
-6656
-6790
-6881
-6846
-6698
-6664
-6818
-6887
-6822
-6736
-6845
-6987
-6962
-6994
-7095
-7150
-7057
-6952
-7024
-7027
-7004
-7102
-7172
-7160
-7157
-7198
-7235
-7293
-7260
-7193
-7254
-7372
-7373
-7149
-7081
-7191
-7208
-7150
-7093
-7227
-7283
-7315
-7426
-7382
-7489
-7501
-7452
-7554
-7442
-7381
-7354
-7184
-7025
-7018
-7163
-7297
-7403
-7396
-7424
-7418
-7354
-7436
-7460
-7457
-7411
-7282
-7207
-7237
-7283
-7251
-7303
-7311
-7218
-7201
-7155
-7130
-7153
-7046
-6958
-6896
-6773
-6825
-6835
-6681
-6645
-6730
-6902
-6964
-6912
-6824
-6642
-6574
-6538
-6590
-6684
-6645
-6722
-6739
-6705
-6752
-6756
-6811
-6932
-6990
-6938
-6982
-6945
-6879
-6947
-6915
-6911
-6824
-6799
-6876
-6881
-6967
-6903
-6887
-6821
-6641
-6723
-6689
-6751
-6918
-6915
-6989
-6807
-6755
-6895
-6659
-6615
-6577
-6370
-6430
-6481
-6569
-6711
-6680
-6665
-6793
-6841
-6813
-6817
-6761
-6740
-6543
-6337
-6453
-6463
-6333
-6253
-6419
-6673
-6680
-6694
-6640
-6717
-6938
-6870
-6710
-6373
-6340
-6770
-6722
-6558
-6527
-6602
-6950
-6951
-6861
-6857
-6710
-6760
-6813
-6887
-7062
-7004
-7088
-7304
-7307
-7413
-7385
-7396
-7472
-7160
-7148
-7103
-7029
-7259
-7128
-7298
-7490
-7440
-7653
-7562
-7664
-7760
-7513
-7468
-7339
-7440
-7470
-7301
-7562
-7730
-7729
-7649
-7692
-8017
-8093
-8061
-7982
-7919
-8001
-7967
-8004
-8007
-7980
-8120
-8162
-8210
-8339
-8558
-8752
-8667
-8582
-8566
-8546
-8532
-8413
-8365
-8406
-8431
-8538
-8621
-8701
-8823
-8786
-8729
-8647
-8580
-8741
-8693
-8454
-8448
-8444
-8343
-8350
-8432
-8477
-8351
-8126
-8132
-8080
-7877
-7836
-7830
-7986
-8019
-7784
-7846
-7978
-7850
-7546
-7363
-7464
-7373
-7113
-7025
-7088
-7150
-6941
-6760
-6852
-6814
-6627
-6485
-6405
-6337
-6171
-6079
-6082
-5950
-5865
-5842
-5721
-5625
-5452
-5353
-5433
-5357
-5237
-5253
-5334
-5351
-5168
-5072
-5224
-5173
-4988
-4966
-5013
-5136
-5003
-4803
-4868
-4902
-4971
-4977
-5055
-5210
-5096
-4992
-4855
-4902
-5170
-5066
-5021
-5124
-5269
-5535
-5413
-5493
-5767
-5655
-5652
-5591
-5704
-6056
-6070
-6230
-6501
-6704
-6976
-6939
-6921
-7028
-6961
-6943
-6814
-6803
-7064
-7267
-7421
-7419
-7546
-7784
-7822
-7726
-7586
-7668
-7586
-7328
-7300
-7377
-7680
-7736
-7706
-8029
-8018
-8050
-8068
-7938
-8122
-7822
-7606
-7834
-7805
-7978
-7953
-7950
-8310
-8133
-8098
-8375
-8434
-8533
-8301
-8268
-8538
-8281
-8138
-8175
-8202
-8341
-8100
-8109
-8473
-8494
-8391
-8260
-8341
-8477
-8320
-8166
-8265
-8525
-8322
-8016
-8125
-8161
-8119
-7958
-7894
-8034
-7912
-7901
-7997
-7885
-7781
-7746
-7865
-7732
-7367
-7316
-7341
-7308
-7093
-7018
-7219
-7125
-7175
-7202
-6989
-6971
-6766
-6719
-6698
-6469
-6644
-6549
-6357
-6519
-6466
-6469
-6473
-6499
-6612
-6416
-6342
-6420
-6334
-6182
-6147
-6231
-6115
-6044
-6087
-6112
-6183
-6129
-6166
-6100
-5966
-6081
-6024
-5979
-6002
-5998
-6023
-5808
-5830
-6065
-6002
-5868
-5804
-5899
-5936
-5759
-5852
-6061
-5966
-5838
-5843
-5851
-5786
-5662
-5586
-5509
-5419
-5431
-5470
-5408
-5453
-5581
-5440
-5390
-5442
-5288
-5296
-5222
-5128
-5169
-4962
-5014
-5094
-4946
-5048
-4967
-4931
-5072
-5051
-5210
-5194
-5062
-5150
-5092
-5076
-5098
-5130
-5266
-5269
-5316
-5389
-5384
-5499
-5538
-5427
-5419
-5572
-5662
-5570
-5574
-5653
-5684
-5633
-5499
-5567
-5662
-5672
-5731
-5801
-5934
-5986
-6051
-6218
-6256
-6257
-6286
-6232
-6192
-6200
-6208
-6344
-6421
-6411
-6628
-6736
-6702
-6794
-6670
-6555
-6577
-6447
-6503
-6661
-6609
-6535
-6551
-6631
-6621
-6538
-6498
-6458
-6434
-6304
-6382
-6625
-6497
-6551
-6686
-6507
-6424
-6285
-6254
-6382
-6340
-6363
-6390
-6382
-6388
-6337
-6375
-6321
-6269
-6336
-6260
-6313
-6387
-6275
-6324
-6403
-6375
-6386
-6408
-6371
-6387
-6396
-6247
-6322
-6505
-6494
-6640
-6710
-6762
-7005
-7034
-7229
-7531
-7543
-7608
-7586
-7499
-7627
-7682
-7671
-7832
-7953
-8007
-8150
-8248
-8350
-8448
-8464
-8414
-8273
-8292
-8305
-8275
-8458
-8412
-8373
-8497
-8471
-8669
-8799
-8781
-8842
-8656
-8610
-8543
-8295
-8365
-8248
-8089
-8101
-7977
-8090
-8025
-7949
-8055
-7711
-7624
-7667
-7543
-7634
-7473
-7408
-7458
-7314
-7353
-7304
-7265
-7341
-7176
-7010
-6964
-6963
-6897
-6740
-6810
-6824
-6582
-6562
-6598
-6539
-6547
-6444
-6339
-6249
-6191
-6261
-6168
-6006
-5998
-5984
-5897
-5930
-5984
-6018
-6059
-5931
-5938
-5891
-5701
-5797
-5822
-5815
-5918
-5966
-6054
-6102
-6183
-6256
-6222
-6141
-6083
-6111
-6076
-6065
-6073
-6002
-6043
-6094
-6128
-6248
-6282
-6277
-6329
-6240
-6200
-6301
-6346
-6409
-6404
-6450
-6608
-6675
-6711
-6794
-6911
-6879
-6813
-6775
-6802
-6991
-6967
-6959
-6987
-6990
-7119
-6988
-6977
-7074
-7117
-7195
-7052
-7176
-7422
-7492
-7440
-7274
-7480
-7637
-7544
-7475
-7398
-7563
-7540
-7378
-7459
-7512
-7544
-7464
-7387
-7404
-7409
-7464
-7562
-7692
-7645
-7491
-7517
-7620
-7665
-7572
-7397
-7435
-7474
-7457
-7571
-7607
-7761
-7831
-7725
-7757
-7735
-7690
-7598
-7499
-7444
-7264
-7175
-7268
-7389
-7420
-7433
-7484
-7483
-7584
-7585
-7623
-7774
-7609
-7607
-7665
-7583
-7609
-7574
-7610
-7678
-7674
-7465
-7336
-7490
-7524
-7575
-7570
-7494
-7572
-7587
-7526
-7527
-7575
-7549
-7463
-7310
-7179
-7236
-7087
-7065
-7281
-7169
-7254
-7384
-7508
-7685
-7362
-7324
-7492
-7325
-7228
-7212
-7378
-7382
-7175
-7321
-7533
-7563
-7579
-7718
-7890
-7809
-7579
-7546
-7656
-7580
-7512
-7579
-7712
-7931
-7980
-8099
-8257
-8187
-8212
-8269
-8310
-8333
-8313
-8388
-8353
-8325
-8455
-8535
-8615
-8569
-8515
-8667
-8551
-8401
-8532
-8494
-8407
-8428
-8423
-8499
-8541
-8548
-8643
-8546
-8354
-8199
-8133
-8256
-8149
-7915
-7836
-7840
-7813
-7728
-7805
-7812
-7705
-7532
-7395
-7543
-7418
-7229
-7296
-7310
-7329
-7051
-6910
-7121
-7063
-6957
-6893
-6872
-6866
-6812
-6811
-6717
-6761
-6726
-6598
-6717
-6632
-6675
-6745
-6482
-6599
-6584
-6346
-6320
-6064
-6059
-6205
-6159
-6191
-6091
-6149
-6279
-6284
-6313
-6115
-6114
-6174
-6153
-6330
-6114
-6021
-6173
-6038
-6088
-6114
-6146
-6229
-6051
-6050
-6201
-6187
-6033
-5994
-6171
-6053
-5775
-5828
-6021
-6164
-5971
-5727
-5981
-6145
-6050
-5901
-5840
-6136
-6043
-5714
-5793
-5963
-6327
-6385
-6147
-6229
-6137
-6168
-6274
-6082
-6204
-6133
-5881
-5941
-5780
-5717
-5911
-6002
-6092
-6038
-5864
-5977
-6130
-5933
-5832
-5784
-5708
-5787
-5535
-5416
-5530
-5256
-5092
-5148
-5333
-5468
-5280
-5323
-5515
-5526
-5401
-5318
-5648
-5838
-5717
-5828
-6054
-6282
-6341
-6259
-6384
-6516
-6409
-6452
-6619
-6581
-6644
-6634
-6727
-7012
-6850
-6999
-7440
-7536
-7583
-7346
-7489
-8010
-7952
-8033
-8183
-8081
-8264
-8220
-8265
-8528
-8173
-8186
-8453
-8275
-8375
-8218
-8297
-8856
-8644
-8595
-8866
-8820
-9068
-9022
-8840
-9071
-8802
-8737
-8950
-8665
-8984
-9185
-8944
-9154
-8998
-9196
-9347
-8716
-8904
-8963
-8604
-8521
-8168
-8392
-8478
-8023
-8224
-8368
-8298
-8168
-7779
-7954
-8079
-7642
-7518
-7427
-7604
-7760
-7172
-7097
-7085
-6758
-6814
-6603
-6733
-6665
-6087
-6391
-6486
-6462
-6397
-5812
-6126
-6175
-5835
-5965
-5598
-5674
-5722
-5395
-5804
-5705
-5496
-5647
-5313
-5316
-5192
-5020
-5241
-4993
-5076
-5145
-4957
-5189
-5051
-5201
-5329
-5004
-5239
-5133
-5107
-5306
-4901
-4969
-4982
-4799
-4948
-4705
-4826
-5116
-4919
-4922
-4900
-4924
-5009
-4987
-5164
-5262
-5363
-5406
-5509
-5735
-5571
-5699
-5934
-5967
-6099
-5859
-6007
-6323
-6175
-6185
-6107
-6285
-6622
-6559
-6454
-6469
-6760
-6885
-6762
-6718
-6881
-7185
-6985
-6847
-6943
-7025
-7146
-6802
-6846
-6975
-6794
-6865
-6681
-6967
-7090
-6946
-7303
-6969
-7056
-7216
-7141
-7610
-7035
-6844
-7035
-7024
-7445
-6792
-6706
-6927
-6662
-6810
-6226
-6446
-6780
-6390
-6520
-6238
-6456
-6558
-6148
-6253
-6182
-6443
-6482
-6264
-6406
-6465
-6672
-6431
-6091
-6110
-6060
-6284
-6316
-6185
-6368
-6501
-6597
-6516
-6472
-6693
-6674
-6539
-6271
-6286
-6604
-6494
-6479
-6361
-6404
-6704
-6422
-6348
-6415
-6592
-6747
-6320
-6319
-6570
-6771
-6778
-6411
-6571
-6701
-6639
-6682
-6468
-6674
-6936
-6864
-6849
-6785
-7018
-7069
-6806
-6758
-6754
-6830
-6740
-6764
-6952
-7039
-7118
-7005
-7064
-7118
-7117
-7198
-7141
-7174
-7248
-7346
-7391
-7442
-7528
-7508
-7377
-7294
-7461
-7511
-7518
-7583
-7612
-7767
-7816
-7721
-7667
-7611
-7538
-7443
-7266
-7343
-7495
-7421
-7351
-7311
-7447
-7365
-7088
-7124
-7226
-7198
-6990
-6975
-7307
-7435
-7256
-7187
-7245
-7280
-7179
-6845
-6774
-6917
-6834
-6631
-6573
-6732
-6801
-6773
-6699
-6809
-6871
-6561
-6448
-6517
-6713
-6650
-6333
-6429
-6570
-6630
-6493
-6363
-6480
-6429
-6357
-6204
-6148
-6388
-6434
-6283
-6192
-6260
-6337
-6293
-6248
-6278
-6295
-6087
-5879
-5806
-5826
-5869
-5705
-5631
-5731
-5804
-5705
-5629
-5751
-5667
-5531
-5435
-5517
-5737
-5640
-5543
-5653
-5793
-5758
-5722
-5825
-5953
-5989
-5743
-5780
-5976
-6019
-6117
-5946
-6017
-6226
-6204
-6322
-6299
-6507
-6665
-6473
-6490
-6553
-6792
-6815
-6740
-6943
-6972
-7101
-7108
-7287
-7679
-7644
-7761
-7745
-7732
-7871
-7650
-7796
-7943
-7893
-8011
-7970
-8164
-8296
-8278
-8470
-8486
-8549
-8645
-8680
-8791
-8789
-8820
-8873
-8835
-8722
-8572
-8593
-8597
-8456
-8456
-8411
-8389
-8515
-8405
-8346
-8298
-8153
-8229
-8114
-8090
-8117
-7780
-7758
-7738
-7638
-7739
-7616
-7769
-7901
-7677
-7710
-7609
-7510
-7503
-7262
-7202
-7026
-6839
-7013
-7075
-7083
-7051
-7012
-7142
-7146
-7041
-6984
-7045
-7084
-6891
-6743
-6837
-6982
-6863
-6723
-6917
-6923
-6702
-6687
-6714
-6842
-6841
-6639
-6867
-6971
-6803
-6992
-7074
-7235
-7283
-6843
-7039
-7096
-6677
-6832
-6782
-6868
-6999
-6740
-7098
-7142
-6831
-6979
-7046
-7129
-6943
-6667
-6889
-7019
-6781
-6592
-6824
-7098
-7025
-6909
-6939
-7055
-6925
-6497
-6383
-6614
-6594
-6419
-6508
-6777
-7058
-7228
-7252
-7342
-7318
-7082
-7073
-7181
-7143
-6962
-6879
-7178
-7287
-7202
-7331
-7392
-7453
-7308
-7163
-7395
-7353
-7177
-7071
-7055
-7275
-7157
-7015
-7231
-7367
-7315
-7165
-7193
-7284
-7063
-6929
-7045
-7037
-7033
-6999
-6962
-7170
-7151
-7006
-7144
-7110
-6958
-7043
-7137
-7156
-7114
-6982
-7012
-7100
-7024
-7093
-7125
-7006
-7048
-7043
-7046
-7065
-6964
-6954
-7062
-7047
-6882
-6978
-7078
-6983
-6912
-6737
-6745
-6738
-6536
-6603
-6670
-6616
-6539
-6414
-6549
-6637
-6520
-6574
-6682
-6794
-6796
-6762
-6883
-6813
-6754
-6815
-6823
-6998
-7023
-7058
-7293
-7194
-7145
-7166
-7095
-7217
-7077
-6999
-7115
-6969
-7001
-7086
-7115
-7235
-7067
-7048
-7193
-7068
-7050
-6959
-6953
-7182
-7179
-7198
-7120
-6953
-7164
-7290
-7092
-6861
-6901
-7354
-7374
-6904
-6855
-7190
-7459
-7197
-6860
-7086
-7328
-7282
-7086
-7073
-7311
-7310
-7216
-7345
-7487
-7456
-7436
-7533
-7483
-7371
-7347
-7393
-7365
-7199
-7339
-7452
-7302
-7323
-7324
-7476
-7579
-7441
-7633
-7589
-7418
-7414
-7255
-7458
-7460
-7446
-7666
-7439
-7470
-7401
-7218
-7216
-7009
-7109
-6995
-6913
-7089
-7018
-7209
-7220
-7151
-7112
-6920
-6897
-6708
-6761
-6708
-6390
-6324
-6090
-6257
-6379
-6294
-6627
-6450
-6353
-6557
-6538
-6670
-6477
-6463
-6556
-6192
-6161
-6286
-6567
-6712
-6502
-6745
-6677
-6470
-6738
-6740
-6801
-6437
-5939
