57616     
200.0
1079506
1079463
1079468
1079525
1079576
1079653
1079707
1079693
1079657
1079617
1079553
1079495
1079486
1079480
1079486
1079523
1079532
1079552
1079599
1079634
1079672
1079696
1079667
1079593
1079536
1079529
1079518
1079459
1079430
1079511
1079597
1079638
1079702
1079748
1079717
1079645
1079576
1079489
1079428
1079460
1079530
1079587
1079649
1079694
1079688
1079670
1079646
1079588
1079534
1079504
1079463
1079437
1079461
1079494
1079546
1079615
1079685
1079732
1079720
1079664
1079548
1079411
1079315
1079321
1079423
1079548
1079691
1079780
1079777
1079735
1079661
1079569
1079486
1079445
1079448
1079446
1079454
1079527
1079614
1079685
1079773
1079806
1079765
1079718
1079609
1079447
1079374
1079409
1079422
1079437
1079529
1079609
1079690
1079714
1079615
1079569
1079562
1079511
1079459
1079410
1079428
1079502
1079571
1079624
1079668
1079740
1079752
1079673
1079630
1079576
1079484
1079449
1079465
1079505
1079569
1079653
1079684
1079682
1079710
1079626
1079520
1079494
1079469
1079480
1079501
1079526
1079545
1079555
1079595
1079630
1079656
1079681
1079700
1079650
1079566
1079481
1079416
1079465
1079497
1079506
1079560
1079575
1079548
1079536
1079599
1079651
1079658
1079672
1079622
1079541
1079522
1079531
1079522
1079550
1079606
1079622
1079608
1079565
1079517
1079507
1079529
1079560
1079584
1079610
1079613
1079591
1079603
1079575
1079533
1079538
1079520
1079518
1079518
1079528
1079563
1079590
1079659
1079724
1079720
1079692
1079672
1079648
1079630
1079583
1079484
1079396
1079394
1079492
1079560
1079559
1079560
1079546
1079534
1079521
1079547
1079640
1079667
1079658
1079661
1079609
1079580
1079541
1079494
1079542
1079573
1079583
1079593
1079613
1079650
1079616
1079602
1079592
1079614
1079658
1079556
1079452
1079381
1079377
1079476
1079502
1079534
1079647
1079740
1079729
1079665
1079626
1079640
1079712
1079682
1079576
1079539
1079556
1079584
1079544
1079465
1079442
1079498
1079545
1079545
1079568
1079577
1079559
1079567
1079583
1079629
1079697
1079662
1079593
1079588
1079542
1079489
1079467
1079505
1079573
1079601
1079657
1079679
1079699
1079743
1079678
1079589
1079571
1079535
1079451
1079422
1079404
1079386
1079515
1079628
1079648
1079737
1079743
1079627
1079545
1079553
1079618
1079600
1079564
1079578
1079594
1079649
1079671
1079614
1079578
1079594
1079545
1079467
1079427
1079354
1079347
1079436
1079547
1079636
1079709
1079793
1079768
1079724
1079731
1079682
1079664
1079620
1079507
1079437
1079413
1079422
1079428
1079453
1079515
1079552
1079566
1079573
1079573
1079589
1079655
1079717
1079743
1079766
1079747
1079692
1079614
1079506
1079427
1079361
1079350
1079446
1079554
1079694
1079857
1079946
1079950
1079856
1079670
1079435
1079285
1079240
1079204
1079291
1079437
1079498
1079620
1079787
1079887
1079897
1079772
1079613
1079478
1079393
1079406
1079486
1079612
1079685
1079665
1079630
1079660
1079686
1079579
1079494
1079456
1079390
1079380
1079371
1079385
1079557
1079782
1079925
1080005
1079970
1079793
1079525
1079272
1079155
1079117
1079193
1079404
1079677
1079949
1080057
1080042
1079951
1079813
1079665
1079427
1079256
1079220
1079229
1079322
1079457
1079560
1079625
1079695
1079752
1079723
1079704
1079729
1079610
1079443
1079384
1079361
1079477
1079714
1079892
1079953
1079860
1079687
1079476
1079317
1079253
1079222
1079319
1079525
1079721
1079836
1079874
1079861
1079772
1079693
1079596
1079456
1079362
1079280
1079283
1079371
1079476
1079634
1079724
1079697
1079645
1079646
1079701
1079693
1079684
1079718
1079732
1079721
1079621
1079475
1079367
1079340
1079387
1079423
1079491
1079596
1079655
1079718
1079754
1079678
1079619
1079524
1079409
1079510
1079729
1079951
1079999
1079789
1079499
1079201
1079096
1079199
1079352
1079532
1079681
1079834
1079911
1079819
1079679
1079554
1079462
1079471
1079493
1079463
1079499
1079517
1079522
1079562
1079535
1079622
1079748
1079796
1079860
1079747
1079553
1079419
1079306
1079378
1079546
1079693
1079866
1079936
1079830
1079605
1079404
1079340
1079326
1079365
1079427
1079449
1079492
1079500
1079531
1079664
1079824
1079951
1079992
1079932
1079784
1079509
1079157
1079015
1079095
1079241
1079474
1079664
1079731
1079791
1079831
1079790
1079761
1079678
1079510
1079394
1079366
1079529
1079708
1079756
1079725
1079555
1079561
1079720
1079746
1079684
1079474
1079293
1079204
1079156
1079340
1079629
1079915
1080126
1080055
1079804
1079535
1079360
1079299
1079221
1079187
1079282
1079425
1079567
1079727
1079903
1080038
1080105
1080015
1079797
1079632
1079507
1079315
1079026
1078828
1078940
1079248
1079583
1079854
1079959
1079961
1079962
1079857
1079661
1079546
1079450
1079366
1079347
1079404
1079533
1079630
1079720
1079725
1079641
1079626
1079594
1079537
1079535
1079592
1079662
1079659
1079619
1079612
1079584
1079491
1079451
1079454
1079400
1079434
1079524
1079561
1079632
1079669
1079613
1079537
1079577
1079658
1079670
1079750
1079728
1079622
1079557
1079467
1079509
1079461
1079377
1079437
1079403
1079452
1079613
1079755
1079874
1079874
1079784
1079645
1079525
1079439
1079350
1079296
1079359
1079521
1079580
1079587
1079684
1079737
1079721
1079672
1079590
1079520
1079516
1079548
1079477
1079427
1079438
1079437
1079535
1079651
1079741
1079790
1079726
1079669
1079660
1079617
1079600
1079624
1079536
1079388
1079304
1079272
1079365
1079614
1079857
1079930
1079863
1079757
1079664
1079605
1079564
1079513
1079394
1079306
1079361
1079495
1079666
1079764
1079761
1079709
1079640
1079644
1079606
1079470
1079385
1079421
1079528
1079589
1079628
1079684
1079684
1079632
1079592
1079531
1079451
1079462
1079527
1079544
1079561
1079627
1079707
1079703
1079661
1079673
1079631
1079566
1079593
1079597
1079472
1079403
1079494
1079524
1079490
1079458
1079440
1079506
1079602
1079713
1079796
1079772
1079750
1079771
1079711
1079667
1079627
1079481
1079313
1079195
1079279
1079430
1079522
1079636
1079709
1079776
1079762
1079698
1079621
1079501
1079493
1079512
1079515
1079556
1079594
1079599
1079517
1079535
1079627
1079589
1079552
1079499
1079435
1079465
1079568
1079728
1079802
1079798
1079774
1079698
1079657
1079629
1079563
1079435
1079326
1079355
1079431
1079508
1079535
1079551
1079601
1079552
1079547
1079649
1079692
1079718
1079721
1079661
1079591
1079566
1079551
1079473
1079417
1079478
1079536
1079497
1079525
1079607
1079621
1079656
1079738
1079813
1079814
1079735
1079669
1079622
1079580
1079539
1079473
1079404
1079323
1079297
1079393
1079488
1079522
1079532
1079529
1079583
1079721
1079841
1079855
1079744
1079631
1079623
1079617
1079622
1079623
1079505
1079415
1079435
1079481
1079538
1079594
1079642
1079616
1079551
1079586
1079637
1079627
1079585
1079526
1079505
1079507
1079525
1079592
1079591
1079524
1079524
1079578
1079650
1079720
1079759
1079703
1079568
1079543
1079581
1079568
1079601
1079628
1079579
1079508
1079469
1079511
1079524
1079480
1079506
1079568
1079597
1079602
1079597
1079593
1079582
1079564
1079561
1079541
1079543
1079580
1079564
1079559
1079585
1079594
1079558
1079487
1079539
1079645
1079699
1079728
1079696
1079625
1079528
1079481
1079519
1079523
1079528
1079579
1079615
1079582
1079528
1079561
1079590
1079589
1079611
1079613
1079615
1079577
1079550
1079531
1079442
1079448
1079543
1079611
1079655
1079708
1079735
1079667
1079597
1079527
1079453
1079454
1079519
1079650
1079702
1079632
1079608
1079622
1079597
1079535
1079507
1079524
1079518
1079541
1079597
1079605
1079593
1079595
1079582
1079548
1079576
1079639
1079645
1079619
1079590
1079547
1079541
1079623
1079681
1079658
1079606
1079517
1079452
1079450
1079465
1079538
1079632
1079662
1079669
1079635
1079577
1079556
1079534
1079546
1079576
1079574
1079591
1079583
1079563
1079584
1079560
1079526
1079517
1079541
1079594
1079611
1079632
1079645
1079641
1079651
1079639
1079581
1079527
1079519
1079540
1079578
1079597
1079592
1079571
1079570
1079591
1079593
1079589
1079568
1079553
1079542
1079511
1079511
1079557
1079572
1079582
1079637
1079678
1079699
1079653
1079588
1079578
1079549
1079523
1079528
1079537
1079572
1079593
1079580
1079592
1079571
1079538
1079555
1079558
1079549
1079566
1079582
1079572
1079605
1079659
1079653
1079615
1079580
1079545
1079520
1079535
1079562
1079599
1079625
1079597
1079568
1079538
1079502
1079501
1079556
1079603
1079613
1079640
1079645
1079623
1079595
1079577
1079598
1079560
1079494
1079501
1079515
1079532
1079540
1079560
1079605
1079592
1079619
1079667
1079641
1079640
1079640
1079609
1079579
1079558
1079541
1079503
1079473
1079455
1079488
1079588
1079646
1079629
1079631
1079656
1079615
1079594
1079622
1079572
1079545
1079602
1079602
1079573
1079561
1079558
1079575
1079549
1079551
1079576
1079577
1079621
1079620
1079598
1079580
1079535
1079571
1079601
1079568
1079576
1079593
1079600
1079574
1079489
1079470
1079514
1079554
1079614
1079672
1079700
1079665
1079636
1079623
1079565
1079538
1079531
1079555
1079621
1079654
1079656
1079629
1079594
1079579
1079559
1079535
1079533
1079535
1079552
1079562
1079531
1079539
1079575
1079582
1079544
1079530
1079594
1079593
1079562
1079572
1079608
1079658
1079639
1079655
1079675
1079613
1079573
1079563
1079553
1079546
1079564
1079576
1079575
1079576
1079562
1079553
1079578
1079603
1079613
1079632
1079579
1079545
1079584
1079585
1079609
1079640
1079638
1079619
1079567
1079535
1079546
1079533
1079496
1079527
1079591
1079641
1079670
1079660
1079641
1079609
1079555
1079508
1079501
1079493
1079491
1079528
1079569
1079621
1079613
1079596
1079640
1079625
1079607
1079591
1079573
1079585
1079569
1079571
1079575
1079585
1079608
1079603
1079614
1079631
1079673
1079672
1079593
1079560
1079553
1079575
1079598
1079583
1079569
1079549
1079552
1079518
1079476
1079505
1079523
1079556
1079603
1079628
1079660
1079649
1079641
1079648
1079614
1079600
1079607
1079617
1079605
1079571
1079575
1079567
1079553
1079557
1079561
1079581
1079587
1079609
1079622
1079590
1079572
1079554
1079546
1079569
1079594
1079624
1079653
1079667
1079650
1079640
1079671
1079671
1079634
1079617
1079574
1079536
1079539
1079525
1079532
1079540
1079542
1079598
1079605
1079562
1079541
1079540
1079559
1079546
1079555
1079611
1079614
1079592
1079605
1079630
1079612
1079582
1079586
1079556
1079517
1079509
1079522
1079591
1079637
1079642
1079637
1079614
1079624
1079605
1079566
1079554
1079513
1079511
1079543
1079565
1079624
1079667
1079672
1079661
1079609
1079556
1079513
1079500
1079506
1079513
1079590
1079649
1079658
1079669
1079652
1079640
1079597
1079552
1079531
1079516
1079540
1079554
1079570
1079595
1079588
1079600
1079630
1079611
1079574
1079567
1079557
1079549
1079538
1079512
1079520
1079560
1079581
1079603
1079644
1079668
1079674
1079669
1079653
1079618
1079603
1079624
1079610
1079586
1079537
1079505
1079538
1079516
1079486
1079510
1079542
1079550
1079553
1079597
1079622
1079635
1079640
1079629
1079643
1079629
1079618
1079641
1079620
1079567
1079546
1079532
1079479
1079428
1079444
1079515
1079557
1079582
1079630
1079635
1079634
1079658
1079668
1079687
1079671
1079627
1079622
1079597
1079560
1079580
1079582
1079562
1079545
1079510
1079494
1079477
1079503
1079568
1079599
1079617
1079627
1079649
1079626
1079586
1079587
1079569
1079562
1079544
1079518
1079541
1079555
1079546
1079548
1079564
1079602
1079641
1079625
1079607
1079636
1079632
1079629
1079631
1079607
1079601
1079551
1079520
1079520
1079489
1079488
1079468
1079472
1079545
1079596
1079634
1079653
1079650
1079665
1079667
1079628
1079568
1079540
1079528
1079497
1079483
1079519
1079567
1079595
1079615
1079613
1079615
1079613
1079578
1079578
1079581
1079555
1079583
1079610
1079590
1079591
1079605
1079586
1079560
1079558
1079558
1079576
1079577
1079543
1079551
1079553
1079522
1079527
1079563
1079592
1079616
1079658
1079683
1079670
1079623
1079570
1079557
1079535
1079533
1079571
1079564
1079528
1079534
1079547
1079557
1079567
1079544
1079557
1079593
1079611
1079627
1079605
1079595
1079598
1079595
1079576
1079523
1079508
1079503
1079511
1079519
1079524
1079583
1079602
1079599
1079638
1079646
1079610
1079596
1079589
1079554
1079566
1079589
1079584
1079613
1079594
1079569
1079611
1079626
1079637
1079628
1079575
1079534
1079508
1079517
1079547
1079567
1079579
1079565
1079529
1079519
1079534
1079543
1079558
1079564
1079575
1079600
1079625
1079653
1079642
1079634
1079614
1079548
1079532
1079522
1079507
1079537
1079579
1079652
1079661
1079610
1079588
1079551
1079514
1079490
1079505
1079552
1079562
1079586
1079623
1079652
1079674
1079657
1079635
1079644
1079624
1079568
1079505
1079446
1079458
1079502
1079542
1079576
1079561
1079569
1079594
1079619
1079655
1079657
1079629
1079589
1079572
1079563
1079540
1079543
1079593
1079636
1079619
1079582
1079556
1079532
1079541
1079551
1079546
1079593
1079623
1079630
1079603
1079547
1079545
1079521
1079514
1079539
1079572
1079655
1079673
1079670
1079692
1079643
1079601
1079564
1079506
1079502
1079476
1079473
1079546
1079597
1079643
1079658
1079647
1079643
1079593
1079550
1079529
1079493
1079480
1079510
1079541
1079578
1079626
1079631
1079640
1079638
1079592
1079589
1079582
1079570
1079592
1079569
1079558
1079566
1079545
1079578
1079596
1079557
1079577
1079580
1079558
1079575
1079573
1079563
1079576
1079596
1079586
1079565
1079560
1079537
1079553
1079592
1079601
1079622
1079600
1079557
1079569
1079546
1079516
1079508
1079489
1079523
1079547
1079555
1079604
1079647
1079675
1079685
1079656
1079594
1079535
1079500
1079509
1079538
1079556
1079596
1079614
1079624
1079635
1079597
1079594
1079604
1079578
1079584
1079585
1079565
1079564
1079571
1079559
1079545
1079547
1079540
1079515
1079513
1079560
1079586
1079600
1079623
1079623
1079621
1079575
1079535
1079567
1079571
1079575
1079612
1079612
1079603
1079576
1079528
1079518
1079519
1079534
1079572
1079597
1079626
1079655
1079666
1079660
1079622
1079593
1079575
1079523
1079492
1079493
1079495
1079496
1079497
1079512
1079512
1079529
1079581
1079614
1079652
1079704
1079725
1079732
1079741
1079720
1079651
1079561
1079509
1079461
1079402
1079385
1079396
1079448
1079508
1079549
1079602
1079644
1079665
1079690
1079738
1079728
1079673
1079637
1079567
1079533
1079540
1079542
1079568
1079575
1079574
1079548
1079490
1079479
1079494
1079539
1079589
1079613
1079648
1079650
1079637
1079648
1079663
1079647
1079604
1079589
1079548
1079529
1079559
1079544
1079546
1079530
1079494
1079529
1079546
1079564
1079639
1079691
1079727
1079725
1079678
1079657
1079590
1079520
1079497
1079450
1079433
1079468
1079510
1079527
1079537
1079589
1079639
1079663
1079666
1079656
1079663
1079669
1079645
1079586
1079559
1079556
1079540
1079552
1079536
1079549
1079579
1079551
1079578
1079565
1079530
1079561
1079579
1079624
1079655
1079654
1079689
1079721
1079674
1079605
1079579
1079554
1079545
1079547
1079549
1079546
1079515
1079514
1079520
1079503
1079514
1079568
1079625
1079635
1079630
1079641
1079636
1079638
1079664
1079675
1079663
1079620
1079576
1079538
1079504
1079512
1079509
1079490
1079531
1079578
1079578
1079577
1079607
1079659
1079669
1079652
1079649
1079629
1079613
1079606
1079609
1079598
1079548
1079520
1079517
1079519
1079537
1079561
1079590
1079609
1079622
1079650
1079642
1079597
1079569
1079540
1079529
1079551
1079560
1079586
1079622
1079615
1079600
1079583
1079555
1079544
1079549
1079550
1079554
1079572
1079586
1079614
1079637
1079638
1079646
1079622
1079607
1079608
1079580
1079569
1079570
1079564
1079564
1079577
1079580
1079580
1079587
1079583
1079588
1079593
1079612
1079620
1079625
1079629
1079604
1079598
1079549
1079532
1079564
1079527
1079541
1079572
1079567
1079595
1079600
1079600
1079618
1079612
1079591
1079573
1079580
1079580
1079569
1079569
1079595
1079647
1079661
1079641
1079610
1079571
1079535
1079519
1079530
1079535
1079553
1079563
1079573
1079585
1079564
1079550
1079556
1079596
1079631
1079630
1079630
1079605
1079586
1079581
1079559
1079571
1079597
1079588
1079566
1079549
1079563
1079575
1079598
1079638
1079627
1079634
1079633
1079603
1079601
1079558
1079534
1079562
1079596
1079645
1079655
1079614
1079568
1079535
1079502
1079492
1079517
1079546
1079590
1079596
1079588
1079632
1079650
1079612
1079570
1079570
1079570
1079570
1079594
1079609
1079596
1079570
1079563
1079563
1079574
1079597
1079599
1079579
1079571
1079567
1079570
1079589
1079585
1079575
1079564
1079581
1079588
1079568
1079602
1079598
1079567
1079559
1079556
1079601
1079610
1079601
1079598
1079560
1079533
1079524
1079545
1079562
1079591
1079620
1079622
1079622
1079589
1079587
1079580
1079558
1079577
1079553
1079530
1079555
1079595
1079629
1079652
1079651
1079615
1079609
1079579
1079514
1079503
1079533
1079572
1079594
1079601
1079605
1079605
1079607
1079574
1079557
1079599
1079602
1079573
1079551
1079555
1079581
1079576
1079573
1079572
1079565
1079565
1079562
1079583
1079592
1079601
1079637
1079626
1079613
1079625
1079609
1079582
1079540
1079532
1079549
1079547
1079582
1079612
1079627
1079644
1079622
1079606
1079593
1079565
1079544
1079533
1079525
1079534
1079555
1079561
1079578
1079613
1079629
1079609
1079606
1079611
1079585
1079597
1079615
1079590
1079598
1079616
1079585
1079552
1079542
1079538
1079544
1079566
1079580
1079590
1079621
1079628
1079607
1079576
1079555
1079556
1079528
1079517
1079549
1079560
1079587
1079632
1079664
1079672
1079649
1079626
1079606
1079582
1079562
1079546
1079544
1079554
1079559
1079553
1079567
1079570
1079564
1079587
1079587
1079591
1079593
1079591
1079622
1079602
1079591
1079620
1079615
1079622
1079618
1079585
1079569
1079561
1079535
1079504
1079529
1079553
1079546
1079582
1079582
1079570
1079597
1079579
1079581
1079600
1079594
1079608
1079605
1079580
1079543
1079526
1079538
1079516
1079509
1079545
1079571
1079593
1079626
1079654
1079665
1079647
1079623
1079601
1079569
1079577
1079575
1079557
1079571
1079550
1079563
1079596
1079557
1079568
1079593
1079574
1079589
1079585
1079589
1079617
1079596
1079610
1079635
1079594
1079571
1079558
1079523
1079531
1079557
1079553
1079567
1079589
1079591
1079588
1079571
1079541
1079516
1079520
1079534
1079554
1079593
1079617
1079623
1079597
1079573
1079581
1079574
1079583
1079595
1079612
1079640
1079623
1079638
1079646
1079588
1079568
1079563
1079535
1079520
1079525
1079532
1079540
1079546
1079547
1079557
1079545
1079555
1079572
1079559
1079555
1079545
1079554
1079554
1079571
1079617
1079620
1079646
1079655
1079617
1079624
1079626
1079613
1079615
1079582
1079530
1079508
1079520
1079516
1079513
1079540
1079521
1079521
1079568
1079578
1079587
1079609
1079644
1079677
1079676
1079663
1079628
1079591
1079576
1079558
1079554
1079567
1079550
1079563
1079599
1079567
1079567
1079578
1079533
1079539
1079544
1079523
1079553
1079584
1079596
1079599
1079593
1079585
1079563
1079539
1079509
1079496
1079525
1079553
1079577
1079621
1079667
1079669
1079651
1079655
1079636
1079602
1079567
1079537
1079519
1079509
1079545
1079545
1079513
1079535
1079555
1079565
1079572
1079584
1079605
1079607
1079629
1079634
1079611
1079592
1079565
1079537
1079524
1079514
1079524
1079545
1079549
1079567
1079569
1079595
1079636
1079620
1079641
1079634
1079596
1079605
1079592
1079596
1079605
1079588
1079575
1079548
1079542
1079550
1079529
1079511
1079540
1079578
1079588
1079612
1079650
1079672
1079667
1079644
1079590
1079547
1079545
1079511
1079490
1079486
1079485
1079523
1079555
1079587
1079606
1079613
1079631
1079626
1079611
1079611
1079616
1079623
1079633
1079607
1079574
1079554
1079507
1079476
1079485
1079501
1079530
1079554
1079565
1079604
1079625
1079633
1079653
1079651
1079646
1079613
1079588
1079602
1079598
1079584
1079585
1079586
1079561
1079557
1079559
1079553
1079563
1079552
1079567
1079594
1079589
1079584
1079595
1079597
1079552
1079529
1079529
1079526
1079556
1079559
1079567
1079618
1079624
1079630
1079640
1079586
1079540
1079541
1079555
1079555
1079555
1079617
1079653
1079629
1079628
1079634
1079625
1079597
1079560
1079526
1079528
1079551
1079548
1079549
1079563
1079567
1079545
1079547
1079576
1079605
1079644
1079644
1079637
1079644
1079628
1079579
1079531
1079518
1079488
1079469
1079489
1079494
1079519
1079592
1079644
1079658
1079679
1079673
1079638
1079612
1079577
1079551
1079542
1079523
1079519
1079553
1079577
1079597
1079626
1079630
1079635
1079615
1079563
1079537
1079525
1079541
1079559
1079556
1079583
1079594
1079565
1079580
1079582
1079557
1079601
1079619
1079603
1079599
1079570
1079552
1079525
1079519
1079536
1079532
1079547
1079600
1079637
1079637
1079659
1079648
1079623
1079627
1079587
1079557
1079548
1079546
1079558
1079567
1079579
1079587
1079611
1079619
1079590
1079577
1079586
1079577
1079541
1079559
1079598
1079586
1079578
1079558
1079555
1079588
1079580
1079567
1079575
1079570
1079586
1079618
1079625
1079625
1079600
1079559
1079535
1079536
1079558
1079567
1079585
1079598
1079575
1079583
1079611
1079633
1079634
1079606
1079596
1079589
1079583
1079579
1079563
1079578
1079602
1079624
1079635
1079612
1079588
1079541
1079511
1079525
1079526
1079551
1079584
1079608
1079613
1079612
1079623
1079591
1079563
1079557
1079557
1079578
1079598
1079612
1079611
1079601
1079594
1079587
1079585
1079565
1079550
1079570
1079577
1079595
1079637
1079648
1079644
1079620
1079595
1079567
1079529
1079513
1079506
1079529
1079556
1079570
1079598
1079621
1079613
1079603
1079629
1079614
1079594
1079573
1079530
1079543
1079541
1079546
1079565
1079567
1079585
1079570
1079569
1079567
1079551
1079574
1079579
1079598
1079635
1079652
1079660
1079628
1079599
1079575
1079533
1079512
1079498
1079521
1079565
1079602
1079646
1079635
1079613
1079590
1079536
1079523
1079528
1079543
1079565
1079558
1079566
1079597
1079603
1079610
1079608
1079590
1079589
1079576
1079577
1079571
1079556
1079573
1079565
1079563
1079583
1079583
1079585
1079607
1079608
1079598
1079613
1079610
1079602
1079595
1079579
1079556
1079538
1079544
1079524
1079514
1079535
1079553
1079589
1079624
1079625
1079615
1079627
1079604
1079575
1079571
1079543
1079558
1079569
1079581
1079628
1079621
1079615
1079613
1079584
1079559
1079534
1079514
1079537
1079567
1079564
1079619
1079638
1079601
1079604
1079559
1079554
1079595
1079588
1079600
1079614
1079621
1079623
1079604
1079564
1079523
1079521
1079519
1079518
1079520
1079540
1079579
1079598
1079652
1079680
1079673
1079672
1079619
1079553
1079523
1079527
1079546
1079577
1079606
1079611
1079619
1079584
1079547
1079535
1079532
1079562
1079569
1079593
1079618
1079606
1079613
1079603
1079588
1079574
1079554
1079528
1079498
1079526
1079554
1079557
1079581
1079607
1079639
1079632
1079626
1079635
1079608
1079620
1079622
1079596
1079580
1079547
1079533
1079525
1079531
1079547
1079559
1079569
1079551
1079558
1079594
1079608
1079632
1079652
1079626
1079615
1079611
1079571
1079552
1079552
1079562
1079577
1079575
1079580
1079581
1079571
1079583
1079578
1079577
1079620
1079613
1079602
1079614
1079601
1079616
1079617
1079614
1079600
1079555
1079554
1079552
1079527
1079536
1079583
1079627
1079644
1079643
1079626
1079594
1079570
1079578
1079574
1079581
1079598
1079584
1079590
1079588
1079599
1079604
1079563
1079560
1079560
1079551
1079574
1079598
1079597
1079596
1079632
1079655
1079633
1079611
1079596
1079558
1079530
1079524
1079530
1079567
1079578
1079590
1079619
1079620
1079613
1079582
1079560
1079561
1079552
1079578
1079598
1079610
1079626
1079605
1079589
1079573
1079551
1079542
1079537
1079551
1079575
1079576
1079592
1079622
1079620
1079622
1079608
1079555
1079529
1079554
1079571
1079565
1079608
1079642
1079641
1079650
1079642
1079619
1079578
1079556
1079546
1079528
1079555
1079557
1079565
1079612
1079621
1079629
1079629
1079593
1079568
1079556
1079550
1079546
1079551
1079578
1079602
1079595
1079568
1079554
1079567
1079572
1079573
1079613
1079647
1079641
1079635
1079625
1079610
1079599
1079580
1079558
1079552
1079545
1079539
1079551
1079568
1079589
1079599
1079604
1079618
1079597
1079559
1079562
1079598
1079619
1079613
1079613
1079603
1079603
1079608
1079604
1079602
1079567
1079532
1079520
1079534
1079557
1079568
1079605
1079639
1079645
1079614
1079589
1079598
1079573
1079551
1079543
1079561
1079608
1079602
1079594
1079598
1079587
1079565
1079532
1079520
1079519
1079536
1079564
1079596
1079621
1079629
1079657
1079664
1079630
1079592
1079586
1079580
1079550
1079552
1079542
1079536
1079565
1079575
1079581
1079573
1079558
1079578
1079603
1079591
1079595
1079621
1079640
1079660
1079661
1079638
1079601
1079570
1079547
1079547
1079545
1079523
1079537
1079570
1079592
1079593
1079599
1079616
1079592
1079584
1079597
1079581
1079589
1079601
1079567
1079567
1079593
1079570
1079561
1079568
1079570
1079577
1079596
1079628
1079615
1079617
1079627
1079584
1079564
1079560
1079542
1079540
1079560
1079584
1079616
1079677
1079684
1079649
1079637
1079608
1079590
1079571
1079555
1079581
1079580
1079573
1079573
1079570
1079597
1079600
1079581
1079576
1079555
1079535
1079558
1079573
1079550
1079582
1079598
1079565
1079595
1079595
1079595
1079629
1079603
1079602
1079603
1079579
1079597
1079605
1079621
1079650
1079622
1079624
1079634
1079575
1079562
1079568
1079555
1079580
1079600
1079587
1079586
1079597
1079576
1079567
1079592
1079579
1079561
1079590
1079599
1079577
1079596
1079600
1079585
1079597
1079592
1079589
1079588
1079554
1079552
1079592
1079597
1079593
1079595
1079580
1079587
1079590
1079562
1079574
1079610
1079618
1079623
1079624
1079628
1079612
1079567
1079563
1079560
1079562
1079587
1079590
1079594
1079591
1079600
1079616
1079600
1079586
1079609
1079619
1079574
1079557
1079576
1079588
1079586
1079579
1079593
1079580
1079551
1079559
1079568
1079575
1079609
1079622
1079613
1079624
1079627
1079608
1079585
1079592
1079610
1079592
1079580
1079575
1079572
1079574
1079572
1079582
1079601
1079632
1079639
1079625
1079629
1079620
1079617
1079614
1079593
1079599
1079587
1079578
1079606
1079594
1079573
1079580
1079576
1079563
1079557
1079564
1079573
1079589
1079607
1079598
1079580
1079585
1079594
1079576
1079566
1079592
1079628
1079654
1079640
1079622
1079634
1079636
1079612
1079583
1079570
1079569
1079579
1079581
1079602
1079640
1079630
1079600
1079565
1079555
1079573
1079554
1079548
1079547
1079561
1079624
1079628
1079617
1079636
1079594
1079571
1079578
1079542
1079527
1079533
1079538
1079540
1079542
1079576
1079591
1079605
1079644
1079631
1079608
1079599
1079609
1079627
1079621
1079618
1079587
1079588
1079627
1079611
1079593
1079588
1079579
1079590
1079608
1079587
1079598
1079614
1079552
1079531
1079516
1079515
1079557
1079549
1079572
1079612
1079610
1079620
1079623
1079611
1079603
1079579
1079566
1079580
1079592
1079598
1079603
1079621
1079626
1079621
1079609
1079594
1079614
1079604
1079594
1079608
1079599
1079610
1079574
1079507
1079499
1079500
1079521
1079535
1079540
1079591
1079622
1079657
1079696
1079690
1079693
1079672
1079619
1079568
1079521
1079504
1079512
1079530
1079525
1079547
1079601
1079607
1079607
1079603
1079582
1079593
1079603
1079580
1079592
1079624
1079606
1079611
1079621
1079586
1079576
1079574
1079559
1079556
1079577
1079606
1079620
1079625
1079621
1079612
1079589
1079561
1079537
1079529
1079538
1079570
1079604
1079593
1079598
1079604
1079600
1079633
1079630
1079614
1079608
1079579
1079564
1079571
1079591
1079629
1079660
1079624
1079573
1079558
1079537
1079545
1079581
1079588
1079573
1079582
1079592
1079577
1079572
1079569
1079573
1079594
1079594
1079598
1079600
1079595
1079620
1079642
1079648
1079621
1079591
1079573
1079520
1079509
1079554
1079578
1079600
1079638
1079652
1079651
1079646
1079609
1079599
1079613
1079584
1079575
1079572
1079556
1079584
1079583
1079589
1079617
1079597
1079589
1079594
1079600
1079598
1079585
1079626
1079659
1079646
1079634
1079626
1079598
1079568
1079576
1079570
1079553
1079563
1079562
1079575
1079591
1079594
1079617
1079591
1079545
1079552
1079553
1079555
1079576
1079589
1079613
1079634
1079621
1079600
1079603
1079585
1079572
1079607
1079604
1079589
1079618
1079638
1079636
1079612
1079604
1079596
1079564
1079583
1079577
1079562
1079595
1079590
1079598
1079640
1079635
1079615
1079584
1079543
1079564
1079572
1079564
1079576
1079553
1079557
1079550
1079549
1079589
1079574
1079561
1079597
1079620
1079621
1079630
1079649
1079648
1079624
1079607
1079570
1079533
1079541
1079543
1079550
1079568
1079576
1079579
1079568
1079583
1079578
1079549
1079564
1079574
1079575
1079597
1079614
1079629
1079633
1079614
1079614
1079597
1079563
1079571
1079567
1079567
1079601
1079605
1079603
1079609
1079607
1079605
1079579
1079580
1079572
1079543
1079572
1079583
1079583
1079632
1079654
1079636
1079636
1079612
1079553
1079528
1079525
1079517
1079528
1079563
1079591
1079620
1079643
1079637
1079615
1079600
1079605
1079580
1079565
1079579
1079598
1079622
1079611
1079617
1079614
1079587
1079579
1079543
1079544
1079552
1079535
1079573
1079590
1079570
1079588
1079624
1079631
1079620
1079612
1079601
1079595
1079589
1079579
1079594
1079619
1079622
1079614
1079611
1079604
1079581
1079563
1079570
1079591
1079618
1079632
1079623
1079590
1079592
1079593
1079530
1079518
1079537
1079537
1079564
1079602
1079619
1079629
1079658
1079643
1079600
1079590
1079571
1079523
1079501
1079544
1079586
1079611
1079635
1079648
1079649
1079608
1079574
1079577
1079576
1079555
1079563
1079618
1079644
1079651
1079641
1079609
1079599
1079560
1079527
1079521
1079482
1079508
1079582
1079609
1079638
1079648
1079630
1079614
1079602
1079601
1079578
1079553
1079553
1079544
1079568
1079626
1079648
1079658
1079668
1079639
1079572
1079542
1079550
1079535
1079514
1079524
1079566
1079571
1079557
1079568
1079558
1079556
1079583
1079592
1079599
1079627
1079617
1079590
1079576
1079572
1079587
1079592
1079596
1079580
1079546
1079541
1079556
1079594
1079627
1079630
1079620
1079574
1079547
1079572
1079569
1079578
1079593
1079568
1079584
1079599
1079594
1079591
1079568
1079573
1079579
1079546
1079541
1079573
1079583
1079588
1079583
1079574
1079601
1079585
1079552
1079565
1079582
1079616
1079632
1079635
1079650
1079621
1079608
1079600
1079565
1079553
1079528
1079524
1079556
1079584
1079607
1079600
1079606
1079617
1079610
1079597
1079583
1079588
1079569
1079553
1079551
1079560
1079581
1079573
1079584
1079602
1079604
1079611
1079608
1079602
1079591
1079590
1079607
1079606
1079591
1079581
1079579
1079581
1079591
1079598
1079571
1079561
1079599
1079604
1079603
1079609
1079590
1079607
1079600
1079569
1079580
1079588
1079577
1079568
1079563
1079568
1079583
1079557
1079511
1079530
1079563
1079579
1079586
1079587
1079612
1079634
1079660
1079653
1079603
1079592
1079588
1079567
1079550
1079553
1079589
1079613
1079616
1079634
1079644
1079628
1079606
1079594
1079586
1079574
1079583
1079583
1079564
1079576
1079588
1079592
1079620
1079604
1079577
1079585
1079561
1079574
1079604
1079583
1079595
1079595
1079593
1079611
1079592
1079590
1079600
1079601
1079596
1079564
1079571
1079582
1079568
1079589
1079585
1079572
1079589
1079582
1079593
1079597
1079594
1079619
1079598
1079600
1079640
1079621
1079608
1079601
1079552
1079547
1079581
1079596
1079615
1079608
1079598
1079615
1079618
1079603
1079568
1079553
1079561
1079548
1079570
1079603
1079598
1079614
1079636
1079624
1079588
1079567
1079560
1079539
1079552
1079584
1079582
1079594
1079618
1079616
1079610
1079588
1079574
1079576
1079569
1079584
1079586
1079590
1079599
1079557
1079571
1079610
1079574
1079575
1079606
1079606
1079606
1079601
1079597
1079605
1079617
1079603
1079591
1079579
1079561
1079575
1079560
1079551
1079574
1079570
1079570
1079571
1079539
1079543
1079595
1079586
1079582
1079596
1079577
1079580
1079577
1079581
1079583
1079595
1079612
1079571
1079586
1079638
1079652
1079641
1079597
1079589
1079596
1079585
1079568
1079553
1079571
1079576
1079556
1079552
1079591
1079664
1079681
1079652
1079629
1079616
1079601
1079544
1079512
1079546
1079570
1079568
1079543
1079553
1079596
1079605
1079589
1079568
1079586
1079587
1079570
1079592
1079605
1079625
1079625
1079611
1079631
1079618
1079559
1079532
1079542
1079540
1079545
1079566
1079608
1079666
1079677
1079641
1079622
1079610
1079602
1079591
1079547
1079549
1079571
1079582
1079610
1079589
1079592
1079628
1079588
1079543
1079550
1079553
1079568
1079588
1079586
1079613
1079620
1079596
1079596
1079603
1079611
1079593
1079573
1079579
1079584
1079590
1079593
1079581
1079570
1079582
1079569
1079550
1079588
1079595
1079581
1079601
1079611
1079614
1079605
1079563
1079536
1079550
1079561
1079571
1079588
1079603
1079620
1079610
1079607
1079620
1079603
1079558
1079550
1079594
1079587
1079575
1079611
1079610
1079623
1079622
1079585
1079605
1079613
1079576
1079547
1079545
1079564
1079581
1079595
1079599
1079617
1079608
1079583
1079573
1079535
1079528
1079526
1079534
1079596
1079621
1079628
1079633
1079641
1079641
1079596
1079563
1079557
1079553
1079559
1079578
1079589
1079631
1079664
1079631
1079608
1079583
1079571
1079565
1079549
1079554
1079562
1079574
1079578
1079589
1079600
1079606
1079594
1079565
1079589
1079570
1079530
1079560
1079579
1079609
1079621
1079609
1079633
1079617
1079611
1079626
1079587
1079579
1079588
1079563
1079557
1079575
1079587
1079578
1079587
1079602
1079581
1079592
1079619
1079599
1079593
1079589
1079562
1079554
1079527
1079514
1079529
1079524
1079541
1079564
1079592
1079623
1079633
1079643
1079634
1079634
1079609
1079564
1079570
1079574
1079593
1079616
1079598
1079599
1079581
1079543
1079546
1079558
1079574
1079593
1079607
1079591
1079562
1079582
1079598
1079591
1079578
1079567
1079571
1079571
1079576
1079600
1079646
1079681
1079688
1079666
1079625
1079595
1079544
1079485
1079469
1079485
1079520
1079550
1079598
1079650
1079644
1079652
1079641
1079603
1079599
1079571
1079557
1079522
1079511
1079561
1079573
1079633
1079667
1079642
1079632
1079596
1079560
1079545
1079568
1079588
1079586
1079587
1079605
1079631
1079620
1079620
1079598
1079571
1079579
1079556
1079566
1079597
1079600
1079596
1079604
1079615
1079588
1079582
1079581
1079575
1079592
1079569
1079534
1079534
1079553
1079564
1079566
1079578
1079578
1079591
1079618
1079619
1079623
1079618
1079602
1079590
1079570
1079565
1079559
1079566
1079570
1079557
1079582
1079602
1079619
1079643
1079637
1079634
1079629
1079610
1079586
1079571
1079552
1079537
1079543
1079557
1079582
1079586
1079601
1079610
1079583
1079585
1079571
1079552
1079570
1079565
1079560
1079609
1079620
1079577
1079577
1079592
1079581
1079576
1079584
1079585
1079599
1079604
1079587
1079601
1079582
1079571
1079596
1079560
1079542
1079559
1079563
1079575
1079582
1079594
1079612
1079617
1079605
1079578
1079577
1079599
1079589
1079575
1079584
1079603
1079623
1079618
1079611
1079613
1079587
1079551
1079550
1079547
1079547
1079563
1079570
1079589
1079615
1079626
1079627
1079622
1079596
1079573
1079553
1079541
1079581
1079578
1079556
1079563
1079569
1079589
1079569
1079567
1079597
1079610
1079638
1079626
1079603
1079613
1079587
1079572
1079589
1079556
1079527
1079531
1079524
1079557
1079599
1079614
1079621
1079597
1079587
1079578
1079559
1079570
1079583
1079580
1079587
1079604
1079610
1079635
1079634
1079603
1079587
1079572
1079576
1079561
1079570
1079612
1079609
1079625
1079634
1079623
1079615
1079583
1079568
1079541
1079511
1079493
1079492
1079542
1079575
1079584
1079591
1079595
1079582
1079555
1079582
1079601
1079591
1079609
1079617
1079636
1079635
1079616
1079616
1079582
1079550
1079511
1079492
1079532
1079541
1079553
1079588
1079631
1079656
1079614
1079590
1079582
1079565
1079593
1079602
1079612
1079645
1079642
1079641
1079609
1079580
1079591
1079574
1079575
1079564
1079539
1079575
1079608
1079604
1079592
1079582
1079569
1079551
1079527
1079525
1079532
1079531
1079550
1079568
1079602
1079621
1079612
1079637
1079610
1079560
1079558
1079567
1079589
1079615
1079647
1079653
1079647
1079657
1079613
1079600
1079589
1079546
1079545
1079541
1079568
1079593
1079603
1079612
1079607
1079638
1079602
1079557
1079583
1079567
1079546
1079545
1079555
1079581
1079585
1079591
1079574
1079547
1079561
1079562
1079566
1079574
1079579
1079597
1079601
1079614
1079625
1079598
1079566
1079579
1079575
1079559
1079576
1079596
1079642
1079633
1079602
1079620
1079576
1079540
1079551
1079548
1079567
1079574
1079570
1079578
1079570
1079583
1079594
1079578
1079579
1079570
1079563
1079599
1079612
1079621
1079662
1079661
1079632
1079612
1079605
1079594
1079583
1079554
1079511
1079552
1079573
1079571
1079631
1079628
1079615
1079604
1079558
1079562
1079564
1079560
1079571
1079578
1079611
1079639
1079638
1079603
1079569
1079575
1079554
1079524
1079549
1079563
1079554
1079594
1079603
1079593
1079610
1079573
1079545
1079535
1079537
1079577
1079559
1079547
1079582
1079609
1079633
1079617
1079602
1079620
1079616
1079592
1079587
1079607
1079601
1079603
1079617
1079594
1079579
1079551
1079533
1079546
1079538
1079553
1079575
1079594
1079619
1079603
1079601
1079586
1079559
1079583
1079576
1079563
1079568
1079586
1079621
1079603
1079585
1079576
1079561
1079556
1079550
1079584
1079606
1079587
1079595
1079596
1079584
1079584
1079591
1079605
1079593
1079577
1079574
1079570
1079576
1079564
1079582
1079628
1079638
1079657
1079641
1079611
1079603
1079554
1079540
1079537
1079549
1079598
1079613
1079634
1079617
1079581
1079546
1079503
1079506
1079524
1079559
1079582
1079589
1079597
1079595
1079585
1079570
1079561
1079562
1079556
1079539
1079565
1079584
1079593
1079627
1079615
1079611
1079600
1079573
1079579
1079561
1079538
1079530
1079529
1079548
1079585
1079622
1079642
1079635
1079598
1079564
1079542
1079526
1079560
1079612
1079617
1079619
1079602
1079586
1079601
1079573
1079579
1079600
1079588
1079610
1079593
1079552
1079540
1079539
1079556
1079566
1079578
1079593
1079586
1079567
1079571
1079604
1079626
1079627
1079621
1079610
1079587
1079591
1079601
1079586
1079592
1079585
1079573
1079591
1079599
1079590
1079584
1079564
1079513
1079471
1079468
1079498
1079545
1079594
1079650
1079676
1079659
1079636
1079610
1079582
1079579
1079549
1079507
1079527
1079527
1079543
1079597
1079633
1079661
1079624
1079603
1079618
1079583
1079576
1079586
1079578
1079569
1079574
1079598
1079594
1079587
1079543
1079501
1079538
1079555
1079564
1079570
1079571
1079609
1079618
1079607
1079586
1079578
1079609
1079594
1079562
1079558
1079554
1079552
1079552
1079549
1079561
1079563
1079556
1079567
1079569
1079598
1079634
1079659
1079666
1079606
1079582
1079537
1079502
1079523
1079497
1079553
1079606
1079610
1079623
1079602
1079623
1079618
1079580
1079539
1079511
1079540
1079573
1079590
1079579
1079604
1079655
1079649
1079594
1079549
1079509
1079475
1079519
1079541
1079562
1079620
1079603
1079574
1079566
1079608
1079628
1079566
1079541
1079522
1079565
1079650
1079627
1079602
1079617
1079634
1079613
1079547
1079525
1079507
1079501
1079524
1079507
1079528
1079582
1079612
1079634
1079632
1079625
1079619
1079612
1079588
1079572
1079599
1079575
1079560
1079617
1079622
1079598
1079579
1079563
1079565
1079551
1079538
1079554
1079581
1079616
1079647
1079643
1079609
1079608
1079616
1079577
1079559
1079560
1079582
1079613
1079587
1079578
1079585
1079612
1079607
1079539
1079562
1079566
1079544
1079574
1079548
1079588
1079608
1079546
1079575
1079597
1079582
1079575
1079573
1079579
1079595
1079612
1079635
1079629
1079590
1079590
1079571
1079573
1079554
1079570
1079637
1079575
1079572
1079579
1079581
1079644
1079586
1079562
1079579
1079585
1079601
1079562
1079553
1079583
1079631
1079628
1079584
1079586
1079618
1079633
1079591
1079549
1079532
1079559
1079573
1079561
1079567
1079530
1079574
1079630
1079589
1079579
1079589
1079638
1079687
1079659
1079625
1079600
1079592
1079602
1079580
1079532
1079502
1079521
1079547
1079552
1079570
1079612
1079629
1079608
1079566
1079530
1079563
1079574
1079578
1079604
1079563
1079575
1079615
1079614
1079600
1079559
1079563
1079584
1079572
1079551
1079547
1079566
1079591
1079610
1079587
1079576
1079606
1079624
1079603
1079566
1079565
1079574
1079573
1079584
1079598
1079599
1079600
1079592
1079565
1079569
1079574
1079570
1079581
1079586
1079581
1079557
1079554
1079577
1079567
1079532
1079524
1079538
1079571
1079603
1079605
1079617
1079628
1079615
1079573
1079542
1079575
1079601
1079600
1079591
1079570
1079586
1079594
1079577
1079577
1079562
1079562
1079550
1079530
1079555
1079553
1079551
1079578
1079578
1079595
1079604
1079589
1079587
1079554
1079529
1079531
1079546
1079584
1079590
1079611
1079648
1079635
1079596
1079544
1079520
1079523
1079530
1079545
1079558
1079559
1079565
1079583
1079567
1079565
1079575
1079549
1079578
1079621
1079617
1079631
1079623
1079592
1079566
1079519
1079485
1079488
1079539
1079574
1079563
1079571
1079599
1079629
1079618
1079609
1079606
1079563
1079558
1079560
1079579
1079599
1079567
1079586
1079629
1079645
1079625
1079571
1079576
1079610
1079576
1079557
1079561
1079531
1079554
1079569
1079539
1079559
1079579
1079607
1079638
1079592
1079541
1079543
1079543
1079549
1079562
1079606
1079662
1079678
1079671
1079596
1079545
1079565
1079523
1079482
1079505
1079550
1079580
1079565
1079574
1079610
1079632
1079682
1079670
1079605
1079635
1079662
1079602
1079570
1079575
1079558
1079528
1079510
1079516
1079545
1079588
1079611
1079640
1079677
1079649
1079599
1079584
1079577
1079558
1079502
1079486
1079554
1079585
1079579
1079586
1079589
1079610
1079598
1079550
1079531
1079550
1079583
1079616
1079655
1079651
1079630
1079622
1079614
1079591
1079571
1079571
1079513
1079508
1079571
1079577
1079611
1079619
1079596
1079584
1079556
1079559
1079540
1079518
1079541
1079573
1079584
1079624
1079679
1079662
1079626
1079570
1079519
1079516
1079520
1079539
1079530
1079529
1079585
1079604
1079616
1079648
1079619
1079587
1079582
1079567
1079533
1079509
1079534
1079575
1079607
1079624
1079624
1079601
1079571
1079561
1079547
1079544
1079558
1079585
1079609
1079607
1079590
1079550
1079522
1079530
1079565
1079585
1079577
1079581
1079576
1079590
1079613
1079596
1079575
1079582
1079580
1079561
1079591
1079625
1079613
1079604
1079595
1079591
1079592
1079588
1079587
1079556
1079513
1079507
1079535
1079550
1079568
1079596
1079603
1079591
1079566
1079568
1079574
1079549
1079529
1079526
1079537
1079543
1079586
1079637
1079661
1079671
1079603
1079553
1079557
1079550
1079566
1079552
1079547
1079613
1079645
1079632
1079605
1079556
1079520
1079495
1079488
1079532
1079585
1079631
1079689
1079680
1079636
1079632
1079601
1079550
1079515
1079503
1079538
1079580
1079606
1079610
1079583
1079586
1079625
1079619
1079581
1079563
1079549
1079552
1079594
1079607
1079610
1079633
1079627
1079606
1079557
1079520
1079530
1079509
1079504
1079518
1079538
1079585
1079613
1079634
1079620
1079618
1079627
1079572
1079577
1079622
1079631
1079647
1079622
1079610
1079609
1079574
1079570
1079547
1079508
1079484
1079494
1079537
1079575
1079618
1079614
1079606
1079621
1079605
1079569
1079546
1079557
1079567
1079620
1079640
1079623
1079647
1079606
1079578
1079568
1079518
1079550
1079594
1079587
1079602
1079600
1079590
1079587
1079544
1079526
1079543
1079546
1079579
1079618
1079618
1079613
1079625
1079643
1079639
1079620
1079613
1079590
1079554
1079544
1079543
1079533
1079555
1079577
1079581
1079597
1079621
1079610
1079547
1079546
1079578
1079558
1079573
1079599
1079590
1079615
1079611
1079568
1079553
1079511
1079493
1079526
1079562
1079607
1079631
1079654
1079631
1079587
1079578
1079561
1079588
1079601
1079585
1079602
1079600
1079605
1079597
1079582
1079606
1079604
1079601
1079604
1079574
1079560
1079533
1079508
1079523
1079543
1079598
1079630
1079601
1079578
1079560
1079590
1079623
1079595
1079586
1079581
1079569
1079564
1079555
1079555
1079569
1079577
1079560
1079563
1079566
1079568
1079567
1079565
1079621
1079650
1079631
1079597
1079558
1079555
1079522
1079497
1079534
1079547
1079561
1079595
1079586
1079562
1079541
1079558
1079603
1079595
1079622
1079655
1079626
1079619
1079585
1079554
1079552
1079524
1079519
1079512
1079524
1079560
1079555
1079596
1079633
1079612
1079616
1079610
1079586
1079580
1079579
1079561
1079553
1079579
1079588
1079585
1079556
1079517
1079526
1079555
1079584
1079583
1079613
1079652
1079620
1079611
1079616
1079605
1079590
1079567
1079572
1079566
1079538
1079539
1079537
1079547
1079599
1079605
1079600
1079602
1079577
1079609
1079609
1079570
1079582
1079605
1079644
1079634
1079619
1079617
1079578
1079583
1079564
1079537
1079543
1079533
1079551
1079580
1079612
1079616
1079605
1079608
1079569
1079566
1079588
1079576
1079609
1079631
1079628
1079625
1079612
1079610
1079554
1079533
1079563
1079565
1079599
1079616
1079609
1079598
1079612
1079645
1079646
1079637
1079590
1079586
1079567
1079509
1079540
1079568
1079605
1079622
1079579
1079574
1079566
1079545
1079541
1079547
1079570
1079582
1079602
1079629
1079638
1079660
1079655
1079636
1079629
1079597
1079569
1079533
1079514
1079544
1079577
1079622
1079658
1079668
1079668
1079618
1079569
1079548
1079515
1079545
1079566
1079565
1079635
1079637
1079617
1079631
1079589
1079570
1079564
1079561
1079582
1079576
1079575
1079582
1079581
1079609
1079623
1079601
1079594
1079559
1079523
1079567
1079598
1079612
1079637
1079616
1079581
1079544
1079521
1079520
1079524
1079565
1079607
1079623
1079623
1079617
1079626
1079606
1079589
1079593
1079593
1079589
1079582
1079591
1079577
1079569
1079577
1079581
1079593
1079562
1079565
1079583
1079565
1079594
1079616
1079600
1079589
1079578
1079564
1079567
1079567
1079558
1079562
1079558
1079574
1079587
1079586
1079594
1079586
1079591
1079587
1079563
1079522
1079495
1079547
1079592
1079622
1079671
1079647
1079591
1079593
1079565
1079540
1079565
1079553
1079575
1079606
1079584
1079594
1079607
1079613
1079629
1079621
1079600
1079580
1079582
1079588
1079588
1079588
1079605
1079640
1079627
1079607
1079563
1079492
1079487
1079499
1079524
1079562
1079589
1079615
1079643
1079659
1079621
1079621
1079607
1079564
1079592
1079584
1079598
1079627
1079605
1079616
1079570
1079540
1079576
1079558
1079564
1079580
1079572
1079553
1079524
1079536
1079576
1079637
1079646
1079613
1079613
1079570
1079549
1079595
1079596
1079577
1079587
1079576
1079566
1079619
1079631
1079602
1079629
1079631
1079603
1079572
1079567
1079588
1079578
1079570
1079568
1079563
1079563
1079563
1079566
1079574
1079607
1079593
1079570
1079607
1079639
1079626
1079577
1079535
1079531
1079570
1079602
1079599
1079606
1079625
1079614
1079572
1079574
1079591
1079588
1079581
1079554
1079558
1079590
1079590
1079617
1079663
1079644
1079642
1079632
1079575
1079595
1079579
1079524
1079540
1079503
1079504
1079573
1079561
1079576
1079604
1079587
1079611
1079641
1079624
1079602
1079628
1079645
1079634
1079622
1079589
1079576
1079543
1079511
1079531
1079549
1079575
1079599
1079599
1079612
1079640
1079627
1079585
1079575
1079580
1079586
1079583
1079574
1079594
1079600
1079599
1079622
1079632
1079625
1079609
1079592
1079581
1079555
1079562
1079599
1079571
1079560
1079588
1079583
1079589
1079603
1079613
1079629
1079627
1079583
1079550
1079569
1079586
1079600
1079583
1079552
1079548
1079551
1079592
1079620
1079630
1079657
1079656
1079643
1079627
1079617
1079596
1079554
1079564
1079583
1079583
1079602
1079587
1079561
1079538
1079504
1079518
1079546
1079561
1079613
1079656
1079643
1079641
1079631
1079599
1079602
1079570
1079536
1079542
1079508
1079512
1079568
1079608
1079644
1079660
1079669
1079664
1079656
1079637
1079586
1079561
1079532
1079513
1079517
1079553
1079614
1079589
1079572
1079579
1079557
1079567
1079544
1079536
1079601
1079631
1079630
1079644
1079638
1079607
1079609
1079603
1079580
1079569
1079530
1079531
1079559
1079582
1079613
1079594
1079591
1079608
1079605
1079602
1079585
1079571
1079553
1079547
1079557
1079572
1079606
1079592
1079564
1079577
1079563
1079583
1079628
1079624
1079626
1079634
1079649
1079637
1079587
1079550
1079522
1079518
1079539
1079559
1079565
1079582
1079622
1079649
1079683
1079699
1079656
1079627
1079614
1079585
1079578
1079566
1079554
1079574
1079589
1079590
1079594
1079600
1079596
1079586
1079571
1079535
1079528
1079561
1079558
1079586
1079643
1079635
1079627
1079612
1079616
1079647
1079637
1079615
1079580
1079594
1079611
1079604
1079609
1079578
1079594
1079620
1079571
1079549
1079566
1079567
1079574
1079575
1079552
1079564
1079560
1079525
1079536
1079537
1079555
1079619
1079638
1079631
1079648
1079657
1079647
1079657
1079648
1079592
1079560
1079541
1079535
1079550
1079553
1079586
1079611
1079605
1079611
1079599
1079584
1079575
1079551
1079549
1079560
1079571
1079614
1079637
1079616
1079592
1079567
1079560
1079597
1079647
1079657
1079675
1079686
1079627
1079589
1079565
1079549
1079577
1079555
1079532
1079561
1079572
1079579
1079590
1079621
1079649
1079634
1079613
1079571
1079552
1079537
1079516
1079563
1079590
1079620
1079661
1079640
1079617
1079591
1079559
1079541
1079531
1079541
1079535
1079557
1079606
1079592
1079593
1079608
1079575
1079572
1079580
1079577
1079602
1079635
1079646
1079642
1079628
1079597
1079582
1079590
1079579
1079549
1079551
1079574
1079580
1079587
1079597
1079602
1079600
1079604
1079603
1079566
1079548
1079562
1079570
1079570
1079565
1079590
1079618
1079612
1079603
1079565
1079502
1079499
1079516
1079547
1079618
1079649
1079657
1079663
1079652
1079624
1079582
1079547
1079554
1079565
1079532
1079574
1079624
1079599
1079602
1079611
1079598
1079563
1079560
1079555
1079518
1079554
1079566
1079558
1079592
1079597
1079614
1079625
1079597
1079584
1079566
1079561
1079586
1079593
1079603
1079611
1079628
1079656
1079637
1079596
1079575
1079580
1079574
1079547
1079543
1079560
1079602
1079628
1079623
1079611
1079603
1079608
1079571
1079541
1079551
1079566
1079592
1079587
1079586
1079588
1079584
1079592
1079559
1079577
1079610
1079590
1079604
1079590
1079581
1079600
1079582
1079581
1079575
1079554
1079552
1079549
1079562
1079597
1079605
1079608
1079617
1079578
1079569
1079586
1079558
1079579
1079602
1079590
1079593
1079589
1079624
1079629
1079586
1079597
1079583
1079532
1079537
1079536
1079538
1079581
1079587
1079620
1079657
1079613
1079596
1079588
1079579
1079595
1079583
1079573
1079560
1079563
1079593
1079562
1079532
1079548
1079557
1079565
1079567
1079578
1079583
1079588
1079613
1079629
1079639
1079635
1079633
1079622
1079580
1079558
1079571
1079574
1079567
1079579
1079570
1079565
1079578
1079573
1079578
1079561
1079564
1079617
1079629
1079632
1079646
1079621
1079615
1079606
1079551
1079560
1079559
1079534
1079553
1079559
1079583
1079588
1079578
1079583
1079567
1079582
1079601
1079579
1079583
1079623
1079636
1079644
1079634
1079600
1079597
1079595
1079599
1079613
1079610
1079604
1079582
1079582
1079591
1079571
1079586
1079584
1079560
1079572
1079570
1079579
1079583
1079584
1079599
1079595
1079619
1079624
1079586
1079572
1079563
1079560
1079585
1079596
1079575
1079567
1079582
1079582
1079591
1079612
1079617
1079607
1079578
1079572
1079585
1079598
1079626
1079643
1079651
1079652
1079645
1079623
1079582
1079575
1079573
1079548
1079528
1079532
1079570
1079594
1079596
1079614
1079622
1079606
1079593
1079576
1079564
1079567
1079552
1079542
1079554
1079565
1079577
1079570
1079573
1079587
1079585
1079647
1079712
1079683
1079647
1079637
1079587
1079525
1079511
1079479
1079456
1079503
1079553
1079589
1079628
1079667
1079660
1079624
1079594
1079565
1079554
1079572
1079611
1079599
1079570
1079553
1079543
1079576
1079563
1079552
1079570
1079575
1079593
1079590
1079594
1079583
1079574
1079577
1079541
1079527
1079526
1079561
1079608
1079593
1079612
1079643
1079633
1079621
1079601
1079595
1079590
1079569
1079540
1079511
1079525
1079552
1079581
1079584
1079584
1079631
1079643
1079633
1079612
1079573
1079562
1079551
1079544
1079550
1079553
1079561
1079583
1079606
1079606
1079601
1079607
1079608
1079585
1079550
1079530
1079530
1079560
1079570
1079575
1079610
1079613
1079623
1079614
1079572
1079601
1079621
1079586
1079562
1079542
1079551
1079550
1079522
1079519
1079549
1079616
1079673
1079681
1079662
1079636
1079606
1079580
1079561
1079521
1079498
1079485
1079495
1079532
1079519
1079561
1079649
1079667
1079668
1079633
1079602
1079629
1079619
1079573
1079545
1079546
1079565
1079578
1079584
1079556
1079534
1079552
1079541
1079529
1079553
1079587
1079657
1079670
1079635
1079645
1079593
1079543
1079507
1079457
1079510
1079557
1079592
1079630
1079628
1079645
1079612
1079588
1079546
1079471
1079520
1079564
1079586
1079620
1079618
1079664
1079675
1079666
1079637
1079555
1079538
1079523
1079521
1079517
1079499
1079562
1079616
1079653
1079656
1079630
1079643
1079609
1079565
1079536
1079486
1079479
1079511
1079554
1079575
1079595
1079646
1079660
1079638
1079625
1079602
1079592
1079602
1079561
1079522
1079551
1079589
1079600
1079579
1079591
1079614
1079602
1079606
1079585
1079566
1079572
1079597
1079609
1079579
1079563
1079542
1079549
1079557
1079537
1079570
1079622
1079641
1079637
1079630
1079610
1079602
1079586
1079533
1079504
1079512
1079550
1079591
1079601
1079593
1079604
1079621
1079617
1079582
1079552
1079587
1079606
1079584
1079576
1079576
1079593
1079638
1079660
1079629
1079614
1079625
1079603
1079574
1079561
1079547
1079563
1079593
1079587
1079560
1079536
1079532
1079543
1079549
1079541
1079577
1079631
1079649
1079682
1079658
1079630
1079624
1079564
1079547
1079527
1079534
1079599
1079586
1079593
1079618
1079593
1079575
1079566
1079552
1079532
1079550
1079573
1079575
1079607
1079616
1079639
1079674
1079644
1079619
1079597
1079582
1079609
1079604
1079618
1079634
1079598
1079574
1079521
1079488
1079499
1079522
1079601
1079610
1079575
1079623
1079643
1079626
1079612
1079589
1079584
1079562
1079553
1079565
1079585
1079592
1079554
1079563
1079587
1079573
1079584
1079603
1079603
1079605
1079587
1079601
1079651
1079632
1079640
1079650
1079602
1079611
1079587
1079550
1079545
1079527
1079544
1079548
1079556
1079576
1079587
1079622
1079605
1079574
1079593
1079609
1079614
1079596
1079600
1079633
1079624
1079625
1079623
1079584
1079569
1079559
1079560
1079589
1079584
1079589
1079613
1079610
1079625
1079607
1079570
1079554
1079532
1079547
1079532
1079509
1079536
1079559
1079591
1079577
1079569
1079622
1079642
1079634
1079609
1079595
1079606
1079594
1079587
1079576
1079560
1079579
1079585
1079582
1079603
1079588
1079568
1079579
1079584
1079609
1079610
1079601
1079625
1079606
1079558
1079541
1079541
1079540
1079546
1079555
1079592
1079626
1079601
1079588
1079600
1079580
1079559
1079542
1079546
1079570
1079589
1079618
1079643
1079662
1079637
1079589
1079574
1079536
1079492
1079473
1079482
1079523
1079550
1079560
1079579
1079603
1079618
1079604
1079585
1079603
1079604
1079587
1079598
1079596
1079603
1079621
1079608
1079591
1079576
1079565
1079567
1079587
1079578
1079569
1079599
1079569
1079558
1079566
1079523
1079548
1079584
1079583
1079607
1079597
1079602
1079641
1079623
1079599
1079578
1079551
1079565
1079557
1079566
1079592
1079581
1079604
1079611
1079596
1079589
1079542
1079535
1079539
1079508
1079518
1079540
1079555
1079593
1079618
1079618
1079647
1079669
1079630
1079597
1079580
1079564
1079581
1079572
1079556
1079579
1079555
1079557
1079591
1079558
1079568
1079593
1079592
1079600
1079574
1079594
1079638
1079612
1079569
1079545
1079536
1079537
1079525
1079525
1079569
1079610
1079630
1079641
1079661
1079636
1079601
1079590
1079542
1079545
1079558
1079561
1079595
1079591
1079596
1079573
1079536
1079534
1079495
1079477
1079517
1079559
1079635
1079707
1079741
1079755
1079710
1079658
1079596
1079523
1079487
1079467
1079481
1079507
1079563
1079630
1079678
1079718
1079698
1079685
1079633
1079533
1079487
1079455
1079482
1079507
1079519
1079588
1079614
1079645
1079701
1079690
1079634
1079602
1079580
1079544
1079538
1079547
1079569
1079594
1079600
1079595
1079600
1079603
1079583
1079587
1079592
1079588
1079606
1079619
1079598
1079576
1079585
1079575
1079548
1079539
1079533
1079537
1079573
1079617
1079643
1079664
1079666
1079630
1079556
1079513
1079485
1079446
1079463
1079497
1079561
1079649
1079707
1079758
1079767
1079724
1079647
1079571
1079536
1079498
1079474
1079509
1079554
1079580
1079618
1079651
1079648
1079631
1079602
1079577
1079556
1079550
1079565
1079538
1079529
1079554
1079566
1079606
1079605
1079588
1079644
1079652
1079628
1079626
1079578
1079570
1079572
1079538
1079545
1079539
1079568
1079605
1079595
1079622
1079648
1079660
1079652
1079615
1079578
1079547
1079545
1079524
1079513
1079549
1079552
1079570
1079621
1079642
1079634
1079604
1079606
1079605
1079562
1079543
1079550
1079527
1079513
1079549
1079572
1079577
1079588
1079585
1079593
1079604
1079621
1079672
1079674
1079635
1079623
1079582
1079549
1079533
1079521
1079531
1079521
1079550
1079566
1079558
1079585
1079586
1079623
1079625
1079574
1079572
1079547
1079568
1079605
1079582
1079594
1079596
1079617
1079641
1079621
1079616
1079583
1079582
1079597
1079592
1079609
1079561
1079552
1079584
1079554
1079543
1079541
1079563
1079576
1079575
1079606
1079595
1079582
1079588
1079582
1079586
1079570
1079564
1079559
1079551
1079590
1079599
1079592
1079611
1079606
1079605
1079589
1079581
1079589
1079558
1079570
1079589
1079574
1079595
1079600
1079586
1079583
1079576
1079587
1079592
1079589
1079578
1079577
1079590
1079554
1079530
1079550
1079564
1079592
1079600
1079595
1079616
1079621
1079625
1079603
1079576
1079568
1079540
1079540
1079532
1079507
1079522
1079541
1079563
1079579
1079603
1079641
1079638
1079621
1079613
1079595
1079579
1079563
1079569
1079581
1079577
1079576
1079588
1079614
1079619
1079588
1079575
1079577
1079561
1079568
1079595
1079617
1079622
1079621
1079613
1079570
1079575
1079586
1079544
1079547
1079547
1079555
1079590
1079604
1079613
1079614
1079623
1079600
1079575
1079584
1079584
1079600
1079615
1079647
1079655
1079615
1079616
1079597
1079565
1079571
1079562
1079542
1079537
1079564
1079603
1079602
1079593
1079614
1079626
1079610
1079592
1079583
1079595
1079585
1079588
1079607
1079577
1079586
1079590
1079592
1079605
1079562
1079565
1079560
1079540
1079559
1079544
1079554
1079575
1079566
1079596
1079614
1079586
1079584
1079595
1079614
1079613
1079582
1079599
1079588
1079569
1079608
1079591
1079562
1079571
1079561
1079568
1079586
1079577
1079587
1079633
1079651
1079640
1079616
1079573
1079541
1079531
1079527
1079524
1079556
1079588
1079602
1079626
1079604
1079603
1079618
1079589
1079609
1079620
1079601
1079618
1079624
1079625
1079613
1079584
1079582
1079562
1079515
1079533
1079552
1079534
1079575
1079605
1079612
1079641
1079642
1079628
1079606
1079592
1079584
1079561
1079565
1079578
1079580
1079597
1079605
1079598
1079619
1079612
1079596
1079616
1079564
1079532
1079567
1079573
1079596
1079617
1079591
1079572
1079531
1079488
1079529
1079546
1079545
1079595
1079632
1079681
1079700
1079686
1079687
1079651
1079584
1079532
1079520
1079533
1079577
1079630
1079637
1079637
1079656
1079624
1079545
1079505
1079489
1079498
1079547
1079584
1079625
1079656
1079652
1079657
1079647
1079601
1079562
1079548
1079547
1079543
1079559
1079583
1079583
1079623
1079637
1079610
1079628
1079615
1079593
1079598
1079597
1079588
1079568
1079591
1079607
1079589
1079585
1079580
1079566
1079559
1079549
1079539
1079554
1079577
1079595
1079610
1079628
1079618
1079586
1079568
1079545
1079538
1079548
1079565
1079582
1079606
1079639
1079628
1079612
1079602
1079596
1079601
1079591
1079596
1079586
1079586
1079598
1079588
1079576
1079543
1079558
1079556
1079528
1079582
1079584
1079591
1079633
1079606
1079613
1079612
1079586
1079588
1079556
1079540
1079550
1079555
1079566
1079579
1079609
1079625
1079630
1079636
1079596
1079573
1079593
1079585
1079605
1079628
1079615
1079613
1079589
1079580
1079577
1079563
1079563
1079551
1079576
1079605
1079606
1079609
1079599
1079565
1079544
1079554
1079537
1079532
1079554
1079587
1079631
1079645
1079660
1079658
1079614
1079598
1079593
1079607
1079618
1079589
1079582
1079579
1079590
1079589
1079575
1079595
1079565
1079554
1079572
1079563
1079582
1079569
1079589
1079648
1079625
1079603
1079603
1079594
1079586
1079578
1079592
1079621
1079632
1079632
1079634
1079606
1079609
1079619
1079580
1079577
1079564
1079561
1079561
1079558
1079599
1079590
1079603
1079624
1079581
1079577
1079583
1079596
1079598
1079569
1079583
1079602
1079610
1079587
1079567
1079583
1079551
1079544
1079559
1079553
1079584
1079615
1079643
1079650
1079648
1079648
1079621
1079609
1079607
1079603
1079604
1079598
1079602
1079605
1079600
1079599
1079574
1079545
1079539
1079528
1079536
1079554
1079558
1079588
1079601
1079615
1079650
1079637
1079615
1079606
1079606
1079605
1079603
1079604
1079589
1079590
1079588
1079574
1079573
1079565
1079571
1079587
1079591
1079608
1079617
1079596
1079598
1079615
1079613
1079613
1079594
1079582
1079590
1079569
1079553
1079555
1079584
1079618
1079605
1079592
1079594
1079590
1079583
1079576
1079572
1079565
1079584
1079605
1079610
1079639
1079638
1079619
1079630
1079616
1079583
1079550
1079534
1079560
1079580
1079597
1079600
1079612
1079641
1079624
1079627
1079626
1079611
1079615
1079594
1079574
1079555
1079546
1079553
1079555
1079562
1079575
1079580
1079567
1079566
1079573
1079581
1079578
1079575
1079576
1079568
1079577
1079579
1079587
1079595
1079599
1079615
1079628
1079623
1079610
1079624
1079584
1079560
1079577
1079538
1079556
1079621
1079628
1079611
1079621
1079617
1079585
1079577
1079583
1079585
1079570
1079589
1079615
1079597
1079592
1079584
1079606
1079618
1079600
1079595
1079568
1079573
1079581
1079562
1079575
1079567
1079572
1079591
1079556
1079577
1079604
1079586
1079603
1079574
1079563
1079585
1079577
1079600
1079600
1079604
1079601
1079581
1079598
1079598
1079600
1079596
1079603
1079621
1079592
1079596
1079594
1079572
1079574
1079545
1079540
1079569
1079568
1079574
1079592
1079608
1079622
1079629
1079627
1079612
1079589
1079585
1079591
1079562
1079551
1079555
1079553
1079568
1079556
1079554
1079568
1079590
1079603
1079598
1079602
1079592
1079601
1079617
1079647
1079664
1079622
1079606
1079589
1079568
1079561
1079549
1079559
1079559
1079569
1079594
1079582
1079579
1079573
1079572
1079580
1079562
1079579
1079595
1079591
1079622
1079627
1079611
1079614
1079584
1079558
1079569
1079579
1079614
1079630
1079631
1079631
1079585
1079569
1079574
1079557
1079549
1079538
1079564
1079597
1079596
1079608
1079616
1079606
1079600
1079621
1079620
1079593
1079582
1079554
1079552
1079570
1079582
1079597
1079595
1079617
1079605
1079585
1079602
1079580
1079571
1079583
1079601
1079619
1079609
1079624
1079635
1079616
1079599
1079586
1079552
1079542
1079591
1079584
1079591
1079632
1079598
1079610
1079626
1079575
1079566
1079577
1079602
1079609
1079576
1079603
1079633
1079625
1079618
1079567
1079527
1079561
1079579
1079581
1079583
1079572
1079621
1079648
1079622
1079614
1079597
1079588
1079571
1079545
1079524
1079510
1079548
1079583
1079606
1079613
1079609
1079615
1079570
1079548
1079578
1079594
1079600
1079608
1079624
1079615
1079612
1079628
1079611
1079619
1079623
1079573
1079570
1079563
1079561
1079622
1079601
1079571
1079570
1079526
1079542
1079559
1079559
1079591
1079603
1079622
1079628
1079608
1079604
1079583
1079555
1079557
1079538
1079526
1079547
1079578
1079630
1079635
1079623
1079641
1079637
1079625
1079597
1079583
1079596
1079578
1079570
1079561
1079549
1079565
1079558
1079557
1079567
1079569
1079570
1079553
1079574
1079610
1079635
1079654
1079638
1079623
1079601
1079552
1079515
1079520
1079541
1079553
1079558
1079571
1079607
1079610
1079614
1079606
1079572
1079576
1079564
1079576
1079612
1079629
1079631
1079623
1079655
1079647
1079600
1079579
1079561
1079545
1079551
1079570
1079588
1079602
1079594
1079597
1079598
1079576
1079559
1079546
1079559
1079572
1079601
1079624
1079610
1079627
1079629
1079604
1079570
1079531
1079513
1079493
1079507
1079546
1079590
1079653
1079670
1079667
1079657
1079627
1079627
1079613
1079591
1079585
1079573
1079581
1079573
1079572
1079591
1079569
1079565
1079570
1079567
1079583
1079564
1079558
1079598
1079614
1079630
1079645
1079618
1079603
1079584
1079557
1079564
1079570
1079597
1079611
1079630
1079662
1079627
1079608
1079593
1079576
1079576
1079546
1079576
1079604
1079597
1079622
1079610
1079587
1079598
1079604
1079585
1079563
1079574
1079586
1079572
1079580
1079597
1079598
1079608
1079596
1079595
1079598
1079580
1079610
1079618
1079587
1079580
1079578
1079587
1079577
1079574
1079586
1079571
1079588
1079600
1079604
1079627
1079607
1079598
1079620
1079614
1079603
1079607
1079597
1079581
1079582
1079596
1079606
1079609
1079629
1079624
1079597
1079601
1079586
1079573
1079575
1079550
1079558
1079582
1079581
1079598
1079614
1079613
1079599
1079569
1079558
1079562
1079571
1079580
1079593
1079606
1079617
1079624
1079596
1079597
1079610
1079599
1079604
1079605
1079637
1079633
1079584
1079590
1079570
1079556
1079573
1079568
1079578
1079576
1079582
1079599
1079604
1079626
1079620
1079597
1079593
1079585
1079567
1079561
1079567
1079578
1079589
1079612
1079636
1079646
1079645
1079600
1079566
1079547
1079545
1079581
1079576
1079592
1079599
1079582
1079617
1079638
1079642
1079616
1079578
1079578
1079577
1079598
1079610
1079602
1079623
1079606
1079568
1079561
1079549
1079547
1079565
1079579
1079582
1079590
1079582
1079588
1079619
1079605
1079575
1079562
1079553
1079535
1079537
1079554
1079590
1079653
1079649
1079652
1079663
1079614
1079603
1079594
1079574
1079558
1079540
1079572
1079608
1079610
1079604
1079624
1079625
1079607
1079612
1079589
1079582
1079582
1079589
1079629
1079613
1079592
1079592
1079571
1079551
1079526
1079526
1079556
1079564
1079587
1079649
1079648
1079599
1079608
1079613
1079586
1079585
1079603
1079614
1079628
1079637
1079632
1079639
1079628
1079627
1079608
1079551
1079542
1079522
1079516
1079572
1079606
1079624
1079650
1079664
1079637
1079586
1079555
1079556
1079569
1079560
1079574
1079591
1079562
1079578
1079610
1079606
1079614
1079583
1079584
1079624
1079594
1079581
1079598
1079604
1079619
1079615
1079588
1079571
1079576
1079568
1079572
1079575
1079570
1079605
1079612
1079607
1079619
1079624
1079627
1079605
1079590
1079556
1079544
1079567
1079571
1079598
1079587
1079589
1079608
1079600
1079622
1079604
1079583
1079581
1079583
1079612
1079622
1079600
1079599
1079615
1079599
1079578
1079550
1079554
1079590
1079596
1079592
1079567
1079563
1079583
1079608
1079635
1079611
1079600
1079580
1079550
1079590
1079587
1079586
1079629
1079593
1079575
1079549
1079510
1079538
1079554
1079589
1079611
1079615
1079644
1079646
1079630
1079582
1079534
1079524
1079528
1079514
1079511
1079553
1079589
1079596
1079594
1079608
1079622
1079631
1079635
1079603
1079572
1079574
1079571
1079589
1079612
1079593
1079589
1079581
1079560
1079551
1079527
1079545
1079565
1079580
1079612
1079595
1079591
1079582
1079589
1079619
1079584
1079574
1079561
1079545
1079597
1079617
1079615
1079600
1079569
1079552
1079527
1079517
1079520
1079534
1079559
1079579
1079588
1079592
1079628
1079625
1079584
1079574
1079567
1079567
1079535
1079528
1079570
1079581
1079602
1079595
1079593
1079610
1079580
1079589
1079596
1079571
1079569
1079541
1079541
1079570
1079582
1079587
1079583
1079602
1079595
1079583
1079612
1079612
1079609
1079616
1079595
1079573
1079559
1079544
1079563
1079576
1079548
1079548
1079572
1079593
1079606
1079616
1079637
1079609
1079573
1079573
1079555
1079545
1079576
1079603
1079612
1079640
1079650
1079644
1079640
1079609
1079575
1079563
1079560
1079566
1079579
1079592
1079605
1079609
1079607
1079587
1079570
1079580
1079574
1079561
1079554
1079532
1079543
1079582
1079566
1079538
1079568
1079564
1079537
1079564
1079568
1079576
1079611
1079599
1079613
1079620
1079574
1079569
1079569
1079564
1079559
1079581
1079607
1079589
1079622
1079630
1079598
1079593
1079570
1079576
1079590
1079576
1079578
1079596
1079593
1079597
1079619
1079618
1079613
1079590
1079576
1079563
1079523
1079525
1079532
1079549
1079584
1079596
1079595
1079577
1079590
1079606
1079595
1079589
1079571
1079560
1079587
1079589
1079570
1079584
1079575
1079552
1079560
1079565
1079553
1079563
1079587
1079600
1079615
1079598
1079591
1079583
1079552
1079551
1079544
1079550
1079543
1079544
1079577
1079570
1079584
1079606
1079595
1079594
1079602
1079601
1079592
1079607
1079618
1079618
1079613
1079576
1079565
1079592
1079597
1079577
1079570
1079557
1079548
1079570
1079579
1079592
1079603
1079594
1079582
1079557
1079545
1079533
1079533
1079558
1079576
1079609
1079614
1079614
1079625
1079590
1079595
1079609
1079584
1079585
1079565
1079557
1079593
1079594
1079605
1079627
1079594
1079570
1079558
1079545
1079578
1079586
1079592
1079624
1079603
1079590
1079591
1079569
1079558
1079543
1079540
1079531
1079525
1079556
1079567
1079591
1079617
1079600
1079592
1079584
1079574
1079577
1079589
1079600
1079594
1079600
1079608
1079611
1079610
1079571
1079561
1079574
1079556
1079568
1079582
1079589
1079611
1079602
1079600
1079613
1079571
1079530
1079537
1079520
1079539
1079584
1079576
1079597
1079601
1079581
1079600
1079577
1079546
1079555
1079572
1079595
1079603
1079601
1079622
1079639
1079628
1079614
1079587
1079564
1079557
1079538
1079558
1079582
1079588
1079610
1079604
1079609
1079624
1079609
1079613
1079618
1079596
1079576
1079584
1079593
1079583
1079609
1079595
1079559
1079581
1079563
1079556
1079558
1079545
1079582
1079585
1079591
1079615
1079599
1079573
1079545
1079546
1079551
1079558
1079579
1079611
1079650
1079649
1079638
1079625
1079599
1079570
1079537
1079524
1079526
1079545
1079569
1079592
1079608
1079599
1079605
1079613
1079579
1079554
1079563
1079563
1079571
1079575
1079569
1079588
1079586
1079601
1079614
1079585
1079603
1079618
1079581
1079566
1079578
1079581
1079578
1079604
1079608
1079588
1079594
1079574
1079545
1079543
1079560
1079581
1079599
1079619
1079609
1079612
1079622
1079598
1079582
1079589
1079597
1079597
1079610
1079616
1079613
1079613
1079602
1079593
1079601
1079593
1079580
1079590
1079572
1079569
1079590
1079578
1079580
1079590
1079550
1079501
1079534
1079562
1079556
1079600
1079601
1079609
1079648
1079608
1079586
1079595
1079598
1079602
1079578
1079583
1079596
1079582
1079601
1079616
1079599
1079622
1079625
1079586
1079559
1079549
1079584
1079584
1079567
1079604
1079600
1079595
1079605
1079589
1079580
1079564
1079564
1079580
1079594
1079596
1079600
1079638
1079645
1079620
1079591
1079573
1079573
1079546
1079530
1079528
1079548
1079568
1079565
1079594
1079593
1079591
1079621
1079590
1079582
1079620
1079618
1079627
1079641
1079629
1079615
1079591
1079573
1079552
1079546
1079559
1079558
1079560
1079567
1079588
1079580
1079541
1079546
1079571
1079575
1079569
1079590
1079598
1079605
1079627
1079600
1079598
1079625
1079600
1079546
1079535
1079542
1079533
1079537
1079543
1079565
1079589
1079618
1079630
1079614
1079623
1079618
1079610
1079608
1079592
1079593
1079575
1079581
1079616
1079591
1079574
1079554
1079526
1079556
1079555
1079548
1079582
1079592
1079615
1079622
1079602
1079608
1079571
1079555
1079578
1079560
1079581
1079594
1079570
1079570
1079571
1079581
1079592
1079608
1079602
1079591
1079608
1079611
1079616
1079597
1079586
1079617
1079606
1079581
1079574
1079545
1079540
1079548
1079538
1079574
1079596
1079589
1079614
1079606
1079588
1079599
1079588
1079594
1079596
1079581
1079592
1079599
1079616
1079627
1079614
1079594
1079578
1079571
1079549
1079531
1079541
1079572
1079610
1079637
1079625
1079599
1079603
1079587
1079560
1079567
1079561
1079565
1079604
1079622
1079599
1079585
1079605
1079601
1079585
1079584
1079582
1079581
1079588
1079615
1079633
1079638
1079636
1079626
1079585
1079543
1079554
1079568
1079595
1079598
1079569
1079581
1079571
1079564
1079577
1079560
1079576
1079593
1079569
1079567
1079581
1079598
1079601
1079600
1079625
1079627
1079602
1079580
1079571
1079574
1079546
1079537
1079576
1079587
1079601
1079608
1079596
1079604
1079587
1079592
1079619
1079625
1079638
1079623
1079621
1079616
1079595
1079610
1079588
1079546
1079535
1079508
1079510
1079563
1079593
1079600
1079608
1079622
1079605
1079558
1079569
1079593
1079606
1079624
1079608
1079632
1079644
1079603
1079597
1079588
1079580
1079554
1079516
1079514
1079507
1079528
1079552
1079567
1079616
1079638
1079638
1079625
1079617
1079640
1079610
1079585
1079602
1079577
1079586
1079593
1079545
1079560
1079576
1079555
1079571
1079579
1079595
1079650
1079654
1079644
1079662
1079653
1079623
1079579
1079557
1079556
1079560
1079571
1079571
1079594
1079601
1079601
1079619
1079586
1079582
1079592
1079561
1079574
1079583
1079594
1079636
1079638
1079635
1079620
1079576
1079553
1079537
1079536
1079539
1079558
1079601
1079624
1079646
1079648
1079640
1079642
1079603
1079567
1079550
1079545
1079551
1079563
1079586
1079605
1079624
1079601
1079581
1079588
1079561
1079576
1079604
1079592
1079608
1079603
1079588
1079596
1079586
1079580
1079552
1079555
1079581
1079561
1079563
1079568
1079610
1079638
1079606
1079611
1079586
1079559
1079572
1079569
1079584
1079609
1079610
1079611
1079634
1079633
1079612
1079609
1079581
1079553
1079549
1079546
1079572
1079587
1079563
1079567
1079584
1079571
1079558
1079553
1079559
1079594
1079632
1079654
1079652
1079630
1079612
1079589
1079559
1079557
1079550
1079537
1079551
1079545
1079560
1079589
1079594
1079599
1079584
1079610
1079613
1079578
1079584
1079580
1079610
1079622
1079599
1079622
1079618
1079598
1079584
1079571
1079574
1079583
1079595
1079596
1079622
1079631
1079620
1079620
1079600
1079563
1079534
1079555
1079550
1079547
1079587
1079588
1079596
1079601
1079603
1079615
1079609
1079592
1079569
1079600
1079612
1079586
1079584
1079584
1079602
1079606
1079575
1079575
1079594
1079591
1079616
1079631
1079617
1079622
1079607
1079615
1079638
1079614
1079591
1079578
1079560
1079548
1079557
1079580
1079590
1079597
1079603
1079586
1079578
1079579
1079548
1079534
1079544
1079549
1079566
1079592
1079631
1079667
1079675
1079663
1079634
1079605
1079577
1079552
1079543
1079532
1079559
1079610
1079629
1079626
1079608
1079603
1079580
1079564
1079569
1079554
1079575
1079580
1079574
1079603
1079599
1079586
1079579
1079556
1079547
1079579
1079612
1079619
1079639
1079671
1079663
1079622
1079591
1079557
1079518
1079510
1079534
1079556
1079575
1079622
1079632
1079621
1079635
1079623
1079603
1079573
1079558
1079555
1079549
1079582
1079598
1079590
1079579
1079563
1079566
1079573
1079577
1079610
1079632
1079619
1079639
1079643
1079625
1079609
1079557
1079530
1079510
1079509
1079540
1079554
1079593
1079613
1079624
1079629
1079619
1079636
1079599
1079554
1079533
1079512
1079538
1079540
1079542
1079591
1079615
1079625
1079631
1079634
1079647
1079629
1079594
1079585
1079561
1079540
1079543
1079514
1079505
1079551
1079568
1079587
1079622
1079617
1079608
1079591
1079580
1079609
1079592
1079573
1079575
1079550
1079561
1079558
1079561
1079609
1079617
1079606
1079585
1079575
1079592
1079580
1079561
1079559
1079556
1079570
1079589
1079575
1079579
1079586
1079558
1079555
1079570
1079584
1079589
1079577
1079589
1079626
1079659
1079655
1079635
1079651
1079633
1079577
1079555
1079544
1079529
1079540
1079563
1079577
1079610
1079619
1079595
1079589
1079594
1079592
1079570
1079544
1079545
1079567
1079564
1079572
1079607
1079614
1079610
1079603
1079596
1079572
1079556
1079578
1079568
1079564
1079578
1079567
1079581
1079603
1079622
1079642
1079633
1079624
1079622
1079610
1079577
1079574
1079610
1079599
1079582
1079566
1079537
1079556
1079581
1079565
1079573
1079607
1079618
1079615
1079622
1079644
1079620
1079590
1079607
1079595
1079602
1079616
1079614
1079629
1079641
1079642
1079597
1079569
1079559
1079555
1079569
1079553
1079561
1079575
1079580
1079590
1079599
1079622
1079611
1079599
1079603
1079595
1079602
1079597
1079602
1079622
1079623
1079628
1079625
1079579
1079527
1079539
1079555
1079551
1079578
1079617
1079639
1079628
1079623
1079624
1079593
1079562
1079559
1079556
1079568
1079592
1079578
1079587
1079615
1079615
1079602
1079578
1079589
1079594
1079565
1079570
1079578
1079598
1079626
1079598
1079607
1079635
1079589
1079574
1079596
1079588
1079583
1079578
1079583
1079591
1079590
1079589
1079577
1079583
1079590
1079585
1079593
1079614
1079616
1079599
1079617
1079623
1079611
1079601
1079572
1079564
1079562
1079555
1079574
1079596
1079592
1079603
1079619
1079591
1079590
1079602
1079573
1079554
1079557
1079556
1079540
1079545
1079573
1079589
1079601
1079619
1079610
1079584
1079593
1079590
1079582
1079598
1079604
1079614
1079626
1079613
1079577
1079580
1079582
1079556
1079577
1079587
1079581
1079596
1079583
1079577
1079605
1079605
1079594
1079578
1079570
1079582
1079570
1079566
1079587
1079609
1079607
1079570
1079556
1079567
1079554
1079526
1079526
1079578
1079608
1079594
1079610
1079613
1079596
1079597
1079582
1079573
1079599
1079606
1079585
1079597
1079616
1079614
1079594
1079574
1079581
1079558
1079550
1079557
1079555
1079595
1079622
1079635
1079635
1079598
1079583
1079557
1079531
1079549
1079545
1079553
1079589
1079609
1079614
1079617
1079621
1079591
1079575
1079564
1079554
1079583
1079595
1079601
1079608
1079612
1079639
1079629
1079579
1079563
1079561
1079550
1079561
1079579
1079592
1079608
1079600
1079591
1079611
1079620
1079607
1079590
1079580
1079571
1079559
1079569
1079576
1079579
1079590
1079594
1079604
1079571
1079536
1079573
1079586
1079582
1079614
1079608
1079594
1079608
1079590
1079578
1079578
1079574
1079588
1079573
1079574
1079593
1079590
1079607
1079616
1079604
1079599
1079603
1079575
1079550
1079544
1079518
1079535
1079551
1079552
1079573
1079587
1079605
1079596
1079603
1079632
1079624
1079621
1079616
1079609
1079594
1079560
1079539
1079538
1079541
1079525
1079550
1079603
1079629
1079658
1079649
1079618
1079620
1079590
1079568
1079573
1079552
1079550
1079544
1079555
1079591
1079580
1079578
1079560
1079559
1079596
1079576
1079584
1079596
1079596
1079602
1079576
1079598
1079604
1079591
1079566
1079524
1079539
1079524
1079524
1079569
1079595
1079616
1079632
1079649
1079631
1079588
1079561
1079540
1079514
1079520
1079556
1079574
1079620
1079667
1079669
1079677
1079661
1079632
1079608
1079580
1079573
1079560
1079559
1079546
1079506
1079527
1079559
1079536
1079514
1079562
1079634
1079637
1079650
1079673
1079649
1079635
1079615
1079599
1079583
1079542
1079527
1079534
1079554
1079579
1079598
1079616
1079624
1079613
1079586
1079584
1079571
1079560
1079580
1079586
1079594
1079601
1079603
1079597
1079600
1079610
1079607
1079596
1079557
1079542
1079569
1079583
1079595
1079610
1079613
1079609
1079593
1079581
1079587
1079580
1079576
1079580
1079583
1079595
1079599
1079600
1079601
1079592
1079583
1079573
1079549
1079539
1079527
1079526
1079578
1079608
1079616
1079629
1079630
1079643
1079646
1079635
1079621
1079608
1079625
1079620
1079588
1079568
1079551
1079541
1079509
1079491
1079509
1079532
1079577
1079599
1079630
1079673
1079659
1079634
1079600
1079559
1079558
1079572
1079574
1079570
1079580
1079616
1079651
1079656
1079613
1079597
1079615
1079598
1079580
1079550
1079566
1079579
1079538
1079577
1079579
1079561
1079602
1079587
1079574
1079575
1079577
1079595
1079589
1079628
1079649
1079600
1079597
1079601
1079564
1079530
1079505
1079518
1079547
1079575
1079615
1079632
1079650
1079662
1079615
1079577
1079573
1079529
1079511
1079534
1079535
1079562
1079610
1079635
1079640
1079627
1079606
1079559
1079536
1079573
1079577
1079594
1079628
1079615
1079622
1079623
1079602
1079590
1079557
1079528
1079537
1079551
1079548
1079552
1079560
1079564
1079577
1079582
1079587
1079581
1079556
1079566
1079585
1079589
1079613
1079645
1079631
1079603
1079615
1079607
1079606
1079608
1079582
1079575
1079550
1079538
1079562
1079597
1079610
1079589
1079598
1079594
1079565
1079585
1079607
1079592
1079593
1079603
1079592
1079588
1079606
1079610
1079595
1079583
1079548
1079555
1079594
1079546
1079508
1079552
1079571
1079575
1079588
1079569
1079563
1079578
1079584
1079611
1079646
1079650
1079640
1079644
1079617
1079592
1079600
1079572
1079550
1079553
1079548
1079551
1079587
1079602
1079586
1079608
1079602
1079576
1079581
1079552
1079536
1079580
1079599
1079616
1079648
1079643
1079623
1079591
1079558
1079525
1079506
1079535
1079542
1079568
1079636
1079649
1079655
1079669
1079636
1079625
1079622
1079587
1079576
1079570
1079551
1079555
1079571
1079565
1079557
1079548
1079553
1079580
1079559
1079586
1079611
1079577
1079643
1079652
1079626
1079640
1079596
1079614
1079625
1079617
1079607
1079562
1079596
1079587
1079549
1079568
1079558
1079563
1079565
1079533
1079553
1079602
1079619
1079643
1079646
1079627
1079624
1079601
1079572
1079600
1079625
1079593
1079567
1079557
1079563
1079579
1079564
1079549
1079578
1079607
1079615
1079611
1079602
1079617
1079627
1079618
1079631
1079658
1079659
1079622
1079601
1079579
1079530
1079510
1079489
1079497
1079538
1079546
1079563
1079588
1079606
1079605
1079620
1079662
1079644
1079634
1079623
1079574
1079558
1079536
1079511
1079508
1079538
1079570
1079573
1079595
1079620
1079653
1079681
1079673
1079665
1079635
1079590
1079529
1079503
1079519
1079506
1079538
1079551
1079568
1079617
1079569
1079552
1079564
1079560
1079594
1079582
1079578
1079585
1079590
1079624
1079604
1079595
1079608
1079586
1079569
1079552
1079559
1079571
1079579
1079593
1079588
1079610
1079616
1079593
1079580
1079558
1079556
1079562
1079563
1079563
1079569
1079578
1079557
1079555
1079565
1079536
1079558
1079585
1079577
1079611
1079628
1079625
1079617
1079605
1079597
1079573
1079564
1079553
1079553
1079580
1079572
1079569
1079582
1079576
1079591
1079581
1079572
1079581
1079546
1079529
1079520
1079508
1079542
1079599
1079626
1079617
1079638
1079649
1079620
1079589
1079578
1079574
1079563
1079577
1079585
1079583
1079571
1079557
1079565
1079535
1079535
1079571
1079569
1079576
1079605
1079639
1079651
1079637
1079619
1079602
1079570
1079556
1079564
1079553
1079570
1079568
1079568
1079601
1079590
1079591
1079600
1079596
1079609
1079601
1079580
1079591
1079617
1079575
1079553
1079587
1079600
1079631
1079618
1079574
1079586
1079580
1079622
1079637
1079564
1079624
1079596
1079485
1079537
1079502
1079517
1079579
1079521
1079622
1079664
1079570
1079606
1079608
1079610
1079640
1079575
1079566
1079538
1079522
1079606
1079602
1079588
1079605
1079605
1079639
1079590
1079527
1079590
1079618
1079587
1079601
1079632
1079644
1079607
1079575
1079580
1079560
1079545
1079566
1079564
1079535
1079562
1079590
1079587
1079601
1079584
1079553
1079579
1079599
1079570
1079584
1079637
1079656
1079650
1079619
1079573
1079561
1079572
1079539
1079519
1079539
1079563
1079606
1079634
1079646
1079660
1079661
1079630
1079604
1079567
1079523
1079567
1079597
1079581
1079592
1079585
1079588
1079591
1079541
1079505
1079488
1079491
1079522
1079527
1079563
1079619
1079637
1079650
1079650
1079631
1079618
1079614
1079586
1079568
1079567
1079580
1079628
1079614
1079591
1079606
1079600
1079617
1079614
1079573
1079543
1079568
1079616
1079632
1079623
1079588
1079584
1079584
1079538
1079487
1079502
1079525
1079507
1079543
1079544
1079554
1079643
1079653
1079644
1079640
1079613
1079601
1079552
1079540
1079560
1079581
1079629
1079626
1079620
1079609
1079590
1079623
1079576
1079540
1079574
1079568
1079588
1079584
1079578
1079610
1079571
1079561
1079574
1079558
1079564
1079560
1079582
1079629
1079634
1079599
1079550
1079551
1079573
1079552
1079544
1079571
1079589
1079602
1079616
1079623
1079647
1079651
1079592
1079562
1079577
1079574
1079566
1079569
1079615
1079627
1079575
1079598
1079602
1079554
1079572
1079552
1079531
1079599
1079597
1079584
1079647
1079658
1079654
1079626
1079592
1079604
1079576
1079547
1079538
1079584
1079649
1079608
1079583
1079607
1079589
1079533
1079496
1079525
1079572
1079600
1079594
1079595
1079661
1079695
1079627
1079586
1079608
1079559
1079528
1079529
1079514
1079583
1079605
1079543
1079554
1079646
1079672
1079594
1079555
1079570
1079617
1079618
1079550
1079560
1079617
1079625
1079577
1079561
1079598
1079610
1079598
1079562
1079550
1079603
1079632
1079589
1079559
1079583
1079601
1079568
1079528
1079540
1079555
1079577
1079604
1079599
1079618
1079639
1079621
1079585
1079572
1079570
1079556
1079559
1079579
1079602
1079631
1079621
1079588
1079604
1079604
1079571
1079574
1079579
1079581
1079600
1079575
1079531
1079560
1079591
1079560
1079566
1079597
1079582
1079596
1079610
1079593
1079631
1079660
1079639
1079581
1079522
1079529
1079523
1079508
1079537
1079568
1079594
1079624
1079636
1079629
1079633
1079633
1079618
1079601
1079596
1079602
1079587
1079588
1079614
1079607
1079613
1079626
1079589
1079561
1079547
1079526
1079551
1079567
1079590
1079637
1079617
1079615
1079604
1079578
1079606
1079573
1079534
1079540
1079548
1079580
1079601
1079625
1079637
1079618
1079595
1079562
1079563
1079571
1079551
1079571
1079593
1079593
1079602
1079597
1079615
1079628
1079626
1079623
1079584
1079588
1079590
1079555
1079581
1079603
1079609
1079617
1079592
1079580
1079581
1079580
1079561
1079542
1079582
1079619
1079613
1079611
1079645
1079654
1079631
1079620
1079587
1079568
1079562
1079532
1079555
1079599
1079608
1079603
1079593
1079605
1079598
1079586
1079585
1079576
1079600
1079568
1079548
1079586
1079571
1079588
1079602
1079566
1079583
1079598
1079607
1079631
1079621
1079631
1079628
1079595
1079598
1079567
1079546
1079556
1079550
1079582
1079589
1079583
1079615
1079609
1079579
1079573
1079572
1079554
1079538
1079537
1079547
1079572
1079588
1079574
1079607
1079638
1079612
1079629
1079636
1079616
1079596
1079560
1079567
1079606
1079608
1079570
1079567
1079575
1079562
1079550
1079541
1079563
1079589
1079604
1079603
1079603
1079611
1079596
1079593
1079577
1079546
1079554
1079564
1079582
1079629
1079640
1079621
1079606
1079589
1079595
1079582
1079541
1079565
1079597
1079604
1079631
1079640
1079655
1079662
1079609
1079579
1079571
1079564
1079570
1079539
1079533
1079570
1079601
1079626
1079611
1079590
1079598
1079593
1079571
1079580
1079608
1079600
1079592
1079598
1079585
1079580
1079587
1079580
1079598
1079621
1079606
1079601
1079612
1079615
1079613
1079612
1079595
1079548
1079528
1079539
1079545
1079542
1079566
1079623
1079621
1079624
1079641
1079602
1079598
1079584
1079564
1079569
1079542
1079552
1079590
1079578
1079583
1079612
1079591
1079585
1079579
1079557
1079560
1079564
1079586
1079594
1079614
1079636
1079632
1079646
1079628
1079612
1079618
1079601
1079564
1079538
1079545
1079537
1079553
1079580
1079567
1079562
1079559
1079559
1079557
1079557
1079594
1079613
1079607
1079611
1079609
1079603
1079597
1079592
1079579
1079563
1079562
1079571
1079578
1079595
1079599
1079577
1079594
1079601
1079580
1079586
1079597
1079608
1079620
1079627
1079616
1079608
1079629
1079621
1079592
1079583
1079575
1079552
1079533
1079532
1079548
1079592
1079613
1079627
1079645
1079610
1079591
1079587
1079581
1079596
1079610
1079632
1079632
1079628
1079640
1079625
1079588
1079545
1079538
1079552
1079551
1079580
1079614
1079624
1079628
1079622
1079613
1079610
1079601
1079594
1079602
1079614
1079646
1079670
1079661
1079638
1079600
1079562
1079539
1079532
1079551
1079561
1079560
1079584
1079609
1079619
1079634
1079634
1079603
1079581
1079575
1079572
1079573
1079595
1079631
1079636
1079639
1079650
1079638
1079629
1079603
1079587
1079590
1079567
1079581
1079597
1079580
1079590
1079586
1079568
1079571
1079569
1079537
1079513
1079548
1079585
1079614
1079650
1079645
1079649
1079651
1079605
1079565
1079575
1079594
1079585
1079594
1079602
1079616
1079636
1079623
1079610
1079574
1079555
1079566
1079542
1079533
1079549
1079567
1079592
1079627
1079641
1079646
1079647
1079625
1079629
1079623
1079607
1079605
1079607
1079624
1079602
1079579
1079582
1079580
1079579
1079573
1079567
1079555
1079583
1079631
1079623
1079612
1079615
1079616
1079616
1079586
1079591
1079607
1079572
1079572
1079577
1079575
1079608
1079600
1079582
1079576
1079584
1079593
1079578
1079586
1079601
1079632
1079646
1079627
1079644
1079625
1079588
1079587
1079566
1079569
1079581
1079568
1079578
1079574
1079585
1079632
1079646
1079628
1079588
1079565
1079552
1079537
1079564
1079582
1079575
1079583
1079595
1079597
1079616
1079635
1079619
1079625
1079641
1079638
1079619
1079589
1079593
1079579
1079568
1079581
1079561
1079565
1079568
1079559
1079586
1079608
1079619
1079636
1079639
1079614
1079593
1079565
1079531
1079516
1079520
1079559
1079582
1079608
1079646
1079611
1079591
1079627
1079623
1079609
1079604
1079599
1079623
1079625
1079596
1079627
1079643
1079602
1079596
1079582
1079567
1079565
1079567
1079585
1079580
1079595
1079600
1079588
1079565
1079537
1079565
1079573
1079590
1079628
1079618
1079623
1079617
1079590
1079595
1079594
1079582
1079589
1079611
1079613
1079597
1079601
1079622
1079615
1079610
1079641
1079625
1079594
1079583
1079570
1079576
1079577
1079579
1079565
1079554
1079580
1079591
1079588
1079568
1079566
1079606
1079607
1079583
1079591
1079592
1079588
1079603
1079588
1079570
1079584
1079595
1079580
1079573
1079590
1079582
1079586
1079610
1079622
1079635
1079617
1079565
1079560
1079591
1079578
1079590
1079624
1079614
1079597
1079569
1079562
1079568
1079567
1079576
1079562
1079559
1079574
1079606
1079630
1079624
1079632
1079623
1079610
1079607
1079592
1079587
1079590
1079599
1079616
1079652
1079670
1079645
1079618
1079604
1079592
1079556
1079530
1079553
1079575
1079588
1079618
1079625
1079599
1079596
1079596
1079567
1079571
1079600
1079592
1079608
1079635
1079625
1079612
1079585
1079573
1079580
1079584
1079592
1079588
1079591
1079602
1079606
1079578
1079548
1079558
1079574
1079584
1079567
1079571
1079584
1079586
1079623
1079633
1079633
1079609
1079559
1079550
1079534
1079529
1079556
1079562
1079569
1079602
1079628
1079645
1079657
1079627
1079605
1079596
1079569
1079560
1079551
1079557
1079568
1079568
1079607
1079613
1079588
1079605
1079606
1079595
1079597
1079585
1079573
1079568
1079570
1079614
1079642
1079622
1079631
1079617
1079559
1079518
1079506
1079555
1079620
1079647
1079644
1079653
1079668
1079644
1079599
1079579
1079578
1079543
1079520
1079532
1079558
1079613
1079600
1079542
1079552
1079567
1079570
1079593
1079613
1079643
1079650
1079601
1079564
1079571
1079579
1079558
1079542
1079574
1079605
1079618
1079622
1079611
1079612
1079598
1079558
1079554
1079574
1079586
1079603
1079593
1079589
1079608
1079568
1079552
1079580
1079578
1079605
1079595
1079564
1079606
1079607
1079596
1079590
1079566
1079569
1079541
1079548
1079569
1079566
1079613
1079625
1079618
1079626
1079624
1079621
1079627
1079633
1079608
1079606
1079586
1079551
1079576
1079588
1079578
1079571
1079577
1079584
1079592
1079602
1079571
1079581
1079631
1079600
1079578
1079584
1079571
1079609
1079635
1079627
1079622
1079614
1079621
1079600
1079572
1079548
1079513
1079513
1079534
1079553
1079568
1079566
1079547
1079549
1079576
1079595
1079612
1079621
1079638
1079661
1079630
1079589
1079595
1079585
1079558
1079548
1079551
1079566
1079596
1079648
1079643
1079611
1079652
1079644
1079554
1079517
1079519
1079522
1079557
1079570
1079565
1079619
1079662
1079657
1079646
1079621
1079609
1079588
1079559
1079570
1079594
1079601
1079601
1079613
1079599
1079561
1079542
1079537
1079518
1079515
1079557
1079588
1079602
1079621
1079621
1079599
1079592
1079601
1079592
1079580
1079570
1079570
1079603
1079633
1079625
1079636
1079660
1079612
1079573
1079564
1079540
1079553
1079563
1079571
1079607
1079612
1079601
1079612
1079624
1079605
1079562
1079553
1079557
1079554
1079597
1079634
1079635
1079654
1079630
1079576
1079570
1079552
1079544
1079573
1079579
1079596
1079646
1079673
1079677
1079673
1079637
1079586
1079533
1079504
1079502
1079503
1079525
1079546
1079571
1079583
1079592
1079603
1079586
1079603
1079592
1079559
1079596
1079603
1079570
1079577
1079587
1079595
1079624
1079632
1079607
1079577
1079550
1079543
1079578
1079628
1079642
1079632
1079612
1079593
1079602
1079601
1079564
1079555
1079556
1079552
1079584
1079602
1079611
1079642
1079625
1079556
1079519
1079531
1079526
1079501
1079514
1079559
1079574
1079575
1079591
1079623
1079649
1079652
1079653
1079654
1079650
1079627
1079589
1079577
1079571
1079548
1079519
1079498
1079506
1079507
1079521
1079578
1079603
1079621
1079684
1079688
1079636
1079606
1079570
1079560
1079566
1079553
1079552
1079549
1079565
1079603
1079620
1079628
1079595
1079554
1079563
1079556
1079560
1079579
1079580
1079603
1079621
1079629
1079623
1079585
1079565
1079560
1079557
1079563
1079570
1079622
1079663
1079631
1079608
1079606
1079601
1079586
1079560
1079549
1079532
1079532
1079557
1079553
1079561
1079579
1079544
1079555
1079603
1079601
1079615
1079635
1079629
1079621
1079617
1079619
1079606
1079589
1079602
1079593
1079559
1079549
1079554
1079557
1079531
1079522
1079549
1079567
1079611
1079629
1079583
1079600
1079604
1079551
1079567
1079588
1079588
1079594
1079576
1079554
1079558
1079563
1079535
1079542
1079568
1079588
1079625
1079619
1079612
1079605
1079557
1079547
1079530
1079491
1079500
1079509
1079532
1079561
1079582
1079605
1079571
1079547
1079543
1079522
1079523
1079497
1079506
1079546
1079508
1079502
1079524
1079500
1079495
1079471
1079430
1079417
1079426
1079450
1079454
1079455
1079467
1079471
1079470
1079477
1079477
1079467
1079466
1079448
1079463
1079488
1079473
1079513
1079534
1079530
1079553
1079514
1079538
1079592
1079589
1079632
1079629
1079620
1079643
1079615
1079591
1079565
1079532
1079502
1079488
1079516
1079526
1079540
1079577
1079579
1079591
1079589
1079544
1079548
1079601
1079667
1079734
1079810
1079865
1079880
1079884
1079859
1079858
1079851
1079798
1079734
1079626
1079579
1079609
1079603
1079603
1079628
1079692
1079760
1079747
1079756
1079845
1079944
1080016
1080038
1080065
1080108
1080068
1080014
1079965
1079869
1079848
1079827
1079744
1079695
1079627
1079556
1079496
1079437
1079399
1079352
1079328
1079326
1079297
1079272
1079292
1079326
1079371
1079420
1079449
1079456
1079428
1079406
1079393
1079400
1079467
1079540
1079617
1079684
1079711
1079736
1079742
1079685
1079596
1079538
1079513
1079481
1079465
1079489
1079511
1079510
1079500
1079491
1079471
1079424
1079343
1079238
1079156
1079096
1079055
1079015
1079004
1079046
1079084
1079133
1079196
1079292
1079379
1079434
1079534
1079644
1079738
1079767
1079782
1079824
1079818
1079842
1079837
1079766
1079711
1079643
1079583
1079540
1079540
1079604
1079658
1079683
1079733
1079827
1079915
1079939
1079960
1080021
1080038
1080018
1079937
1079813
1079729
1079579
1079396
1079269
1079129
1078981
1078860
1078791
1078754
1078747
1078831
1078939
1079034
1079207
1079442
1079687
1079979
1080283
1080551
1080798
1080958
1081012
1080991
1080855
1080633
1080414
1080191
1079929
1079686
1079499
1079311
1079155
1079068
1078999
1078976
1078997
1079020
1079027
1079043
1079106
1079178
1079252
1079297
1079317
1079333
1079331
1079347
1079367
1079402
1079416
1079427
1079489
1079531
1079600
1079706
1079812
1079927
1080046
1080158
1080176
1080161
1080155
1080087
1080009
1079927
1079816
1079707
1079586
1079431
1079277
1079152
1079025
1078887
1078769
1078682
1078651
1078687
1078771
1078933
1079141
1079385
1079711
1080031
1080341
1080663
1080910
1081045
1081017
1080848
1080603
1080247
1079822
1079379
1078957
1078607
1078296
1078012
1077841
1077823
1077951
1078227
1078584
1079009
1079464
1079909
1080316
1080579
1080719
1080774
1080704
1080545
1080324
1080024
1079673
1079281
1078858
1078448
1078094
1077871
1077727
1077663
1077794
1078132
1078663
1079265
1079804
1080254
1080668
1081052
1081367
1081484
1081306
1081119
1080813
1080421
1080272
1079986
1079749
1079586
1079268
1079320
1079447
1079447
1079657
1079882
1080024
1079980
1079795
1079537
1079109
1078709
1078294
1077938
1077746
1077486
1077360
1077473
1077682
1078078
1078667
1079340
1079962
1080573
1081270
1081990
1082602
1083019
1083327
1083490
1083396
1083081
1082548
1081845
1080965
1079915
1078841
1077778
1076785
1076005
1075478
1075204
1075235
1075638
1076306
1077137
1078104
1079052
1079922
1080709
1081356
1081857
1082213
1082444
1082514
1082393
1082062
1081515
1080849
1080109
1079348
1078629
1078025
1077653
1077509
1077612
1077952
1078493
1079233
1080064
1080936
1081790
1082516
1083059
1083381
1083432
1083175
1082695
1082004
1081118
1080117
1079004
1077923
1076979
1076202
1075706
1075482
1075577
1075969
1076589
1077490
1078564
1079741
1080885
1081828
1082552
1082942
1082967
1082739
1082417
1082042
1081653
1081318
1080965
1080612
1080199
1079760
1079395
1079029
1078717
1078422
1078102
1077806
1077553
1077451
1077511
1077773
1078241
1078713
1079101
1079322
1079302
1079064
1078637
1078141
1077674
1077338
1077265
1077549
1078176
1079029
1080045
1081018
1081748
1082169
1082142
1081719
1081044
1080140
1079181
1078294
1077552
1077097
1076921
1077018
1077384
1077906
1078480
1079003
1079430
1079748
1079919
1080017
1080134
1080316
1080605
1080953
1081327
1081659
1081815
1081711
1081316
1080704
1080017
1079395
1078960
1078803
1078977
1079481
1080218
1081092
1082016
1082854
1083465
1083729
1083582
1083036
1082166
1081075
1079926
1078872
1077999
1077399
1077070
1076987
1077151
1077420
1077713
1078026
1078263
1078417
1078509
1078560
1078705
1078998
1079410
1079934
1080497
1080982
1081314
1081414
1081228
1080733
1079975
1079140
1078344
1077670
1077230
1077008
1077036
1077289
1077666
1078182
1078725
1079229
1079677
1079918
1080040
1080062
1079886
1079579
1079046
1078353
1077640
1076896
1076284
1075820
1075436
1075189
1075080
1075134
1075396
1075880
1076557
1077440
1078515
1079683
1080915
1082084
1083047
1083815
1084314
1084552
1084598
1084483
1084326
1084108
1083798
1083400
1082746
1081816
1080766
1079727
1078863
1078277
1077943
1077820
1077834
1077961
1078232
1078631
1079164
1079728
1080195
1080527
1080701
1080831
1080985
1081141
1081366
1081532
1081453
1081193
1080720
1080007
1079196
1078328
1077523
1076949
1076640
1076663
1077008
1077552
1078220
1078854
1079336
1079630
1079706
1079714
1079734
1079817
1080095
1080474
1080903
1081332
1081627
1081773
1081666
1081203
1080418
1079305
1078026
1076842
1075864
1075335
1075344
1075833
1076806
1078061
1079450
1080788
1081879
1082719
1083234
1083390
1083235
1082830
1082299
1081672
1080905
1080032
1079109
1078132
1077229
1076476
1075835
1075420
1075215
1075306
1075936
1077081
1078716
1080689
1082700
1084627
1086255
1087388
1088073
1088204
1087649
1086476
1084592
1082059
1079222
1076339
1073835
1072035
1070845
1070276
1070294
1070656
1071325
1072191
1073145
1074287
1075567
1076979
1078538
1080185
1081885
1083501
1084893
1085878
1086262
1086005
1085108
1083648
1081910
1080130
1078476
1077236
1076542
1076408
1076782
1077571
1078753
1080149
1081575
1082916
1083968
1084626
1084913
1084802
1084370
1083798
1083135
1082472
1081803
1081072
1080366
1079625
1078847
1078154
1077621
1077376
1077543
1078127
1078988
1079998
1081089
1082147
1083008
1083522
1083607
1083145
1082115
1080684
1079017
1077382
1076041
1075160
1074776
1074796
1075163
1075693
1076331
1077078
1077748
1078270
1078542
1078570
1078507
1078411
1078385
1078500
1078742
1079073
1079440
1079783
1080060
1080232
1080224
1079963
1079427
1078773
1078210
1077791
1077534
1077464
1077541
1077700
1077868
1077957
1078004
1078055
1078044
1078005
1078026
1078139
1078347
1078698
1079342
1080220
1081161
1082098
1082863
1083442
1083758
1083677
1083354
1082858
1082249
1081577
1080837
1080208
1079831
1079703
1079768
1079952
1080207
1080528
1080779
1080858
1080874
1080862
1080954
1081258
1081712
1082289
1082905
1083377
1083471
1083147
1082489
1081544
1080465
1079329
1078155
1077001
1075931
1074975
1074167
1073525
1073058
1072907
1073032
1073428
1074141
1074969
1076003
1077210
1078446
1079821
1081115
1082208
1083024
1083363
1083370
1083130
1082698
1082242
1081769
1081317
1080979
1080717
1080500
1080408
1080416
1080467
1080568
1080543
1080333
1080044
1079652
1079276
1078935
1078509
1078011
1077350
1076549
1075819
1075273
1074996
1075034
1075361
1075876
1076457
1077084
1077716
1078376
1079171
1079990
1080698
1081187
1081294
1080981
1080315
1079477
1078662
1078084
1077827
1077827
1078043
1078383
1078974
1079855
1080904
1082272
1083844
1085421
1086905
1088021
1088758
1089077
1088838
1088047
1086566
1084453
1081903
1078903
1075749
1072768
1070065
1067928
1066458
1065724
1065904
1066811
1068299
1070287
1072642
1075385
1078487
1081699
1084669
1087243
1089165
1090270
1090718
1090528
1089930
1089189
1088292
1087298
1086203
1084968
1083644
1082262
1080884
1079584
1078474
1077671
1077172
1077057
1077247
1077577
1078111
1078650
1078960
1079001
1078613
1077842
1076981
1076272
1075907
1075910
1076248
1076954
1077926
1079127
1080514
1081846
1082967
1083694
1083826
1083411
1082504
1081204
1079703
1078127
1076680
1075504
1074617
1074044
1073732
1073568
1073579
1073879
1074456
1075324
1076555
1078050
1079637
1081222
1082720
1083993
1084997
1085764
1086222
1086313
1086051
1085388
1084354
1083038
1081514
1080034
1078683
1077364
1076288
1075593
1075311
1075389
1075586
1075972
1076442
1076808
1077213
1077549
1077834
1078281
1078716
1078987
1079162
1079183
1079065
1078914
1078664
1078273
1077850
1077524
1077462
1077908
1078963
1080535
1082492
1084564
1086493
1088091
1089110
1089537
1089448
1088783
1087657
1086240
1084520
1082549
1080411
1078243
1076242
1074460
1072960
1071730
1070679
1069821
1069193
1068912
1069045
1069520
1070302
1071387
1072843
1074693
1076874
1079312
1081669
1083819
1085794
1087370
1088590
1089375
1089547
1089241
1088399
1087077
1085449
1083454
1081246
1078950
1076503
1074288
1072573
1071390
1071151
1071899
1073419
1075606
1078102
1080736
1083403
1085774
1087705
1089085
1089665
1089415
1088357
1086571
1084381
1082036
1079745
1077620
1075670
1074008
1072566
1071217
1070018
1068986
1068201
1067819
1067912
1068674
1070182
1072340
1075147
1078304
1081536
1084627
1087064
1088803
1089966
1090462
1090417
1089789
1088526
1086753
1084386
1081555
1078683
1076102
1074115
1072878
1072376
1072636
1073537
1074919
1076852
1079144
1081446
1083712
1085745
1087311
1088320
1088581
1088175
1087251
1085916
1084520
1083220
1082035
1080951
1079839
1078698
1077482
1076211
1074988
1073758
1072576
1071580
1070897
1070720
1071035
1071706
1072616
1073563
1074524
1075566
1076659
1077866
1079181
1080634
1082248
1083811
1085260
1086588
1087725
1088545
1088853
1088725
1088220
1087236
1085876
1084284
1082469
1080490
1078436
1076461
1074767
1073373
1072357
1071682
1071168
1070948
1071034
1071488
1072503
1073938
1075854
1078154
1080377
1082410
1084112
1085251
1085937
1086258
1086132
1085666
1084820
1083588
1082218
1080816
1079666
1078930
1078455
1078276
1078380
1078591
1078923
1079477
1080092
1080627
1080981
1081009
1080755
1080204
1079370
1078499
1077815
1077334
1077002
1076715
1076337
1075941
1075658
1075510
1075572
1076001
1076852
1078062
1079585
1081216
1082603
1083583
1084018
1083846
1083297
1082542
1081797
1081136
1080425
1079754
1079148
1078710
1078607
1078764
1079146
1079630
1080023
1080292
1080485
1080690
1080950
1081187
1081390
1081613
1081856
1082163
1082452
1082575
1082488
1082066
1081299
1080260
1079078
1078041
1077227
1076606
1076164
1075858
1075662
1075415
1075036
1074629
1074375
1074300
1074334
1074637
1075289
1076380
1077963
1079739
1081387
1082613
1083321
1083623
1083645
1083547
1083333
1082979
1082488
1081859
1081268
1080754
1080356
1080113
1079720
1079081
1078073
1076591
1075016
1073608
1072687
1072491
1072848
1073767
1075138
1076679
1078456
1080539
1082690
1084690
1086374
1087507
1088078
1088213
1087857
1087139
1086221
1085116
1084036
1082933
1081743
1080502
1079079
1077769
1076722
1075854
1075323
1075111
1075193
1075495
1075841
1076168
1076424
1076615
1076714
1076700
1076616
1076496
1076609
1076954
1077317
1077837
1078406
1078924
1079497
1080025
1080555
1080966
1081025
1080768
1080102
1079057
1077811
1076500
1075444
1074756
1074481
1074777
1075655
1077290
1079587
1082167
1084857
1087229
1088958
1089927
1089971
1089342
1088232
1086608
1084701
1082610
1080395
1078479
1076881
1075598
1074973
1074628
1074458
1074688
1075042
1075763
1076877
1078118
1079763
1081484
1082771
1083776
1084414
1084738
1085069
1085151
1085061
1084978
1084406
1083567
1082693
1081579
1080559
1079319
1077693
1076121
1074249
1072238
1070605
1069231
1068374
1068265
1068838
1070179
1072003
1074196
1076756
1079133
1081333
1083286
1084567
1085416
1085751
1085602
1085412
1085063
1084613
1084236
1083687
1082995
1082325
1081569
1080858
1080184
1079294
1078295
1077040
1075493
1073947
1072439
1071230
1070385
1069968
1070240
1070927
1072063
1073842
1076023
1078619
1081605
1084557
1087316
1089835
1091666
1092781
1093279
1093002
1092327
1091286
1089821
1088284
1086449
1084247
1081843
1079202
1076619
1074232
1072182
1070706
1069806
1069544
1069866
1070787
1072344
1074385
1076629
1078667
1080341
1081536
1082312
1082960
1083541
1083858
1083791
1083544
1083070
1082311
1081153
1079532
1077925
1076246
1074633
1073456
1072487
1072091
1072417
1073139
1074514
1076509
1078732
1081183
1083629
1085799
1087818
1089420
1090285
1090420
1089730
1088451
1086969
1085425
1084028
1082753
1081474
1080126
1078530
1076788
1075051
1073510
1072434
1071706
1071140
1070621
1070073
1069598
1069471
1069948
1071132
1073040
1075383
1077786
1080078
1082139
1083974
1085669
1087185
1088407
1089339
1089875
1089958
1089739
1089162
1088234
1086908
1085022
1082715
1080142
1077454
1074964
1073025
1071944
1071800
1072481
1073782
1075328
1076827
1078089
1078925
1079291
1079258
1078884
1078199
1077273
1076183
1075175
1074502
1074235
1074350
1074700
1075218
1075789
1076346
1076926
1077533
1078317
1079329
1080624
1082336
1084427
1086797
1089282
1091640
1093547
1094745
1095136
1094446
1092637
1090048
1086702
1082957
1079259
1075608
1072343
1069391
1066648
1064483
1062851
1061911
1061932
1062765
1064389
1066818
1069815
1073257
1077056
1080994
1085052
1089089
1092605
1095209
1096547
1096455
1095025
1092118
1088202
1083966
1079453
1075267
1071680
1068590
1066644
1065755
1065699
1066562
1067865
1069542
1071474
1073212
1074882
1076625
1078397
1080441
1083027
1085979
1089226
1092640
1095700
1098332
1100126
1100567
1099835
1097739
1094365
1090282
1085683
1080899
1076329
1072106
1068447
1065569
1063380
1061917
1061156
1061020
1061891
1063611
1066120
1069666
1073712
1078145
1082873
1087288
1091109
1094038
1095826
1096194
1095134
1093053
1090191
1087019
1083722
1080482
1077822
1075519
1073823
1072961
1072424
1072514
1073119
1073748
1074459
1075001
1075440
1076088
1076934
1078005
1079354
1080935
1082487
1083945
1085190
1085654
1085463
1084811
1083297
1081363
1079501
1077836
1076837
1076238
1076025
1076615
1077443
1078237
1079086
1079616
1079833
1079994
1079993
1079973
1080051
1080187
1080810
1081600
1082333
1083449
1084216
1084456
1084534
1084046
1083414
1082754
1081721
1080885
1080183
1079122
1077988
1076865
1075461
1073981
1072569
1071084
1069722
1068444
1067296
1066521
1065961
1065864
1066359
1067172
1068464
1070280
1072604
1075503
1078626
1081801
1085036
1087989
1090600
1092822
1094301
1095123
1095270
1094607
1093377
1091654
1089508
1087203
1084963
1082882
1081028
1079465
1078056
1076801
1075797
1075117
1074853
1074957
1075456
1076321
1077607
1079214
1080813
1082500
1083928
1084628
1084760
1084122
1082761
1081246
1079488
1077609
1076051
1074523
1073253
1072554
1072156
1072276
1072779
1073240
1073611
1074146
1074838
1075448
1076427
1077339
1077917
1078933
1079858
1080758
1082151
1083602
1085348
1087209
1088648
1089673
1090035
1089818
1089420
1088885
1088071
1086945
1085377
1083275
1080861
1078070
1075189
1072395
1069301
1066526
1064288
1062592
1062155
1062603
1063650
1065302
1067245
1069846
1073144
1076925
1081288
1085832
1090026
1093552
1096170
1097931
1098968
1099258
1098660
1097015
1094418
1091097
1087219
1083221
1079515
1076168
1073109
1070259
1067707
1065691
1064516
1064082
1064394
1065293
1066207
1067805
1070234
1072933
1076266
1079669
1082403
1084608
1086035
1086634
1086805
1086546
1085836
1084807
1083380
1081624
1079804
1078174
1076790
1075486
1074345
1073329
1072539
1072668
1073754
1075761
1078814
1082208
1085595
1088651
1090896
1092559
1093716
1094317
1094298
1093372
1091647
1089344
1086404
1082987
1079392
1075887
1072549
1069297
1066404
1063954
1062291
1061821
1062112
1063295
1065550
1068517
1072197
1076087
1079623
1082945
1086031
1088516
1090356
1091813
1092641
1092954
1092878
1091797
1090209
1088384
1085899
1083362
1080937
1078640
1076901
1075348
1073860
1072729
1071602
1070426
1069546
1068881
1068566
1068870
1070023
1072010
1074379
1077138
1079833
1082209
1084686
1086447
1087371
1087900
1087537
1086695
1085781
1084760
1083929
1083270
1082656
1081839
1080907
1079992
1078802
1077541
1076469
1075706
1075467
1075855
1077141
1079203
1081816
1085096
1088372
1091070
1092908
1093121
1091762
1088962
1084840
1080379
1076058
1072409
1069956
1068357
1067552
1067536
1068147
1069402
1071039
1072802
1074644
1076494
1078280
1079959
1081694
1083595
1085416
1086919
1087878
1088159
1087873
1087031
1085673
1083842
1081586
1079294
1077194
1075353
1074021
1073107
1072532
1072190
1071788
1071533
1071537
1071690
1071919
1072038
1072246
1072803
1073689
1074852
1076128
1077403
1078664
1079811
1080868
1081973
1083103
1084240
1085294
1086166
1086948
1087611
1088049
1088322
1088475
1088460
1088309
1088064
1087718
1087212
1086465
1085397
1083942
1082170
1080165
1077968
1075688
1073395
1071184
1069168
1067653
1067082
1067486
1068843
1070910
1073160
1075228
1076619
1077680
1078707
1079488
1080505
1081485
1082322
1083377
1084107
1084605
1085094
1085203
1084984
1084432
1083220
1081447
1079255
1076695
1074041
1071103
1068363
1066512
1065141
1064732
1065732
1067525
1070051
1073231
1076723
1080558
1084611
1088462
1091884
1094689
1096432
1096904
1096174
1094310
1091941
1089587
1087086
1084564
1082193
1079807
1077449
1075540
1074337
1073943
1074146
1074364
1074991
1075919
1076704
1078119
1079371
1080070
1081283
1082015
1081933
1081920
1081564
1081011
1080697
1080076
1079053
1078115
1077373
1076834
1076405
1076118
1076387
1076814
1077404
1078652
1080047
1081931
1084286
1086304
1088498
1090762
1092393
1093419
1093769
1093272
1091815
1089428
1086409
1083004
1079417
1075930
1072519
1069348
1067051
1065553
1064474
1063829
1063563
1063508
1063604
1063954
1064654
1065677
1066751
1068168
1070063
1071908
1074284
1077015
1079482
1082597
1085851
1088519
1091181
1093348
1094950
1096437
1097169
1096922
1096127
1094741
1092531
1089756
1086474
1082665
1078938
1075205
1071315
1067931
1065056
1062888
1062196
1062906
1064848
1067779
1071095
1074643
1078149
1081328
1084339
1087152
1089605
1091612
1093094
1094090
1094468
1094235
1093620
1092291
1090382
1088240
1085606
1083030
1080700
1078276
1076207
1074514
1073285
1072902
1073151
1073924
1075212
1076966
1079055
1081043
1082673
1083880
1084582
1084566
1083634
1082106
1080370
1078510
1076841
1075536
1074507
1073954
1073827
1073976
1074663
1075895
1077389
1079097
1080843
1082423
1083984
1085392
1086350
1086889
1086996
1086733
1086205
1085362
1084218
1082860
1081484
1080177
1079088
1078580
1078598
1078976
1079544
1079993
1080256
1080170
1079714
1079091
1078226
1077171
1075930
1074489
1073166
1072146
1071660
1071677
1071935
1072557
1073446
1074621
1076306
1078450
1081050
1083905
1086583
1088809
1090588
1091984
1092928
1093187
1092407
1090434
1087110
1082481
1077168
1071777
1066927
1063217
1060843
1059814
1059953
1061161
1063372
1066405
1070308
1074850
1079429
1084022
1088555
1092427
1095794
1098637
1100262
1100477
1098740
1094536
1088355
1081022
1073273
1065859
1059520
1054679
1051501
1050066
1050365
1052142
1055234
1059565
1064687
1070252
1076159
1082445
1088930
1095090
1100694
1105340
1108425
1109837
1109865
1108904
1107008
1104194
1100703
1096489
1091994
1087766
1083492
1079533
1076198
1073228
1071197
1070041
1069285
1069306
1069989
1071053
1072558
1074333
1076164
1077734
1078897
1079553
1079925
1080232
1080552
1081569
1082455
1082915
1084063
1084956
1085342
1085805
1085879
1085576
1084900
1083878
1082793
1081461
1079940
1078605
1077167
1075176
1072528
1069466
1066495
1063802
1061788
1060667
1060043
1059961
1060552
1061674
1063168
1065311
1068340
1071773
1075289
1078257
1080585
1082594
1083305
1082913
1082227
1080872
1079255
1077823
1076304
1074942
1073952
1073296
1073210
1073414
1073599
1074156
1075066
1076087
1077375
1079099
1081061
1083333
1085964
1088159
1090323
1092683
1094128
1095003
1095269
1094266
1092516
1090143
1087238
1084309
1081784
1079857
1078416
1077933
1078480
1079416
1080839
1082548
1083922
1084724
1084496
1083769
1083018
1081914
1080871
1079577
1078631
1077984
1076377
1075842
1075988
1075066
1074736
1074685
1074221
1073734
1072874
1072187
1072010
1072384
1073773
1076047
1078667
1080975
1082495
1083117
1083010
1082476
1081854
1081461
1081354
1081495
1081836
1082295
1082733
1083070
1083136
1083006
1082661
1082042
1081734
1081164
1080412
1080227
1079362
1078113
1077784
1078406
1080030
1082474
1085769
1089721
1093396
1095793
1096520
1096085
1094535
1091776
1088176
1083842
1079383
1075308
1071484
1068043
1065156
1062819
1060958
1059725
1058732
1058587
1059691
1061066
1064364
1068382
1071992
1077995
1084025
1089089
1094596
1098991
1102379
1103716
1102279
1100085
1097279
1093491
1089099
1084369
1079939
1075838
1071611
1067463
1063907
1061053
1058663
1056517
1054858
1054308
1055074
1057042
1060163
1064312
1069298
1074682
1079902
1084679
1088919
1092469
1095196
1096887
1097445
1097194
1096178
1094475
1092252
1089721
1087412
1085493
1083939
1082179
1080336
1078613
1076277
1074847
1074884
1075110
1076170
1078293
1081054
1084121
1086663
1088585
1090095
1090644
1089434
1086475
1082390
1077826
1073329
1069006
1065081
1062155
1060479
1059941
1060229
1060916
1062083
1063623
1065305
1067114
1068759
1071107
1073699
1076434
1080482
1083587
1086697
1091066
1093906
1096215
1098563
1100198
1101567
1101421
1099965
1098229
1095687
1092376
1088466
1084178
1080305
1076753
1073063
1069739
1067627
1066936
1066934
1067073
1067865
1069637
1072204
1075189
1078140
1081266
1084545
1087317
1089024
1089432
1088909
1087815
1086282
1084612
1082780
1080764
1078790
1076473
1074285
1072723
1070986
1070088
1070306
1070294
1070686
1071783
1073316
1075158
1076700
1078433
1080841
1083411
1085712
1087586
1089254
1091001
1092414
1093050
1092890
1091653
1089334
1086159
1082556
1079230
1076259
1073807
1071932
1070695
1069705
1068726
1068283
1067632
1067980
1068760
1068261
1069579
1071561
1072721
1075036
1077669
1081085
1084657
1086860
1088878
1090721
1091823
1091983
1091352
1090656
1090032
1089147
1087732
1086245
1084958
1083685
1082326
1080868
1079706
1078842
1078245
1077948
1077508
1076956
1076219
1075208
1074266
1073341
1072558
1072050
1071771
1071865
1072132
1072381
1072896
1073780
1074681
1075683
1076543
1076731
1077161
1078269
1079571
1081051
1083049
1086302
1089992
1093046
1095694
1097729
1099318
1100140
1099576
1098087
1095758
1092614
1088580
1083746
1078942
1074394
1069836
1065241
1061107
1057873
1055563
1054497
1054641
1056084
1059316
1063531
1068347
1073535
1078458
1083113
1086701
1089752
1091660
1092627
1094462
1094123
1093542
1094273
1092317
1090398
1088711
1085998
1084495
1081740
1077679
1074866
1072320
1069696
1067256
1064994
1063885
1063935
1064481
1065755
1067921
1070780
1073920
1076792
1079425
1081593
1082934
1083815
1084275
1084383
1084225
1084044
1084138
1084619
1085330
1085800
1086666
1086260
1084639
1083918
1081948
1080072
1079432
1078537
1079022
1080037
1080856
1082179
1083348
1084785
1085775
1086001
1086649
1086968
1086898
1086562
1085670
1085275
1085032
1084989
1085122
1084916
1085186
1084656
1083435
1082353
1080360
1078879
1077939
1076605
1075270
1073945
1072687
1071062
1070049
1068586
1066573
1066468
1065666
1064320
1064193
1064183
1065903
1068122
1069758
1072532
1075493
1078748
1082088
1084506
1086946
1088366
1087441
1084932
1081621
1078569
1075802
1072683
1070062
1068230
1066577
1065110
1064305
1064554
1066160
1068951
1072108
1075697
1079442
1083621
1087999
1090994
1094875
1099201
1101352
1102819
1102623
1100101
1096959
1092695
1087473
1082727
1077987
1073846
1071891
1070891
1070649
1071304
1072327
1074283
1075810
1076644
1077687
1077806
1076726
1074810
1072175
1069621
1067222
1064879
1063382
1062579
1062336
1062984
1063898
1065548
1068185
1070430
1073002
1076185
1078265
1080639
1084482
1089226
1094813
1099310
1102843
1105840
1105904
1103881
1101264
1097525
1093392
1089169
1084149
1078586
1072256
1065243
1058853
1053467
1049934
1048601
1048525
1049958
1052990
1056770
1061276
1066584
1072496
1080006
1087377
1092686
1098577
1104030
1107297
1109932
1110369
1109042
1106852
1102910
1098406
1091846
1084401
1078437
1071815
1065692
1061351
1057886
1055535
1054013
1053240
1053017
1053307
1054784
1056760
1058905
1062039
1065433
1067965
1070186
1073056
1076265
1079174
1081762
1083887
1085284
1086433
1087780
1088293
1088806
1090685
1092009
1092579
1093159
1093163
1092928
1091753
1089626
1087626
1085337
1082827
1080371
1077798
1075751
1074500
1073552
1073003
1073065
1073595
1074161
1074481
1075219
1076505
1078129
1080469
1083280
1086406
1090026
1093813
1097302
1100138
1102372
1104184
1105523
1106345
1105930
1104006
1101450
1097975
1093340
1088560
1084129
1080181
1076583
1072837
1069124
1066247
1064655
1064481
1065889
1068834
1073058
1078114
1083356
1088086
1091843
1094445
1095633
1095225
1093265
1089849
1085403
1080569
1075836
1071934
1069442
1068083
1067451
1067246
1067056
1066782
1066397
1065885
1065380
1064848
1064121
1062878
1061489
1060268
1058878
1058642
1059858
1061551
1065086
1069359
1072493
1075943
1079133
1082157
1086032
1089150
1092573
1097313
1101626
1105042
1107089
1107694
1108181
1108275
1106722
1104367
1101877
1098430
1094210
1089501
1084883
1081244
1077980
1074791
1071853
1069303
1067773
1067346
1067861
1069212
1071964
1075609
1078554
1082047
1086648
1091505
1096567
1100672
1103506
1105067
1104616
1102157
1097992
1092995
1088039
1083371
1079233
1076058
1074115
1073502
1073940
1074827
1076464
1078887
1081468
1084185
1086526
1087746
1088067
1087446
1085406
1082673
1079735
1076773
1074651
1072770
1070846
1069125
1067331
1066178
1065418
1065504
1066458
1066418
1066985
1068191
1067989
1068037
1068356
1068947
1070625
1071319
1071971
1074443
1077993
1082731
1087768
1092478
1097590
1102179
1105341
1107108
1107547
1107210
1106019
1103588
1100722
1097256
1092685
1087888
1082711
1077277
1071527
1065127
1058693
1051959
1046744
1042590
1038715
1038046
1039088
1042271
1048699
1056274
1065633
1076337
1086910
1094909
1099952
1104084
1106025
1105397
1103331
1099758
1094590
1088555
1082085
1075025
1067774
1060378
1053673
1048153
1042914
1039249
1038328
1039383
1042827
1047350
1052478
1060585
1069235
1077061
1085718
1093588
1100506
1104795
1104897
1103274
1097947
1090622
1084396
1075412
1067847
1064278
1060530
1058283
1057267
1057064
1057743
1057628
1057085
1056628
1059141
1062326
1065465
1073202
1080462
1087350
1097110
1105642
1114044
1121833
1127611
1131702
1131970
1129368
1122622
1113549
1105972
1098341
1093614
1089734
1085503
1085316
1084895
1084687
1086047
1086243
1086348
1085353
1084229
1084540
1085690
1088530
1092277
1096428
1101121
1105241
1109068
1110643
1109294
1107443
1103070
1096172
1088830
1080931
1072418
1065021
1059612
1055229
1054613
1055588
1055545
1056649
1059105
1060986
1060587
1062793
1065483
1067239
1070878
1072893
1076620
1079287
1077974
1077554
1076255
1071136
1065508
1061654
1055138
1051484
1052576
1053341
1056284
1060249
1065085
1069102
1071748
1075024
1077452
1079514
1080530
1081079
1081459
1080325
1079517
1079833
1079561
1079074
1077810
1074362
1071048
1067263
1062387
1058594
1055588
1054311
1055714
1059501
1065458
1073098
1082263
1090964
1099296
1107341
1112338
1116419
1119781
1119007
1116519
1114341
1110190
1104405
1099517
1094348
1087910
1082682
1077752
1071891
1068564
1067503
1066458
1067738
1071431
1074592
1076941
1079273
1080980
1082500
1085083
1087212
1087893
1088641
1088793
1087020
1084755
1083359
1082783
1083789
1087337
1092200
1097135
1102273
1105669
1106884
1107794
1105523
1100390
1095684
1089270
1081856
1074487
1066824
1060394
1055209
1051655
1047669
1042295
1037956
1034032
1030855
1030307
1031792
1035294
1042482
1052452
1063376
1075775
1089015
1101157
1111235
1118711
1122331
1122265
1119959
1113706
1104189
1094818
1084846
1074884
1066652
1057951
1051359
1048326
1044645
1044980
1049226
1053393
1061210
1070052
1079403
1090693
1100965
1111190
1120583
1126580
1129112
1127197
1120605
1111070
1099421
1086574
1073194
1061062
1051385
1043748
1039836
1038639
1040139
1044452
1049466
1056140
1062185
1068890
1077128
1082197
1087860
1091630
1092372
1095241
1092952
1090494
1089548
1082132
1077552
1074163
1068184
1063352
1057218
1053125
1050412
1047694
1049925
1055819
1063433
1074564
1086862
1098314
1109064
1116861
1121997
1123394
1121291
1117746
1111903
1106498
1100210
1093537
1088899
1082840
1076891
1070065
1063280
1060596
1059205
1058814
1060561
1065480
1073109
1080202
1087227
1095022
1101579
1106272
1108577
1106804
1102650
1098246
1092815
1085672
1078222
1071571
1065157
1059491
1054473
1049439
1045322
1042871
1041651
1041373
1042259
1044326
1048118
1053459
1059253
1064957
1069745
1072975
1074897
1075049
1073230
1071015
1069466
1068250
1067778
1069005
1070602
1073529
1077775
1081025
1086615
1091751
1093474
1094998
1093965
1091275
1088808
1085327
1081359
1077181
1074048
1072513
1072154
1073095
1075273
1078275
1082111
1086368
1090756
1096757
1103554
1110533
1118434
1125219
1130290
1132503
1130349
1126011
1122185
1118943
1114402
1110890
1105863
1097006
1090508
1082242
1071083
1062169
1053173
1045268
1039124
1034326
1032285
1032423
1034854
1039392
1046866
1057310
1068149
1079185
1090353
1099270
1105467
1109849
1112351
1113112
1112181
1109401
1104621
1097872
1090161
1081716
1072589
1064898
1059486
1054854
1050931
1047784
1045023
1044912
1048611
1054652
1062634
1071811
1081353
1091148
1101130
1110191
1117137
1122461
1124500
1123119
1119709
1112964
1104313
1096449
1090253
1084903
1078617
1071526
1065449
1059513
1051264
1043361
1037718
1032135
1027036
1024521
1024167
1024910
1028530
1035255
1043888
1055918
1069577
1081731
1092082
1099428
1104881
1107652
1106179
1105299
1103390
1099369
1097606
1094716
1091372
1090352
1089797
1089985
1090035
1089081
1087229
1085763
1083980
1080764
1079287
1079681
1081287
1085089
1089953
1095262
1101973
1108738
1113454
1117348
1120435
1121526
1120482
1116424
1109577
1101323
1092922
1084828
1077758
1072018
1067479
1064495
1059244
1053436
1050008
1044199
1040514
1039999
1038336
1039739
1043187
1046975
1053409
1060828
1067180
1074179
1080720
1084751
1088207
1090502
1091699
1092262
1092076
1091097
1090254
1091298
1090114
1087751
1088005
1088020
1087522
1087018
1085842
1085146
1084742
1083439
1081979
1080954
1080875
1080567
1079776
1079434
1077056
1076366
1076552
1076101
1079772
1079435
1078584
1081847
1080466
1081286
1084242
1085144
1088673
1091524
1093897
1096295
1096312
1096214
1094874
1091511
1088769
1086594
1084033
1081388
1079224
1077727
1076938
1076054
1074173
1072580
1071853
1071283
1070261
1070251
1071636
1069401
1068631
1072269
1070075
1068374
1069987
1067783
1066496
1063390
1059298
1058075
1055987
1057049
1060869
1063404
1066282
1068250
1068391
1068002
1066376
1064981
1064434
1064274
1066220
1068620
1071471
1074108
1075646
1079042
1081277
1082696
1085187
1085774
1085668
1085066
1086187
1087303
1087015
1090015
1090419
1090870
1092211
1088144
1087710
1087362
1084398
1086478
1088800
1091659
1096755
1101950
1108634
1115260
1120910
1125207
1126928
1126925
1124744
1120414
1115923
1110252
1103238
1096400
1087961
1079203
1070902
1062836
1057585
1051232
1045429
1041903
1036238
1033686
1031753
1029425
1033056
1036669
1041304
1048872
1053552
1058307
1063060
1066382
1070458
1072168
1071892
1071240
1068694
1065599
1062504
1060017
1059890
1060715
1061533
1062987
1064717
1067342
1070616
1074067
1078257
1082584
1086854
1089614
1091811
1093733
1093483
1094524
1095505
1095816
1097058
1097493
1098807
1096578
1093020
1093999
1092591
1090919
1091948
1090640
1088914
1087730
1086969
1087896
1089671
1093387
1098296
1101954
1104361
1105437
1104469
1103048
1103664
1104878
1106012
1108016
1109383
1110880
1111601
1110549
1108782
1104747
1100348
1093641
1085486
1079369
1069642
1062218
1058762
1051668
1048127
1047657
1045881
1048152
1050984
1052096
1054613
1056553
1058413
1060782
1062449
1064991
1069569
1075023
1079360
1080906
1080659
1080899
1078736
1074785
1071509
1066673
1062914
1060247
1058759
1058945
1059229
1061381
1061689
1064991
1072346
1074832
1077727
1081243
1083778
1087214
1087600
1086914
1086025
1083730
1081044
1077287
1073358
1072058
1073471
1075988
1079686
1083042
1085225
1086057
1084978
1083304
1082854
1084158
1086131
1089678
1092071
1091969
1091722
1090862
1090916
1089239
1087828
1090472
1090053
1088394
1090067
1089477
1087775
1088698
1088948
1089020
1090515
1091121
1090623
1089574
1087661
1086309
1085784
1084982
1084502
1083415
1081450
1079896
1078047
1075887
1073114
1069628
1066172
1062594
1060851
1060694
1059898
1061784
1066167
1068590
1074549
1083038
1087407
1092971
1097203
1099623
1100886
1096525
1094981
1091144
1082713
1078977
1071988
1062725
1055625
1046978
1040106
1035276
1031492
1031083
1033372
1037573
1043978
1051705
1060729
1070622
1080347
1090114
1098794
1106003
1112242
1117244
1121315
1124414
1126105
1125905
1124629
1121698
1115529
1108536
1101785
1092885
1085342
1079413
1071065
1067471
1063878
1057377
1058113
1057462
1056689
1061342
1063884
1065044
1066468
1068882
1070084
1069450
1069138
1068913
1069014
1068156
1067446
1066878
1066853
1067928
1067802
1067790
1067875
1067779
1069058
1070839
1072996
1076037
1079643
1082670
1085071
1087085
1087524
1087698
1086226
1084335
1084764
1083705
1084592
1086510
1087169
1090178
1091491
1093002
1095196
1096972
1100709
1104932
1109083
1110218
1112983
1116715
1116126
1116601
1115832
1113941
1112597
1109770
1107009
1102548
1097926
1093025
1085820
1078885
1072710
1067744
1064041
1061296
1060189
1058173
1056832
1058173
1057544
1058818
1060719
1058549
1060003
1060550
1058114
1056675
1053899
1053217
1050230
1046385
1045834
1044386
1045015
1047434
1053061
1058967
1062746
1068862
1072905
1076751
1081362
1084889
1089236
1091864
1094012
1096032
1095563
1095076
1094538
1090614
1087383
1084860
1080139
1078349
1076892
1073200
1071652
1070935
1068347
1065374
1063370
1061933
1062160
1064273
1067511
1071690
1076017
1080131
1083332
1085222
1086213
1086799
1087314
1087646
1087682
1086938
1085261
1083204
1081310
1079863
1079188
1079440
1080411
1081828
1083095
1085310
1088576
1092709
1097773
1100657
1102788
1105398
1107285
1108993
1109403
1110231
1109414
1105093
1101585
1097071
1090994
1086584
1081569
1075799
1071897
1069421
1068937
1070012
1071040
1072548
1074297
1076318
1078681
1080841
1083191
1085843
1087879
1089039
1089855
1090224
1091373
1093274
1095513
1098111
1098971
1099398
1099643
1097732
1094411
1090374
1086496
1082982
1079756
1077398
1076573
1077570
1079997
1082874
1085109
1087213
1089718
1092206
1093688
1093807
1093200
1091914
1090202
1088227
1086094
1084442
1083167
1081395
1078679
1075177
1070946
1066179
1060836
1054942
1049737
1046524
1045911
1047652
1050149
1052038
1053202
1053407
1052434
1050296
1047557
1045540
1044153
1043250
1043167
1044032
1046967
1051662
1057234
1063628
1069523
1074009
1077102
1078483
1079219
1080839
1082690
1083481
1083103
1081917
1079856
1077518
1074603
1069944
1065322
1061547
1057732
1055311
1054748
1054361
1054082
1055141
1057467
1060977
1066342
1073729
1082657
1091592
1099059
1104461
1107144
1107419
1106494
1105221
1104318
1103657
1102762
1101495
1099387
1096780
1094105
1091204
1089148
1088689
1089344
1090529
1091317
1091183
1090430
1089661
1089134
1088776
1088696
1088635
1088696
1088786
1087976
1086566
1085131
1083414
1081535
1079603
1077440
1075637
1074468
1073986
1075392
1078893
1083927
1090064
1096240
1101552
1105522
1108035
1108442
1106876
1104640
1101784
1098716
1095838
1093053
1090963
1089264
1087157
1084515
1081738
1077766
1072933
1068297
1063415
1060714
1058997
1057693
1059288
1062245
1067165
1073469
1081033
1089321
1095106
1100666
1104930
1105550
1105125
1102963
1097709
1090223
1081345
1072317
1064163
1057012
1051023
1046165
1042665
1039748
1036200
1034396
1034138
1034804
1038060
1042476
1048475
1055204
1062455
1070529
1076577
1081990
1086022
1087876
1088716
1087968
1086831
1084045
1081189
1080110
1077653
1074660
1072582
1070611
1068654
1066167
1063270
1061096
1059648
1058452
1057026
1055282
1054945
1056299
1058843
1062968
1068182
1073990
1079218
1084205
1089581
1093987
1097825
1099754
1100947
1103780
1104141
1104121
1105202
1103986
1102354
1099382
1095972
1094311
1092049
1089764
1088714
1088898
1089673
1089437
1088665
1088716
1089856
1091089
1091034
1090770
1090285
1088173
1086219
1085372
1085875
1087937
1089768
1091688
1093582
1093995
1093101
1090508
1086678
1081981
1077049
1072107
1067484
1065271
1063196
1062787
1064719
1065519
1068330
1070610
1071192
1073330
1074834
1076721
1078995
1081232
1084953
1088466
1091583
1094906
1098999
1104480
1108222
1109497
1110390
1109371
1106366
1102709
1097736
1092299
1087450
1082685
1077687
1072768
1068206
1064470
1061564
1058268
1055210
1053460
1052284
1051937
1052322
1052910
1054169
1055891
1058199
1061778
1065925
1070232
1074932
1079438
1083651
1086614
1089115
1091369
1090690
1090385
1090792
1088588
1086691
1085063
1083567
1083518
1082907
1082901
1083949
1084648
1085390
1084920
1082981
1080818
1079181
1078102
1076488
1074929
1074325
1074750
1076194
1077634
1079397
1082445
1086235
1089934
1092927
1094777
1095766
1096352
1096017
1095010
1093715
1092874
1092483
1090123
1086637
1082929
1079085
1075425
1071592
1068068
1063550
1060973
1060149
1058880
1060493
1062166
1063934
1067918
1071513
1074784
1077142
1079100
1081866
1084589
1087142
1088964
1089943
1090691
1090449
1088322
1085012
1081605
1078241
1075071
1071679
1067405
1063096
1059256
1055525
1052390
1050677
1049845
1050865
1053787
1056983
1062370
1067890
1072886
1079207
1084084
1088418
1092167
1095211
1097980
1098497
1097725
1095785
1092914
1089226
1084163
1079061
1074347
1070390
1067437
1064874
1063604
1064507
1066539
1069132
1072172
1075571
1079611
1083312
1086491
1090417
1094912
1099312
1103788
1108667
1113629
1117974
1121269
1122751
1122502
1121042
1118355
1114794
1110220
1104927
1099319
1093033
1086314
1079149
1071871
1065017
1057854
1050305
1043137
1037158
1033400
1032056
1032738
1034941
1038348
1043382
1049790
1057523
1066981
1076993
1086937
1096313
1103714
1108764
1111167
1110423
1107048
1102465
1096456
1089384
1082490
1075348
1068436
1060630
1052854
1046170
1039713
1036211
1034118
1032925
1034075
1036515
1041342
1047139
1054111
1063454
1073348
1083154
1091891
1098510
1102969
1105262
1105731
1104844
1102819
1100446
1098727
1097533
1096344
1095208
1093933
1092311
1090325
1087556
1084671
1082276
1079684
1077109
1075089
1073616
1073294
1074691
1077381
1081301
1086130
1090326
1093446
1095195
1094607
1092512
1090149
1087730
1086170
1085969
1086308
1086801
1087368
1088233
1089212
1089254
1087892
1085280
1082334
1079670
1077082
1075023
1074007
1074338
1075954
1077565
1078363
1079333
1080889
1081800
1081390
1079552
1076599
1073680
1071274
1069935
1070542
1072656
1075405
1078481
1081711
1085070
1088488
1091661
1094322
1096674
1099200
1101778
1103782
1104899
1105068
1104046
1101677
1097680
1092288
1085610
1078113
1071018
1063443
1056839
1053012
1050628
1050633
1052972
1056848
1062068
1067475
1073734
1079925
1085021
1090625
1095848
1099176
1100957
1100933
1099107
1096085
1092247
1087786
1082610
1077927
1074473
1071318
1068944
1067655
1066942
1067121
1068019
1069349
1071296
1073376
1075632
1078641
1081613
1083712
1084711
1084476
1082462
1079036
1074526
1068305
1062895
1058106
1052371
1048780
1047370
1047251
1048709
1050719
1053427
1057169
1061993
1066597
1069613
1071837
1074147
1075734
1075877
1076457
1078119
1079263
1079835
1080367
1081219
1082421
1083599
1084602
1085084
1085346
1085024
1083697
1082810
1083099
1084860
1087052
1088828
1091741
1094875
1098467
1103699
1107714
1110510
1112903
1112917
1110641
1106417
1101253
1097013
1093133
1088719
1083492
1077939
1073342
1069446
1065699
1062639
1060860
1061260
1063796
1066932
1071038
1077429
1084877
1092187
1098722
1103246
1105754
1106163
1103738
1099367
1094169
1088281
1083177
1077828
1071335
1066535
1061903
1057417
1055104
1053621
1053300
1054013
1055412
1057484
1059830
1063108
1067007
1070722
1074972
1079328
1082424
1084942
1086245
1085884
1084825
1083090
1081716
1080965
1080187
1079503
1078862
1078240
1077835
1077702
1077824
1078466
1079104
1079921
1080983
1080811
1080151
1079795
1078822
1076788
1074760
1073216
1070865
1068793
1067629
1066584
1066890
1068877
1071798
1076214
1081670
1086740
1091731
1095366
1096770
1097839
1098010
1096996
1095593
1093087
1090432
1087853
1084552
1081365
1078799
1076634
1074164
1072165
1070914
1070011
1070884
1072877
1075656
1079654
1083932
1087358
1088799
1089184
1088096
1085642
1082716
1077267
1071207
1066504
1062548
1059933
1056818
1054287
1054312
1054069
1053048
1052768
1052987
1053095
1054737
1058737
1063950
1071959
1081792
1092192
1104758
1115974
1123943
1130491
1134261
1134623
1132664
1128725
1123691
1118644
1113084
1108228
1103833
1098247
1094488
1091058
1086123
1082371
1078145
1073795
1070904
1067444
1063850
1061654
1061148
1062680
1065370
1068249
1071420
1075402
1079583
1082102
1083218
1084674
1086456
1087297
1087490
1087035
1084983
1081466
1077165
1072521
1065519
1057779
1051108
1043731
1038457
1033824
1029955
1030154
1031171
1034333
1038886
1043775
1050811
1055910
1061098
1067982
1073454
1079493
1085505
1089296
1091111
1090435
1088034
1084901
1081311
1077809
1073859
1070124
1067839
1066543
1066375
1067606
1070000
1073472
1077051
1081012
1085587
1090443
1095719
1100279
1106291
1111934
1115830
1121277
1124005
1124637
1124579
1122741
1119807
1113198
1106887
1101346
1094758
1089358
1082495
1074559
1067795
1062030
1058261
1056886
1057511
1060543
1065663
1071659
1077956
1083676
1087996
1090550
1091972
1092108
1090144
1088561
1087507
1085372
1083766
1082423
1081477
1081456
1080293
1078181
1075824
1073255
1071825
1071819
1072824
1074797
1077411
1079187
1078884
1078576
1079361
1079492
1079689
1080958
1082521
1084022
1084759
1085136
1085985
1087304
1088946
1089674
1091183
1093209
1092254
1092264
1092848
1090558
1089449
1086332
1080213
1075907
1070885
1066138
1062281
1057102
1053760
1052308
1050997
1051270
1052566
1053699
1055873
1058867
1061227
1063469
1066741
1069900
1071937
1074961
1078977
1082967
1087364
1092141
1096866
1098755
1099571
1099266
1093526
1088239
1082817
1075142
1071429
1068814
1066976
1065910
1065526
1068388
1068979
1070387
1075996
1080252
1083804
1086916
1088910
1091644
1093800
1095343
1095604
1095511
1097072
1094765
1092513
1092804
1089287
1086730
1085155
1081996
1080838
1080351
1080780
1083601
1085906
1088309
1091778
1093516
1095408
1097356
1096487
1095406
1094511
1091699
1087876
1082604
1076232
1070508
1063768
1057127
1052592
1049450
1047499
1046532
1047335
1050369
1055431
1062330
1069325
1075182
1082346
1087799
1088905
1092235
1094884
1093581
1094509
1095057
1091790
1088397
1081970
1074934
1072304
1065711
1058037
1053633
1048266
1044062
1042643
1044100
1044868
1048110
1055497
1060606
1066207
1072746
1077353
1080528
1082822
1084380
1085924
1086753
1086526
1088522
1089872
1090196
1091810
1095012
1100009
1101525
1102913
1104726
1102576
1102458
1102471
1101471
1102785
1101275
1102278
1104564
1101314
1103049
1104143
1103178
1106815
1105578
1104786
1105272
1102194
1100876
1097782
1093427
1090635
1086078
1081222
1077987
1075427
1073397
1072016
1071716
1072552
1074037
1075274
1075990
1076581
1076396
1076124
1074401
1071542
1069477
1065017
1060735
1056461
1051872
1051725
1050092
1048574
1049831
1051005
1053783
1053613
1057204
1066834
1072444
1080799
1091401
1097821
1105055
1110152
1110483
1109528
1105993
1100626
1094913
1087892
1081668
1076731
1071833
1066673
1059926
1052340
1045144
1039498
1037199
1037679
1040366
1045556
1051399
1055921
1060549
1064712
1067531
1071160
1074295
1076041
1077547
1080967
1083959
1081448
1081981
1084345
1079683
1079676
1080633
1074449
1073099
1073130
1072191
1073973
1074697
1077950
1082010
1085695
1090472
1093127
1095492
1096139
1094896
1094293
1092898
1090944
1089040
1087418
1085757
1084590
1083669
1083063
1084956
1087865
1090990
1093478
1095418
1098717
1100892
1101969
1103927
1106551
1107738
1109395
1111565
1108944
1108514
1109414
1106231
1105393
1103517
1100083
1097254
1092929
1089752
1086856
1084356
1083265
1082146
1081236
1080068
1077866
1075058
1071154
1066192
1061132
1055239
1049904
1046308
1043445
1041537
1039659
1037452
1035911
1035397
1036003
1037324
1039291
1042077
1045311
1048184
1050658
1053885
1057939
1062313
1067778
1074390
1081216
1087773
1093897
1098948
1101998
1104303
1104195
1100385
1098879
1097375
1092250
1089699
1086511
1081208
1080588
1079360
1077044
1079081
1079649
1080464
1084146
1085855
1088300
1091057
1091451
1091544
1091075
1090878
1091917
1093568
1095282
1095808
1096463
1097447
1096689
1095182
1092507
1088705
1086443
1083344
1078445
1074944
1071722
1068616
1067133
1065567
1064509
1064822
1064799
1064470
1065072
1067123
1070057
1073355
1076433
1079942
1083499
1085488
1087078
1087340
1087227
1086574
1082033
1076658
1071269
1065140
1059874
1055308
1051099
1047625
1045732
1044502
1044335
1046098
1049126
1052873
1057467
1063422
1068772
1072647
1076676
1081301
1085242
1088001
1090097
1090772
1090850
1091566
1091986
1092436
1093249
1093596
1093567
1093046
1091843
1090903
1090097
1088622
1087492
1086061
1083531
1081339
1078968
1076431
1074835
1074090
1073572
1074392
1076043
1076611
1079814
1084947
1091299
1098233
1104016
1112791
1115567
1116257
1121340
1117183
1113020
1110204
1102121
1098173
1092655
1086326
1083387
1078017
1074125
1070881
1065435
1062998
1062396
1062551
1065012
1068061
1072823
1078287
1083144
1088769
1094520
1100367
1104997
1106580
1105666
1104199
1102161
1098861
1094954
1089806
1084436
1079452
1074270
1068817
1063505
1058590
1053240
1049294
1047536
1046254
1045062
1046580
1049976
1051737
1054957
1059829
1064171
1067964
1071323
1075699
1078697
1079194
1077924
1073853
1069070
1065008
1061282
1059330
1059796
1062086
1065345
1068441
1071074
1072944
1074565
1077010
1080221
1083787
1087104
1089784
1091640
1093186
1094152
1093919
1093794
1093599
1093120
1092866
1091252
1089063
1087818
1085501
1083826
1083762
1082119
1081524
1082638
1083117
1082139
1080878
1081656
1080835
1082194
1087375
1089401
1091516
1094043
1095831
1097832
1099471
1103280
1104378
1102737
1102523
1100701
1099691
1101079
1102259
1102264
1101362
1100604
1099719
1098724
1097289
1095130
1092448
1089147
1085464
1081668
1079281
1077635
1075903
1075683
1074365
1072640
1072478
1070348
1068930
1069389
1070007
1072168
1072313
1072471
1075511
1075733
1075510
1077212
1076132
1074860
1074260
1072329
1071102
1069426
1067793
1066184
1063132
1060562
1057529
1053447
1049165
1043822
1037527
1031277
1026067
1022055
1018766
1016474
1016336
1019100
1024912
1033229
1042779
1053096
1063650
1074038
1084649
1095056
1104650
1113474
1121423
1127815
1132826
1135432
1132738
1127278
1122493
1118689
1117070
1116032
1115483
1113477
1108957
1105921
1103476
1103859
1105555
1109777
1115677
1114352
1116232
1118055
1113038
1112158
1110906
1108147
1107966
1107215
1104619
1101535
1098112
1092242
1085760
1080417
1075207
1070002
1066409
1064324
1062872
1062623
1062097
1061226
1060816
1060984
1060900
1060117
1060688
1059414
1056344
1055297
1052490
1051371
1053312
1052729
1055336
1057644
1056414
1058374
1057200
1054513
1053292
1048857
1046643
1045987
1044354
1043813
1043761
1044275
1044901
1045337
1045334
1046174
1048236
1049981
1051196
1052592
1054100
1055782
1060591
1065259
1068899
1076090
1081376
1084864
1089945
1093080
1095119
1097772
1099534
1098871
1098338
1096662
1092966
1090026
1086740
1083413
1079584
1079623
1080809
1081444
1086838
1092616
1101577
1109998
1117950
1129318
1135548
1142154
1150415
1155131
1157652
1156824
1153447
1148777
1141507
1131504
1121182
1109919
1098484
1088772
1078778
1069263
1061746
1057368
1056234
1056475
1059787
1065748
1071634
1077791
1084670
1091346
1096537
1099957
1099499
1098318
1097824
1093872
1089934
1088206
1086968
1083158
1080202
1076944
1070344
1065561
1057651
1053366
1051812
1044143
1042292
1042296
1038754
1036943
1035552
1035346
1035252
1033807
1031648
1028964
1027477
1027323
1028661
1031660
1033159
1034716
1038134
1040053
1042140
1046007
1050331
1055791
1062019
1066498
1069688
1073596
1076243
1077818
1079406
1082568
1084538
1085549
1092541
1093380
1090458
1095730
1096996
1096929
1099843
1101394
1103017
1103735
1105016
1106012
1108920
1111741
1110799
1112449
1114136
1113912
1116248
1120041
1122607
1124482
1127657
1129214
1127863
1126202
1123507
1120099
1116617
1111772
1106827
1104317
1103661
1102467
1103026
1102907
1098020
1093411
1088372
1082859
1079320
1074996
1071066
1067096
1062156
1056591
1052634
1053008
1049393
1043683
1045437
1047577
1049036
1055824
1063691
1068628
1072883
1077726
1081621
1086703
1093697
1100443
1106832
1111416
1114306
1113843
1107782
1101474
1095058
1086456
1080930
1076167
1070651
1067218
1062681
1058613
1054479
1050181
1048067
1044614
1041890
1040067
1037579
1033961
1030154
1028785
1027301
1026220
1025071
1025776
1025150
1025496
1031499
1032325
1033120
1035146
1040461
1042055
1040814
1059079
1065777
1065987
1082520
1089202
1096296
1108394
1116023
1124411
1128762
1131732
1134121
1129802
1129617
1129363
1122103
1123371
1123668
1118945
1117203
1115744
1117564
1113316
1106741
1104507
1094925
1087642
1087541
1081426
1076837
1077307
1073219
1072187
1075199
1076159
1080044
1084396
1087009
1091596
1096104
1098270
1099617
1102677
1103898
1102793
1100076
1091720
1084586
1075637
1068397
1061096
1049399
1054632
1048091
1036343
1043704
1038777
1043724
1051791
1050995
1064058
1070550
1076876
1088017
1094029
1100418
1099826
1103071
1107025
1097695
1094408
1089519
1076640
1071213
1063607
1054521
1045473
1032821
1024827
1017925
1010694
1006690
1004397
1004963
1009005
1015820
1025285
1036789
1049278
1060939
1070504
1079284
1088229
1097211
1106669
1114963
1120528
1124125
1125243
1123181
1119160
1115318
1111378
1108099
1105432
1099364
1095840
1094631
1091221
1090295
1088502
1087867
1087692
1086531
1085861
1086376
1090646
1091647
1095770
1096106
1102152
1110489
1093136
1090788
1091912
1076492
1073123
1068053
1062794
1056994
1052854
1055040
1052401
1054487
1058431
1059150
1063252
1068074
1072673
1077596
1080331
1083143
1086346
1087797
1089316
1089432
1089230
1091067
1092134
1091544
1091008
1088021
1081334
1074742
1067416
1060735
1054936
1051491
1050158
1049585
1057484
1059332
1059320
1071253
1074138
1077766
1086893
1089003
1091063
1090690
1091759
1091708
1089063
1091877
1090466
1086217
1085582
1083243
1079056
1074876
1069677
1063868
1059720
1055554
1050996
1049344
1049274
1050093
1053517
1058742
1064607
1070806
1077412
1083917
1089464
1095131
1099554
1100684
1100693
1098601
1095642
1092038
1087564
1087917
1087168
1083365
1086507
1091497
1090673
1097125
1106588
1108623
1119155
1126055
1124282
1129683
1131993
1132267
1132814
1129887
1126353
1119858
1113024
1106649
1099063
1093376
1088519
1082769
1079132
1076384
1073375
1073250
1074254
1075180
1077239
1079020
1080667
1082903
1085551
1089520
1093791
1099039
1105249
1108749
1113273
1116927
1117023
1117301
1115076
1113705
1109514
1102676
1098664
1091248
1083672
1076771
1071070
1063087
1056539
1055896
1051216
1054837
1057455
1053534
1060124
1063169
1064693
1068830
1068812
1070787
1071082
1070162
1070725
1068392
1064890
1061399
1056490
1051562
1047146
1043622
1041603
1039334
1038561
1040305
1041821
1044531
1049033
1053619
1058675
1064385
1070072
1074845
1079328
1084377
1089022
1093173
1097215
1100183
1101734
1103301
1104796
1104303
1103115
1101219
1096592
1091506
1086105
1080582
1076128
1071285
1066889
1063385
1061164
1058916
1059083
1063694
1064825
1065439
1071460
1072966
1071609
1076234
1073155
1067499
1064806
1054415
1056115
1055295
1042971
1046780
1048571
1045456
1049911
1053233
1057147
1062806
1070007
1077911
1083921
1089941
1096730
1102960
1109119
1113927
1115919
1117475
1119341
1120652
1121462
1121607
1119820
1115574
1109086
1101128
1092847
1085213
1078855
1073867
1070691
1068793
1068690
1066373
1064856
1067870
1060815
1052423
1050640
1039203
1033284
1034828
1027905
1029177
1034749
1037006
1045365
1051570
1057799
1064572
1067765
1073998
1079128
1083451
1090043
1095272
1100984
1106157
1108161
1109455
1110600
1111936
1114438
1116572
1118583
1120171
1119469
1117786
1115263
1111701
1109225
1106075
1102917
1101746
1100240
1099576
1097373
1095279
1095549
1090871
1085074
1079711
1072464
1066298
1059556
1054797
1051940
1049446
1049172
1048801
1048944
1051287
1054275
1056968
1060497
1065536
1070841
1076750
1083180
1089279
1095667
1101928
1107303
1111671
1114047
1114394
1114949
1113889
1110367
1108947
1105425
1099260
1096171
1091708
1087601
1084027
1079238
1077666
1074914
1072608
1069801
1063896
1059489
1051991
1043558
1036027
1027481
1022539
1019962
1018587
1017868
1016830
1017670
1019330
1020557
1023029
1026723
1030724
1036532
1044115
1052386
1061136
1069313
1077830
1085948
1093192
1099028
1099945
1101185
1104355
1104521
1106704
1109801
1109695
1110351
1109726
1107374
1102803
1094993
1090913
1086089
1078703
1075040
1070913
1067584
1067594
1067338
1066911
1067083
1066299
1065716
1067685
1070965
1075445
1080744
1086096
1092312
1098439
1104713
1110779
1114006
1115783
1118130
1121796
1123791
1122141
1120445
1115059
1111376
1109403
1102974
1103380
1103428
1102526
1102669
1096004
1097542
1097695
1089596
1087465
1082186
1074553
1070857
1066471
1061187
1054352
1048303
1044865
1041341
1038300
1036556
1035729
1036976
1039483
1041777
1045046
1049814
1055500
1061030
1066587
1071265
1074609
1080151
1083752
1086112
1090731
1093182
1097079
1098817
1098176
1100312
1098389
1096582
1095496
1091237
1087987
1085310
1084087
1083114
1082682
1083532
1084693
1085674
1085289
1087398
1086492
1085632
1087597
1086004
1090651
1091235
1086710
1092397
1093647
1091625
1095579
1096591
1097525
1101299
1103557
1104866
1104831
1105023
1105947
1105538
1105235
1105357
1104213
1101302
1098921
1093837
1085024
1078703
1072755
1064616
1057411
1051056
1044927
1040490
1036225
1033415
1033046
1032446
1032538
1033833
1038183
1042949
1047041
1051147
1053503
1057036
1059876
1066647
1070447
1069454
1077137
1078370
1077922
1083839
1083768
1085826
1085195
1081015
1079768
1074364
1071683
1067850
1062443
1063769
1060741
1059925
1064277
1064227
1066740
1070586
1072671
1076416
1080946
1086264
1092619
1098487
1102733
1104925
1104784
1102636
1098149
1092581
1087499
1082277
1077039
1072136
1068216
1066716
1067331
1067174
1070758
1079212
1081819
1081011
1083989
1084692
1079640
1082948
1089624
1086876
1095435
1100034
1091200
1095493
1094183
1089800
1094033
1091892
1093321
1092017
1084855
1085214
1083898
1082636
1085241
1084946
1084882
1084300
1082281
1081747
1081047
1081581
1084151
1086853
1090389
1092642
1093385
1093638
1092753
1093110
1091656
1091330
1090693
1087596
1091761
1091880
1090206
1094206
1096923
1102577
1103076
1102661
1104567
1100232
1098382
1099194
1099615
1099076
1097301
1097070
1095927
1095044
1095810
1094471
1092298
1091396
1088365
1084317
1081588
1079031
1077614
1076618
1075003
1073326
1071504
1069863
1068436
1067087
1065683
1064902
1064627
1063524
1062783
1061771
1059141
1057703
1056897
1055504
1054813
1053487
1052577
1052479
1051246
1050367
1050851
1052357
1053571
1054815
1057288
1059546
1063707
1067408
1067996
1071479
1075487
1077740
1081412
1085255
1089556
1094336
1098343
1101977
1105814
1108703
1111666
1112905
1111739
1112237
1108845
1105563
1105076
1098340
1091329
1085621
1078840
1072645
1064464
1057315
1052923
1049138
1047267
1047770
1047838
1049637
1054765
1059304
1064124
1069428
1075114
1082513
1089448
1097039
1103851
1107728
1111712
1114185
1114363
1113659
1111861
1108960
1104508
1098191
1090117
1082333
1072634
1063121
1056473
1046524
1037838
1032128
1026366
1024793
1024443
1024045
1025099
1027576
1030639
1032317
1036424
1040226
1043027
1049014
1053702
1058762
1064241
1067497
1070933
1072556
1073323
1073899
1072648
1071251
1069587
1067957
1067216
1067316
1069416
1073805
1080086
1085727
1091352
1099126
1104387
1109087
1114366
1115918
1117451
1118313
1116677
1117550
1120317
1121084
1122350
1124919
1125763
1127161
1129234
1129825
1130655
1130427
1130992
1132791
1129963
1128281
1128076
1123689
1120993
1117513
1112456
1108843
1103019
1097167
1091129
1084410
1078372
1073172
1068517
1062422
1058916
1056455
1053341
1051690
1051030
1053208
1053665
1055798
1060275
1059772
1060720
1061574
1057928
1055899
1055087
1050775
1046560
1048221
1051450
1053241
1057654
1061548
1062848
1066483
1070423
1074128
1078473
1080847
1084278
1086504
1086945
1089849
1090081
1089790
1091186
1088421
1085168
1082253
1076961
1071963
1067787
1063611
1060216
1058804
1056904
1054846
1055106
1055072
1055399
1057267
1058890
1061032
1064380
1067660
1070854
1074865
1078856
1082407
1086342
1091240
1095840
1098676
1100829
1102215
1102601
1102582
1101564
1099745
1097730
1095827
1093821
1092366
1091308
1090343
1088973
1085221
1083530
1083471
1080213
1078873
1079365
1079251
1080580
1079974
1079681
1082090
1081102
1080075
1081027
1080296
1079750
1078291
1079029
1082379
1083867
1085705
1086862
1087896
1088644
1088254
1087946
1086793
1088323
1088192
1085881
1087370
1086267
1083496
1083253
1082527
1082595
1083096
1081737
1081764
1084062
1084838
1084199
1083773
1083617
1084228
1084577
1082134
1080486
1080416
1076381
1074035
1074031
1069719
1065848
1063458
1059557
1055616
1052646
1050237
1047310
1045349
1045041
1044907
1045620
1047296
1048957
1052219
1056298
1058417
1060969
1063612
1065427
1068587
1070207
1070830
1072544
1071408
1067768
1067275
1066497
1062391
1062843
1061363
1056098
1056257
1052963
1048697
1049730
1049923
1052041
1055996
1059739
1064517
1069466
1075345
1081831
1088389
1095891
1102238
1106963
1111444
1113309
1116385
1120320
1119621
1122142
1124781
1122819
1124021
1123202
1120589
1119561
1117044
1115196
1111072
1104384
1099384
1096315
1091112
1087203
1087526
1083818
1081459
1080761
1076648
1075565
1073176
1068608
1066774
1064568
1062129
1061271
1061925
1065218
1069610
1073625
1077571
1079497
1082199
1084821
1084846
1086956
1087744
1088315
1090208
1089903
1090639
1088989
1085496
1081258
1077599
1074311
1065324
1060614
1057334
1051439
1050015
1047434
1048063
1050673
1051222
1054314
1056942
1063445
1070572
1074337
1083357
1091703
1097755
1106948
1114018
1118712
1122306
1123741
1124516
1123385
1119440
1114134
1107668
1100698
1094155
1087443
1081197
1076717
1073075
1069776
1067196
1063298
1059900
1058654
1056716
1057088
1060132
1063963
1069869
1077014
1082490
1087699
1095985
1099712
1104588
1112903
1114298
1117154
1117691
1115635
1114789
1106358
1099626
1093711
1083943
1077660
1070966
1064362
1059750
1053650
1049798
1048456
1047277
1047552
1047735
1049186
1051301
1052095
1054052
1056455
1057507
1058761
1062787
1065201
1066111
1067893
1068122
1070298
1068625
1062595
1059293
1054607
1051212
1050958
1051239
1053615
1058680
1065743
1070366
1072654
1078485
1083349
1082967
1085993
1089945
1089732
1091928
1093147
1091686
1090423
1087014
1082010
1076687
1072004
1066000
1061956
1060869
1057146
1057433
1059964
1058342
1058685
1061877
1064499
1065707
1068122
1070527
1072878
1079251
1082699
1083037
1089443
1096125
1097689
1101880
1107391
1108375
1110201
1112659
1111076
1109890
1110158
1107477
1103210
1099202
1094031
1087986
1082991
1079562
1076017
1073290
1072143
1071206
1071560
1072977
1073508
1073111
1072933
1071407
1068683
1066929
1064761
1062076
1060527
1059935
1058214
1058047
1058587
1058216
1061654
1063187
1063463
1066707
1068358
1072968
1077509
1077323
1080980
1085202
1089240
1097125
1099926
1103485
1111868
1116016
1120013
1123716
1124908
1125993
1125006
1123477
1121151
1119773
1119338
1117375
1119054
1117727
1113663
1113881
1110574
1107403
1105524
1103571
1102129
1097251
1097893
1095525
1089271
1092169
1087570
1081629
1084172
1080430
1078062
1078664
1075293
1074233
1074015
1073597
1075618
1077552
1079854
1082063
1082300
1083175
1083713
1083152
1082999
1081073
1079257
1079001
1077985
1076427
1073296
1072968
1073946
1069285
1069543
1071920
1068790
1069964
1071693
1069229
1067423
1069611
1070451
1066765
1065649
1062568
1059734
1060617
1057359
1054607
1052499
1048989
1047730
1045783
1041813
1038107
1038269
1039236
1039724
1041661
1041578
1045323
1047305
1042213
1042191
1042909
1043248
1046443
1047035
1049232
1053125
1055799
1060166
1065043
1067617
1071871
1077596
1077326
1080029
1084905
1083229
1087016
1090015
1089737
1094631
1096661
1099674
1103464
1104360
1110875
1119182
1120952
1124572
1132718
1131985
1130303
1133894
1130468
1127468
1125888
1119247
1114329
1107326
1097861
1090656
1082217
1074680
1068587
1062820
1061076
1061978
1064386
1068791
1072421
1075782
1078670
1079598
1081006
1083211
1085392
1087490
1088567
1087934
1085411
1082503
1076692
1068803
1064847
1059388
1052972
1052382
1050271
1046790
1047155
1045243
1044575
1048928
1048131
1046251
1049885
1051943
1054612
1059962
1063845
1067611
1072273
1077809
1082458
1085549
1090507
1094908
1096587
1098564
1100204
1101058
1102612
1103871
1104749
1107237
1109243
1109802
1111455
1111921
1110491
1108900
1105085
1098671
1091672
1084273
1078112
1074037
1070313
1067025
1063821
1062895
1062746
1059351
1058923
1063286
1065685
1066724
1071897
1078714
1082249
1086119
1092642
1095936
1096643
1099157
1099399
1098352
1098718
1097266
1094849
1092345
1088557
1083885
1079913
1077479
1076071
1075993
1077156
1078054
1078519
1080631
1081556
1082310
1085617
1086156
1088716
1093331
1094200
1096567
1099782
1098899
1097161
1095432
1089676
1090634
1092366
1085068
1085113
1084243
1078564
1079393
1079782
1078365
1077787
1077589
1075504
1073575
1074593
1074201
1074088
1075788
1076636
1076846
1076060
1074675
1074072
1070929
1065153
1059516
1051001
1043306
1039350
1035038
1033757
1034741
1035510
1038534
1040776
1043261
1044890
1042993
1044385
1048707
1052459
1058288
1064169
1066399
1069605
1070703
1065478
1063839
1062990
1059656
1059462
1058780
1058001
1058623
1058441
1061602
1065445
1068066
1075797
1079241
1077708
1080270
1081437
1080033
1078101
1079567
1083919
1085272
1087320
1093259
1097789
1100468
1105696
1107299
1108272
1112504
1110970
1109748
1110876
1109538
1109566
1109557
1110071
1111607
1111960
1112731
1112784
1112199
1113057
1114184
1115447
1117692
1119988
1121413
1122205
1122732
1123120
1122996
1121685
1119422
1116828
1114379
1111642
1108767
1105849
1101149
1095040
1088930
1082013
1074322
1067729
1062003
1057743
1054701
1052657
1052874
1052256
1054835
1057884
1059060
1066622
1069322
1070617
1077064
1078075
1081130
1082041
1081876
1087398
1084915
1083219
1085517
1081290
1078204
1075644
1071143
1067076
1060350
1054305
1050475
1046171
1043700
1041991
1040917
1042599
1044695
1046042
1046798
1048313
1050693
1052796
1055019
1057654
1060949
1063931
1066640
1068925
1070299
1071435
1073164
1072165
1069148
1069584
1064440
1056985
1056914
1054388
1051430
1052512
1054181
1056925
1059911
1062982
1068265
1075690
1081365
1087440
1093431
1098364
1103932
1108777
1118256
1124857
1127481
1136632
1142842
1146191
1151502
1153109
1151965
1150878
1148688
1139015
1129944
1124596
1109864
1099262
1089906
1079361
1078653
1068536
1062908
1063376
1056268
1058091
1060091
1061633
1065699
1066099
1067487
1068984
1069632
1068910
1068437
1068368
1068205
1067933
1066656
1066018
1063797
1060503
1058126
1055279
1051908
1047413
1043197
1041376
1040691
1042244
1046624
1050819
1054884
1058057
1058586
1056976
1053721
1050562
1048417
1047647
1047954
1051104
1057786
1062862
1068339
1076850
1084412
1090456
1096642
1102426
1106399
1110676
1114785
1119147
1124070
1126558
1130058
1131984
1128235
1122633
1117160
1108067
1098564
1088946
1075207
1068216
1058328
1053183
1051494
1034133
1041912
1046897
1030278
1042297
1046817
1042552
1054767
1060626
1067197
1073632
1078353
1083830
1086641
1091541
1095405
1095846
1094781
1106466
1104602
1096441
1108504
1099092
1106965
1110768
1082203
1094360
1091408
1076256
1087625
1080004
1082589
1091936
1089419
1097251
1103075
1108693
1120006
1123677
1129444
1136624
1137991
1141101
1141950
1143427
1133482
1121660
1122491
1103789
1087844
1086426
1073653
1067450
1067472
1064661
1061407
1058710
1060787
1059510
1058122
1061514
1061173
1060112
1062051
1061863
1059466
1057047
1053190
1048329
1045068
1043292
1041010
1038099
1035286
1032605
1031062
1031022
1031841
1034146
1037937
1042345
1047448
1053638
1060729
1067836
1074784
1081187
1086513
1091188
1094889
1097821
1100350
1101223
1100028
1098142
1094849
1089958
1087866
1085950
1080645
1077967
1076071
1074664
1074335
1071355
1071435
1070354
1066779
1059174
1052104
1056723
1052421
1048460
1058683
1063390
1064567
1067899
1074135
1076744
1078535
1085057
1087595
1089450
1091411
1094994
1096666
1100173
1104667
1098499
1104819
1112994
1109587
1113168
1109632
1101735
1100147
1098176
1094179
1087835
1084560
1083555
1081485
1081769
1081703
1079005
1078652
1080126
1081646
1081683
1083473
1084554
1080565
1084048
1083061
1075912
1078024
1075722
1074389
1076274
1074678
1076356
1073998
1071917
1073392
1072887
1075175
1076991
1078042
1079860
1078991
1078877
1079345
1078636
1078991
1078872
1078206
1078808
1079292
1079860
1082413
1085760
1089030
1092987
1094802
1094600
1095122
1094524
1093894
1094773
1094221
1093663
1094446
1092756
1091323
1087301
1081789
1080090
1068609
1060900
1061225
1050323
1047412
1051450
1051015
1056022
1062192
1068499
1075086
1079908
1084373
1085980
1085914
1086009
1084713
1083295
1083177
1084086
1086107
1088119
1090161
1092165
1093851
1093210
1089855
1087340
1082458
1077384
1074890
1070958
1067391
1064891
1064864
1064825
1064592
1065378
1062445
1060543
1057656
1051797
1047832
1043308
1040583
1040475
1040972
1043885
1046450
1048259
1053273
1056351
1058302
1062957
1063294
1064063
1067131
1066503
1067334
1071582
1077604
1085592
1094131
1103127
1112257
1119301
1125218
1129391
1132058
1136424
1139477
1140463
1139255
1136465
1130237
1117534
1107355
1095897
1081617
1075438
1071017
1066318
1064124
1060977
1057020
1052836
1050866
1050011
1050419
1054509
1056421
1056508
1059307
1060513
1061220
1065361
1070649
1077023
1084606
1093533
1102183
1107720
1112203
1115415
1116409
1117399
1119994
1122546
1123695
1123668
1122156
1119812
1114710
1108359
1102208
1093639
1083634
1074303
1065524
1054187
1046668
1043000
1035872
1034907
1036847
1035987
1039799
1044913
1052042
1059784
1062565
1067260
1073767
1077881
1082427
1085932
1088073
1093103
1096117
1094628
1097193
1097665
1093827
1094258
1091750
1089001
1088411
1083500
1080508
1076567
1070264
1067124
1063472
1061233
1060655
1058722
1060829
1064107
1065248
1069617
1073178
1076540
1083248
1087495
1091011
1095560
1098152
1099438
1099770
1098489
1096062
1093794
1091884
1089523
1087176
1085749
1083810
1082563
1082573
1082036
1082517
1081582
1080749
1081989
1080816
1080230
1079919
1078517
1078006
1076858
1076325
1074021
1071686
1073357
1072412
1068818
1068388
1067798
1064380
1062096
1060537
1058606
1058375
1058566
1060318
1064314
1066717
1068298
1070814
1071933
1071144
1069840
1068024
1066505
1065988
1065829
1067802
1071368
1075212
1082671
1091032
1097126
1103886
1109497
1112605
1115254
1115666
1113117
1111207
1110672
1109097
1106079
1102855
1099684
1095380
1090796
1085904
1079973
1074533
1068400
1062430
1056777
1051018
1047291
1043503
1042185
1042498
1041259
1043262
1045461
1047672
1053034
1056826
1060384
1064992
1070177
1076096
1081261
1084753
1085117
1088708
1090154
1085591
1085974
1084750
1080769
1078195
1075740
1075029
1070792
1068819
1069514
1063989
1064368
1069766
1068181
1068615
1072386
1074020
1076642
1079168
1079438
1079246
1079841
1079895
1078815
1076566
1073437
1069879
1066687
1065593
1063904
1062550
1065199
1067904
1070203
1074263
1077992
1081589
1086150
1090905
1095261
1098351
1100119
1103426
1106686
1106121
1106319
1107916
1108290
1109182
1108322
1106590
1105394
1103786
1102734
1100524
1098563
1097311
1096077
1095997
1095331
1095913
1097981
1099237
1101769
1104800
1105964
1107017
1107538
1105055
1102407
1099846
1095808
1093198
1089236
1084823
1084579
1082672
1077915
1076496
1077326
1075629
1072893
1071744
1071159
1071120
1071326
1071695
1072881
1075073
1078124
1080634
1082136
1084061
1087412
1089579
1089575
1089875
1088732
1085347
1081919
1078493
1075293
1072672
1070697
1069068
1068540
1069286
1069612
1071181
1073467
1074291
1075856
1078213
1079737
1080816
1082036
1082700
1082212
1082053
1082124
1081214
1080733
1081145
1081076
1080658
1080037
1078529
1075978
1072532
1068733
1065061
1061813
1059316
1057619
1056889
1057202
1058008
1059009
1060714
1062747
1064687
1066983
1068974
1070562
1072342
1073586
1073581
1072886
1072125
1070262
1067184
1063196
1057837
1052442
1046961
1041317
1036816
1033133
1031360
1032006
1033611
1036298
1040143
1045209
1051173
1056783
1062367
1067598
1071827
1075324
1077872
1080491
1082837
1085093
1089179
1093653
1097951
1101971
1104155
1104933
1104475
1103719
1104142
1106149
1110491
1115416
1119796
1123347
1123642
1121863
1118918
1113979
1109523
1106706
1104968
1104495
1104952
1105338
1104997
1103054
1098640
1093368
1088235
1083917
1081207
1078371
1077418
1077496
1075868
1077363
1079203
1078698
1080251
1081005
1081379
1083941
1085145
1085388
1086870
1087869
1088129
1088501
1086629
1083685
1081837
1078354
1073763
1069657
1066257
1063809
1061492
1061370
1062843
1062625
1062502
1063530
1063603
1062917
1063023
1064498
1067130
1070649
1074810
1078288
1080514
1081991
1081416
1078607
1075989
1073478
1070889
1069545
1069400
1071537
1074706
1076594
1079345
1082776
1085520
1088741
1090065
1089971
1090545
1088300
1085639
1083605
1081882
1083762
1084477
1086463
1090403
1090988
1093713
1096085
1096535
1098970
1100435
1101697
1102468
1101985
1101151
1098972
1096310
1093393
1089927
1085589
1081655
1076877
1070311
1064925
1058500
1053525
1049958
1043982
1041229
1040317
1039459
1041076
1042239
1043066
1044931
1047975
1051929
1056426
1062169
1068156
1073168
1076645
1080006
1082058
1081187
1082784
1084987
1084197
1084311
1084277
1081336
1076523
1073591
1073003
1072969
1075485
1080071
1084253
1087072
1087522
1084769
1080274
1076673
1074056
1072635
1072718
1073322
1075343
1078949
1081680
1083827
1086865
1088720
1089228
1088332
1085388
1083216
1079523
1074468
1073282
1073909
1074392
1075742
1077649
1078658
1080577
1085015
1087387
1089535
1093814
1097612
1101966
1105047
1107176
1109158
1109005
1109152
1109064
1107866
1106001
1103542
1100161
1093124
1085043
1076166
1065366
1056544
1048345
1040192
1035374
1034389
1036219
1040414
1046507
1054573
1064660
1073870
1082395
1091375
1098791
1105342
1110853
1113258
1112339
1110480
1108106
1103255
1098891
1096622
1093535
1090212
1088574
1086618
1082829
1078261
1073725
1070626
1068585
1066148
1065598
1067613
1069502
1072671
1077267
1080989
1086304
1091670
1094626
1098087
1100226
1100165
1099846
1097945
1095721
1093899
1091703
1088755
1083785
1078638
1073206
1067542
1062928
1058792
1056507
1054858
1055958
1057589
1057102
1059760
1060683
1062563
1067504
1070128
1075401
1080960
1087781
1097135
1100410
1101456
1103665
1102548
1099140
1093965
1087739
1082159
1076867
1072822
1068547
1064087
1060772
1057795
1054869
1051489
1050733
1050898
1048841
1049264
1051591
1053163
1056454
1061012
1064715
1069523
1074741
1079438
1086480
1091915
1095589
1100587
1104160
1107434
1108404
1108121
1109055
1107363
1106183
1105477
1103635
1103206
1102468
1101290
1100311
1098117
1094882
1091156
1086036
1080694
1075659
1071319
1069194
1067110
1066090
1066655
1066871
1067336
1067190
1067147
1067134
1065722
1064456
1063888
1062385
1059782
1057375
1055568
1053802
1051679
1050251
1049724
1050038
1051062
1051122
1051057
1051003
1051573
1053385
1056285
1063382
1070523
1078931
1091501
1099610
1107214
1115922
1119554
1123194
1127712
1128714
1126692
1123780
1120325
1115009
1108059
1101556
1095764
1090690
1087155
1083464
1079410
1076723
1073850
1069831
1066224
1063028
1060890
1061181
1063121
1066327
1070323
1074402
1078949
1083826
1089319
1094634
1098447
1101643
1104398
1106603
1107375
1106168
1105248
1103886
1101111
1098560
1095506
1092078
1089045
1085883
1083066
1079967
1075958
1072820
1070095
1066550
1065232
1065014
1063751
1065161
1067528
1068994
1071421
1072301
1073072
1075918
1076927
1076943
1077536
1076675
1076532
1077475
1077117
1076974
1078051
1079310
1081250
1083664
1085092
1085248
1084320
1082654
1080036
1077352
1075159
1072153
1070185
1070000
1069122
1068665
1069708
1070479
1071222
1071877
1072234
1073408
1073915
1073733
1074513
1075245
1075109
1074786
1075002
1075365
1075273
1074937
1074272
1072722
1070831
1069217
1066970
1064428
1062521
1060998
1060119
1061162
1064630
1068868
1073114
1077316
1080460
1082365
1083241
1083409
1083536
1083649
1082859
1081505
1080408
1078849
1077225
1076528
1076040
1075378
1075473
1075751
1075263
1075024
1075087
1074980
1074696
1073915
1073144
1072669
1072155
1072197
1073594
1075694
1078109
1080684
1082301
1083734
1085617
1086342
1086340
1086952
1087558
1087853
1088127
1088762
1089739
1090396
1090324
1089106
1087479
1084908
1080537
1076526
1072741
1068582
1065586
1063823
1063257
1063563
1064567
1066794
1069721
1073642
1078064
1081656
1085337
1088520
1090044
1090765
1090895
1090726
1090421
1089557
1088428
1087444
1086607
1085929
1085367
1084924
1084794
1084466
1084202
1084236
1083627
1083320
1083424
1082217
1080627
1079960
1078887
1077397
1077252
1077726
1078052
1078694
1078886
1078890
1079592
1080618
1082063
1084080
1086376
1088784
1090721
1092121
1093558
1095001
1095649
1095281
1094602
1092921
1090005
1087434
1084904
1082366
1081720
1082416
1083010
1084371
1086875
1089220
1090904
1092843
1095074
1096828
1098415
1099813
1100472
1100542
1099829
1098393
1097193
1096024
1094457
1093409
1092678
1091432
1090200
1089133
1087678
1086398
1085690
1084650
1083263
1082092
1081082
1080090
1079253
1078813
1078576
1078443
1078039
1077309
1076833
1075951
1074161
1072574
1071214
1069494
1067821
1065378
1062914
1061117
1058598
1057342
1057146
1056331
1056695
1057744
1059137
1060808
1062036
1064201
1066038
1066483
1067049
1066636
1065108
1063968
1062321
1060888
1060902
1061402
1063150
1065464
1066738
1068536
1070543
1071169
1071055
1070545
1069483
1068250
1067886
1068425
1068325
1069014
1070469
1070337
1071802
1073635
1072613
1074810
1079266
1079891
1080735
1082425
1082039
1082329
1082073
1081362
1082487
1083088
1083737
1083945
1082768
1082464
1082620
1082713
1082699
1082896
1083649
1083848
1084221
1084760
1085218
1087477
1089526
1090147
1090043
1087614
1085368
1083476
1080628
1079802
1080045
1080415
1081241
1081920
1082964
1084311
1086789
1089282
1090686
1092567
1093278
1092244
1091453
1089804
1086702
1083995
1081945
1079886
1078360
1077597
1077418
1077923
1078448
1078126
1077448
1076675
1075473
1073950
1071980
1070872
1071208
1071779
1073959
1077821
1080722
1084879
1091199
1095424
1098762
1101914
1103701
1107382
1110467
1109919
1109532
1108955
1105540
1100918
1095837
1090251
1085375
1081036
1076699
1072613
1068655
1064380
1060456
1057443
1054992
1052456
1050414
1050644
1051203
1051159
1052563
1054196
1056195
1059408
1061847
1063558
1064896
1065196
1065803
1066791
1066879
1067272
1069058
1071871
1075266
1078821
1082256
1086283
1091537
1095381
1097951
1100342
1100431
1100824
1101820
1100576
1099411
1100060
1101194
1101828
1102844
1103599
1102529
1100631
1097873
1092913
1087754
1083847
1078803
1074045
1070952
1067511
1065006
1064082
1064313
1065740
1067069
1067786
1068249
1068528
1067602
1065777
1063929
1061592
1059850
1059400
1058873
1058893
1061556
1065336
1068498
1071487
1074045
1076864
1078900
1079328
1080169
1080890
1080915
1080394
1079316
1078869
1078988
1079331
1079806
1080170
1080782
1082481
1084893
1086867
1088738
1090561
1092265
1093598
1094330
1094647
1093912
1093633
1095090
1094877
1093232
1092880
1090283
1087622
1087126
1083311
1079143
1077527
1076104
1074726
1073104
1071913
1070842
1070394
1071231
1070888
1069264
1068182
1067686
1066621
1065107
1063728
1062223
1061574
1060967
1060174
1061162
1062429
1063096
1064738
1067446
1069747
1071455
1073952
1076600
1078211
1079028
1079705
1080616
1082158
1085000
1088455
1091079
1092671
1093260
1092680
1091005
1088893
1087744
1085865
1082986
1081908
1079438
1076828
1080018
1083124
1083017
1084619
1085101
1083836
1082642
1079564
1078110
1078159
1078065
1079810
1080935
1081743
1083317
1085423
1088753
1092109
1095896
1098973
1100516
1101975
1102358
1101564
1100109
1097563
1094565
1091551
1086523
1080418
1076324
1072698
1069277
1065436
1061270
1059129
1057264
1055870
1056168
1057772
1059834
1061947
1064559
1067155
1071289
1076957
1082563
1088569
1093573
1096221
1099662
1102280
1101515
1103579
1105987
1104840
1104124
1105525
1107451
1104024
1100953
1100022
1093248
1087460
1083507
1078055
1073589
1067682
1062213
1058938
1056103
1054004
1052183
1051816
1052676
1053267
1054491
1056357
1058116
1059173
1063586
1068815
1069714
1074895
1082139
1086256
1091682
1096295
1100563
1103234
1104414
1105237
1100611
1096994
1094689
1087601
1083731
1082522
1079643
1079266
1080193
1080682
1082040
1083700
1083969
1082704
1081633
1079973
1077769
1075739
1072267
1070850
1072734
1072699
1073176
1075632
1076862
1079852
1082103
1082648
1084367
1083952
1085305
1087807
1085632
1081657
1081590
1084414
1081674
1079732
1080645
1078023
1077477
1073174
1066447
1063649
1058041
1053523
1050773
1047677
1046649
1045971
1047185
1049719
1052633
1057077
1062129
1067336
1072991
1079565
1084255
1088288
1094391
1098224
1100592
1104244
1106225
1105425
1105056
1106010
1103601
1100421
1099243
1093826
1087876
1085054
1080018
1074587
1070860
1067440
1064958
1063987
1065110
1066489
1069005
1074035
1077219
1081002
1085903
1088017
1091734
1095902
1098330
1102076
1103457
1101455
1102362
1101880
1096594
1093810
1089512
1083254
1079046
1074295
1072335
1069609
1064489
1063692
1065308
1065664
1065552
1067189
1069380
1069556
1069667
1070040
1069095
1068259
1067818
1067729
1069239
1071800
1074882
1078571
1083698
1089785
1094142
1097923
1102255
1105296
1107059
1108548
1109249
1107424
1105049
1102869
1098364
1094283
1090288
1084231
1079606
1075511
1070380
1066094
1061909
1057306
1052943
1048975
1044917
1040525
1036740
1034036
1032003
1031164
1032427
1033777
1036913
1042663
1046306
1051823
1059540
1065676
1072984
1079461
1085049
1090502
1093714
1094675
1095197
1096529
1094982
1093824
1094465
1090687
1086648
1085285
1084449
1082323
1078638
1078432
1079218
1078898
1080701
1082042
1083010
1085150
1088625
1092376
1093480
1094752
1097160
1098134
1098550
1098602
1098204
1096649
1094420
1093108
1090909
1088209
1086399
1084811
1083164
1081467
1080169
1078791
1078691
1081437
1084034
1085752
1088885
1091821
1094612
1098547
1100362
1100131
1099430
1098278
1096201
1091267
1086648
1083190
1077470
1071533
1066689
1061131
1055749
1052518
1050758
1050429
1052310
1054309
1056273
1058997
1061478
1063597
1065068
1066978
1068289
1067842
1068355
1068344
1067814
1067988
1066871
1068711
1073239
1073756
1074562
1078993
1080822
1081631
1085122
1088233
1091315
1094685
1097684
1100408
1100891
1100724
1101383
1100255
1098068
1097621
1096973
1095393
1094475
1092467
1090303
1089377
1087852
1085741
1083947
1083728
1083593
1081514
1080562
1080714
1079891
1079594
1079069
1077391
1076204
1075347
1074926
1074987
1074035
1073991
1074802
1074519
1075364
1076026
1075994
1077514
1077615
1077406
1078003
1076234
1075129
1073788
1070762
1069339
1066909
1063813
1061702
1060514
1061288
1061080
1061275
1063489
1065177
1067755
1069381
1069453
1072070
1074132
1075101
1079132
1081694
1081378
1084541
1087089
1085925
1088240
1089179
1084295
1081754
1081135
1079064
1076075
1074527
1077066
1079103
1081297
1084428
1087123
1091972
1094820
1097992
1102711
1104958
1109019
1112098
1113975
1118361
1119185
1119696
1122635
1121681
1119329
1115750
1109766
1103372
1094209
1084819
1076285
1066198
1057973
1052392
1047447
1043695
1041265
1040567
1042171
1044536
1046417
1049490
1054977
1059379
1062359
1066365
1067931
1069479
1072270
1072299
1073297
1073329
1072981
1075455
1072968
1069462
1071248
1069271
1065111
1065058
1062983
1060615
1061172
1062149
1063651
1064564
1067798
1070755
1070139
1073252
1078285
1081210
1084777
1087884
1090148
1091957
1093790
1096570
1097983
1098925
1101420
1102503
1101875
1100942
1097310
1092810
1089793
1086922
1086842
1086794
1083658
1082160
1079827
1076052
1073713
1069692
1066041
1064422
1063573
1063089
1060924
1059244
1058719
1058867
1061454
1064596
1068937
1076137
1084361
1092720
1101024
1109027
1115545
1120684
1125734
1129446
1131686
1133084
1133222
1132919
1131349
1127123
1121352
1114365
1104954
1093385
1081247
1069209
1059065
1051414
1045041
1042564
1043270
1044552
1048040
1052373
1056674
1061184
1064377
1066653
1068032
1068443
1068720
1068673
1067989
1067183
1065966
1064887
1064583
1063374
1062764
1063419
1064408
1067448
1071225
1074555
1078380
1082155
1084038
1084295
1084999
1083612
1080455
1079128
1076710
1073027
1070883
1069713
1068258
1065732
1064279
1063659
1062883
1063189
1064415
1067722
1071603
1074731
1078169
1079382
1078634
1077549
1075185
1073455
1072392
1071733
1073432
1075471
1077783
1082176
1086533
1089579
1091713
1091811
1090844
1089255
1085870
1084523
1083994
1080791
1077946
1076652
1077008
1077271
1077119
1077366
1075750
1074743
1075193
1075005
1075807
1076069
1074758
1077017
1081435
1082892
1085510
1088068
1085727
1083798
1083880
1083099
1083807
1086896
1090035
1093135
1094704
1097126
1100801
1100166
1098958
1097254
1097131
1097778
1092030
1088610
1086330
1079375
1072247
1067413
1064223
1059174
1057128
1058204
1054945
1054024
1057620
1058549
1061213
1066445
1071256
1078446
1084917
1088463
1092091
1096772
1099547
1100332
1101459
1100585
1099590
1098842
1095253
1092607
1089620
1086108
1085166
1082546
1078778
1076001
1075179
1075291
1073069
1072946
1074531
1074801
1076497
1078782
1080332
1082748
1086421
1088450
1089897
1092818
1093930
1093468
1091266
1088940
1089253
1086969
1084414
1083028
1079810
1079821
1078402
1076954
1079171
1077123
1079264
1079873
1073983
1074929
1071122
1068347
1069407
1062542
1063321
1063912
1061559
1065203
1066017
1072165
1078276
1079308
1085488
1089026
1089243
1092812
1096528
1096249
1094445
1094278
1092303
1088759
1084759
1079403
1074825
1071276
1068948
1066312
1062965
1061585
1059480
1056600
1055315
1053553
1052244
1051573
1051066
1054794
1058928
1060979
1067016
1072283
1073994
1077197
1079269
1079726
1080945
1081458
1081281
1081175
1081185
1081084
1082422
1084971
1086220
1090582
1095174
1097248
1103924
1109289
1111835
1116361
1119786
1120851
1120339
1119504
1114710
1110625
1106707
1098329
1095466
1089040
1077895
1070234
1062531
1058793
1051000
1045825
1047213
1041963
1042396
1044215
1042335
1046250
1046329
1047682
1053195
1055319
1058741
1060362
1063624
1070347
1072113
1075432
1082361
1087442
1092731
1098312
1102592
1107867
1113902
1116300
1117092
1117261
1116435
1117631
1116980
1114409
1111797
1107273
1102480
1097474
1092273
1087067
1081466
1075661
1069101
1062854
1057927
1054512
1052155
1050020
1050156
1052427
1053794
1056259
1060914
1065716
1072342
1081360
1089428
1094557
1097512
1098962
1097845
1094333
1090868
1087715
1084353
1080984
1076278
1070682
1064523
1057163
1049980
1043694
1039135
1036296
1034217
1034206
1036007
1038378
1043197
1050428
1058268
1067055
1076219
1085187
1093647
1100989
1105848
1108558
1111288
1111237
1108316
1104741
1101157
1097619
1090474
1084921
1083256
1078331
1074357
1073953
1072892
1071824
1071069
1070835
1072077
1073376
1074142
1075983
1078901
1082353
1086472
1090211
1094305
1099576
1104649
1108452
1111605
1115512
1118244
1118778
1118825
1118014
1116685
1115768
1115117
1114724
1114036
1114122
1115957
1116427
1114654
1112114
1109800
1109439
1109108
1108093
1106234
1101736
1096454
1090396
1084388
1081149
1079789
1078577
1076904
1075611
1073435
1069524
1066648
1064262
1061405
1060291
1059701
1057864
1056293
1054983
1053278
1051849
1051145
1051482
1053030
1055711
1058945
1063464
1069515
1074101
1077502
1080430
1082812
1086085
1086617
1087064
1090446
1090192
1089294
1090322
1088718
1086478
1084222
1080847
1077515
1073704
1070188
1067134
1063170
1059712
1057309
1054945
1053120
1051438
1049268
1047132
1045300
1043695
1042808
1042623
1041712
1041430
1041826
1040514
1039801
1040288
1040891
1043339
1047161
1051922
1057884
1063445
1069292
1076220
1082436
1087601
1092227
1097022
1101345
1104463
1107131
1108166
1107682
1107046
1105906
1102505
1097804
1094664
1090076
1083897
1079472
1075913
1073626
1071960
1070647
1071008
1072053
1074157
1076911
1079366
1082948
1087707
1091972
1096047
1100001
1103377
1107110
1109914
1111361
1112542
1113848
1115456
1116605
1117265
1117932
1119345
1119203
1117651
1118725
1118004
1113657
1111477
1110169
1106539
1102123
1097767
1093556
1089694
1084990
1079873
1075568
1072094
1070113
1068226
1065318
1062581
1059698
1056013
1052253
1049809
1048629
1048844
1051027
1054082
1057668
1061373
1064974
1068215
1070146
1072266
1075058
1076463
1076709
1077231
1077708
1077502
1077060
1076485
1074917
1073569
1072348
1069232
1066579
1064777
1061822
1059019
1057192
1056499
1056258
1055971
1056660
1057976
1059751
1062758
1066839
1071648
1077694
1084508
1091021
1097582
1104249
1111253
1117206
1120863
1123806
1124928
1124177
1121691
1115551
1108445
1101526
1092741
1082927
1073604
1065296
1058811
1054410
1051174
1048490
1045825
1042949
1039927
1037317
1035684
1035755
1039856
1047245
1053438
1058064
1064241
1070385
1075450
1080272
1082893
1084419
1085555
1084873
1081814
1076538
1071764
1069449
1069094
1069989
1071465
1074941
1081824
1090346
1100522
1106372
1107188
1111683
1114937
1117879
1124632
1131744
1138357
1139700
1138704
1135879
1126107
1114028
1101872
1089204
1076284
1063091
1052090
1045090
1041924
1041349
1042408
1045383
1050187
1055615
1061060
1066138
1070558
1074278
1075715
1076083
1077638
1079171
1081952
1086438
1090327
1091395
1090687
1092405
1091067
1086320
1087400
1088890
1087378
1087443
1084785
1078763
1072241
1064763
1058532
1055735
1055640
1057010
1060963
1063070
1062802
1063783
1058479
1052241
1051502
1051368
1054615
1058188
1060955
1063403
1063325
1066828
1071592
1074675
1077868
1077195
1075784
1076944
1077290
1077828
1080968
1086000
1089939
1091204
1091410
1091125
1091125
1093511
1097268
1099535
1099780
1098171
1093551
1086302
1079265
1073771
1069680
1067940
1068806
1071137
1073410
1074450
1074685
1074595
1073920
1073071
1072795
1073349
1074971
1077048
1077746
1077690
1078113
1079085
1081475
1083658
1084606
1085659
1086421
1087208
1088509
1090269
1092933
1095543
1096955
1096915
1096205
1095714
1096077
1097206
1097088
1095474
1093093
1090197
1087358
1083207
1077410
1071000
1065369
1062359
1059588
1056821
1057586
1060015
1065127
1073615
1081526
1088633
1092262
1097005
1102549
1100786
1101718
1103354
1099191
1096321
1091998
1088247
1083531
1074255
1069776
1066186
1059805
1056175
1051518
1047033
1046932
1047144
1047815
1051435
1056443
1062819
1069859
1075365
1079361
1082655
1085145
1085929
1085018
1083743
1082988
1082173
1081402
1080755
1078263
1074468
1070186
1064967
1060626
1057044
1054590
1054401
1055233
1058452
1062481
1066394
1073437
1080428
1090226
1103522
1112067
1121345
1131279
1132539
1130076
1130062
1129323
1125613
1119621
1111073
1100888
1090404
1080154
1069888
1060032
1052385
1048498
1048045
1048254
1049602
1053213
1058617
1065617
1072684
1078383
1083077
1088601
1091557
1093477
1097832
1099779
1101320
1101262
1099264
1098581
1095402
1091083
1083903
1076714
1073682
1069644
1068720
1069480
1068635
1070844
1072914
1074892
1077663
1079204
1080454
1080000
1078559
1075817
1072016
1067623
1060794
1052921
1042497
1033474
1027361
1018695
1013224
1011489
1010449
1010537
1009952
1010867
1012361
1016737
1021367
1023594
1033099
1042702
1050649
1064516
1076463
1088438
1101443
1112357
1124933
1133366
1138808
1146672
1150918
1152848
1154017
1150909
1147222
1142514
1134965
1127919
1120699
1114476
1109078
1102503
1099072
1095314
1089917
1087564
1083372
1080842
1081235
1080378
1082463
1081424
1080115
1085957
1088132
1088102
1092788
1097503
1102131
1107231
1111357
1114105
1114932
1113682
1108985
1101716
1093420
1087042
1082211
1079432
1079488
1076525
1077577
1079120
1076509
1079242
1076082
1070799
1070677
1067522
1066244
1064505
1066653
1071213
1070544
1078858
1084607
1084156
1091434
1091740
1091585
1093371
1086321
1083493
1079837
1073305
1071191
1066364
1063033
1060518
1054096
1049613
1045824
1042115
1041475
1042988
1045049
1048525
1054293
1059758
1066151
1074386
1080320
1084600
1089819
1093469
1095707
1098875
1099283
1097021
1095001
1088826
1078765
1069960
1060608
1049853
1041704
1036479
1032153
1029962
1029918
1029977
1030666
1032890
1037239
1042391
1049870
1059307
1065005
1072639
1080561
1081732
1086325
1093565
1096755
1102187
1108669
1110941
1111290
1110879
1109160
1106044
1101978
1098859
1095852
1093169
1091632
1088696
1083875
1079719
1078352
1076467
1074441
1075759
1077509
1080175
1082494
1083948
1086751
1087948
1089890
1092591
1092909
1093009
1092724
1092719
1094536
1097998
1102947
1107157
1110418
1113135
1114497
1115396
1115524
1115484
1115551
1115817
1115828
1115032
1114298
1111259
1110709
1110025
1104767
1104566
1099901
1090863
1089289
1082792
1077123
1076072
1069827
1071858
1073687
1070858
1078059
1080327
1081916
1087775
1084093
1081948
1082030
1080223
1080854
1078650
1076940
1077275
1075404
1073898
1072419
1070581
1069787
1067959
1065175
1062329
1058601
1055502
1053176
1051196
1050360
1050110
1051019
1053233
1056408
1060318
1063657
1065822
1067508
1068584
1070201
1073802
1074268
1071822
1071911
1070488
1066294
1063269
1059180
1054228
1050368
1045200
1039948
1035351
1032735
1032460
1031423
1033976
1036682
1036847
1042174
1046647
1048530
1054176
1058447
1060891
1064204
1066145
1069480
1071919
1072236
1077573
1083898
1091342
1103606
1111740
1117897
1125031
1128175
1131651
1134649
1133929
1133085
1130260
1125284
1120836
1114804
1109485
1105579
1101837
1099440
1095450
1093319
1093936
1092960
1092498
1090294
1086476
1082534
1074876
1067275
1061980
1055083
1048993
1046796
1044625
1040711
1037702
1035327
1033225
1031735
1030207
1030416
1032436
1035798
1041518
1048133
1055304
1064578
1075920
1086563
1095137
1102792
1108330
1111462
1114649
1116984
1118925
1122889
1126249
1131032
1135034
1135875
1140045
1140975
1139308
1139254
1135362
1134931
1134284
1127342
1124269
1121370
1115959
1115073
1112499
1106422
1104325
1105397
1106242
1105127
1103036
1102865
1103567
1103088
1101085
1098717
1097034
1095029
1092167
1088563
1084775
1082261
1081255
1079534
1076893
1076057
1074867
1072422
1071803
1070414
1067552
1065692
1063528
1060926
1058060
1056143
1055256
1052686
1051498
1051878
1050749
1051202
1052906
1053346
1055533
1057094
1056672
1058299
1058628
1058753
1058521
1057370
1058004
1056034
1054746
1054464
1051258
1049359
1051218
1051350
1049220
1050532
1050225
1048699
1047955
1048043
1049513
1047089
1048464
1051893
1051630
1053980
1055583
1057708
1062826
1066422
1069392
1072397
1074011
1076233
1078219
1080427
1084550
1087760
1093671
1096958
1092847
1090958
1087021
1079376
1074649
1071401
1071321
1071502
1069601
1070016
1070389
1071628
1075664
1078747
1083274
1091637
1098548
1105400
1113602
1116705
1121118
1125532
1123082
1120497
1115909
1109699
1103305
1098325
1093779
1084819
1081192
1079132
1074489
1074928
1075692
1076243
1080743
1086327
1089515
1094504
1099714
1099887
1101472
1102042
1097907
1093496
1087347
1080108
1072188
1064699
1058318
1051810
1048709
1045543
1043852
1047438
1049504
1052690
1060514
1068481
1075688
1084695
1093161
1097274
1099173
1100386
1100378
1098921
1097672
1094766
1089107
1085374
1081079
1074813
1071168
1068200
1065050
1064887
1064262
1064578
1068749
1071542
1075787
1080726
1081871
1083960
1083990
1081108
1080506
1078309
1075483
1075021
1074438
1075689
1078132
1078642
1079521
1081866
1083790
1085406
1086356
1086367
1086604
1087899
1088241
1086885
1088213
1088200
1086450
1088489
1088337
1085859
1084872
1083564
1083807
1086319
1086565
1086465
1090658
1093229
1090339
1089398
1092099
1088333
1081320
1077185
1069320
1061438
1056509
1051136
1046104
1041265
1036551
1031680
1028025
1025677
1023157
1022476
1024241
1026693
1030084
1033962
1037461
1041967
1045871
1048568
1051709
1055469
1059608
1064471
1070826
1077296
1086008
1092135
1096421
1103973
1101173
1098089
1100655
1092047
1084739
1083180
1077365
1072934
1070761
1067480
1066262
1066573
1067158
1071209
1076374
1082421
1090284
1096121
1101491
1108319
1114936
1118532
1120159
1122413
1121653
1119748
1117566
1111266
1104943
1098804
1091684
1085702
1079778
1075061
1071318
1068454
1067757
1067615
1069148
1072165
1075880
1081618
1087356
1093966
1100169
1103168
1107560
1111643
1111381
1110236
1109285
1108009
1106051
1102116
1100492
1100897
1098063
1096668
1097479
1098165
1099410
1098335
1099418
1101798
1100573
1100945
1100383
1097922
1097368
1095137
1092039
1088505
1083943
1081879
1080608
1078191
1076746
1076662
1075922
1075941
1076519
1073492
1071397
1072059
1070672
1067399
1064376
1064451
1065505
1064954
1065038
1065889
1066366
1065402
1065425
1066224
1062796
1061228
1064416
1063801
1062368
1064498
1065453
1065948
1067680
1067431
1065899
1065173
1064052
1063401
1063631
1065103
1068216
1070821
1074303
1076758
1076689
1078834
1078408
1074153
1073166
1072188
1070587
1069252
1065989
1065401
1066264
1066775
1068567
1071662
1076666
1078670
1081959
1088646
1089315
1090244
1094059
1094754
1095663
1095242
1094017
1094230
1089931
1084588
1081833
1076809
1071821
1067636
1063232
1060999
1059804
1058261
1056658
1057119
1057357
1056677
1059347
1061110
1062932
1069040
1072892
1073198
1073704
1074340
1075708
1077630
1079183
1081859
1085650
1090096
1095782
1101799
1108319
1112284
1111473
1109079
1105505
1101976
1099808
1098431
1097989
1097800
1097509
1094583
1087074
1077291
1067725
1060009
1054929
1051812
1050726
1051960
1054587
1057849
1061117
1065293
1071427
1077099
1080206
1082500
1084408
1085858
1087617
1087398
1087947
1092167
1095502
1096508
1098445
1102997
1105062
1102971
1102379
1102086
1100947
1100753
1099510
1098622
1098339
1095904
1094149
1094438
1094869
1097255
1101559
1104107
1104173
1103146
1101192
1097515
1092998
1090225
1089182
1088632
1089120
1090440
1092573
1095658
1096541
1095759
1096084
1094630
1091913
1089709
1086573
1084498
1083983
1083725
1083167
1081430
1078210
1073493
1069705
1067206
1063789
1060826
1059306
1058484
1058453
1057632
1056411
1055783
1054846
1054710
1054320
1054681
1055875
1057421
1060391
1061050
1062475
1062656
1061048
1064253
1064417
1062018
1061425
1059602
1058127
1053972
1048311
1045566
1042909
1040557
1039378
1038576
1040224
1043605
1047201
1050934
1053669
1055934
1058891
1061509
1063093
1066804
1069754
1069032
1070877
1071652
1069283
1068669
1066738
1063829
1059893
1056879
1056525
1053778
1053449
1056746
1059649
1063778
1067792
1071762
1076127
1079820
1083885
1088424
1092266
1096053
1100362
1104534
1108657
1112529
1117846
1124660
1128582
1129807
1130139
1126713
1121398
1116369
1108987
1102657
1097653
1091620
1088170
1083222
1076361
1076764
1078938
1078654
1084241
1090520
1094026
1102484
1111146
1117120
1126441
1132722
1133059
1136388
1139460
1139240
1140289
1140136
1138737
1136839
1132507
1127806
1122845
1117371
1112608
1106960
1100350
1093849
1086304
1078486
1071862
1065847
1060876
1056882
1053128
1050093
1047119
1043769
1041180
1039176
1036935
1034861
1033023
1031509
1031350
1032816
1035384
1038935
1043317
1047750
1052052
1056165
1059086
1061200
1062807
1064661
1067210
1068616
1071564
1074164
1074256
1077696
1078764
1075804
1076405
1076025
1073689
1072711
1070327
1067712
1066014
1063669
1063064
1064983
1067696
1071448
1075622
1080278
1086104
1092245
1098519
1104299
1109327
1113565
1116105
1116854
1115509
1112715
1108781
1104319
1099487
1092650
1088569
1085368
1076989
1071213
1067179
1060993
1057456
1054200
1051868
1051518
1053365
1057211
1058369
1062706
1069426
1072175
1076005
1079999
1082837
1086561
1089278
1091524
1094097
1096911
1100033
1103211
1106768
1109236
1110528
1112255
1112833
1112816
1113337
1112006
1110564
1110158
1107652
1105319
1104752
1101365
1096354
1092801
1088495
1084013
1080919
1077829
1074412
1071183
1067367
1064689
1062812
1058284
1055455
1055107
1053650
1052825
1053106
1057043
1060657
1060575
1065553
1071428
1075986
1085387
1092260
1098957
1108398
1111945
1113701
1114748
1110873
1106449
1101929
1096551
1091619
1086570
1082545
1078894
1074394
1069816
1063998
1057241
1051528
1047065
1044121
1042852
1042843
1043127
1043933
1046593
1048522
1050332
1054558
1057514
1060572
1065517
1069433
1074026
1078307
1079794
1080759
1080224
1076110
1070757
1065725
1060870
1057160
1053761
1050266
1048362
1045781
1042538
1040527
1038102
1036472
1036310
1037609
1040137
1042437
1046067
1051450
1057212
1063473
1070849
1078270
1085406
1093108
1100172
1105962
1111062
1115664
1119573
1122861
1124839
1125788
1127655
1128755
1128242
1126889
1123980
1120983
1117269
1111341
1104631
1097978
1092357
1087794
1082950
1078226
1075129
1073756
1072174
1071014
1071796
1073120
1075203
1077131
1078589
1080898
1081579
1081513
1082225
1082967
1085473
1089292
1093800
1099273
1104363
1108421
1111350
1113226
1113693
1112657
1110986
1108717
1105773
1102631
1099708
1096273
1092684
1089641
1085179
1080537
1076293
1071074
1066856
1065060
1063155
1059208
1059627
1061080
1058046
1059665
1062106
1060414
1061330
1064044
1065370
1065187
1065093
1066799
1069346
1070791
1071387
1072992
1076672
1079898
1081973
1085583
1086781
1086428
1088345
1088035
1087130
1088914
1090605
1092893
1094994
1093916
1091989
1088979
1084088
1079740
1075536
1071103
1068700
1068551
1067805
1068688
1072168
1074645
1076202
1078707
1081601
1082970
1086045
1090315
1091356
1092172
1095416
1097082
1096250
1096844
1093503
1086887
1083814
1078486
1073698
1073403
1072417
1073060
1074704
1076207
1080104
1082123
1082322
1084800
1086659
1086837
1086585
1083451
1077324
1070105
1062657
1055026
1047179
1040028
1033059
1026905
1023104
1021329
1020949
1020493
1019035
1016879
1015283
1015324
1016396
1019422
1025150
1030657
1035810
1041338
1045385
1051275
1057144
1059522
1064162
1068830
1072312
1077821
1082268
1086602
1091874
1097302
1101756
1103962
1105676
1108325
1110204
1109295
1109804
1109578
1105814
1105446
1106013
1103141
1100786
1101516
1102897
1102842
1103943
1106599
1109216
1113006
1117944
1121423
1123939
1127747
1131633
1134646
1137214
1138497
1138831
1138079
1135954
1134206
1130892
1125462
1120491
1115011
1109243
1103995
1098987
1094273
1089200
1084082
1079506
1075558
1071929
1068479
1065705
1063933
1062563
1061394
1060790
1059530
1061574
1066291
1065773
1067247
1071539
1069356
1067558
1067747
1064528
1059940
1054719
1049677
1045543
1041627
1038115
1035334
1034496
1036626
1040848
1044815
1050189
1058177
1065191
1072046
1078810
1082876
1085517
1087692
1088474
1087167
1085597
1084737
1082626
1078905
1075199
1071873
1067237
1062573
1059445
1056552
1053430
1050077
1048199
1047946
1048712
1052384
1059219
1067220
1073630
1080225
1088215
1094400
1098287
1100329
1101015
1100830
1099532
1096123
1092609
1092247
1091337
1089562
1090091
1090223
1089865
1089623
1087024
1082102
1076124
1071431
1068971
1067423
1066634
1065696
1065405
1067214
1069245
1070949
1073102
1075299
1078330
1083054
1088178
1092776
1097074
1100792
1102769
1102813
1103156
1103712
1102413
1100725
1099275
1096493
1093734
1091196
1086964
1081858
1077630
1073343
1066897
1059937
1052358
1043631
1037367
1032246
1028477
1028883
1029009
1026033
1027122
1032022
1033075
1037076
1042920
1049349
1060681
1064541
1067723
1076396
1082001
1085463
1084932
1085122
1084035
1080191
1081839
1086029
1092836
1102578
1112786
1121014
1123181
1123053
1121866
1120326
1123168
1128993
1137343
1145657
1146378
1139782
1131655
1126596
1126439
1127361
1126785
1125392
1123834
1124176
1124082
1123765
1124001
1123614
1125249
1124133
1120320
1116406
1110195
1106099
1102843
1098337
1096239
1095604
1093882
1091083
1086928
1081157
1073708
1063389
1052854
1043581
1033286
1022516
1012858
1004368
999392
999571
1000292
1001561
1000933
1000932
1004253
1007487
1015066
1017415
1026953
1027384
1022179
1053530
1043883
1026574
1060811
1055588
1050195
1074230
1080335
1083858
1089055
1094822
1097138
1096620
1102004
1103807
1105200
1112100
1113086
1108550
1103272
1094009
1084185
1075085
1066807
1060734
1056453
1055192
1054601
1054730
1058350
1062446
1065348
1069413
1073961
1076706
1077109
1077194
1078462
1079148
1081135
1084191
1084721
1085396
1086419
1086586
1086491
1084867
1082693
1080363
1079482
1081106
1083100
1084951
1085993
1089613
1095371
1098110
1101115
1102770
1101133
1100560
1097911
1092469
1087224
1083186
1082668
1084513
1084551
1079328
1071465
1064425
1057866
1056756
1060983
1064773
1071826
1083674
1094978
1106639
1119797
1131415
1142439
1152261
1159210
1162437
1161590
1160220
1153659
1143066
1134165
1120137
1106205
1094137
1078999
1068725
1058936
1047930
1042027
1036845
1035262
1036959
1037875
1042606
1048162
1053909
1061912
1067770
1072676
1077523
1080665
1084025
1086770
1086247
1083587
1079951
1075716
1072304
1069818
1067399
1066096
1066479
1066022
1065795
1066286
1064810
1063480
1063122
1061610
1058130
1054522
1051574
1047942
1045123
1041397
1037168
1035116
1033143
1032519
1032930
1032738
1033715
1035759
1038489
1041864
1045661
1049562
1053599
1058391
1063903
1069619
1075439
1081286
1087096
1092761
1096997
1100971
1104656
1108164
1113908
1118468
1121767
1124414
1125139
1124554
1120955
1117132
1110671
1102913
1099046
1093433
1088772
1089315
1092836
1095371
1098074
1104584
1108542
1111089
1115749
1119321
1121380
1121979
1122933
1124253
1125152
1126852
1127496
1125845
1122980
1117714
1110049
1102397
1094504
1087170
1083084
1080739
1078266
1076360
1074000
1071413
1070364
1069996
1070553
1072761
1075086
1077850
1080803
1082104
1083406
1083707
1082671
1083202
1082546
1081479
1080828
1078617
1076754
1074383
1071508
1068682
1066664
1064353
1063765
1067030
1065365
1065133
1069411
1068880
1072045
1079556
1084907
1090596
1095554
1099771
1102598
1103514
1105589
1105168
1103260
1101057
1097306
1094716
1088419
1090308
1095406
1087394
1087682
1086745
1074595
1067445
1056128
1046561
1041631
1033292
1031931
1032575
1030733
1033774
1037059
1037222
1038042
1038841
1038453
1039160
1039912
1041159
1044790
1049413
1056797
1065034
1072064
1079082
1083736
1088090
1091521
1091644
1089924
1086191
1081528
1077126
1073715
1070054
1068077
1067211
1064075
1064012
1064712
1062883
1062965
1062925
1062001
1061775
1061192
1060438
1060572
1061822
1063436
1065552
1067761
1069273
1070736
1073270
1075766
1075454
1074355
1074313
1075765
1079467
1083939
1088513
1090939
1093509
1094172
1093312
1092966
1087029
1090083
1093692
1088250
1094270
1100229
1103971
1110138
1112921
1120415
1126137
1128017
1131186
1131311
1129618
1128211
1124345
1119060
1113081
1106050
1102026
1095264
1085568
1082250
1079554
1074986
1072252
1069868
1068639
1067877
1069721
1074387
1075966
1078426
1082764
1084558
1088351
1094328
1098049
1099802
1101073
1101850
1101699
1099447
1094688
1089934
1085136
1079661
1074724
1070398
1067678
1064675
1060823
1061368
1062419
1059942
1059472
1057950
1053721
1052145
1052339
1054322
1056960
1057400
1058448
1059088
1057564
1058002
1058650
1060560
1067263
1070850
1071979
1074352
1074532
1075045
1076965
1079441
1079924
1081377
1086372
1087030
1088258
1091051
1089372
1088762
1087628
1086047
1085352
1084213
1085713
1086030
1086559
1087431
1084175
1081970
1079971
1075959
1073351
1070970
1068419
1066800
1066090
1066386
1065763
1065056
1063649
1059340
1056942
1054148
1048913
1047548
1045862
1043062
1044234
1045129
1046403
1050291
1052836
1055705
1058414
1060083
1066197
1072302
1075860
1078651
1082181
1094922
1102800
1099923
1104682
1109549
1110708
1115517
1119271
1120461
1115860
1108310
1104023
1098765
1091270
1083004
1074149
1067637
1063436
1058649
1053905
1049520
1046574
1046267
1045961
1045836
1046540
1049435
1055253
1061638
1070015
1080132
1089356
1097798
1104945
1108429
1110906
1113809
1112517
1110074
1107729
1101751
1095135
1089062
1081703
1073418
1066084
1060742
1056627
1054785
1054214
1054171
1056322
1058976
1065058
1072330
1076998
1086327
1095567
1101616
1108884
1114892
1119015
1121722
1125896
1127315
1124348
1121023
1116584
1107044
1095410
1092997
1082464
1067299
1063438
1055168
1046413
1040830
1043668
1042502
1033567
1045061
1051289
1048950
1059663
1066646
1072291
1081334
1088520
1094293
1099003
1104478
1107527
1108337
1109465
1106232
1102556
1099403
1090750
1084049
1078305
1069713
1063451
1057774
1052450
1047742
1042104
1036540
1033065
1031254
1029319
1031757
1036673
1038162
1043113
1052074
1056126
1061616
1073122
1080433
1087268
1097843
1105154
1111347
1114522
1117276
1121625
1118601
1116193
1115354
1111290
1107074
1103035
1104344
1102698
1098699
1101470
1102478
1103342
1106727
1109594
1111920
1110876
1108285
1104188
1096283
1087401
1078691
1071762
1066697
1061131
1057970
1057919
1058169
1059706
1063468
1066371
1070559
1074310
1075597
1083126
1085951
1081319
1083523
1082535
1076622
1074501
1070730
1065799
1062513
1057895
1054951
1054839
1054663
1054509
1054950
1058186
1062170
1064788
1068978
1074894
1078362
1078871
1079840
1079588
1079351
1079388
1079354
1079952
1077091
1076578
1076325
1071657
1070387
1070079
1070263
1072818
1077429
1084561
1089347
1093689
1098603
1101302
1102860
1104865
1107557
1110219
1114384
1115328
1115721
1118426
1116401
1116591
1113588
1110622
1106438
1099797
1100471
1083089
1090285
1099379
1071928
1080455
1071569
1057616
1078049
1066193
1060499
1067436
1062774
1065065
1066089
1067080
1070779
1071259
1070529
1073435
1073524
1073649
1076911
1071364
1061661
1054240
1051157
1051145
1048283
1047964
1049860
1053412
1057975
1062106
1072382
1083565
1097578
1107523
1112088
1126352
1126632
1124209
1129234
1113312
1113283
1107680
1083045
1098387
1082648
1059737
1074593
1051128
1053386
1060139
1036597
1044606
1036326
1027309
1037917
1032335
1034256
1042656
1039219
1042045
1049631
1051742
1058796
1062616
1063445
1067996
1072178
1071860
1072862
1081912
1078017
1080212
1087531
1085917
1092216
1088750
1101893
1095443
1097056
1105534
1046404
1135533
1185648
1051947
1111827
1158895
1089538
1129766
1135097
1114573
1128673
1123306
1119241
1112585
1113566
1116762
1094021
1100003
1128683
1098156
1087110
1108716
1087299
1086088
1093082
1079965
1083231
1082785
1079012
1079330
1076941
1079936
1083443
1084717
1089987
1093304
1091481
1095815
1098478
1100789
1104176
1100603
1110837
1109180
1114127
1119021
1113842
1132421
1107828
1134439
1109200
1082898
1208766
1095062
1028389
1159868
1106434
1060065
1072544
1099186
1071809
1011826
1069297
1075670
1020394
1023641
1043429
1030603
1026633
1047676
1042227
1026793
1037463
1056625
1040844
1039001
1060108
1048532
1051765
1064614
1056078
1051260
1054827
1053559
1046502
1048501
1045403
1040173
1043367
1041076
1039202
1039301
1038018
1038646
1041785
1044477
1046304
1052460
1059206
1064040
1068672
1072300
1074663
1075175
1075195
1074564
1072874
1071211
1069988
1069057
1067393
1066089
1066402
1067624
1069503
1072334
1075921
1079720
1083910
1088225
1091982
1095766
1099568
1102996
1106396
1109449
1112022
1113384
1113330
1113134
1111930
1109417
1106570
1103590
1101533
1100440
1099849
1100212
1100333
1099874
1100077
1099715
1098859
1098625
1097933
1096553
1094837
1093309
1091697
1089152
1085668
1082093
1078871
1074689
1070636
1066849
1061662
1056928
1052724
1048052
1044088
1040647
1037567
1035887
1034944
1034653
1036470
1038810
1041000
1044451
1047239
1049393
1052762
1055397
1057941
1060937
1061978
1062945
1063851
1063861
1065108
1066647
1068899
1073922
1080996
1087609
1093500
1099856
1104144
1107611
1111861
1113975
1116418
1119710
1121343
1122681
1123397
1121334
1115206
1108394
1103342
1096884
1091896
1090747
1089079
1087689
1087544
1087150
1086897
1085600
1084058
1082414
1079040
1075616
1072183
1068613
1066228
1064458
1063225
1062705
1062728
1063854
1065396
1065848
1066143
1066749
1067286
1068561
1070233
1072164
1074075
1076767
1081009
1084976
1088926
1094172
1100359
1106125
1111062
1115268
1118347
1120753
1122786
1124717
1125898
1125350
1122872
1118433
1112610
1106606
1101310
1096805
1092492
1087275
1081666
1075128
1068206
1062204
1057236
1055033
1051603
1047243
1045990
1044072
1042321
1042668
1044252
1047221
1051530
1057492
1064247
1072879
1079406
1081855
1086803
1089235
1087641
1088016
1088260
1090684
1092239
1091011
1090179
1083364
1075472
1067890
1056218
1048382
1041517
1035665
1033715
1031055
1031458
1033191
1036578
1044641
1052546
1061710
1070991
1077007
1081850
1085922
1087992
1089335
1092219
1095666
1099860
1104638
1108563
1111338
1111526
1109892
1107453
1104282
1101409
1099040
1097238
1094778
1092329
1089755
1084632
1081889
1077824
1071322
1071536
1069691
1065785
1065681
1063047
1057801
1055917
1052498
1048167
1049777
1044503
1052589
1045063
1032218
1073639
1042120
1012009
1073556
1044837
1035107
1085632
1065639
1065516
1089331
1099800
1095653
1089800
1105374
1095275
1091807
1101508
1091246
1090886
1097108
1099762
1097149
1100255
1103874
1095836
1097054
1095017
1088666
1089034
1090908
1099152
1102289
1105917
1110210
1104792
1101031
1093060
1084888
1083554
1080414
1079853
1082357
1084015
1085668
1087938
1090311
1091871
1093682
1095695
1096771
1097373
1097785
1096466
1094790
1093989
1093727
1094971
1096141
1097145
1097641
1096183
1095828
1094551
1090119
1089140
1088126
1086294
1088957
1087826
1089014
1089597
1082645
1085414
1083712
1075978
1078960
1076008
1072172
1072331
1067342
1067968
1067963
1063104
1064793
1063645
1059389
1060687
1058230
1055620
1056634
1054966
1056251
1058976
1061631
1065991
1070015
1075584
1078705
1081876
1086508
1086599
1086004
1085830
1083722
1081447
1079345
1077481
1076610
1073463
1073165
1075734
1070281
1069513
1070873
1063348
1062791
1062318
1057137
1054901
1050242
1049624
1050466
1048234
1051297
1054271
1056603
1061744
1064564
1066858
1070480
1073927
1075815
1077097
1079071
1079967
1080805
1081222
1081635
1082078
1081224
1080630
1081327
1081621
1080424
1083051
1082848
1080076
1084557
1084286
1082403
1086603
1087404
1087233
1089221
1087988
1086622
1087382
1082651
1078925
1078289
1073082
1070177
1068262
1064653
1063542
1062224
1061632
1062367
1062158
1062767
1063441
1063613
1064298
1064343
1065709
1067652
1069432
1073344
1078231
1082749
1088836
1097346
1102072
1110798
1118789
1117907
1127817
1131602
1129014
1136815
1132861
1128225
1129485
1125148
1123193
1121528
1119624
1118336
1114591
1111733
1110288
1108988
1110108
1112037
1112592
1113691
1113584
1111602
1109650
1106137
1101482
1097976
1095211
1093439
1092826
1093625
1094677
1095594
1097009
1094095
1092439
1090494
1081783
1078946
1075640
1068179
1066798
1064114
1059228
1056765
1053986
1050478
1050566
1050640
1049625
1053109
1054161
1053767
1055987
1056155
1056316
1056434
1056312
1057276
1057149
1057278
1056408
1055189
1054038
1052143
1052173
1047838
1047833
1044759
1042086
1044203
1035644
1044951
1032046
1039067
1039969
1000849
1085433
1060668
970581
1060494
1059080
1037568
1066878
1048503
1059634
1061102
1078316
1100242
1091132
1091707
1102536
1122769
1131745
1128246
1124094
1124743
1129708
1130901
1128853
1116896
1105798
1105222
1102251
1092773
1081543
1072866
1068820
1067482
1062908
1055359
1051114
1047965
1049321
1052624
1048091
1046200
1048736
1049732
1052819
1056521
1060443
1065430
1071751
1078405
1084023
1088710
1093273
1097196
1097832
1100994
1101720
1099226
1099116
1094634
1095922
1095788
1089494
1089485
1083969
1075325
1070852
1067355
1062939
1058927
1057990
1055524
1055095
1057693
1059461
1061476
1064101
1067720
1070193
1072441
1075535
1077558
1080162
1083355
1085616
1087208
1087818
1088047
1087975
1087201
1087867
1089797
1091252
1093132
1094737
1096105
1098198
1099373
1100560
1103207
1106885
1110977
1114046
1116180
1118060
1119387
1119235
1117895
1116640
1115003
1113693
1114186
1115179
1115576
1116477
1115931
1113599
1111232
1107234
1103838
1098686
1095028
1093089
1082153
1075779
1069451
1056775
1058382
1053123
1037155
1040153
1037767
1026041
1029838
1025763
1025017
1034936
1029318
1028973
1034548
1043211
1037641
1024149
1057029
1065125
1041436
1059540
1064302
1059966
1074033
1073985
1075269
1080678
1083135
1087753
1089014
1095320
1102157
1101913
1107033
1111883
1112500
1114911
1115513
1117240
1116575
1114213
1112806
1109915
1106726
1100135
1101905
1100319
1091469
1096182
1092067
1085983
1092240
1090177
1089763
1090464
1084336
1081876
1078578
1072699
1066507
1059090
1053973
1049774
1046719
1046505
1047368
1049716
1053107
1054930
1055632
1057472
1059685
1061793
1063546
1065189
1069137
1073449
1076158
1078180
1079390
1081558
1086312
1092230
1096910
1100192
1102719
1104363
1106397
1107735
1107251
1106908
1107032
1108409
1111575
1114699
1117449
1118168
1116304
1115805
1115062
1112924
1110210
1107495
1108306
1108694
1111023
1109468
1107564
1107444
1100522
1101703
1091066
1092479
1086810
1077369
1089109
1040224
1083356
1121286
1012980
1040937
1108263
1065160
1039121
1073089
1081386
1034689
1060206
1088502
1051005
1050570
1072677
1073289
1073964
1081101
1074871
1067258
1077682
1084802
1078663
1075878
1080729
1084856
1091159
1096599
1089972
1084209
1085512
1084863
1082001
1076654
1070961
1067223
1066944
1067687
1064642
1061763
1061349
1062504
1063052
1060866
1058012
1054485
1052203
1051715
1050686
1050288
1049746
1050585
1053417
1056479
1060929
1066525
1073059
1078712
1083807
1086731
1088872
1094499
1094830
1093582
1096045
1093602
1091289
1091481
1089191
1087309
1086653
1084814
1083150
1083841
1086298
1089199
1091239
1095593
1101264
1102598
1105046
1106031
1100966
1098170
1093020
1083285
1076106
1070226
1065143
1058080
1050971
1045967
1035736
1027125
1023890
1019231
1018226
1020792
1022577
1024617
1026110
1027854
1031455
1035451
1038921
1044766
1051303
1056077
1062090
1067797
1071817
1076754
1083336
1090342
1096851
1102449
1105768
1107568
1109431
1111946
1114808
1116290
1118322
1120101
1119623
1119747
1116847
1113014
1109234
1101483
1096006
1087985
1085164
1086225
1075775
1078654
1083291
1074775
1079572
1083113
1083119
1089099
1091068
1095263
1097693
1100491
1104598
1101142
1101187
1102352
1100070
1101437
1103758
1104665
1105925
1108891
1109807
1111835
1116354
1115812
1116629
1118826
1116652
1113777
1111701
1112086
1109794
1105883
1103978
1097750
1091090
1085140
1076891
1068787
1061052
1055518
1053644
1053229
1051953
1047542
1040554
1037382
1032820
1026128
1025682
1024082
1026905
1033344
1032984
1036769
1038251
1033953
1035914
1037989
1038057
1039548
1039899
1040207
1041546
1042602
1042981
1044244
1047173
1051433
1055925
1060080
1064416
1067565
1072290
1076725
1080228
1087079
1089636
1092240
1098590
1099496
1098830
1098489
1096717
1095177
1093402
1090892
1088213
1084635
1083544
1083937
1080646
1084348
1088723
1086219
1089227
1091449
1088455
1084201
1081998
1080060
1073493
1071563
1070529
1070323
1075236
1073456
1075090
1080413
1082019
1087971
1090603
1090158
1086855
1080119
1078197
1075710
1073032
1074154
1073585
1076448
1085463
1086871
1086879
1090979
1089185
1090284
1094604
1093377
1091151
1089092
1085098
1080508
1076563
1075313
1073025
1071949
1076019
1073447
1071706
1074546
1070010
1068896
1070177
1067500
1067904
1067403
1065246
1064585
1063598
1063056
1063236
1064108
1065841
1067849
1070967
1075769
1080735
1084092
1084755
1082353
1078444
1074970
1072173
1069994
1069898
1070065
1071599
1077236
1080185
1082782
1088243
1089246
1089731
1093384
1096393
1099523
1104076
1109144
1113551
1115077
1112995
1109816
1105162
1100327
1098187
1096063
1094587
1095007
1095361
1096103
1095490
1092681
1090074
1087217
1083521
1078903
1072655
1067128
1063633
1060467
1058161
1057275
1057594
1058170
1059331
1060817
1059153
1058780
1059421
1057251
1055924
1055306
1057570
1058114
1057188
1061025
1062526
1064436
1067423
1070571
1076395
1076855
1077505
1080811
1079182
1077680
1077333
1075642
1075227
1074811
1073000
1071501
1069636
1068470
1068254
1067939
1069671
1070355
1072645
1077451
1078573
1081728
1086171
1088165
1090549
1094395
1098630
1099487
1102484
1106400
1106173
1108421
1110038
1108246
1107280
1106137
1105214
1105197
1105282
1106005
1106555
1106521
1106857
1106888
1107329
1108930
1110293
1111921
1113266
1113101
1112280
1110534
1107594
1104716
1101697
1097969
1094538
1090642
1086417
1082943
1079746
1077866
1076545
1075488
1074868
1074918
1076390
1076475
1077769
1079711
1080473
1081668
1079928
1081603
1082934
1077846
1077637
1076110
1070971
1071009
1068053
1062483
1059688
1054512
1048493
1044971
1042545
1040161
1038138
1038082
1038439
1038119
1039583
1042823
1047054
1052424
1057901
1062765
1067354
1072033
1076794
1082594
1089139
1095582
1102338
1108909
1115712
1121057
1124659
1127635
1127899
1128414
1126686
1121050
1117173
1109842
1102474
1097552
1086441
1077167
1070470
1060317
1053115
1047709
1042247
1038941
1036275
1035053
1035376
1036265
1038453
1040709
1043176
1046722
1049670
1052877
1056817
1059792
1062706
1065738
1067771
1069196
1069771
1069241
1068797
1067771
1065968
1065166
1064298
1064869
1066276
1066360
1069920
1072541
1072033
1075361
1078574
1079771
1083380
1088365
1092184
1095730
1099717
1102417
1104035
1104993
1104441
1102921
1100607
1097131
1093426
1089756
1085493
1081047
1077055
1073965
1072083
1071515
1072423
1074283
1077369
1080932
1083886
1087722
1090870
1093936
1099179
1103627
1106474
1109391
1112773
1113637
1113091
1114009
1112513
1110430
1109294
1106413
1102868
1098926
1095250
1092158
1090398
1089762
1089143
1089407
1088485
1087197
1086436
1083716
1080692
1078079
1075712
1073031
1068593
1065118
1061622
1057027
1055090
1053230
1050750
1050015
1048551
1046344
1043327
1039829
1037431
1034852
1033742
1034872
1035978
1039282
1043586
1047813
1052948
1056871
1062685
1065030
1068004
1070543
1069149
1073487
1069090
1077457
1076249
1070455
1111529
1090911
1070402
1119173
1097618
1097450
1133565
1114936
1118038
1133092
1144750
1141872
1130307
1144769
1137394
1134353
1142274
1129617
1126845
1129314
1126731
1118082
1110332
1105418
1097330
1095737
1091196
1084640
1082193
1080271
1081043
1079989
1079695
1080699
1082578
1086793
1087542
1085810
1083855
1080607
1075681
1070736
1065797
1060315
1056804
1054095
1051643
1049871
1048623
1048339
1048182
1048579
1048562
1048057
1048186
1048404
1049004
1050159
1052854
1056991
1061104
1066040
1071920
1076933
1081251
1085863
1089566
1092101
1094408
1095773
1095131
1093005
1090411
1087173
1083011
1078194
1073340
1068505
1063540
1059932
1058019
1056697
1056368
1057375
1060008
1064170
1067948
1070462
1072291
1074154
1077139
1081155
1084682
1086673
1086845
1084933
1080606
1074521
1068142
1062718
1059189
1057515
1057668
1058897
1061030
1064647
1067577
1070522
1074686
1078388
1082346
1085871
1088357
1090646
1092372
1093482
1093607
1094191
1095909
1097328
1099098
1100576
1099893
1098115
1095543
1091248
1086694
1083028
1080822
1079144
1077151
1076388
1075501
1074724
1075313
1076740
1080443
1084176
1087191
1092359
1096885
1099757
1103310
1105246
1105648
1106043
1105293
1105008
1104968
1105568
1107667
1108509
1108438
1108299
1108821
1109926
1111044
1112447
1110819
1106476
1101037
1092866
1085123
1079876
1074825
1070673
1067127
1060529
1051015
1042447
1035816
1029710
1025019
1022926
1022090
1020955
1020733
1020929
1022162
1029194
1037132
1046044
1062186
1074607
1082314
1092587
1096622
1096426
1096323
1093988
1094957
1093473
1091404
1092494
1087156
1083811
1084017
1081605
1079373
1076360
1073863
1071705
1068813
1064316
1060516
1059826
1059238
1060090
1061676
1061736
1061731
1062206
1064286
1068875
1074879
1080393
1084516
1087848
1091879
1094754
1094283
1093693
1092218
1088021
1084684
1080517
1074009
1070126
1068749
1067273
1066375
1065652
1065469
1067094
1070169
1073244
1075656
1078255
1080432
1081585
1082344
1082413
1081144
1079354
1077164
1074360
1072467
1070116
1069291
1070569
1070300
1074140
1080440
1084146
1089918
1097424
1105063
1111073
1118520
1127034
1132116
1139467
1142959
1145771
1145360
1142797
1145149
1135146
1138409
1120009
1107905
1149268
1096661
1059824
1119859
1088490
1057572
1087733
1074852
1050134
1061514
1077844
1055331
1045028
1065372
1061553
1055844
1063675
1056772
1052913
1064482
1067170
1061937
1059512
1059860
1062447
1060232
1055085
1050471
1046951
1049570
1051448
1047212
1044574
1044112
1042693
1042014
1040788
1039426
1041971
1048392
1054718
1058580
1061186
1062703
1063215
1062616
1060344
1059031
1059937
1063033
1067774
1071733
1075003
1078866
1083323
1088318
1092489
1096782
1102796
1107233
1111693
1116730
1121213
1126517
1130010
1135228
1138019
1139575
1143825
1141489
1143676
1146083
1139600
1138062
1134335
1126210
1123007
1118401
1110608
1106046
1101462
1094528
1088823
1083157
1077856
1072485
1066436
1061693
1057769
1054740
1051890
1048662
1045956
1043692
1041237
1038026
1035030
1032547
1031273
1031487
1031515
1032580
1034579
1036383
1039323
1043058
1047913
1053817
1058952
1063767
1068489
1072290
1075660
1079089
1081978
1084733
1086519
1087119
1089535
1090853
1089679
1090443
1091749
1091031
1090697
1093334
1092890
1089661
1093008
1094824
1093072
1095207
1096069
1094900
1094674
1095908
1094712
1093757
1090131
1084004
1084037
1078608
1073801
1064211
1058492
1071144
1064442
1058866
1066091
1059149
1058806
1063255
1062306
1064037
1064390
1064858
1066633
1065855
1066849
1067052
1064908
1066634
1069254
1071981
1075047
1076641
1077602
1077470
1076966
1074460
1070430
1067085
1064450
1061353
1058018
1057947
1055975
1052446
1052452
1052697
1054543
1056453
1058847
1063111
1066552
1071139
1075292
1080154
1084831
1086860
1090506
1093183
1093664
1093931
1091928
1088252
1084295
1080606
1077690
1075789
1075040
1075064
1075467
1075862
1075916
1075348
1074770
1074510
1074262
1074626
1075953
1078208
1081855
1087781
1095172
1101938
1108245
1114163
1118051
1119854
1120187
1118247
1114342
1111783
1110500
1108082
1107969
1109898
1110578
1112307
1114285
1115025
1115729
1115831
1114833
1112363
1108635
1104429
1100849
1098014
1094387
1091331
1089428
1086606
1083340
1079773
1075760
1072257
1067299
1061371
1056098
1049492
1045124
1042136
1036101
1032972
1032536
1030299
1029714
1031646
1033169
1036406
1041842
1046058
1050924
1055750
1058973
1062777
1065965
1068515
1070276
1069686
1069112
1069205
1069035
1070583
1072591
1074214
1076863
1078550
1079904
1081607
1082361
1082439
1081133
1080242
1080455
1079815
1078717
1076774
1074991
1074937
1076499
1078946
1080367
1081237
1081400
1080827
1080722
1079511
1078064
1076732
1074904
1074656
1074063
1073150
1074770
1076666
1078444
1080804
1082185
1082659
1083009
1084732
1086961
1088084
1090294
1093647
1096726
1100119
1103204
1105080
1105379
1103756
1101059
1098500
1095950
1093209
1090933
1088636
1086262
1084569
1083250
1081781
1079696
1076997
1073215
1068338
1064068
1061874
1062815
1065904
1068491
1070044
1071995
1074410
1076158
1078175
1080049
1080367
1080130
1079142
1077868
1076384
1076016
1078565
1079878
1080630
1081414
1079336
1077056
1075006
1073739
1072304
1069543
1068982
1068886
1069165
1071175
1073052
1075903
1079470
1083746
1089000
1094202
1099316
1103679
1108059
1112438
1114650
1114158
1112112
1108963
1104862
1100527
1096193
1091714
1086847
1082338
1078089
1074143
1071194
1067650
1065238
1064528
1062904
1062266
1061650
1061608
1062770
1063925
1068069
1069489
1070569
1073979
1073606
1076755
1078940
1077664
1080679
1081916
1081373
1080527
1077753
1075482
1072900
1071801
1073461
1074570
1076244
1078251
1078120
1077985
1077600
1076832
1076472
1076012
1075385
1073790
1073130
1073103
1072845
1072550
1071123
1071106
1072733
1075145
1079107
1084240
1088715
1090062
1089725
1087944
1085013
1083086
1082463
1084830
1089480
1094598
1100451
1106099
1110940
1114641
1115666
1114381
1112692
1111548
1110179
1106877
1103029
1098638
1094890
1091605
1088346
1089402
1086638
1084706
1088711
1084700
1082546
1084092
1080427
1078269
1077365
1077697
1076763
1074673
1075274
1073726
1071514
1070556
1068205
1064906
1061413
1060333
1061680
1063185
1065360
1066654
1066227
1065827
1064914
1061914
1057813
1057861
1062544
1063995
1060465
1055201
1049437
1047270
1050109
1055989
1064130
1071502
1075736
1080718
1090994
1102150
1111289
1115301
1111741
1110752
1109089
1104621
1107670
1108384
1107394
1112919
1109695
1101410
1095794
1082227
1072387
1071014
1068236
1070543
1074368
1075749
1079880
1082090
1083301
1085176
1084132
1082552
1079398
1073981
1070621
1068321
1066525
1067869
1069149
1069860
1070317
1068051
1067576
1067353
1063882
1062026
1061903
1059356
1056660
1056832
1057615
1057378
1057663
1060186
1060194
1061666
1064277
1063080
1067981
1070739
1070595
1075422
1077009
1078823
1079956
1077894
1076360
1073931
1071770
1070647
1069132
1068284
1069692
1071143
1072007
1070185
1066915
1067978
1066929
1065340
1070587
1075254
1078765
1082543
1082664
1081529
1079110
1076122
1075520
1075766
1077831
1082236
1086132
1089370
1091665
1092234
1092346
1092744
1093687
1094158
1093473
1093012
1092870
1093793
1096554
1100102
1104253
1107957
1109997
1110020
1107988
1105119
1102050
1099530
1097575
1096649
1096769
1098094
1098690
1095265
1096441
1095895
1088574
1090600
1089155
1082501
1086256
1085772
1082829
1085394
1081295
1076567
1076111
1072225
1069508
1068211
1065784
1065012
1063691
1062398
1061679
1060266
1060009
1060269
1060442
1061280
1062186
1063459
1065148
1065454
1063890
1062042
1060526
1060099
1061022
1063104
1065601
1067043
1067570
1066650
1068787
1073663
1074391
1075575
1077909
1076212
1076605
1084304
1090609
1094211
1099801
1097954
1094749
1098473
1097365
1095980
1099956
1102489
1104999
1107512
1107791
1105770
1099388
1090931
1083379
1075803
1071613
1070507
1069067
1070166
1072169
1073815
1077626
1082438
1088497
1095448
1101574
1106720
1109387
1109255
1107895
1106178
1106864
1109152
1111004
1115281
1117719
1116846
1117076
1114722
1110072
1108342
1107192
1104911
1104917
1104114
1102834
1101280
1097268
1091988
1082110
1077793
1074006
1064023
1062426
1057610
1050999
1049216
1043022
1040636
1036695
1030552
1030174
1027702
1025640
1025900
1025485
1026835
1028984
1031937
1036493
1040895
1045711
1051719
1056966
1061992
1065716
1067432
1070670
1071894
1071063
1073958
1074878
1074252
1078664
1079948
1080985
1087028
1088885
1089161
1090171
1090457
1087995
1082773
1080780
1076840
1072586
1072044
1069994
1068865
1069232
1069363
1070005
1070615
1071024
1070796
1070786
1071230
1072010
1073395
1074280
1075091
1075610
1075575
1075701
1075228
1074900
1075873
1076918
1077422
1077317
1077103
1079434
1079558
1077035
1078523
1080231
1083384
1087522
1089659
1093714
1095471
1096556
1100493
1103276
1106991
1111995
1115759
1119783
1123488
1126198
1129189
1131760
1134017
1135260
1135204
1135001
1133514
1130900
1127670
1123656
1119151
1113936
1108601
1103677
1098798
1094979
1092970
1089345
1085750
1084619
1081090
1080440
1082488
1079600
1080490
1083407
1082151
1083211
1083910
1082545
1081857
1080144
1078994
1078719
1077340
1076180
1075317
1074546
1075117
1075369
1075179
1075287
1074138
1073036
1072722
1072228
1071975
1071316
1069702
1067764
1065118
1061510
1057632
1054498
1051500
1047419
1045650
1044440
1041840
1044024
1045817
1045461
1049443
1052209
1054285
1058984
1061952
1063165
1064329
1066401
1067364
1066595
1067431
1068925
1069944
1072129
1075527
1078044
1080075
1083651
1087401
1090314
1093344
1097082
1100295
1102758
1105174
1106603
1108271
1109151
1108900
1110239
1110642
1109306
1107478
1105095
1103821
1101322
1096899
1093245
1088335
1082944
1078658
1073608
1069208
1066214
1063646
1061323
1059141
1056575
1053327
1050863
1048833
1046928
1046069
1045458
1045011
1045296
1046160
1047156
1048766
1050747
1052409
1054925
1057986
1061451
1065102
1068836
1074116
1078049
1080423
1082342
1081891
1082708
1085135
1086193
1087028
1087152
1087038
1088426
1088435
1088754
1091400
1090608
1089959
1092120
1092464
1092873
1093905
1093398
1090237
1087334
1086525
1083820
1080926
1080103
1077694
1075277
1074197
1070181
1064503
1058442
1052757
1050507
1047637
1048924
1057903
1060540
1061829
1068436
1069934
1073242
1081469
1085766
1086089
1086544
1089782
1090784
1091199
1095409
1099712
1105492
1113438
1119184
1123068
1126088
1126307
1128748
1128423
1127673
1133999
1131142
1131683
1137181
1130518
1130653
1132838
1128329
1128844
1129892
1125736
1120080
1114350
1105228
1096005
1087976
1079683
1071429
1060824
1051411
1043816
1036016
1030960
1027785
1025762
1026255
1028834
1031388
1033373
1036447
1038669
1039841
1042225
1044894
1046307
1047640
1052173
1058778
1065845
1072915
1075189
1072775
1071743
1071071
1068674
1069785
1073358
1076620
1081412
1085627
1089844
1090077
1082884
1079157
1080627
1079886
1077660
1079184
1082837
1085411
1091201
1093462
1092781
1089982
1083047
1086111
1079578
1064410
1064727
1061148
1056860
1059784
1058436
1058521
1055352
1049662
1050763
1048029
1053090
1064116
1060199
1068318
1083187
1079747
1079366
1081896
1081940
1089448
1092008
1089112
1086554
1079996
1081594
1084940
1079368
1081291
1087217
1086199
1089721
1092850
1090534
1088814
1082664
1088415
1091130
1080050
1085996
1085005
1075797
1077066
1072269
1068628
1066184
1060913
1058977
1056903
1056326
1056550
1057411
1060576
1062453
1067102
1069869
1071308
1073010
1074596
1082198
1083583
1095017
1096328
1099598
1104875
1077838
1126000
1110602
1040611
1128345
1120628
1060044
1123228
1117173
1075570
1098079
1117825
1092621
1077449
1094718
1088993
1081052
1096946
1095267
1080803
1092200
1101688
1094700
1097831
1098353
1090675
1092773
1099869
1098728
1094379
1095174
1098640
1102210
1105993
1107751
1105674
1105492
1107705
1105713
1102527
1100856
1099057
1098668
1099898
1099868
1096838
1094170
1092539
1088828
1084805
1082202
1080000
1078809
1078449
1078143
1077093
1074806
1074350
1072814
1067617
1064496
1062679
1059875
1057125
1056224
1056376
1051658
1047633
1046349
1039014
1032878
1028544
1022725
1019179
1013490
1011906
1009008
1004679
1005666
1007419
1004322
1003381
1028111
1021847
1013653
1045330
1033393
1040151
1061697
1053795
1068092
1072744
1074207
1076689
1076662
1076875
1072522
1081480
1082074
1084453
1089684
1088321
1092146
1091581
1093495
1093420
1090776
1097419
1107430
1119594
1130126
1133145
1128547
1116644
1108982
1109658
1107869
1115135
1131198
1143399
1161138
1176896
1182948
1186417
1193399
1196995
1188647
1182600
1174606
1163480
1161336
1158796
1154618
1148809
1141121
1133763
1122727
1112057
1099489
1088422
1082491
1073000
1067796
1067877
1066645
1069715
1074332
1077200
1080936
1082018
1080621
1079043
1073010
1065830
1058786
1051817
1047982
1041156
1034058
1028755
1021213
1014980
1009828
1005318
1003165
1001949
1001091
1001807
1003417
1004672
1006098
1007389
1009477
1012879
1016256
1020850
1027069
1033272
1040053
1047570
1054135
1060063
1066028
1070558
1073679
1075407
1074165
1071720
1069049
1064375
1058442
1051883
1045237
1039582
1034753
1031551
1030746
1032603
1037267
1044534
1052031
1059050
1066046
1069556
1073125
1075751
1072907
1071362
1070500
1068771
1069078
1069355
1069749
1072228
1074073
1076226
1081671
1083601
1085487
1089393
1087034
1085878
1086759
1085610
1086445
1087094
1090958
1094908
1094291
1097477
1099466
1099809
1103883
1105766
1107671
1108164
1109162
1113512
1110261
1109882
1115192
1110473
1111488
1117703
1110846
1107054
1105465
1095989
1090954
1083950
1073660
1069522
1062439
1055536
1053242
1047279
1042251
1039965
1039288
1043753
1049036
1055191
1063458
1069520
1075319
1081607
1086477
1091952
1096531
1098644
1099604
1098583
1098049
1099424
1099990
1102125
1105561
1106868
1107746
1107256
1104640
1102423
1098548
1092225
1087404
1083239
1077742
1073128
1069014
1065463
1064294
1064174
1064366
1064228
1063217
1063034
1063099
1063019
1064245
1066188
1069502
1075041
1081153
1086490
1089807
1090797
1089899
1088171
1087684
1087758
1087060
1086387
1085771
1083883
1080839
1077819
1074758
1072744
1072863
1073827
1075363
1077673
1079333
1080226
1081142
1081509
1081607
1081966
1081689
1080285
1078183
1075070
1071052
1067981
1066528
1066218
1066292
1065540
1063533
1060433
1056940
1053616
1050935
1049756
1050836
1054116
1059154
1065076
1069905
1074231
1078872
1082912
1087041
1090580
1092870
1095006
1096740
1097485
1097232
1096644
1096437
1095941
1095124
1095412
1096641
1097817
1098048
1096668
1095072
1093994
1095250
1100462
1106571
1112742
1118264
1120863
1122367
1124188
1126300
1129043
1132220
1133890
1131408
1124914
1115712
1106061
1097029
1087609
1078936
1071531
1064990
1061042
1060477
1061156
1062421
1064138
1063776
1061383
1058070
1053977
1049975
1047484
1048872
1053358
1058064
1062103
1065379
1068718
1072643
1076475
1079793
1082513
1084856
1087069
1089369
1091134
1090947
1089523
1087983
1085552
1082295
1078672
1074616
1071191
1068556
1065340
1061734
1058408
1055127
1051896
1049123
1047577
1047786
1050135
1052999
1054060
1054123
1053516
1052042
1050596
1049602
1049534
1050635
1053399
1057379
1062217
1068367
1075099
1082561
1089758
1095397
1099656
1101572
1101717
1101007
1099626
1098782
1099251
1101138
1103840
1106502
1107917
1107908
1107298
1105601
1103239
1101137
1099577
1099260
1099595
1100389
1102215
1103317
1103077
1102636
1101817
1100826
1099970
1099864
1101277
1103288
1104820
1104692
1102393
1098925
1094907
1090660
1086102
1081602
1077933
1074970
1072525
1070142
1068180
1067107
1066989
1067846
1068563
1069345
1070356
1071143
1071851
1071897
1071816
1072321
1073267
1074737
1076180
1077393
1078934
1080411
1080957
1080067
1078370
1076764
1074690
1072425
1070202
1068508
1068732
1068972
1068541
1069307
1070114
1070771
1072686
1074535
1076303
1079117
1082043
1085342
1088897
1091975
1094793
1096978
1098774
1099834
1100029
1100006
1099338
1098075
1096900
1095861
1094250
1092718
1091955
1091096
1090169
1089341
1088636
1087844
1086602
1085305
1083879
1082485
1081323
1079978
1079047
1078738
1077993
1077147
1076353
1074522
1072645
1070922
1068479
1066552
1064866
1063460
1063393
1064357
1067021
1070752
1074718
1079252
1083393
1086964
1090303
1092937
1094895
1096620
1097654
1098106
1098665
1098941
1099165
1099361
1098923
1097621
1094965
1090974
1086321
1081678
1077059
1072626
1068679
1065259
1062548
1060239
1058865
1058334
1057994
1058080
1057930
1057591
1057188
1056706
1056843
1057142
1057645
1058505
1058916
1059298
1060061
1060603
1061221
1062649
1064210
1065112
1065454
1065058
1064372
1064200
1064744
1065713
1067162
1069868
1073372
1076792
1079009
1080076
1081830
1084262
1086620
1088231
1089399
1091306
1094174
1098147
1101825
1104182
1106471
1108978
1111012
1112911
1114879
1116454
1118221
1119194
1118138
1116058
1112372
1107343
1101907
1095192
1087993
1081252
1075089
1070933
1068722
1067684
1068886
1070964
1072138
1072830
1072373
1069620
1064868
1060629
1057725
1055184
1053939
1053942
1054588
1056803
1059395
1059943
1059554
1060070
1061903
1065484
1069718
1074386
1080558
1086636
1091141
1095002
1099030
1102961
1106121
1107663
1108172
1109244
1111385
1115305
1119444
1120612
1118821
1114597
1107893
1100197
1092532
1085016
1079446
1076335
1073268
1069767
1066613
1063344
1060088
1057169
1054290
1052161
1050814
1049147
1047774
1047236
1047269
1047617
1047843
1048383
1049842
1052609
1055252
1056042
1056198
1055540
1052435
1048571
1047934
1050773
1054316
1058543
1062293
1066045
1072873
1079591
1083578
1085842
1087010
1088943
1091916
1094653
1097133
1100602
1104512
1106431
1105519
1102411
1099287
1097749
1096948
1095786
1093931
1091854
1090373
1089391
1088089
1086490
1084874
1083024
1081020
1079083
1076977
1074153
1070507
1066839
1065089
1065052
1063721
1062646
1064028
1064912
1065802
1067707
1068040
1068231
1069592
1070791
1072094
1073466
1074538
1075614
1076888
1077652
1077057
1075712
1074235
1072787
1071880
1071740
1072322
1073746
1076230
1079421
1082649
1085458
1087158
1087515
1086998
1086573
1087189
1088153
1088917
1089550
1089055
1087834
1086579
1085258
1084526
1083564
1082587
1082391
1082101
1082175
1082640
1083522
1085624
1087909
1088899
1089342
1089627
1088371
1086759
1085165
1083804
1085374
1088109
1089833
1091899
1093594
1094723
1096996
1099383
1100898
1102320
1103757
1104580
1104003
1103163
1102964
1103036
1104380
1106538
1107866
1108228
1107745
1106359
1104166
1101664
1098682
1095359
1091881
1087382
1081941
1076242
1071423
1066781
1062539
1059949
1056498
1052837
1049974
1046734
1045008
1044676
1044876
1046006
1047668
1049938
1052426
1055248
1057955
1059402
1060626
1062634
1065842
1069891
1074207
1079069
1083402
1086589
1089339
1092535
1096770
1100722
1102813
1103856
1104583
1104608
1105073
1106356
1107716
1109408
1110351
1108761
1105097
1100590
1095240
1089807
1085491
1081822
1079202
1078506
1078316
1077901
1077572
1076179
1074089
1072645
1070889
1068893
1066843
1063701
1061037
1059529
1058297
1057569
1057403
1058351
1060991
1065328
1070110
1073943
1075988
1075178
1072242
1068302
1064761
1063715
1065264
1067937
1070307
1071881
1072143
1071066
1069519
1067599
1066636
1067564
1069378
1072670
1076027
1076480
1075633
1074857
1073510
1072376
1071388
1069668
1067112
1064359
1061151
1056684
1052055
1047692
1043807
1041635
1041136
1042795
1047157
1052719
1058711
1064904
1070239
1075424
1080599
1084560
1087843
1090978
1094172
1096630
1097630
1098541
1099571
1100332
1100808
1100152
1098582
1097583
1097319
1097425
1098396
1099275
1098987
1098128
1096713
1094554
1092079
1089368
1086621
1083589
1080265
1077695
1075801
1074846
1074743
1074666
1075559
1077213
1078627
1079101
1078130
1076106
1073354
1071133
1069765
1068820
1068115
1067284
1067161
1067285
1067254
1067176
1066213
1065404
1065726
1067430
1069623
1070802
1072584
1075051
1076991
1079145
1080628
1081715
1083246
1084588
1087218
1091404
1096439
1101287
1103490
1104307
1104514
1103627
1103404
1103608
1103562
1103868
1104922
1105692
1105698
1105616
1104599
1103348
1102583
1100946
1098386
1095416
1092366
1089500
1086620
1083637
1079926
1075435
1071962
1069803
1067094
1064410
1062866
1061567
1061219
1061009
1059098
1057502
1057611
1058394
1058881
1059350
1059828
1059984
1061499
1064573
1067796
1071177
1074121
1076024
1077103
1077335
1076944
1076155
1075139
1073080
1069363
1065634
1063722
1064280
1065642
1065282
1063241
1060008
1056533
1055405
1056218
1057437
1058847
1058607
1056460
1053499
1049924
1046913
1045140
1044992
1047270
1051357
1056394
1061997
1067413
1072526
1077265
1080595
1082114
1082646
1082367
1081084
1079773
1078988
1079170
1080864
1082692
1084202
1085948
1087413
1089027
1090629
1091658
1093104
1095226
1097903
1100915
1103455
1105958
1108640
1111143
1113340
1114687
1114973
1113864
1112029
1110717
1110066
1109301
1108339
1108040
1107627
1107330
1107279
1106664
1106046
1105216
1104576
1103764
1102085
1100637
1098495
1095049
1092110
1089674
1087334
1085925
1084977
1083947
1082568
1080528
1078154
1075439
1072738
1069672
1066025
1063116
1060280
1056755
1053273
1050098
1047706
1045866
1044561
1045017
1046382
1046951
1046823
1046979
1048593
1051051
1053937
1057701
1061095
1064055
1067248
1070991
1075716
1080386
1084578
1088269
1090998
1093717
1096575
1099242
1102186
1104379
1105347
1104969
1103075
1102074
1102799
1104289
1106466
1108354
1109976
1111461
1112005
1111468
1109376
1107229
1105110
1100965
1096496
1092370
1088283
1084827
1080884
1077127
1074137
1071100
1068251
1064363
1058989
1055072
1051829
1046455
1043564
1045214
1046138
1048139
1053090
1056061
1058329
1061004
1061198
1060065
1058031
1055769
1054237
1052002
1049839
1048270
1047589
1049660
1052126
1053814
1056009
1057599
1060434
1063522
1064686
1065913
1067758
1070968
1075035
1079874
1085523
1091059
1096855
1100923
1103415
1106218
1108997
1111751
1114107
1115910
1117131
1117297
1116188
1113427
1109748
1106033
1102561
1101009
1100816
1101236
1103155
1104014
1102990
1101448
1099186
1095906
1091460
1088628
1086892
1082709
1081280
1079188
1074758
1076190
1071777
1072138
1082624
1076704
1073834
1078432
1070012
1065586
1065316
1063243
1067382
1071263
1073630
1075937
1073080
1071773
1074847
1077328
1081187
1086844
1093528
1099387
1101743
1100755
1097428
1093108
1088414
1083321
1078449
1076344
1076469
1078342
1080770
1079263
1076807
1075182
1073660
1075224
1078618
1083270
1088607
1092458
1095127
1094699
1093964
1095684
1094612
1093514
1096157
1096429
1093436
1092321
1091564
1087893
1084874
1083552
1081089
1079140
1077758
1074411
1071779
1070570
1068486
1066459
1066695
1067162
1064321
1063756
1066448
1064554
1060747
1064427
1059623
1054385
1071960
1068654
1059683
1074499
1072238
1070196
1077424
1076356
1075914
1076517
1071771
1073340
1079475
1066809
1063733
1063998
1070654
1094347
1061699
1052475
1092552
1074729
1072148
1090975
1080474
1075634
1083758
1094153
1081300
1080999
1093004
1083754
1086908
1089362
1080875
1078116
1079507
1081502
1077988
1076341
1076751
1076516
1079276
1080502
1078024
1075722
1077321
1076904
1074314
1074762
1072887
1071025
1072285
1072555
1072462
1073246
1074829
1077343
1080460
1082790
1085040
1087272
1087390
1087978
1091712
1096646
1099999
1103257
1107822
1109822
1108288
1105081
1099661
1093023
1088208
1085767
1084416
1084291
1085732
1087367
1088261
1088910
1089958
1090698
1089835
1089818
1088868
1085087
1083991
1082633
1079782
1079975
1080434
1079062
1075929
1072438
1069400
1066250
1063460
1060681
1058521
1057955
1058484
1058683
1059306
1061899
1065583
1069970
1075239
1080785
1085605
1088998
1091258
1092517
1092781
1092498
1091516
1090457
1089001
1087085
1086544
1084136
1081965
1083039
1079591
1075568
1073355
1068248
1067758
1066970
1062391
1063672
1064225
1061585
1062842
1063412
1061926
1062328
1062695
1064132
1065652
1066640
1072176
1074837
1075304
1080869
1083917
1085995
1090014
1092720
1095209
1096728
1098142
1100573
1103322
1106447
1109029
1110483
1110598
1110176
1108407
1104313
1102131
1098748
1092926
1089701
1085077
1081105
1077556
1071489
1066995
1062745
1058862
1055119
1052149
1049311
1047490
1047726
1045253
1045856
1047343
1045923
1046316
1046790
1047886
1049199
1055352
1067428
1078328
1089385
1099869
1104763
1105497
1104723
1100665
1095254
1090432
1084979
1080759
1077618
1074317
1071605
1070268
1069541
1068989
1070352
1073004
1075921
1079936
1084622
1088526
1091689
1094722
1096754
1098450
1099919
1099945
1099965
1099464
1098494
1097957
1096798
1098609
1099317
1096938
1098491
1097023
1094944
1097143
1094815
1093565
1095295
1093806
1093517
1095614
1095213
1093884
1094170
1093398
1093183
1093612
1092758
1092267
1090779
1087753
1084984
1082523
1079853
1077959
1076235
1074020
1072055
1069054
1066516
1063972
1060789
1058490
1054086
1050797
1050018
1047872
1047326
1047255
1046685
1047981
1047618
1046958
1048078
1047982
1049498
1052371
1053741
1055872
1058197
1060901
1063661
1065755
1068452
1069750
1072322
1075820
1076791
1079200
1080377
1080460
1082870
1082505
1081992
1082942
1082133
1081902
1082022
1082270
1082731
1082190
1081205
1079432
1076731
1074023
1071313
1068908
1067788
1067130
1066922
1068151
1069872
1071543
1073231
1074688
1076341
1078541
1081247
1084461
1087999
1091174
1093251
1094548
1095290
1096089
1095843
1095016
1094723
1093086
1093905
1095094
1095518
1098509
1097748
1094443
1093427
1094345
1092089
1088991
1090062
1087525
1085629
1086607
1085517
1085516
1085159
1084648
1083933
1081924
1080873
1080063
1079397
1079001
1077187
1075222
1074169
1072960
1072998
1074184
1075437
1077729
1079362
1079445
1080243
1082134
1084086
1086441
1089090
1090977
1092936
1095488
1097772
1099657
1101228
1102667
1103304
1103465
1103375
1102059
1101051
1099662
1098147
1097755
1095790
1093892
1092329
1088887
1085528
1083379
1082078
1080636
1079444
1078353
1076829
1076060
1074675
1073169
1072541
1070912
1069071
1066707
1062714
1058730
1055397
1052738
1051262
1050355
1049015
1049310
1050989
1051628
1053293
1053298
1050097
1049661
1050802
1051287
1054571
1059063
1060750
1061128
1060838
1057016
1052981
1052256
1051443
1051138
1053145
1055372
1058009
1060918
1062636
1062729
1061858
1060503
1057981
1055591
1054170
1053029
1053063
1054596
1057024
1060525
1065304
1071217
1077917
1083888
1088402
1092846
1097237
1100792
1104282
1108196
1111317
1113002
1114556
1114372
1112242
1111409
1108974
1104322
1102145
1100844
1098046
1097869
1099507
1099506
1102709
1106282
1106691
1109085
1110710
1109592
1107758
1105353
1102954
1099236
1095016
1091022
1085833
1082399
1081785
1080719
1079479
1078621
1077417
1076684
1076363
1076070
1076233
1076815
1077316
1077898
1078718
1078992
1078952
1079807
1080665
1080841
1081066
1080789
1080775
1080464
1080585
1082565
1081253
1079959
1081021
1078414
1077749
1077714
1073746
1073268
1072740
1070989
1073621
1074004
1072761
1073408
1072539
1073271
1073937
1073519
1075832
1076527
1076451
1079094
1080728
1082306
1085175
1086517
1087394
1087623
1085756
1083409
1080202
1076585
1074261
1072532
1072371
1075105
1079141
1083237
1087214
1090779
1093775
1095364
1095526
1094050
1091281
1089502
1087964
1087636
1087682
1085387
1085873
1087052
1084624
1083398
1083195
1082276
1081744
1080603
1078094
1074973
1071941
1068032
1063028
1058669
1054838
1051464
1049061
1047184
1045902
1044272
1043641
1044050
1042115
1041376
1043070
1041799
1041853
1045620
1044721
1042350
1044365
1044674
1044287
1047530
1049871
1050628
1053297
1056247
1057662
1059683
1062260
1064104
1066893
1070348
1073447
1076878
1081075
1086349
1092235
1097901
1101366
1101968
1101723
1100040
1097388
1095372
1092623
1091571
1092294
1092773
1094242
1094848
1095902
1097688
1097141
1096841
1099081
1098870
1096405
1097487
1098164
1097516
1098633
1101358
1104645
1106729
1110169
1113385
1114088
1114993
1116227
1116334
1115859
1115854
1114833
1112878
1111262
1109310
1107415
1105952
1103578
1100649
1098387
1096670
1094562
1091639
1090437
1089135
1085667
1084443
1082874
1078926
1077344
1076695
1074562
1073206
1075115
1075340
1073171
1075733
1075741
1074900
1079442
1077945
1076954
1080553
1078720
1079123
1081410
1080629
1081449
1081052
1082357
1083485
1079983
1079921
1078842
1075863
1075961
1073800
1072020
1071755
1070570
1070741
1071117
1071204
1072092
1073444
1074599
1075656
1076811
1077067
1077687
1078298
1078287
1079650
1079267
1078368
1078896
1078329
1079137
1078433
1077357
1077927
1075666
1075926
1076540
1074132
1074341
1075019
1074823
1074804
1074658
1075546
1075473
1072894
1072414
1072079
1070465
1072351
1071816
1070196
1071833
1071369
1071075
1072272
1073276
1074474
1075264
1076129
1076835
1077518
1078066
1077809
1077250
1076363
1075364
1075065
1074598
1074046
1074815
1074891
1074019
1074359
1074101
1073400
1073812
1073476
1073137
1072856
1071812
1073347
1073782
1071289
1072464
1072193
1070874
1074610
1074709
1073581
1075379
1074708
1075416
1077312
1077597
1078875
1080568
1080606
1082183
1084617
1083381
1084249
1086253
1085652
1087056
1087723
1088316
1089880
1089266
1090904
1092188
1090872
1091962
1092049
1091882
1093622
1093246
1093244
1094328
1094233
1094438
1094773
1095152
1095291
1094913
1095000
1094416
1094289
1094057
1092310
1091023
1089136
1088470
1087485
1083729
1082370
1082607
1081091
1078331
1077708
1077312
1074387
1074886
1075318
1072723
1072670
1073204
1072395
1071497
1072358
1072843
1071108
1072079
1073322
1072307
1072121
1071535
1071158
1071430
1070601
1070312
1070279
1069665
1070430
1071190
1069960
1069629
1070563
1069732
1069546
1071079
1071070
1070255
1071328
1073397
1074125
1075009
1076379
1077555
1079787
1081356
1081972
1082934
1083912
1084650
1084521
1084195
1083633
1082449
1081597
1080556
1079144
1077603
1076453
1074769
1072825
1072607
1070521
1068043
1068016
1066442
1064071
1062745
1062540
1062874
1062697
1063070
1064495
1066310
1067713
1069641
1071943
1073554
1075954
1078510
1079830
1081186
1082642
1083497
1083817
1084091
1084480
1084051
1083778
1083133
1081325
1080962
1080556
1078389
1077055
1077599
1076916
1075061
1075981
1076132
1075142
1076624
1077134
1077704
1079396
1079776
1080532
1081869
1082945
1083662
1084264
1085446
1086115
1086303
1087073
1087207
1086789
1086494
1085868
1085369
1083648
1082797
1081851
1078193
1077762
1076844
1073732
1072305
1070140
1069893
1068296
1065203
1064392
1061949
1060889
1061399
1060098
1059094
1059020
1059180
1059222
1059695
1060408
1060557
1061238
1063043
1064487
1065219
1066778
1068443
1069721
1071915
1073756
1075498
1077426
1078654
1080377
1080806
1081666
1083757
1083142
1083352
1084149
1083558
1084618
1085296
1085171
1086135
1087028
1086663
1086404
1087846
1088848
1088326
1088798
1089933
1089439
1089223
1089936
1090012
1090617
1091575
1092326
1093554
1094713
1095645
1096389
1096791
1096913
1096440
1095910
1095505
1094948
1094913
1094795
1094554
1094225
1093392
1094228
1094713
1094260
1095836
1094651
1092516
1093114
1090571
1088406
1088159
1085953
1086964
1088338
1086054
1085647
1086266
1084286
1082566
1082734
1081754
1081931
1083756
1083670
1083715
1083259
1082206
1082043
1081202
1080122
1078712
1077097
1076120
1074759
1072650
1070553
1068749
1067474
1066545
1065160
1064258
1064107
1064003
1064679
1065532
1065995
1066698
1067837
1068892
1069355
1070979
1072441
1071944
1073518
1074551
1074369
1078458
1079396
1077841
1080559
1079836
1078349
1079969
1079535
1080833
1082722
1082162
1082863
1082801
1081038
1079024
1075733
1072439
1070344
1069175
1069063
1069578
1070279
1071533
1072636
1073719
1075675
1077218
1078407
1079175
1077991
1075631
1073316
1071923
1071496
1071784
1072703
1073388
1074492
1074747
1075313
1077203
1076769
1078462
1081720
1082100
1083282
1083745
1083788
1084357
1083212
1082404
1082373
1082848
1082967
1082503
1083206
1083494
1083400
1084144
1084078
1083427
1083449
1082925
1080776
1079394
1078996
1076610
1073592
1071947
1070116
1069075
1070969
1072124
1072177
1073621
1073786
1073240
1073175
1074513
1078675
1082876
1086829
1090414
1091848
1092188
1092037
1091073
1089550
1088583
1088518
1089443
1091411
1093447
1095713
1095953
1096105
1097736
1096237
1095957
1096680
1095303
1094792
1095352
1098038
1098014
1097856
1101292
1101629
1103159
1105708
1105132
1105126
1104992
1105015
1105123
1103441
1101480
1099291
1096577
1093785
1090194
1086435
1083355
1080435
1077672
1075329
1073020
1070880
1069708
1069226
1069065
1069140
1068853
1068829
1069526
1070128
1070759
1071671
1072847
1074428
1076377
1078653
1080436
1082001
1082841
1082956
1084967
1085216
1084401
1086294
1085304
1086346
1089583
1086592
1086455
1088079
1085164
1084588
1084275
1082432
1081754
1080689
1078971
1076819
1075024
1073916
1072579
1071178
1071057
1071038
1069328
1068519
1068201
1066945
1066446
1065433
1063971
1063128
1061932
1061013
1060081
1059167
1058988
1058350
1057930
1058038
1057808
1058162
1058987
1059587
1060365
1061615
1062878
1064047
1065310
1066556
1067723
1068351
1069242
1070300
1071059
1071996
1072466
1073473
1074470
1074236
1073887
1074856
1076224
1075594
1075590
1077566
1079601
1080285
1080537
1082729
1082591
1082044
1085201
1084783
1084235
1087152
1086392
1086606
1089782
1089902
1089738
1091048
1090865
1090602
1091347
1091695
1091759
1091106
1091587
1092548
1090976
1090943
1091333
1089343
1089418
1088827
1086985
1087576
1086873
1085761
1085689
1084792
1084771
1084611
1083198
1082101
1081574
1080791
1079694
1078542
1077340
1075788
1074123
1073843
1072998
1070651
1068807
1067211
1066073
1065242
1063817
1062285
1061100
1059989
1060132
1060983
1060859
1061508
1062448
1063262
1065558
1067600
1069042
1071197
1073048
1074846
1076818
1078417
1080204
1081586
1083026
1084881
1085993
1086880
1087667
1087888
1087996
1087911
1087239
1086334
1085636
1085016
1084485
1083973
1083536
1083102
1082775
1083443
1083246
1083331
1084991
1084026
1083881
1085530
1084044
1083245
1083694
1082522
1082458
1082431
1080678
1080354
1080657
1079606
1078637
1077948
1077044
1076172
1076039
1075961
1075150
1074859
1075324
1075547
1075631
1076312
1077036
1077716
1078955
1080078
1080907
1081795
1083461
1085116
1085257
1085790
1086833
1086178
1085783
1087474
1086876
1083661
1084179
1085055
1082614
1082305
1081699
1079113
1078800
1078110
1076174
1074781
1073341
1072628
1072160
1071263
1070718
1070248
1070331
1071307
1071425
1071642
1072276
1072079
1072662
1072840
1072374
1071700
1070874
1071648
1070463
1069173
1070063
1069190
1068424
1068081
1068656
1069691
1068567
1068919
1069980
1070223
1071929
1072877
1073325
1075414
1077281
1078542
1080216
1081825
1082942
1084218
1085916
1086947
1087501
1088326
1089399
1089950
1090453
1091833
1091726
1091543
1092512
1091672
1090747
1091992
1092234
1089610
1089190
1089922
1088868
1088999
1088158
1087933
1089116
1088373
1088765
1090128
1090420
1090628
1091307
1092253
1092349
1092070
1092469
1092854
1092588
1092451
1092373
1091822
1091348
1090574
1089345
1087909
1086636
1084983
1082757
1081170
1078775
1077644
1077165
1074434
1074277
1074372
1073152
1072789
1072000
1073383
1073516
1072280
1073532
1073621
1074232
1076040
1075774
1076273
1077933
1078179
1078564
1079413
1079600
1079383
1079633
1080268
1079485
1079258
1079548
1078267
1078217
1077957
1076318
1076635
1076367
1074472
1074818
1074943
1073861
1073864
1073389
1072999
1072713
1072660
1073069
1072185
1071852
1072113
1071578
1071413
1071142
1070496
1070062
1069541
1069080
1068622
1067893
1067257
1066861
1066304
1066219
1066233
1065964
1067171
1067621
1067635
1069748
1070902
1071152
1071949
1074060
1076254
1075974
1076741
1078431
1078808
1079571
1079814
1079994
1080775
1080917
1081455
1082089
1081865
1082324
1083327
1083430
1083743
1084628
1085025
1085380
1086327
1087099
1086732
1087420
1088879
1088164
1088050
1089171
1088807
1088071
1088402
1088515
1087207
1086784
1087095
1086033
1084803
1084152
1083881
1083008
1081858
1081636
1081253
1080184
1079997
1080567
1079410
1078574
1079711
1079420
1078055
1078173
1078828
1078122
1077057
1077114
1076916
1075814
1075346
1075399
1074702
1074289
1074553
1074150
1073780
1074109
1074087
1073949
1074536
1075041
1075361
1076376
1077464
1078326
1079456
1080930
1082163
1083386
1084968
1085690
1086938
1088303
1088307
1089397
1090595
1090751
1091041
1091786
1092643
1092213
1091877
1092768
1092639
1091989
1092385
1092229
1091275
1090789
1090565
1090061
1089458
1089221
1088791
1088116
1087667
1087214
1086445
1085535
1084907
1083863
1082930
1081753
1080094
1079574
1077841
1076107
1076381
1075380
1073658
1072701
1073095
1073360
1071575
1071431
1072352
1071496
1071460
1071557
1070664
1070435
1069782
1069215
1069405
1068803
1068651
1069238
1069209
1069531
1070237
1070715
1071090
1071324
1072895
1074111
1073926
1075634
1076664
1077314
1079204
1079089
1079913
1080942
1080783
1081512
1081580
1082425
1083077
1082566
1083282
1084124
1084308
1084541
1085201
1085786
1085833
1086178
1086966
1086929
1086450
1086764
1085859
1085015
1085240
1083078
1081735
1082328
1081120
1079443
1079122
1079839
1079206
1077717
1078610
1079279
1078656
1079708
1080143
1079667
1080687
1080922
1080871
1081771
1081796
1081811
1082404
1082394
1082080
1082382
1082526
1082263
1082608
1082233
1081955
1082879
1082404
1081337
1081583
1081160
1079345
1079405
1079232
1076783
1076607
1076398
1074840
1073933
1072815
1072966
1072443
1071127
1071703
1072010
1072053
1072871
1073666
1074463
1074822
1076078
1077381
1077752
1079721
1080699
1081045
1083517
1084697
1084243
1085185
1087506
1087898
1087091
1088319
1089272
1088833
1089147
1089577
1088649
1087987
1088125
1086827
1085295
1084800
1083296
1081451
1081003
1080183
1078736
1078330
1077578
1077349
1078182
1077982
1078213
1078630
1079667
1080021
1078655
1080448
1080235
1078708
1080868
1079505
1078931
1080357
1078693
1078568
1078152
1077289
1077916
1077223
1076818
1076830
1076365
1076591
1076433
1076054
1076108
1075773
1075650
1076159
1076317
1075959
1076095
1076356
1076806
1076766
1076446
1078026
1077747
1077335
1079611
1079736
1079572
1080318
1081285
1082928
1082686
1081898
1082475
1082779
1082322
1082073
1081480
1080644
1080843
1080763
1079875
1079658
1079525
1079178
1079347
1079870
1079840
1078950
1079503
1080804
1080365
1080526
1082086
1082188
1082278
1084217
1084303
1083749
1085154
1085441
1084849
1084726
1084816
1084277
1082791
1082018
1081412
1079747
1078318
1077858
1076173
1074769
1075292
1073894
1072712
1073831
1073345
1071842
1072260
1073750
1073157
1072257
1073592
1074254
1074034
1074735
1075453
1075299
1075435
1076672
1076934
1076802
1078089
1078549
1078500
1079825
1080742
1080688
1081461
1082594
1082839
1083594
1084439
1084337
1085446
1086986
1086866
1087613
1089330
1088804
1089346
1090780
1089092
1088704
1089125
1088002
1087409
1086557
1086657
1086512
1084994
1084775
1084449
1083365
1083013
1082797
1082231
1081449
1080886
1080608
1079668
1078733
1078337
1077325
1076713
1076246
1075248
1074906
1073690
1072643
1073004
1071897
1070004
1069795
1070235
1068969
1067422
1067822
1067555
1066207
1066475
1066528
1065246
1065067
1065380
1064573
1064019
1064167
1063713
1063570
1064204
1064232
1064517
1065601
1066386
1067078
1068242
1069233
1069765
1070618
1071180
1071779
1072878
1073235
1074153
1075634
1076022
1076460
1077738
1078843
1079121
1079936
1081644
1082403
1083279
1085309
1086364
1086916
1088371
1089422
1089461
1090034
1090400
1089405
1089801
1089806
1087836
1087743
1087696
1085388
1084088
1084951
1084502
1082037
1081456
1081830
1080185
1079240
1079541
1078392
1077568
1077706
1077097
1076781
1076569
1076097
1076348
1076282
1075938
1076334
1076121
1075479
1076128
1076434
1075357
1075558
1076178
1075097
1074964
1075549
1075481
1075977
1076298
1077061
1078350
1078846
1079213
1080268
1081975
1082715
1083125
1084937
1086111
1086462
1087841
1088826
1088552
1088938
1089839
1089562
1089689
1090123
1089522
1089941
1089708
1088564
1088947
1088278
1086334
1086047
1086973
1085704
1083293
1083481
1083279
1081409
1080838
1080287
1078987
1078146
1077712
1077244
1076250
1076030
1076731
1076633
1076746
1077950
1078603
1078341
1079059
1080270
1080079
1079855
1080563
1080119
1078982
1079194
1078547
1077317
1077261
1076409
1075740
1075745
1074820
1073709
1073680
1074029
1073041
1072361
1073049
1072866
1072502
1073523
1073974
1073532
1074402
1075315
1075170
1075782
1076466
1076682
1077042
1077710
1078490
1077660
1077396
1078585
1077673
1075969
1075794
1076014
1074843
1073257
1073435
1073310
1072099
1072197
1072543
1071996
1072055
1072720
1072901
1073175
1074433
1075368
1076047
1078027
1079805
1080958
1083011
1085160
1086921
1088717
1090201
1091385
1092318
1092910
1093124
1093018
1092472
1091738
1091169
1089969
1088975
1088096
1086205
1085146
1084152
1082015
1080835
1080457
1079344
1078333
1078702
1078940
1078700
1079855
1080912
1081273
1082523
1084053
1085247
1085973
1087309
1089122
1089358
1089730
1091480
1092183
1091675
1092000
1092728
1092470
1092459
1093167
1093049
1092798
1093292
1093159
1092587
1092722
1092791
1092406
1092275
1092111
1091641
1091122
1090339
1089607
1089008
1087969
1087130
1086789
1086120
1085282
1084970
1084771
1084367
1084258
1083987
1083412
1082841
1082342
1081814
1080759
1080359
1079826
1078327
1078082
1077638
1075992
1075471
1075665
1074822
1073859
1074291
1074604
1074158
1074923
1075945
1075727
1076268
1077272
1077260
1077738
1078274
1078380
1078573
1078069
1077976
1077941
1076524
1075533
1075606
1074968
1073436
1072753
1072492
1071090
1070235
1070170
1068869
1067827
1067983
1067549
1066988
1067364
1067684
1067789
1068790
1069864
1070266
1071306
1072435
1072807
1073561
1074321
1074518
1074933
1075427
1075614
1075831
1076294
1076574
1076644
1076772
1076454
1075948
1075693
1075193
1074709
1074542
1074394
1074357
1074493
1074672
1074866
1075209
1075560
1075693
1075990
1076306
1076368
1076498
1076473
1076370
1076453
1076365
1076247
1076206
1076081
1076031
1076092
1076210
1076302
1076537
1076951
1077174
1077456
1077784
1077888
1078135
1078329
1078369
1078475
1078516
1078546
1078358
1078176
1078007
1077770
1078085
1077896
1077558
1078152
1077928
1077393
1078153
1078756
1078410
1078888
1079901
1079807
1080361
1081788
1081994
1082398
1083541
1083538
1083596
1084009
1083660
1083616
1083283
1083034
1083537
1082652
1081420
1081952
1082460
1081475
1081071
1081933
1081702
1081456
1082746
1082975
1082737
1084188
1085031
1085113
1086337
1087469
1088099
1089214
1090249
1090683
1091215
1091990
1092246
1092342
1092701
1092747
1092741
1092927
1092821
1092537
1092315
1091923
1091326
1090781
1090145
1089320
1088548
1087797
1087151
1086742
1086397
1085971
1085321
1084513
1083728
1082998
1082282
1081502
1080639
1079619
1078616
1077830
1076975
1076033
1075295
1074592
1073745
1073138
1072638
1072069
1071897
1071592
1071123
1070766
1069882
1069142
1068847
1068291
1067765
1067585
1067454
1067237
1067238
1067290
1067100
1067133
1067372
1067390
1067540
1067916
1068111
1068354
1068873
1069352
1069834
1070621
1071359
1071908
1072663
1073403
1073977
1074640
1075266
1075769
1076252
1076770
1077401
1077928
1078134
1077976
1077331
1076545
1075709
1074715
1073952
1073043
1071986
1071355
1070803
1070407
1070497
1070969
1071728
1072775
1074208
1075688
1077040
1078541
1080071
1081538
1082874
1083746
1084572
1085337
1085611
1086057
1086152
1085766
1085822
1085515
1084997
1084896
1084745
1084767
1084930
1085051
1085396
1086020
1086756
1087437
1088283
1089365
1090368
1091434
1092507
1093127
1093791
1094357
1094120
1093888
1093575
1092739
1091967
1090712
1088974
1087722
1086469
1084847
1083723
1082987
1081826
1080685
1079812
1078694
1077708
1077165
1076686
1076280
1076186
1076151
1076074
1076439
1076858
1076918
1077296
1077682
1077692
1077904
1078092
1078176
1078563
1079097
1079608
1080234
1081155
1082164
1083138
1084256
1085328
1086414
1087588
1088449
1089161
1089857
1090397
1090761
1090755
1090751
1090757
1090287
1089760
1089364
1088857
1088332
1087847
1087226
1086447
1085813
1085273
1084832
1084644
1084353
1083978
1083723
1083357
1082890
1082298
1081526
1080891
1080455
1080044
1079520
1078715
1077809
1076953
1076145
1075527
1074754
1073947
1073419
1072664
1072007
1071475
1070815
1070369
1069898
1069566
1069013
1068394
1068430
1067928
1067284
1067610
1067534
1066840
1066966
1067323
1067016
1067216
1067686
1067374
1067382
1067814
1067642
1067780
1068285
1068221
1068373
1068664
1068865
1069331
1069757
1070771
1071954
1072538
1073785
1075684
1076841
1077758
1079429
1080676
1081082
1082056
1082893
1082862
1083238
1083744
1083631
1083616
1084096
1084247
1083991
1084275
1084470
1084153
1084324
1084486
1083815
1083365
1083192
1082448
1081783
1081403
1080921
1080443
1080139
1079818
1079523
1079623
1079670
1079658
1079876
1080062
1080274
1080498
1080750
1081031
1081327
1081679
1081841
1081943
1082181
1082341
1082415
1082517
1082519
1082458
1082554
1082703
1082714
1082689
1082775
1082868
1082903
1082864
1082766
1082634
1082316
1081853
1081273
1080621
1080060
1079531
1078992
1078417
1077856
1077340
1076773
1076265
1075956
1075444
1074977
1075248
1075375
1075627
1076634
1076896
1076829
1077700
1078246
1077725
1077886
1078440
1078036
1078396
1079342
1079621
1079822
1080010
1080692
1081046
1080244
1080258
1080949
1080432
1079640
1079693
1079482
1078535
1078372
1078531
1077449
1076965
1077168
1076442
1075941
1075623
1074759
1074030
1073511
1072759
1072084
1071767
1071205
1070849
1071118
1071119
1071195
1071804
1072400
1073221
1074310
1075196
1076176
1077433
1078623
1079751
1081051
1082480
1083774
1084986
1086203
1087046
1087710
1088327
1088528
1088782
1088994
1088840
1088811
1088560
1087931
1087416
1086718
1085739
1084789
1083827
1082908
1081909
1080815
1079938
1079006
1077989
1077100
1076106
1075160
1074266
1073297
1072604
1072172
1071901
1071861
1071884
1071936
1072067
1072280
1072541
1072831
1073390
1074234
1075139
1076137
1077413
1078677
1079616
1080727
1081517
1081666
1082342
1082948
1082816
1082844
1083006
1082793
1082033
1081435
1081225
1080132
1078854
1078428
1077572
1076302
1075516
1074722
1073873
1073676
1074126
1074444
1074541
1075032
1075313
1075280
1075920
1076207
1075879
1076250
1076408
1075975
1075843
1075540
1074948
1074532
1074114
1073629
1073471
1073751
1074035
1074317
1074918
1075565
1076211
1077074
1077981
1078911
1079753
1080689
1081863
1082651
1083510
1084665
1085339
1086353
1087908
1088710
1089249
1090362
1091061
1090865
1090807
1090724
1089722
1088930
1088626
1087688
1087053
1086847
1085977
1085237
1084851
1084093
1083495
1083309
1082895
1082347
1082159
1082096
1081813
1081682
1081579
1081224
1081229
1081238
1081028
1081198
1081329
1081426
1081606
1081660
1081770
1081761
1081929
1082206
1082321
1082868
1083354
1083404
1083656
1083648
1083138
1082836
1082474
1081880
1081553
1081136
1080575
1080204
1079725
1079239
1078998
1078825
1078841
1079239
1079636
1079984
1080461
1080681
1080925
1081357
1081579
1081979
1082283
1082154
1082108
1081786
1081198
1080764
1080170
1079646
1079145
1078450
1078006
1077573
1077068
1076864
1076627
1076162
1075959
1075853
1075572
1075721
1075911
1075885
1076225
1076556
1076787
1077054
1077146
1077193
1077272
1077361
1077488
1077662
1077870
1078013
1077991
1078105
1078295
1078217
1078360
1078623
1078529
1078483
1078418
1078155
1078122
1078076
1077706
1077465
1077402
1077301
1077220
1077171
1077303
1077557
1077913
1078548
1079095
1079708
1080757
1081660
1082578
1083781
1084711
1085710
1086943
1087642
1087961
1088616
1089056
1088714
1088386
1087951
1086821
1085751
1084645
1082924
1081306
1079814
1077963
1076359
1075232
1074134
1073254
1072932
1072841
1072829
1073145
1073592
1074029
1074645
1075261
1075700
1076239
1076826
1077191
1077677
1078244
1078542
1078868
1079124
1079145
1079184
1079043
1078785
1078521
1078034
1077619
1077312
1077015
1076942
1077041
1077257
1077366
1077254
1077183
1077090
1076973
1076870
1076575
1076276
1076013
1075644
1075354
1075037
1074661
1074283
1073778
1073440
1073355
1073097
1072850
1072863
1072850
1073019
1073421
1073774
1074369
1075115
1075623
1076109
1076604
1077015
1077624
1078084
1078274
1078891
1079495
1079704
1080273
1080935
1081233
1081572
1081913
1082142
1082359
1082535
1082665
1082649
1082575
1082521
1082387
1082209
1081947
1081580
1081152
1080592
1079832
1079069
1078517
1077980
1077567
1077465
1077358
1077295
1077403
1077474
1077630
1078000
1078304
1078571
1078999
1079238
1079258
1079405
1079585
1079677
1079829
1080026
1080060
1080071
1080094
1080040
1080123
1080262
1080412
1080642
1080847
1081064
1081267
1081491
1081791
1082139
1082599
1083047
1083433
1083823
1084208
1084576
1084856
1085134
1085231
1085233
1085527
1085390
1084842
1085004
1084990
1084112
1083821
1083482
1082606
1082588
1082090
1081085
1081176
1080618
1079236
1079128
1079166
1077957
1077411
1077657
1076845
1076262
1076579
1075944
1075136
1075397
1075219
1074571
1074649
1074476
1073891
1074103
1074360
1074037
1074185
1074512
1074296
1074281
1074383
1074148
1074271
1074704
1074952
1075355
1075914
1076326
1076776
1077279
1077665
1078085
1078611
1079077
1079561
1080147
1080621
1081036
1081495
1081821
1082032
1082320
1082684
1082822
1082920
1083138
1083039
1083001
1083148
1083058
1082977
1082870
1082798
1082812
1082475
1082042
1081968
1081958
1081762
1081606
1081548
1081447
1081287
1081216
1081136
1080909
1080879
1080888
1080600
1080379
1080263
1080009
1079872
1079865
1079689
1079571
1079542
1079442
1079568
1079821
1079938
1080112
1080307
1080377
1080482
1080684
1080833
1080997
1081443
1081849
1081937
1082100
1082200
1082087
1082124
1082142
1082006
1082063
1082193
1082128
1082105
1082035
1081778
1081776
1081668
1081048
1080667
1080355
1079426
1078701
1078332
1077336
1076351
1075787
1074798
1073943
1073572
1073022
1072618
1072655
1072830
1073122
1073709
1074567
1075376
1076325
1077597
1078583
1079471
1080568
1081235
1081739
1082263
1082286
1082245
1082175
1081656
1081161
1080716
1079944
1079180
1078485
1077668
1077009
1076441
1075750
1075222
1074952
1074617
1074332
1074361
1074369
1074508
1074929
1075143
1075452
1076005
1076280
1076566
1076967
1077039
1077189
1077507
1077659
1077927
1078214
1078399
1078734
1079090
1079417
1079833
1080122
1080513
1081113
1081248
1081249
1081834
1082266
1082044
1082254
1082452
1081675
1081739
1082089
1080715
1080091
1080928
1080294
1079347
1079878
1079705
1079041
1079533
1079507
1078533
1078380
1078616
1078035
1077735
1078163
1077912
1077788
1078421
1078275
1078180
1078821
1078901
1078966
1079451
1079630
1079829
1080340
1080836
1081276
1081920
1082673
1083232
1083716
1084174
1084697
1085218
1085549
1085892
1085992
1086023
1086122
1085765
1085344
1084964
1084411
1083708
1083153
1082740
1081783
1081362
1081139
1079824
1079450
1079904
1079269
1079068
1079952
1080068
1080092
1080881
1081301
1081723
1082173
1082451
1083159
1083236
1082545
1082713
1082923
1081701
1080951
1080960
1079661
1078602
1078795
1078023
1076863
1076881
1076521
1075577
1075364
1074923
1073988
1073794
1073686
1072988
1072703
1072687
1072407
1072417
1072601
1072648
1072831
1073199
1073450
1073664
1074160
1074541
1074809
1075269
1075621
1075998
1076383
1076677
1077175
1077560
1077842
1078148
1078279
1078552
1078711
1078630
1078659
1078632
1078643
1078596
1078426
1078420
1078469
1078555
1078593
1078507
1078581
1078560
1078251
1078239
1078249
1077912
1077957
1078042
1077731
1078030
1078402
1077889
1078048
1078820
1078556
1078470
1079063
1079016
1079087
1079849
1080221
1080427
1081262
1081959
1082115
1082697
1083435
1083707
1084318
1085096
1085468
1085930
1086438
1086668
1086768
1086900
1086898
1086720
1086649
1086480
1086132
1085834
1085424
1084987
1084603
1084094
1083526
1082863
1082162
1081414
1080480
1079668
1078886
1077959
1077137
1076296
1075545
1075003
1074514
1074082
1073764
1073745
1073756
1073843
1074169
1074543
1074879
1075129
1075828
1076191
1076291
1077431
1077828
1077442
1078386
1079302
1078888
1079050
1080130
1080086
1080028
1081054
1081109
1080929
1081595
1082008
1082117
1082058
1082670
1083383
1082719
1082672
1083962
1083959
1083040
1083550
1084060
1083414
1083691
1084491
1084125
1084312
1085378
1085238
1085157
1085967
1085859
1085752
1086449
1086470
1086344
1086757
1086777
1086629
1086769
1086765
1086670
1086763
1086831
1086664
1086525
1086486
1086410
1086360
1086238
1086220
1086224
1086092
1086097
1085975
1085962
1086111
1086168
1086117
1085960
1086291
1086088
1085646
1086344
1086318
1085697
1086331
1086888
1086212
1085931
1086462
1085881
1084899
1085036
1084358
1082954
1082724
1082150
1080815
1080464
1080159
1078841
1078839
1079234
1077644
1077562
1078686
1077284
1076331
1077958
1078230
1076518
1076828
1078104
1077209
1076856
1078180
1077860
1077334
1078668
1078764
1078028
1078733
1078904
1078378
1078755
1078942
1078478
1078577
1078845
1078370
1078096
1078210
1077706
1077290
1077292
1076895
1076479
1076261
1075813
1075224
1074766
1074404
1073899
1073425
1073052
1072653
1072392
1072218
1072153
1072115
1072182
1072281
1072200
1072569
1072562
1072334
1073182
1073316
1072965
1073949
1074630
1074306
1074733
1075439
1075130
1075311
1076032
1075871
1075735
1076229
1076646
1076351
1076536
1077722
1077532
1076943
1078147
1078889
1078334
1078784
1079924
1080051
1080271
1081399
1081708
1081534
1082501
1083050
1082699
1083170
1083413
1082789
1082774
1082684
1081958
1081857
1081890
1081460
1081477
1081566
1081289
1081312
1081383
1081136
1080960
1080821
1080521
1080214
1079887
1079568
1079347
1078982
1078628
1078531
1078466
1078416
1078449
1078542
1078657
1078710
1078721
1078720
1078736
1078793
1078896
1079059
1079202
1079302
1079400
1079452
1079534
1079666
1079670
1079657
1079843
1080092
1080297
1080576
1080852
1080947
1081173
1081649
1081830
1081846
1082192
1082416
1082265
1082312
1082379
1082117
1082077
1082114
1081833
1081712
1081671
1081309
1081058
1081032
1080778
1080579
1080608
1080602
1080720
1080981
1081253
1081541
1081835
1082004
1081977
1081945
1081815
1081522
1081285
1081007
1080719
1080397
1079856
1079316
1078792
1078223
1077798
1077475
1077162
1076893
1076687
1076478
1076296
1076300
1076321
1076192
1076120
1075984
1075702
1075605
1075424
1075426
1075696
1075431
1075649
1076180
1075747
1075918
1076923
1077080
1077102
1078235
1078994
1079134
1080446
1081284
1081572
1083001
1083411
1083665
1085047
1084589
1083558
1084398
1084315
1082559
1082109
1082152
1080627
1079821
1080140
1078982
1077947
1078389
1077963
1077151
1077467
1077445
1077002
1077500
1077846
1077562
1077890
1078200
1078108
1078490
1078895
1079016
1079294
1079607
1079781
1079852
1079900
1079899
1079855
1079984
1080221
1080348
1080639
1081133
1081591
1082066
1082479
1082934
1083124
1083364
1083790
1083384
1083488
1084124
1083518
1083188
1083930
1083837
1082922
1083054
1083284
1082305
1082259
1082618
1081578
1081488
1081734
1081132
1081303
1080814
1080518
1081396
1080723
1079839
1080884
1081436
1080286
1080326
1081350
1080547
1079996
1080586
1079676
1078639
1078853
1078253
1077039
1076610
1076018
1075239
1075061
1074599
1074136
1074341
1074361
1074272
1074496
1075050
1075768
1076014
1076517
1077557
1077928
1078430
1079228
1079308
1079501
1079992
1080113
1079645
1079669
1080244
1079567
1079274
1079802
1078826
1078093
1078747
1078391
1077187
1077200
1077208
1075959
1075724
1075877
1074563
1074373
1074375
1072972
1073349
1073748
1072123
1072175
1073528
1072806
1072081
1073421
1073753
1073121
1074354
1075171
1074401
1075009
1075993
1075445
1075490
1076163
1075786
1075783
1076498
1076330
1076182
1076805
1077053
1077363
1078243
1078822
1079363
1080224
1080877
1081430
1082079
1082692
1083323
1083939
1084493
1084964
1085345
1085736
1086081
1086386
1086690
1086960
1087170
1087336
1087423
1087266
1087037
1086595
1086193
1085954
1085119
1084723
1084583
1083385
1082800
1082917
1082018
1081323
1081737
1081494
1081119
1081839
1081925
1081990
1082767
1082728
1083316
1084369
1083868
1083947
1085273
1085144
1084367
1084922
1084892
1083813
1083915
1083988
1082752
1082274
1082359
1081499
1081026
1081237
1080766
1080458
1080749
1080458
1080168
1080381
1080266
1080131
1080235
1080064
1079781
1079569
1079319
1079051
1078802
1078642
1078434
1078172
1078043
1077842
1077513
1077304
1077132
1076935
1076768
1076553
1076357
1076204
1076117
1075932
1075726
1075645
1075328
1075416
1075401
1074786
1075138
1075309
1074567
1074909
1075692
1075405
1075285
1076092
1076175
1075789
1076631
1076802
1076057
1076741
1076666
1076213
1076961
1076118
1075717
1076703
1075614
1074522
1075695
1075875
1074301
1074566
1075530
1074435
1074271
1075525
1074962
1074485
1075712
1075669
1075175
1076159
1076418
1076244
1077096
1077363
1077211
1077630
1077676
1077496
1077550
1077428
1077205
1076998
1076818
1076521
1076071
1075816
1075531
1075187
1075137
1075144
1075179
1075391
1075758
1076230
1076713
1077329
1077893
1078569
1079389
1079800
1080565
1081492
1081534
1082129
1083164
1082975
1083020
1083565
1083583
1083653
1083490
1083598
1083833
1083191
1082973
1083332
1083022
1082385
1082327
1082245
1081668
1081655
1081846
1081269
1081090
1081571
1081456
1081428
1081874
1081955
1082214
1082849
1083204
1083477
1084055
1084492
1084720
1085139
1085243
1085052
1085058
1084915
1084557
1084272
1084024
1083713
1083382
1082952
1082271
1081570
1080874
1079996
1079214
1078477
1077771
1077247
1076819
1076580
1076226
1076207
1076274
1075780
1076106
1076374
1075646
1075796
1076454
1076019
1075678
1076425
1076314
1075984
1076699
1076785
1076889
1077161
1077171
1077966
1078168
1077591
1078309
1079375
1078995
1078926
1080027
1080121
1079903
1080937
1081183
1080613
1081248
1081508
1080971
1081266
1081279
1080715
1080722
1080949
1080812
1080493
1080675
1080999
1080733
1080686
1080953
1080921
1080859
1080908
1081140
1081288
1081352
1081515
1081542
1081588
1081601
1081680
1081307
1080905
1081013
1080033
1079378
1079570
1078412
1077290
1077470
1077214
1075813
1075215
1075393
1074392
1073717
1074251
1073655
1072882
1073658
1073681
1073499
1074424
1074475
1074738
1075344
1075187
1076022
1076610
1075956
1076554
1077899
1077568
1077027
1077931
1078146
1077668
1078560
1079202
1078647
1079261
1080549
1080565
1080929
1082188
1082457
1082830
1084141
1084669
1085020
1086060
1086760
1087250
1088126
1088780
1088950
1089387
1089867
1089679
1089636
1089858
1089309
1088767
1088747
1088141
1087351
1087032
1086468
1085736
1085332
1084847
1084157
1083708
1083272
1082537
1081929
1081427
1080656
1079920
1079344
1078571
1077756
1077138
1076394
1075622
1075113
1074526
1073874
1073426
1073061
1072735
1072577
1072564
1072599
1072784
1073087
1073375
1073780
1074351
1074967
1075735
1076691
1077629
1078652
1079742
1080754
1081825
1082831
1083762
1084701
1085482
1086133
1086611
1086851
1086982
1086949
1086759
1086636
1086521
1086100
1085687
1085381
1084850
1084993
1085081
1084440
1084997
1085383
1084544
1084944
1085774
1085198
1084944
1085649
1085360
1084687
1085154
1084868
1083789
1084005
1083415
1082419
1082672
1081302
1080344
1081110
1079731
1078078
1078863
1078877
1076877
1076561
1077404
1076123
1075356
1076221
1075414
1074425
1075211
1075007
1074139
1074587
1074532
1073895
1074155
1074088
1073482
1073494
1073494
1073157
1073132
1073195
1073076
1073058
1073292
1073418
1073380
1073695
1074066
1074252
1074642
1075005
1075285
1075710
1076197
1076740
1077227
1077739
1078332
1078791
1079422
1080118
1080517
1080990
1081459
1081867
1082379
1082688
1083123
1083600
1083662
1083902
1084238
1084175
1083867
1083780
1083753
1082987
1082258
1082121
1081702
1081174
1081145
1081000
1080656
1080999
1081156
1080786
1080950
1081079
1080780
1080721
1081043
1081284
1081240
1081345
1081457
1081126
1080829
1080600
1080044
1079688
1079445
1078891
1078394
1077911
1077338
1076857
1076449
1075994
1075618
1075446
1075191
1075057
1075141
1075137
1075254
1075415
1075717
1076077
1076136
1076647
1076908
1076526
1077098
1077348
1076562
1076923
1077645
1077258
1077251
1077888
1077847
1077671
1078445
1078831
1078529
1079599
1080007
1079237
1080701
1081713
1080380
1080800
1082534
1081837
1080789
1081788
1081665
1080450
1081056
1081228
1079905
1080113
1080637
1079831
1079918
1080210
1079572
1079556
1080059
1080132
1079887
1080133
1080680
1080341
1080398
1081176
1080329
1079730
1080753
1079918
1078603
1079341
1078865
1077515
1077880
1077548
1076150
1075783
1075468
1074203
1073343
1073620
1072941
1071861
1072553
1072664
1071706
1072073
1073080
1072975
1072818
1073971
1074425
1074123
1075395
1076357
1076216
1077244
1078355
1078532
1079106
1080370
1080674
1080213
1081553
1082472
1081272
1081598
1083180
1082957
1082125
1082673
1083002
1082278
1082312
1082598
1081727
1081513
1082211
1081545
1081166
1081821
1081271
1081066
1081486
1080863
1080687
1080832
1080176
1079821
1079825
1079426
1079015
1078917
1078748
1078430
1078277
1078125
1077790
1077567
1077477
1077301
1077178
1077118
1076913
1076821
1076962
1076967
1077033
1077261
1077438
1077733
1077929
1078276
1078694
1078743
1079335
1079923
1079738
1080229
1081236
1081219
1081219
1082004
1081982
1081639
1082009
1081779
1081011
1081325
1081343
1080237
1080698
1081323
1079917
1079800
1081252
1080838
1080053
1081001
1081088
1080224
1080753
1081160
1080243
1080200
1080950
1080421
1080167
1080763
1080148
1079733
1080444
1080374
1079959
1080593
1081029
1080603
1080934
1081275
1080681
1080829
1081086
1080528
1080509
1080575
1080159
1080142
1080107
1079722
1079671
1079796
1079733
1079836
1080074
1080103
1080149
1080342
1080386
1080236
1080123
1080003
1079669
1079210
1078863
1078573
1078103
1077507
1077115
1076885
1076368
1075876
1075845
1075708
1075511
1075667
1075672
1075656
1076067
1076530
1076890
1077517
1078392
1079014
1079878
1081120
1081746
1082329
1083213
1083579
1083992
1084616
1084606
1084489
1084606
1084386
1083990
1083733
1083364
1082709
1082342
1082097
1081527
1081286
1081208
1080949
1080931
1081082
1081218
1081548
1082088
1082531
1083012
1083711
1084310
1084768
1085144
1085305
1085313
1085228
1085018
1084712
1084390
1084061
1083732
1083470
1083228
1082932
1082675
1082526
1082290
1082012
1081859
1081717
1081576
1081461
1081334
1081130
1080880
1080675
1080386
1080053
1079677
1079217
1078864
1078548
1078171
1077778
1077429
1077110
1076813
1076626
1076480
1076480
1076342
1076138
1076509
1076547
1076136
1076501
1076694
1076059
1076144
1076365
1075773
1075883
1076017
1075456
1075515
1075385
1074915
1075039
1074675
1073948
1074405
1074733
1073885
1074193
1074924
1074270
1074646
1075613
1075265
1075593
1076721
1077075
1077407
1078247
1078751
1078928
1079574
1080128
1080270
1080816
1081245
1081422
1082110
1082545
1082540
1082948
1083352
1083406
1083564
1083690
1083597
1083580
1083658
1083575
1083429
1083405
1083275
1082979
1082766
1082549
1082125
1081618
1081162
1080656
1080070
1079568
1079043
1078515
1078220
1077847
1077438
1077220
1076951
1076732
1076694
1076742
1076739
1076785
1076985
1077094
1077155
1077263
1077364
1077414
1077425
1077451
1077397
1077352
1077301
1077103
1076946
1076760
1076433
1076123
1075817
1075558
1075279
1074986
1074829
1074578
1074364
1074217
1073962
1073811
1073595
1073356
1073302
1073214
1073216
1073247
1073239
1073418
1073585
1073885
1074319
1074652
1075215
1075769
1076307
1077092
1077739
1078413
1079216
1079963
1080850
1081752
1082440
1082998
1083535
1083992
1084275
1084500
1084591
1084478
1084360
1084098
1083653
1083198
1082657
1082085
1081467
1080795
1080200
1079703
1079361
1079108
1078904
1078843
1078836
1078886
1079036
1079198
1079453
1079756
1080045
1080329
1080542
1080787
1080945
1081054
1081186
1081135
1081173
1081242
1081192
1081258
1081235
1081138
1081140
1081152
1081224
1081258
1081240
1081281
1081242
1081200
1081147
1080952
1080764
1080571
1080295
1079923
1079596
1079461
1079196
1078940
1078951
1078624
1078297
1078630
1078649
1078417
1078765
1078976
1079126
1079455
1079444
1079717
1080172
1079956
1080017
1080728
1080742
1080542
1080983
1081027
1080785
1081031
1081058
1080755
1081013
1081354
1081205
1081462
1081820
1081636
1081821
1082103
1081943
1082066
1082227
1082088
1082161
1082291
1082159
1082062
1082150
1082086
1081854
1081766
1081575
1081345
1081373
1081264
1081164
1081252
1081150
1081185
1081442
1081403
1081256
1081344
1081254
1080777
1080434
1080173
1079685
1079367
1079208
1078873
1078672
1078617
1078413
1078296
1078265
1078146
1078126
1078279
1078397
1078442
1078590
1078639
1078616
1078816
1078959
1078975
1079093
1079202
1079214
1079287
1079411
1079457
1079527
1079543
1079457
1079441
1079357
1079218
1079177
1079100
1079036
1078993
1078964
1079066
1079195
1079447
1079774
1080059
1080451
1080816
1081149
1081453
1081658
1081845
1081930
1081926
1081890
1081782
1081644
1081470
1081247
1081014
1080746
1080501
1080255
1079958
1079812
1079679
1079399
1079186
1079015
1078774
1078558
1078412
1078296
1078261
1078268
1078265
1078294
1078324
1078384
1078541
1078713
1078806
1078942
1079106
1079175
1079238
1079279
1079306
1079356
1079415
1079482
1079487
1079568
1079713
1079830
1080088
1080409
1080734
1081162
1081630
1082042
1082432
1082799
1083017
1083201
1083422
1083569
1083703
1083816
1083898
1083949
1083953
1083928
1083820
1083652
1083454
1083181
1082774
1082308
1081856
1081390
1081038
1080734
1080264
1079807
1079440
1079027
1078647
1078355
1078103
1077857
1077679
1077587
1077559
1077639
1077817
1078172
1078597
1079042
1079652
1080187
1080664
1081273
1081754
1082118
1082595
1082970
1083085
1083165
1083223
1083174
1083083
1082947
1082794
1082635
1082394
1082129
1081911
1081573
1081197
1080913
1080592
1080366
1080195
1079985
1079873
1079835
1079818
1079765
1079721
1079734
1079674
1079633
1079642
1079552
1079511
1079557
1079527
1079519
1079591
1079621
1079611
1079607
1079599
1079606
1079629
1079635
1079657
1079782
1080013
1080221
1080433
1080775
1081103
1081376
1081643
1081810
1081996
1082221
1082321
1082347
1082358
1082278
1082116
1081882
1081545
1081202
1080813
1080386
1079981
1079481
1079013
1078608
1078230
1077962
1077690
1077526
1077435
1077225
1077095
1076989
1076819
1076723
1076535
1076343
1076257
1076057
1075881
1075797
1075728
1075727
1075733
1075813
1075975
1076060
1076288
1076483
1076466
1076961
1077165
1076998
1077848
1078235
1077891
1078742
1079596
1079143
1079330
1080129
1079678
1079452
1079897
1079443
1078631
1078781
1078822
1077398
1077304
1078026
1076306
1075415
1076657
1076286
1075061
1075671
1076204
1075392
1075747
1076746
1076088
1075986
1077206
1077071
1076893
1077692
1077523
1077360
1078002
1078033
1077729
1078021
1078106
1077775
1077957
1077984
1077608
1077712
1077809
1077614
1077643
1077709
1077612
1077649
1077830
1077894
1077904
1078036
1078149
1078240
1078381
1078380
1078325
1078333
1078339
1078388
1078411
1078433
1078483
1078436
1078441
1078398
1078224
1078303
1078175
1077965
1078277
1078108
1077848
1078286
1078371
1078118
1078357
1078906
1078775
1078724
1079690
1079655
1079098
1080082
1080669
1080301
1080986
1081690
1081457
1082009
1082967
1082845
1082856
1083575
1083633
1083493
1083925
1083827
1083393
1083589
1083576
1083075
1083049
1083101
1082734
1082723
1082896
1082612
1082410
1082405
1082142
1081936
1081831
1081453
1081112
1080922
1080579
1080157
1079770
1079341
1078903
1078501
1078021
1077492
1077158
1076882
1076468
1076222
1076093
1075960
1076008
1076179
1076360
1076607
1077015
1077201
1077552
1078175
1078170
1078628
1079423
1079184
1079554
1080556
1080283
1080082
1080817
1080746
1080362
1080907
1080908
1080367
1080718
1080514
1080170
1080644
1079982
1079836
1080722
1079909
1079486
1080877
1080920
1080011
1080952
1081722
1080993
1081561
1082594
1081982
1082036
1083092
1082703
1082213
1082715
1082171
1081416
1081697
1081233
1080392
1080525
1080321
1079612
1079595
1079446
1078822
1078765
1078682
1078243
1078312
1078436
1078262
1078282
1078404
1078460
1078501
1078569
1078630
1078686
1078834
1078856
1078885
1079182
1079346
1079409
1079532
1079642
1079872
1080030
1080088
1080107
1080084
1080089
1079896
1079659
1079509
1079271
1079111
1078937
1078731
1078721
1078685
1078631
1078685
1078765
1078845
1078920
1079199
1079388
1079407
1079663
1079765
1079921
1080381
1080456
1080560
1081148
1081527
1081590
1081824
1081937
1081628
1081572
1081584
1081165
1081106
1081249
1081013
1080984
1081051
1080804
1080704
1080775
1080660
1080615
1080734
1080668
1080549
1080641
1080614
1080465
1080497
1080415
1080186
1080015
1079702
1079238
1078825
1078540
1078206
1077850
1077611
1077256
1076892
1076737
1076616
1076553
1076607
1076689
1076850
1077091
1077349
1077614
1077980
1078447
1078802
1079108
1079429
1079682
1080021
1080384
1080663
1080953
1081191
1081401
1081563
1081636
1081712
1081720
1081708
1081688
1081592
1081513
1081319
1081068
1080895
1080613
1080336
1080039
1079596
1079277
1078984
1078617
1078372
1078173
1077990
1077819
1077614
1077500
1077442
1077380
1077334
1077262
1077230
1077271
1077337
1077360
1077406
1077498
1077513
1077526
1077537
1077594
1077746
1077841
1077963
1078134
1078271
1078395
1078445
1078463
1078546
1078637
1078702
1078778
1078842
1078830
1078755
1078663
1078565
1078518
1078474
1078338
1078307
1078325
1078216
1078166
1078092
1077935
1077840
1077748
1077706
1077687
1077658
1077728
1077836
1077986
1078172
1078345
1078562
1078824
1079136
1079477
1079774
1080063
1080397
1080731
1081012
1081222
1081446
1081587
1081583
1081669
1081757
1081738
1081736
1081669
1081524
1081406
1081161
1080850
1080700
1080327
1079848
1079730
1079291
1078628
1078647
1078433
1077666
1077439
1077205
1076708
1076421
1076082
1075996
1075865
1075372
1075491
1075921
1075779
1075768
1076110
1076095
1076124
1076625
1076815
1076745
1077270
1077689
1077585
1077898
1078127
1077905
1078139
1078355
1078179
1078308
1078510
1078467
1078613
1078883
1078951
1079166
1079564
1079782
1079979
1080183
1080295
1080530
1080781
1080975
1081261
1081416
1081507
1081655
1081628
1081632
1081708
1081724
1081784
1081746
1081681
1081679
1081626
1081580
1081533
1081552
1081631
1081640
1081655
1081692
1081740
1081788
1081809
1081883
1081954
1081960
1081947
1081904
1081905
1081885
1081726
1081604
1081533
1081270
1080925
1080797
1080580
1080150
1079947
1079753
1079289
1078962
1078833
1078560
1078382
1078427
1078255
1078052
1078043
1077895
1077656
1077552
1077392
1077099
1076937
1076769
1076491
1076387
1076283
1076026
1075810
1075581
1075271
1075026
1074917
1074815
1074717
1074782
1074927
1075072
1075296
1075544
1075849
1076292
1076836
1077347
1077763
1078429
1079132
1079450
1080122
1080882
1081122
1081879
1082610
1082376
1082526
1083169
1083081
1082917
1083281
1083125
1082772
1083002
1082827
1082305
1082347
1082346
1082003
1082088
1082210
1081846
1081759
1081754
1081356
1081225
1081233
1080999
1081020
1081150
1080933
1080783
1080843
1080730
1080616
1080725
1080733
1080623
1080682
1080646
1080458
1080454
1080349
1080118
1080133
1080118
1080014
1080028
1079944
1079830
1079814
1079735
1079627
1079583
1079564
1079538
1079533
1079537
1079448
1079384
1079407
1079331
1079302
1079356
1079347
1079393
1079418
1079468
1079586
1079628
1079779
1079946
1080037
1080202
1080323
1080453
1080598
1080720
1080821
1080826
1080864
1080900
1080907
1080931
1080894
1080872
1080837
1080725
1080644
1080557
1080373
1080173
1079998
1079837
1079675
1079521
1079389
1079192
1078967
1078723
1078394
1078095
1077794
1077477
1077152
1076806
1076528
1076166
1075957
1075849
1075549
1075509
1075617
1075878
1076209
1076269
1076592
1077122
1077595
1077944
1078359
1078995
1079360
1079753
1080173
1080355
1080575
1080694
1080755
1080756
1080671
1080591
1080571
1080706
1080698
1080752
1081125
1081365
1081581
1081906
1082215
1082678
1083064
1083291
1083589
1083907
1084156
1084228
1084185
1084144
1084101
1083973
1083714
1083501
1083320
1083106
1082977
1082943
1083053
1083289
1083497
1083630
1083783
1083977
1084001
1083952
1084000
1083957
1083839
1083691
1083486
1083323
1083181
1082925
1082597
1082483
1082422
1082145
1081905
1081762
1081630
1081543
1081390
1081157
1080924
1080651
1080375
1080170
1079922
1079621
1079372
1079169
1078954
1078671
1078477
1078372
1078228
1078215
1078267
1078205
1078099
1077954
1077847
1077838
1077593
1077176
1077022
1076918
1076633
1076436
1076447
1076503
1076613
1076801
1076970
1077202
1077545
1077876
1078174
1078530
1078898
1079266
1079691
1080048
1080328
1080691
1081006
1081149
1081354
1081520
1081499
1081635
1081732
1081552
1081577
1081620
1081373
1081239
1081149
1080987
1080895
1080666
1080276
1079967
1079675
1079289
1079136
1079128
1078893
1078790
1078879
1078903
1079020
1079207
1079476
1079779
1080034
1080367
1080671
1080984
1081248
1081390
1081564
1081568
1081446
1081320
1081057
1080710
1080284
1079870
1079425
1078866
1078403
1077889
1077369
1077079
1076733
1076490
1076479
1076431
1076509
1076613
1076724
1077005
1077222
1077476
1077797
1078134
1078493
1078740
1079084
1079420
1079653
1079929
1080100
1080278
1080415
1080439
1080505
1080449
1080340
1080276
1080109
1079935
1079748
1079475
1079234
1079010
1078806
1078679
1078609
1078597
1078641
1078769
1078932
1079148
1079403
1079571
1079846
1080133
1080244
1080428
1080532
1080540
1080629
1080555
1080465
1080418
1080243
1080064
1079849
1079615
1079352
1079075
1078892
1078624
1078396
1078307
1078142
1078035
1077986
1077781
1077575
1077641
1077583
1077210
1077218
1077223
1076724
1076571
1076665
1076450
1076375
1076484
1076470
1076502
1076710
1076903
1077049
1077352
1077700
1077984
1078373
1078766
1079031
1079387
1079857
1080209
1080604
1081103
1081433
1081748
1082182
1082436
1082603
1082883
1083076
1083230
1083389
1083438
1083507
1083455
1083230
1083112
1082985
1082605
1082174
1081974
1081595
1080947
1080662
1080437
1079923
1079601
1079352
1078933
1078687
1078596
1078398
1078247
1078179
1078049
1077970
1077944
1077790
1077593
1077571
1077569
1077431
1077366
1077369
1077275
1077193
1077223
1077173
1077138
1077294
1077380
1077548
1077875
1078042
1078264
1078561
1078726
1079010
1079314
1079431
1079701
1079982
1079977
1080149
1080573
1080542
1080292
1080634
1080519
1079990
1080509
1080421
1079413
1079732
1080134
1079390
1079300
1079736
1079317
1079221
1079830
1079582
1079323
1079910
1079911
1079651
1080052
1080095
1079772
1079951
1080072
1079829
1079864
1079975
1079727
1079662
1079767
1079496
1079243
1079120
1078839
1078703
1078606
1078290
1078043
1077918
1077712
1077506
1077419
1077299
1077179
1077118
1076918
1076750
1076682
1076529
1076471
1076499
1076495
1076529
1076506
1076500
1076568
1076508
1076493
1076610
1076641
1076673
1076698
1076818
1076863
1076892
1077276
1077207
1077321
1078145
1078094
1078061
1079238
1079760
1079665
1080766
1081602
1081831
1082825
1083739
1084327
1084624
1085393
1086596
1086357
1086248
1087452
1087591
1086905
1087396
1087784
1087147
1087193
1087437
1086618
1086191
1086364
1085662
1085039
1085017
1084355
1083711
1083646
1083180
1082584
1082460
1082180
1081719
1081569
1081259
1080647
1080362
1080160
1079585
1079240
1079056
1078508
1078159
1077919
1077414
1077222
1077249
1077092
1077038
1077213
1077230
1077180
1077466
1077493
1077537
1077956
1077732
1077804
1078376
1077864
1077473
1078006
1077617
1076795
1076907
1076624
1075766
1075629
1075886
1075109
1074314
1075139
1074936
1073702
1074412
1075049
1074338
1074675
1075589
1075316
1075239
1076108
1076132
1075737
1076484
1076898
1076599
1077316
1077946
1077781
1078325
1078898
1078753
1079085
1079527
1079254
1079346
1079734
1079630
1079782
1080174
1080342
1080696
1081157
1081424
1081687
1081987
1082170
1082295
1082364
1082397
1082378
1082385
1082296
1082004
1082012
1081691
1081246
1081614
1081351
1080727
1081156
1081226
1080509
1080628
1080764
1080015
1080024
1080095
1079669
1079933
1079775
1079688
1080434
1080068
1079513
1080494
1080913
1080196
1080715
1081504
1081016
1081426
1082495
1082150
1082207
1083214
1083079
1082930
1083625
1083357
1082854
1083198
1082887
1082292
1082470
1082306
1081982
1082176
1082126
1081926
1081951
1081935
1081812
1081665
1081602
1081476
1081243
1081136
1080980
1080704
1080563
1080427
1080221
1080097
1079987
1079788
1079647
1079626
1079517
1079455
1079499
1079427
1079413
1079452
1079393
1079369
1079408
1079482
1079565
1079636
1079713
1079752
1079743
1079747
1079728
1079658
1079580
1079474
1079335
1079144
1078920
1078666
1078456
1078222
1077778
1077616
1077481
1076896
1076826
1077067
1076691
1076711
1077256
1077164
1077517
1078324
1078250
1078885
1080026
1079776
1080095
1081609
1081738
1081543
1082613
1082797
1082304
1082907
1083034
1082174
1082268
1082647
1082098
1082083
1082489
1082065
1081898
1082202
1081823
1081509
1081776
1081491
1080969
1080960
1080693
1080292
1080391
1080334
1080071
1080167
1080247
1080227
1080456
1080714
1080853
1080991
1081098
1081092
1081052
1081129
1081179
1081046
1080898
1080731
1080443
1080166
1079908
1079593
1079331
1079135
1078883
1078645
1078474
1078240
1078009
1077853
1077677
1077534
1077470
1077461
1077538
1077607
1077642
1077772
1077926
1077995
1078064
1078065
1078057
1078095
1078092
1078172
1078036
1078194
1078390
1077746
1077995
1078534
1077766
1077709
1078653
1078643
1078243
1078975
1079437
1078994
1079608
1080328
1079749
1080051
1080763
1080209
1080463
1080627
1079984
1080335
1079756
1079225
1080067
1079132
1077800
1078729
1079081
1077390
1076965
1077712
1076712
1076067
1076977
1076310
1075335
1076334
1076406
1075590
1076254
1076518
1076135
1076856
1077228
1076901
1077434
1078039
1078164
1078667
1079106
1079169
1079450
1079796
1079958
1080040
1080123
1080208
1080177
1080185
1080220
1080060
1079979
1080064
1080046
1080042
1080102
1080076
1080069
1080116
1080132
1080125
1080111
1080130
1080150
1080078
1080026
1080027
1079912
1079816
1079874
1079749
1079503
1079641
1079671
1079301
1079410
1079697
1079279
1078944
1079243
1079130
1078694
1078895
1078922
1078583
1078823
1078902
1078476
1078560
1078912
1078827
1078833
1079133
1079107
1079159
1079580
1079661
1079614
1079759
1079733
1079632
1079608
1079488
1079278
1079142
1079053
1078801
1078538
1078433
1078290
1078233
1078258
1078177
1078163
1078202
1078181
1078187
1078240
1078292
1078357
1078418
1078394
1078369
1078455
1078558
1078591
1078614
1078606
1078632
1078735
1078566
1078612
1078868
1078602
1078880
1079257
1078597
1078718
1079401
1078905
1078734
1079256
1078991
1078590
1078806
1079004
1078314
1078078
1078970
1078368
1077431
1078279
1078423
1077579
1077917
1078418
1077922
1078005
1078733
1078509
1078288
1078997
1079083
1078911
1079560
1079667
1079486
1080050
1080249
1080094
1080407
1080656
1080625
1080763
1080933
1080887
1080956
1081116
1081051
1080981
1081012
1080916
1080718
1080625
1080582
1080408
1080281
1080251
1080113
1080005
1079924
1079750
1079678
1079640
1079524
1079477
1079527
1079594
1079662
1079796
1079922
1080025
1080211
1080384
1080504
1080637
1080850
1081037
1081239
1081490
1081470
1081601
1081848
1081529
1081521
1081960
1081564
1081271
1081555
1081114
1080928
1081022
1080373
1080392
1080586
1079815
1079767
1080375
1079937
1079540
1080018
1079740
1079209
1079590
1079332
1078581
1078778
1078773
1078166
1078155
1078146
1077595
1077559
1077741
1077291
1077167
1077469
1077259
1077189
1077485
1077386
1077387
1077780
1077865
1077833
1078108
1078239
1078223
1078493
1078709
1078674
1078795
1078988
1079022
1079075
1079176
1079293
1079443
1079449
1079422
1079588
1079576
1079362
1079425
1079414
1079118
1079227
1079516
1079418
1079434
1079621
1079635
1079668
1079735
1079746
1079857
1080156
1080350
1080358
1080489
1080659
1080744
1080823
1080818
1080729
1080671
1080577
1080327
1080016
1079688
1079268
1078805
1078324
1077792
1077268
1076810
1076376
1075979
1075613
1075300
1075100
1074954
1074855
1074830
1074923
1075109
1075293
1075549
1075806
1075964
1076206
1076462
1076586
1076752
1076900
1077003
1077129
1077197
1077334
1077494
1077635
1077863
1078069
1078291
1078551
1078745
1078901
1079062
1079183
1079208
1079189
1079160
1079121
1079075
1078979
1078810
1078689
1078688
1078448
1078284
1078476
1078132
1077879
1078306
1078202
1077895
1078248
1078615
1078475
1078717
1079483
1079210
1078839
1079759
1080080
1079752
1080365
1080700
1080351
1080772
1081282
1080994
1081043
1081519
1081378
1081360
1081908
1081788
1081535
1081933
1081873
1081543
1081676
1081530
1081195
1081267
1081120
1080721
1080633
1080500
1080178
1079992
1079782
1079425
1079167
1078943
1078493
1078081
1077816
1077360
1077047
1076896
1076547
1076324
1076172
1076079
1075931
1075814
1076197
1076121
1075831
1076509
1076800
1076349
1076825
1077401
1077061
1077539
1078136
1077790
1078478
1078878
1078402
1079513
1080075
1079129
1079950
1081300
1080638
1080664
1082010
1081718
1081443
1082714
1082657
1081904
1082650
1082941
1082283
1082620
1082898
1082254
1082458
1082769
1082095
1082024
1082195
1081754
1081746
1081913
1081708
1081712
1081900
1081970
1082052
1082266
1082437
1082456
1082673
1082954
1082929
1082941
1082992
1082914
1082889
1082806
1082626
1082472
1082360
1082142
1081840
1081664
1081388
1081087
1080925
1080644
1080381
1080165
1079921
1079715
1079502
1079395
1079221
1079003
1078851
1078575
1078292
1077982
1077705
1077583
1077458
1077351
1077255
1077267
1077329
1077208
1077376
1077505
1077200
1077598
1077941
1077529
1077680
1077902
1077842
1077791
1077790
1078119
1077872
1077507
1077866
1077935
1077646
1077619
1077686
1077525
1077572
1077951
1077891
1077861
1078387
1078647
1078740
1079130
1079328
1079440
1079893
1080224
1080270
1080579
1080955
1081079
1081387
1081642
1081568
1081783
1082031
1081956
1082075
1082216
1082192
1082272
1082274
1082164
1082100
1082052
1082010
1081953
1081916
1081890
1081809
1081701
1081549
1081387
1081173
1080932
1080784
1080601
1080435
1080297
1080085
1079956
1079826
1079613
1079453
1079287
1079190
1079116
1078953
1078940
1078972
1078892
1078888
1078968
1078986
1079073
1079306
1079294
1079384
1079747
1079758
1079854
1080070
1080001
1080180
1080259
1079887
1079925
1080164
1079901
1079703
1079815
1079687
1079540
1079803
1079848
1079724
1080073
1080246
1080214
1080511
1080681
1080670
1080769
1080777
1080643
1080602
1080507
1080235
1080042
1079826
1079492
1079282
1079078
1078749
1078575
1078368
1077970
1077773
1077622
1077385
1077301
1077206
1077021
1076853
1076723
1076582
1076377
1076191
1076006
1075840
1075719
1075558
1075467
1075421
1075371
1075372
1075347
1075347
1075402
1075545
1075751
1075901
1076151
1076416
1076545
1076800
1077111
1077338
1077666
1077923
1078088
1078464
1078803
1078990
1079267
1079518
1079741
1080016
1080172
1080274
1080504
1080718
1080812
1080988
1081225
1081341
1081544
1081789
1081887
1082075
1082237
1082279
1082389
1082487
1082518
1082566
1082701
1082767
1082756
1082777
1082718
1082697
1082735
1082724
1082769
1082813
1082843
1082887
1082812
1082731
1082676
1082590
1082565
1082469
1082356
1082309
1082269
1082311
1082302
1082253
1082243
1082140
1082041
1082006
1081909
1081715
1081509
1081308
1081068
1080868
1080650
1080337
1080122
1079966
1079718
1079510
1079368
1079189
1079029
1078997
1078890
1078683
1078715
1078790
1078743
1078863
1078949
1078940
1079119
1079175
1079142
1079324
1079394
1079407
1079576
1079695
1079822
1080106
1080380
1080569
1080838
1081119
1081354
1081550
1081659
1081842
1081940
1081907
1081992
1082014
1082023
1082047
1081970
1082045
1082056
1081965
1082075
1081980
1081791
1081848
1081770
1081692
1081759
1081683
1081588
1081522
1081409
1081283
1081060
1080759
1080487
1080162
1079759
1079447
1079120
1078791
1078594
1078305
1078026
1077795
1077577
1077611
1077522
1077328
1077416
1077365
1077274
1077394
1077400
1077493
1077672
1077724
1077837
1077836
1077691
1077678
1077719
1077724
1077788
1077983
1078206
1078220
1078263
1078349
1078306
1078740
1079017
1078973
1079639
1079716
1079368
1080092
1080336
1079867
1080227
1080561
1080138
1080299
1080629
1080116
1080396
1080641
1079743
1080320
1080928
1079626
1079836
1081136
1080322
1079804
1080958
1080664
1079925
1081000
1081228
1080375
1081077
1081725
1081109
1081368
1081952
1081411
1081446
1081993
1081455
1081260
1081644
1081270
1081092
1081345
1081037
1080765
1080937
1080778
1080559
1080673
1080559
1080499
1080656
1080613
1080633
1080747
1080850
1081050
1081232
1081458
1081710
1081873
1082087
1082304
1082504
1082824
1083120
1083440
1083814
1084041
1084195
1084289
1084359
1084387
1084318
1084261
1084124
1083991
1083860
1083640
1083471
1083129
1082750
1082639
1082436
1082113
1081983
1081986
1081792
1081462
1081391
1081200
1080781
1080693
1080531
1080188
1080168
1080065
1079750
1079641
1079586
1079401
1079242
1079197
1079082
1078909
1078900
1078784
1078524
1078479
1078436
1078303
1078274
1078191
1078017
1077949
1077928
1077742
1077593
1077579
1077468
1077375
1077318
1077195
1077142
1077116
1077075
1077060
1076998
1076988
1076971
1076935
1077058
1077094
1077015
1077042
1077116
1077101
1077027
1077037
1077068
1077181
1077373
1077466
1077543
1077677
1077811
1077910
1078043
1078156
1078203
1078247
1078335
1078477
1078515
1078534
1078534
1078468
1078429
1078275
1078169
1078175
1078163
1078186
1078091
1077978
1078048
1078093
1078094
1078148
1078212
1078371
1078470
1078528
1078706
1078821
1078948
1079069
1079137
1079269
1079364
1079420
1079466
1079487
1079519
1079574
1079567
1079543
1079613
1079608
1079566
1079630
1079638
1079580
1079577
1079550
1079456
1079406
1079293
1079094
1078958
1078734
1078454
1078279
1078086
1077897
1077744
1077553
1077386
1077278
1077193
1077075
1076940
1076902
1076862
1076829
1076935
1076937
1076897
1076989
1077017
1077010
1077052
1077071
1077061
1077096
1077135
1077169
1077247
1077337
1077507
1077640
1077637
1077697
1077874
1078043
1078331
1078565
1078336
1078351
1078647
1078547
1078632
1078893
1078953
1078948
1079011
1079436
1079591
1079390
1079679
1079917
1079811
1079927
1080041
1080010
1080210
1080492
1080466
1080509
1080890
1081059
1081124
1081487
1081700
1081877
1082329
1082600
1082750
1083139
1083465
1083601
1083947
1084297
1084328
1084485
1084688
1084641
1084669
1084640
1084336
1084104
1084073
1083820
1083270
1083030
1082923
1082455
1082115
1081944
1081604
1081387
1081275
1081039
1080841
1080793
1080711
1080533
1080472
1080461
1080370
1080373
1080370
1080271
1080276
1080291
1080146
1080030
1079993
1079838
1079697
1079620
1079481
1079370
1079241
1079087
1078956
1078850
1078780
1078656
1078518
1078413
1078299
1078182
1078095
1077958
1077749
1077700
1077691
1077477
1077294
1077301
1077195
1077004
1077111
1077205
1077066
1077098
1077182
1077079
1077113
1077233
1077130
1077077
1077152
1077159
1077235
1077415
1077529
1077600
1077796
1077966
1078054
1078293
1078474
1078552
1078708
1078734
1078773
1078910
1078872
1078767
1078633
1078457
1078273
1078004
1077789
1077602
1077326
1077088
1076960
1076870
1076789
1076777
1076735
1076718
1076848
1076902
1076988
1077247
1077417
1077592
1077893
1078138
1078380
1078690
1078967
1079274
1079619
1079914
1080180
1080329
1080393
1080481
1080448
1080365
1080324
1080222
1080149
1080091
1079989
1079891
1079868
1079927
1079968
1080115
1080224
1080260
1080521
1080602
1080605
1080883
1080925
1080789
1080695
1080622
1080687
1080535
1080344
1080564
1080683
1080538
1080552
1080602
1080485
1080447
1080567
1080517
1080462
1080685
1080716
1080574
1080619
1080549
1080442
1080523
1080493
1080414
1080498
1080565
1080609
1080740
1080837
1080927
1081188
1081492
1081680
1081795
1081814
1081743
1081625
1081495
1081462
1081350
1081029
1080746
1080412
1080044
1079814
1079509
1079191
1078971
1078768
1078607
1078536
1078451
1078345
1078457
1078591
1078661
1078701
1078874
1079121
1079021
1079290
1079269
1078769
1079338
1079338
1078446
1078913
1079492
1078828
1078733
1079310
1078842
1078511
1079191
1078765
1078204
1078699
1078207
1078121
1078406
1077480
1077988
1078518
1077124
1077347
1078764
1077991
1077220
1078528
1078735
1077880
1078876
1079455
1078483
1079088
1079982
1079284
1079541
1080309
1079876
1080000
1080531
1080193
1080121
1080397
1080188
1080017
1080129
1080011
1079701
1079605
1079542
1079266
1079138
1079147
1078937
1078783
1078790
1078604
1078391
1078368
1078296
1078182
1078202
1078217
1078148
1078238
1078488
1078667
1078952
1079277
1079490
1079754
1080053
1080452
1080567
1080687
1081257
1081210
1081070
1081672
1081766
1081307
1081655
1082136
1081459
1081515
1082456
1081625
1080968
1082096
1081974
1081122
1081830
1082040
1081267
1081711
1082196
1081441
1081357
1081877
1081341
1080931
1081179
1080526
1079778
1079897
1079462
1078761
1078812
1078496
1077964
1078057
1077883
1077522
1077590
1077590
1077486
1077595
1077761
1077796
1077926
1078268
1078411
1078651
1079003
1079096
1079465
1079669
1079895
1080349
1080186
1080655
1081247
1080756
1081038
1081856
1081604
1081398
1082027
1081982
1081533
1082118
1082057
1081453
1081874
1081622
1081532
1081910
1081193
1081667
1082268
1081047
1081106
1082356
1081782
1080821
1081709
1081938
1080914
1081558
1082039
1080909
1081293
1082008
1081176
1081209
1081620
1081098
1081132
1081541
1081285
1081166
1081524
1081460
1081291
1081537
1081459
1081162
1081124
1080963
1080678
1080435
1080140
1079829
1079544
1079286
1078940
1078574
1078345
1078150
1077933
1077772
1077677
1077556
1077484
1077525
1077531
1077577
1077732
1077828
1077926
1078086
1078173
1078311
1078388
1078385
1078629
1078590
1078527
1078960
1078868
1078672
1079324
1079557
1079240
1079758
1080023
1079782
1080372
1080339
1080004
1080736
1080507
1079681
1080378
1080675
1079612
1079740
1080279
1079473
1079428
1080130
1079537
1079174
1079913
1079755
1079360
1079894
1079745
1079271
1079679
1079599
1079053
1079252
1079287
1078893
1079013
1079037
1078728
1078849
1078838
1078432
1078426
1078569
1078448
1078424
1078424
1078250
1078223
1078390
1078371
1078365
1078519
1078475
1078596
1078716
1078607
1078911
1078929
1078617
1079122
1079467
1079108
1079454
1079788
1079509
1080020
1080180
1079716
1080340
1080430
1079566
1080154
1080894
1080011
1079905
1080732
1080270
1080104
1080959
1080656
1080258
1081101
1081246
1080850
1081411
1081686
1081427
1081938
1082267
1081946
1082243
1082591
1082391
1082585
1082865
1082711
1082753
1082895
1082743
1082645
1082662
1082529
1082394
1082365
1082240
1082044
1081965
1081870
1081637
1081446
1081293
1081053
1080854
1080718
1080507
1080265
1080117
1079953
1079692
1079544
1079482
1079379
1079338
1079303
1079234
1079181
1079157
1079095
1078920
1078943
1078916
1078575
1078671
1078624
1078028
1078124
1078237
1077666
1077466
1077670
1077573
1077182
1077417
1077731
1077082
1077069
1077790
1077582
1077373
1077833
1077789
1077671
1078210
1078409
1078122
1078258
1078574
1078481
1078551
1078859
1078635
1078495
1078822
1078693
1078489
1078681
1078571
1078429
1078602
1078495
1078230
1078216
1078128
1077914
1077833
1077701
1077494
1077405
1077354
1077295
1077303
1077365
1077462
1077582
1077642
1077714
1077831
1077953
1078141
1078305
1078447
1078662
1078888
1079086
1079306
1079544
1079700
1079812
1079986
1080069
1080035
1080086
1080141
1080127
1080138
1080163
1080163
1080104
1080066
1080135
1080087
1079950
1080188
1080313
1080064
1080362
1080487
1080050
1080438
1080692
1080059
1080295
1080824
1080335
1080278
1080699
1080233
1080010
1080511
1080299
1079973
1080350
1080305
1079985
1080235
1080249
1079879
1079973
1080034
1079719
1079810
1079966
1079668
1079688
1079895
1079681
1079637
1079775
1079608
1079613
1079784
1079646
1079582
1079657
1079551
1079421
1079314
1079123
1078913
1078811
1078651
1078360
1078251
1078182
1077998
1077912
1077823
1077736
1077769
1077789
1077797
1077823
1077877
1077918
1077941
1078065
1078125
1078122
1078161
1078093
1078003
1077907
1077740
1077634
1077541
1077383
1077239
1077151
1077117
1077061
1077002
1076990
1076927
1076889
1076881
1076850
1076924
1077012
1077083
1077208
1077345
1077521
1077720
1077906
1078069
1078221
1078343
1078384
1078422
1078468
1078475
1078523
1078598
1078649
1078775
1078934
1079039
1079206
1079417
1079573
1079698
1079813
1079905
1080006
1080151
1080255
1080380
1080598
1080753
1080875
1081009
1081107
1081177
1081192
1081226
1081243
1081265
1081317
1081309
1081366
1081419
1081400
1081412
1081418
1081431
1081422
1081453
1081610
1081773
1081879
1081884
1081839
1081878
1081923
1081934
1081991
1082040
1082068
1082120
1082130
1082078
1081968
1081834
1081710
1081512
1081282
1081046
1080843
1080720
1080546
1080388
1080322
1080259
1080226
1080221
1080188
1080161
1080124
1080054
1080008
1079957
1079925
1079926
1079927
1079949
1079983
1080051
1080141
1080229
1080247
1080225
1080254
1080244
1080268
1080343
1080335
1080323
1080280
1080135
1079992
1079878
1079722
1079505
1079273
1079035
1078789
1078571
1078389
1078218
1078039
1077872
1077681
1077461
1077287
1077154
1076990
1076825
1076708
1076541
1076362
1076224
1076103
1076009
1075898
1075793
1075704
1075617
1075567
1075561
1075578
1075614
1075707
1075801
1075862
1075932
1076021
1076152
1076302
1076463
1076601
1076695
1076813
1076898
1076945
1077021
1077034
1077012
1077029
1077005
1076978
1077021
1077058
1077105
1077199
1077268
1077364
1077483
1077559
1077703
1077907
1078107
1078307
1078512
1078744
1078969
1079196
1079413
1079629
1079866
1080062
1080241
1080433
1080572
1080676
1080779
1080817
1080864
1080953
1081008
1081030
1081036
1081067
1081053
1080965
1080897
1080817
1080687
1080545
1080364
1080143
1079935
1079698
1079417
1079128
1078879
1078634
1078319
1078091
1077966
1077841
1077768
1077720
1077700
1077641
1077577
1077601
1077595
1077608
1077631
1077644
1077738
1077856
1077979
1078089
1078279
1078556
1078772
1079013
1079267
1079495
1079731
1079929
1080111
1080285
1080468
1080612
1080700
1080784
1080813
1080816
1080800
1080748
1080716
1080650
1080568
1080532
1080519
1080561
1080604
1080580
1080601
1080657
1080628
1080592
1080564
1080490
1080420
1080352
1080264
1080187
1080177
1080198
1080205
1080262
1080348
1080411
1080513
1080651
1080760
1080864
1080961
1081033
1081121
1081201
1081240
1081259
1081268
1081266
1081236
1081159
1081080
1080997
1080916
1080865
1080795
1080774
1080752
1080721
1080765
1080777
1080817
1080872
1080879
1080921
1080976
1081037
1081054
1081026
1081040
1081060
1081019
1080975
1080967
1080909
1080848
1080811
1080727
1080663
1080624
1080552
1080500
1080448
1080388
1080363
1080325
1080302
1080334
1080332
1080246
1080318
1080468
1080307
1080241
1080455
1080342
1080116
1080204
1080151
1079932
1079943
1079908
1079714
1079759
1079865
1079711
1079634
1079715
1079649
1079588
1079617
1079515
1079473
1079612
1079577
1079445
1079460
1079425
1079321
1079269
1079150
1078971
1078871
1078758
1078573
1078415
1078256
1078060
1077882
1077718
1077551
1077408
1077275
1077166
1077089
1077039
1077009
1077015
1077114
1077226
1077350
1077561
1077703
1077819
1078051
1078135
1078203
1078524
1078758
1078838
1078965
1079210
1079484
1079537
1079525
1079721
1079915
1079935
1079939
1079945
1079874
1079814
1079803
1079664
1079485
1079511
1079509
1079410
1079441
1079425
1079358
1079451
1079504
1079461
1079523
1079635
1079708
1079828
1079963
1080023
1080120
1080238
1080303
1080393
1080462
1080478
1080493
1080495
1080445
1080395
1080374
1080331
1080310
1080331
1080366
1080451
1080548
1080624
1080748
1080872
1080956
1081074
1081182
1081278
1081406
1081479
1081470
1081460
1081455
1081386
1081274
1081175
1081041
1080866
1080673
1080455
1080245
1080062
1079902
1079708
1079526
1079456
1079369
1079301
1079325
1079344
1079397
1079443
1079508
1079633
1079720
1079787
1079843
1079899
1079998
1080048
1079995
1080006
1080011
1079892
1079915
1079985
1079892
1079852
1079887
1079850
1079834
1079887
1079883
1079878
1079954
1080031
1080069
1080103
1080116
1080122
1080200
1080271
1080282
1080326
1080374
1080398
1080454
1080503
1080578
1080659
1080669
1080717
1080766
1080728
1080755
1080862
1080863
1080805
1080835
1080800
1080707
1080731
1080661
1080506
1080481
1080408
1080293
1080234
1080125
1080004
1079963
1079947
1079867
1079795
1079753
1079684
1079639
1079579
1079482
1079419
1079356
1079281
1079218
1079136
1079088
1079104
1079121
1079173
1079267
1079334
1079399
1079512
1079656
1079770
1079833
1079893
1079965
1080004
1080020
1080020
1080005
1080017
1080016
1079979
1079966
1080009
1080037
1080031
1080084
1080105
1080110
1080177
1080179
1080174
1080227
1080270
1080281
1080290
1080300
1080272
1080256
1080196
1080068
1079985
1079859
1079670
1079532
1079405
1079282
1079186
1079100
1079024
1078986
1078970
1078930
1078944
1078961
1078932
1078978
1079012
1079018
1079096
1079138
1079136
1079175
1079227
1079247
1079248
1079308
1079358
1079346
1079420
1079524
1079542
1079606
1079726
1079809
1079926
1080046
1080084
1080134
1080218
1080268
1080310
1080357
1080381
1080397
1080431
1080456
1080476
1080542
1080596
1080633
1080714
1080798
1080880
1081014
1081168
1081306
1081455
1081590
1081734
1081902
1082038
1082149
1082213
1082231
1082244
1082204
1082121
1082067
1081996
1081913
1081825
1081721
1081626
1081499
1081387
1081308
1081256
1081238
1081205
1081187
1081147
1081035
1080914
1080813
1080654
1080434
1080358
1080220
1079857
1079746
1079742
1079467
1079310
1079269
1079028
1078876
1078852
1078686
1078591
1078669
1078693
1078687
1078766
1078818
1078846
1078958
1079031
1079039
1079127
1079266
1079376
1079519
1079656
1079708
1079795
1079886
1079896
1079920
1079915
1079878
1079877
1079857
1079797
1079708
1079604
1079539
1079446
1079309
1079199
1079062
1078927
1078789
1078616
1078515
1078418
1078297
1078241
1078194
1078160
1078148
1078110
1078073
1078065
1078055
1077981
1077889
1077923
1078046
1078002
1077907
1078063
1078173
1078088
1078152
1078305
1078352
1078402
1078465
1078452
1078470
1078591
1078640
1078645
1078766
1078849
1078848
1078916
1078986
1079066
1079277
1079492
1079635
1079859
1080100
1080271
1080483
1080679
1080775
1080879
1080993
1080992
1080973
1080989
1080913
1080843
1080791
1080678
1080575
1080447
1080297
1080191
1080085
1079953
1079814
1079672
1079540
1079422
1079327
1079249
1079134
1079040
1078975
1078893
1078870
1078816
1078709
1078623
1078512
1078449
1078349
1078209
1078152
1078078
1078017
1077958
1077897
1077886
1077865
1077845
1077835
1077841
1077836
1077820
1077818
1077782
1077724
1077648
1077576
1077533
1077448
1077352
1077297
1077237
1077235
1077305
1077362
1077436
1077522
1077608
1077707
1077780
1077909
1078077
1078222
1078398
1078508
1078622
1078795
1078861
1078896
1078908
1078853
1078818
1078725
1078598
1078521
1078440
1078370
1078344
1078341
1078404
1078491
1078593
1078831
1078961
1079013
1079345
1079653
1079780
1079965
1080252
1080552
1080615
1080636
1080944
1081161
1081147
1081227
1081328
1081276
1081262
1081343
1081208
1081037
1081084
1080983
1080789
1080770
1080667
1080528
1080576
1080499
1080271
1080232
1080212
1080071
1080002
1079911
1079755
1079736
1079743
1079657
1079591
1079583
1079628
1079649
1079604
1079585
1079574
1079518
1079444
1079381
1079319
1079210
1079087
1078974
1078866
1078795
1078720
1078607
1078500
1078460
1078395
1078256
1078195
1078180
1078168
1078212
1078223
1078228
1078281
1078299
1078307
1078347
1078390
1078455
1078532
1078621
1078755
1078872
1079035
1079250
1079294
1079396
1079668
1079788
1079909
1080125
1080364
1080687
1080866
1080934
1081265
1081621
1081640
1081734
1081989
1082015
1082062
1082218
1082125
1082030
1082170
1082159
1081987
1081927
1081762
1081509
1081440
1081281
1081003
1080893
1080731
1080461
1080237
1079958
1079617
1079360
1079150
1078861
1078672
1078579
1078333
1078161
1078086
1077894
1077819
1077794
1077697
1077727
1077783
1077773
1077785
1077780
1077746
1077765
1077816
1077834
1077873
1077945
1078021
1078064
1078037
1078068
1078097
1078036
1078104
1078190
1078193
1078283
1078526
1078811
1078760
1078821
1079303
1079285
1079159
1079575
1079682
1079549
1079746
1079775
1079555
1079655
1079776
1079549
1079506
1079620
1079479
1079404
1079476
1079361
1079281
1079393
1079365
1079344
1079550
1079712
1079836
1080083
1080300
1080441
1080662
1080862
1080957
1081109
1081280
1081393
1081496
1081566
1081559
1081508
1081484
1081461
1081451
1081495
1081551
1081599
1081654
1081681
1081685
1081740
1081825
1081915
1082018
1082119
1082223
1082348
1082476
1082544
1082552
1082514
1082417
1082283
1082160
1082006
1081821
1081646
1081427
1081242
1081076
1080862
1080696
1080553
1080444
1080341
1080250
1080271
1080268
1080261
1080286
1080317
1080377
1080349
1080420
1080390
1080200
1080338
1080342
1080154
1080166
1080066
1080023
1080033
1079708
1079443
1079502
1079313
1078901
1078836
1078661
1078219
1078208
1078191
1077803
1077751
1077835
1077596
1077545
1077618
1077404
1077352
1077478
1077308
1077198
1077311
1077237
1077186
1077295
1077277
1077305
1077427
1077412
1077429
1077615
1077786
1077884
1078054
1078233
1078372
1078603
1078721
1078719
1078934
1079111
1078983
1079037
1079311
1079143
1079099
1079449
1079106
1078928
1079432
1079012
1078588
1079265
1079288
1078813
1079212
1079315
1078929
1079398
1079767
1079425
1079681
1080147
1079991
1080123
1080520
1080404
1080455
1080850
1080792
1080767
1081051
1080893
1080799
1081098
1081012
1080881
1081046
1081032
1081016
1081154
1081127
1081089
1081242
1081288
1081241
1081327
1081350
1081302
1081332
1081276
1081234
1081237
1081085
1080992
1080966
1080850
1080722
1080553
1080406
1080322
1080234
1080105
1079952
1079951
1080015
1079941
1079900
1079919
1079980
1080084
1080100
1080175
1080294
1080394
1080516
1080570
1080728
1080891
1080931
1081018
1081065
1081137
1081252
1081239
1081207
1081230
1081230
1081163
1081054
1080984
1080907
1080798
1080714
1080597
1080483
1080425
1080296
1080204
1080195
1080094
1080008
1079976
1079923
1079845
1079746
1079699
1079641
1079607
1079602
1079540
1079530
1079540
1079523
1079464
1079376
1079367
1079340
1079290
1079238
1079093
1078986
1078918
1078790
1078635
1078497
1078370
1078232
1078164
1078124
1078041
1077934
1077840
1077833
1077819
1077816
1077898
1077916
1078029
1078272
1078403
1078587
1078819
1078960
1079119
1079251
1079349
1079407
1079465
1079557
1079589
1079657
1079694
1079702
1079788
1079776
1079752
1079755
1079707
1079714
1079707
1079704
1079716
1079697
1079729
1079752
1079741
1079741
1079755
1079806
1079783
1079742
1079769
1079708
1079636
1079617
1079579
1079562
1079529
1079484
1079423
1079335
1079259
1079159
1079054
1078947
1078836
1078733
1078574
1078432
1078321
1078195
1078112
1078006
1077935
1077941
1077908
1077881
1077843
1077803
1077829
1077847
1077846
1077911
1077971
1077950
1077977
1077988
1077906
1077848
1077744
1077699
1077805
1077878
1077975
1078115
1078226
1078388
1078608
1078878
1079112
1079264
1079445
1079610
1079769
1079997
1080179
1080293
1080377
1080476
1080549
1080552
1080626
1080685
1080679
1080712
1080705
1080679
1080690
1080671
1080661
1080695
1080688
1080643
1080590
1080548
1080551
1080472
1080348
1080233
1080057
1079901
1079722
1079518
1079337
1079161
1079048
1078913
1078774
1078702
1078558
1078349
1078175
1078002
1077831
1077683
1077594
1077553
1077499
1077501
1077523
1077549
1077652
1077736
1077800
1077914
1078032
1078171
1078335
1078488
1078628
1078765
1078906
1079004
1079063
1079144
1079201
1079247
1079320
1079363
1079392
1079402
1079400
1079417
1079416
1079423
1079438
1079394
1079367
1079410
1079400
1079363
1079381
1079385
1079361
1079324
1079254
1079154
1079099
1079094
1079066
1079027
1078938
1078806
1078731
1078716
1078684
1078614
1078549
1078452
1078442
1078553
1078562
1078563
1078632
1078694
1078752
1078822
1078974
1079099
1079176
1079246
1079304
1079376
1079403
1079458
1079411
1079501
1079622
1079339
1079520
1079569
1078972
1079224
1079551
1078978
1078951
1079444
1079048
1079064
1079921
1079350
1079275
1080717
1080123
1079462
1081172
1081348
1080282
1081270
1081811
1080842
1081364
1082147
1081230
1081171
1082048
1081461
1081069
1081660
1081173
1080703
1081134
1080707
1080074
1080309
1080136
1079602
1079632
1079512
1079148
1079197
1079165
1078930
1078960
1079039
1078990
1078954
1079000
1079037
1078980
1078953
1078991
1079001
1079037
1079102
1079046
1078986
1079038
1079011
1078965
1078976
1078931
1078923
1078967
1079157
1079308
1079363
1079731
1079683
1079611
1080220
1080082
1079911
1080630
1080715
1080389
1080793
1080991
1080379
1080683
1081084
1080019
1080301
1081046
1079595
1079443
1080756
1079939
1079181
1080127
1079818
1078975
1079807
1079958
1079031
1079596
1080195
1079504
1079704
1080324
1079864
1079949
1080568
1080151
1080029
1080597
1080336
1080164
1080563
1080338
1080172
1080467
1080349
1080288
1080542
1080518
1080442
1080513
1080525
1080465
1080462
1080473
1080371
1080405
1080470
1080377
1080457
1080496
1080395
1080401
1080356
1080256
1080132
1079997
1079886
1079771
1079610
1079357
1079321
1079179
1078754
1078895
1078912
1078487
1078764
1078744
1078303
1078819
1078894
1078182
1078632
1079233
1078694
1078828
1079512
1079136
1079159
1079872
1079555
1079311
1079902
1079833
1079468
1079763
1079777
1079425
1079636
1079734
1079362
1079461
1079611
1079360
1079466
1079642
1079527
1079642
1079845
1079909
1080018
1080146
1080179
1080191
1080300
1080344
1080280
1080277
1080221
1080095
1080040
1079991
1079907
1079830
1079814
1079782
1079677
1079642
1079595
1079439
1079365
1079344
1079204
1079046
1078992
1078930
1078758
1078644
1078567
1078408
1078351
1078170
1077984
1077972
1077704
1077681
1077719
1077372
1077530
1077824
1077537
1077421
1077882
1077843
1077487
1078207
1078454
1077665
1078193
1078880
1078234
1078374
1078975
1078464
1078417
1079022
1078666
1078258
1078708
1078680
1078335
1078714
1078705
1078262
1078569
1078746
1078385
1078496
1078726
1078566
1078682
1078939
1078816
1078896
1079191
1079148
1079245
1079529
1079560
1079702
1079959
1080108
1080258
1080342
1080384
1080439
1080536
1080608
1080577
1080598
1080597
1080538
1080496
1080411
1080367
1080364
1080328
1080235
1080139
1080151
1080182
1080179
1080172
1080120
1080077
1080033
1079939
1079884
1079803
1079633
1079513
1079453
1079403
1079303
1079220
1079241
1079159
1079054
1079092
1079085
1079037
1079063
1079160
1079145
1079083
1079296
1079406
1079331
1079467
1079541
1079553
1079742
1079909
1080020
1080213
1080422
1080532
1080694
1080933
1081004
1081122
1081377
1081435
1081476
1081594
1081587
1081601
1081670
1081702
1081727
1081750
1081793
1081862
1081893
1081890
1081924
1081978
1081995
1081966
1081928
1081867
1081782
1081691
1081523
1081348
1081191
1080992
1080790
1080593
1080420
1080271
1080146
1080003
1079805
1079690
1079555
1079356
1079290
1079193
1079022
1078919
1078820
1078728
1078634
1078547
1078474
1078402
1078370
1078282
1078191
1078135
1078019
1077950
1077886
1077748
1077703
1077687
1077646
1077619
1077507
1077431
1077382
1077278
1077316
1077374
1077343
1077440
1077597
1077697
1077861
1078077
1078223
1078345
1078503
1078661
1078840
1078978
1079086
1079233
1079291
1079326
1079408
1079399
1079405
1079429
1079398
1079399
1079360
1079321
1079318
1079252
1079152
1079022
1078895
1078785
1078649
1078532
1078436
1078399
1078416
1078367
1078340
1078377
1078390
1078429
1078463
1078521
1078634
1078736
1078865
1078972
1079056
1079191
1079330
1079456
1079567
1079687
1079853
1080017
1080164
1080295
1080407
1080537
1080686
1080854
1080992
1081124
1081280
1081378
1081469
1081574
1081636
1081716
1081811
1081875
1081930
1082003
1082079
1082103
1082151
1082224
1082211
1082255
1082322
1082343
1082434
1082492
1082544
1082606
1082577
1082550
1082509
1082406
1082299
1082187
1082055
1081918
1081818
1081704
1081488
1081331
1081187
1080959
1080807
1080643
1080464
1080329
1080200
1080130
1080063
1080041
1080051
1079976
1079956
1079996
1079964
1079914
1079865
1079850
1079883
1079913
1079959
1079977
1080004
1080065
1080089
1080129
1080131
1080069
1080049
1080032
1080015
1080026
1080009
1079955
1079898
1079823
1079685
1079508
1079366
1079199
1079008
1078870
1078668
1078480
1078389
1078266
1078191
1078183
1078173
1078173
1078200
1078231
1078261
1078375
1078495
1078601
1078794
1079000
1079185
1079402
1079632
1079864
1080119
1080346
1080513
1080686
1080890
1081056
1081187
1081355
1081461
1081501
1081541
1081541
1081534
1081526
1081490
1081408
1081369
1081337
1081212
1081121
1080990
1080828
1080697
1080497
1080338
1080207
1080029
1079850
1079658
1079478
1079302
1079108
1078951
1078824
1078733
1078688
1078617
1078551
1078545
1078559
1078579
1078538
1078503
1078589
1078662
1078673
1078693
1078771
1078850
1078822
1078776
1078774
1078802
1078787
1078775
1078867
1078910
1078949
1078982
1078947
1079013
1079047
1079021
1079061
1079120
1079235
1079327
1079365
1079418
1079479
1079582
1079595
1079550
1079648
1079724
1079678
1079725
1079826
1079707
1079651
1079779
1079614
1079417
1079524
1079546
1079360
1079293
1079261
1079033
1079020
1079146
1079019
1079023
1079163
1079185
1079297
1079434
1079421
1079498
1079736
1079834
1079885
1080076
1080168
1080302
1080610
1080701
1080707
1080840
1080915
1080962
1081009
1081009
1080952
1080925
1080877
1080717
1080651
1080589
1080472
1080434
1080349
1080260
1080175
1080052
1079998
1079943
1079847
1079752
1079721
1079749
1079746
1079791
1079868
1079914
1080034
1080127
1080137
1080199
1080238
1080255
1080270
1080258
1080260
1080193
1080118
1080030
1079852
1079731
1079638
1079457
1079287
1079173
1079018
1078835
1078741
1078689
1078572
1078525
1078494
1078394
1078416
1078419
1078347
1078343
1078364
1078424
1078486
1078586
1078696
1078747
1078843
1078896
1078915
1079003
1079001
1078941
1078946
1078897
1078815
1078752
1078661
1078598
1078542
1078514
1078506
1078508
1078552
1078527
1078481
1078447
1078427
1078456
1078451
1078466
1078534
1078606
1078656
1078649
1078658
1078711
1078758
1078847
1078945
1079019
1079124
1079221
1079317
1079427
1079549
1079630
1079675
1079751
1079748
1079742
1079799
1079803
1079814
1079808
1079760
1079742
1079688
1079615
1079578
1079519
1079452
1079395
1079341
1079278
1079205
1079179
1079137
1079062
1079039
1079044
1079062
1079089
1079119
1079180
1079261
1079333
1079352
1079395
1079495
1079527
1079534
1079572
1079617
1079643
1079609
1079603
1079635
1079666
1079699
1079675
1079680
1079702
1079633
1079625
1079629
1079579
1079614
1079630
1079603
1079599
1079563
1079514
1079477
1079425
1079352
1079335
1079342
1079310
1079301
1079288
1079237
1079220
1079213
1079156
1079110
1079029
1078857
1078748
1078683
1078487
1078305
1078387
1078397
1078135
1078194
1078474
1078339
1078267
1078542
1078498
1078335
1078491
1078433
1078263
1078479
1078501
1078305
1078435
1078468
1078353
1078407
1078403
1078320
1078336
1078408
1078358
1078310
1078388
1078371
1078333
1078364
1078280
1078226
1078338
1078364
1078290
1078320
1078358
1078326
1078358
1078397
1078409
1078493
1078526
1078557
1078655
1078696
1078764
1078847
1078948
1079091
1079159
1079293
1079484
1079591
1079709
1079816
1079873
1079908
1079891
1079870
1079867
1079894
1079908
1079857
1079894
1079891
1079802
1079816
1079701
1079609
1079696
1079477
1079351
1079653
1079475
1079285
1079712
1079546
1079455
1080174
1079953
1079542
1080350
1080558
1080064
1080549
1080860
1080393
1080808
1081289
1080778
1080880
1081348
1081004
1080958
1081321
1081054
1080882
1081158
1080914
1080656
1080925
1080790
1080480
1080624
1080573
1080376
1080498
1080502
1080362
1080387
1080319
1080147
1080131
1080080
1079909
1079820
1079684
1079469
1079391
1079302
1079125
1079001
1078912
1078807
1078713
1078656
1078587
1078579
1078628
1078622
1078673
1078745
1078760
1078824
1078929
1079012
1079074
1079123
1079132
1079148
1079180
1079119
1079033
1079020
1078954
1078815
1078767
1078733
1078609
1078539
1078540
1078462
1078368
1078467
1078563
1078523
1078609
1078720
1078770
1078934
1079120
1079176
1079267
1079494
1079577
1079635
1079785
1079791
1079828
1079895
1079842
1079791
1079751
1079698
1079709
1079803
1079819
1079763
1079795
1079819
1079766
1079748
1079738
1079657
1079637
1079689
1079707
1079797
1079888
1079887
1079979
1080089
1080062
1080176
1080442
1080512
1080544
1080746
1080865
1080857
1081018
1081232
1081254
1081325
1081465
1081478
1081519
1081652
1081642
1081591
1081701
1081681
1081519
1081494
1081432
1081357
1081407
1081346
1081213
1081193
1081174
1081096
1081082
1081101
1081036
1080989
1080955
1080883
1080830
1080732
1080611
1080527
1080452
1080360
1080230
1080150
1080061
1079890
1079779
1079709
1079603
1079523
1079475
1079409
1079332
1079280
1079265
1079258
1079228
1079186
1079159
1079120
1079018
1078892
1078772
1078688
1078618
1078521
1078456
1078410
1078334
1078273
1078249
1078281
1078344
1078400
1078508
1078634
1078747
1078912
1079113
1079258
1079360
1079609
1079865
1079960
1080202
1080454
1080379
1080475
1080783
1080617
1080621
1081041
1080796
1080751
1081372
1081016
1080524
1081110
1081087
1080558
1080961
1081069
1080635
1081019
1081269
1080826
1080993
1081336
1081075
1081154
1081454
1081182
1081102
1081347
1081130
1080981
1081072
1080755
1080623
1080825
1080536
1080149
1080062
1079793
1079528
1079399
1079095
1078938
1078987
1078877
1078743
1078700
1078668
1078703
1078716
1078675
1078724
1078767
1078725
1078716
1078771
1078815
1078849
1078948
1079012
1079054
1079099
1079054
1079055
1079095
1079104
1079113
1079146
1079213
1079192
1079186
1079196
1079130
1079114
1079079
1079063
1079167
1079229
1079260
1079363
1079434
1079499
1079615
1079651
1079643
1079677
1079686
1079668
1079656
1079661
1079636
1079571
1079584
1079586
1079539
1079603
1079635
1079571
1079581
1079627
1079611
1079672
1079815
1079811
1079837
1079975
1079957
1079959
1080061
1080074
1080127
1080218
1080201
1080120
1080023
1079910
1079828
1079849
1079862
1079754
1079646
1079533
1079332
1079180
1079185
1079218
1079175
1079154
1079131
1079058
1079062
1079078
1079059
1079124
1079188
1079229
1079319
1079359
1079336
1079384
1079512
1079587
1079628
1079623
1079490
1079426
1079475
1079486
1079509
1079533
1079506
1079495
1079474
1079406
1079380
1079376
1079365
1079364
1079315
1079259
1079206
1079160
1079159
1079143
1079129
1079151
1079164
1079172
1079189
1079200
1079236
1079244
1079229
1079279
1079305
1079320
1079359
1079384
1079380
1079375
1079475
1079526
1079563
1079703
1079759
1079778
1079810
1079790
1079795
1079809
1079772
1079714
1079614
1079492
1079392
1079282
1079205
1079149
1079072
1078992
1078883
1078790
1078715
1078625
1078508
1078379
1078321
1078280
1078233
1078171
1078134
1078220
1078223
1078194
1078217
1078225
1078277
1078271
1078342
1078354
1078545
1078865
1078605
1078841
1079263
1078705
1078901
1079620
1079223
1079238
1079837
1079694
1079565
1079982
1080341
1079869
1080058
1081161
1080487
1080000
1081200
1081065
1080306
1080949
1081137
1080414
1080747
1081179
1080448
1080336
1080809
1080200
1079849
1080212
1079668
1079227
1079449
1079011
1078593
1078740
1078410
1078026
1078180
1078024
1077691
1077680
1077580
1077474
1077554
1077542
1077460
1077488
1077563
1077580
1077585
1077644
1077721
1077782
1077837
1077834
1077788
1077858
1077942
1077897
1077966
1078108
1078142
1078253
1078378
1078389
1078514
1078691
1078797
1078968
1079081
1079194
1079257
1079345
1079651
1079495
1079592
1080176
1079844
1079823
1080596
1080479
1080203
1080785
1080813
1080452
1081245
1081241
1080435
1081484
1081714
1080316
1081044
1081938
1080617
1080489
1081484
1080609
1080050
1081019
1080528
1079613
1080368
1080310
1079351
1079813
1080034
1079289
1079613
1079907
1079266
1079443
1079788
1079387
1079519
1079882
1079659
1079723
1080087
1080039
1080074
1080302
1080280
1080309
1080441
1080474
1080581
1080725
1080781
1080827
1080878
1080933
1081014
1081088
1081176
1081264
1081321
1081363
1081335
1081312
1081296
1081220
1081161
1081059
1080962
1080982
1080958
1080835
1080743
1080634
1080492
1080391
1080240
1080089
1080034
1080021
1080001
1079959
1079939
1079876
1079803
1079799
1079737
1079709
1079735
1079716
1079716
1079691
1079638
1079611
1079613
1079604
1079624
1079703
1079704
1079681
1079705
1079693
1079688
1079703
1079659
1079573
1079524
1079480
1079418
1079382
1079332
1079267
1079234
1079186
1079092
1079010
1078975
1078918
1078833
1078786
1078731
1078664
1078649
1078688
1078655
1078564
1078569
1078531
1078445
1078426
1078370
1078327
1078346
1078366
1078343
1078307
1078308
1078250
1078231
1078264
1078188
1078179
1078238
1078264
1078371
1078480
1078540
1078641
1078730
1078747
1078766
1078777
1078751
1078750
1078717
1078655
1078627
1078572
1078505
1078463
1078418
1078348
1078264
1078231
1078184
1078176
1078280
1078329
1078493
1078687
1078749
1078982
1079164
1079259
1079447
1079504
1079581
1079721
1079801
1079934
1080083
1080126
1080058
1080068
1080194
1080270
1080294
1080322
1080350
1080420
1080487
1080442
1080458
1080549
1080512
1080489
1080462
1080387
1080386
1080339
1080273
1080275
1080237
1080185
1080175
1080146
1080139
1080190
1080189
1080192
1080217
1080212
1080258
1080258
1080211
1080186
1080080
1079984
1079920
1079871
1079865
1079761
1079602
1079456
1079300
1079205
1079114
1079012
1078900
1078754
1078622
1078490
1078426
1078358
1078195
1078100
1078028
1077927
1077849
1077755
1077727
1077757
1077741
1077725
1077746
1077794
1077875
1077955
1078002
1078043
1078082
1078113
1078196
1078299
1078362
1078410
1078444
1078488
1078526
1078534
1078537
1078496
1078467
1078481
1078436
1078363
1078346
1078355
1078340
1078291
1078200
1078126
1078110
1078115
1078135
1078177
1078273
1078378
1078440
1078499
1078568
1078667
1078780
1078878
1078962
1079013
1079032
1079074
1079157
1079175
1079116
1079125
1079167
1079192
1079228
1079173
1079129
1079159
1079101
1079079
1079121
1079106
1079145
1079204
1079208
1079263
1079355
1079449
1079605
1079783
1079915
1079990
1080086
1080248
1080361
1080444
1080560
1080592
1080582
1080558
1080480
1080495
1080518
1080479
1080448
1080377
1080383
1080451
1080481
1080498
1080476
1080468
1080499
1080523
1080516
1080562
1080668
1080684
1080687
1080757
1080752
1080724
1080865
1080973
1080924
1080991
1081084
1081064
1081163
1081279
1081270
1081362
1081488
1081480
1081530
1081601
1081565
1081645
1081758
1081700
1081679
1081687
1081631
1081626
1081614
1081584
1081556
1081515
1081471
1081411
1081364
1081289
1081204
1081148
1081078
1081019
1080999
1080994
1080947
1080921
1080890
1080769
1080693
1080668
1080657
1080657
1080641
1080652
1080626
1080557
1080526
1080488
1080433
1080372
1080260
1080161
1080124
1080076
1080033
1079967
1079854
1079792
1079745
1079638
1079504
1079413
1079379
1079347
1079302
1079235
1079172
1079164
1079172
1079167
1079178
1079191
1079219
1079296
1079329
1079306
1079330
1079345
1079316
1079307
1079271
1079261
1079320
1079364
1079391
1079406
1079450
1079504
1079536
1079609
1079661
1079709
1079804
1079866
1079938
1080015
1080066
1080171
1080270
1080320
1080352
1080371
1080396
1080400
1080386
1080379
1080326
1080258
1080231
1080180
1080123
1080088
1080035
1080001
1079958
1079877
1079773
1079668
1079591
1079505
1079453
1079413
1079365
1079394
1079400
1079392
1079415
1079406
1079475
1079578
1079603
1079631
1079700
1079756
1079799
1079841
1079826
1079821
1079885
1079938
1079945
1079968
1080029
1080043
1080057
1080036
1079934
1079894
1079863
1079804
1079742
1079670
1079594
1079514
1079474
1079433
1079371
1079251
1079112
1079081
1079108
1079165
1079188
1079148
1079136
1079126
1079126
1079124
1079096
1079042
1079000
1079002
1078975
1079011
1079082
1079086
1079116
1079176
1079259
1079323
1079335
1079351
1079385
1079451
1079487
1079468
1079426
1079355
1079301
1079285
1079315
1079340
1079346
1079336
1079286
1079258
1079273
1079300
1079301
1079311
1079323
1079312
1079335
1079356
1079400
1079475
1079495
1079464
1079442
1079478
1079513
1079553
1079657
1079718
1079770
1079887
1079984
1080073
1080207
1080310
1080376
1080465
1080501
1080509
1080590
1080655
1080680
1080685
1080692
1080723
1080737
1080804
1080853
1080840
1080846
1080804
1080789
1080776
1080708
1080649
1080534
1080426
1080342
1080233
1080106
1080011
1079949
1079843
1079787
1079755
1079728
1079753
1079728
1079734
1079797
1079831
1079866
1079902
1079927
1079973
1080035
1080084
1080134
1080130
1080049
1079966
1079890
1079861
1079810
1079681
1079604
1079527
1079426
1079311
1079168
1079098
1079072
1079052
1079015
1078993
1078991
1078944
1078883
1078838
1078805
1078766
1078771
1078775
1078738
1078712
1078670
1078642
1078653
1078679
1078696
1078705
1078725
1078766
1078812
1078836
1078859
1078915
1079019
1079080
1079167
1079369
1079495
1079562
1079670
1079756
1079813
1079933
1080050
1080018
1080005
1080060
1079986
1079911
1079920
1079851
1079785
1079821
1079783
1079679
1079669
1079651
1079590
1079587
1079553
1079482
1079452
1079381
1079286
1079218
1079158
1079133
1079108
1079077
1079039
1078956
1078858
1078806
1078810
1078746
1078688
1078758
1078789
1078824
1078916
1078885
1078832
1078847
1078860
1078898
1078927
1078952
1078984
1079014
1079044
1078988
1078931
1079008
1079112
1079171
1079226
1079232
1079180
1079177
1079196
1079156
1079131
1079136
1079163
1079232
1079259
1079242
1079193
1079110
1079047
1078978
1078962
1078969
1078811
1078683
1078685
1078568
1078482
1078476
1078434
1078517
1078596
1078619
1078683
1078656
1078628
1078641
1078606
1078626
1078719
1078770
1078781
1078812
1078796
1078742
1078697
1078614
1078527
1078476
1078445
1078399
1078339
1078380
1078447
1078428
1078483
1078541
1078477
1078494
1078616
1078613
1078636
1078908
1079056
1079030
1079267
1079432
1079181
1079134
1079312
1079164
1079037
1079049
1078868
1078815
1078947
1078846
1078668
1078709
1078760
1078687
1078711
1078786
1078753
1078827
1078917
1078886
1078999
1079145
1079198
1079334
1079472
1079554
1079685
1079785
1079771
1079795
1079914
1079981
1080037
1080161
1080220
1080207
1080176
1080099
1080043
1080017
1079961
1079886
1079881
1079904
1079848
1079821
1079844
1079857
1079871
1079867
1079857
1079851
1079867
1079940
1080053
1080125
1080200
1080304
1080334
1080424
1080577
1080607
1080652
1080721
1080729
1080776
1080815
1080793
1080755
1080761
1080795
1080773
1080730
1080621
1080461
1080381
1080321
1080303
1080393
1080423
1080357
1080292
1080214
1080159
1080190
1080270
1080327
1080386
1080425
1080386
1080375
1080385
1080362
1080367
1080373
1080344
1080310
1080262
1080209
1080195
1080140
1080062
1080033
1079979
1079922
1079863
1079763
1079700
1079623
1079499
1079435
1079371
1079221
1079089
1078996
1078851
1078694
1078545
1078411
1078323
1078213
1078131
1078088
1078024
1077994
1077959
1077951
1077984
1078023
1078126
1078205
1078244
1078270
1078316
1078421
1078527
1078642
1078697
1078691
1078695
1078713
1078814
1078947
1079021
1079088
1079120
1079064
1079025
1079056
1079114
1079199
1079281
1079350
1079397
1079434
1079533
1079594
1079559
1079588
1079558
1079406
1079334
1079228
1079121
1079089
1078985
1078907
1078863
1078784
1078757
1078732
1078658
1078611
1078602
1078600
1078669
1078725
1078742
1078842
1078922
1079032
1079198
1079290
1079383
1079495
1079545
1079540
1079533
1079524
1079533
1079581
1079614
1079639
1079626
1079578
1079524
1079450
1079435
1079468
1079497
1079521
1079527
1079533
1079527
1079534
1079505
1079458
1079514
1079539
1079532
1079566
1079573
1079635
1079741
1079817
1079891
1079979
1080063
1080128
1080220
1080319
1080439
1080606
1080724
1080820
1080904
1080954
1080996
1080994
1080977
1080986
1081002
1080972
1080933
1080910
1080890
1080896
1080871
1080865
1080852
1080798
1080765
1080685
1080611
1080570
1080510
1080457
1080435
1080443
1080429
1080434
1080446
1080457
1080512
1080475
1080412
1080492
1080552
1080538
1080592
1080660
1080667
1080677
1080604
1080458
1080404
1080385
1080402
1080386
1080292
1080265
1080220
1080154
1080139
1080099
1080068
1080085
1080100
1080126
1080147
1080165
1080220
1080270
1080313
1080321
1080329
1080349
1080288
1080272
1080327
1080343
1080368
1080346
1080321
1080305
1080211
1080161
1080098
1080027
1080054
1080060
1080030
1079978
1079899
1079862
1079876
1079853
1079768
1079748
1079760
1079704
1079665
1079634
1079588
1079613
1079667
1079730
1079776
1079772
1079762
1079729
1079724
1079752
1079744
1079745
1079760
1079736
1079705
1079714
1079742
1079764
1079733
1079686
1079689
1079665
1079588
1079553
1079522
1079441
1079408
1079351
1079292
1079299
1079240
1079256
1079333
1079307
1079350
1079407
1079452
1079583
1079605
1079614
1079699
1079711
1079759
1079845
1079926
1080028
1080105
1080175
1080187
1080132
1080075
1080012
1079966
1079940
1079908
1079883
1079908
1079927
1079881
1079867
1079796
1079691
1079669
1079591
1079512
1079450
1079376
1079382
1079363
1079334
1079316
1079276
1079308
1079331
1079331
1079409
1079481
1079519
1079547
1079527
1079506
1079491
1079482
1079521
1079515
1079470
1079430
1079341
1079250
1079200
1079163
1079153
1079161
1079183
1079231
1079250
1079303
1079394
1079440
1079536
1079632
1079704
1079831
1079925
1080013
1080097
1080160
1080233
1080273
1080287
1080275
1080275
1080321
1080351
1080317
1080273
1080273
1080246
1080181
1080127
1080090
1080098
1080120
1080127
1080147
1080134
1080094
1080040
1079924
1079834
1079833
1079796
1079738
1079720
1079644
1079590
1079584
1079520
1079470
1079490
1079533
1079534
1079577
1079642
1079641
1079695
1079757
1079762
1079819
1079921
1079991
1080061
1080168
1080210
1080238
1080279
1080274
1080330
1080367
1080363
1080397
1080385
1080371
1080380
1080367
1080358
1080349
1080355
1080395
1080487
1080573
1080625
1080724
1080795
1080871
1080994
1081068
1081168
1081253
1081336
1081441
1081470
1081525
1081543
1081513
1081496
1081450
1081429
1081373
1081306
1081278
1081225
1081214
1081216
1081184
1081172
1081123
1081071
1081056
1081002
1080964
1080955
1080913
1080851
1080771
1080678
1080583
1080484
1080387
1080302
1080212
1080073
1079940
1079840
1079722
1079615
1079511
1079399
1079339
1079287
1079180
1079106
1079060
1079000
1078961
1078893
1078867
1078883
1078859
1078868
1078848
1078841
1078876
1078866
1078899
1078971
1079013
1079054
1079097
1079144
1079218
1079237
1079233
1079271
1079249
1079256
1079272
1079192
1079144
1079083
1078985
1078914
1078821
1078761
1078718
1078598
1078500
1078424
1078294
1078199
1078123
1078026
1077937
1077843
1077775
1077735
1077664
1077572
1077492
1077423
1077345
1077233
1077134
1077062
1076969
1076901
1076863
1076825
1076809
1076789
1076745
1076728
1076762
1076824
1076885
1076929
1076960
1076985
1076997
1077068
1077213
1077332
1077448
1077586
1077689
1077794
1077902
1077970
1078056
1078146
1078221
1078305
1078334
1078333
1078367
1078422
1078467
1078467
1078487
1078546
1078575
1078589
1078633
1078699
1078756
1078803
1078855
1078897
1078952
1079055
1079164
1079265
1079420
1079618
1079731
1079776
1079932
1080118
1080240
1080399
1080554
1080668
1080815
1080976
1081072
1081173
1081290
1081335
1081381
1081412
1081409
1081404
1081325
1081256
1081231
1081195
1081182
1081130
1081089
1081102
1081055
1081028
1081028
1081006
1081018
1081014
1081010
1081030
1081036
1081001
1080995
1081013
1080947
1080887
1080856
1080820
1080793
1080712
1080584
1080465
1080377
1080264
1080103
1079949
1079823
1079690
1079536
1079411
1079280
1079186
1079141
1079046
1079022
1079056
1079044
1079087
1079167
1079236
1079294
1079324
1079342
1079371
1079420
1079476
1079540
1079593
1079611
1079578
1079522
1079493
1079464
1079440
1079436
1079421
1079377
1079332
1079311
1079280
1079265
1079265
1079220
1079199
1079221
1079240
1079229
1079210
1079207
1079157
1079123
1079108
1079040
1079003
1078966
1078899
1078871
1078842
1078776
1078734
1078710
1078666
1078647
1078654
1078649
1078631
1078631
1078638
1078637
1078652
1078648
1078685
1078754
1078785
1078852
1078897
1078917
1078945
1078916
1078893
1078928
1078967
1078979
1078967
1078923
1078866
1078848
1078839
1078816
1078804
1078792
1078741
1078709
1078742
1078768
1078796
1078854
1078908
1078966
1079008
1079017
1079044
1079090
1079108
1079143
1079175
1079164
1079183
1079202
1079173
1079197
1079276
1079212
1079149
1079262
1079255
1079210
1079257
1079180
1079112
1079130
1079167
1079312
1079447
1079474
1079500
1079484
1079402
1079425
1079499
1079491
1079492
1079511
1079506
1079509
1079491
1079493
1079552
1079602
1079648
1079721
1079771
1079755
1079762
1079801
1079800
1079817
1079832
1079867
1079949
1079978
1079989
1079985
1079954
1079939
1079887
1079802
1079746
1079721
1079692
1079660
1079656
1079658
1079660
1079674
1079670
1079670
1079686
1079701
1079714
1079730
1079754
1079783
1079818
1079853
1079906
1079960
1079989
1080030
1080049
1080052
1080058
1080021
1080000
1079981
1079926
1079866
1079780
1079730
1079712
1079656
1079601
1079574
1079547
1079538
1079564
1079568
1079592
1079651
1079704
1079807
1079954
1080055
1080129
1080223
1080326
1080434
1080507
1080557
1080597
1080639
1080709
1080729
1080727
1080762
1080803
1080811
1080776
1080761
1080758
1080756
1080788
1080771
1080734
1080745
1080730
1080743
1080776
1080769
1080801
1080812
1080838
1080906
1080917
1080946
1080989
1081014
1081032
1080996
1080969
1080986
1080995
1080947
1080904
1080905
1080854
1080779
1080701
1080637
1080590
1080462
1080307
1080161
1080011
1079847
1079672
1079544
1079371
1079162
1079018
1078858
1078685
1078577
1078429
1078251
1078175
1078101
1078004
1077985
1077967
1077973
1078014
1077954
1077928
1077959
1077913
1077886
1077840
1077775
1077767
1077763
1077759
1077775
1077830
1077919
1077981
1078021
1078119
1078226
1078311
1078438
1078567
1078726
1078913
1079039
1079174
1079317
1079389
1079456
1079519
1079580
1079673
1079719
1079717
1079667
1079583
1079565
1079512
1079434
1079436
1079376
1079290
1079277
1079246
1079212
1079198
1079179
1079165
1079173
1079153
1079074
1079048
1079105
1079156
1079171
1079204
1079269
1079308
1079345
1079377
1079343
1079351
1079400
1079354
1079343
1079375
1079354
1079380
1079371
1079310
1079291
1079216
1079178
1079192
1079096
1079035
1079028
1078980
1078966
1078906
1078817
1078788
1078750
1078719
1078683
1078624
1078650
1078719
1078775
1078856
1078933
1079042
1079169
1079270
1079365
1079450
1079560
1079670
1079769
1079856
1079933
1080023
1080094
1080221
1080315
1080328
1080386
1080408
1080442
1080509
1080517
1080554
1080558
1080553
1080570
1080518
1080535
1080559
1080533
1080585
1080594
1080572
1080601
1080630
1080683
1080721
1080759
1080804
1080878
1080971
1080966
1080941
1081049
1081174
1081129
1081140
1081296
1081221
1081065
1081148
1081189
1081066
1081046
1081063
1080963
1080994
1081103
1080989
1080906
1080932
1080765
1080620
1080598
1080446
1080370
1080426
1080324
1080256
1080271
1080177
1080139
1080117
1080048
1080037
1080009
1079961
1079937
1079908
1079893
1079892
1079885
1079863
1079771
1079664
1079664
1079655
1079528
1079433
1079437
1079350
1079186
1079211
1079222
1079057
1079046
1079058
1078924
1078964
1079051
1078942
1078920
1078983
1078903
1078861
1078879
1078827
1078835
1078900
1078887
1078860
1078864
1078837
1078824
1078857
1078859
1078844
1078892
1078946
1078962
1079007
1079043
1079072
1079155
1079222
1079267
1079353
1079431
1079490
1079545
1079527
1079505
1079563
1079627
1079667
1079704
1079706
1079719
1079765
1079757
1079718
1079665
1079591
1079524
1079466
1079410
1079337
1079312
1079306
1079233
1079168
1079105
1079010
1078966
1078952
1078881
1078825
1078794
1078713
1078640
1078552
1078430
1078350
1078296
1078238
1078181
1078165
1078189
1078171
1078138
1078130
1078100
1078042
1077996
1077988
1077995
1078008
1077996
1077968
1077996
1078037
1078065
1078083
1078110
1078196
1078272
1078290
1078300
1078334
1078412
1078522
1078589
1078638
1078747
1078870
1078966
1079060
1079143
1079209
1079246
1079285
1079344
1079366
1079428
1079509
1079536
1079594
1079624
1079602
1079574
1079557
1079557
1079536
1079539
1079540
1079492
1079455
1079392
1079293
1079210
1079117
1079033
1078979
1078960
1078967
1078991
1079044
1079086
1079133
1079194
1079269
1079418
1079609
1079796
1079966
1080116
1080251
1080389
1080519
1080633
1080758
1080874
1081007
1081115
1081142
1081152
1081155
1081150
1081129
1081130
1081186
1081177
1081101
1081048
1080977
1080895
1080898
1080885
1080790
1080764
1080737
1080666
1080616
1080498
1080367
1080285
1080149
1079985
1079829
1079650
1079501
1079343
1079185
1079058
1078868
1078715
1078598
1078396
1078242
1078127
1077992
1077914
1077794
1077686
1077668
1077557
1077468
1077484
1077436
1077434
1077525
1077540
1077576
1077718
1077863
1077977
1078062
1078163
1078293
1078397
1078508
1078650
1078768
1078918
1079068
1079135
1079206
1079221
1079195
1079243
1079292
1079346
1079368
1079336
1079342
1079333
1079293
1079295
1079315
1079307
1079388
1079479
1079397
1079340
1079346
1079272
1079228
1079232
1079193
1079150
1079176
1079194
1079169
1079174
1079131
1079063
1079079
1079054
1078981
1078971
1078967
1078936
1078947
1079023
1079030
1078972
1078996
1079033
1079032
1079063
1079136
1079167
1079204
1079268
1079233
1079231
1079278
1079276
1079291
1079293
1079310
1079320
1079298
1079320
1079315
1079260
1079228
1079192
1079178
1079217
1079275
1079332
1079341
1079322
1079325
1079343
1079370
1079471
1079612
1079659
1079693
1079665
1079579
1079603
1079642
1079739
1079899
1079987
1080048
1080061
1080087
1080174
1080224
1080294
1080332
1080306
1080376
1080484
1080528
1080566
1080596
1080622
1080681
1080718
1080709
1080679
1080669
1080675
1080645
1080637
1080626
1080576
1080573
1080526
1080412
1080342
1080284
1080232
1080190
1080114
1080042
1080008
1079995
1079948
1079874
1079841
1079802
1079756
1079774
1079802
1079779
1079775
1079781
1079723
1079699
1079740
1079740
1079779
1079852
1079899
1079956
1079958
1079944
1079928
1079908
1079957
1080015
1080076
1080136
1080106
1080004
1079977
1079999
1079972
1080018
1080109
1080117
1080106
1080083
1080040
1080062
1080099
1080086
1080073
1080066
1080068
1080078
1080068
1080049
1080011
1079966
1079985
1080022
1080013
1079989
1079946
1079905
1079920
1079919
1079830
1079792
1079824
1079816
1079813
1079765
1079730
1079787
1079780
1079740
1079715
1079694
1079738
1079748
1079707
1079713
1079725
1079726
1079707
1079668
1079658
1079668
1079709
1079716
1079673
1079687
1079695
1079712
1079797
1079831
1079835
1079830
1079791
1079806
1079829
1079872
1079949
1079917
1079853
1079827
1079748
1079664
1079635
1079711
1079822
1079809
1079735
1079633
1079559
1079565
1079471
1079351
1079286
1079235
1079247
1079209
1079094
1078990
1078897
1078827
1078752
1078649
1078539
1078480
1078455
1078389
1078362
1078382
1078419
1078474
1078500
1078556
1078595
1078578
1078590
1078573
1078548
1078577
1078613
1078672
1078717
1078748
1078834
1078900
1078931
1078996
1079038
1079083
1079130
1079168
1079251
1079311
1079381
1079467
1079497
1079570
1079659
1079708
1079788
1079872
1079928
1079995
1080002
1079977
1080036
1080088
1080170
1080325
1080419
1080501
1080572
1080560
1080565
1080619
1080701
1080849
1081006
1081100
1081168
1081246
1081318
1081397
1081468
1081522
1081602
1081706
1081783
1081825
1081847
1081829
1081799
1081798
1081785
1081747
1081686
1081636
1081609
1081545
1081502
1081480
1081434
1081420
1081423
1081419
1081380
1081335
1081302
1081268
1081239
1081159
1081093
1081049
1080967
1080909
1080841
1080787
1080742
1080661
1080597
1080497
1080382
1080322
1080263
1080181
1080121
1080099
1080050
1080027
1080029
1079977
1079960
1079969
1079944
1079903
1079859
1079826
1079785
1079755
1079756
1079761
1079765
1079781
1079779
1079784
1079784
1079736
1079701
1079677
1079651
1079690
1079732
1079764
1079845
1079861
1079823
1079779
1079698
1079647
1079595
1079550
1079500
1079417
1079396
1079342
1079254
1079199
1079123
1079071
1079004
1078943
1078928
1078898
1078892
1078885
1078871
1078916
1078968
1079017
1079082
1079122
1079158
1079220
1079287
1079326
1079384
1079481
1079540
1079602
1079644
1079672
1079739
1079744
1079785
1079854
1079842
1079858
1079845
1079828
1079874
1079888
1079919
1079969
1080011
1080019
1079988
1080004
1079995
1079964
1079968
1079966
1080003
1080031
1080050
1080093
1080082
1080081
1080095
1080103
1080101
1080069
1080059
1080018
1079960
1079919
1079844
1079797
1079728
1079640
1079575
1079461
1079395
1079358
1079308
1079318
1079299
1079240
1079228
1079225
1079178
1079134
1079107
1079077
1079063
1079032
1078987
1078975
1078970
1078961
1078981
1078999
1078983
1078988
1079050
1079096
1079135
1079204
1079236
1079279
1079332
1079341
1079371
1079408
1079443
1079488
1079517
1079551
1079610
1079656
1079655
1079682
1079687
1079654
1079658
1079602
1079561
1079572
1079497
1079433
1079431
1079409
1079370
1079341
1079275
1079184
1079107
1079000
1078921
1078835
1078774
1078791
1078729
1078712
1078749
1078753
1078815
1078830
1078870
1078978
1078997
1079018
1079085
1079115
1079166
1079229
1079224
1079240
1079258
1079222
1079224
1079194
1079123
1079089
1079062
1079030
1078994
1078955
1078929
1078929
1078880
1078807
1078774
1078741
1078729
1078725
1078788
1078859
1078846
1078820
1078714
1078622
1078619
1078596
1078627
1078683
1078676
1078618
1078557
1078560
1078592
1078606
1078595
1078589
1078591
1078566
1078550
1078549
1078561
1078601
1078652
1078671
1078679
1078759
1078853
1078871
1078879
1078911
1078918
1078863
1078797
1078802
1078803
1078775
1078792
1078769
1078765
1078858
1078889
1078924
1079001
1079016
1079085
1079167
1079165
1079241
1079358
1079391
1079439
1079506
1079527
1079524
1079551
1079630
1079655
1079654
1079735
1079793
1079836
1079954
1080034
1080069
1080162
1080226
1080274
1080386
1080462
1080526
1080581
1080579
1080602
1080584
1080557
1080600
1080583
1080550
1080553
1080539
1080492
1080447
1080463
1080478
1080499
1080507
1080440
1080396
1080338
1080291
1080304
1080286
1080273
1080254
1080217
1080147
1080068
1080058
1080048
1080048
1080046
1079996
1079948
1079939
1079930
1079882
1079846
1079820
1079816
1079811
1079799
1079813
1079823
1079859
1079884
1079898
1079911
1079909
1079940
1079968
1079967
1079982
1080024
1079989
1079925
1079961
1079934
1079834
1079778
1079705
1079641
1079618
1079570
1079491
1079418
1079355
1079297
1079259
1079235
1079222
1079221
1079236
1079226
1079172
1079176
1079225
1079250
1079317
1079382
1079419
1079478
1079513
1079509
1079477
1079455
1079513
1079618
1079694
1079689
1079637
1079624
1079638
1079674
1079718
1079725
1079753
1079795
1079857
1079925
1079944
1080005
1080059
1080105
1080186
1080211
1080245
1080297
1080349
1080432
1080492
1080540
1080597
1080649
1080689
1080686
1080659
1080582
1080474
1080404
1080330
1080286
1080222
1080104
1080039
1079954
1079830
1079731
1079650
1079572
1079516
1079477
1079407
1079360
1079330
1079291
1079264
1079199
1079146
1079107
1079046
1078991
1078926
1078870
1078857
1078832
1078760
1078761
1078821
1078816
1078860
1078937
1078982
1079064
1079117
1079182
1079282
1079387
1079504
1079615
1079746
1079847
1079973
1080134
1080244
1080326
1080368
1080411
1080463
1080472
1080443
1080412
1080403
1080398
1080373
1080337
1080321
1080308
1080302
1080275
1080223
1080229
1080257
1080261
1080264
1080280
1080316
1080362
1080400
1080410
1080432
1080474
1080480
1080485
1080486
1080467
1080453
1080420
1080378
1080328
1080284
1080260
1080227
1080171
1080121
1080078
1079991
1079884
1079806
1079763
1079719
1079695
1079708
1079676
1079645
1079643
1079653
1079691
1079717
1079785
1079863
1079893
1079935
1079951
1079935
1079955
1079952
1079903
1079881
1079827
1079746
1079709
1079643
1079549
1079464
1079362
1079256
1079158
1079082
1079007
1078907
1078811
1078733
1078699
1078697
1078683
1078684
1078708
1078715
1078709
1078742
1078763
1078733
1078735
1078755
1078787
1078835
1078838
1078865
1078934
1078961
1078981
1078991
1078968
1078973
1078986
1078982
1078956
1078900
1078897
1078933
1078932
1078930
1078927
1078920
1078949
1078935
1078930
1078964
1078921
1078902
1078860
1078773
1078753
1078704
1078660
1078609
1078527
1078508
1078480
1078425
1078388
1078374
1078389
1078399
1078388
1078400
1078432
1078439
1078449
1078435
1078421
1078488
1078510
1078504
1078546
1078573
1078638
1078690
1078686
1078732
1078813
1078896
1078944
1079004
1079089
1079155
1079236
1079298
1079311
1079314
1079346
1079381
1079435
1079535
1079573
1079581
1079627
1079661
1079670
1079683
1079712
1079729
1079729
1079716
1079688
1079643
1079596
1079545
1079490
1079432
1079329
1079231
1079172
1079101
1079034
1078970
1078877
1078825
1078839
1078838
1078861
1078879
1078873
1078947
1079018
1079055
1079104
1079136
1079201
1079262
1079284
1079337
1079375
1079386
1079435
1079443
1079393
1079394
1079403
1079380
1079376
1079344
1079313
1079317
1079316
1079329
1079365
1079433
1079494
1079549
1079671
1079786
1079894
1080066
1080199
1080276
1080397
1080495
1080570
1080686
1080729
1080731
1080756
1080734
1080719
1080695
1080614
1080566
1080516
1080426
1080365
1080252
1080094
1079974
1079840
1079718
1079648
1079608
1079534
1079454
1079409
1079308
1079239
1079205
1079134
1079109
1079067
1079021
1079003
1078984
1078997
1079001
1079007
1079000
1078984
1078998
1078994
1078983
1078969
1078956
1078959
1078970
1078999
1079009
1079012
1079016
1079008
1078989
1078939
1078884
1078822
1078752
1078700
1078614
1078527
1078466
1078392
1078362
1078345
1078307
1078279
1078256
1078244
1078236
1078254
1078289
1078328
1078391
1078462
1078522
1078569
1078642
1078740
1078841
1078951
1079072
1079194
1079294
1079405
1079533
1079641
1079752
1079871
1079969
1080085
1080237
1080295
1080315
1080417
1080458
1080472
1080538
1080544
1080557
1080593
1080560
1080579
1080632
1080563
1080560
1080578
1080493
1080510
1080475
1080421
1080488
1080446
1080413
1080440
1080393
1080370
1080358
1080344
1080347
1080332
1080368
1080402
1080392
1080413
1080386
1080304
1080252
1080222
1080153
1080067
1080030
1079964
1079885
1079861
1079821
1079776
1079742
1079700
1079655
1079594
1079551
1079497
1079460
1079438
1079365
1079327
1079251
1079167
1079181
1079169
1079154
1079145
1079096
1079080
1079103
1079119
1079116
1079136
1079149
1079141
1079154
1079177
1079168
1079142
1079183
1079217
1079213
1079281
1079312
1079282
1079346
1079405
1079390
1079441
1079521
1079561
1079633
1079680
1079701
1079789
1079878
1079950
1080005
1080056
1080127
1080138
1080143
1080180
1080194
1080190
1080176
1080166
1080134
1080105
1080120
1080104
1080031
1079995
1079988
1079950
1079929
1079901
1079861
1079874
1079883
1079884
1079916
1079884
1079875
1079905
1079852
1079856
1079873
1079822
1079786
1079745
1079717
1079690
1079686
1079634
1079519
1079485
1079463
1079439
1079425
1079393
1079383
1079328
1079250
1079212
1079167
1079151
1079195
1079205
1079152
1079119
1079114
1079067
1079010
1078988
1078972
1079014
1079071
1079061
1079095
1079152
1079181
1079322
1079474
1079516
1079604
1079736
1079804
1079870
1079970
1080052
1080148
1080230
1080289
1080366
1080418
1080479
1080543
1080565
1080565
1080558
1080572
1080536
1080469
1080444
1080433
1080367
1080274
1080224
1080128
1079999
1079913
1079846
1079739
1079585
1079494
1079396
1079288
1079233
1079126
1079056
1079015
1078915
1078848
1078809
1078776
1078719
1078674
1078667
1078605
1078587
1078589
1078545
1078539
1078512
1078477
1078475
1078504
1078511
1078491
1078541
1078563
1078583
1078668
1078729
1078793
1078832
1078874
1078955
1078996
1079028
1079059
1079091
1079166
1079203
1079217
1079284
1079291
1079280
1079323
1079342
1079387
1079433
1079431
1079426
1079418
1079448
1079503
1079562
1079610
1079588
1079586
1079611
1079625
1079668
1079692
1079715
1079751
1079778
1079810
1079804
1079820
1079878
1079860
1079810
1079771
1079755
1079741
1079678
1079648
1079641
1079641
1079643
1079620
1079639
1079664
1079668
1079684
1079662
1079643
1079705
1079730
1079734
1079811
1079806
1079803
1079852
1079820
1079811
1079823
1079820
1079813
1079783
1079769
1079754
1079749
1079754
1079745
1079723
1079741
1079765
1079744
1079784
1079818
1079798
1079810
1079869
1079945
1079960
1079976
1080042
1080075
1080077
1080073
1080075
1080056
1079992
1079971
1079970
1079910
1079860
1079834
1079782
1079725
1079686
1079665
1079655
1079619
1079570
1079551
1079548
1079589
1079629
1079640
1079691
1079729
1079774
1079857
1079934
1080009
1080040
1080057
1080083
1080158
1080238
1080229
1080212
1080171
1080139
1080140
1080126
1080120
1080085
1080058
1080013
1079946
1079927
1079908
1079904
1079914
1079913
1079940
1079975
1079985
1080019
1080052
1080041
1080009
1079972
1079976
1079980
1079973
1080005
1080039
1080084
1080120
1080114
1080116
1080132
1080124
1080129
1080164
1080144
1080124
1080151
1080170
1080204
1080272
1080319
1080303
1080313
1080308
1080273
1080291
1080290
1080304
1080311
1080280
1080283
1080273
1080262
1080267
1080236
1080212
1080193
1080133
1080088
1080053
1079992
1079991
1080001
1079954
1079929
1079914
1079857
1079832
1079808
1079766
1079793
1079792
1079775
1079784
1079763
1079781
1079761
1079693
1079655
1079588
1079533
1079510
1079461
1079408
1079381
1079359
1079353
1079342
1079317
1079317
1079288
1079293
1079350
1079373
1079394
1079384
1079394
1079457
1079484
1079520
1079563
1079513
1079473
1079470
1079410
1079372
1079370
1079361
1079355
1079354
1079381
1079398
1079386
1079386
1079359
1079332
1079358
1079374
1079387
1079417
1079425
1079446
1079496
1079517
1079520
1079573
1079597
1079608
1079674
1079681
1079667
1079704
1079734
1079725
1079707
1079730
1079746
1079725
1079711
1079708
1079692
1079698
1079732
1079734
1079730
1079719
1079693
1079698
1079686
1079650
1079629
1079615
1079623
1079608
1079587
1079605
1079621
1079667
1079717
1079716
1079702
1079671
1079628
1079602
1079575
1079557
1079549
1079520
1079488
1079436
1079386
1079347
1079294
1079281
1079260
1079238
1079226
1079175
1079170
1079196
1079187
1079181
1079184
1079168
1079137
1079132
1079134
1079160
1079202
1079190
1079184
1079198
1079205
1079230
1079252
1079284
1079320
1079292
1079279
1079301
1079313
1079365
1079395
1079399
1079392
1079366
1079384
1079380
1079382
1079438
1079466
1079496
1079527
1079546
1079583
1079597
1079613
1079649
1079673
1079714
1079757
1079756
1079771
1079781
1079771
1079806
1079819
1079822
1079850
1079883
1079921
1079943
1080003
1080019
1080023
1080099
1080120
1080160
1080250
1080302
1080329
1080345
1080381
1080412
1080432
1080452
1080432
1080382
1080322
1080256
1080189
1080111
1080008
1079917
1079830
1079723
1079645
1079551
1079450
1079394
1079301
1079201
1079150
1079074
1078992
1078959
1078902
1078830
1078774
1078717
1078673
1078630
1078636
1078669
1078674
1078705
1078720
1078743
1078795
1078797
1078813
1078853
1078864
1078900
1078953
1078995
1079026
1079035
1079052
1079099
1079185
1079230
1079219
1079231
1079229
1079255
1079337
1079376
1079438
1079531
1079559
1079565
1079637
1079720
1079769
1079847
1079883
1079881
1079910
1079927
1079945
1079955
1079946
1079934
1079927
1079898
1079868
1079864
1079785
1079666
1079570
1079519
1079523
1079496
1079484
1079501
1079507
1079535
1079546
1079573
1079630
1079644
1079638
1079630
1079607
1079591
1079567
1079543
1079532
1079498
1079470
1079457
1079393
1079329
1079310
1079273
1079222
1079155
1079085
1079028
1078974
1078949
1078950
1078968
1078979
1078984
1079016
1079049
1079109
1079214
1079283
1079323
1079390
1079441
1079505
1079579
1079606
1079668
1079744
1079771
1079809
1079841
1079856
1079884
1079926
1079944
1079952
1080016
1080063
1080068
1080122
1080188
1080237
1080309
1080373
1080429
1080479
1080508
1080557
1080640
1080711
1080773
1080827
1080836
1080855
1080904
1080916
1080921
1080928
1080896
1080848
1080780
1080717
1080677
1080578
1080462
1080386
1080314
1080253
1080188
1080144
1080100
1080046
1080011
1079936
1079875
1079833
1079785
1079759
1079691
1079627
1079586
1079528
1079504
1079485
1079453
1079455
1079464
1079451
1079446
1079440
1079425
1079407
1079384
1079364
1079345
1079368
1079374
1079361
1079383
1079389
1079403
1079429
1079435
1079424
1079387
1079341
1079335
1079345
1079332
1079329
1079292
1079213
1079181
1079207
1079187
1079137
1079122
1079106
1079124
1079130
1079100
1079113
1079109
1079047
1079001
1078987
1078980
1078973
1078948
1078912
1078887
1078864
1078812
1078726
1078643
1078597
1078583
1078541
1078504
1078505
1078470
1078438
1078438
1078467
1078525
1078518
1078476
1078471
1078468
1078459
1078471
1078450
1078388
1078392
1078418
1078417
1078463
1078504
1078528
1078550
1078546
1078572
1078612
1078631
1078659
1078672
1078663
1078643
1078631
1078625
1078578
1078551
1078531
1078465
1078429
1078408
1078376
1078377
1078394
1078396
1078391
1078444
1078506
1078514
1078556
1078619
1078654
1078672
1078679
1078714
1078786
1078863
1078920
1078995
1079089
1079185
1079264
1079303
1079359
1079385
1079368
1079401
1079420
1079432
1079481
1079515
1079544
1079583
1079626
1079633
1079626
1079628
1079603
1079596
1079591
1079594
1079622
1079632
1079665
1079704
1079742
1079827
1079915
1079989
1080096
1080213
1080302
1080405
1080505
1080601
1080722
1080811
1080867
1080929
1081004
1081092
1081173
1081224
1081228
1081186
1081161
1081218
1081292
1081336
1081357
1081346
1081350
1081332
1081254
1081190
1081145
1081087
1081016
1080961
1080930
1080896
1080848
1080757
1080698
1080689
1080614
1080540
1080479
1080403
1080370
1080323
1080260
1080205
1080146
1080098
1080052
1079992
1079937
1079899
1079826
1079764
1079744
1079693
1079655
1079628
1079554
1079516
1079482
1079428
1079437
1079458
1079476
1079466
1079438
1079442
1079387
1079303
1079225
1079134
1079057
1078993
1078940
1078873
1078837
1078849
1078826
1078786
1078784
1078761
1078767
1078816
1078787
1078757
1078756
1078749
1078812
1078870
1078920
1079003
1079048
1079065
1079101
1079184
1079257
1079311
1079377
1079382
1079405
1079454
1079463
1079482
1079488
1079495
1079497
1079425
1079355
1079340
1079310
1079273
1079236
1079180
1079153
1079164
1079219
1079283
1079326
1079390
1079427
1079445
1079467
1079479
1079518
1079540
1079534
1079551
1079571
1079631
1079747
1079851
1079906
1079951
1080020
1080086
1080116
1080107
1080122
1080167
1080214
1080299
1080387
1080496
1080625
1080700
1080784
1080878
1080946
1080988
1080999
1081020
1081030
1081045
1081068
1081045
1081039
1081066
1081038
1080975
1080916
1080796
1080669
1080577
1080408
1080286
1080331
1080266
1080120
1080117
1080104
1080099
1080082
1079967
1079893
1079861
1079857
1079852
1079881
1079947
1079998
1080042
1079995
1079944
1079902
1079838
1079776
1079678
1079626
1079605
1079589
1079558
1079528
1079544
1079517
1079510
1079476
1079383
1079381
1079362
1079286
1079273
1079296
1079328
1079354
1079384
1079465
1079566
1079643
1079649
1079604
1079593
1079585
1079594
1079620
1079595
1079596
1079614
1079618
1079644
1079657
1079685
1079686
1079608
1079586
1079611
1079598
1079620
1079672
1079680
1079665
1079618
1079565
1079578
1079611
1079608
1079603
1079604
1079568
1079508
1079431
1079381
1079364
1079353
1079374
1079376
1079369
1079388
1079393
1079375
1079336
1079319
1079334
1079380
1079458
1079549
1079635
1079696
1079738
1079753
1079754
1079737
1079736
1079745
1079729
1079771
1079806
1079847
1079958
1079998
1080000
1079987
1079942
1079947
1079927
1079943
1080013
1080028
1080097
1080166
1080202
1080307
1080379
1080403
1080406
1080360
1080304
1080230
1080174
1080195
1080243
1080277
1080293
1080279
1080235
1080188
1080107
1080024
1080007
1079984
1079978
1079974
1079918
1079891
1079848
1079774
1079718
1079681
1079642
1079574
1079535
1079487
1079409
1079362
1079269
1079115
1079026
1078953
1078853
1078811
1078792
1078796
1078804
1078793
1078833
1078857
1078822
1078790
1078753
1078656
1078528
1078442
1078365
1078280
1078226
1078185
1078163
1078174
1078172
1078129
1078088
1078049
1077986
1077940
1077912
1077911
1077954
1077983
1077993
1077996
1078014
1078042
1078070
1078138
1078187
1078191
1078190
1078183
1078165
1078197
1078246
1078236
1078278
1078352
1078432
1078522
1078577
1078686
1078762
1078787
1078848
1078848
1078869
1078927
1078930
1078996
1079067
1079105
1079158
1079152
1079175
1079201
1079197
1079232
1079238
1079247
1079239
1079196
1079198
1079194
1079208
1079222
1079221
1079264
1079251
1079225
1079203
1079174
1079224
1079286
1079365
1079450
1079494
1079547
1079575
1079592
1079657
1079737
1079794
1079827
1079834
1079801
1079739
1079698
1079687
1079659
1079610
1079577
1079582
1079632
1079682
1079699
1079706
1079691
1079691
1079722
1079716
1079677
1079657
1079662
1079644
1079642
1079650
1079630
1079622
1079606
1079581
1079569
1079531
1079464
1079421
1079371
1079304
1079278
1079231
1079180
1079170
1079175
1079197
1079198
1079204
1079229
1079253
1079247
1079209
1079209
1079219
1079223
1079267
1079327
1079378
1079433
1079485
1079520
1079572
1079616
1079618
1079592
1079550
1079515
1079479
1079474
1079522
1079551
1079574
1079605
1079611
1079612
1079611
1079647
1079724
1079808
1079902
1079951
1079982
1080069
1080143
1080141
1080080
1079975
1079891
1079926
1080104
1080331
1080473
1080488
1080410
1080315
1080235
1080172
1080122
1080043
1079975
1079969
1080051
1080149
1080159
1080121
1080081
1080048
1079995
1079941
1079881
1079846
1079906
1079922
1079932
1079986
1080004
1080054
1080098
1080128
1080166
1080195
1080245
1080289
1080336
1080367
1080398
1080472
1080544
1080601
1080645
1080670
1080675
1080660
1080644
1080653
1080682
1080716
1080724
1080694
1080716
1080727
1080699
1080731
1080750
1080782
1080846
1080895
1080934
1080902
1080860
1080801
1080723
1080700
1080629
1080555
1080551
1080575
1080597
1080581
1080553
1080511
1080447
1080385
1080412
1080528
1080559
1080564
1080566
1080511
1080525
1080526
1080488
1080510
1080476
1080446
1080489
1080467
1080416
1080369
1080329
1080326
1080264
1080203
1080211
1080224
1080264
1080317
1080338
1080353
1080383
1080366
1080325
1080263
1080206
1080160
1080040
1079954
1079893
1079817
1079785
1079748
1079727
1079683
1079618
1079557
1079445
1079354
1079296
1079218
1079165
1079099
1079001
1078968
1078996
1079047
1079089
1079125
1079177
1079200
1079220
1079191
1079120
1079071
1078968
1078894
1078854
1078828
1078898
1078965
1079046
1079167
1079238
1079252
1079177
1079059
1078978
1078962
1079036
1079170
1079322
1079471
1079527
1079478
1079469
1079466
1079463
1079447
1079402
1079431
1079445
1079420
1079398
1079403
1079415
1079408
1079508
1079602
1079660
1079725
1079728
1079730
1079701
1079676
1079672
1079653
1079645
1079647
1079694
1079735
1079778
1079848
1079906
1079918
1079929
1079989
1080011
1080065
1080133
1080194
1080296
1080374
1080459
1080457
1080453
1080472
1080397
1080392
1080407
1080434
1080491
1080540
1080637
1080686
1080711
1080735
1080732
1080691
1080613
1080532
1080443
1080383
1080318
1080288
1080295
1080325
1080405
1080435
1080451
1080388
1080224
1080096
1079970
1079861
1079780
1079733
1079758
1079782
1079769
1079754
1079722
1079624
1079518
1079393
1079254
1079174
1079024
1078873
1078826
1078819
1078866
1078889
1078939
1079013
1079041
1079055
1078944
1078810
1078706
1078543
1078395
1078270
1078235
1078268
1078335
1078439
1078503
1078601
1078666
1078663
1078616
1078490
1078386
1078279
1078221
1078234
1078307
1078514
1078716
1078948
1079166
1079272
1079354
1079288
1079141
1078993
1078835
1078819
1078828
1078899
1079062
1079193
1079378
1079461
1079453
1079436
1079371
1079329
1079172
1079016
1078885
1078782
1078921
1079098
1079378
1079649
1079683
1079675
1079525
1079366
1079240
1079018
1078892
1078800
1078790
1078904
1078952
1078994
1079044
1079107
1079164
1079106
1079049
1078986
1078913
1078894
1078775
1078658
1078670
1078701
1078789
1078875
1078917
1078977
1078984
1078947
1078887
1078877
1078924
1078898
1078910
1078956
1078933
1078940
1078924
1078899
1078960
1078946
1078915
1078930
1078876
1078821
1078757
1078712
1078717
1078707
1078745
1078809
1078859
1078928
1078993
1079052
1079082
1079037
1078990
1078935
1078892
1078954
1079014
1079117
1079306
1079473
1079638
1079729
1079778
1079844
1079833
1079798
1079771
1079766
1079809
1079847
1079906
1079948
1079924
1079908
1079887
1079884
1079902
1079855
1079797
1079741
1079693
1079720
1079804
1079879
1079879
1079809
1079731
1079680
1079654
1079645
1079655
1079679
1079716
1079742
1079753
1079765
1079769
1079725
1079635
1079566
1079503
1079420
1079389
1079408
1079432
1079439
1079440
1079467
1079490
1079526
1079552
1079529
1079481
1079397
1079320
1079268
1079231
1079271
1079364
1079477
1079575
1079607
1079633
1079681
1079679
1079646
1079636
1079607
1079578
1079602
1079635
1079703
1079809
1079872
1079956
1080053
1080081
1080102
1080109
1080085
1080037
1079941
1079881
1079861
1079835
1079818
1079834
1079865
1079883
1079899
1079856
1079788
1079770
1079742
1079759
1079848
1079917
1079931
1079877
1079811
1079817
1079866
1079930
1079967
1079911
1079846
1079820
1079797
1079775
1079737
1079660
1079592
1079597
1079586
1079537
1079523
1079518
1079504
1079514
1079533
1079513
1079545
1079587
1079527
1079463
1079398
1079306
1079242
1079165
1079068
1079008
1078948
1078914
1078893
1078820
1078768
1078719
1078647
1078560
1078471
1078424
1078368
1078349
1078413
1078469
1078524
1078581
1078583
1078555
1078547
1078537
1078532
1078609
1078731
1078828
1078941
1079053
1079137
1079184
1079206
1079242
1079275
1079298
1079337
1079399
1079425
1079422
1079445
1079468
1079470
1079463
1079497
1079537
1079543
1079576
1079615
1079634
1079671
1079716
1079777
1079881
1079965
1080012
1080062
1080120
1080142
1080133
1080095
1080030
1080073
1080183
1080288
1080367
1080331
1080271
1080222
1080209
1080279
1080327
1080343
1080265
1080112
1080053
1080015
1080013
1080080
1080104
1080170
1080232
1080213
1080198
1080167
1080134
1080089
1080034
1080041
1080049
1080030
1080068
1080131
1080160
1080155
1080108
1080059
1080026
1079974
1079897
1079816
1079725
1079640
1079575
1079496
1079442
1079378
1079331
1079344
1079292
1079232
1079187
1079095
1079026
1078954
1078890
1078877
1078890
1078942
1078993
1079030
1079073
1079121
1079173
1079222
1079268
1079325
1079382
1079385
1079386
1079394
1079387
1079400
1079391
1079384
1079365
1079342
1079362
1079364
1079337
1079340
1079364
1079346
1079344
1079350
1079325
1079341
1079358
1079372
1079376
1079357
1079317
1079248
1079245
1079295
1079360
1079407
1079337
1079218
1079117
1079037
1079067
1079155
1079177
1079185
1079216
1079242
1079289
1079339
1079371
1079393
1079427
1079468
1079527
1079617
1079679
1079746
1079813
1079846
1079903
1079921
1079925
1080001
1080061
1080068
1080054
1080052
1080085
1080102
1080125
1080147
1080133
1080183
1080250
1080257
1080320
1080388
1080394
1080424
1080455
1080462
1080457
1080467
1080531
1080571
1080552
1080505
1080431
1080401
1080406
1080387
1080383
1080383
1080386
1080404
1080390
1080373
1080341
1080261
1080210
1080156
1080042
1079955
1079910
1079874
1079833
1079802
1079774
1079715
1079663
1079593
1079533
1079518
1079514
1079525
1079475
1079429
1079425
1079360
1079320
1079309
1079267
1079273
1079302
1079298
1079253
1079170
1079113
1079099
1079144
1079271
1079342
1079324
1079293
1079252
1079259
1079345
1079427
1079445
1079471
1079538
1079608
1079687
1079709
1079708
1079738
1079712
1079667
1079614
1079553
1079540
1079518
1079476
1079409
1079324
1079321
1079394
1079455
1079482
1079482
1079438
1079399
1079398
1079369
1079315
1079287
1079274
1079274
1079276
1079283
1079266
1079211
1079180
1079156
1079099
1079075
1079107
1079074
1079039
1079065
1079031
1078982
1078927
1078877
1078867
1078836
1078804
1078794
1078816
1078842
1078875
1078928
1078980
1079044
1079083
1079100
1079137
1079174
1079188
1079203
1079235
1079276
1079334
1079402
1079439
1079477
1079552
1079571
1079568
1079616
1079660
1079701
1079720
1079681
1079630
1079628
1079668
1079718
1079841
1080044
1080170
1080186
1080185
1080158
1080169
1080246
1080265
1080263
1080265
1080242
1080242
1080252
1080285
1080295
1080239
1080223
1080230
1080195
1080198
1080198
1080149
1080098
1079970
1079827
1079753
1079686
1079637
1079571
1079491
1079414
1079359
1079303
1079211
1079194
1079210
1079221
1079219
1079202
1079227
1079186
1079169
1079184
1079168
1079284
1079362
1079363
1079426
1079397
1079349
1079387
1079461
1079566
1079644
1079678
1079674
1079693
1079731
1079750
1079813
1079850
1079862
1079923
1079968
1079958
1079971
1080026
1080053
1080048
1080054
1080111
1080157
1080184
1080207
1080161
1080100
1080074
1080039
1079973
1079939
1079940
1079900
1079845
1079837
1079919
1080035
1080134
1080205
1080223
1080262
1080287
1080280
1080364
1080494
1080582
1080592
1080559
1080517
1080497
1080587
1080705
1080752
1080767
1080824
1080836
1080776
1080762
1080736
1080701
1080684
1080664
1080620
1080564
1080543
1080484
1080428
1080396
1080352
1080314
1080205
1080075
1079956
1079856
1079857
1079867
1079847
1079812
1079761
1079703
1079592
1079549
1079526
1079406
1079371
1079340
1079291
1079320
1079310
1079338
1079344
1079308
1079319
1079255
1079221
1079212
1079171
1079178
1079177
1079170
1079141
1079112
1079082
1079040
1079023
1078944
1078883
1078899
1078870
1078848
1078858
1078827
1078792
1078801
1078838
1078864
1078857
1078794
1078675
1078586
1078539
1078473
1078409
1078368
1078342
1078346
1078371
1078383
1078398
1078441
1078493
1078515
1078487
1078472
1078453
1078381
1078377
1078425
1078496
1078631
1078714
1078703
1078678
1078700
1078722
1078719
1078750
1078815
1078869
1078923
1078995
1078970
1078946
1079007
1079014
1079076
1079162
1079215
1079294
1079306
1079364
1079479
1079546
1079595
1079620
1079654
1079683
1079719
1079792
1079839
1079847
1079897
1079960
1079961
1080021
1080091
1080114
1080179
1080170
1080139
1080111
1080045
1080076
1080038
1079967
1080049
1080084
1080083
1080106
1080128
1080170
1080217
1080304
1080269
1080120
1080075
1080039
1079950
1079931
1079966
1079966
1079983
1079966
1079861
1079783
1079771
1079819
1079820
1079722
1079642
1079631
1079625
1079631
1079668
1079651
1079644
1079688
1079706
1079698
1079700
1079733
1079768
1079823
1079862
1079870
1079881
1079858
1079860
1079881
1079899
1079934
1079990
1080081
1080130
1080136
1080072
1079984
1080008
1080012
1079996
1080038
1080060
1080102
1080142
1080145
1080112
1080086
1080097
1080088
1080128
1080150
1080106
1080080
1080036
1080018
1080009
1079987
1079985
1079961
1079961
1079936
1079798
1079670
1079621
1079594
1079571
1079581
1079608
1079626
1079636
1079604
1079565
1079552
1079499
1079486
1079548
1079574
1079540
1079481
1079472
1079453
1079414
1079463
1079462
1079409
1079383
1079290
1079246
1079349
1079408
1079413
1079473
1079445
1079313
1079285
1079298
1079185
1079113
1079080
1078978
1078945
1078922
1078840
1078801
1078843
1078896
1078936
1078993
1079003
1079022
1079064
1079082
1079151
1079212
1079208
1079234
1079293
1079338
1079382
1079392
1079335
1079342
1079401
1079397
1079423
1079486
1079536
1079622
1079691
1079679
1079674
1079700
1079625
1079568
1079562
1079494
1079455
1079410
1079370
1079355
1079333
1079361
1079372
1079363
1079344
1079336
1079363
1079355
1079352
1079320
1079248
1079271
1079276
1079197
1079181
1079159
1079140
1079142
1079095
1079136
1079193
1079179
1079235
1079326
1079328
1079306
1079310
1079249
1079226
1079290
1079287
1079269
1079266
1079241
1079289
1079347
1079355
1079398
1079457
1079460
1079423
1079411
1079431
1079453
1079471
1079473
1079456
1079425
1079420
1079474
1079508
1079521
1079549
1079538
1079568
1079645
1079637
1079652
1079733
1079764
1079856
1079979
1080042
1080148
1080187
1080106
1080052
1079991
1080005
1080144
1080184
1080223
1080277
1080155
1080106
1080104
1080035
1080076
1080077
1080022
1080015
1079916
1079758
1079706
1079684
1079597
1079583
1079564
1079464
1079416
1079355
1079291
1079256
1079177
1079148
1079179
1079202
1079238
1079241
1079252
1079339
1079363
1079359
1079397
1079365
1079390
1079456
1079477
1079570
1079612
1079641
1079719
1079700
1079738
1079851
1079884
1079935
1079974
1079925
1079935
1079971
1079925
1079917
1079898
1079827
1079808
1079761
1079712
1079713
1079692
1079704
1079697
1079588
1079520
1079478
1079415
1079418
1079380
1079367
1079428
1079420
1079448
1079484
1079468
1079504
1079487
1079443
1079494
1079551
1079585
1079580
1079544
1079552
1079627
1079755
1079814
1079767
1079721
1079739
1079750
1079746
1079818
1079820
1079825
1079884
1079852
1079859
1079780
1079656
1079741
1079779
1079757
1079781
1079729
1079674
1079666
1079644
1079652
1079736
1079796
1079859
1079920
1079882
1079830
1079748
1079703
1079734
1079741
1079766
1079711
1079586
1079514
1079455
1079449
1079458
1079462
1079492
1079462
1079443
1079478
1079477
1079453
1079428
1079421
1079446
1079453
1079413
1079378
1079359
1079310
1079262
1079292
1079411
1079524
1079538
1079513
1079551
1079612
1079680
1079691
1079591
1079519
1079497
1079545
1079662
1079723
1079745
1079730
1079693
1079700
1079677
1079636
1079659
1079655
1079667
1079730
1079708
1079738
1079823
1079859
1079915
1079901
1079841
1079828
1079833
1079880
1079937
1079941
1079943
1079908
1079859
1079911
1079923
1079893
1079922
1079855
1079761
1079722
1079599
1079487
1079492
1079493
1079523
1079572
1079508
1079462
1079480
1079472
1079477
1079483
1079517
1079579
1079517
1079398
1079335
1079275
1079325
1079385
1079346
1079377
1079355
1079271
1079239
1079194
1079158
1079150
1079140
1079139
1079203
1079271
1079307
1079362
1079388
1079400
1079411
1079449
1079501
1079502
1079472
1079442
1079428
1079448
1079502
1079549
1079614
1079696
1079721
1079719
1079702
1079672
1079679
1079676
1079638
1079654
1079716
1079766
1079816
1079831
1079832
1079845
1079825
1079787
1079755
1079752
1079758
1079719
1079673
1079666
1079683
1079657
1079617
1079628
1079613
1079590
1079581
1079531
1079497
1079530
1079568
1079550
1079556
1079576
1079603
1079670
1079653
1079623
1079617
1079611
1079613
1079586
1079524
1079406
1079365
1079361
1079332
1079299
1079257
1079244
1079162
1079046
1078957
1078903
1078872
1078859
1078844
1078805
1078837
1078831
1078803
1078811
1078799
1078822
1078867
1078925
1078941
1078940
1078942
1078951
1079017
1079021
1079028
1079091
1079103
1079135
1079160
1079147
1079216
1079258
1079256
1079327
1079314
1079257
1079237
1079172
1079150
1079181
1079223
1079275
1079317
1079388
1079475
1079549
1079620
1079710
1079868
1079996
1080051
1080112
1080037
1079953
1080039
1080097
1080101
1080069
1080046
1080070
1080084
1080171
1080226
1080231
1080329
1080395
1080429
1080529
1080594
1080584
1080583
1080629
1080705
1080750
1080804
1080846
1080800
1080788
1080806
1080828
1080857
1080788
1080692
1080611
1080453
1080324
1080294
1080237
1080203
1080168
1080073
1079996
1079898
1079868
1079823
1079716
1079706
1079614
1079444
1079354
1079264
1079182
1079138
1079090
1079049
1079078
1079124
1079096
1079023
1078912
1078869
1078882
1078768
1078641
1078575
1078532
1078499
1078465
1078510
1078509
1078492
1078563
1078561
1078539
1078590
1078625
1078620
1078596
1078617
1078728
1078767
1078753
1078820
1078825
1078815
1078857
1078852
1078864
1078887
1078887
1078902
1078924
1078991
1079066
1079067
1079082
1079127
1079117
1079098
1079087
1079112
1079197
1079254
1079304
1079354
1079395
1079488
1079629
1079754
1079820
1079888
1080009
1080151
1080276
1080327
1080317
1080364
1080479
1080624
1080687
1080639
1080670
1080753
1080858
1080929
1080901
1080930
1080928
1080856
1080793
1080672
1080559
1080531
1080498
1080375
1080243
1080200
1080242
1080264
1080203
1080087
1079914
1079837
1079862
1079785
1079673
1079617
1079624
1079708
1079759
1079784
1079861
1079909
1079911
1079906
1079828
1079753
1079833
1079941
1079947
1079901
1079862
1079863
1079828
1079772
1079781
1079742
1079654
1079611
1079567
1079479
1079427
1079474
1079468
1079355
1079252
1079176
1079055
1078921
1078895
1078887
1078882
1078958
1078977
1078970
1079025
1079109
1079189
1079178
1079183
1079246
1079236
1079287
1079424
1079499
1079573
1079626
1079621
1079658
1079728
1079795
1079814
1079802
1079861
1079895
1079805
1079736
1079772
1079805
1079845
1079939
1079941
1079889
1079962
1079965
1079811
1079751
1079751
1079724
1079777
1079832
1079809
1079820
1079873
1079855
1079797
1079818
1079907
1079932
1079927
1079939
1079844
1079738
1079720
1079687
1079676
1079751
1079855
1079963
1080086
1080163
1080117
1080010
1079972
1079922
1079838
1079876
1079930
1079953
1080099
1080193
1080036
1079872
1079841
1079691
1079531
1079551
1079463
1079334
1079396
1079385
1079186
1079008
1078964
1078962
1078921
1078872
1078764
1078693
1078762
1078759
1078677
1078680
1078777
1078863
1078874
1078906
1078928
1078973
1079064
1079083
1079043
1078994
1079101
1079226
1079226
1079358
1079477
1079465
1079502
1079564
1079626
1079696
1079790
1079927
1080029
1080055
1080064
1080078
1080054
1080045
1080025
1079954
1079970
1080002
1079981
1080001
1080067
1080120
1080076
1079971
1079875
1079799
1079854
1080013
1080110
1080156
1080111
1079984
1080004
1080017
1079898
1079906
1079925
1079851
1079839
1079872
1079906
1079966
1080083
1080189
1080194
1080202
1080251
1080205
1080142
1080203
1080237
1080209
1080277
1080337
1080282
1080292
1080366
1080345
1080300
1080291
1080213
1080056
1079988
1080006
1079960
1079905
1079892
1079828
1079720
1079689
1079669
1079532
1079439
1079444
1079380
1079351
1079454
1079488
1079445
1079471
1079532
1079474
1079345
1079295
1079241
1079238
1079352
1079385
1079402
1079541
1079643
1079588
1079424
1079341
1079297
1079147
1079108
1079046
1078853
1078851
1078803
1078646
1078672
1078715
1078658
1078601
1078622
1078603
1078545
1078641
1078664
1078523
1078503
1078503
1078425
1078501
1078684
1078721
1078728
1078842
1078826
1078729
1078791
1078787
1078736
1078848
1078866
1078784
1078852
1078959
1078883
1078822
1078894
1078821
1078803
1078955
1078973
1078977
1079105
1079110
1078977
1079044
1079209
1079189
1079213
1079233
1079048
1079084
1079260
1079103
1079046
1079166
1079081
1079113
1079242
1079165
1079190
1079340
1079248
1079135
1079265
1079310
1079237
1079280
1079252
1079200
1079293
1079235
1079135
1079268
1079344
1079424
1079619
1079640
1079647
1079728
1079595
1079333
1079202
1079139
1079073
1079143
1079110
1078938
1079068
1079194
1079217
1079404
1079336
1079139
1079086
1078869
1078688
1078734
1078752
1078850
1079073
1079121
1079126
1079251
1079230
1079180
1079314
1079298
1079179
1079251
1079273
1079279
1079374
1079292
1079261
1079321
1079197
1079222
1079418
1079369
1079297
1079354
1079283
1079272
1079293
1079151
1079200
1079330
1079267
1079270
1079211
1079020
1079026
1078987
1078853
1078992
1079085
1078985
1078953
1078836
1078790
1078972
1079022
1079077
1079205
1079139
1079127
1079146
1079030
1079080
1079201
1079202
1079284
1079309
1079256
1079378
1079425
1079378
1079423
1079392
1079438
1079570
1079551
1079610
1079677
1079648
1079745
1079677
1079521
1079575
1079534
1079577
1079766
1079796
1079945
1080072
1080031
1080149
1080160
1080072
1080120
1080092
1080152
1080247
1080110
1080086
1080132
1080122
1080279
1080269
1080211
1080325
1080252
1080254
1080219
1080011
1080043
1080011
1080005
1080081
1079993
1080151
1080292
1080282
1080329
1080195
1080200
1080348
1080365
1080347
1080240
1080173
1080097
1080002
1080028
1079946
1079889
1079936
1079878
1079873
1079862
1079764
1079765
1079778
1079761
1079768
1079749
1079724
1079724
1079740
1079743
1079735
1079755
1079797
1079797
1079805
1079870
1079902
1079934
1079987
1079966
1079957
1080012
1080057
1080092
1080145
1080210
1080153
1079992
1079911
1079975
1080024
1079933
1079901
1079974
1080161
1080304
1080146
1080033
1080089
1080210
1080308
1080196
1080150
1080193
1080233
1080313
1080169
1080077
1080194
1080164
1080134
1080104
1080002
1080073
1080153
1080103
1080071
1080098
1080175
1080172
1080079
1080032
1080000
1079987
1080039
1080103
1080198
1080271
1080252
1080198
1080112
1080089
1080088
1080029
1080125
1080235
1080201
1080208
1080131
1080017
1080091
1080072
1079960
1079991
1079993
1079993
1080130
1080221
1080155
1080111
1080109
1080076
1080145
1080131
1080023
1080089
1080139
1080170
1080222
1080100
1080018
1080103
1080134
1080180
1080218
1080112
1080086
1080082
1079950
1079923
1079922
1079829
1079801
1079716
1079581
1079564
1079518
1079442
1079413
1079337
1079309
1079297
1079127
1078970
1078946
1078945
1078973
1078979
1078947
1079003
1079006
1078895
1078845
1078784
1078803
1078886
1078746
1078663
1078694
1078622
1078684
1078729
1078725
1078913
1078975
1078918
1078858
1078701
1078705
1078786
1078809
1078927
1078957
1078979
1079223
1079285
1079120
1079049
1079045
1079222
1079364
1079248
1079229
1079279
1079361
1079559
1079539
1079436
1079532
1079568
1079597
1079602
1079430
1079476
1079612
1079518
1079510
1079518
1079475
1079582
1079589
1079528
1079601
1079602
1079630
1079712
1079631
1079599
1079655
1079654
1079687
1079636
1079490
1079492
1079553
1079554
1079585
1079594
1079598
1079685
1079691
1079574
1079507
1079480
1079434
1079417
1079419
1079344
1079279
1079309
1079217
1079118
1079140
1079036
1079032
1079159
1079060
1079019
1079135
1079197
1079334
1079387
1079298
1079326
1079357
1079362
1079445
1079527
1079565
1079622
1079764
1079792
1079715
1079770
1079882
1079937
1079911
1079872
1079876
1079884
1079892
1079839
1079808
1079857
1079832
1079850
1079894
1079831
1079800
1079772
1079799
1079867
1079829
1079814
1079756
1079626
1079591
1079627
1079671
1079686
1079670
1079634
1079592
1079539
1079461
1079522
1079652
1079676
1079707
1079665
1079533
1079492
1079514
1079539
1079601
1079675
1079687
1079729
1079731
1079631
1079662
1079722
1079709
1079749
1079793
1079836
1079773
1079562
1079459
1079462
1079411
1079345
1079305
1079221
1079147
1079150
1079099
1079010
1078996
1079033
1079074
1079033
1078939
1078933
1078958
1078946
1078914
1078882
1078890
1078836
1078790
1078807
1078719
1078682
1078704
1078626
1078588
1078604
1078634
1078626
1078557
1078548
1078553
1078518
1078505
1078542
1078550
1078493
1078469
1078468
1078495
1078562
1078631
1078718
1078754
1078738
1078727
1078717
1078709
1078683
1078749
1078865
1078861
1078835
1078823
1078837
1078920
1079028
1079144
1079221
1079273
1079348
1079365
1079305
1079310
1079392
1079473
1079619
1079744
1079730
1079705
1079733
1079805
1079890
1079869
1079843
1079902
1079923
1079934
1079967
1079968
1080000
1080010
1079959
1079931
1079892
1079915
1079993
1079983
1079950
1079929
1079936
1080000
1080064
1080095
1080086
1080075
1080044
1080046
1080112
1080074
1080028
1080088
1080104
1080071
1080064
1080073
1080107
1080159
1080197
1080194
1080141
1080130
1080137
1080078
1080018
1080022
1080086
1080054
1079944
1079898
1079867
1079899
1079939
1079899
1079882
1079863
1079830
1079824
1079770
1079694
1079651
1079584
1079554
1079615
1079648
1079632
1079648
1079661
1079604
1079570
1079606
1079569
1079491
1079543
1079673
1079705
1079708
1079728
1079654
1079619
1079634
1079637
1079683
1079687
1079665
1079664
1079645
1079593
1079546
1079542
1079557
1079592
1079638
1079618
1079578
1079617
1079605
1079547
1079591
1079640
1079677
1079784
1079901
1079922
1079868
1079778
1079612
1079555
1079669
1079767
1079824
1079782
1079705
1079769
1079839
1079819
1079880
1079958
1079867
1079890
1080023
1079956
1079916
1079973
1080005
1080119
1080229
1080189
1080134
1080190
1080215
1080169
1080094
1080060
1080170
1080239
1080176
1080146
1080232
1080361
1080425
1080375
1080320
1080409
1080473
1080418
1080411
1080451
1080505
1080530
1080491
1080504
1080557
1080578
1080571
1080476
1080393
1080395
1080379
1080359
1080282
1080164
1080155
1080182
1080132
1080047
1079971
1079943
1079971
1079977
1079971
1079891
1079705
1079571
1079520
1079604
1079779
1079878
1079894
1079840
1079813
1079781
1079704
1079726
1079757
1079724
1079683
1079684
1079751
1079750
1079755
1079866
1079918
1079905
1079880
1079825
1079859
1079872
1079703
1079588
1079578
1079571
1079582
1079555
1079477
1079415
1079443
1079498
1079475
1079385
1079315
1079335
1079374
1079426
1079478
1079537
1079643
1079623
1079459
1079346
1079347
1079432
1079538
1079573
1079607
1079650
1079584
1079564
1079603
1079638
1079773
1079862
1079859
1079827
1079722
1079660
1079708
1079799
1079889
1079885
1079829
1079780
1079616
1079511
1079618
1079597
1079482
1079509
1079454
1079455
1079599
1079530
1079429
1079530
1079596
1079553
1079516
1079532
1079547
1079558
1079579
1079586
1079641
1079725
1079718
1079655
1079616
1079610
1079654
1079698
1079693
1079694
1079680
1079625
1079613
1079578
1079526
1079580
1079624
1079646
1079694
1079667
1079608
1079605
1079672
1079697
1079632
1079574
1079516
1079480
1079447
1079415
1079441
1079531
1079645
1079583
1079435
1079358
1079292
1079330
1079431
1079487
1079503
1079452
1079403
1079401
1079421
1079404
1079241
1079135
1079277
1079433
1079506
1079551
1079514
1079503
1079601
1079638
1079616
1079622
1079624
1079622
1079615
1079607
1079550
1079525
1079558
1079483
1079412
1079380
1079327
1079308
1079272
1079246
1079265
1079298
1079319
1079310
1079295
1079269
1079261
1079244
1079237
1079283
1079307
1079336
1079344
1079312
1079304
1079225
1079099
1079097
1079177
1079242
1079242
1079181
1079147
1079139
1079237
1079398
1079378
1079244
1079170
1079189
1079216
1079240
1079231
1079076
1078984
1079035
1079133
1079241
1079239
1079254
1079285
1079216
1079123
1079043
1079102
1079251
1079287
1079260
1079261
1079283
1079299
1079294
1079267
1079306
1079406
1079418
1079365
1079305
1079273
1079325
1079351
1079374
1079466
1079493
1079479
1079490
1079470
1079485
1079532
1079525
1079529
1079576
1079586
1079604
1079652
1079633
1079605
1079595
1079515
1079366
1079370
1079538
1079552
1079523
1079508
1079421
1079538
1079751
1079866
1079884
1079663
1079434
1079446
1079492
1079513
1079438
1079237
1079244
1079459
1079654
1079703
1079593
1079557
1079564
1079512
1079494
1079478
1079482
1079544
1079563
1079459
1079398
1079476
1079565
1079618
1079526
1079360
1079335
1079506
1079771
1079875
1079818
1079725
1079671
1079699
1079740
1079781
1079775
1079735
1079698
1079627
1079578
1079656
1079762
1079771
1079813
1079826
1079744
1079709
1079678
1079647
1079624
1079538
1079347
1079203
1079261
1079332
1079394
1079467
1079427
1079418
1079487
1079460
1079345
1079203
1079052
1079030
1079090
1079088
1079065
1079050
1079093
1079236
1079340
1079302
1079239
1079212
1079228
1079243
1079166
1079110
1079112
1079114
1079115
1079095
1079120
1079226
1079361
1079379
1079302
1079294
1079277
1079255
1079249
1079155
1079076
1079062
1079029
1079003
1079009
1079047
1079142
1079264
1079306
1079281
1079289
1079261
1079205
1079186
1079155
1079175
1079253
1079270
1079297
1079345
1079365
1079428
1079464
1079451
1079454
1079419
1079228
1079030
1079084
1079207
1079282
1079400
1079531
1079679
1079763
1079717
1079605
1079442
1079274
1079283
1079403
1079368
1079277
1079308
1079408
1079531
1079572
1079532
1079521
1079496
1079481
1079479
1079453
1079479
1079518
1079548
1079545
1079511
1079547
1079573
1079582
1079599
1079556
1079519
1079489
1079459
1079471
1079461
1079428
1079418
1079398
1079376
1079389
1079388
1079388
1079455
1079483
1079483
1079523
1079493
1079479
1079464
1079354
1079319
1079331
1079359
1079464
1079537
1079592
1079601
1079388
1079154
1079214
1079443
1079671
1079870
1079924
1079931
1079898
1079687
1079553
1079504
1079361
1079386
1079503
1079440
1079463
1079591
1079612
1079718
1079810
1079712
1079673
1079636
1079523
1079530
1079522
1079411
1079430
1079448
1079386
1079425
1079452
1079483
1079567
1079517
1079399
1079352
1079348
1079369
1079376
1079380
1079438
1079501
1079534
1079545
1079548
1079593
1079676
1079745
1079744
1079765
1079851
1079877
1079930
1079999
1079970
1079957
1079964
1079948
1079975
1080041
1080103
1080110
1080056
1079997
1079870
1079689
1079716
1080016
1080381
1080593
1080591
1080535
1080423
1080253
1080182
1080142
1080108
1080135
1080168
1080220
1080322
1080423
1080485
1080539
1080512
1080442
1080455
1080429
1080358
1080318
1080293
1080266
1080189
1080125
1080128
1080146
1080152
1080145
1080167
1080164
1080093
1080028
1079955
1079906
1079913
1079944
1080008
1080037
1080008
1079968
1079914
1079862
1079830
1079829
1079850
1079867
1079857
1079828
1079806
1079791
1079749
1079721
1079721
1079665
1079644
1079707
1079683
1079409
1078970
1078797
1079036
1079462
1079902
1080035
1079817
1079592
1079333
1079189
1079276
1079171
1079092
1079271
1079379
1079494
1079624
1079626
1079626
1079658
1079678
1079678
1079702
1079828
1079903
1079832
1079802
1079773
1079792
1079918
1079935
1079924
1079956
1079969
1079996
1079990
1079942
1079921
1079936
1079958
1079999
1080019
1080004
1079996
1079967
1079936
1079892
1079841
1079845
1079863
1079885
1079913
1079902
1079867
1079869
1079868
1079824
1079827
1079819
1079793
1079795
1079763
1079787
1079879
1079939
1079975
1079837
1079373
1079085
1079390
1080027
1080657
1080866
1080523
1080016
1079664
1079602
1079714
1079733
1079644
1079661
1079853
1079956
1079835
1079823
1079983
1079990
1079919
1079864
1079790
1079896
1080067
1080069
1079982
1079909
1079883
1079903
1079957
1079986
1079971
1079972
1080003
1079995
1079942
1079903
1079895
1079943
1079969
1079908
1079804
1079712
1079679
1079654
1079589
1079475
1079392
1079415
1079453
1079463
1079460
1079410
1079384
1079392
1079399
1079426
1079454
1079503
1079477
1079277
1078832
1078403
1078603
1079269
1079974
1080402
1080135
1079573
1079206
1078981
1079020
1079158
1079036
1079082
1079462
1079616
1079521
1079403
1079349
1079360
1079332
1079234
1078991
1078875
1079111
1079327
1079320
1079280
1079259
1079263
1079353
1079338
1079243
1079243
1079276
1079343
1079346
1079269
1079258
1079255
1079262
1079269
1079205
1079177
1079245
1079336
1079380
1079399
1079395
1079390
1079450
1079524
1079551
1079533
1079533
1079567
1079582
1079578
1079557
1079543
1079563
1079563
1079527
1079589
1079725
1079713
1079502
1079058
1078760
1079142
1079860
1080533
1080777
1080266
1079694
1079432
1079251
1079436
1079825
1079804
1079664
1079816
1079993
1079879
1079568
1079524
1079708
1079745
1079705
1079652
1079584
1079651
1079807
1079721
1079480
1079480
1079544
1079508
1079488
1079455
1079463
1079466
1079443
1079508
1079572
1079629
1079672
1079640
1079624
1079627
1079624
1079628
1079645
1079671
1079655
1079618
1079548
1079491
1079472
1079438
1079399
1079355
1079373
1079412
1079398
1079445
1079462
1079306
1079058
1078855
1078985
1079476
1079920
1080014
1079778
1079490
1079229
1079055
1079103
1079253
1079424
1079387
1079345
1079578
1079635
1079478
1079277
1079201
1079360
1079367
1079319
1079370
1079401
1079577
1079626
1079438
1079401
1079402
1079378
1079394
1079290
1079239
1079309
1079298
1079279
1079321
1079361
1079387
1079392
1079387
1079357
1079363
1079388
1079372
1079380
1079388
1079394
1079416
1079443
1079449
1079406
1079351
1079271
1079207
1079190
1079210
1079262
1079282
1079293
1079287
1079275
1079306
1079337
1079252
1079017
1078974
1079160
1079373
1079661
1079742
1079671
1079625
1079342
1079119
1079083
1079028
1079076
1079057
1079028
1079187
1079240
1079153
1079066
1079024
1079064
1079048
1078990
1078981
1079000
1079031
1078984
1078854
1078752
1078681
1078670
1078700
1078661
1078667
1078728
1078753
1078782
1078766
1078786
1078866
1078880
1078887
1078925
1078980
1079032
1079067
1079090
1079123
1079197
1079242
1079248
1079289
1079355
1079344
1079275
1079282
1079323
1079340
1079358
1079423
1079591
1079760
1079700
1079403
1079237
1079268
1079450
1079849
1080061
1080140
1080335
1080214
1079913
1079881
1079862
1079794
1079846
1079918
1080144
1080427
1080455
1080453
1080515
1080506
1080478
1080416
1080388
1080468
1080539
1080566
1080581
1080559
1080530
1080527
1080507
1080470
1080462
1080446
1080432
1080420
1080422
1080460
1080421
1080377
1080380
1080360
1080354
1080322
1080218
1080123
1080105
1080067
1080010
1080024
1080021
1079966
1079914
1079875
1079838
1079795
1079776
1079772
1079726
1079682
1079697
1079713
1079711
1079742
1079723
1079564
1079372
1079266
1079391
1079751
1079967
1079997
1079972
1079727
1079489
1079391
1079239
1079169
1079198
1079291
1079456
1079528
1079541
1079536
1079524
1079501
1079375
1079310
1079370
1079413
1079484
1079526
1079503
1079523
1079497
1079450
1079526
1079593
1079549
1079510
1079499
1079458
1079407
1079354
1079318
1079352
1079440
1079518
1079530
1079519
1079538
1079535
1079527
1079522
1079464
1079439
1079487
1079488
1079432
1079388
1079348
1079342
1079395
1079452
1079473
1079532
1079654
1079715
1079769
1079766
1079547
1079329
1079392
1079841
1080261
1080242
1080142
1080047
1079879
1079812
1079737
1079772
1079817
1079518
1079342
1079647
1080006
1080015
1079782
1079633
1079653
1079692
1079553
1079405
1079492
1079632
1079646
1079510
1079368
1079421
1079567
1079566
1079466
1079396
1079331
1079328
1079365
1079406
1079463
1079509
1079574
1079572
1079515
1079513
1079569
1079696
1079763
1079705
1079670
1079664
1079663
1079704
1079756
1079783
1079776
1079792
1079812
1079751
1079684
1079630
1079587
1079594
1079564
1079534
1079588
1079699
1079833
1079913
1079725
1079213
1078856
1079074
1079693
1080074
1079910
1079678
1079615
1079598
1079621
1079660
1079682
1079468
1079086
1079083
1079548
1079909
1079799
1079470
1079254
1079276
1079453
1079524
1079462
1079489
1079609
1079634
1079500
1079323
1079285
1079462
1079653
1079617
1079415
1079229
1079207
1079303
1079294
1079230
1079255
1079315
1079346
1079314
1079239
1079178
1079183
1079234
1079224
1079179
1079184
1079280
1079403
1079412
1079387
1079365
1079346
1079410
1079432
1079457
1079544
1079643
1079682
1079382
1078952
1078973
1079538
1080122
1080190
1079861
1079542
1079571
1079758
1079749
1079744
1079611
1079203
1078949
1079055
1079388
1079658
1079703
1079584
1079391
1079334
1079397
1079334
1079192
1079159
1079258
1079351
1079344
1079267
1079288
1079518
1079619
1079464
1079359
1079287
1079319
1079544
1079613
1079546
1079575
1079580
1079555
1079555
1079534
1079573
1079661
1079660
1079574
1079482
1079440
1079462
1079503
1079491
1079442
1079454
1079480
1079444
1079416
1079429
1079441
1079495
1079562
1079573
1079569
1079564
1079580
1079604
1079585
1079535
1079361
1079127
1079107
1079302
1079595
1079758
1079477
1079055
1079035
1079413
1079758
1079715
1079386
1079105
1079044
1079015
1078972
1079200
1079547
1079583
1079255
1078942
1079007
1079194
1079153
1079034
1079012
1079061
1079103
1079012
1078873
1078911
1079040
1079023
1078884
1078839
1078934
1079062
1079099
1079044
1079040
1079094
1079178
1079279
1079330
1079378
1079430
1079429
1079434
1079448
1079464
1079503
1079531
1079587
1079658
1079693
1079705
1079694
1079710
1079749
1079764
1079788
1079786
1079690
1079581
1079571
1079697
1079949
1080168
1080115
1079903
1079881
1080077
1080295
1080318
1080160
1080037
1079877
1079634
1079531
1079702
1079984
1080085
1079951
1079790
1079765
1079747
1079662
1079617
1079581
1079551
1079569
1079521
1079447
1079490
1079528
1079554
1079586
1079519
1079487
1079506
1079464
1079410
1079360
1079330
1079360
1079434
1079460
1079401
1079341
1079271
1079161
1079063
1079038
1079046
1078992
1078952
1078945
1078914
1078879
1078848
1078842
1078834
1078815
1078791
1078776
1078836
1078908
1078947
1078964
1078933
1078910
1078933
1078951
1078945
1078989
1079131
1079329
1079459
1079397
1079208
1079126
1079307
1079589
1079677
1079524
1079322
1079167
1079031
1078958
1078991
1079171
1079320
1079306
1079298
1079284
1079244
1079211
1079188
1079170
1079136
1079169
1079184
1079161
1079182
1079196
1079204
1079171
1079130
1079125
1079085
1079045
1079040
1079023
1079003
1079035
1079057
1079029
1079024
1079039
1079072
1079145
1079193
1079227
1079288
1079308
1079314
1079328
1079329
1079425
1079495
1079472
1079510
1079548
1079553
1079537
1079480
1079429
1079366
1079340
1079382
1079438
1079537
1079594
1079519
1079420
1079381
1079531
1079802
1079876
1079772
1079611
1079479
1079399
1079260
1079232
1079348
1079448
1079520
1079517
1079418
1079300
1079311
1079386
1079365
1079309
1079302
1079388
1079431
1079343
1079272
1079213
1079191
1079237
1079223
1079181
1079180
1079202
1079234
1079289
1079300
1079229
1079225
1079281
1079307
1079307
1079283
1079299
1079328
1079365
1079431
1079459
1079538
1079623
1079647
1079680
1079665
1079664
1079725
1079711
1079645
1079676
1079729
1079688
1079669
1079634
1079533
1079492
1079472
1079465
1079511
1079582
1079633
1079607
1079531
1079479
1079511
1079645
1079768
1079788
1079773
1079723
1079619
1079561
1079552
1079565
1079654
1079736
1079809
1079900
1079824
1079678
1079636
1079652
1079738
1079782
1079758
1079768
1079720
1079657
1079613
1079486
1079393
1079358
1079347
1079345
1079268
1079198
1079154
1079176
1079283
1079271
1079221
1079267
1079278
1079241
1079223
1079197
1079215
1079293
1079307
1079276
1079250
1079248
1079284
1079278
1079251
1079232
1079203
1079202
1079243
1079271
1079236
1079190
1079147
1079150
1079176
1079167
1079232
1079327
1079373
1079379
1079322
1079299
1079385
1079529
1079663
1079761
1079755
1079724
1079732
1079661
1079585
1079522
1079485
1079535
1079608
1079753
1079874
1079865
1079847
1079813
1079789
1079846
1079847
1079821
1079855
1079881
1079960
1080000
1079964
1080010
1080053
1080053
1080017
1079927
1079892
1079954
1080052
1080131
1080200
1080280
1080325
1080323
1080324
1080338
1080362
1080388
1080393
1080359
1080327
1080331
1080293
1080288
1080311
1080231
1080210
1080189
1080093
1080123
1080145
1080096
1080097
1080045
1080009
1080059
1080077
1080114
1080193
1080252
1080251
1080194
1080157
1080121
1080095
1080130
1080174
1080225
1080287
1080316
1080365
1080421
1080393
1080319
1080245
1080158
1080141
1080153
1080164
1080273
1080297
1080220
1080238
1080231
1080201
1080238
1080244
1080242
1080256
1080198
1080129
1080069
1080040
1080100
1080063
1079936
1079897
1079894
1079919
1079949
1079917
1079954
1080005
1079958
1079935
1079886
1079856
1079874
1079778
1079712
1079716
1079688
1079692
1079705
1079743
1079792
1079774
1079777
1079840
1079886
1079930
1079977
1079968
1079958
1079988
1080009
1080004
1080013
1080022
1079997
1079975
1079958
1079974
1080031
1080033
1080002
1079985
1079965
1080006
1080066
1080032
1079951
1079852
1079736
1079685
1079736
1079871
1080027
1080050
1079974
1079959
1079956
1079971
1080004
1080012
1080041
1080023
1079993
1080001
1079975
1079942
1079914
1079894
1079921
1079968
1080009
1080061
1080059
1080002
1079957
1079886
1079858
1079856
1079798
1079760
1079691
1079608
1079592
1079579
1079568
1079546
1079510
1079501
1079481
1079454
1079464
1079486
1079498
1079524
1079542
1079550
1079554
1079544
1079547
1079573
1079625
1079650
1079648
1079655
1079653
1079679
1079704
1079690
1079669
1079651
1079641
1079676
1079750
1079800
1079788
1079762
1079756
1079692
1079652
1079689
1079723
1079776
1079799
1079777
1079797
1079843
1079885
1079923
1079935
1079971
1080059
1080087
1080027
1079999
1080008
1080044
1080089
1080076
1080105
1080138
1080130
1080149
1080138
1080157
1080197
1080204
1080202
1080173
1080162
1080166
1080170
1080197
1080210
1080193
1080172
1080166
1080178
1080204
1080212
1080202
1080179
1080168
1080182
1080197
1080207
1080153
1080107
1080086
1080047
1080070
1080070
1080056
1080040
1079973
1079957
1079928
1079921
1079985
1079967
1079928
1079921
1079875
1079825
1079794
1079827
1079929
1079959
1079922
1079901
1079875
1079867
1079851
1079781
1079731
1079743
1079759
1079756
1079731
1079707
1079730
1079732
1079717
1079742
1079739
1079692
1079631
1079556
1079515
1079512
1079543
1079607
1079609
1079601
1079641
1079630
1079614
1079612
1079608
1079668
1079708
1079697
1079704
1079734
1079759
1079732
1079708
1079681
1079647
1079674
1079633
1079573
1079573
1079567
1079614
1079618
1079601
1079601
1079522
1079497
1079496
1079467
1079475
1079451
1079422
1079425
1079436
1079455
1079517
1079648
1079729
1079717
1079652
1079523
1079435
1079451
1079530
1079616
1079673
1079692
1079679
1079669
1079641
1079642
1079672
1079661
1079681
1079695
1079676
1079685
1079661
1079646
1079675
1079647
1079604
1079575
1079526
1079513
1079515
1079435
1079345
1079358
1079385
1079406
1079430
1079383
1079359
1079372
1079380
1079404
1079391
1079363
1079322
1079236
1079200
1079222
1079268
1079316
1079301
1079251
1079227
1079233
1079244
1079236
1079238
1079263
1079285
1079286
1079245
1079186
1079132
1079127
1079211
1079292
1079360
1079404
1079359
1079308
1079266
1079269
1079351
1079387
1079403
1079376
1079275
1079216
1079151
1079129
1079203
1079249
1079267
1079315
1079404
1079461
1079457
1079436
1079351
1079270
1079238
1079176
1079156
1079194
1079237
1079301
1079349
1079378
1079412
1079437
1079442
1079440
1079457
1079456
1079377
1079250
1079158
1079125
1079139
1079175
1079250
1079294
1079294
1079357
1079371
1079380
1079401
1079319
1079296
1079310
1079268
1079227
1079172
1079113
1079073
1079092
1079112
1079100
1079119
1079161
1079213
1079259
1079275
1079274
1079264
1079261
1079246
1079217
1079228
1079259
1079266
1079279
1079231
1079132
1079082
1079061
1079104
1079175
1079236
1079338
1079384
1079396
1079389
1079305
1079283
1079281
1079231
1079232
1079182
1079101
1079071
1079049
1079103
1079178
1079240
1079284
1079268
1079254
1079241
1079199
1079109
1079022
1078958
1078907
1078887
1078865
1078898
1078990
1079101
1079195
1079210
1079234
1079282
1079268
1079229
1079185
1079157
1079166
1079155
1079157
1079185
1079182
1079189
1079224
1079259
1079274
1079310
1079376
1079408
1079441
1079447
1079408
1079427
1079422
1079372
1079367
1079367
1079400
1079473
1079546
1079629
1079695
1079738
1079759
1079767
1079758
1079718
1079694
1079671
1079627
1079589
1079569
1079611
1079652
1079676
1079743
1079818
1079881
1079905
1079881
1079830
1079791
1079806
1079801
1079780
1079815
1079873
1079911
1079921
1079931
1079958
1079973
1079963
1079977
1079995
1080001
1080062
1080105
1080105
1080123
1080152
1080217
1080234
1080186
1080184
1080201
1080226
1080263
1080274
1080266
1080260
1080252
1080224
1080197
1080200
1080192
1080188
1080210
1080210
1080187
1080194
1080228
1080231
1080224
1080250
1080259
1080233
1080214
1080174
1080094
1080049
1080038
1080036
1080081
1080122
1080143
1080176
1080153
1080133
1080151
1080105
1080066
1080029
1079956
1079877
1079794
1079756
1079728
1079757
1079807
1079804
1079874
1079935
1079928
1079914
1079854
1079776
1079653
1079527
1079502
1079490
1079459
1079447
1079406
1079355
1079358
1079368
1079361
1079351
1079340
1079343
1079297
1079259
1079275
1079281
1079329
1079359
1079356
1079374
1079380
1079366
1079341
1079327
1079344
1079373
1079357
1079364
1079372
1079352
1079362
1079303
1079251
1079261
1079204
1079165
1079173
1079170
1079175
1079146
1079100
1079049
1078998
1078984
1078965
1078953
1078961
1078964
1078952
1078956
1078994
1079014
1079053
1079115
1079138
1079152
1079162
1079175
1079176
1079169
1079219
1079267
1079325
1079382
1079413
1079502
1079545
1079552
1079584
1079583
1079599
1079603
1079598
1079618
1079642
1079712
1079732
1079673
1079663
1079658
1079652
1079690
1079684
1079655
1079644
1079619
1079637
1079679
1079682
1079623
1079553
1079523
1079503
1079542
1079607
1079613
1079616
1079621
1079637
1079701
1079768
1079812
1079839
1079848
1079804
1079777
1079784
1079730
1079677
1079635
1079602
1079629
1079671
1079706
1079702
1079656
1079579
1079508
1079496
1079535
1079581
1079590
1079601
1079599
1079577
1079593
1079635
1079642
1079598
1079607
1079636
1079605
1079591
1079595
1079589
1079621
1079653
1079650
1079638
1079646
1079687
1079667
1079617
1079623
1079616
1079630
1079669
1079662
1079654
1079662
1079678
1079708
1079730
1079719
1079729
1079750
1079698
1079702
1079718
1079620
1079525
1079464
1079462
1079505
1079548
1079562
1079501
1079470
1079477
1079480
1079511
1079512
1079480
1079433
1079361
1079330
1079291
1079227
1079199
1079158
1079124
1079114
1079118
1079123
1079072
1079005
1078957
1078945
1078891
1078795
1078778
1078731
1078689
1078706
1078686
1078719
1078747
1078745
1078773
1078788
1078810
1078786
1078764
1078780
1078761
1078740
1078711
1078714
1078770
1078804
1078821
1078848
1078848
1078842
1078863
1078856
1078876
1078941
1078959
1078959
1078956
1078919
1078897
1078949
1078990
1078973
1079022
1079081
1079087
1079110
1079131
1079154
1079193
1079211
1079215
1079226
1079211
1079206
1079245
1079246
1079261
1079310
1079272
1079232
1079241
1079248
1079284
1079281
1079228
1079198
1079192
1079220
1079283
1079373
1079423
1079389
1079337
1079307
1079323
1079373
1079392
1079384
1079370
1079373
1079395
1079412
1079455
1079486
1079469
1079451
1079450
1079463
1079475
1079477
1079482
1079462
1079424
1079451
1079467
1079460
1079499
1079564
1079647
1079716
1079757
1079756
1079767
1079784
1079751
1079770
1079793
1079789
1079803
1079770
1079735
1079740
1079737
1079750
1079744
1079710
1079719
1079725
1079728
1079738
1079722
1079719
1079712
1079687
1079666
1079663
1079652
1079644
1079660
1079653
1079661
1079654
1079606
1079574
1079527
1079498
1079527
1079569
1079609
1079611
1079613
1079665
1079696
1079727
1079805
1079853
1079859
1079865
1079881
1079901
1079939
1079984
1080009
1080058
1080080
1080033
1080036
1080115
1080231
1080315
1080328
1080279
1080227
1080268
1080311
1080331
1080376
1080363
1080326
1080270
1080170
1080123
1080118
1080096
1080104
1080135
1080118
1080108
1080118
1080058
1080013
1079975
1079883
1079871
1079898
1079893
1079916
1079912
1079899
1079921
1079890
1079832
1079818
1079803
1079816
1079845
1079777
1079752
1079808
1079798
1079807
1079816
1079793
1079793
1079753
1079710
1079716
1079732
1079768
1079815
1079809
1079786
1079751
1079681
1079657
1079642
1079640
1079663
1079656
1079660
1079690
1079726
1079713
1079694
1079711
1079679
1079682
1079739
1079720
1079693
1079672
1079626
1079617
1079597
1079586
1079633
1079697
1079730
1079692
1079669
1079674
1079636
1079600
1079597
1079563
1079501
1079468
1079459
1079502
1079602
1079650
1079617
1079563
1079536
1079560
1079581
1079563
1079540
1079523
1079506
1079478
1079464
1079450
1079400
1079392
1079402
1079369
1079340
1079328
1079349
1079366
1079365
1079389
1079408
1079462
1079520
1079548
1079601
1079630
1079631
1079611
1079614
1079629
1079612
1079655
1079663
1079596
1079593
1079608
1079621
1079641
1079615
1079589
1079554
1079489
1079465
1079452
1079449
1079449
1079413
1079411
1079407
1079359
1079340
1079334
1079298
1079279
1079293
1079258
1079236
1079282
1079271
1079277
1079316
1079267
1079223
1079229
1079256
1079299
1079324
1079321
1079308
1079327
1079300
1079243
1079239
1079233
1079243
1079235
1079206
1079236
1079254
1079220
1079175
1079142
1079104
1079083
1079087
1079039
1079021
1079037
1078998
1079016
1079044
1079049
1079076
1079048
1079074
1079131
1079154
1079173
1079124
1079097
1079094
1079092
1079132
1079143
1079136
1079137
1079125
1079148
1079197
1079214
1079222
1079195
1079157
1079171
1079195
1079212
1079199
1079200
1079240
1079264
1079262
1079277
1079321
1079357
1079405
1079433
1079448
1079484
1079531
1079585
1079585
1079602
1079658
1079681
1079702
1079740
1079777
1079807
1079853
1079892
1079876
1079842
1079853
1079828
1079755
1079733
1079703
1079666
1079680
1079692
1079694
1079667
1079607
1079563
1079537
1079519
1079514
1079523
1079500
1079465
1079448
1079388
1079360
1079380
1079355
1079326
1079322
1079309
1079285
1079312
1079326
1079325
1079379
1079382
1079387
1079413
1079395
1079368
1079320
1079273
1079260
1079327
1079425
1079476
1079525
1079550
1079554
1079565
1079594
1079622
1079629
1079665
1079721
1079766
1079801
1079849
1079917
1079952
1079972
1080013
1080013
1079982
1080015
1080020
1079949
1079906
1079887
1079905
1079976
1080029
1080042
1080055
1080068
1080074
1080083
1080087
1080102
1080099
1080078
1080085
1080085
1080075
1080048
1080011
1079996
1079988
1079993
1079995
1080018
1080079
1080107
1080139
1080175
1080160
1080162
1080166
1080172
1080227
1080259
1080267
1080266
1080259
1080289
1080342
1080375
1080408
1080476
1080521
1080567
1080578
1080566
1080611
1080602
1080594
1080611
1080558
1080543
1080573
1080596
1080599
1080556
1080504
1080467
1080450
1080460
1080499
1080528
1080510
1080488
1080467
1080460
1080472
1080472
1080467
1080448
1080448
1080452
1080395
1080315
1080270
1080244
1080207
1080201
1080173
1080102
1080115
1080132
1080086
1080008
1079872
1079806
1079810
1079765
1079694
1079632
1079611
1079616
1079614
1079602
1079558
1079528
1079535
1079542
1079527
1079484
1079415
1079368
1079361
1079313
1079230
1079185
1079154
1079156
1079204
1079196
1079130
1079094
1079120
1079171
1079159
1079134
1079154
1079169
1079229
1079313
1079323
1079367
1079377
1079282
1079252
1079185
1079121
1079213
1079269
1079268
1079257
1079245
1079275
1079273
1079255
1079232
1079184
1079134
1079117
1079148
1079192
1079261
1079331
1079385
1079446
1079459
1079445
1079467
1079481
1079500
1079513
1079505
1079508
1079505
1079541
1079587
1079601
1079644
1079660
1079652
1079680
1079700
1079724
1079776
1079813
1079816
1079790
1079758
1079751
1079795
1079865
1079883
1079873
1079853
1079832
1079902
1079983
1080022
1080081
1080098
1080104
1080149
1080182
1080202
1080225
1080245
1080253
1080259
1080287
1080303
1080328
1080363
1080317
1080296
1080337
1080356
1080369
1080342
1080320
1080360
1080390
1080388
1080371
1080337
1080275
1080261
1080252
1080178
1080155
1080132
1080099
1080099
1080051
1080017
1080008
1079977
1079944
1079925
1079912
1079850
1079801
1079789
1079742
1079706
1079655
1079552
1079495
1079471
1079451
1079460
1079435
1079384
1079383
1079384
1079372
1079360
1079326
1079306
1079291
1079238
1079183
1079191
1079251
1079333
1079408
1079434
1079404
1079391
1079429
1079461
1079510
1079568
1079599
1079620
1079634
1079660
1079653
1079644
1079638
1079593
1079589
1079577
1079515
1079503
1079534
1079538
1079547
1079564
1079524
1079486
1079491
1079485
1079486
1079488
1079463
1079445
1079406
1079361
1079353
1079346
1079341
1079318
1079289
1079291
1079280
1079254
1079203
1079147
1079137
1079119
1079109
1079119
1079106
1079118
1079141
1079104
1079065
1079062
1079046
1079019
1078978
1078951
1078968
1078974
1078963
1078938
1078906
1078898
1078890
1078911
1078941
1078914
1078901
1078907
1078887
1078873
1078879
1078874
1078857
1078883
1078920
1078931
1078958
1079007
1079040
1079052
1079056
1079057
1079065
1079099
1079131
1079130
1079136
1079138
1079128
1079132
1079166
1079197
1079217
1079280
1079298
1079309
1079361
1079354
1079341
1079350
1079359
1079344
1079358
1079414
1079425
1079486
1079531
1079494
1079491
1079465
1079457
1079511
1079544
1079532
1079523
1079574
1079588
1079589
1079654
1079693
1079699
1079690
1079691
1079682
1079651
1079668
1079685
1079715
1079766
1079771
1079798
1079851
1079895
1079959
1079977
1079964
1079973
1079934
1079904
1079904
1079861
1079851
1079848
1079831
1079819
1079759
1079736
1079748
1079717
1079677
1079626
1079589
1079567
1079563
1079594
1079607
1079624
1079632
1079591
1079573
1079571
1079581
1079613
1079598
1079602
1079609
1079582
1079600
1079567
1079532
1079540
1079492
1079459
1079451
1079452
1079451
1079424
1079381
1079313
1079247
1079222
1079223
1079209
1079212
1079219
1079231
1079279
1079295
1079292
1079292
1079285
1079279
1079247
1079222
1079207
1079167
1079168
1079173
1079150
1079147
1079134
1079150
1079169
1079154
1079173
1079190
1079194
1079184
1079163
1079205
1079245
1079247
1079248
1079220
1079202
1079251
1079333
1079435
1079508
1079466
1079383
1079323
1079297
1079320
1079346
1079360
1079355
1079356
1079350
1079363
1079418
1079407
1079404
1079450
1079450
1079440
1079449
1079465
1079476
1079471
1079456
1079445
1079458
1079516
1079538
1079508
1079530
1079541
1079546
1079565
1079519
1079497
1079505
1079499
1079515
1079545
1079573
1079604
1079663
1079676
1079671
1079702
1079671
1079679
1079696
1079639
1079645
1079685
1079714
1079744
1079746
1079751
1079772
1079793
1079798
1079776
1079763
1079772
1079768
1079768
1079770
1079764
1079770
1079777
1079791
1079793
1079775
1079761
1079776
1079795
1079780
1079794
1079800
1079784
1079801
1079802
1079799
1079808
1079811
1079826
1079839
1079825
1079818
1079848
1079860
1079852
1079864
1079860
1079853
1079882
1079907
1079910
1079913
1079885
1079841
1079831
1079826
1079825
1079813
1079776
1079772
1079773
1079774
1079804
1079798
1079796
1079793
1079744
1079723
1079721
1079709
1079684
1079619
1079549
1079509
1079487
1079434
1079386
1079332
1079246
1079224
1079195
1079158
1079204
1079203
1079172
1079160
1079082
1079014
1079030
1079074
1079076
1079050
1079032
1078983
1078937
1078904
1078858
1078840
1078823
1078779
1078735
1078704
1078712
1078742
1078783
1078824
1078826
1078846
1078868
1078884
1078924
1078932
1078965
1079015
1079026
1079043
1079065
1079073
1079097
1079143
1079172
1079197
1079246
1079282
1079278
1079280
1079282
1079274
1079287
1079261
1079222
1079229
1079234
1079259
1079299
1079317
1079348
1079382
1079431
1079484
1079486
1079520
1079602
1079643
1079684
1079735
1079756
1079763
1079797
1079860
1079885
1079879
1079893
1079882
1079851
1079876
1079918
1079928
1079947
1079966
1079967
1079954
1079940
1079934
1079923
1079916
1079928
1079900
1079866
1079890
1079914
1079933
1079941
1079957
1079970
1079911
1079866
1079846
1079837
1079863
1079882
1079884
1079863
1079852
1079862
1079855
1079831
1079815
1079799
1079768
1079763
1079767
1079775
1079796
1079782
1079771
1079765
1079778
1079820
1079852
1079901
1079891
1079813
1079733
1079664
1079655
1079687
1079698
1079685
1079686
1079677
1079625
1079595
1079598
1079579
1079560
1079561
1079546
1079522
1079522
1079558
1079622
1079690
1079703
1079692
1079718
1079690
1079637
1079620
1079548
1079479
1079497
1079532
1079536
1079535
1079533
1079516
1079526
1079548
1079524
1079505
1079499
1079473
1079496
1079528
1079542
1079604
1079655
1079690
1079729
1079752
1079791
1079811
1079819
1079814
1079772
1079749
1079735
1079749
1079820
1079827
1079785
1079790
1079765
1079751
1079786
1079776
1079763
1079758
1079738
1079723
1079714
1079732
1079752
1079764
1079787
1079798
1079799
1079799
1079768
1079761
1079787
1079770
1079789
1079797
1079756
1079786
1079796
1079769
1079753
1079700
1079675
1079690
1079693
1079695
1079681
1079668
1079668
1079655
1079646
1079630
1079617
1079645
1079657
1079643
1079636
1079617
1079595
1079596
1079603
1079606
1079609
1079629
1079648
1079632
1079605
1079572
1079542
1079521
1079491
1079500
1079525
1079541
1079562
1079561
1079559
1079551
1079536
1079538
1079519
1079511
1079527
1079499
1079476
1079487
1079530
1079601
1079591
1079564
1079574
1079561
1079574
1079568
1079577
1079590
1079580
1079621
1079626
1079646
1079660
1079633
1079652
1079648
1079689
1079749
1079760
1079778
1079757
1079695
1079672
1079731
1079761
1079740
1079737
1079714
1079690
1079670
1079632
1079642
1079633
1079587
1079628
1079645
1079633
1079658
1079634
1079678
1079716
1079641
1079590
1079554
1079541
1079508
1079448
1079446
1079419
1079412
1079425
1079399
1079402
1079388
1079363
1079350
1079324
1079300
1079257
1079212
1079167
1079150
1079140
1079129
1079146
1079112
1079103
1079139
1079122
1079121
1079153
1079159
1079156
1079174
1079186
1079220
1079271
1079258
1079230
1079242
1079276
1079319
1079352
1079381
1079418
1079451
1079488
1079533
1079545
1079542
1079563
1079566
1079554
1079561
1079546
1079551
1079579
1079575
1079622
1079712
1079784
1079803
1079749
1079684
1079602
1079546
1079562
1079569
1079579
1079607
1079617
1079632
1079631
1079651
1079670
1079622
1079631
1079634
1079608
1079616
1079580
1079603
1079609
1079565
1079593
1079579
1079570
1079591
1079538
1079481
1079439
1079385
1079354
1079319
1079287
1079294
1079283
1079245
1079206
1079170
1079147
1079109
1079118
1079148
1079129
1079119
1079114
1079132
1079170
1079191
1079221
1079275
1079333
1079375
1079398
1079395
1079393
1079423
1079423
1079387
1079377
1079365
1079375
1079423
1079454
1079479
1079485
1079485
1079501
1079499
1079505
1079526
1079532
1079544
1079573
1079607
1079609
1079594
1079605
1079577
1079521
1079502
1079483
1079491
1079538
1079568
1079562
1079567
1079604
1079597
1079577
1079565
1079560
1079563
1079531
1079541
1079576
1079580
1079585
1079583
1079577
1079588
1079652
1079695
1079685
1079735
1079795
1079820
1079838
1079839
1079876
1079904
1079916
1079946
1079915
1079917
1079986
1079999
1080010
1080005
1079956
1079957
1079946
1079938
1079941
1079884
1079858
1079889
1079905
1079867
1079875
1079886
1079827
1079819
1079799
1079767
1079737
1079672
1079658
1079657
1079652
1079662
1079637
1079618
1079634
1079640
1079667
1079692
1079679
1079695
1079705
1079665
1079635
1079628
1079622
1079613
1079611
1079609
1079622
1079662
1079664
1079661
1079689
1079673
1079625
1079576
1079539
1079515
1079483
1079470
1079455
1079414
1079395
1079386
1079374
1079366
1079332
1079305
1079307
1079285
1079279
1079291
1079282
1079300
1079319
1079337
1079347
1079330
1079318
1079286
1079276
1079291
1079286
1079283
1079278
1079277
1079280
1079288
1079308
1079307
1079278
1079290
1079342
1079354
1079364
1079401
1079434
1079481
1079503
1079512
1079544
1079570
1079592
1079583
1079583
1079608
1079595
1079617
1079676
1079664
1079643
1079676
1079705
1079710
1079699
1079690
1079666
1079655
1079712
1079758
1079809
1079883
1079863
1079827
1079823
1079779
1079769
1079790
1079780
1079787
1079796
1079793
1079798
1079780
1079789
1079839
1079847
1079816
1079775
1079785
1079828
1079817
1079804
1079792
1079757
1079716
1079668
1079608
1079573
1079635
1079705
1079761
1079824
1079848
1079903
1079960
1079980
1080007
1080015
1079985
1079954
1079962
1079968
1079970
1079995
1079978
1079935
1079926
1079922
1079915
1079942
1079951
1079923
1079909
1079893
1079898
1079937
1079981
1080012
1080010
1080013
1080030
1079992
1079925
1079897
1079882
1079897
1079943
1079976
1080033
1080090
1080094
1080102
1080088
1080034
1080017
1080020
1079996
1079959
1079925
1079887
1079872
1079868
1079847
1079853
1079844
1079795
1079765
1079723
1079667
1079658
1079649
1079618
1079591
1079546
1079508
1079506
1079525
1079544
1079533
1079498
1079482
1079485
1079477
1079449
1079425
1079410
1079410
1079399
1079354
1079342
1079323
1079278
1079310
1079335
1079308
1079318
1079336
1079313
1079309
1079309
1079306
1079374
1079407
1079380
1079351
1079305
1079286
1079292
1079328
1079354
1079337
1079334
1079317
1079286
1079255
1079202
1079170
1079173
1079184
1079227
1079286
1079311
1079327
1079327
1079286
1079261
1079273
1079259
1079256
1079297
1079310
1079309
1079302
1079302
1079325
1079327
1079319
1079327
1079320
1079345
1079389
1079376
1079412
1079429
1079430
1079488
1079467
1079464
1079496
1079463
1079440
1079455
1079491
1079506
1079500
1079520
1079557
1079563
1079553
1079562
1079556
1079563
1079602
1079619
1079648
1079695
1079712
1079723
1079728
1079713
1079707
1079681
1079638
1079647
1079657
1079656
1079676
1079682
1079718
1079760
1079767
1079785
1079789
1079749
1079692
1079645
1079642
1079662
1079634
1079594
1079578
1079570
1079598
1079605
1079575
1079569
1079555
1079534
1079524
1079504
1079484
1079465
1079460
1079442
1079412
1079400
1079366
1079356
1079360
1079308
1079291
1079288
1079268
1079273
1079269
1079268
1079257
1079234
1079210
1079205
1079242
1079272
1079292
1079299
1079298
1079340
1079379
1079378
1079368
1079366
1079372
1079400
1079432
1079431
1079447
1079479
1079462
1079469
1079492
1079472
1079488
1079500
1079481
1079502
1079524
1079543
1079545
1079524
1079513
1079482
1079464
1079447
1079433
1079454
1079450
1079427
1079412
1079415
1079404
1079387
1079390
1079365
1079335
1079349
1079398
1079428
1079435
1079451
1079473
1079491
1079486
1079501
1079514
1079516
1079547
1079564
1079581
1079574
1079582
1079621
1079609
1079622
1079610
1079551
1079526
1079486
1079473
1079451
1079409
1079426
1079447
1079466
1079450
1079443
1079471
1079483
1079516
1079494
1079463
1079481
1079498
1079541
1079569
1079564
1079555
1079575
1079609
1079640
1079679
1079685
1079686
1079706
1079738
1079780
1079791
1079808
1079854
1079860
1079878
1079930
1079947
1079974
1079996
1079969
1079944
1079923
1079935
1079976
1079969
1079929
1079906
1079881
1079853
1079858
1079855
1079846
1079830
1079797
1079812
1079801
1079756
1079778
1079786
1079777
1079807
1079793
1079790
1079824
1079817
1079816
1079829
1079866
1079908
1079904
1079904
1079911
1079921
1079965
1080027
1080045
1080050
1080029
1079997
1080015
1079997
1079986
1079989
1079983
1080025
1080039
1080027
1080007
1079987
1080006
1080036
1080055
1080036
1080025
1080048
1080038
1080046
1080074
1080053
1080048
1080051
1080037
1080069
1080099
1080114
1080130
1080109
1080080
1080055
1080020
1079979
1079951
1079967
1079976
1079951
1079944
1079975
1080008
1080012
1079997
1079977
1079946
1079939
1079938
1079908
1079911
1079918
1079878
1079864
1079852
1079832
1079842
1079848
1079862
1079847
1079790
1079745
1079711
1079699
1079679
1079635
1079585
1079538
1079521
1079523
1079536
1079546
1079561
1079596
1079613
1079635
1079645
1079628
1079628
1079627
1079618
1079626
1079658
1079675
1079641
1079628
1079630
1079601
1079587
1079577
1079544
1079530
1079530
1079508
1079496
1079490
1079474
1079480
1079464
1079469
1079506
1079468
1079424
1079390
1079320
1079270
1079254
1079246
1079221
1079200
1079184
1079177
1079213
1079230
1079217
1079246
1079286
1079280
1079277
1079311
1079330
1079315
1079319
1079335
1079349
1079368
1079377
1079424
1079492
1079511
1079517
1079529
1079520
1079515
1079524
1079543
1079573
1079585
1079582
1079566
1079580
1079593
1079571
1079557
1079530
1079515
1079518
1079528
1079566
1079590
1079607
1079643
1079644
1079591
1079574
1079594
1079599
1079587
1079562
1079539
1079494
1079463
1079447
1079424
1079419
1079373
1079333
1079327
1079294
1079281
1079256
1079216
1079210
1079196
1079195
1079201
1079195
1079206
1079205
1079216
1079218
1079185
1079204
1079235
1079215
1079185
1079169
1079197
1079245
1079254
1079270
1079289
1079269
1079250
1079237
1079242
1079252
1079268
1079299
1079324
1079375
1079390
1079378
1079400
1079411
1079426
1079434
1079439
1079456
1079469
1079482
1079469
1079483
1079496
1079482
1079511
1079510
1079503
1079559
1079578
1079549
1079557
1079585
1079583
1079578
1079584
1079573
1079592
1079639
1079651
1079679
1079693
1079670
1079668
1079625
1079572
1079571
1079559
1079587
1079647
1079641
1079646
1079676
1079672
1079678
1079686
1079686
1079685
1079659
1079628
1079586
1079537
1079532
1079545
1079562
1079562
1079509
1079465
1079438
1079417
1079379
1079336
1079311
1079248
1079229
1079273
1079284
1079299
1079292
1079281
1079303
1079299
1079320
1079342
1079338
1079373
1079380
1079379
1079395
1079406
1079432
1079435
1079420
1079400
1079385
1079390
1079382
1079363
1079374
1079383
1079380
1079402
1079377
1079369
1079388
1079374
1079399
1079415
1079431
1079442
1079433
1079460
1079493
1079525
1079533
1079514
1079494
1079483
1079476
1079491
1079556
1079598
1079610
1079569
1079445
1079373
1079418
1079436
1079414
1079419
1079389
1079385
1079365
1079280
1079294
1079339
1079282
1079215
1079185
1079154
1079172
1079197
1079182
1079215
1079217
1079200
1079247
1079233
1079206
1079225
1079210
1079218
1079268
1079275
1079270
1079334
1079397
1079419
1079468
1079477
1079489
1079598
1079632
1079621
1079693
1079735
1079786
1079870
1079838
1079826
1079900
1079917
1079905
1079892
1079913
1079962
1079940
1079930
1079996
1080064
1080133
1080163
1080149
1080158
1080117
1080053
1080036
1080046
1080092
1080071
1080018
1080057
1080071
1080023
1080012
1079995
1079979
1080074
1080159
1080131
1080081
1080043
1080041
1080014
1079943
1079885
1079858
1079925
1079951
1079920
1079943
1079924
1079910
1079948
1079965
1079978
1079993
1079986
1079959
1079944
1079928
1079899
1079879
1079845
1079805
1079756
1079732
1079752
1079738
1079728
1079720
1079705
1079743
1079755
1079730
1079701
1079653
1079621
1079598
1079592
1079606
1079589
1079538
1079491
1079498
1079533
1079557
1079557
1079499
1079469
1079454
1079409
1079406
1079397
1079386
1079397
1079387
1079371
1079401
1079412
1079371
1079381
1079379
1079362
1079374
1079354
1079328
1079308
1079302
1079293
1079279
1079275
1079265
1079258
1079262
1079260
1079233
1079164
1079076
1079072
1079096
1079128
1079155
1079125
1079151
1079194
1079226
1079230
1079199
1079220
1079160
1079081
1079069
1079061
1079089
1079092
1079108
1079143
1079130
1079144
1079166
1079183
1079224
1079256
1079303
1079342
1079401
1079509
1079549
1079531
1079513
1079498
1079535
1079593
1079617
1079635
1079641
1079633
1079655
1079682
1079707
1079739
1079728
1079733
1079745
1079714
1079737
1079767
1079769
1079793
1079800
1079809
1079826
1079812
1079752
1079716
1079718
1079717
1079747
1079786
1079803
1079796
1079757
1079726
1079718
1079708
1079724
1079722
1079717
1079752
1079730
1079690
1079684
1079706
1079748
1079787
1079802
1079741
1079679
1079666
1079672
1079710
1079710
1079691
1079701
1079692
1079683
1079619
1079564
1079606
1079623
1079635
1079625
1079576
1079568
1079540
1079537
1079573
1079581
1079610
1079663
1079713
1079747
1079751
1079772
1079828
1079883
1079907
1079916
1079883
1079828
1079811
1079816
1079850
1079884
1079889
1079882
1079871
1079851
1079813
1079815
1079848
1079843
1079808
1079779
1079737
1079720
1079719
1079672
1079644
1079633
1079627
1079650
1079677
1079685
1079651
1079656
1079681
1079656
1079646
1079636
1079613
1079601
1079559
1079511
1079485
1079477
1079533
1079579
1079564
1079563
1079534
1079526
1079555
1079570
1079610
1079621
1079618
1079603
1079574
1079617
1079666
1079645
1079576
1079610
1079716
1079699
1079647
1079602
1079587
1079674
1079650
1079543
1079601
1079656
1079620
1079603
1079531
1079475
1079494
1079507
1079530
1079523
1079507
1079556
1079551
1079477
1079480
1079504
1079520
1079577
1079583
1079610
1079688
1079710
1079676
1079625
1079667
1079747
1079748
1079728
1079680
1079630
1079640
1079644
1079635
1079660
1079689
1079714
1079716
1079681
1079697
1079727
1079743
1079781
1079772
1079771
1079799
1079769
1079731
1079716
1079722
1079740
1079738
1079727
1079755
1079814
1079834
1079844
1079837
1079768
1079709
1079692
1079711
1079740
1079768
1079796
1079829
1079850
1079864
1079891
1079901
1079912
1079914
1079900
1079877
1079821
1079771
1079723
1079708
1079753
1079766
1079763
1079771
1079740
1079722
1079701
1079631
1079615
1079643
1079673
1079732
1079772
1079792
1079767
1079705
1079633
1079589
1079639
1079667
1079680
1079694
1079630
1079603
1079593
1079580
1079626
1079649
1079670
1079683
1079649
1079631
1079619
1079584
1079544
1079527
1079520
1079495
1079495
1079505
1079494
1079492
1079480
1079490
1079540
1079562
1079605
1079657
1079652
1079650
1079643
1079630
1079634
1079605
1079575
1079572
1079570
1079556
1079548
1079562
1079521
1079482
1079494
1079461
1079443
1079449
1079424
1079414
1079419
1079388
1079336
1079317
1079290
1079282
1079278
1079226
1079224
1079214
1079170
1079186
1079152
1079089
1079069
1079035
1079007
1078968
1078923
1078931
1078950
1078947
1078981
1078979
1078941
1078995
1079015
1079018
1079059
1079070
1079142
1079198
1079204
1079226
1079223
1079249
1079278
1079250
1079239
1079258
1079246
1079242
1079245
1079210
1079198
1079207
1079216
1079243
1079256
1079242
1079236
1079214
1079172
1079173
1079154
1079146
1079182
1079178
1079168
1079146
1079171
1079256
1079288
1079310
1079306
1079292
1079338
1079340
1079323
1079322
1079324
1079342
1079336
1079357
1079351
1079357
1079390
1079349
1079349
1079339
1079316
1079304
1079254
1079279
1079290
1079278
1079296
1079288
1079286
1079281
1079292
1079297
1079293
1079318
1079355
1079380
1079364
1079346
1079314
1079271
1079264
1079259
1079256
1079292
1079331
1079316
1079299
1079297
1079309
1079324
1079322
1079347
1079347
1079338
1079378
1079395
1079387
1079407
1079430
1079430
1079429
1079445
1079485
1079508
1079504
1079499
1079494
1079516
1079542
1079548
1079541
1079544
1079549
1079516
1079518
1079536
1079526
1079562
1079576
1079558
1079571
1079600
1079634
1079645
1079661
1079673
1079682
1079725
1079752
1079779
1079794
1079789
1079804
1079815
1079831
1079862
1079875
1079889
1079928
1079960
1079971
1079973
1079961
1079959
1079982
1080026
1080064
1080058
1080072
1080097
1080084
1080090
1080089
1080080
1080094
1080084
1080081
1080070
1080042
1080018
1079975
1079962
1079931
1079889
1079885
1079849
1079857
1079893
1079897
1079912
1079920
1079929
1079918
1079896
1079882
1079842
1079791
1079773
1079773
1079749
1079739
1079728
1079704
1079716
1079730
1079722
1079708
1079683
1079663
1079627
1079552
1079487
1079454
1079435
1079438
1079446
1079446
1079461
1079457
1079433
1079412
1079382
1079376
1079377
1079366
1079394
1079411
1079399
1079429
1079442
1079404
1079409
1079409
1079385
1079402
1079417
1079424
1079424
1079416
1079428
1079428
1079424
1079453
1079480
1079493
1079505
1079520
1079521
1079492
1079467
1079455
1079456
1079441
1079428
1079429
1079420
1079429
1079408
1079373
1079371
1079383
1079393
1079371
1079334
1079286
1079249
1079227
1079216
1079218
1079198
1079203
1079224
1079254
1079271
1079231
1079259
1079278
1079277
1079335
1079325
1079352
1079380
1079382
1079459
1079455
1079490
1079548
1079529
1079560
1079532
1079548
1079598
1079548
1079573
1079605
1079595
1079611
1079614
1079621
1079643
1079679
1079712
1079721
1079736
1079747
1079739
1079768
1079813
1079830
1079861
1079872
1079844
1079874
1079897
1079846
1079822
1079819
1079838
1079880
1079896
1079921
1079931
1079906
1079897
1079904
1079918
1079947
1079985
1080005
1080002
1080035
1080092
1080123
1080145
1080161
1080173
1080171
1080169
1080170
1080108
1080057
1080059
1080018
1079986
1080014
1080041
1080060
1080062
1080055
1080072
1080042
1079999
1080012
1080004
1079999
1079995
1079955
1079949
1079944
1079913
1079902
1079908
1079920
1079918
1079899
1079896
1079904
1079896
1079906
1079916
1079880
1079871
1079890
1079883
1079894
1079914
1079911
1079921
1079930
1079930
1079912
1079875
1079866
1079870
1079863
1079816
1079759
1079754
1079744
1079710
1079699
1079691
1079673
1079697
1079719
1079691
1079677
1079672
1079649
1079644
1079668
1079672
1079649
1079652
1079656
1079654
1079672
1079642
1079634
1079670
1079649
1079681
1079708
1079650
1079651
1079709
1079780
1079809
1079750
1079713
1079770
1079828
1079849
1079870
1079842
1079805
1079824
1079847
1079880
1079874
1079847
1079886
1079881
1079833
1079834
1079849
1079881
1079888
1079861
1079897
1079892
1079820
1079854
1079891
1079834
1079819
1079798
1079733
1079746
1079766
1079737
1079744
1079760
1079761
1079768
1079778
1079775
1079767
1079792
1079786
1079773
1079760
1079675
1079667
1079693
1079670
1079674
1079620
1079587
1079589
1079523
1079496
1079510
1079510
1079496
1079487
1079514
1079455
1079355
1079416
1079403
1079280
1079359
1079465
1079481
1079490
1079407
1079326
1079317
1079270
1079201
1079141
1079122
1079202
1079222
1079173
1079208
1079205
1079167
1079180
1079169
1079183
1079193
1079149
1079153
1079136
1079103
1079177
1079219
1079190
1079171
1079186
1079234
1079245
1079262
1079299
1079308
1079288
1079267
1079306
1079325
1079311
1079328
1079325
1079338
1079396
1079417
1079403
1079412
1079416
1079417
1079407
1079390
1079442
1079491
1079483
1079460
1079498
1079554
1079513
1079510
1079504
1079460
1079518
1079536
1079503
1079500
1079514
1079564
1079518
1079470
1079540
1079542
1079524
1079533
1079466
1079438
1079448
1079440
1079456
1079419
1079406
1079475
1079497
1079473
1079444
1079433
1079436
1079450
1079465
1079464
1079465
1079460
1079486
1079502
1079516
1079560
1079536
1079530
1079555
1079542
1079563
1079539
1079527
1079594
1079557
1079520
1079577
1079587
1079550
1079519
1079542
1079555
1079510
1079487
1079490
1079463
1079451
1079471
1079471
1079479
1079454
1079426
1079410
1079378
1079422
1079415
1079376
1079384
1079376
1079428
1079449
1079431
1079395
1079310
1079294
1079242
1079273
1079447
1079481
1079562
1079596
1079416
1079407
1079420
1079362
1079471
1079506
1079423
1079396
1079407
1079471
1079565
1079614
1079647
1079701
1079698
1079641
1079621
1079612
1079635
1079729
1079779
1079759
1079753
1079752
1079752
1079768
1079774
1079783
1079778
1079758
1079737
1079696
1079718
1079751
1079713
1079694
1079681
1079685
1079695
1079666
1079648
1079638
1079651
1079656
1079638
1079648
1079647
1079632
1079629
1079638
1079658
1079680
1079684
1079670
1079635
1079617
1079637
1079621
1079587
1079557
1079521
1079515
1079515
1079495
1079492
1079495
1079465
1079487
1079521
1079505
1079516
1079486
1079433
1079433
1079418
1079404
1079427
1079448
1079429
1079349
1079350
1079480
1079602
1079697
1079693
1079559
1079458
1079435
1079456
1079533
1079570
1079545
1079532
1079494
1079492
1079566
1079595
1079573
1079591
1079616
1079601
1079609
1079610
1079595
1079605
1079622
1079612
1079565
1079555
1079566
1079553
1079553
1079511
1079462
1079467
1079447
1079414
1079404
1079393
1079373
1079333
1079326
1079325
1079283
1079291
1079314
1079279
1079250
1079258
1079259
1079257
1079253
1079227
1079217
1079221
1079251
1079289
1079289
1079297
1079325
1079345
1079348
1079377
1079394
1079376
1079384
1079394
1079385
1079359
1079367
1079383
1079377
1079371
1079352
1079391
1079406
1079379
1079408
1079384
1079350
1079369
1079358
1079351
1079356
1079377
1079403
1079399
1079408
1079388
1079370
1079377
1079360
1079360
1079336
1079295
1079315
1079323
1079286
1079278
1079298
1079287
1079222
1079186
1079190
1079198
1079281
1079349
1079290
1079212
1079137
1079078
1079139
1079181
1079152
1079117
1079053
1079094
1079163
1079164
1079172
1079125
1079090
1079104
1079100
1079069
1079036
1079089
1079146
1079143
1079186
1079234
1079261
1079328
1079351
1079337
1079362
1079369
1079356
1079349
1079347
1079339
1079327
1079337
1079362
1079384
1079381
1079388
1079392
1079396
1079422
1079414
1079433
1079492
1079533
1079573
1079587
1079571
1079603
1079660
1079649
1079656
1079676
1079664
1079683
1079690
1079672
1079637
1079638
1079678
1079684
1079673
1079662
1079675
1079687
1079672
1079686
1079690
1079671
1079699
1079724
1079715
1079721
1079729
1079735
1079756
1079760
1079717
1079697
1079728
1079721
1079730
1079748
1079737
1079777
1079787
1079747
1079758
1079749
1079722
1079737
1079737
1079740
1079732
1079729
1079751
1079724
1079734
1079773
1079773
1079751
1079734
1079761
1079764
1079773
1079769
1079689
1079641
1079693
1079805
1079944
1080034
1079919
1079707
1079601
1079588
1079664
1079761
1079819
1079846
1079835
1079809
1079808
1079832
1079832
1079848
1079931
1080008
1080024
1080002
1079955
1079922
1079929
1079920
1079899
1079883
1079885
1079903
1079885
1079873
1079871
1079849
1079836
1079849
1079833
1079805
1079848
1079870
1079843
1079836
1079844
1079828
1079797
1079834
1079842
1079819
1079858
1079848
1079804
1079811
1079833
1079815
1079784
1079821
1079831
1079812
1079793
1079750
1079760
1079775
1079810
1079819
1079764
1079786
1079808
1079793
1079814
1079857
1079891
1079897
1079915
1079944
1079973
1079980
1080012
1080048
1080024
1080020
1080016
1080028
1080049
1080018
1079992
1079976
1079994
1079996
1079968
1079951
1079890
1079860
1079891
1079930
1079929
1079896
1079887
1079859
1079843
1079852
1079822
1079775
1079735
1079707
1079702
1079706
1079710
1079694
1079625
1079561
1079546
1079549
1079613
1079699
1079688
1079626
1079554
1079464
1079450
1079504
1079561
1079602
1079569
1079515
1079508
1079506
1079481
1079465
1079438
1079416
1079442
1079425
1079378
1079358
1079411
1079497
1079510
1079517
1079497
1079461
1079464
1079465
1079453
1079418
1079416
1079408
1079377
1079385
1079411
1079451
1079472
1079502
1079527
1079542
1079604
1079626
1079624
1079627
1079590
1079606
1079635
1079600
1079620
1079638
1079604
1079617
1079613
1079588
1079609
1079591
1079552
1079577
1079586
1079563
1079554
1079562
1079584
1079580
1079547
1079527
1079538
1079539
1079538
1079545
1079520
1079508
1079500
1079479
1079444
1079418
1079420
1079389
1079365
1079366
1079356
1079382
1079416
1079394
1079401
1079450
1079465
1079496
1079500
1079491
1079515
1079497
1079509
1079579
1079662
1079752
1079774
1079773
1079777
1079756
1079773
1079811
1079833
1079838
1079808
1079772
1079753
1079717
1079695
1079717
1079708
1079691
1079703
1079713
1079754
1079851
1079913
1079891
1079830
1079744
1079697
1079707
1079740
1079770
1079788
1079831
1079847
1079821
1079809
1079799
1079798
1079820
1079828
1079805
1079788
1079755
1079724
1079738
1079740
1079705
1079657
1079651
1079583
1079531
1079667
1079622
1079565
1079698
1079659
1079668
1079683
1079561
1079560
1079572
1079509
1079531
1079579
1079587
1079668
1079657
1079627
1079681
1079633
1079610
1079596
1079582
1079574
1079529
1079538
1079522
1079514
1079531
1079528
1079544
1079510
1079468
1079459
1079442
1079451
1079472
1079491
1079501
1079506
1079519
1079472
1079434
1079430
1079394
1079401
1079422
1079439
1079455
1079436
1079426
1079409
1079396
1079421
1079452
1079448
1079436
1079434
1079395
1079372
1079379
1079373
1079351
1079311
1079301
1079345
1079417
1079458
1079448
1079425
1079386
1079406
1079483
1079545
1079625
1079654
1079645
1079606
1079552
1079534
1079483
1079526
1079658
1079725
1079778
1079767
1079690
1079629
1079574
1079567
1079592
1079624
1079665
1079694
1079750
1079786
1079785
1079777
1079721
1079686
1079690
1079709
1079747
1079765
1079773
1079770
1079759
1079744
1079733
1079756
1079778
1079777
1079767
1079771
1079774
1079758
1079782
1079806
1079802
1079825
1079836
1079829
1079835
1079848
1079852
1079823
1079807
1079825
1079830
1079837
1079867
1079865
1079830
1079821
1079791
1079757
1079759
1079753
1079804
1079842
1079820
1079781
1079719
1079727
1079701
1079656
1079676
1079632
1079649
1079700
1079674
1079672
1079660
1079649
1079652
1079653
1079657
1079634
1079579
1079538
1079531
1079519
1079542
1079567
1079549
1079534
1079514
1079509
1079489
1079457
1079448
1079431
1079418
1079424
1079418
1079398
1079392
1079391
1079381
1079371
1079361
1079360
1079388
1079411
1079402
1079398
1079386
1079367
1079375
1079352
1079320
1079341
1079382
1079388
1079362
1079349
1079291
1079253
1079295
1079285
1079260
1079227
1079175
1079152
1079161
1079201
1079259
1079333
1079316
1079247
1079203
1079169
1079173
1079139
1079115
1079135
1079153
1079224
1079287
1079289
1079279
1079249
1079223
1079254
1079276
1079303
1079305
1079249
1079284
1079317
1079320
1079366
1079374
1079371
1079350
1079305
1079318
1079372
1079442
1079515
1079542
1079589
1079630
1079609
1079615
1079564
1079488
1079469
1079449
1079485
1079532
1079589
1079618
1079599
1079628
1079593
1079563
1079559
1079495
1079492
1079493
1079482
1079540
1079577
1079570
1079581
1079573
1079520
1079474
1079477
1079503
1079522
1079534
1079496
1079454
1079417
1079393
1079412
1079399
1079399
1079410
1079391
1079374
1079322
1079284
1079279
1079264
1079252
1079240
1079237
1079222
1079215
1079274
1079326
1079359
1079413
1079386
1079380
1079466
1079483
1079507
1079509
1079426
1079384
1079370
1079414
1079502
1079537
1079522
1079457
1079420
1079452
1079476
1079486
1079516
1079535
1079516
1079471
1079416
1079372
1079391
1079432
1079463
1079527
1079550
1079512
1079501
1079460
1079415
1079473
1079485
1079432
1079434
1079428
1079425
1079453
1079427
1079398
1079420
1079413
1079431
1079485
1079535
1079620
1079648
1079575
1079493
1079461
1079530
1079717
1079883
1079930
1079903
1079788
1079667
1079671
1079694
1079713
1079771
1079748
1079713
1079753
1079770
1079790
1079786
1079724
1079749
1079786
1079763
1079814
1079844
1079836
1079865
1079854
1079853
1079883
1079885
1079872
1079873
1079873
1079861
1079850
1079839
1079843
1079822
1079797
1079804
1079811
1079820
1079834
1079855
1079871
1079890
1079904
1079907
1079927
1079928
1079908
1079888
1079862
1079842
1079834
1079845
1079848
1079869
1079903
1079883
1079885
1079904
1079901
1079886
1079857
1079867
1079843
1079762
1079712
1079704
1079727
1079776
1079819
1079830
1079789
1079748
1079774
1079760
1079769
1079830
1079817
1079804
1079800
1079803
1079825
1079847
1079842
1079814
1079804
1079792
1079845
1079895
1079871
1079850
1079821
1079771
1079739
1079754
1079737
1079696
1079672
1079629
1079605
1079620
1079684
1079731
1079713
1079670
1079609
1079543
1079510
1079503
1079468
1079435
1079394
1079390
1079417
1079388
1079397
1079405
1079374
1079400
1079402
1079339
1079309
1079321
1079316
1079274
1079208
1079148
1079093
1079068
1079055
1079032
1079036
1079038
1079050
1079046
1079000
1078987
1078978
1078949
1078930
1078923
1078934
1078972
1079005
1079003
1079017
1079031
1079048
1079108
1079151
1079193
1079219
1079191
1079202
1079211
1079226
1079288
1079305
1079360
1079453
1079475
1079499
1079532
1079534
1079532
1079532
1079523
1079516
1079499
1079490
1079527
1079554
1079582
1079633
1079672
1079676
1079631
1079619
1079614
1079588
1079608
1079599
1079600
1079635
1079626
1079633
1079668
1079683
1079690
1079726
1079759
1079742
1079740
1079753
1079758
1079787
1079798
1079806
1079834
1079817
1079814
1079841
1079852
1079874
1079866
1079825
1079800
1079803
1079814
1079822
1079821
1079779
1079758
1079758
1079753
1079789
1079810
1079810
1079805
1079785
1079756
1079736
1079761
1079788
1079784
1079721
1079661
1079658
1079666
1079684
1079702
1079715
1079715
1079727
1079709
1079640
1079617
1079610
1079626
1079677
1079691
1079688
1079688
1079682
1079653
1079607
1079567
1079505
1079475
1079463
1079404
1079382
1079381
1079395
1079432
1079442
1079452
1079453
1079456
1079452
1079440
1079429
1079393
1079357
1079315
1079290
1079282
1079242
1079225
1079218
1079200
1079199
1079173
1079167
1079194
1079199
1079196
1079168
1079143
1079129
1079109
1079108
1079104
1079101
1079099
1079109
1079182
1079267
1079311
1079315
1079258
1079181
1079152
1079142
1079157
1079226
1079276
1079308
1079344
1079341
1079325
1079330
1079331
1079313
1079305
1079272
1079245
1079301
1079349
1079394
1079451
1079473
1079504
1079502
1079517
1079550
1079518
1079528
1079549
1079551
1079596
1079612
1079612
1079628
1079655
1079680
1079658
1079634
1079629
1079598
1079601
1079627
1079599
1079607
1079645
1079647
1079665
1079692
1079697
1079692
1079656
1079583
1079554
1079540
1079509
1079504
1079504
1079510
1079527
1079517
1079503
1079534
1079554
1079554
1079571
1079571
1079565
1079572
1079596
1079604
1079603
1079594
1079598
1079614
1079596
1079624
1079630
1079621
1079662
1079651
1079640
1079632
1079586
1079582
1079605
1079607
1079611
1079641
1079665
1079677
1079697
1079675
1079657
1079683
1079652
1079603
1079607
1079611
1079643
1079674
1079617
1079587
1079598
1079578
1079555
1079529
1079565
1079598
1079575
1079587
1079599
1079620
1079646
1079602
1079580
1079591
1079571
1079592
1079617
1079630
1079648
1079597
1079522
1079494
1079522
1079554
1079554
1079552
1079520
1079482
1079494
1079512
1079508
1079484
1079484
1079494
1079476
1079487
1079498
1079523
1079581
1079610
1079673
1079750
1079752
1079745
1079724
1079681
1079686
1079668
1079643
1079666
1079693
1079744
1079784
1079810
1079825
1079796
1079760
1079723
1079701
1079702
1079674
1079654
1079654
1079580
1079516
1079507
1079498
1079528
1079543
1079526
1079508
1079485
1079459
1079425
1079410
1079420
1079445
1079457
1079468
1079495
1079475
1079492
1079520
1079506
1079526
1079530
1079558
1079571
1079539
1079549
1079525
1079511
1079507
1079472
1079483
1079507
1079484
1079467
1079484
1079488
1079498
1079492
1079476
1079471
1079449
1079442
1079447
1079444
1079447
1079480
1079447
1079344
1079376
1079513
1079645
1079741
1079727
1079697
1079682
1079582
1079532
1079583
1079608
1079617
1079653
1079676
1079690
1079710
1079671
1079652
1079672
1079647
1079660
1079649
1079609
1079651
1079631
1079570
1079560
1079527
1079539
1079609
1079593
1079528
1079529
1079561
1079558
1079532
1079559
1079605
1079579
1079512
1079446
1079448
1079506
1079516
1079521
1079523
1079521
1079566
1079583
1079576
1079600
1079614
1079620
1079622
1079580
1079538
1079528
1079544
1079586
1079624
1079651
1079636
1079610
1079619
1079605
1079590
1079593
1079568
1079562
1079576
1079588
1079594
1079560
1079558
1079573
1079563
1079585
1079601
1079607
1079609
1079582
1079566
1079525
1079496
1079554
1079560
1079538
1079567
1079562
1079572
1079586
1079581
1079611
1079613
1079588
1079573
1079568
1079602
1079642
1079653
1079616
1079560
1079525
1079488
1079459
1079435
1079419
1079427
1079421
1079379
1079333
1079347
1079347
1079315
1079342
1079371
1079352
1079317
1079288
1079301
1079322
1079290
1079301
1079349
1079355
1079408
1079455
1079461
1079472
1079447
1079441
1079420
1079371
1079409
1079493
1079531
1079527
1079503
1079465
1079450
1079455
1079447
1079498
1079576
1079556
1079543
1079559
1079540
1079613
1079697
1079677
1079644
1079581
1079498
1079486
1079490
1079498
1079607
1079669
1079648
1079685
1079658
1079628
1079680
1079630
1079559
1079627
1079653
1079624
1079685
1079673
1079647
1079705
1079681
1079710
1079762
1079664
1079640
1079612
1079537
1079601
1079590
1079551
1079569
1079499
1079503
1079548
1079507
1079526
1079592
1079584
1079569
1079550
1079505
1079534
1079581
1079550
1079538
1079543
1079532
1079561
1079571
1079573
1079625
1079639
1079604
1079628
1079668
1079661
1079693
1079669
1079598
1079614
1079591
1079588
1079641
1079610
1079608
1079648
1079578
1079503
1079523
1079544
1079565
1079567
1079536
1079552
1079560
1079569
1079604
1079596
1079587
1079560
1079492
1079480
1079510
1079537
1079577
1079620
1079657
1079688
1079687
1079652
1079633
1079628
1079627
1079641
1079644
1079669
1079688
1079661
1079686
1079714
1079697
1079704
1079699
1079703
1079730
1079703
1079665
1079662
1079671
1079678
1079684
1079679
1079675
1079694
1079687
1079667
1079710
1079759
1079751
1079753
1079806
1079863
1079870
1079819
1079793
1079812
1079841
1079933
1080018
1080002
1079993
1080016
1080007
1080022
1080093
1080127
1080111
1080097
1080062
1080033
1080046
1080076
1080115
1080149
1080148
1080081
1080006
1079966
1079923
1079916
1079955
1079963
1079959
1079966
1079945
1079922
1079909
1079893
1079886
1079886
1079906
1079939
1079953
1079953
1079963
1079949
1079937
1079964
1079960
1079979
1080001
1079978
1079989
1079953
1079929
1079930
1079876
1079850
1079822
1079838
1079885
1079880
1079865
1079835
1079820
1079800
1079771
1079769
1079768
1079763
1079753
1079705
1079673
1079696
1079710
1079740
1079738
1079687
1079660
1079642
1079655
1079669
1079676
1079667
1079652
1079671
1079673
1079679
1079680
1079668
1079684
1079701
1079715
1079728
1079738
1079744
1079751
1079738
1079722
1079725
1079737
1079765
1079758
1079755
1079771
1079740
1079735
1079727
1079708
1079738
1079744
1079753
1079781
1079756
1079720
1079708
1079730
1079761
1079786
1079825
1079806
1079750
1079720
1079665
1079668
1079727
1079728
1079748
1079726
1079646
1079637
1079624
1079624
1079651
1079659
1079710
1079755
1079770
1079756
1079710
1079675
1079645
1079627
1079616
1079603
1079594
1079591
1079585
1079559
1079553
1079556
1079545
1079558
1079575
1079579
1079577
1079586
1079584
1079542
1079565
1079619
1079615
1079591
1079554
1079550
1079529
1079486
1079475
1079442
1079468
1079529
1079533
1079537
1079545
1079573
1079609
1079577
1079547
1079569
1079567
1079560
1079578
1079548
1079531
1079553
1079515
1079492
1079494
1079471
1079425
1079344
1079301
1079279
1079289
1079334
1079297
1079247
1079202
1079160
1079176
1079171
1079190
1079268
1079348
1079393
1079368
1079360
1079345
1079247
1079186
1079168
1079139
1079168
1079217
1079252
1079286
1079268
1079232
1079221
1079250
1079325
1079361
1079345
1079360
1079391
1079393
1079399
1079459
1079582
1079693
1079722
1079670
1079556
1079494
1079499
1079529
1079617
1079700
1079722
1079715
1079695
1079642
1079567
1079529
1079551
1079604
1079642
1079677
1079688
1079676
1079670
1079669
1079699
1079745
1079753
1079724
1079679
1079627
1079641
1079665
1079676
1079702
1079646
1079598
1079582
1079533
1079574
1079684
1079704
1079750
1079813
1079706
1079670
1079685
1079613
1079666
1079694
1079609
1079632
1079743
1079838
1079917
1079917
1079896
1079901
1079812
1079736
1079714
1079698
1079768
1079837
1079869
1079855
1079781
1079737
1079696
1079698
1079748
1079766
1079783
1079735
1079651
1079647
1079686
1079722
1079756
1079761
1079728
1079698
1079699
1079723
1079729
1079737
1079763
1079734
1079693
1079685
1079676
1079661
1079669
1079697
1079716
1079750
1079755
1079735
1079713
1079667
1079661
1079640
1079639
1079750
1079817
1079821
1079786
1079700
1079647
1079605
1079595
1079636
1079672
1079714
1079752
1079742
1079707
1079709
1079722
1079709
1079689
1079668
1079636
1079596
1079553
1079526
1079503
1079492
1079515
1079520
1079545
1079583
1079542
1079434
1079336
1079368
1079518
1079665
1079745
1079736
1079645
1079547
1079495
1079492
1079583
1079644
1079608
1079581
1079548
1079536
1079518
1079494
1079538
1079568
1079561
1079558
1079543
1079544
1079541
1079526
1079522
1079485
1079486
1079507
1079459
1079424
1079390
1079357
1079387
1079415
1079433
1079458
1079435
1079384
1079376
1079370
1079349
1079339
1079325
1079308
1079303
1079347
1079384
1079371
1079389
1079412
1079400
1079398
1079403
1079410
1079412
1079433
1079469
1079428
1079378
1079370
1079343
1079324
1079309
1079318
1079339
1079329
1079322
1079289
1079246
1079229
1079241
1079272
1079287
1079280
1079255
1079266
1079315
1079339
1079341
1079328
1079302
1079323
1079361
1079369
1079402
1079407
1079383
1079383
1079356
1079357
1079395
1079406
1079434
1079446
1079402
1079384
1079368
1079338
1079341
1079362
1079389
1079381
1079387
1079429
1079436
1079474
1079511
1079471
1079428
1079378
1079372
1079421
1079409
1079389
1079398
1079406
1079454
1079501
1079499
1079502
1079560
1079606
1079544
1079477
1079516
1079560
1079598
1079641
1079621
1079608
1079608
1079593
1079597
1079571
1079553
1079598
1079643
1079670
1079656
1079631
1079645
1079653
1079658
1079625
1079563
1079568
1079566
1079516
1079487
1079475
1079477
1079509
1079517
1079489
1079474
1079454
1079436
1079446
1079470
1079489
1079478
1079477
1079499
1079503
1079506
1079522
1079537
1079558
1079553
1079516
1079505
1079476
1079442
1079449
1079432
1079438
1079468
1079453
1079442
1079430
1079413
1079394
1079375
1079378
1079362
1079345
1079372
1079419
1079441
1079439
1079419
1079406
1079430
1079409
1079379
1079363
1079321
1079329
1079324
1079306
1079350
1079382
1079414
1079445
1079460
1079445
1079406
1079431
1079464
1079510
1079556
1079565
1079613
1079619
1079599
1079602
1079602
1079598
1079569
1079578
1079586
1079608
1079653
1079646
1079635
1079578
1079531
1079574
1079639
1079705
1079693
1079587
1079519
1079546
1079571
1079541
1079511
1079530
1079590
1079580
1079495
1079445
1079437
1079467
1079484
1079417
1079395
1079478
1079518
1079525
1079542
1079512
1079504
1079557
1079593
1079618
1079668
1079705
1079722
1079720
1079700
1079653
1079583
1079555
1079576
1079606
1079624
1079648
1079638
1079586
1079567
1079527
1079492
1079483
1079456
1079429
1079404
1079402
1079411
1079454
1079501
1079492
1079470
1079440
1079448
1079458
1079440
1079440
1079408
1079392
1079436
1079472
1079494
1079490
1079479
1079495
1079523
1079540
1079500
1079453
1079478
1079530
1079569
1079557
1079518
1079552
1079614
1079628
1079591
1079572
1079617
1079643
1079582
1079511
1079485
1079439
1079435
1079466
1079467
1079496
1079520
1079544
1079571
1079574
1079561
1079523
1079522
1079548
1079551
1079543
1079519
1079507
1079550
1079606
1079588
1079568
1079576
1079543
1079531
1079541
1079527
1079558
1079605
1079552
1079467
1079455
1079461
1079480
1079514
1079548
1079582
1079584
1079547
1079471
1079427
1079432
1079455
1079506
1079530
1079496
1079459
1079426
1079405
1079416
1079439
1079473
1079487
1079477
1079477
1079461
1079436
1079424
1079469
1079555
1079599
1079601
1079574
1079530
1079503
1079507
1079526
1079521
1079521
1079566
1079575
1079538
1079513
1079494
1079495
1079493
1079498
1079513
1079492
1079473
1079471
1079452
1079430
1079428
1079419
1079435
1079474
1079442
1079378
1079375
1079401
1079432
1079466
1079440
1079406
1079421
1079407
1079403
1079422
1079427
1079453
1079420
1079364
1079391
1079466
1079561
1079656
1079749
1079747
1079648
1079604
1079539
1079506
1079594
1079645
1079662
1079718
1079736
1079676
1079591
1079564
1079621
1079711
1079793
1079752
1079677
1079749
1079805
1079772
1079721
1079680
1079669
1079677
1079671
1079632
1079620
1079617
1079588
1079586
1079618
1079619
1079593
1079568
1079539
1079571
1079595
1079548
1079561
1079611
1079637
1079675
1079708
1079724
1079737
1079753
1079743
1079731
1079759
1079786
1079798
1079775
1079745
1079728
1079664
1079643
1079670
1079681
1079702
1079687
1079650
1079614
1079588
1079575
1079536
1079510
1079528
1079554
1079507
1079460
1079488
1079479
1079453
1079455
1079462
1079502
1079517
1079474
1079457
1079473
1079480
1079512
1079555
1079573
1079579
1079576
1079588
1079604
1079587
1079580
1079572
1079596
1079635
1079580
1079582
1079664
1079693
1079671
1079611
1079576
1079587
1079616
1079653
1079699
1079749
1079752
1079683
1079574
1079481
1079467
1079552
1079667
1079746
1079776
1079740
1079659
1079620
1079623
1079662
1079742
1079774
1079790
1079777
1079694
1079655
1079631
1079637
1079720
1079749
1079741
1079737
1079726
1079728
1079716
1079711
1079713
1079711
1079733
1079715
1079692
1079721
1079716
1079702
1079713
1079688
1079677
1079695
1079678
1079655
1079653
1079673
1079714
1079728
1079722
1079719
1079699
1079693
1079718
1079734
1079725
1079711
1079773
1079925
1080005
1079960
1079859
1079740
1079648
1079622
1079681
1079783
1079891
1079979
1079953
1079835
1079720
1079650
1079705
1079785
1079813
1079850
1079829
1079764
1079731
1079728
1079757
1079779
1079800
1079818
1079789
1079749
1079722
1079726
1079761
1079754
1079710
1079668
1079662
1079690
1079681
1079628
1079582
1079571
1079577
1079581
1079555
1079536
1079570
1079601
1079605
1079590
1079587
1079572
1079562
1079589
1079561
1079521
1079531
1079539
1079546
1079553
1079536
1079520
1079510
1079465
1079427
1079426
1079439
1079469
1079485
1079446
1079418
1079426
1079418
1079428
1079443
1079437
1079420
1079368
1079328
1079336
1079358
1079386
1079403
1079359
1079334
1079397
1079417
1079415
1079458
1079482
1079538
1079592
1079567
1079520
1079488
1079500
1079509
1079493
1079496
1079505
1079529
1079533
1079556
1079598
1079612
1079673
1079699
1079672
1079643
1079605
1079611
1079598
1079546
1079535
1079597
1079677
1079710
1079761
1079785
1079757
1079765
1079760
1079720
1079691
1079694
1079692
1079673
1079686
1079714
1079732
1079716
1079672
1079661
1079673
1079657
1079635
1079620
1079592
1079566
1079566
1079568
1079582
1079616
1079583
1079526
1079518
1079519
1079505
1079491
1079521
1079547
1079556
1079554
1079523
1079517
1079516
1079536
1079558
1079539
1079540
1079534
1079508
1079474
1079469
1079512
1079525
1079508
1079477
1079463
1079477
1079483
1079457
1079418
1079465
1079547
1079571
1079585
1079532
1079444
1079432
1079416
1079393
1079422
1079457
1079510
1079560
1079582
1079569
1079517
1079504
1079541
1079557
1079555
1079566
1079568
1079567
1079570
1079565
1079582
1079613
1079640
1079666
1079705
1079709
1079664
1079662
1079687
1079713
1079743
1079729
1079707
1079726
1079765
1079786
1079789
1079783
1079775
1079779
1079770
1079761
1079784
1079805
1079804
1079745
1079708
1079721
1079714
1079764
1079799
1079820
1079874
1079836
1079823
1079805
1079742
1079761
1079748
1079729
1079779
1079808
1079819
1079810
1079787
1079785
1079794
1079837
1079869
1079836
1079807
1079817
1079821
1079819
1079809
1079798
1079795
1079748
1079702
1079722
1079772
1079802
1079773
1079717
1079703
1079707
1079725
1079759
1079758
1079739
1079707
1079680
1079658
1079643
1079683
1079737
1079789
1079814
1079777
1079778
1079805
1079790
1079781
1079765
1079782
1079864
1079899
1079898
1079903
1079896
1079879
1079852
1079828
1079828
1079853
1079864
1079856
1079830
1079781
1079776
1079793
1079787
1079787
1079790
1079795
1079803
1079797
1079770
1079732
1079695
1079686
1079695
1079691
1079703
1079698
1079682
1079734
1079773
1079774
1079781
1079770
1079752
1079738
1079705
1079626
1079549
1079512
1079524
1079569
1079588
1079608
1079613
1079582
1079539
1079486
1079467
1079467
1079497
1079523
1079470
1079434
1079423
1079396
1079423
1079443
1079416
1079401
1079377
1079375
1079417
1079425
1079432
1079447
1079436
1079439
1079423
1079397
1079414
1079431
1079453
1079490
1079458
1079434
1079472
1079451
1079416
1079408
1079378
1079370
1079373
1079364
1079348
1079355
1079367
1079361
1079376
1079368
1079367
1079402
1079392
1079354
1079343
1079346
1079344
1079327
1079314
1079336
1079378
1079394
1079386
1079410
1079453
1079479
1079479
1079432
1079411
1079425
1079406
1079403
1079428
1079443
1079451
1079479
1079501
1079496
1079496
1079485
1079441
1079402
1079388
1079370
1079382
1079422
1079468
1079521
1079517
1079472
1079458
1079500
1079524
1079489
1079470
1079500
1079577
1079623
1079611
1079606
1079603
1079617
1079631
1079638
1079667
1079707
1079752
1079755
1079709
1079690
1079708
1079697
1079681
1079692
1079682
1079675
1079703
1079726
1079749
1079787
1079808
1079817
1079835
1079844
1079826
1079796
1079774
1079763
1079765
1079800
1079834
1079842
1079845
1079843
1079832
1079816
1079830
1079838
1079816
1079811
1079805
1079798
1079771
1079725
1079703
1079697
1079714
1079745
1079771
1079776
1079763
1079748
1079733
1079736
1079743
1079753
1079798
1079798
1079761
1079758
1079763
1079783
1079817
1079835
1079807
1079798
1079809
1079805
1079828
1079816
1079793
1079807
1079829
1079866
1079839
1079793
1079806
1079801
1079797
1079792
1079785
1079788
1079783
1079777
1079705
1079658
1079665
1079653
1079714
1079711
1079653
1079678
1079577
1079471
1079527
1079572
1079658
1079726
1079641
1079514
1079407
1079397
1079489
1079511
1079461
1079470
1079492
1079511
1079541
1079468
1079382
1079402
1079436
1079417
1079396
1079373
1079356
1079433
1079476
1079412
1079374
1079378
1079409
1079419
1079375
1079339
1079331
1079324
1079298
1079278
1079284
1079274
1079267
1079308
1079337
1079310
1079298
1079326
1079335
1079332
1079306
1079251
1079264
1079300
1079320
1079366
1079380
1079383
1079393
1079383
1079363
1079312
1079276
1079309
1079322
1079287
1079247
1079226
1079266
1079312
1079334
1079324
1079294
1079309
1079332
1079384
1079452
1079472
1079504
1079489
1079434
1079428
1079396
1079362
1079385
1079424
1079476
1079491
1079504
1079534
1079491
1079479
1079468
1079425
1079483
1079478
1079416
1079393
1079352
1079364
1079405
1079452
1079492
1079512
1079532
1079511
1079510
1079511
1079498
1079476
1079437
1079441
1079449
1079469
1079500
1079517
1079530
1079539
1079550
1079556
1079574
1079572
1079538
1079494
1079468
1079468
1079465
1079481
1079475
1079469
1079505
1079499
1079521
1079574
1079570
1079576
1079586
1079577
1079575
1079603
1079629
1079595
1079589
1079627
1079604
1079551
1079534
1079541
1079560
1079590
1079584
1079537
1079527
1079538
1079507
1079513
1079515
1079457
1079448
1079426
1079384
1079372
1079352
1079370
1079412
1079428
1079428
1079428
1079423
1079388
1079381
1079407
1079397
1079420
1079409
1079328
1079285
1079235
1079229
1079287
1079293
1079281
1079289
1079261
1079216
1079235
1079286
1079323
1079330
1079297
1079270
1079262
1079257
1079229
1079206
1079214
1079214
1079218
1079241
1079242
1079266
1079315
1079322
1079327
1079342
1079342
1079341
1079337
1079339
1079342
1079355
1079376
1079351
1079344
1079381
1079383
1079412
1079445
1079422
1079438
1079455
1079454
1079483
1079494
1079508
1079522
1079527
1079535
1079518
1079523
1079529
1079541
1079569
1079560
1079566
1079550
1079535
1079557
1079535
1079527
1079554
1079578
1079589
1079572
1079543
1079518
1079532
1079566
1079575
1079562
1079549
1079531
1079518
1079512
1079482
1079472
1079486
1079488
1079506
1079519
1079493
1079474
1079465
1079422
1079413
1079457
1079490
1079514
1079517
1079484
1079437
1079411
1079375
1079343
1079340
1079312
1079305
1079321
1079308
1079299
1079302
1079294
1079296
1079289
1079263
1079283
1079292
1079280
1079317
1079338
1079341
1079366
1079369
1079383
1079399
1079416
1079463
1079476
1079468
1079477
1079463
1079441
1079437
1079442
1079474
1079513
1079521
1079536
1079546
1079538
1079532
1079530
1079513
1079477
1079467
1079464
1079468
1079479
1079474
1079464
1079464
1079509
1079534
1079543
1079565
1079545
1079515
1079482
1079454
1079425
1079415
1079449
1079466
1079448
1079439
1079456
1079438
1079416
1079426
1079418
1079425
1079431
1079388
1079382
1079413
1079395
1079341
1079327
1079384
1079404
1079373
1079346
1079327
1079342
1079353
1079349
1079367
1079421
1079455
1079425
1079412
1079406
1079383
1079394
1079407
1079379
1079405
1079462
1079459
1079476
1079464
1079437
1079499
1079520
1079508
1079535
1079567
1079615
1079656
1079702
1079741
1079729
1079707
1079697
1079717
1079743
1079767
1079828
1079883
1079921
1079963
1079994
1080001
1079975
1079954
1079954
1079956
1079950
1079961
1079999
1080022
1080022
1080040
1080079
1080087
1080097
1080124
1080116
1080105
1080082
1080045
1080078
1080111
1080098
1080105
1080119
1080148
1080160
1080129
1080107
1080098
1080103
1080084
1080045
1080009
1079974
1079937
1079891
1079898
1079921
1079932
1079963
1079941
1079877
1079828
1079827
1079826
1079819
1079852
1079880
1079890
1079853
1079818
1079811
1079820
1079853
1079838
1079852
1079901
1079880
1079865
1079877
1079837
1079781
1079757
1079737
1079738
1079744
1079740
1079747
1079743
1079739
1079733
1079748
1079759
1079770
1079828
1079849
1079844
1079851
1079847
1079834
1079798
1079778
1079757
1079725
1079696
1079687
1079706
1079691
1079695
1079698
1079686
1079724
1079735
1079714
1079716
1079726
1079749
1079770
1079778
1079791
1079771
1079731
1079725
1079707
1079673
1079654
1079652
1079653
1079647
1079632
1079618
1079629
1079581
1079491
1079478
1079494
1079503
1079548
1079585
1079586
1079585
1079579
1079569
1079534
1079464
1079364
1079295
1079295
1079296
1079321
1079362
1079389
1079438
1079482
1079535
1079577
1079571
1079535
1079499
1079514
1079534
1079525
1079519
1079492
1079440
1079377
1079348
1079371
1079389
1079412
1079455
1079498
1079535
1079561
1079585
1079581
1079584
1079631
1079666
1079668
1079651
1079656
1079672
1079680
1079675
1079658
1079646
1079611
1079564
1079536
1079528
1079517
1079516
1079535
1079543
1079562
1079570
1079578
1079628
1079668
1079641
1079625
1079684
1079724
1079752
1079809
1079837
1079807
1079772
1079751
1079713
1079711
1079692
1079656
1079644
1079591
1079566
1079544
1079496
1079493
1079483
1079478
1079469
1079437
1079433
1079447
1079497
1079570
1079589
1079595
1079615
1079631
1079663
1079650
1079623
1079607
1079559
1079550
1079562
1079558
1079537
1079518
1079534
1079552
1079590
1079591
1079549
1079567
1079610
1079665
1079717
1079752
1079807
1079819
1079781
1079749
1079703
1079678
1079704
1079681
1079651
1079666
1079682
1079759
1079820
1079803
1079774
1079739
1079735
1079757
1079782
1079858
1079919
1079917
1079908
1079829
1079761
1079775
1079750
1079713
1079699
1079705
1079723
1079729
1079732
1079735
1079723
1079724
1079743
1079718
1079742
1079783
1079769
1079803
1079822
1079838
1079884
1079889
1079853
1079742
1079641
1079607
1079612
1079632
1079597
1079545
1079467
1079389
1079407
1079501
1079658
1079775
1079754
1079713
1079695
1079672
1079642
1079570
1079523
1079508
1079508
1079547
1079539
1079562
1079602
1079554
1079470
1079389
1079416
1079441
1079421
1079465
1079479
1079529
1079574
1079575
1079623
1079630
1079679
1079747
1079718
1079712
1079732
1079762
1079782
1079773
1079788
1079781
1079778
1079764
1079715
1079706
1079659
1079588
1079582
1079597
1079629
1079693
1079732
1079758
1079797
1079813
1079831
1079819
1079767
1079731
1079740
1079785
1079789
1079784
1079786
1079759
1079738
1079709
1079672
1079641
1079645
1079669
1079684
1079730
1079763
1079769
1079780
1079775
1079793
1079812
1079821
1079826
1079793
1079742
1079648
1079579
1079602
1079683
1079795
1079908
1079997
1079944
1079801
1079686
1079563
1079505
1079521
1079551
1079602
1079669
1079741
1079783
1079753
1079736
1079761
1079752
1079754
1079737
1079686
1079643
1079554
1079503
1079517
1079516
1079542
1079569
1079554
1079550
1079539
1079508
1079494
1079494
1079507
1079508
1079500
1079502
1079515
1079504
1079441
1079397
1079363
1079322
1079301
1079309
1079350
1079384
1079416
1079423
1079425
1079413
1079341
1079304
1079288
1079262
1079243
1079249
1079294
1079323
1079361
1079402
1079412
1079389
1079317
1079199
1079054
1078990
1079068
1079254
1079457
1079584
1079595
1079463
1079278
1079140
1079066
1079110
1079300
1079520
1079651
1079695
1079647
1079526
1079390
1079318
1079342
1079400
1079465
1079462
1079403
1079343
1079244
1079191
1079178
1079181
1079227
1079239
1079264
1079289
1079283
1079315
1079374
1079424
1079442
1079457
1079445
1079403
1079391
1079351
1079319
1079341
1079366
1079404
1079433
1079462
1079481
1079482
1079476
1079434
1079414
1079404
1079413
1079478
1079547
1079624
1079672
1079672
1079611
1079520
1079516
1079528
1079542
1079599
1079610
1079580
1079499
1079371
1079323
1079395
1079508
1079614
1079700
1079709
1079673
1079614
1079519
1079455
1079402
1079392
1079402
1079359
1079363
1079416
1079459
1079499
1079502
1079483
1079486
1079480
1079514
1079587
1079616
1079667
1079689
1079610
1079584
1079618
1079645
1079692
1079699
1079627
1079572
1079573
1079595
1079612
1079592
1079575
1079585
1079564
1079527
1079491
1079462
1079467
1079511
1079556
1079540
1079540
1079588
1079632
1079671
1079661
1079629
1079634
1079678
1079693
1079672
1079673
1079651
1079627
1079628
1079639
1079653
1079649
1079637
1079614
1079576
1079509
1079464
1079475
1079466
1079472
1079491
1079442
1079426
1079466
1079476
1079480
1079467
1079470
1079472
1079460
1079482
1079463
1079427
1079387
1079374
1079374
1079335
1079355
1079398
1079433
1079431
1079383
1079350
1079333
1079347
1079337
1079319
1079332
1079364
1079401
1079387
1079360
1079350
1079356
1079368
1079366
1079351
1079340
1079349
1079357
1079376
1079376
1079353
1079346
1079328
1079328
1079329
1079321
1079342
1079353
1079368
1079381
1079350
1079325
1079317
1079297
1079285
1079289
1079323
1079350
1079358
1079399
1079439
1079478
1079530
1079577
1079643
1079677
1079670
1079683
1079692
1079678
1079658
1079653
1079655
1079639
1079628
1079635
1079656
1079714
1079753
1079748
1079736
1079713
1079654
1079624
1079698
1079751
1079749
1079770
1079795
1079831
1079822
1079767
1079728
1079698
1079697
1079713
1079716
1079719
1079749
1079804
1079832
1079810
1079758
1079751
1079808
1079866
1079899
1079910
1079910
1079901
1079880
1079841
1079810
1079812
1079837
1079846
1079853
1079892
1079898
1079857
1079800
1079743
1079709
1079671
1079680
1079717
1079729
1079767
1079799
1079815
1079834
1079877
1079923
1079921
1079926
1079913
1079877
1079864
1079875
1079893
1079876
1079890
1079913
1079884
1079874
1079849
1079815
1079813
1079797
1079802
1079811
1079769
1079769
1079799
1079806
1079839
1079848
1079851
1079862
1079827
1079764
1079717
1079684
1079674
1079722
1079754
1079763
1079801
1079822
1079799
1079763
1079737
1079692
1079699
1079758
1079743
1079743
1079782
1079769
1079749
1079733
1079685
1079629
1079618
1079621
1079625
1079646
1079642
1079671
1079690
1079663
1079681
1079692
1079674
1079668
1079657
1079637
1079606
1079601
1079657
1079700
1079718
1079741
1079774
1079797
1079774
1079779
1079801
1079778
1079752
1079748
1079752
1079727
1079691
1079685
1079708
1079704
1079668
1079647
1079624
1079652
1079694
1079682
1079683
1079671
1079653
1079654
1079635
1079618
1079623
1079659
1079669
1079627
1079594
1079568
1079532
1079497
1079482
1079494
1079509
1079530
1079539
1079499
1079494
1079487
1079464
1079516
1079543
1079557
1079583
1079588
1079591
1079539
1079523
1079518
1079471
1079487
1079492
1079498
1079517
1079503
1079525
1079530
1079547
1079592
1079567
1079539
1079517
1079487
1079478
1079453
1079433
1079435
1079450
1079497
1079531
1079539
1079571
1079581
1079556
1079563
1079579
1079573
1079546
1079557
1079575
1079556
1079563
1079554
1079547
1079566
