52925     
200.0
-55400
-55752
-55446
-55237
-55078
-54687
-55074
-55022
-54884
-55546
-55546
-55500
-55596
-55261
-55534
-55554
-55147
-55226
-54970
-54903
-55049
-55133
-55781
-55896
-55748
-55589
-55018
-54947
-54736
-54849
-55673
-55888
-56023
-55957
-55322
-54795
-54373
-54444
-54954
-55230
-55277
-55290
-55643
-55648
-55354
-55741
-55619
-55625
-55757
-55070
-55108
-54684
-54756
-55841
-55718
-55508
-54489
-54291
-55156
-55127
-56195
-55786
-55314
-55988
-54930
-55362
-55656
-55379
-55683
-54597
-54856
-55168
-55072
-55579
-54980
-55333
-55366
-54706
-55256
-55415
-55689
-55718
-55224
-55426
-55394
-55460
-55670
-55444
-55337
-54969
-54993
-55474
-55250
-55161
-54911
-54599
-55183
-55269
-55299
-55669
-55464
-55511
-55470
-55381
-55581
-55145
-55013
-55135
-55008
-55445
-55497
-55409
-55534
-55272
-55401
-55382
-55349
-55648
-55297
-55053
-55086
-54928
-55145
-55278
-55191
-55499
-55648
-55697
-55719
-55292
-55250
-55181
-54766
-54766
-54711
-55029
-55521
-55399
-55488
-55502
-55571
-55819
-55610
-55658
-55391
-55066
-55168
-54891
-55121
-55125
-54976
-55265
-54998
-55260
-55370
-55329
-55846
-55529
-55397
-55308
-55148
-55561
-55351
-55235
-55126
-54823
-55120
-55149
-55333
-55623
-55337
-55668
-56082
-55711
-55114
-54520
-54878
-55407
-55355
-55470
-54984
-54945
-55190
-55147
-56021
-55820
-55276
-55275
-54696
-55181
-55517
-55468
-55743
-54991
-54905
-55254
-55189
-55515
-55102
-54668
-54652
-54715
-55666
-56051
-55908
-56115
-55874
-55793
-55365
-54794
-54867
-54652
-54699
-54755
-55104
-55739
-55597
-55948
-55827
-55527
-55734
-55108
-55346
-55361
-55036
-55249
-54560
-54999
-55227
-54916
-55573
-55223
-55536
-55698
-55338
-56044
-55392
-55008
-55048
-54499
-55148
-55217
-55202
-55534
-55138
-55501
-55638
-55500
-55670
-55246
-55240
-55321
-55204
-55281
-54999
-55091
-55341
-55516
-55781
-55562
-55599
-55628
-55183
-54820
-54577
-54770
-55177
-55490
-55605
-55392
-55173
-55173
-55457
-55676
-55727
-55581
-55176
-54983
-54909
-54806
-55012
-55299
-55490
-55590
-55455
-55376
-55318
-55227
-55205
-55018
-55045
-55251
-55468
-55711
-55645
-55558
-55332
-55193
-55360
-55383
-55372
-55154
-55101
-55065
-54912
-55187
-55314
-55564
-55778
-55490
-55217
-54880
-54969
-55326
-55377
-55340
-54965
-55175
-55791
-55636
-55335
-54822
-54931
-55455
-55578
-56059
-55662
-55321
-55259
-54761
-55284
-55124
-54887
-55239
-54994
-55708
-55958
-55731
-55878
-54886
-54666
-54827
-54495
-54979
-55058
-55561
-55992
-55391
-55474
-55102
-54967
-55233
-54792
-55295
-55562
-55520
-55811
-55552
-55747
-55746
-55689
-55763
-55023
-54739
-54585
-54658
-55125
-55008
-55368
-55484
-55355
-55655
-55450
-55579
-55505
-55220
-55334
-55116
-55307
-55258
-55060
-55262
-55088
-55327
-55416
-55264
-55414
-55135
-55221
-55325
-55237
-55559
-55470
-55583
-55525
-54980
-55100
-55119
-55280
-55515
-55377
-55587
-55509
-55474
-55314
-54753
-54836
-54920
-55223
-55513
-55310
-55520
-55424
-55401
-55570
-55386
-55529
-55221
-54826
-54879
-54852
-55236
-55537
-55532
-55616
-55540
-55573
-55623
-55428
-55241
-55000
-54921
-55027
-54877
-54927
-55178
-55154
-55320
-55643
-55710
-55671
-55575
-55379
-55195
-55136
-55074
-54997
-55114
-55309
-55465
-55497
-55279
-55046
-55041
-55317
-55601
-55656
-55536
-55212
-55107
-55259
-55403
-55631
-55573
-55351
-55117
-54882
-54943
-55228
-55577
-55545
-55381
-55270
-55097
-55235
-55392
-55543
-55355
-54915
-54944
-55089
-55393
-55369
-55068
-55308
-55481
-55561
-55523
-55353
-55318
-55099
-55179
-55356
-55266
-55238
-55097
-55283
-55662
-55722
-55630
-55302
-55076
-55052
-54976
-55008
-55162
-55230
-55307
-55236
-54993
-55243
-55804
-56362
-56124
-55599
-55800
-55462
-55105
-54282
-53193
-53563
-54438
-55923
-56591
-56284
-56408
-55922
-56183
-56179
-55021
-54584
-53917
-54042
-54944
-55337
-55799
-55254
-55126
-55572
-55221
-55447
-55363
-55467
-55891
-55416
-55517
-55325
-54886
-54940
-54826
-55329
-55428
-55323
-55591
-55438
-55575
-55240
-54855
-55084
-55023
-55410
-55617
-55574
-55705
-55252
-55218
-55211
-55104
-55486
-55374
-55418
-55424
-55169
-55353
-55150
-55132
-55369
-55231
-55301
-55226
-55214
-55382
-55358
-55495
-55313
-55126
-55218
-54988
-55107
-55238
-55071
-55284
-55348
-55476
-55654
-55524
-55509
-55273
-55272
-55405
-55273
-55496
-55409
-55203
-55212
-55077
-55130
-55050
-55177
-55498
-55506
-55539
-55352
-55298
-55479
-55470
-55418
-55296
-55323
-55193
-54994
-55054
-54952
-55054
-55270
-55373
-55534
-55411
-55185
-55043
-55110
-55422
-55555
-55496
-55322
-55178
-55223
-55283
-55294
-55313
-55313
-55219
-55051
-55026
-55246
-55360
-55524
-55689
-55487
-55544
-55422
-55029
-55029
-54895
-55193
-55627
-55656
-55845
-55435
-55090
-55081
-54914
-55369
-55491
-55395
-55472
-55034
-55051
-55173
-55216
-55455
-55266
-55363
-55419
-55318
-55353
-55047
-55181
-55441
-55646
-55779
-55421
-55386
-55120
-54857
-54980
-54982
-55488
-55632
-55513
-55633
-55342
-55244
-55153
-55024
-55168
-55215
-55184
-55215
-55532
-55772
-55569
-55068
-54684
-55051
-55708
-55603
-54884
-54361
-54438
-55193
-55877
-55994
-55756
-55293
-55294
-55524
-55551
-55707
-55483
-55169
-55056
-54754
-54929
-55263
-55454
-55754
-55436
-55165
-55109
-54985
-55401
-55486
-55342
-55281
-55092
-55287
-55389
-55378
-55182
-55019
-55336
-55345
-55395
-55302
-54958
-55135
-55213
-55512
-55764
-55419
-55365
-55291
-55320
-55356
-55104
-55280
-55265
-55253
-55460
-55349
-55577
-55531
-55228
-55245
-54952
-54914
-55001
-55103
-55555
-55648
-55603
-55378
-55050
-55096
-55205
-55432
-55508
-55419
-55380
-55196
-55102
-55116
-55221
-55401
-55475
-55491
-55422
-55261
-55133
-55125
-55200
-55467
-55712
-55666
-55523
-55173
-55013
-55172
-55164
-55343
-55419
-55345
-55433
-55228
-55219
-55170
-54952
-55312
-55454
-55554
-55688
-55366
-55333
-55117
-54913
-55001
-54876
-55185
-55255
-55251
-55679
-55619
-55655
-55535
-55167
-55275
-55201
-55198
-55187
-55032
-55208
-55153
-55205
-55415
-55398
-55583
-55591
-55539
-55501
-55186
-55110
-55139
-55322
-55603
-55509
-55366
-55208
-55142
-55212
-55171
-55270
-55415
-55485
-55532
-55383
-55188
-55067
-54937
-54960
-55122
-55218
-55316
-55391
-55512
-55725
-55706
-55572
-55431
-55179
-55033
-54913
-54896
-55094
-55210
-55453
-55610
-55527
-55579
-55430
-55288
-55171
-54991
-55215
-55254
-55256
-55426
-55311
-55354
-55289
-55211
-55314
-55118
-55151
-55255
-55302
-55476
-55292
-55327
-55464
-55350
-55373
-55114
-55003
-55084
-55030
-55381
-55555
-55641
-55761
-55407
-55302
-55170
-54943
-55003
-55010
-55359
-55539
-55438
-55457
-55285
-55460
-55628
-55569
-55572
-55274
-55120
-54940
-54789
-55085
-55206
-55301
-55337
-55246
-55419
-55414
-55417
-55526
-55447
-55531
-55444
-55379
-55498
-55311
-55255
-55116
-55009
-55172
-55081
-55222
-55357
-55328
-55445
-55292
-55278
-55308
-55217
-55373
-55317
-55286
-55438
-55407
-55480
-55436
-55277
-55258
-55132
-55165
-55267
-55254
-55290
-55210
-55248
-55393
-55416
-55411
-55283
-55153
-55118
-55114
-55192
-55227
-55125
-55200
-55422
-55468
-55554
-55626
-55544
-55413
-55141
-55029
-55081
-55057
-55172
-55276
-55391
-55552
-55540
-55538
-55366
-55123
-55097
-55124
-55259
-55274
-55237
-55288
-55264
-55380
-55408
-55345
-55340
-55237
-55239
-55227
-55217
-55321
-55306
-55319
-55317
-55249
-55255
-55234
-55287
-55322
-55314
-55380
-55361
-55329
-55337
-55401
-55440
-55395
-55422
-55470
-55482
-55404
-55257
-55109
-54978
-54979
-55088
-55218
-55297
-55369
-55403
-55347
-55404
-55511
-55574
-55529
-55346
-55240
-55126
-54968
-54861
-54847
-55070
-55298
-55416
-55569
-55689
-55718
-55551
-55351
-55272
-55209
-55252
-55246
-55143
-55160
-55153
-55133
-55223
-55251
-55255
-55289
-55244
-55256
-55323
-55363
-55399
-55348
-55324
-55384
-55370
-55271
-55179
-55137
-55164
-55301
-55385
-55353
-55339
-55312
-55348
-55402
-55384
-55335
-55249
-55242
-55199
-55208
-55307
-55259
-55287
-55286
-55306
-55418
-55364
-55448
-55484
-55442
-55486
-55317
-55184
-55033
-54928
-55056
-55125
-55303
-55436
-55485
-55606
-55528
-55410
-55258
-55149
-55161
-55154
-55327
-55444
-55460
-55432
-55191
-55077
-55048
-55010
-55100
-55200
-55432
-55665
-55656
-55591
-55515
-55384
-55280
-55183
-55194
-55335
-55292
-55120
-54990
-54909
-54876
-54897
-55179
-55502
-55661
-55726
-55627
-55542
-55383
-55298
-55349
-55197
-55092
-54986
-54910
-54990
-55081
-55322
-55376
-55329
-55444
-55459
-55551
-55540
-55334
-55156
-55059
-55280
-55462
-55511
-55628
-55591
-55511
-55319
-55114
-55031
-54908
-55034
-55242
-55387
-55518
-55405
-55325
-55217
-55043
-55035
-55012
-55159
-55364
-55504
-55685
-55588
-55416
-55240
-55106
-55207
-55228
-55354
-55490
-55440
-55492
-55410
-55310
-55238
-55084
-55112
-55068
-55072
-55237
-55269
-55350
-55346
-55322
-55422
-55421
-55515
-55506
-55360
-55391
-55314
-55166
-54983
-54779
-54819
-54905
-55059
-55282
-55427
-55616
-55641
-55555
-55506
-55457
-55478
-55362
-55244
-55225
-55143
-55132
-55158
-55266
-55414
-55464
-55480
-55398
-55300
-55200
-55135
-55181
-55201
-55347
-55474
-55384
-55236
-55006
-54971
-55129
-55342
-55644
-55675
-55580
-55412
-55203
-55221
-55150
-55163
-55207
-55143
-55266
-55234
-55233
-55292
-55240
-55400
-55365
-55161
-55010
-54965
-55302
-55546
-55718
-55839
-55569
-55354
-55122
-54914
-55068
-55178
-55274
-55393
-55329
-55268
-55217
-55241
-55361
-55436
-55399
-55261
-55123
-54977
-55041
-55270
-55509
-55847
-55913
-55658
-55246
-54785
-54598
-54676
-55007
-55413
-55614
-55696
-55580
-55348
-55223
-55112
-55148
-55299
-55438
-55654
-55586
-55400
-55306
-55045
-54984
-54997
-54963
-55088
-55163
-55362
-55607
-55748
-55802
-55637
-55354
-55022
-54950
-55046
-55049
-55146
-55199
-55267
-55320
-55227
-55252
-55347
-55453
-55490
-55405
-55350
-55335
-55444
-55617
-55662
-55547
-55294
-55014
-54819
-54776
-54875
-55183
-55466
-55539
-55564
-55345
-55174
-55192
-55183
-55492
-55675
-55674
-55729
-55496
-55358
-55139
-54779
-54631
-54541
-54844
-55140
-55306
-55624
-55703
-55942
-55981
-55640
-55358
-54912
-54954
-55216
-55261
-55322
-55046
-54976
-55057
-55079
-55337
-55445
-55637
-55763
-55631
-55609
-55408
-55087
-54811
-54613
-54783
-55115
-55386
-55661
-55792
-55774
-55574
-55096
-54724
-54629
-54785
-55211
-55668
-56016
-56023
-55626
-55254
-55022
-54897
-54992
-55102
-55273
-55567
-55618
-55568
-55345
-54900
-54796
-54940
-55240
-55634
-55823
-55919
-55687
-55239
-54986
-54734
-54699
-54848
-55024
-55411
-55677
-55852
-55849
-55531
-55239
-54961
-54896
-55017
-55312
-55754
-55899
-55893
-55644
-55242
-54946
-54583
-54450
-54531
-54847
-55415
-55924
-56317
-56255
-55947
-55603
-55017
-54658
-54539
-54578
-54857
-55049
-55287
-55473
-55478
-55572
-55641
-55685
-55639
-55476
-55342
-55143
-54994
-54961
-55028
-55151
-55259
-55389
-55391
-55422
-55531
-55559
-55565
-55443
-55315
-55191
-54992
-54993
-55060
-55015
-55014
-55050
-55118
-55279
-55469
-55588
-55556
-55391
-55224
-55184
-55323
-55459
-55498
-55509
-55450
-55341
-55285
-55354
-55414
-55346
-55217
-55124
-55092
-55068
-55144
-55258
-55399
-55513
-55493
-55590
-55543
-55328
-55198
-55010
-55000
-55096
-55278
-55546
-55539
-55483
-55351
-55136
-55140
-55236
-55524
-55725
-55503
-55237
-54903
-54701
-54770
-54822
-55135
-55519
-55770
-55831
-55481
-55145
-54905
-54886
-55068
-55172
-55521
-55785
-55945
-56023
-55687
-55451
-55141
-54875
-54848
-54671
-54786
-54972
-55238
-55626
-55577
-55516
-55311
-55068
-55114
-55073
-55312
-55620
-55788
-55939
-55793
-55611
-55292
-54903
-54763
-54693
-54839
-55096
-55275
-55511
-55667
-55630
-55486
-55315
-55191
-55170
-55285
-55477
-55641
-55686
-55566
-55376
-55129
-54856
-54713
-54683
-54836
-55126
-55346
-55620
-55824
-55815
-55663
-55348
-55087
-54902
-54892
-55151
-55426
-55742
-55893
-55803
-55638
-55216
-54721
-54333
-54146
-54347
-54752
-55348
-55950
-56305
-56530
-56458
-56162
-55649
-54942
-54449
-54099
-54090
-54394
-54778
-55370
-55701
-55861
-55993
-55949
-56015
-55963
-55916
-55848
-55370
-54881
-54541
-54375
-54455
-54573
-54802
-55103
-55400
-55707
-55814
-55846
-55833
-55716
-55748
-55674
-55467
-55327
-55075
-54967
-54915
-54812
-54838
-54762
-54853
-55044
-55214
-55553
-55640
-55756
-55850
-55594
-55432
-55238
-55147
-55159
-54943
-54879
-54903
-54956
-55116
-55276
-55638
-55917
-55979
-55936
-55645
-55331
-54988
-54795
-54881
-54906
-55097
-55329
-55447
-55629
-55612
-55514
-55390
-55221
-55226
-55255
-55289
-55299
-55198
-55048
-54933
-55034
-55099
-55089
-55235
-55377
-55573
-55724
-55709
-55661
-55499
-55299
-55059
-54827
-54756
-54757
-54942
-55226
-55401
-55598
-55723
-55742
-55776
-55725
-55640
-55451
-55137
-54995
-54911
-54861
-54956
-55012
-55107
-55200
-55248
-55378
-55443
-55417
-55323
-55341
-55590
-55733
-55711
-55585
-55389
-55166
-54793
-54454
-54350
-54542
-54953
-55313
-55631
-55962
-56289
-56402
-56102
-55710
-55298
-54859
-54633
-54532
-54526
-54612
-54733
-54994
-55285
-55502
-55669
-55819
-55974
-55999
-55883
-55719
-55636
-55558
-55280
-55046
-54848
-54588
-54439
-54306
-54406
-54804
-55260
-55816
-56175
-56323
-56261
-55809
-55470
-55183
-54827
-54618
-54540
-54870
-55221
-55511
-55847
-55708
-55360
-54991
-54838
-55000
-55099
-55283
-55466
-55883
-56340
-56319
-56124
-55494
-54781
-54320
-53820
-53819
-54145
-54701
-55530
-55987
-56335
-56595
-56552
-56328
-55770
-55381
-55154
-54711
-54352
-54088
-54094
-54375
-54707
-55149
-55649
-56154
-56391
-56454
-56324
-55855
-55471
-55000
-54644
-54677
-54731
-54953
-55091
-55155
-55309
-55245
-55213
-55105
-55104
-55451
-55715
-56030
-56093
-55722
-55297
-54854
-54717
-54862
-55072
-55392
-55625
-55574
-55207
-54808
-54624
-54707
-55060
-55493
-55879
-56032
-55857
-55574
-55316
-55112
-54956
-54892
-54995
-55156
-55280
-55417
-55508
-55495
-55418
-55252
-55235
-55432
-55553
-55608
-55535
-55376
-55257
-55032
-54858
-54790
-54768
-54933
-55099
-55221
-55432
-55567
-55664
-55740
-55748
-55810
-55742
-55525
-55234
-54885
-54821
-54901
-54951
-55115
-55182
-55152
-55022
-54865
-55019
-55281
-55587
-55970
-56031
-55785
-55454
-55129
-54982
-55056
-55188
-55266
-55301
-55225
-55194
-55367
-55510
-55617
-55589
-55407
-55344
-55188
-55008
-54942
-54876
-54955
-55074
-55259
-55517
-55607
-55499
-55245
-55102
-55200
-55306
-55470
-55721
-55670
-55420
-55274
-55169
-55059
-54862
-54852
-55124
-55361
-55588
-55670
-55634
-55543
-55268
-55142
-55165
-55192
-55241
-55197
-55302
-55478
-55439
-55312
-55100
-54893
-54816
-54820
-54980
-55296
-55653
-55868
-55860
-55808
-55687
-55445
-55206
-55045
-54975
-54805
-54725
-55013
-55274
-55500
-55752
-55741
-55636
-55459
-55258
-55185
-55082
-55053
-55033
-55034
-55096
-55073
-55234
-55326
-55384
-55619
-55581
-55572
-55484
-55238
-55281
-55197
-55113
-55106
-54995
-55085
-55157
-55295
-55435
-55416
-55508
-55518
-55543
-55523
-55392
-55435
-55430
-55411
-55357
-55153
-54999
-54844
-54812
-54929
-55051
-55220
-55380
-55545
-55532
-55465
-55510
-55338
-55287
-55450
-55489
-55564
-55638
-55673
-55610
-55315
-54986
-54718
-54621
-54671
-54663
-54892
-55274
-55499
-55748
-55861
-55873
-55862
-55692
-55562
-55351
-55097
-54958
-54812
-54761
-54740
-54827
-55046
-55223
-55509
-55752
-55844
-55768
-55509
-55335
-55124
-54989
-55090
-55205
-55451
-55602
-55547
-55451
-55151
-54864
-54644
-54486
-54571
-54807
-55248
-55737
-56108
-56361
-56340
-56154
-55780
-55272
-54866
-54496
-54417
-54570
-54739
-55075
-55243
-55360
-55547
-55590
-55831
-55956
-55940
-55916
-55507
-55283
-55107
-54863
-54920
-54752
-54789
-54944
-54978
-55336
-55368
-55405
-55389
-55060
-55200
-55239
-55436
-55827
-55835
-56013
-55826
-55527
-55328
-54873
-54823
-54644
-54596
-54894
-54936
-55307
-55465
-55468
-55668
-55537
-55610
-55521
-55249
-55191
-54907
-54942
-55093
-55195
-55507
-55528
-55595
-55571
-55395
-55370
-55161
-55164
-55154
-55016
-55127
-55103
-55224
-55350
-55308
-55419
-55318
-55237
-55191
-55099
-55267
-55343
-55457
-55555
-55471
-55493
-55359
-55237
-55222
-55182
-55336
-55393
-55436
-55539
-55451
-55373
-55203
-55015
-54969
-54945
-55089
-55262
-55416
-55586
-55557
-55466
-55352
-55192
-55206
-55278
-55320
-55385
-55320
-55180
-55076
-55044
-55147
-55263
-55357
-55371
-55244
-55169
-55162
-55192
-55256
-55305
-55387
-55461
-55507
-55546
-55618
-55667
-55605
-55447
-55163
-54891
-54744
-54752
-54936
-55154
-55426
-55674
-55737
-55662
-55491
-55297
-55115
-55030
-55078
-55199
-55382
-55490
-55501
-55484
-55480
-55457
-55318
-55177
-55022
-54888
-54930
-55080
-55289
-55445
-55550
-55541
-55444
-55441
-55278
-55131
-55144
-55098
-55116
-55081
-55112
-55290
-55359
-55476
-55519
-55454
-55455
-55340
-55223
-55112
-55059
-55281
-55488
-55604
-55598
-55475
-55342
-55004
-54775
-54756
-54735
-54956
-55238
-55509
-55761
-55820
-55888
-55754
-55469
-55220
-54898
-54827
-54796
-54755
-54997
-55235
-55543
-55762
-55737
-55794
-55670
-55369
-55182
-55046
-55086
-55202
-55273
-55368
-55318
-55183
-55029
-54897
-54993
-55203
-55475
-55832
-56020
-55957
-55687
-55313
-55061
-54919
-54884
-54952
-55009
-55070
-55066
-55071
-55151
-55241
-55351
-55413
-55494
-55499
-55509
-55614
-55536
-55466
-55334
-55099
-55026
-54878
-54865
-55090
-55422
-55780
-55728
-55622
-55538
-55226
-55040
-54847
-54833
-55062
-55217
-55458
-55537
-55497
-55442
-55242
-55238
-55255
-55221
-55337
-55420
-55533
-55481
-55308
-55267
-55110
-55019
-54901
-54693
-54747
-54844
-55134
-55554
-55849
-56149
-56127
-55909
-55607
-55190
-54914
-54634
-54488
-54475
-54588
-54962
-55252
-55567
-55870
-55974
-56037
-55906
-55729
-55510
-55093
-54792
-54567
-54527
-54707
-54878
-55260
-55603
-55782
-55860
-55654
-55438
-55166
-54932
-54984
-55083
-55232
-55357
-55512
-55725
-55800
-55816
-55669
-55406
-55076
-54730
-54686
-54834
-55112
-55334
-55340
-55415
-55446
-55418
-55421
-55342
-55355
-55351
-55267
-55251
-55131
-55049
-55018
-55017
-55209
-55302
-55434
-55567
-55473
-55400
-55184
-55065
-55164
-55216
-55373
-55427
-55463
-55512
-55359
-55330
-55294
-55225
-55301
-55263
-55277
-55348
-55294
-55278
-55259
-55248
-55259
-55172
-55112
-55108
-55116
-55193
-55261
-55318
-55378
-55447
-55537
-55518
-55456
-55242
-54917
-54846
-54848
-54937
-55144
-55219
-55368
-55610
-55832
-55960
-55871
-55724
-55500
-55228
-54997
-54823
-54846
-54921
-55006
-55073
-54974
-54874
-54883
-55056
-55389
-55793
-56122
-56118
-55915
-55631
-55206
-54916
-54847
-54849
-54921
-55066
-55244
-55400
-55564
-55597
-55463
-55404
-55273
-55125
-55194
-55362
-55534
-55505
-55349
-55227
-55126
-55117
-55098
-55154
-55273
-55334
-55416
-55398
-55389
-55465
-55491
-55546
-55517
-55374
-55262
-55127
-55023
-55063
-55141
-55200
-55303
-55387
-55387
-55327
-55221
-55147
-55183
-55300
-55401
-55416
-55392
-55318
-55233
-55191
-55084
-55076
-55210
-55332
-55441
-55353
-55223
-55250
-55290
-55416
-55501
-55509
-55507
-55307
-55089
-54941
-54807
-54844
-55044
-55390
-55710
-55874
-55892
-55682
-55435
-55205
-55033
-54982
-54855
-54822
-54942
-55138
-55448
-55651
-55795
-55837
-55646
-55418
-55160
-54944
-54865
-54938
-55138
-55291
-55453
-55565
-55562
-55473
-55301
-55233
-55206
-55238
-55401
-55484
-55440
-55285
-55056
-54865
-54790
-54828
-54990
-55268
-55567
-55820
-55893
-55785
-55524
-55192
-54995
-54905
-55020
-55270
-55378
-55420
-55346
-55226
-55185
-55171
-55296
-55445
-55480
-55465
-55399
-55345
-55277
-55108
-55004
-55024
-55102
-55295
-55445
-55552
-55611
-55462
-55340
-55250
-55185
-55210
-55207
-55294
-55369
-55447
-55558
-55491
-55408
-55282
-55129
-55086
-55013
-55029
-55071
-55124
-55256
-55287
-55387
-55439
-55386
-55408
-55386
-55458
-55481
-55400
-55315
-55093
-54929
-54799
-54771
-54967
-55199
-55524
-55794
-55898
-55910
-55703
-55411
-55113
-54846
-54782
-54819
-54953
-55169
-55377
-55586
-55650
-55621
-55573
-55424
-55314
-55256
-55208
-55182
-55084
-55021
-55042
-55122
-55290
-55454
-55633
-55746
-55743
-55673
-55483
-55234
-54913
-54695
-54701
-54785
-55082
-55392
-55595
-55808
-55771
-55627
-55424
-55148
-55067
-55029
-55077
-55212
-55226
-55229
-55218
-55191
-55214
-55265
-55308
-55335
-55378
-55378
-55319
-55254
-55194
-55163
-55167
-55210
-55318
-55429
-55455
-55396
-55310
-55276
-55343
-55444
-55478
-55494
-55469
-55376
-55287
-55199
-55199
-55238
-55281
-55350
-55303
-55191
-55060
-54981
-54983
-55021
-55185
-55324
-55419
-55504
-55482
-55508
-55534
-55540
-55571
-55517
-55428
-55219
-54961
-54848
-54788
-54845
-55040
-55255
-55452
-55543
-55596
-55567
-55467
-55473
-55465
-55438
-55395
-55352
-55366
-55291
-55258
-55185
-55026
-54967
-54859
-54897
-55099
-55269
-55493
-55616
-55624
-55508
-55291
-55136
-55011
-55033
-55189
-55353
-55539
-55637
-55582
-55442
-55246
-55064
-55037
-55062
-55078
-55211
-55353
-55414
-55411
-55448
-55550
-55520
-55390
-55230
-55050
-55040
-55144
-55236
-55362
-55418
-55399
-55428
-55455
-55440
-55346
-55193
-55095
-55030
-55059
-55196
-55316
-55450
-55599
-55668
-55598
-55483
-55340
-55154
-55087
-55067
-55051
-55115
-55163
-55201
-55239
-55247
-55270
-55333
-55455
-55561
-55600
-55587
-55461
-55280
-55133
-54995
-54921
-54972
-55162
-55390
-55517
-55561
-55485
-55363
-55258
-55161
-55203
-55229
-55218
-55243
-55142
-55081
-55089
-55139
-55251
-55247
-55364
-55534
-55560
-55657
-55569
-55419
-55332
-55086
-55045
-55029
-55061
-55334
-55464
-55596
-55551
-55335
-55217
-55063
-55141
-55264
-55327
-55453
-55432
-55428
-55390
-55320
-55330
-55291
-55320
-55248
-55037
-54983
-55018
-55156
-55298
-55321
-55384
-55409
-55423
-55402
-55244
-55191
-55287
-55438
-55509
-55428
-55285
-55111
-55120
-55293
-55443
-55557
-55502
-55330
-55138
-54981
-54964
-55081
-55298
-55454
-55490
-55475
-55397
-55340
-55307
-55281
-55260
-55204
-55177
-55165
-55179
-55209
-55234
-55289
-55304
-55295
-55268
-55205
-55236
-55314
-55394
-55546
-55630
-55555
-55394
-55182
-54966
-54847
-54857
-54937
-55061
-55191
-55329
-55451
-55481
-55461
-55405
-55417
-55505
-55505
-55443
-55375
-55333
-55247
-55168
-55171
-55149
-55161
-55163
-55172
-55245
-55298
-55416
-55513
-55587
-55641
-55537
-55436
-55282
-55101
-55070
-55081
-55157
-55209
-55252
-55310
-55267
-55258
-55221
-55249
-55403
-55503
-55598
-55535
-55422
-55347
-55210
-55235
-55262
-55264
-55296
-55222
-55201
-55134
-55086
-55145
-55177
-55241
-55231
-55248
-55333
-55354
-55440
-55495
-55493
-55489
-55432
-55416
-55345
-55222
-55147
-55058
-55098
-55194
-55241
-55330
-55335
-55301
-55347
-55410
-55486
-55507
-55463
-55416
-55316
-55236
-55166
-55115
-55148
-55119
-55098
-55074
-55030
-55125
-55257
-55392
-55490
-55515
-55478
-55377
-55351
-55345
-55322
-55319
-55258
-55190
-55177
-55210
-55292
-55406
-55512
-55563
-55539
-55472
-55382
-55232
-55089
-54961
-54861
-54845
-54828
-54978
-55273
-55499
-55700
-55754
-55706
-55645
-55497
-55377
-55218
-55036
-54960
-54991
-55159
-55262
-55300
-55370
-55359
-55382
-55412
-55411
-55385
-55236
-55164
-55163
-55192
-55304
-55371
-55488
-55531
-55476
-55512
-55465
-55476
-55495
-55343
-55278
-55114
-54904
-54802
-54729
-54914
-55156
-55418
-55681
-55721
-55781
-55646
-55402
-55312
-55151
-55120
-55038
-54933
-55063
-55112
-55255
-55406
-55438
-55584
-55519
-55383
-55321
-55217
-55275
-55267
-55280
-55352
-55239
-55203
-55213
-55299
-55417
-55387
-55384
-55289
-55233
-55289
-55265
-55335
-55360
-55335
-55349
-55246
-55237
-55305
-55374
-55517
-55544
-55538
-55453
-55250
-55144
-55012
-54957
-55014
-55042
-55178
-55275
-55299
-55401
-55458
-55468
-55459
-55421
-55361
-55285
-55232
-55144
-55099
-55122
-55226
-55424
-55465
-55442
-55395
-55253
-55239
-55186
-55143
-55251
-55314
-55387
-55406
-55371
-55311
-55235
-55301
-55329
-55349
-55373
-55332
-55376
-55310
-55171
-55071
-54959
-54998
-55133
-55333
-55504
-55554
-55621
-55565
-55450
-55344
-55206
-55155
-55081
-55141
-55305
-55319
-55361
-55347
-55302
-55324
-55310
-55379
-55431
-55463
-55521
-55419
-55263
-55100
-55004
-55083
-55182
-55286
-55344
-55327
-55273
-55190
-55185
-55197
-55250
-55370
-55421
-55507
-55598
-55538
-55406
-55211
-55015
-54913
-54920
-55009
-55076
-55216
-55393
-55482
-55509
-55394
-55270
-55240
-55201
-55248
-55330
-55355
-55379
-55343
-55321
-55329
-55292
-55322
-55372
-55421
-55475
-55445
-55413
-55345
-55220
-55117
-55033
-55040
-55080
-55133
-55249
-55360
-55454
-55516
-55545
-55518
-55467
-55433
-55326
-55226
-55176
-55138
-55194
-55282
-55332
-55407
-55483
-55529
-55522
-55406
-55242
-55079
-54914
-54856
-54913
-54991
-55145
-55285
-55339
-55471
-55567
-55581
-55599
-55558
-55524
-55459
-55332
-55218
-55093
-55000
-54970
-54977
-55016
-55143
-55384
-55669
-55851
-55802
-55580
-55276
-55034
-55001
-55062
-55152
-55304
-55435
-55526
-55546
-55463
-55324
-55166
-55088
-55068
-55079
-55106
-55031
-55064
-55222
-55329
-55524
-55634
-55565
-55400
-55184
-55194
-55347
-55550
-55750
-55748
-55609
-55279
-54906
-54692
-54611
-54820
-55188
-55600
-55958
-55939
-55658
-55260
-54969
-54990
-55011
-55134
-55327
-55323
-55420
-55455
-55418
-55480
-55413
-55457
-55440
-55268
-55194
-55035
-55043
-55139
-55204
-55377
-55381
-55429
-55446
-55323
-55323
-55218
-55199
-55235
-55211
-55339
-55260
-55171
-55184
-55164
-55342
-55410
-55513
-55674
-55513
-55264
-54933
-54770
-54975
-55217
-55514
-55676
-55565
-55362
-55076
-54892
-54889
-55085
-55522
-55869
-55955
-55816
-55489
-55044
-54639
-54592
-54825
-55212
-55658
-55865
-55914
-55695
-55303
-55139
-55051
-55169
-55344
-55391
-55474
-55241
-55029
-54929
-54767
-54919
-55068
-55294
-55523
-55589
-55812
-55754
-55630
-55377
-54846
-54675
-54497
-54609
-55039
-55366
-55875
-56025
-56142
-56146
-55642
-55318
-54857
-54628
-54743
-54839
-55352
-55599
-55651
-55710
-55471
-55373
-55132
-54922
-55021
-55196
-55558
-55750
-55740
-55520
-55026
-54720
-54631
-54769
-55083
-55352
-55604
-55732
-55738
-55722
-55600
-55336
-55013
-54765
-54658
-54739
-55100
-55546
-55873
-55970
-55745
-55451
-55132
-54964
-55064
-55163
-55415
-55555
-55480
-55421
-55217
-55075
-54951
-54873
-54967
-55030
-55245
-55481
-55634
-55783
-55780
-55740
-55537
-55195
-54939
-54743
-54760
-54958
-55246
-55526
-55623
-55519
-55234
-55069
-55061
-55114
-55278
-55316
-55382
-55498
-55495
-55549
-55456
-55236
-55076
-54947
-55024
-55248
-55482
-55592
-55558
-55430
-55222
-55199
-55250
-55271
-55294
-55266
-55307
-55328
-55377
-55324
-55183
-55136
-54932
-54959
-55187
-55361
-55647
-55633
-55547
-55467
-55198
-55064
-54893
-54913
-55124
-55258
-55626
-55751
-55594
-55486
-55219
-55181
-55213
-55201
-55334
-55217
-55237
-55355
-55289
-55272
-55112
-55218
-55406
-55299
-55334
-55295
-55297
-55344
-55263
-55306
-55227
-55111
-55067
-55103
-55263
-55330
-55516
-55589
-55512
-55565
-55385
-55292
-55250
-55024
-55066
-55061
-55115
-55367
-55381
-55488
-55603
-55512
-55467
-55348
-55273
-55240
-55148
-55186
-55197
-55157
-55194
-55252
-55263
-55243
-55298
-55325
-55403
-55550
-55443
-55313
-55254
-55121
-55141
-55108
-55148
-55377
-55408
-55502
-55551
-55381
-55256
-55036
-54958
-55082
-55090
-55190
-55303
-55363
-55590
-55707
-55711
-55605
-55273
-55108
-55032
-54993
-55142
-55224
-55316
-55507
-55638
-55483
-55085
-54884
-54905
-55045
-55149
-55159
-55258
-55256
-55345
-55673
-55964
-56072
-55750
-55340
-55130
-54949
-54949
-55023
-55077
-55092
-54980
-55014
-55254
-55622
-55870
-55733
-55481
-55100
-54785
-54837
-55063
-55677
-56053
-55586
-55012
-54754
-55062
-55547
-55556
-55313
-54893
-54694
-55049
-55485
-55908
-56050
-55593
-55189
-55091
-55161
-55349
-55257
-55154
-55191
-54977
-54983
-55223
-55355
-55619
-55599
-55446
-55396
-55113
-55173
-55297
-55265
-55324
-55121
-55229
-55385
-55231
-55204
-54978
-54918
-55155
-55483
-55917
-55883
-55606
-55405
-55232
-55229
-55152
-55017
-54993
-55051
-55172
-55228
-55270
-55350
-55318
-55295
-55397
-55487
-55579
-55550
-55458
-55342
-55110
-54984
-54846
-54957
-55221
-55352
-55741
-55805
-55665
-55462
-55078
-55152
-55052
-55075
-55194
-55060
-55506
-55686
-55762
-55675
-55052
-54933
-54665
-54765
-55212
-55279
-55828
-55848
-55663
-55687
-55289
-55377
-55225
-55014
-55157
-54925
-55086
-55170
-55173
-55293
-54983
-55091
-55124
-55124
-55548
-55641
-55873
-55845
-55499
-55452
-55251
-55273
-55240
-55049
-55084
-54864
-54945
-55184
-55230
-55501
-55373
-55197
-55254
-55104
-55328
-55573
-55687
-55842
-55462
-55246
-55169
-54925
-55014
-54996
-55173
-55439
-55361
-55531
-55593
-55517
-55393
-55035
-54958
-54967
-55059
-55287
-55316
-55367
-55244
-55097
-55135
-55237
-55661
-55815
-55682
-55531
-55164
-55013
-54950
-55045
-55062
-54957
-55365
-55855
-56210
-55817
-55212
-55054
-54601
-54513
-54491
-54858
-55872
-56443
-56785
-56301
-55604
-55059
-54401
-54485
-54377
-54493
-54832
-54716
-55139
-55430
-55966
-56635
-56429
-56146
-55138
-54358
-54443
-54300
-54935
-55148
-54915
-55274
-55478
-56464
-56656
-56061
-55713
-54653
-54445
-53846
-53560
-54757
-55313
-56410
-56771
-56430
-56484
-55727
-55600
-55091
-54311
-54066
-53553
-53955
-54347
-55165
-56575
-57129
-57493
-56669
-55387
-54593
-53811
-54143
-54464
-54811
-55467
-55442
-55830
-55979
-55886
-56032
-55520
-55236
-54918
-54410
-54304
-54289
-54772
-55270
-55646
-56118
-56328
-56353
-55782
-55094
-54712
-54451
-54551
-54774
-55190
-55682
-55941
-55916
-55685
-55496
-55192
-54904
-54750
-54742
-54874
-54882
-55164
-55640
-55755
-56041
-56102
-55799
-55745
-55100
-54738
-54627
-54378
-54863
-54718
-55060
-55769
-55728
-56053
-55665
-55713
-55890
-55071
-54911
-54641
-54847
-55174
-54824
-55258
-55392
-55589
-55951
-55697
-55838
-55575
-55105
-54805
-54240
-54299
-54855
-55346
-55879
-56282
-56576
-56798
-55857
-54417
-53668
-53514
-54260
-54829
-55438
-56052
-55929
-55953
-55583
-55675
-55748
-55145
-55298
-54972
-55056
-55473
-55193
-55234
-54684
-54615
-54908
-55010
-55832
-55873
-55820
-55688
-55031
-55063
-54999
-55175
-55539
-55660
-56207
-56323
-55971
-55122
-53599
-53096
-53727
-54780
-56340
-57140
-57108
-56684
-55584
-54987
-54433
-54020
-54382
-54389
-54992
-55670
-56004
-56488
-55993
-55620
-55227
-54827
-55024
-54885
-55145
-55127
-54797
-54912
-54919
-55417
-55791
-55898
-56079
-55664
-55281
-54910
-54562
-54715
-54879
-55252
-55653
-55731
-55730
-55457
-55271
-55270
-55217
-55178
-55045
-55076
-55247
-55450
-55615
-55667
-55636
-55367
-55272
-55138
-54884
-54949
-54877
-55138
-55394
-55189
-55173
-54892
-55193
-55634
-55574
-55926
-55626
-55589
-55710
-55245
-55505
-55130
-54784
-54839
-54436
-55047
-55338
-55523
-56073
-55643
-55674
-55325
-54741
-55044
-54718
-54912
-55303
-55361
-56176
-56120
-55861
-55741
-55060
-54998
-54504
-54178
-54661
-54950
-55696
-55773
-55526
-55801
-55677
-55851
-55633
-55111
-54949
-54558
-54645
-54827
-55086
-55447
-55432
-55802
-56094
-56016
-55704
-55037
-54662
-54591
-54756
-55184
-55352
-55369
-55428
-55485
-55749
-55864
-55793
-55792
-55599
-55374
-54982
-54498
-54500
-54647
-54893
-55291
-55495
-55800
-55928
-55795
-55768
-55410
-55094
-54796
-54403
-54552
-54770
-55114
-55519
-55759
-56061
-55935
-55647
-55336
-55113
-55148
-55034
-55080
-55142
-55169
-55336
-55298
-55251
-55254
-55420
-55686
-55681
-55556
-55227
-54973
-55030
-55124
-55133
-54880
-54866
-55215
-55673
-56047
-55886
-55458
-55008
-54878
-55172
-55233
-55158
-55131
-55204
-55422
-55247
-55204
-55466
-55550
-55869
-55739
-55418
-55309
-54821
-54737
-54625
-54822
-55374
-55508
-56080
-55827
-55694
-55859
-55132
-55327
-54860
-54538
-54965
-54630
-55358
-55549
-55474
-55974
-55757
-56121
-55727
-54965
-54762
-54248
-54646
-54952
-55328
-55858
-55679
-55892
-55501
-55323
-55580
-55197
-55443
-55125
-55006
-55293
-54771
-55034
-54774
-55076
-56020
-55786
-55914
-55131
-54755
-55003
-54753
-55750
-55849
-55556
-55291
-54270
-54697
-55182
-55505
-56207
-56098
-56020
-55744
-55306
-54996
-54552
-54315
-54144
-54773
-55499
-55731
-56017
-55643
-55610
-55570
-55236
-55528
-55266
-55198
-55088
-54878
-55409
-55242
-55356
-55429
-55095
-55424
-55241
-55403
-55558
-55296
-55490
-55060
-55030
-55109
-54866
-55246
-55157
-55386
-55779
-55797
-56130
-55787
-55471
-55203
-54730
-54815
-54768
-55012
-55194
-55245
-55671
-55606
-55585
-55371
-55072
-55377
-55268
-55045
-54864
-54702
-55088
-55295
-55521
-55894
-55837
-55685
-55518
-55297
-55080
-54954
-55071
-55379
-55424
-55079
-54917
-54891
-55020
-55274
-55422
-55678
-55780
-55814
-55938
-55782
-55532
-55285
-55000
-54810
-54545
-54557
-54863
-55041
-55333
-55466
-55539
-55589
-55382
-55473
-55502
-55467
-55557
-55420
-55432
-55262
-55068
-55131
-54938
-55097
-55220
-55148
-55398
-55280
-55426
-55461
-55075
-55157
-54935
-55048
-55388
-55445
-55920
-55796
-55553
-55554
-55164
-55212
-55249
-55083
-55239
-55126
-55132
-55274
-55124
-55455
-55567
-55421
-55548
-55165
-55150
-55173
-54972
-55426
-55355
-55344
-55411
-54969
-55220
-55231
-55292
-55614
-55382
-55653
-55365
-54936
-55105
-54791
-55263
-55364
-55144
-55641
-55218
-55479
-55643
-55212
-55682
-55156
-55146
-55303
-54820
-55345
-54955
-55137
-55506
-55166
-55883
-55602
-55771
-55833
-55043
-55302
-54672
-54879
-55259
-55047
-55760
-55399
-55498
-55445
-54982
-55323
-54815
-54980
-55222
-55219
-55810
-55619
-55644
-55612
-55127
-55207
-55055
-54737
-54814
-55099
-55818
-56041
-55721
-55561
-55063
-55234
-55182
-54665
-54917
-54673
-55113
-55626
-55567
-56017
-55576
-55414
-55469
-55415
-55651
-55095
-54804
-54500
-54430
-54988
-55327
-55866
-55928
-55744
-55807
-55644
-55596
-55429
-54890
-54746
-54678
-54691
-55347
-55359
-55423
-55506
-55153
-55605
-55295
-55099
-55200
-54754
-55402
-55522
-55604
-56019
-55697
-55918
-55659
-55228
-54976
-54421
-54647
-54832
-55141
-55555
-55348
-55521
-55572
-55494
-55517
-54971
-54842
-55069
-55108
-55459
-55792
-55998
-56034
-55658
-55220
-54914
-54793
-54963
-55139
-55203
-55215
-55232
-55371
-55375
-55397
-55317
-55104
-55295
-55228
-55173
-55425
-55352
-55479
-55501
-55353
-55280
-55029
-55138
-55238
-55298
-55483
-55412
-55542
-55532
-55332
-55253
-55000
-54879
-54797
-54929
-55291
-55442
-55719
-55894
-55908
-55728
-55373
-55246
-54940
-54808
-54819
-54821
-55229
-55393
-55560
-55696
-55682
-55817
-55498
-55249
-55138
-54985
-55031
-55035
-55312
-55528
-55598
-55486
-55069
-54969
-54821
-54735
-55073
-55391
-55793
-55955
-55681
-55812
-55959
-55699
-55230
-54343
-54333
-54842
-54773
-55032
-55186
-55481
-55840
-55648
-55711
-55565
-55381
-55255
-54920
-54902
-54762
-55257
-55959
-55712
-55469
-54922
-54748
-55324
-55484
-55632
-55288
-54908
-54882
-54727
-55354
-55760
-55662
-55466
-55053
-55266
-55477
-55661
-55848
-55701
-55655
-55290
-55069
-54996
-54686
-54821
-55088
-55447
-55683
-55535
-55599
-55389
-55114
-55070
-54888
-55019
-55185
-55371
-55662
-55751
-55787
-55601
-55302
-54796
-54409
-54488
-54630
-55020
-55348
-55893
-56457
-56411
-56388
-55785
-55206
-54801
-54158
-54697
-55003
-54873
-55198
-55120
-55698
-56025
-55664
-55593
-54558
-54209
-54697
-54649
-55224
-55392
-55744
-56182
-55513
-55914
-56053
-55564
-55895
-55297
-54982
-54612
-53898
-54934
-55292
-55508
-55880
-55286
-55750
-55493
-55242
-55580
-54953
-55407
-55323
-54878
-55133
-54690
-55053
-54964
-54867
-55622
-55415
-55937
-56117
-55761
-56072
-55381
-55137
-54878
-54208
-54528
-54440
-54840
-55613
-55688
-55893
-55584
-55383
-55525
-55324
-55407
-55386
-55322
-55510
-55723
-56051
-55787
-55205
-54867
-54474
-54409
-54529
-54919
-55366
-55221
-55467
-55872
-56025
-56188
-55770
-55518
-55180
-54538
-54609
-54824
-55363
-55898
-55838
-55743
-55255
-54794
-54684
-54765
-54978
-54836
-54944
-55768
-56421
-56352
-55839
-54733
-54041
-54526
-54885
-55142
-55326
-55392
-55435
-55067
-55487
-56034
-55884
-56083
-55751
-55086
-54681
-54492
-55024
-55208
-55385
-55462
-55156
-55592
-55593
-55655
-55784
-55277
-55295
-55056
-54980
-54991
-54813
-55259
-55396
-55587
-55420
-55037
-55162
-54966
-55180
-55370
-55453
-55835
-55654
-55362
-55313
-55316
-55270
-55336
-55350
-55334
-55237
-55007
-55370
-55362
-55203
-55347
-54875
-54900
-55257
-55582
-55839
-55119
-54756
-54894
-55047
-55823
-56024
-55736
-55790
-55457
-54987
-54880
-54848
-54923
-55450
-55813
-55476
-55286
-54986
-55014
-55629
-55194
-55143
-55417
-55224
-55361
-54637
-54911
-55401
-54952
-55659
-55363
-55323
-55822
-55335
-56010
-55711
-54970
-55359
-55178
-55454
-55248
-54789
-55244
-55117
-55247
-55320
-54979
-55161
-54940
-55026
-55406
-55532
-56045
-55987
-55725
-55450
-54854
-54854
-55037
-55376
-55414
-54965
-54919
-54824
-55016
-55334
-55330
-55555
-55810
-55779
-55477
-55412
-55275
-55227
-55280
-55059
-55287
-55141
-55081
-55307
-55275
-55769
-55638
-55550
-55509
-54874
-55031
-54380
-54138
-54787
-54955
-56395
-56482
-56503
-56899
-54980
-54736
-54040
-53686
-54888
-54321
-55492
-55874
-55829
-56553
-55548
-56136
-55435
-54921
-55838
-54691
-55111
-55087
-54813
-55865
-55012
-54882
-55040
-54731
-55521
-55425
-55756
-56127
-55078
-55018
-54936
-54960
-55637
-55122
-55293
-55575
-55107
-55274
-55052
-55462
-55839
-55219
-55228
-55044
-55235
-55552
-55057
-55212
-55142
-55049
-55231
-54681
-54804
-55248
-55640
-56326
-56256
-56058
-55645
-54958
-54911
-54905
-54987
-55183
-55149
-55019
-54823
-54902
-55202
-55544
-55921
-56283
-56280
-55799
-55394
-55072
-54786
-54541
-54203
-54142
-54562
-55100
-56016
-56541
-56384
-56901
-56012
-54682
-54455
-53449
-54145
-54904
-54720
-55694
-55746
-56246
-56398
-55657
-55880
-55460
-55459
-55158
-54274
-54764
-54999
-55432
-55941
-55432
-55229
-54768
-54475
-54962
-55022
-55350
-55726
-55853
-55868
-55313
-55468
-55505
-55184
-55224
-54647
-54831
-54982
-54929
-55794
-55657
-55942
-56138
-55273
-55230
-54604
-54577
-55014
-54956
-55767
-55607
-55595
-55588
-54918
-55202
-54842
-55002
-55308
-55106
-55503
-55002
-55358
-55738
-55347
-55785
-55258
-55173
-55309
-54936
-55365
-54985
-55063
-55504
-55522
-56018
-55614
-55465
-55411
-55049
-55005
-54324
-54754
-55601
-56308
-56381
-54641
-54242
-54248
-54825
-55306
-54355
-56197
-56753
-56023
-56556
-55599
-56131
-55260
-53724
-54151
-53252
-54434
-55502
-55692
-56979
-56454
-56850
-56596
-55479
-55564
-54339
-54032
-53572
-53052
-54208
-54675
-56055
-56846
-56501
-56740
-55936
-55624
-55215
-54541
-54822
-54651
-55225
-55532
-55093
-55161
-54687
-54945
-55276
-55116
-55847
-56131
-56408
-56341
-55351
-54976
-54125
-53551
-53851
-54012
-55325
-56371
-56596
-56873
-56178
-55755
-55483
-54811
-54934
-54830
-54486
-54447
-54263
-54758
-55422
-55813
-56191
-55874
-55685
-55617
-55490
-55214
-54595
-55114
-55589
-55965
-55335
-53959
-55258
-55458
-55753
-56653
-55246
-55877
-55188
-54234
-55601
-55133
-56065
-55368
-53572
-54342
-53817
-55380
-55766
-54409
-56339
-56170
-56483
-56591
-54968
-56051
-54787
-54144
-54568
-53703
-55921
-55802
-55725
-56827
-55300
-56122
-55621
-55018
-55946
-54378
-54682
-54310
-53567
-54823
-54781
-56092
-56510
-55961
-56383
-55306
-55486
-55291
-54536
-55017
-54408
-55078
-55471
-55012
-55718
-55222
-55290
-55351
-54746
-55409
-55534
-55935
-56200
-55734
-55748
-54770
-54257
-54361
-54171
-54990
-55386
-55913
-56647
-56281
-56236
-55700
-54784
-54519
-54308
-54713
-54949
-54891
-55167
-55121
-55310
-55460
-55484
-55914
-55860
-55842
-55794
-55298
-55193
-54927
-55045
-55387
-55192
-55051
-54639
-54890
-55557
-56260
-56018
-54718
-55157
-54788
-54672
-55440
-54499
-55368
-55446
-55298
-56768
-56048
-56034
-55310
-54235
-55009
-54425
-55008
-55107
-54343
-55381
-55325
-55988
-56185
-55482
-56351
-55691
-55252
-54851
-54053
-55069
-54884
-55222
-55754
-55119
-55816
-55382
-55253
-55705
-55006
-55402
-54926
-54527
-55014
-54856
-55716
-55749
-55535
-55778
-55148
-55397
-55276
-55114
-55354
-54918
-55141
-55033
-55130
-55598
-55249
-55457
-55457
-55435
-55751
-55345
-55471
-55434
-55042
-55249
-54915
-54890
-55212
-55198
-55548
-55407
-55124
-55045
-54818
-55290
-55780
-56009
-56224
-55851
-55367
-54903
-54557
-54709
-55009
-55426
-55737
-55652
-55293
-54775
-54497
-54554
-54787
-55052
-55253
-55626
-55932
-56038
-56060
-55768
-55466
-55341
-55294
-55217
-54992
-54836
-54751
-54849
-54887
-54963
-55557
-55879
-55822
-55610
-55374
-55484
-55378
-55176
-54805
-54625
-55111
-55267
-55508
-55715
-55648
-55653
-55188
-55039
-55054
-54972
-55175
-55286
-55710
-56085
-56305
-56153
-55069
-54143
-53675
-53728
-54547
-55285
-56077
-57078
-56842
-55939
-54855
-53215
-53590
-54534
-55075
-56838
-57051
-56952
-56932
-55589
-54712
-53564
-53337
-54136
-54927
-56082
-56083
-56069
-56158
-55475
-55453
-55128
-54363
-54574
-54991
-55559
-56139
-55861
-55705
-55475
-54817
-54511
-54197
-54410
-54881
-55075
-55703
-55944
-56044
-56206
-55862
-55760
-55363
-54923
-54878
-54709
-55044
-55274
-55191
-55305
-55319
-55494
-55507
-55365
-55334
-55344
-55364
-55031
-54949
-55023
-55060
-55367
-55297
-55427
-55649
-55554
-55677
-55377
-55271
-55416
-55059
-55115
-55172
-55182
-55343
-55119
-55163
-55159
-55221
-55580
-55585
-55740
-55608
-55092
-54788
-54467
-54638
-55051
-55408
-55865
-55919
-55883
-55844
-55805
-55739
-55266
-54930
-54654
-54492
-54765
-54986
-55397
-55692
-55551
-55495
-55354
-55232
-55023
-54845
-55037
-55172
-55548
-55772
-55752
-55813
-55323
-55214
-55283
-55027
-55133
-54929
-54907
-55096
-55032
-55241
-55228
-55305
-55484
-55553
-55878
-55775
-55453
-55173
-54921
-55058
-55152
-55297
-55473
-55496
-55542
-55417
-55388
-55375
-55220
-55190
-55083
-55093
-55098
-54983
-55248
-55469
-55756
-55773
-54911
-54566
-54606
-54982
-55759
-55598
-55591
-55633
-55253
-55519
-55390
-55178
-55191
-54813
-55178
-55609
-55815
-56023
-55568
-55373
-54954
-54596
-54850
-54837
-55223
-55259
-55200
-55423
-55054
-55194
-55287
-55555
-56089
-55799
-55659
-55109
-54698
-54865
-54665
-55129
-55464
-55530
-55753
-55430
-55466
-55276
-54920
-55220
-55348
-55710
-55896
-55552
-55282
-54786
-54648
-54783
-54880
-55202
-55259
-55401
-55581
-55511
-55541
-55445
-55519
-55654
-55556
-55600
-55380
-55095
-54998
-54767
-54793
-54904
-54989
-55246
-55420
-55625
-55732
-55711
-55715
-55542
-55358
-55180
-55061
-55100
-55077
-55177
-55314
-55390
-55478
-55355
-55294
-55248
-55083
-55066
-55057
-55191
-55338
-55340
-55401
-55362
-55408
-55444
-55374
-55382
-55256
-55255
-55315
-55302
-55414
-55347
-55288
-55307
-55250
-55272
-55251
-55356
-55478
-55471
-55575
-55530
-55463
-55410
-55126
-54954
-54816
-54758
-54939
-55050
-55234
-55376
-55363
-55401
-55339
-55363
-55487
-55540
-55618
-55605
-55621
-55627
-55507
-55430
-55269
-55138
-55012
-54865
-54918
-54875
-54928
-55136
-55280
-55568
-55670
-55635
-55546
-55301
-55219
-55028
-54889
-55019
-55098
-55299
-55505
-55618
-55653
-55490
-55432
-55437
-55341
-55267
-55201
-55199
-55238
-55183
-55124
-55109
-55086
-55189
-55376
-55551
-55675
-55616
-55542
-55490
-55416
-55392
-55309
-55163
-55048
-55048
-55045
-55035
-55062
-55058
-55238
-55441
-55525
-55564
-55419
-55281
-55156
-55080
-55182
-55215
-55369
-55629
-55751
-55829
-55683
-55390
-55072
-54785
-54691
-54644
-54720
-54834
-55000
-55419
-55754
-55994
-55985
-55668
-55461
-55309
-55333
-55338
-55190
-55205
-55115
-55069
-55082
-54993
-55027
-55020
-55105
-55234
-55280
-55459
-55564
-55731
-55893
-55814
-55746
-55533
-55240
-54985
-54787
-54832
-54855
-54842
-54829
-54836
-55078
-55394
-55761
-56008
-55958
-55712
-55267
-54965
-54910
-54945
-55200
-55485
-55608
-55637
-55511
-55309
-55099
-54850
-54680
-54630
-54724
-54975
-55321
-55724
-55985
-56093
-56102
-55863
-55520
-55149
-54834
-54773
-54807
-54972
-55240
-55387
-55462
-55341
-55161
-55127
-55117
-55221
-55354
-55458
-55502
-55476
-55512
-55495
-55575
-55534
-55269
-55179
-55026
-54977
-55068
-55065
-55198
-55265
-55374
-55454
-55326
-55371
-55344
-55280
-55259
-55100
-55135
-55117
-55096
-55312
-55470
-55664
-55708
-55649
-55542
-55146
-54877
-54733
-54718
-54937
-55112
-55424
-55669
-55751
-55795
-55594
-55422
-55228
-55073
-55125
-55091
-55174
-55254
-55303
-55487
-55491
-55517
-55523
-55417
-55424
-55304
-55133
-55036
-54909
-54771
-54715
-54960
-55203
-55321
-55515
-55624
-55682
-55665
-55677
-55753
-55641
-55484
-55319
-55051
-54783
-54672
-54665
-54830
-55273
-55604
-55774
-55726
-55476
-55334
-55021
-54786
-54912
-55097
-55420
-55710
-55776
-55699
-55490
-55343
-55244
-55018
-54697
-54562
-54811
-55221
-55625
-55856
-55899
-55886
-55665
-55345
-54940
-54578
-54646
-54817
-55018
-55349
-55544
-55737
-55887
-55848
-55685
-55350
-55051
-54955
-54924
-54944
-54974
-55028
-55202
-55330
-55465
-55649
-55691
-55728
-55719
-55578
-55435
-55214
-54973
-54748
-54569
-54617
-54835
-55197
-55581
-55851
-56032
-55964
-55815
-55612
-55220
-55033
-54942
-54889
-55018
-55046
-55103
-55082
-54988
-55099
-55223
-55499
-55674
-55733
-55914
-55727
-55525
-55360
-55043
-54919
-54699
-54642
-54815
-54993
-55384
-55611
-55775
-55927
-55847
-55714
-55429
-55223
-55077
-54879
-54865
-54904
-55082
-55209
-55218
-55417
-55539
-55588
-55547
-55377
-55326
-55164
-55038
-55090
-55147
-55346
-55257
-55192
-55526
-55310
-55155
-55423
-55150
-54986
-55275
-55703
-56034
-55603
-55232
-55195
-54993
-55173
-55094
-55034
-55296
-55300
-55602
-55321
-55044
-55258
-55011
-55295
-55301
-55132
-55369
-55160
-55363
-55476
-55584
-55885
-55518
-55454
-55233
-54820
-54976
-54973
-55087
-55278
-55349
-55534
-55460
-55328
-55220
-55078
-55145
-55175
-55277
-55562
-55576
-55448
-55343
-55217
-55225
-55202
-55211
-55306
-55259
-55186
-55145
-55185
-55327
-55469
-55612
-55659
-55606
-55422
-55139
-54982
-54944
-55039
-55175
-55292
-55412
-55414
-55418
-55335
-55122
-55025
-55043
-55193
-55343
-55475
-55567
-55430
-55290
-55216
-55139
-55101
-55147
-55275
-55326
-55366
-55343
-55204
-55135
-55038
-55103
-55328
-55470
-55749
-55719
-55413
-55367
-55276
-55295
-55361
-55268
-55285
-55278
-55301
-55384
-55347
-55206
-55054
-55010
-55121
-55279
-55344
-55380
-55452
-55625
-55787
-55708
-55480
-55236
-55045
-54895
-54846
-54907
-55020
-55173
-55268
-55402
-55456
-55421
-55409
-55301
-55397
-55544
-55505
-55473
-55303
-55133
-55013
-54886
-54956
-55109
-55346
-55592
-55643
-55604
-55485
-55338
-55199
-55096
-55109
-55169
-55339
-55509
-55535
-55486
-55410
-55341
-55186
-55053
-55038
-55046
-55124
-55222
-55315
-55427
-55458
-55460
-55439
-55310
-55130
-54948
-54923
-55083
-55256
-55450
-55608
-55741
-55807
-55734
-55655
-55459
-55204
-55065
-54988
-55005
-55063
-55075
-55048
-54996
-55007
-55072
-55143
-55285
-55471
-55588
-55659
-55622
-55442
-55326
-55315
-55382
-55429
-55357
-55261
-55078
-54932
-55034
-55228
-55380
-55396
-55325
-55364
-55407
-55410
-55396
-55356
-55388
-55340
-55254
-55164
-55121
-55349
-55536
-55706
-55647
-55110
-54906
-55107
-55410
-55545
-55304
-55301
-55424
-55413
-55307
-55032
-55062
-55199
-55350
-55462
-55292
-55526
-55602
-55388
-55415
-55015
-54867
-55136
-55382
-55647
-55346
-55149
-55154
-55056
-55314
-55368
-55332
-55362
-55171
-55207
-55281
-55138
-55087
-55195
-55364
-55487
-55428
-55252
-55184
-55247
-55353
-55430
-55488
-55445
-55274
-55149
-55129
-55275
-55426
-55546
-55665
-55469
-55177
-54948
-54794
-54946
-55132
-55298
-55466
-55554
-55678
-55702
-55670
-55584
-55410
-55272
-55046
-54880
-54802
-54750
-54938
-55168
-55435
-55697
-55727
-55728
-55546
-55326
-55264
-55144
-55265
-55375
-55324
-55341
-55161
-55057
-55032
-54986
-55205
-55375
-55441
-55408
-55267
-55257
-55264
-55368
-55508
-55535
-55559
-55427
-55265
-55177
-55068
-55065
-55085
-55115
-55145
-55105
-55188
-55340
-55489
-55679
-55757
-55699
-55566
-55357
-55125
-54998
-55020
-55129
-55266
-55391
-55507
-55542
-55423
-55252
-55106
-55024
-55004
-55038
-55188
-55382
-55529
-55588
-55549
-55456
-55330
-55248
-55241
-55227
-55206
-55166
-55152
-55240
-55298
-55367
-55456
-55394
-55298
-55211
-55104
-55076
-55097
-55152
-55266
-55316
-55308
-55393
-55474
-55526
-55529
-55450
-55399
-55295
-55258
-55293
-55255
-55246
-55188
-55097
-55051
-55039
-55121
-55213
-55282
-55344
-55330
-55283
-55288
-55374
-55482
-55502
-55451
-55383
-55346
-55337
-55289
-55279
-55335
-55424
-55477
-55450
-55452
-55379
-55241
-55192
-55208
-55311
-55324
-55229
-55186
-55101
-55068
-55128
-55194
-55273
-55327
-55440
-55537
-55537
-55459
-55319
-55276
-55302
-55392
-55462
-55384
-55243
-55017
-54885
-54935
-55075
-55271
-55404
-55525
-55540
-55429
-55333
-55223
-55220
-55264
-55293
-55392
-55418
-55427
-55446
-55399
-55374
-55247
-55112
-55134
-55121
-55139
-55212
-55282
-55393
-55428
-55468
-55461
-55340
-55272
-55187
-55213
-55310
-55360
-55444
-55399
-55372
-55262
-55082
-55084
-55061
-55212
-55379
-55418
-55531
-55430
-55366
-55315
-55131
-55123
-55048
-55042
-55094
-55135
-55412
-55508
-55557
-55574
-55334
-55249
-55132
-55039
-55126
-55137
-55210
-55264
-55337
-55475
-55469
-55472
-55471
-55466
-55514
-55474
-55442
-55409
-55333
-55244
-55095
-55042
-55097
-55155
-55251
-55335
-55335
-55248
-55166
-55148
-55182
-55318
-55494
-55591
-55550
-55433
-55404
-55406
-55336
-55204
-55036
-54971
-55020
-55094
-55229
-55390
-55478
-55392
-55266
-55295
-55387
-55503
-55601
-55540
-55333
-55140
-55006
-54994
-55091
-55044
-55025
-55106
-55281
-55623
-55740
-55672
-55457
-55151
-55088
-55011
-54986
-55077
-55077
-55150
-55249
-55361
-55465
-55488
-55605
-55638
-55555
-55533
-55384
-55295
-55301
-55226
-55276
-55255
-55207
-55285
-55257
-55283
-55290
-55261
-55343
-55321
-55325
-55316
-55255
-55342
-55348
-55343
-55358
-55274
-55241
-55125
-55095
-55173
-55121
-55113
-55052
-55139
-55427
-55603
-55815
-55844
-55788
-55754
-55412
-55074
-54749
-54579
-54724
-54901
-55272
-55570
-55658
-55672
-55458
-55326
-55257
-55180
-55204
-55161
-55229
-55356
-55478
-55561
-55404
-55318
-55271
-55246
-55307
-55225
-55206
-55097
-54961
-55073
-55134
-55291
-55426
-55383
-55451
-55456
-55499
-55550
-55425
-55353
-55232
-55123
-55085
-55078
-55227
-55327
-55423
-55575
-55647
-55648
-55470
-55268
-55161
-55071
-55060
-55060
-55106
-55224
-55317
-55440
-55554
-55589
-55519
-55340
-55206
-55220
-55294
-55292
-55251
-55273
-55258
-55178
-55139
-55137
-55158
-55195
-55226
-55271
-55336
-55380
-55373
-55382
-55427
-55453
-55487
-55483
-55419
-55357
-55272
-55155
-55054
-55055
-55116
-55164
-55249
-55352
-55466
-55523
-55484
-55429
-55302
-55197
-55125
-55066
-55135
-55192
-55303
-55454
-55554
-55690
-55662
-55587
-55487
-55241
-55053
-54879
-54878
-55041
-55141
-55286
-55379
-55418
-55457
-55401
-55307
-55189
-55109
-55106
-55138
-55209
-55261
-55317
-55433
-55533
-55591
-55611
-55569
-55492
-55379
-55256
-55108
-54962
-54931
-54964
-55080
-55237
-55353
-55483
-55532
-55546
-55576
-55514
-55450
-55365
-55260
-55252
-55197
-55171
-55232
-55216
-55209
-55142
-55065
-55124
-55158
-55210
-55328
-55436
-55521
-55524
-55518
-55518
-55413
-55318
-55264
-55179
-55111
-55031
-55030
-55147
-55227
-55309
-55413
-55458
-55451
-55375
-55325
-55306
-55158
-55037
-55054
-55131
-55232
-55271
-55365
-55520
-55608
-55619
-55518
-55458
-55425
-55296
-55183
-55049
-54982
-55051
-55084
-55152
-55274
-55379
-55475
-55542
-55586
-55555
-55512
-55503
-55415
-55317
-55258
-55220
-55218
-55154
-55118
-55152
-55137
-55199
-55292
-55326
-55356
-55309
-55262
-55242
-55275
-55423
-55517
-55529
-55438
-55267
-55186
-55178
-55260
-55313
-55277
-55313
-55302
-55292
-55261
-55146
-55202
-55242
-55263
-55358
-55360
-55421
-55397
-55258
-55201
-55141
-55198
-55277
-55230
-55193
-55202
-55294
-55339
-55293
-55262
-55218
-55242
-55341
-55426
-55522
-55601
-55594
-55506
-55415
-55328
-55223
-55135
-55103
-55196
-55286
-55309
-55359
-55434
-55479
-55324
-55208
-55252
-55198
-55214
-55301
-55405
-55509
-55462
-55408
-55306
-55168
-55108
-55070
-55206
-55329
-55341
-55452
-55441
-55357
-55290
-55190
-55200
-55144
-55065
-55068
-55079
-55235
-55385
-55430
-55453
-55322
-55181
-55204
-55270
-55388
-55481
-55484
-55479
-55417
-55375
-55354
-55277
-55200
-55174
-55231
-55241
-55188
-55144
-55134
-55217
-55269
-55354
-55538
-55660
-55708
-55596
-55406
-55292
-55126
-55013
-55005
-55066
-55226
-55338
-55443
-55511
-55470
-55438
-55338
-55215
-55164
-55126
-55158
-55178
-55173
-55226
-55236
-55290
-55422
-55481
-55489
-55419
-55285
-55192
-55120
-55116
-55187
-55299
-55421
-55472
-55490
-55433
-55353
-55320
-55249
-55266
-55239
-55150
-55211
-55234
-55294
-55341
-55287
-55375
-55359
-55280
-55295
-55252
-55307
-55383
-55472
-55577
-55529
-55510
-55421
-55272
-55212
-55059
-55017
-55048
-55012
-55148
-55240
-55302
-55407
-55396
-55474
-55525
-55514
-55479
-55300
-55186
-55074
-55015
-55104
-55234
-55423
-55442
-55403
-55384
-55358
-55553
-55516
-55308
-55246
-55055
-55126
-55228
-55117
-55264
-55279
-55285
-55429
-55422
-55480
-55427
-55365
-55398
-55351
-55335
-55241
-55251
-55299
-55235
-55323
-55292
-55212
-55227
-55084
-55098
-55256
-55331
-55433
-55415
-55416
-55457
-55343
-55314
-55261
-55170
-55205
-55245
-55366
-55427
-55423
-55416
-55319
-55325
-55315
-55299
-55314
-55236
-55224
-55146
-55083
-55143
-55155
-55207
-55224
-55276
-55401
-55440
-55462
-55387
-55317
-55309
-55230
-55198
-55193
-55254
-55344
-55353
-55405
-55423
-55426
-55461
-55434
-55412
-55335
-55238
-55204
-55203
-55277
-55377
-55494
-55503
-55390
-55270
-55074
-55041
-55110
-55096
-55201
-55278
-55380
-55491
-55457
-55469
-55400
-55376
-55405
-55362
-55490
-55498
-55318
-55093
-54840
-54790
-54976
-55310
-55477
-55551
-55654
-55621
-55646
-55501
-55198
-55057
-54993
-55048
-55081
-55154
-55276
-55248
-55312
-55467
-55642
-55718
-55386
-55040
-54915
-54760
-54993
-55333
-55376
-55524
-55347
-55277
-55498
-55430
-55641
-55526
-55233
-55209
-54835
-54904
-55012
-55031
-55493
-55560
-55698
-55775
-55543
-55533
-55265
-55206
-55238
-55060
-55145
-55078
-55194
-55374
-55380
-55590
-55436
-55310
-55379
-55314
-55498
-55423
-55196
-55161
-55032
-55130
-55181
-55161
-55294
-55296
-55504
-55658
-55588
-55601
-55404
-55352
-55358
-55172
-55191
-55043
-54948
-55052
-55094
-55390
-55463
-55420
-55444
-55274
-55351
-55308
-55259
-55385
-55285
-55331
-55238
-55118
-55227
-55196
-55345
-55444
-55432
-55488
-55336
-55283
-55270
-55229
-55283
-55208
-55190
-55202
-55231
-55407
-55554
-55676
-55645
-55506
-55395
-55284
-55276
-55225
-55114
-55059
-55032
-55090
-55213
-55362
-55525
-55514
-55196
-54978
-54930
-54946
-55270
-55430
-55477
-55558
-55300
-55277
-55261
-55205
-55464
-55377
-55406
-55380
-55094
-55274
-55243
-55298
-55490
-55299
-55427
-55380
-55296
-55391
-55203
-55332
-55287
-55110
-55124
-54941
-55118
-55318
-55504
-55797
-55719
-55708
-55545
-55351
-55302
-55020
-55026
-55055
-55157
-55342
-55235
-55470
-55417
-55308
-55546
-55327
-55412
-55355
-55197
-55497
-55271
-55288
-55286
-55044
-55271
-55165
-55332
-55477
-55323
-55598
-55390
-55339
-55349
-55003
-55199
-55106
-55140
-55343
-55169
-55344
-55177
-55099
-55242
-55031
-55240
-55254
-55289
-55559
-55399
-55528
-55484
-55327
-55436
-55186
-55214
-55199
-55061
-55284
-55293
-55481
-55597
-55473
-55521
-55339
-55305
-55312
-55161
-55250
-55206
-55189
-55241
-55211
-55339
-55327
-55322
-55379
-55329
-55413
-55411
-55389
-55374
-55251
-55277
-55234
-55205
-55270
-55245
-55317
-55323
-55294
-55325
-55268
-55273
-55281
-55350
-55472
-55445
-55467
-55439
-55299
-55234
-55145
-55130
-55160
-55200
-55332
-55331
-55329
-55364
-55295
-55286
-55225
-55142
-55182
-55221
-55266
-55279
-55267
-55359
-55408
-55384
-55552
-55597
-55486
-55513
-55234
-54988
-54859
-54613
-54789
-54908
-55205
-55696
-55772
-56071
-56026
-55762
-55696
-55207
-55019
-54844
-54613
-54826
-54807
-55055
-55339
-55333
-55607
-55602
-55664
-55825
-55650
-55589
-55320
-55100
-55065
-54947
-55137
-55219
-55271
-55394
-55249
-55315
-55342
-55403
-55633
-55538
-55542
-55405
-55144
-55134
-54973
-55060
-55201
-55233
-55435
-55410
-55481
-55477
-55310
-55359
-55275
-55304
-55317
-55210
-55274
-55221
-55274
-55339
-55257
-55227
-55079
-55100
-55208
-55303
-55586
-55626
-55602
-55591
-55412
-55324
-55049
-54807
-54791
-54784
-55044
-55315
-55591
-55828
-55776
-55810
-55689
-55505
-55382
-55034
-54849
-54661
-54616
-54861
-55059
-55434
-55647
-55770
-55910
-55775
-55727
-55531
-55292
-55159
-54905
-54908
-54900
-54934
-55127
-55178
-55442
-55575
-55574
-55665
-55510
-55445
-55318
-55187
-55285
-55217
-55263
-55262
-55163
-55259
-55208
-55247
-55321
-55331
-55475
-55435
-55484
-55539
-55458
-55503
-55339
-55273
-55284
-55152
-55178
-55049
-55046
-55147
-55133
-55384
-55440
-55435
-55494
-55358
-55408
-55346
-55209
-55205
-55105
-55156
-55206
-55251
-55405
-55374
-55340
-55268
-55118
-55124
-55120
-55200
-55288
-55257
-55347
-55401
-55468
-55527
-55455
-55443
-55385
-55344
-55378
-55406
-55476
-55489
-55473
-55439
-55287
-55108
-55002
-54939
-54922
-54998
-55150
-55328
-55511
-55680
-55712
-55626
-55532
-55386
-55207
-55046
-54918
-54867
-54861
-54944
-55128
-55349
-55642
-55880
-56002
-56006
-55767
-55435
-55096
-54758
-54606
-54633
-54749
-54972
-55330
-55701
-55910
-55900
-55752
-55580
-55351
-55080
-54883
-54865
-54951
-55048
-55253
-55461
-55599
-55655
-55548
-55444
-55263
-55048
-55040
-55091
-55228
-55387
-55457
-55545
-55545
-55461
-55312
-55142
-55041
-54969
-55031
-55173
-55312
-55437
-55464
-55477
-55435
-55380
-55357
-55271
-55250
-55255
-55285
-55311
-55240
-55236
-55176
-55126
-55214
-55329
-55531
-55575
-55502
-55439
-55257
-55186
-55138
-55164
-55371
-55426
-55487
-55491
-55343
-55272
-55113
-55107
-55250
-55304
-55457
-55441
-55375
-55348
-55155
-55093
-55011
-54996
-55156
-55252
-55485
-55621
-55657
-55729
-55586
-55435
-55241
-55002
-54913
-54842
-54906
-55093
-55294
-55560
-55731
-55762
-55687
-55497
-55281
-55052
-54906
-54929
-55025
-55186
-55364
-55465
-55488
-55483
-55486
-55417
-55294
-55160
-55058
-55074
-55153
-55270
-55407
-55515
-55607
-55654
-55604
-55461
-55308
-55208
-55119
-55089
-55100
-55038
-55032
-55061
-55200
-55546
-55764
-55886
-55853
-55540
-55246
-54961
-54773
-54789
-54887
-55111
-55326
-55477
-55533
-55412
-55298
-55252
-55336
-55432
-55412
-55370
-55231
-55152
-55171
-55203
-55302
-55363
-55472
-55523
-55518
-55557
-55377
-55182
-55085
-54991
-55038
-55087
-55177
-55287
-55315
-55412
-55453
-55462
-55534
-55525
-55468
-55381
-55247
-55099
-55016
-55041
-55090
-55192
-55269
-55306
-55443
-55595
-55673
-55605
-55440
-55266
-55077
-55029
-55118
-55238
-55393
-55492
-55517
-55473
-55355
-55263
-55201
-55160
-55147
-55095
-55053
-55117
-55276
-55475
-55669
-55791
-55727
-55500
-55266
-55081
-55011
-55028
-55065
-55160
-55199
-55218
-55337
-55459
-55477
-55361
-55231
-55089
-54975
-55036
-55180
-55420
-55635
-55705
-55753
-55689
-55529
-55322
-55087
-54928
-54807
-54864
-55044
-55268
-55594
-55739
-55684
-55496
-55258
-55154
-55030
-54993
-55067
-55133
-55266
-55297
-55322
-55366
-55317
-55408
-55515
-55521
-55491
-55338
-55213
-55205
-55277
-55416
-55425
-55326
-55280
-55280
-55416
-55531
-55471
-55336
-55123
-55028
-55064
-55145
-55355
-55525
-55641
-55544
-55252
-55113
-54979
-55005
-55195
-55280
-55418
-55403
-55314
-55310
-55234
-55300
-55319
-55290
-55317
-55188
-55192
-55190
-55175
-55410
-55554
-55657
-55616
-55358
-55214
-55038
-55009
-55135
-55177
-55335
-55429
-55522
-55611
-55483
-55431
-55310
-55172
-55142
-55017
-55033
-55062
-55155
-55355
-55344
-55393
-55403
-55372
-55384
-55222
-55248
-55328
-55365
-55441
-55255
-55146
-55127
-55137
-55315
-55393
-55515
-55539
-55465
-55457
-55271
-55206
-55146
-55065
-55161
-55168
-55323
-55447
-55479
-55582
-55445
-55343
-55265
-55230
-55339
-55310
-55358
-55315
-55212
-55234
-55154
-55203
-55182
-55098
-55160
-55124
-55259
-55397
-55381
-55423
-55371
-55419
-55529
-55596
-55702
-55566
-55366
-55194
-54953
-54888
-54852
-54877
-55062
-55225
-55465
-55630
-55697
-55761
-55660
-55534
-55373
-55192
-55099
-54985
-54991
-55114
-55282
-55472
-55461
-55389
-55352
-55236
-55193
-55207
-55249
-55316
-55331
-55359
-55321
-55352
-55462
-55423
-55381
-55213
-55023
-54998
-54944
-55032
-55142
-55325
-55590
-55564
-55584
-55553
-55404
-55419
-55284
-55228
-55283
-55241
-55360
-55423
-55439
-55393
-55170
-55081
-55006
-55048
-55206
-55236
-55344
-55374
-55413
-55508
-55422
-55416
-55415
-55460
-55578
-55509
-55421
-55236
-55019
-54897
-54855
-55049
-55179
-55311
-55522
-55587
-55728
-55719
-55543
-55398
-55130
-54992
-54941
-54923
-55034
-55071
-55222
-55457
-55649
-55792
-55623
-55394
-55201
-54945
-54873
-54859
-54977
-55245
-55432
-55659
-55782
-55810
-55765
-55484
-55279
-55110
-54933
-54943
-54944
-54993
-55072
-55122
-55304
-55423
-55499
-55625
-55612
-55509
-55407
-55321
-55284
-55315
-55369
-55338
-55254
-55183
-55175
-55231
-55227
-55232
-55302
-55345
-55371
-55347
-55310
-55275
-55210
-55242
-55308
-55377
-55430
-55375
-55323
-55229
-55153
-55187
-55295
-55511
-55673
-55728
-55619
-55340
-55107
-54937
-54915
-54946
-54954
-55146
-55368
-55532
-55673
-55666
-55576
-55414
-55198
-55055
-54947
-54869
-54900
-55086
-55384
-55636
-55819
-55901
-55802
-55607
-55330
-55127
-55072
-55005
-55005
-55062
-55130
-55191
-55168
-55216
-55340
-55510
-55691
-55666
-55495
-55268
-55053
-54985
-54978
-55028
-55141
-55242
-55397
-55504
-55564
-55610
-55482
-55285
-55061
-54915
-54973
-55122
-55432
-55662
-55669
-55589
-55331
-55122
-55060
-55089
-55232
-55280
-55327
-55372
-55366
-55455
-55430
-55360
-55352
-55298
-55298
-55273
-55300
-55386
-55396
-55517
-55523
-55347
-55261
-55114
-54964
-54929
-55097
-55369
-55475
-55589
-55547
-55388
-55302
-55073
-55016
-55082
-55191
-55429
-55502
-55685
-55801
-55580
-55326
-54956
-54774
-54815
-54864
-55127
-55392
-55612
-55699
-55636
-55574
-55346
-55249
-55223
-55192
-55344
-55399
-55522
-55528
-55327
-55194
-54863
-54728
-54772
-54741
-55014
-55241
-55506
-55849
-55837
-55824
-55677
-55382
-55223
-55007
-54957
-54985
-55005
-55191
-55286
-55367
-55411
-55368
-55419
-55404
-55399
-55453
-55511
-55608
-55490
-55292
-55129
-54913
-54921
-55062
-55350
-55745
-55887
-55871
-55586
-55185
-54931
-54664
-54725
-54969
-55226
-55661
-55873
-55931
-55773
-55333
-55008
-54715
-54714
-54976
-55177
-55525
-55740
-55795
-55778
-55542
-55333
-55070
-54892
-54944
-55056
-55351
-55542
-55519
-55356
-55066
-55008
-55037
-55109
-55346
-55528
-55660
-55639
-55517
-55392
-55143
-54928
-54832
-54940
-55274
-55581
-55758
-55787
-55662
-55435
-55156
-54967
-54898
-54934
-55181
-55498
-55653
-55572
-55342
-55118
-54941
-54937
-55096
-55294
-55541
-55680
-55676
-55595
-55432
-55240
-55048
-54942
-54940
-54978
-55072
-55237
-55461
-55613
-55559
-55425
-55298
-55210
-55277
-55379
-55483
-55567
-55508
-55396
-55206
-55044
-54987
-54904
-54976
-55228
-55465
-55609
-55621
-55608
-55603
-55491
-55376
-55306
-55150
-55023
-54980
-55023
-55265
-55493
-55549
-55502
-55347
-55219
-55200
-55264
-55354
-55332
-55243
-55141
-55071
-55111
-55196
-55391
-55581
-55585
-55541
-55448
-55372
-55331
-55201
-55143
-55048
-54957
-55102
-55277
-55475
-55543
-55460
-55439
-55316
-55265
-55213
-55092
-55186
-55227
-55257
-55370
-55357
-55394
-55369
-55286
-55318
-55294
-55350
-55379
-55294
-55342
-55321
-55262
-55257
-55184
-55193
-55259
-55346
-55468
-55487
-55476
-55416
-55279
-55198
-55158
-55211
-55339
-55430
-55464
-55415
-55314
-55189
-55118
-55115
-55152
-55244
-55298
-55340
-55383
-55396
-55440
-55436
-55415
-55376
-55292
-55312
-55333
-55273
-55160
-55028
-54994
-55052
-55145
-55171
-55214
-55410
-55598
-55647
-55578
-55504
-55405
-55302
-55309
-55254
-55179
-55212
-55224
-55245
-55293
-55319
-55433
-55568
-55548
-55440
-55276
-55087
-54919
-54771
-54734
-54801
-55046
-55367
-55560
-55702
-55777
-55877
-55947
-55783
-55547
-55179
-54712
-54470
-54466
-54724
-55113
-55488
-55825
-55926
-55906
-55721
-55434
-55340
-55200
-55135
-55205
-55160
-55134
-55099
-55081
-55152
-55271
-55445
-55539
-55546
-55487
-55390
-55328
-55208
-55099
-54984
-54823
-54851
-55082
-55444
-55850
-55980
-55813
-55565
-55238
-55036
-55023
-55024
-55083
-55035
-54932
-54937
-55005
-55250
-55496
-55683
-55811
-55763
-55712
-55600
-55391
-55209
-54983
-54779
-54688
-54717
-54939
-55309
-55714
-56000
-55988
-55765
-55396
-55047
-54999
-55044
-55133
-55239
-55195
-55237
-55294
-55301
-55399
-55515
-55649
-55693
-55658
-55532
-55214
-54946
-54778
-54845
-55156
-55307
-55370
-55373
-55472
-55758
-55744
-55578
-55310
-54967
-54887
-54835
-54918
-55036
-55026
-55218
-55437
-55634
-55708
-55664
-55696
-55518
-55332
-55147
-54854
-54803
-54852
-55047
-55320
-55463
-55606
-55602
-55587
-55570
-55485
-55462
-55211
-55042
-55106
-55072
-55199
-55388
-55557
-55652
-55436
-55258
-55127
-54984
-55009
-55064
-55233
-55457
-55511
-55478
-55398
-55240
-55109
-55173
-55369
-55548
-55658
-55600
-55362
-55124
-54990
-54989
-55212
-55401
-55424
-55424
-55274
-55123
-55093
-55126
-55278
-55400
-55532
-55617
-55548
-55490
-55362
-55187
-55049
-54921
-54865
-54892
-55124
-55446
-55731
-55954
-55862
-55686
-55503
-55260
-55112
-54883
-54821
-54898
-54892
-55074
-55198
-55311
-55520
-55580
-55673
-55603
-55417
-55398
-55296
-55259
-55268
-55216
-55284
-55264
-55189
-55107
-55034
-55171
-55249
-55322
-55522
-55584
-55582
-55472
-55297
-55291
-55320
-55332
-55305
-55327
-55419
-55352
-55252
-55218
-55265
-55318
-55271
-55288
-55229
-55109
-55089
-55073
-55199
-55385
-55537
-55650
-55620
-55565
-55414
-55221
-55008
-54772
-54789
-54840
-55021
-55428
-55711
-55959
-55972
-55801
-55621
-55243
-54956
-54784
-54784
-54985
-55070
-55242
-55424
-55523
-55650
-55522
-55313
-55247
-55216
-55180
-55128
-55166
-55246
-55233
-55244
-55341
-55425
-55547
-55521
-55347
-55375
-55282
-55144
-55156
-55066
-55211
-55354
-55386
-55560
-55516
-55472
-55405
-55242
-55291
-55246
-55256
-55332
-55299
-55430
-55431
-55360
-55315
-55206
-55254
-55197
-55121
-55118
-55043
-55122
-55272
-55412
-55451
-55379
-55384
-55369
-55363
-55310
-55187
-55179
-55213
-55291
-55372
-55391
-55350
-55230
-55204
-55238
-55295
-55446
-55553
-55549
-55397
-55193
-55159
-55209
-55250
-55269
-55228
-55248
-55237
-55172
-55283
-55356
-55309
-55312
-55206
-55121
-55177
-55233
-55352
-55493
-55647
-55691
-55534
-55358
-55144
-55030
-55063
-55104
-55247
-55386
-55498
-55569
-55501
-55456
-55373
-55207
-55018
-54813
-54803
-54917
-55069
-55314
-55505
-55636
-55736
-55731
-55634
-55509
-55338
-55177
-55083
-55016
-55037
-55059
-55138
-55348
-55455
-55544
-55580
-55495
-55476
-55380
-55220
-55096
-54946
-54925
-55016
-55234
-55521
-55619
-55650
-55588
-55449
-55350
-55208
-55200
-55132
-54958
-54998
-55111
-55353
-55528
-55506
-55652
-55720
-55692
-55600
-55357
-55264
-55053
-54801
-54728
-54661
-54846
-55101
-55371
-55716
-55794
-55785
-55708
-55517
-55360
-55104
-54869
-54759
-54748
-54918
-55193
-55532
-55801
-55832
-55704
-55542
-55422
-55316
-55200
-55058
-54978
-55030
-55132
-55312
-55419
-55436
-55402
-55273
-55369
-55469
-55527
-55666
-55403
-55146
-54933
-54753
-55024
-55146
-55313
-55488
-55462
-55678
-55592
-55454
-55360
-55031
-55090
-55168
-55229
-55327
-55245
-55470
-55518
-55500
-55553
-55216
-55073
-54833
-54762
-55090
-55222
-55686
-55833
-55729
-55789
-55396
-55339
-55195
-54835
-54835
-54626
-54842
-55254
-55482
-55812
-55748
-55680
-55540
-55303
-55202
-54941
-54954
-55094
-55200
-55438
-55595
-55613
-55497
-55460
-55350
-55232
-55148
-55021
-55115
-55091
-55211
-55376
-55278
-55453
-55406
-55384
-55466
-55145
-55146
-55176
-55277
-55553
-55548
-55741
-55597
-55283
-55187
-54908
-55003
-55078
-55146
-55408
-55329
-55407
-55383
-55282
-55450
-55346
-55310
-55248
-55102
-55169
-55103
-55243
-55444
-55522
-55769
-55775
-55726
-55595
-55255
-55158
-55055
-55035
-55113
-55070
-55213
-55269
-55197
-55128
-55018
-55103
-55171
-55316
-55519
-55548
-55653
-55614
-55516
-55434
-55211
-55167
-55098
-55047
-55076
-55091
-55351
-55467
-55526
-55615
-55449
-55350
-55155
-54978
-54995
-55010
-55250
-55434
-55544
-55669
-55611
-55625
-55477
-55223
-55116
-54949
-54913
-54962
-55081
-55327
-55410
-55463
-55507
-55440
-55421
-55373
-55325
-55361
-55365
-55334
-55303
-55216
-55131
-55098
-55089
-55218
-55378
-55516
-55637
-55602
-55556
-55396
-55226
-55148
-54981
-55000
-55036
-55126
-55374
-55414
-55475
-55465
-55343
-55294
-55162
-55205
-55265
-55309
-55464
-55353
-55351
-55404
-55263
-55297
-55230
-55229
-55350
-55288
-55383
-55386
-55309
-55357
-55264
-55301
-55377
-55388
-55473
-55432
-55392
-55289
-55212
-55275
-55239
-55248
-55148
-55036
-55036
-54983
-55217
-55389
-55477
-55674
-55499
-55415
-55366
-55164
-55230
-55213
-55335
-55538
-55503
-55539
-55377
-55268
-55241
-55012
-55014
-55007
-55003
-55165
-55230
-55415
-55552
-55530
-55578
-55547
-55458
-55257
-55048
-55060
-55078
-55170
-55344
-55456
-55549
-55540
-55485
-55396
-55330
-55310
-55268
-55262
-55185
-55149
-55173
-55121
-55133
-55125
-55170
-55314
-55380
-55484
-55527
-55499
-55510
-55411
-55292
-55210
-55136
-55046
-55051
-55258
-55424
-55625
-55794
-55731
-55598
-55326
-55050
-54841
-54701
-54811
-54925
-55094
-55304
-55365
-55512
-55568
-55515
-55482
-55353
-55269
-55173
-55149
-55266
-55356
-55449
-55433
-55425
-55458
-55407
-55393
-55319
-55231
-55136
-55014
-55051
-55083
-55137
-55298
-55394
-55469
-55520
-55586
-55651
-55591
-55509
-55329
-55100
-54956
-54859
-54935
-55002
-55075
-55306
-55508
-55728
-55789
-55706
-55652
-55436
-55266
-55146
-55027
-55094
-55176
-55288
-55373
-55379
-55384
-55257
-55173
-55166
-55162
-55212
-55191
-55234
-55349
-55413
-55489
-55492
-55455
-55430
-55400
-55423
-55381
-55211
-55026
-54924
-54932
-54987
-55137
-55340
-55478
-55560
-55546
-55463
-55368
-55340
-55404
-55428
-55413
-55359
-55226
-55138
-55150
-55183
-55247
-55277
-55178
-55092
-55143
-55312
-55478
-55495
-55446
-55430
-55383
-55354
-55317
-55185
-55096
-55021
-54915
-54988
-55192
-55373
-55532
-55534
-55424
-55332
-55256
-55313
-55425
-55512
-55534
-55424
-55368
-55350
-55339
-55388
-55434
-55492
-55358
-55100
-54946
-54730
-54687
-54921
-55189
-55511
-55674
-55764
-55830
-55639
-55491
-55318
-55103
-55035
-54881
-54877
-55045
-55244
-55611
-55835
-55910
-55828
-55476
-55142
-54822
-54665
-54794
-54940
-55164
-55414
-55534
-55592
-55641
-55747
-55689
-55380
-55041
-54711
-54644
-54836
-55061
-55341
-55529
-55602
-55530
-55401
-55420
-55480
-55600
-55652
-55543
-55370
-55170
-55116
-55095
-55075
-55079
-54937
-54922
-55108
-55277
-55435
-55510
-55528
-55518
-55368
-55212
-55193
-55221
-55242
-55246
-55225
-55231
-55283
-55373
-55509
-55555
-55446
-55349
-55222
-55127
-55171
-55187
-55231
-55327
-55384
-55371
-55273
-55185
-55197
-55280
-55376
-55430
-55351
-55285
-55244
-55182
-55240
-55257
-55292
-55325
-55329
-55473
-55493
-55508
-55539
-55452
-55449
-55302
-55116
-55032
-54934
-55021
-55133
-55219
-55356
-55420
-55448
-55373
-55243
-55159
-55116
-55189
-55364
-55528
-55549
-55515
-55485
-55372
-55239
-55063
-54925
-54879
-54915
-55213
-55542
-55721
-55794
-55655
-55428
-55227
-55060
-54923
-54907
-55043
-55156
-55317
-55492
-55572
-55624
-55584
-55554
-55572
-55503
-55362
-55098
-54864
-54798
-54827
-55053
-55357
-55561
-55645
-55640
-55639
-55504
-55301
-55159
-54951
-54888
-54992
-55047
-55110
-55140
-55277
-55510
-55677
-55812
-55683
-55485
-55454
-55370
-55303
-55228
-55039
-54860
-54872
-55061
-55203
-55255
-55127
-55022
-55262
-55527
-55779
-55961
-55773
-55544
-55323
-55176
-55216
-55123
-55094
-55030
-54917
-55104
-55230
-55325
-55426
-55455
-55618
-55589
-55498
-55463
-55253
-55173
-55108
-55016
-55062
-55024
-55056
-55167
-55214
-55442
-55676
-55688
-55664
-55486
-55206
-55011
-54817
-54848
-54998
-55132
-55387
-55566
-55712
-55745
-55654
-55606
-55417
-55272
-55147
-54934
-54879
-54871
-54978
-55142
-55222
-55337
-55355
-55481
-55696
-55785
-55912
-55813
-55546
-55310
-55024
-54851
-54686
-54628
-54774
-54970
-55336
-55674
-55905
-56074
-56002
-55807
-55523
-55262
-55091
-54875
-54793
-54804
-54908
-55134
-55270
-55337
-55324
-55270
-55265
-55397
-55624
-55767
-55819
-55718
-55581
-55417
-55161
-54981
-54818
-54704
-54804
-55051
-55220
-55332
-55459
-55497
-55534
-55504
-55369
-55272
-55151
-55103
-55206
-55337
-55481
-55559
-55549
-55540
-55466
-55338
-55192
-55125
-55195
-55225
-55293
-55349
-55309
-55274
-55141
-55079
-55072
-55007
-55033
-55047
-55185
-55396
-55523
-55669
-55661
-55586
-55465
-55289
-55180
-54991
-54970
-55072
-55219
-55615
-55833
-55853
-55805
-55537
-55239
-55000
-54871
-54865
-54908
-55073
-55319
-55455
-55524
-55586
-55477
-55344
-55245
-55141
-55201
-55249
-55321
-55476
-55498
-55565
-55564
-55440
-55407
-55230
-55043
-54985
-54988
-55172
-55292
-55335
-55351
-55262
-55269
-55326
-55346
-55336
-55320
-55305
-55282
-55367
-55423
-55451
-55424
-55173
-54974
-54860
-54891
-55217
-55418
-55449
-55400
-55297
-55368
-55449
-55562
-55619
-55440
-55242
-55030
-55046
-55156
-55055
-55069
-55109
-55259
-55532
-55584
-55635
-55587
-55424
-55303
-55154
-55178
-55149
-55105
-55165
-55114
-55229
-55363
-55445
-55598
-55616
-55617
-55526
-55326
-55200
-55062
-54985
-55060
-55157
-55279
-55369
-55303
-55308
-55346
-55313
-55366
-55386
-55443
-55450
-55304
-55201
-55058
-55031
-55028
-54909
-55023
-55154
-55322
-55626
-55743
-55832
-55721
-55409
-55262
-55132
-55212
-55308
-55211
-55261
-55082
-54908
-55048
-55025
-55123
-55227
-55234
-55509
-55588
-55600
-55645
-55421
-55369
-55244
-55110
-55281
-55197
-55167
-55219
-55216
-55438
-55401
-55359
-55358
-55111
-55127
-55192
-55335
-55653
-55728
-55724
-55517
-55175
-54974
-54781
-54924
-55176
-55214
-55369
-55423
-55404
-55342
-55160
-55204
-55136
-55127
-55418
-55555
-55787
-55776
-55387
-55095
-54808
-54843
-54991
-55063
-55254
-55342
-55537
-55593
-55553
-55589
-55315
-55211
-55186
-55094
-55269
-55307
-55359
-55446
-55348
-55287
-55172
-55164
-55237
-55233
-55314
-55255
-55075
-55012
-55086
-55241
-55399
-55632
-55766
-55646
-55494
-55319
-55092
-54977
-54988
-55023
-55029
-55174
-55438
-55501
-55533
-55617
-55621
-55597
-55386
-55187
-55162
-55135
-55140
-55128
-55186
-55238
-55269
-55440
-55484
-55524
-55517
-55340
-55293
-55059
-54860
-54900
-54916
-55315
-55686
-55785
-55801
-55449
-55172
-54989
-54882
-55083
-55157
-55358
-55585
-55476
-55369
-55146
-55128
-55314
-55266
-55385
-55484
-55459
-55389
-55124
-55156
-55200
-55089
-55161
-55183
-55378
-55532
-55467
-55513
-55325
-55189
-55189
-55042
-55157
-55176
-55152
-55344
-55351
-55515
-55619
-55528
-55558
-55279
-54999
-54896
-54866
-55193
-55482
-55820
-56216
-56180
-55860
-55189
-54499
-54248
-54248
-54644
-55207
-55568
-55774
-55822
-55809
-55612
-55363
-55203
-54991
-54937
-54909
-55026
-55362
-55494
-55749
-55909
-55725
-55518
-55067
-54824
-54809
-54790
-55124
-55313
-55467
-55603
-55388
-55257
-55017
-55002
-55259
-55307
-55482
-55432
-55421
-55535
-55401
-55512
-55396
-55248
-55336
-55163
-55145
-55101
-55053
-55179
-55240
-55436
-55500
-55536
-55552
-55358
-55330
-55195
-55139
-55307
-55330
-55435
-55353
-55154
-55105
-55034
-55230
-55524
-55687
-55754
-55545
-55147
-54776
-54660
-54747
-54960
-55286
-55509
-55604
-55559
-55496
-55454
-55388
-55361
-55238
-55216
-55214
-55070
-55013
-54975
-55234
-55672
-55918
-56119
-55923
-55436
-55001
-54652
-54744
-54909
-55008
-55241
-55245
-55238
-55223
-55250
-55529
-55623
-55715
-55648
-55383
-55329
-55132
-55087
-55162
-55140
-55255
-55222
-55311
-55398
-55388
-55571
-55477
-55342
-55199
-54935
-54964
-54944
-55025
-55277
-55376
-55547
-55508
-55378
-55291
-55062
-55105
-55205
-55362
-55608
-55568
-55559
-55403
-55210
-55173
-55008
-55051
-55129
-55277
-55531
-55574
-55730
-55695
-55487
-55351
-55070
-55019
-55027
-55086
-55317
-55334
-55424
-55433
-55364
-55451
-55340
-55299
-55212
-55084
-55187
-55162
-55224
-55270
-55269
-55510
-55557
-55568
-55532
-55302
-55167
-54889
-54752
-54836
-54883
-55157
-55386
-55515
-55597
-55514
-55563
-55523
-55393
-55341
-55180
-55205
-55273
-55294
-55493
-55502
-55457
-55392
-55211
-55221
-55130
-55100
-55209
-55065
-55057
-55160
-55376
-55809
-55960
-55909
-55572
-55064
-54833
-54706
-54830
-55065
-55283
-55600
-55687
-55616
-55348
-55053
-54995
-54932
-55080
-55289
-55424
-55586
-55471
-55498
-55569
-55448
-55595
-55431
-54987
-54762
-54620
-54897
-55337
-55724
-56039
-55888
-55616
-55300
-54992
-55014
-55076
-55196
-55393
-55449
-55493
-55507
-55420
-55310
-55145
-55022
-54949
-54849
-54970
-55174
-55356
-55654
-55755
-55747
-55576
-55298
-55303
-55204
-55143
-55147
-54977
-55014
-55014
-55084
-55286
-55287
-55454
-55547
-55535
-55661
-55560
-55490
-55411
-55241
-55290
-55206
-55104
-55124
-55054
-55039
-55026
-55180
-55483
-55614
-55669
-55605
-55487
-55426
-55326
-55293
-55226
-55129
-55144
-55079
-55018
-55125
-55298
-55465
-55496
-55378
-55200
-55069
-55081
-55092
-55225
-55491
-55673
-55833
-55706
-55484
-55336
-54951
-54774
-54745
-54853
-55300
-55537
-55737
-55744
-55479
-55375
-55063
-54928
-55056
-55193
-55571
-55745
-55685
-55370
-54937
-54713
-54582
-54830
-55204
-55579
-55831
-55725
-55897
-55885
-55641
-55495
-54769
-54307
-54321
-54478
-55180
-55638
-55965
-56123
-55792
-55657
-55251
-54932
-55190
-55418
-55729
-55725
-55443
-55209
-54742
-54720
-55060
-55361
-55742
-55475
-55076
-54979
-54938
-55461
-55800
-55916
-55914
-55322
-54978
-54645
-54486
-54848
-55042
-55392
-55659
-55794
-56025
-55903
-55673
-55184
-54583
-54339
-54210
-54424
-54955
-55586
-56101
-56140
-56033
-55786
-55478
-55306
-55072
-55082
-55173
-55188
-55228
-55034
-54971
-55044
-55092
-55374
-55662
-55960
-56075
-55758
-55448
-55113
-54828
-54736
-54641
-54827
-55141
-55410
-55778
-55882
-55802
-55654
-55375
-55276
-55195
-55108
-55177
-55195
-55210
-55097
-54887
-54906
-55044
-55365
-55741
-55821
-55764
-55615
-55432
-55302
-55057
-54789
-54629
-54622
-54864
-55252
-55665
-56027
-56209
-56162
-55904
-55510
-55051
-54562
-54308
-54475
-54890
-55438
-55705
-55589
-55521
-55408
-55414
-55589
-55659
-55759
-55559
-55151
-54866
-54547
-54579
-54842
-55033
-55288
-55458
-55697
-55869
-55857
-55803
-55486
-55209
-55096
-55072
-55285
-55425
-55442
-55442
-55285
-55071
-55039
-55081
-55112
-55244
-55281
-55211
-55085
-54987
-55192
-55473
-55693
-55849
-55813
-55716
-55504
-55234
-55055
-54762
-54538
-54595
-54763
-55080
-55402
-55629
-55850
-55931
-55958
-55900
-55753
-55650
-55389
-55115
-54902
-54656
-54615
-54718
-54955
-55250
-55441
-55632
-55693
-55637
-55556
-55449
-55359
-55263
-55256
-55219
-55162
-55150
-55089
-55182
-55297
-55372
-55392
-55201
-55165
-55234
-55220
-55208
-55152
-55209
-55340
-55507
-55724
-55753
-55600
-55430
-55340
-55230
-55088
-55046
-55056
-55130
-55120
-55146
-55347
-55473
-55614
-55594
-55498
-55555
-55468
-55366
-55164
-54972
-54924
-54812
-54938
-55041
-55125
-55379
-55526
-55757
-55816
-55750
-55708
-55450
-55328
-55176
-54972
-54915
-54766
-54760
-54867
-55009
-55262
-55490
-55797
-55996
-55996
-55930
-55742
-55490
-55134
-54820
-54590
-54405
-54548
-54867
-55248
-55607
-55752
-55853
-55786
-55683
-55687
-55560
-55459
-55265
-55017
-54907
-54773
-54777
-54822
-54975
-55309
-55497
-55727
-55774
-55576
-55490
-55296
-55205
-55216
-55168
-55276
-55304
-55370
-55460
-55405
-55403
-55223
-55114
-55135
-55098
-55307
-55454
-55631
-55851
-55796
-55753
-55552
-55288
-55081
-54866
-55014
-55190
-55301
-55466
-55491
-55588
-55592
-55582
-55635
-55421
-55165
-54864
-54733
-54945
-55083
-55287
-55417
-55321
-55224
-55037
-54958
-54945
-54899
-54998
-55041
-55114
-55287
-55325
-55323
-55297
-55243
-55347
-55583
-55888
-56096
-56121
-56132
-56010
-55808
-55548
-55127
-54815
-54530
-54380
-54523
-54806
-55319
-55730
-55932
-56018
-55877
-55691
-55302
-54867
-54557
-54248
-54204
-54280
-54546
-54972
-55255
-55563
-55706
-55770
-55770
-55595
-55527
-55373
-55278
-55293
-55247
-55312
-55237
-55149
-55140
-55152
-55366
-55503
-55720
-55917
-55925
-55948
-55679
-55446
-55223
-54944
-54992
-54914
-54970
-55149
-55196
-55435
-55438
-55421
-55508
-55449
-55545
-55508
-55414
-55403
-55286
-55265
-55173
-55101
-55260
-55403
-55591
-55680
-55529
-55295
-54884
-54547
-54471
-54514
-54749
-54994
-55096
-55181
-55147
-55089
-55140
-55103
-55122
-55232
-55302
-55443
-55529
-55648
-55831
-55958
-56091
-56104
-56080
-55954
-55734
-55529
-55205
-55008
-54869
-54776
-54849
-54898
-55092
-55242
-55300
-55352
-55193
-55092
-54960
-54895
-55042
-55082
-55194
-55115
-54940
-54878
-54632
-54677
-54727
-54679
-54780
-54565
-54500
-54494
-54448
-54673
-54697
-54805
-54918
-54904
-55115
-55223
-55415
-55534
-55399
-55405
-55309
-55355
-55575
-55747
-56153
-56456
-56714
-56959
-56905
-56874
-56705
-56498
-56357
-56026
-55868
-55738
-55632
-55786
-55952
-56230
-56477
-56683
-56895
-56813
-56645
-56358
-55920
-55507
-54993
-54492
-53958
-53573
-53592
-53671
-53961
-54320
-54408
-54577
-54679
-54740
-54871
-54744
-54597
-54541
-54493
-54389
-54070
-53780
-53604
-53491
-53611
-53916
-54366
-54901
-55317
-55856
-56538
-57011
-57391
-57473
-57141
-56705
-56143
-55697
-55506
-55481
-55627
-55831
-56083
-56242
-56371
-56526
-56568
-56690
-56766
-56700
-56592
-56336
-55971
-55455
-54922
-54508
-54209
-54205
-54335
-54613
-55139
-55646
-56117
-56501
-56715
-56813
-56712
-56365
-55830
-55163
-54394
-53615
-52930
-52417
-52161
-52173
-52371
-52621
-52874
-53208
-53515
-53639
-53750
-53878
-53920
-53959
-54028
-54189
-54381
-54476
-54548
-54647
-54792
-55019
-55234
-55391
-55655
-56047
-56522
-57065
-57533
-57895
-58068
-57994
-57761
-57346
-56803
-56150
-55426
-54833
-54453
-54356
-54466
-54743
-55203
-55688
-56301
-56963
-57555
-58169
-58582
-58900
-59154
-59108
-58858
-58150
-56976
-55531
-53849
-52518
-51502
-50738
-50541
-50589
-51139
-52049
-52881
-53802
-54402
-54842
-55193
-55265
-55395
-55331
-55236
-55217
-55039
-54965
-54843
-54769
-54853
-54883
-55137
-55524
-55868
-56245
-56470
-56570
-56573
-56424
-56274
-56168
-56094
-56101
-56148
-56118
-55889
-55463
-55058
-54749
-54533
-54528
-54712
-55119
-55693
-56227
-56624
-56796
-56843
-56823
-56876
-57119
-57394
-57765
-58030
-58038
-57761
-57012
-56022
-54708
-53175
-51894
-50838
-50125
-49823
-49861
-50240
-51009
-52135
-53392
-54811
-56207
-57434
-58518
-59239
-59687
-59849
-59631
-59086
-58251
-57198
-55903
-54525
-53189
-52030
-51195
-50703
-50626
-50852
-51419
-52166
-52979
-53908
-54607
-55381
-56215
-56899
-57685
-58053
-58073
-57782
-57045
-56312
-55428
-54780
-54468
-54220
-54355
-54530
-54677
-54741
-54531
-54376
-54352
-54605
-55219
-56008
-56817
-57575
-58121
-58314
-58221
-57759
-57038
-56183
-55360
-54659
-53967
-53595
-53405
-53401
-53730
-54073
-54555
-55006
-55452
-56093
-56776
-57535
-57840
-57673
-57260
-56394
-55575
-54830
-54173
-53954
-53878
-53982
-54169
-54148
-54088
-53982
-53964
-54281
-54828
-55526
-56217
-56671
-56842
-56525
-55844
-55025
-54120
-53497
-53115
-53071
-53384
-53778
-54459
-55168
-55901
-56750
-57445
-58187
-58838
-59485
-60081
-60295
-60348
-60019
-59465
-58825
-57902
-56978
-55791
-54489
-53471
-52837
-52966
-53657
-54734
-56181
-57605
-58806
-59675
-59993
-59693
-58831
-57463
-55890
-54298
-52879
-51959
-51414
-51373
-51712
-52023
-52251
-51866
-51295
-50944
-50501
-50462
-50497
-50770
-51366
-51753
-52713
-53556
-54136
-54894
-55128
-55619
-55891
-55689
-55711
-55324
-55253
-55490
-55717
-56533
-57097
-57386
-57418
-56857
-56314
-55557
-54855
-54598
-54552
-54940
-55363
-55872
-56428
-56530
-56347
-55564
-54432
-53426
-52521
-52134
-52284
-52923
-53963
-54991
-55938
-56645
-57027
-57180
-57026
-56764
-56498
-56160
-55923
-55770
-55738
-55955
-56255
-56458
-56536
-56415
-56003
-55451
-54764
-54066
-53681
-53664
-54058
-54750
-55606
-56389
-56912
-57181
-57006
-56506
-55698
-54717
-53896
-53254
-53068
-53215
-53516
-53910
-54071
-54183
-54277
-54347
-54583
-54858
-55121
-55260
-55170
-55045
-55017
-55132
-55443
-55942
-56540
-56940
-57044
-56966
-56599
-56253
-56315
-56653
-57242
-57811
-57919
-57557
-56724
-55540
-54397
-53483
-52900
-52876
-53424
-54432
-55845
-57347
-58633
-59454
-59718
-59501
-58717
-57728
-56812
-56051
-55644
-55360
-55308
-55304
-55178
-55264
-55322
-55623
-56115
-56522
-57010
-57031
-56818
-56442
-55653
-55086
-54501
-53929
-53592
-53047
-52630
-52297
-51984
-52050
-52098
-52217
-52383
-52438
-52879
-53541
-54620
-56046
-57151
-57903
-57710
-56692
-55239
-53431
-52143
-51171
-50694
-51077
-51661
-52602
-53388
-53824
-54159
-53861
-53589
-53446
-53440
-54169
-55117
-56416
-57811
-58753
-59408
-59467
-59371
-59159
-58766
-58706
-58484
-58276
-58046
-57472
-56904
-55973
-55006
-54161
-53276
-52795
-52386
-52224
-52327
-52298
-52410
-52403
-52291
-52156
-51849
-51733
-51884
-52428
-53325
-54291
-55287
-56006
-56516
-57082
-57720
-58535
-59344
-60023
-60467
-60677
-60712
-60347
-59822
-59197
-58574
-58289
-58089
-57995
-57953
-57843
-57714
-57311
-56835
-56382
-55957
-55814
-55919
-56290
-56664
-56905
-57119
-57076
-56733
-55863
-54498
-53046
-51591
-50512
-49790
-49167
-48825
-48664
-48859
-49563
-50515
-51777
-53131
-54358
-55499
-56194
-56388
-56145
-55415
-54564
-53704
-53091
-52936
-53029
-53585
-54433
-55418
-56519
-57410
-58210
-58698
-58971
-59183
-59039
-58885
-58637
-58417
-58395
-58233
-58197
-58147
-58055
-58044
-57898
-57744
-57555
-57379
-57094
-56709
-56407
-55983
-55582
-54974
-54130
-53321
-52301
-51321
-50365
-49562
-49255
-49239
-49703
-50415
-50973
-51374
-51528
-51599
-51766
-52149
-52614
-53017
-53340
-53504
-53670
-53809
-53928
-54088
-54366
-54972
-55703
-56328
-56482
-56072
-55366
-54406
-53481
-52546
-51780
-51471
-51317
-51536
-52045
-52797
-54130
-55716
-57560
-59460
-61140
-62653
-63416
-63438
-62880
-61721
-60301
-58486
-56697
-55330
-54331
-54074
-54242
-54774
-55725
-56611
-57647
-58485
-58998
-59381
-59161
-58732
-57999
-56973
-56032
-54884
-54128
-53355
-52326
-51841
-51530
-51673
-52141
-52859
-54365
-55932
-57632
-59163
-60054
-60656
-60445
-59769
-58665
-57101
-55911
-54584
-53545
-53169
-52803
-53022
-53437
-53883
-54902
-55776
-56660
-57476
-57850
-58301
-58303
-57906
-57383
-56399
-55606
-54969
-54529
-54563
-54598
-54878
-55143
-55252
-55476
-55448
-55473
-55413
-55169
-55028
-54594
-54015
-53118
-51897
-50610
-48911
-47446
-46466
-46060
-46769
-48144
-50202
-52666
-54784
-56482
-57296
-57163
-56181
-54384
-52297
-50225
-48702
-48143
-48675
-50327
-52729
-55488
-58096
-60491
-62675
-64223
-65028
-64777
-63638
-62096
-60214
-58427
-56710
-55226
-54417
-53937
-54067
-54811
-55906
-57496
-58862
-60029
-61136
-61762
-62192
-62004
-61214
-60175
-58759
-57429
-55972
-54373
-52894
-51378
-50080
-48919
-48005
-47521
-47286
-47249
-47315
-47551
-48103
-48982
-49986
-51146
-52410
-53657
-55048
-56302
-57324
-57914
-57900
-57569
-57005
-56606
-56665
-57265
-58329
-59752
-61340
-62374
-62535
-61583
-59711
-57457
-55091
-53313
-52324
-52194
-52826
-53571
-54332
-54858
-55062
-55152
-55158
-55461
-56068
-56907
-57924
-58764
-59346
-59491
-59172
-58591
-57966
-57434
-56937
-56681
-56576
-56546
-56697
-56784
-56851
-56830
-56584
-56223
-55704
-55111
-54428
-53525
-52325
-50827
-49301
-47970
-47132
-47067
-47554
-48443
-49649
-50850
-52090
-53369
-54562
-55692
-56494
-56879
-56899
-56609
-56336
-56031
-55662
-55502
-55551
-55838
-56266
-56765
-57435
-58066
-58607
-58881
-58614
-57990
-57111
-56274
-55783
-55633
-55916
-56466
-57075
-57622
-58015
-58258
-58159
-57824
-57258
-56289
-55177
-53925
-52634
-51400
-50263
-49521
-48962
-48532
-48439
-48657
-49154
-49737
-50274
-50645
-50711
-50596
-50579
-50866
-51622
-52952
-54638
-56601
-58487
-59860
-61073
-62072
-62851
-63535
-63939
-64237
-63971
-63320
-62442
-60879
-59317
-57503
-55721
-54569
-53557
-53298
-53397
-53514
-53670
-52986
-51948
-50464
-48654
-47382
-46355
-46079
-46477
-47091
-48175
-49235
-50601
-52364
-54068
-55919
-57391
-58286
-58643
-58379
-57997
-57626
-57510
-57781
-58124
-58484
-58596
-58422
-58175
-58014
-58354
-59212
-60471
-62066
-63679
-65210
-66476
-67284
-67617
-67372
-66700
-65581
-64051
-62279
-60002
-57526
-55010
-52426
-50298
-48597
-47587
-47347
-47479
-48238
-49265
-50376
-51733
-53051
-54561
-56056
-57166
-57907
-57920
-57297
-56118
-54486
-52894
-51329
-50182
-49624
-49297
-49490
-49959
-50400
-50773
-50811
-50728
-50420
-49969
-49524
-48971
-48768
-48695
-48944
-49936
-51172
-52722
-54066
-54980
-55759
-55877
-55781
-55508
-55033
-54925
-54593
-54345
-54239
-53702
-53134
-52217
-51483
-51659
-52529
-54540
-57129
-59861
-62674
-64778
-66510
-67704
-68062
-67979
-67107
-65837
-64398
-62771
-61416
-60015
-58742
-57757
-56836
-56243
-55655
-54846
-53892
-52637
-51398
-50442
-50022
-50390
-51231
-52288
-53169
-53590
-53619
-52980
-51836
-50361
-48540
-46794
-45358
-44769
-45417
-47069
-49510
-52258
-54834
-56950
-58356
-59082
-59277
-58953
-58435
-58192
-58148
-58272
-58464
-58499
-58425
-58161
-57921
-58040
-58687
-60106
-62081
-64368
-66678
-68370
-69226
-69148
-68018
-65949
-63249
-60363
-57388
-54465
-51936
-49836
-48213
-47169
-46727
-46827
-47387
-48218
-48910
-49341
-49559
-49604
-49699
-49835
-50132
-50770
-51346
-51732
-51789
-51242
-50245
-48905
-47754
-47123
-47114
-48081
-49696
-51858
-54379
-56857
-59298
-61211
-62381
-62928
-62803
-62314
-61721
-61101
-60471
-59749
-58879
-57772
-56471
-55151
-53849
-52674
-51629
-50718
-50155
-49898
-50262
-51462
-53283
-55674
-57871
-59382
-60171
-60020
-59487
-58711
-57771
-57199
-56963
-57079
-57218
-57143
-56840
-55898
-54323
-52230
-50097
-48582
-47960
-48615
-50357
-52820
-55667
-58241
-60359
-61765
-62105
-61402
-59879
-57847
-55540
-53391
-51353
-49456
-48051
-46961
-46605
-47355
-49140
-51949
-55451
-59640
-64144
-68330
-71853
-73939
-74392
-73313
-70812
-67718
-64425
-61330
-58682
-56300
-54535
-53016
-51476
-50054
-48413
-46822
-45361
-44126
-43276
-42575
-42379
-42767
-43741
-45316
-47100
-49144
-51056
-52550
-53757
-54467
-55042
-55557
-55993
-56693
-57470
-58482
-59665
-60613
-61277
-61541
-61497
-61214
-60910
-60827
-60907
-61009
-60789
-60213
-59309
-58170
-57088
-56176
-55688
-55464
-55336
-55375
-55241
-54967
-54528
-53902
-53357
-52832
-52515
-52251
-51880
-51602
-51237
-51081
-51151
-51051
-50753
-50148
-49430
-48805
-48421
-48564
-49197
-50283
-51657
-53046
-54403
-55562
-56445
-57101
-57433
-57506
-57449
-57521
-58029
-58987
-60416
-62030
-63342
-64273
-64742
-64813
-64675
-64156
-63353
-62324
-60946
-59466
-57983
-56657
-55432
-54139
-52872
-51416
-49800
-48023
-46172
-44504
-43160
-42619
-42932
-44051
-45685
-47269
-48706
-49631
-49973
-49811
-49353
-49189
-49429
-50441
-52259
-54555
-57388
-60276
-63106
-65927
-68326
-70355
-71782
-72532
-72796
-72122
-70652
-68389
-65226
-61929
-58495
-55262
-52695
-50543
-49466
-49464
-50345
-52333
-54510
-56307
-57148
-56510
-54951
-52655
-50310
-48520
-47061
-46300
-45808
-45333
-45035
-44371
-43818
-43328
-42979
-43442
-44158
-45476
-47355
-49288
-51634
-53789
-55639
-57145
-57988
-58804
-59547
-60166
-60711
-60720
-60368
-59312
-57399
-55135
-52506
-50204
-48781
-48386
-49482
-51864
-55300
-59563
-63989
-68207
-71752
-74133
-75407
-75339
-74225
-72569
-70229
-67701
-65203
-63028
-61365
-59655
-58064
-56034
-53400
-50803
-47772
-44929
-42542
-40523
-40017
-40676
-42705
-46316
-50389
-54779
-58579
-61534
-63858
-64931
-65260
-64591
-62861
-60505
-57390
-54214
-50961
-47917
-45764
-44409
-44317
-45290
-47198
-50255
-53808
-57621
-61241
-63962
-65817
-66649
-66480
-65641
-64119
-62245
-60059
-57631
-55583
-53820
-52709
-52523
-52947
-54187
-55376
-55884
-55575
-54036
-51934
-49313
-46599
-44515
-42804
-42240
-42588
-43546
-45304
-46993
-49237
-51818
-54446
-57747
-60795
-63849
-66364
-67541
-67945
-66908
-65174
-63145
-60793
-59235
-57911
-57206
-57004
-56476
-56023
-54762
-53233
-51654
-49752
-48892
-48412
-48538
-49330
-49583
-49936
-49815
-49570
-50043
-50550
-51696
-52992
-54157
-55358
-55652
-55473
-54344
-52240
-50016
-47358
-45550
-44761
-44798
-46539
-49223
-52938
-57052
-60535
-63651
-65576
-66511
-66683
-65897
-64934
-63612
-62336
-61417
-60528
-60078
-59665
-59422
-59656
-59846
-59974
-59627
-58629
-57136
-55088
-52854
-50607
-48759
-47903
-48072
-49340
-51772
-54915
-58108
-60925
-62750
-63238
-62378
-60215
-57465
-54376
-51292
-48683
-46504
-45304
-44850
-45116
-46132
-47528
-49919
-52648
-55503
-58443
-60501
-62034
-62566
-61985
-60856
-59129
-57572
-56088
-54770
-54036
-53539
-53576
-53889
-54453
-55408
-56430
-57648
-58740
-59768
-60636
-61104
-61297
-60818
-59820
-58272
-56247
-54225
-52358
-51054
-50211
-49902
-50136
-50756
-52032
-53427
-54890
-56415
-57525
-58240
-58164
-57430
-56328
-55054
-54134
-53427
-53306
-53850
-54517
-55299
-55735
-55667
-55235
-54459
-53787
-53398
-53388
-53776
-54488
-55401
-56299
-57189
-57874
-58363
-58666
-58581
-57958
-56724
-55135
-53210
-51379
-49863
-48569
-47920
-47680
-47914
-48771
-50067
-51812
-53581
-55352
-56932
-58203
-59316
-60076
-60748
-60942
-60553
-59745
-58179
-56464
-54503
-52235
-50271
-48380
-46913
-46239
-46398
-47794
-50271
-53554
-57158
-60451
-63113
-64641
-65064
-64338
-62439
-60017
-57078
-54029
-51178
-48387
-46219
-44403
-43066
-42658
-42932
-44194
-46197
-48700
-51362
-53519
-55107
-55672
-55537
-55197
-54926
-55439
-56244
-57340
-58718
-59993
-61720
-63532
-65460
-67543
-68955
-69797
-69911
-69232
-68067
-66480
-64872
-63095
-61132
-59283
-57444
-56196
-55901
-56566
-58270
-60421
-62655
-64369
-65067
-64792
-63236
-61101
-58651
-55691
-52999
-50022
-46905
-44241
-41662
-40022
-39153
-39088
-40243
-41924
-44417
-47010
-49346
-51328
-52019
-52229
-51681
-50646
-50414
-50345
-51111
-52853
-54800
-57319
-59344
-60550
-61127
-60417
-59287
-58014
-56679
-56035
-55818
-56326
-57507
-58938
-60994
-63373
-66249
-69679
-72557
-74734
-75394
-74063
-71534
-67232
-62584
-57902
-52398
-48065
-44053
-41272
-40647
-40449
-41719
-42632
-43171
-44383
-44819
-46432
-48063
-49521
-51620
-52208
-53239
-53493
-52494
-52012
-50257
-49571
-49562
-49824
-52137
-54052
-56792
-59196
-60115
-61172
-60276
-59535
-59087
-58367
-59576
-60307
-61640
-63268
-63518
-64325
-63774
-62870
-61959
-60183
-59483
-58247
-57931
-58152
-57603
-57975
-56597
-54872
-53055
-50222
-49076
-47735
-47369
-48112
-48265
-49323
-49146
-48542
-47422
-44656
-42629
-39912
-38016
-37771
-37812
-40009
-42606
-45795
-49751
-52762
-56409
-59508
-62240
-64935
-66274
-67721
-68215
-68198
-68446
-67864
-67889
-67582
-67435
-68182
-68404
-69316
-69696
-69325
-68751
-66616
-64417
-61865
-59271
-57442
-55179
-53776
-52745
-52178
-52625
-52511
-52784
-52544
-51543
-50674
-48714
-46911
-44863
-42522
-41289
-40161
-40303
-41481
-42824
-45177
-47059
-48746
-50068
-50119
-50258
-49793
-49537
-50193
-50667
-52184
-53780
-55151
-56720
-57149
-57322
-56794
-55999
-55680
-55026
-55409
-55841
-56248
-56741
-56103
-55924
-55383
-55475
-56989
-58790
-62685
-67064
-71669
-76368
-79142
-81199
-81010
-78913
-75989
-71330
-67122
-62466
-57634
-53832
-49497
-46274
-43316
-40687
-39886
-39062
-39763
-41144
-42379
-44886
-46455
-48231
-49676
-49911
-50988
-51140
-52013
-54185
-56266
-60023
-63279
-65944
-68371
-68597
-68218
-66568
-64160
-62605
-60671
-59801
-59500
-59380
-60411
-60853
-61916
-63046
-63092
-63408
-62217
-60446
-58543
-55073
-51746
-47619
-43102
-39801
-36777
-35712
-36631
-38926
-43494
-48548
-54046
-59470
-63485
-66769
-67909
-67224
-64696
-59790
-54732
-48923
-43642
-39632
-35640
-33719
-32756
-33021
-35308
-37854
-42066
-46217
-49859
-54214
-56882
-59342
-61057
-61244
-62306
-62340
-62111
-61729
-59602
-57834
-55173
-52603
-51248
-49645
-49977
-51045
-52856
-56051
-58231
-60687
-62074
-62040
-61907
-59957
-58007
-56123
-53920
-52956
-51792
-51403
-51847
-51987
-53248
-54050
-54785
-56255
-57008
-59039
-61320
-63454
-66796
-69324
-72088
-74272
-74943
-75572
-74171
-71774
-68444
-63387
-59286
-54792
-51022
-49148
-46832
-45809
-44730
-43262
-42722
-41102
-40408
-40114
-40081
-42360
-44681
-48264
-52227
-54851
-58119
-59792
-61042
-62628
-62348
-62738
-62259
-60941
-60611
-58738
-57646
-56839
-55863
-57346
-58724
-61336
-64353
-66128
-68805
-69829
-70771
-71547
-70493
-70053
-67817
-64760
-61625
-56813
-52762
-48192
-43776
-41064
-38385
-37686
-38393
-39486
-42046
-44105
-46354
-48422
-49118
-50184
-50106
-49793
-49767
-48528
-48184
-47449
-46918
-47973
-48814
-51364
-54098
-55689
-57225
-56554
-55036
-53053
-50376
-48726
-47441
-47773
-49514
-51834
-55273
-58408
-61676
-64607
-66694
-68732
-69645
-69981
-69552
-67887
-66007
-63277
-60386
-57355
-53789
-50767
-47578
-45623
-45072
-45502
-48561
-51860
-55520
-59070
-60918
-63142
-63771
-63535
-63134
-60884
-59173
-56871
-54929
-54409
-53200
-53567
-54255
-55063
-57251
-58601
-60885
-63286
-64977
-66988
-67086
-66282
-64097
-60132
-56250
-51308
-46684
-42620
-38585
-36115
-34080
-33255
-33912
-35252
-38362
-42097
-46512
-51453
-55272
-58385
-59981
-60019
-59450
-57717
-55728
-53718
-51950
-51740
-52263
-54026
-56972
-59573
-62660
-65003
-65924
-66287
-65200
-64240
-63350
-61905
-61018
-59120
-57150
-55283
-53098
-52236
-51534
-52370
-54849
-57774
-62254
-66347
-70104
-72883
-72815
-71102
-67221
-62259
-57362
-52324
-48624
-45982
-45217
-46553
-48884
-52911
-57046
-61092
-65205
-67867
-70408
-72099
-72669
-73143
-72055
-70486
-68204
-64665
-61286
-56987
-52875
-49352
-45797
-43587
-41618
-40348
-40027
-39431
-39556
-39178
-38057
-36806
-34469
-32512
-31096
-30742
-32528
-35293
-39543
-43924
-47597
-50771
-51866
-52006
-50544
-47844
-45901
-43973
-43632
-44514
-45902
-48704
-51647
-55512
-59986
-64156
-68583
-71862
-73998
-74940
-74266
-72894
-70555
-68066
-65889
-63697
-62227
-60930
-60029
-59557
-58752
-58276
-57454
-56155
-54805
-52806
-50803
-48983
-47730
-47625
-48353
-50054
-52497
-55704
-59657
-63812
-67839
-71336
-73759
-74510
-73636
-71050
-67257
-63474
-60494
-59505
-60316
-62108
-64437
-66187
-67169
-67162
-66015
-64373
-62251
-60152
-58076
-55665
-53549
-51297
-48986
-47040
-45234
-44174
-43717
-44220
-46001
-48401
-51753
-55175
-57830
-59576
-59332
-57469
-54118
-49302
-44311
-39257
-35088
-32591
-31467
-32402
-34734
-38198
-42600
-46641
-50470
-53158
-54303
-54507
-53174
-51245
-49031
-46449
-44376
-42706
-41779
-41325
-41250
-42140
-43549
-45822
-48969
-52515
-56537
-60248
-63362
-66031
-67592
-68355
-68393
-67443
-66723
-66391
-66660
-68039
-69714
-71674
-73193
-73464
-72554
-70001
-66557
-62719
-58874
-56031
-53802
-52417
-51709
-50824
-50161
-49159
-48063
-47601
-47611
-49137
-51800
-55189
-59119
-62169
-64794
-66424
-66894
-67205
-66468
-65501
-64136
-61572
-58897
-55696
-52733
-50509
-48646
-48163
-48270
-48903
-50002
-50620
-51662
-52447
-53155
-54306
-54728
-55525
-56570
-57677
-59579
-61190
-62720
-63549
-63056
-62042
-60183
-58094
-55975
-53668
-51747
-50051
-49000
-48332
-47506
-46853
-45924
-44953
-44657
-45076
-46788
-49582
-52695
-55988
-58617
-60597
-62154
-63016
-63851
-64102
-63433
-62140
-59848
-57259
-54575
-51960
-50079
-48556
-47774
-47608
-47456
-47943
-48578
-49460
-50770
-51730
-52800
-53229
-53096
-53060
-52403
-52089
-51891
-51807
-52755
-53711
-55126
-56841
-58033
-59412
-60321
-60888
-61413
-61252
-61164
-60525
-59035
-57183
-54236
-51468
-48934
-46319
-45072
-44769
-46149
-49315
-53301
-58552
-63990
-69171
-73331
-75527
-76739
-76748
-75992
-75125
-73984
-73058
-71673
-69615
-66850
-63290
-59997
-56913
-54512
-53026
-51659
-50691
-49244
-46811
-43834
-40135
-36671
-34015
-32407
-32567
-34094
-36434
-38949
-40781
-41692
-41424
-40283
-38869
-37488
-36832
-36903
-37773
-39459
-41296
-43381
-45233
-46737
-48229
-49342
-50751
-52534
-54454
-56758
-58566
-59847
-60585
-60263
-59857
-59486
-59762
-61604
-64115
-67340
-70488
-72708
-74077
-73801
-72313
-69841
-66819
-64178
-61896
-60642
-60115
-60168
-60972
-61406
-62097
-63097
-63970
-65540
-67261
-69342
-71625
-73274
-74709
-75357
-75464
-75100
-73771
-72053
-69213
-65496
-61112
-55931
-51261
-46957
-43921
-42516
-41806
-42475
-43509
-44777
-46612
-47901
-49372
-50677
-51536
-52232
-51996
-51541
-50624
-49151
-47695
-46119
-45690
-46122
-46930
-48077
-48229
-47981
-47127
-45313
-43606
-41707
-40527
-40261
-40092
-40489
-40447
-39774
-38925
-37863
-37699
-38615
-41033
-45006
-49452
-53863
-57285
-59393
-59796
-58402
-55926
-52569
-49472
-47064
-45436
-44955
-45256
-46793
-49503
-53315
-58613
-64842
-71519
-78333
-84788
-90409
-94694
-97009
-97282
-95791
-93266
-90962
-89040
-87551
-86212
-84329
-81789
-78152
-74149
-69989
-65702
-62433
-59582
-57662
-56852
-56294
-56893
-58146
-59912
-62260
-64045
-65311
-65711
-64946
-63387
-61242
-58778
-56039
-53243
-50264
-47230
-44509
-42026
-40411
-39944
-40805
-43169
-46225
-49753
-53047
-55331
-56701
-56471
-55023
-52900
-50118
-47759
-46004
-45334
-46149
-47752
-50127
-52601
-54786
-56265
-56511
-56099
-54697
-52715
-50406
-47377
-44378
-41338
-38698
-36733
-35126
-34593
-34920
-35949
-37627
-39399
-41531
-43699
-45705
-47931
-49529
-50363
-50519
-49646
-48778
-47675
-46468
-45637
-43979
-42392
-40883
-39220
-38384
-37392
-36906
-37112
-37748
-40079
-42667
-45022
-46704
-46265
-44821
-42009
-38570
-36046
-34001
-33910
-35064
-36533
-38797
-40171
-41468
-42952
-44446
-47479
-51184
-56544
-63506
-70164
-76809
-81458
-84139
-85668
-84874
-83641
-81618
-78884
-77493
-76392
-76861
-78858
-80931
-84378
-87610
-90297
-92761
-93741
-94627
-94570
-93071
-91002
-87420
-83805
-80364
-77180
-75672
-74307
-73651
-73491
-72529
-72098
-70964
-69860
-69366
-67800
-66372
-63994
-61236
-59460
-57460
-56570
-55855
-54573
-53314
-51008
-48403
-45317
-42007
-39497
-37622
-37388
-38637
-41040
-44644
-48366
-51823
-54314
-55217
-54547
-51946
-48106
-43640
-38632
-33965
-29625
-26357
-24986
-24974
-26784
-29484
-32714
-36222
-39136
-42199
-43746
-44316
-44358
-43275
-43898
-45234
-47553
-51121
-53419
-56396
-60928
-65632
-70105
-74983
-78248
-78279
-77875
-76039
-73261
-71125
-67387
-63137
-58214
-52599
-48144
-44392
-42274
-41592
-42316
-44481
-46433
-48208
-49145
-50074
-51178
-51755
-52763
-52903
-53124
-53667
-53842
-55426
-57153
-59164
-60878
-60542
-59013
-54838
-48858
-42102
-34455
-28390
-23471
-20068
-18590
-17881
-18960
-21158
-24478
-28940
-33505
-38744
-43372
-46788
-49389
-50490
-50863
-50373
-48586
-45803
-41536
-36856
-32454
-28835
-27007
-26360
-27201
-29315
-32619
-37263
-42844
-49242
-53899
-56931
-58431
-57752
-56775
-54090
-50771
-48021
-45328
-44640
-44984
-46849
-50826
-55472
-61139
-66643
-72084
-78150
-83211
-86604
-87541
-85689
-82198
-78229
-75402
-75163
-77904
-82432
-87003
-90503
-91455
-90108
-87897
-84862
-81912
-79257
-76893
-76095
-75826
-75604
-75291
-73664
-71225
-67884
-63836
-59819
-55953
-52831
-50478
-49205
-48898
-48845
-49201
-49853
-50541
-51000
-50994
-50904
-51322
-52717
-55256
-58653
-62545
-66495
-70157
-73872
-77500
-80870
-83843
-85267
-84557
-81419
-76128
-69700
-63482
-58756
-55458
-54182
-54533
-55593
-57345
-57975
-57505
-55950
-52574
-48780
-44452
-41012
-40063
-41023
-44744
-49642
-53849
-57084
-57669
-56138
-53045
-48244
-43580
-39398
-36119
-34111
-32210
-30944
-30262
-30096
-31189
-32317
-33151
-33796
-33626
-33196
-33200
-34294
-36855
-41066
-47002
-54681
-64233
-74883
-86766
-97648
-104082
-106876
-104963
-98088
-88606
-77454
-68220
-62481
-59559
-59065
-59815
-63003
-67213
-71459
-76895
-81701
-86540
-90569
-92023
-92212
-89951
-86167
-81472
-74500
-66969
-57994
-47796
-38854
-31101
-26416
-25266
-26559
-30393
-34777
-38654
-40882
-40569
-38654
-34389
-28806
-22966
-17138
-13214
-10871
-10904
-13669
-17561
-22370
-26608
-30749
-34681
-37728
-41661
-45603
-51041
-58320
-65452
-72954
-78370
-81625
-83355
-82965
-81873
-78119
-71969
-64901
-56677
-49445
-42885
-37004
-33525
-32172
-33382
-36470
-40090
-43987
-47121
-50167
-53350
-55279
-56959
-58263
-58864
-61044
-64728
-69233
-74603
-79123
-82220
-83350
-82239
-80432
-78745
-78347
-79212
-80951
-83215
-84733
-86293
-86966
-86760
-86540
-85002
-83934
-82806
-80597
-78413
-74578
-69423
-63278
-55849
-48161
-39756
-31124
-22741
-15606
-10867
-8169
-8740
-11699
-15783
-20428
-23273
-25232
-25899
-25206
-24910
-24086
-24613
-25866
-27688
-30727
-32929
-36527
-38615
-39266
-40260
-38158
-36574
-33724
-29885
-28156
-25555
-26402
-29597
-33871
-41598
-48933
-57942
-66924
-73986
-83034
-90870
-97316
-101842
-102136
-101492
-98930
-94971
-91477
-86425
-81570
-77399
-74085
-73465
-73575
-74759
-76445
-75975
-75161
-73569
-71200
-68819
-64699
-60376
-56154
-52166
-49248
-47293
-46452
-45663
-45613
-44606
-41800
-38158
-32194
-25927
-20013
-14835
-12214
-11075
-12165
-16079
-22407
-30760
-38873
-45188
-48943
-49738
-48727
-46460
-43089
-40406
-37918
-34580
-30584
-24630
-18406
-12709
-8389
-8905
-13032
-22653
-37597
-53046
-70443
-85486
-96654
-106882
-110477
-111342
-111032
-106684
-104347
-100603
-96483
-94229
-89719
-87724
-85664
-83184
-83116
-81716
-82320
-83304
-83794
-85843
-86287
-87977
-89424
-90003
-92787
-95290
-100628
-107975
-114350
-120467
-121705
-118390
-111022
-99488
-87605
-75022
-64218
-56048
-48845
-43986
-39560
-36377
-35075
-33769
-34223
-35653
-37375
-39890
-41048
-40926
-39786
-37382
-34746
-31510
-27907
-24651
-21519
-18482
-14995
-10914
-6247
-1019
4306
9880
14552
18208
21475
23261
23987
22957
19273
13242
5416
-2624
-10642
-17231
-22738
-28264
-33208
-39230
-44358
-47382
-49899
-51943
-56040
-62086
-67469
-72163
-75440
-76765
-78013
-79918
-82724
-86108
-89067
-91475
-89604
-83122
-74891
-65502
-58981
-55521
-54112
-56441
-59891
-64045
-68886
-73194
-78763
-83274
-85414
-86374
-83703
-79678
-75669
-71477
-69885
-69060
-70956
-75163
-79149
-86035
-91622
-96281
-101383
-103255
-104506
-102636
-97720
-92461
-85332
-78998
-72878
-67282
-63793
-61219
-60393
-60453
-61142
-61240
-59507
-57151
-53557
-49750
-46516
-42670
-39877
-38521
-36087
-35656
-35791
-33302
-33517
-32840
-32238
-34658
-35376
-40084
-46515
-52603
-60866
-66297
-71787
-75824
-77813
-79341
-76943
-74644
-70681
-65712
-62652
-59887
-60896
-61938
-63416
-65151
-65034
-68605
-70643
-73580
-77972
-77640
-78327
-75086
-70044
-68457
-64616
-62854
-60382
-55792
-52904
-48226
-46274
-46166
-45658
-48491
-50767
-53993
-58149
-60191
-62929
-63395
-62644
-62820
-61714
-61993
-61521
-59073
-55959
-49679
-42960
-36098
-27662
-20578
-13363
-5823
686
8125
14921
19868
24395
27160
27570
26654
23789
19715
15468
10379
5756
974
-4681
-9671
-15515
-21263
-26965
-33432
-38614
-43978
-48326
-51209
-53766
-55471
-58129
-60755
-63758
-67440
-70257
-73541
-76949
-80397
-83967
-87056
-89116
-89615
-89642
-88601
-87253
-86390
-84017
-81267
-77565
-72250
-68103
-64307
-61327
-60067
-59546
-60924
-62876
-65066
-67708
-69395
-71122
-72082
-72543
-73173
-72964
-72989
-72780
-73201
-74857
-76747
-80210
-84374
-89288
-94583
-98658
-102144
-103365
-102804
-101082
-97283
-92948
-87701
-82208
-77056
-71783
-67450
-62838
-58212
-53637
-47797
-43273
-39981
-38325
-40450
-43535
-48328
-54481
-58610
-62698
-65751
-67494
-70267
-72691
-75362
-77808
-79544
-79168
-74913
-71723
-67251
-60743
-56762
-52234
-50054
-49985
-50085
-52516
-52932
-53434
-53789
-52313
-51822
-48415
-44860
-41184
-35360
-31925
-27494
-25473
-26239
-25509
-29134
-31316
-31289
-31557
-27317
-25529
-23499
-20458
-19276
-13206
-9333
-6095
-2726
-6164
-8358
-13366
-20706
-26177
-36249
-43931
-50984
-58167
-61049
-66257
-68163
-67553
-66348
-58720
-51840
-44259
-36747
-34512
-33396
-36727
-41591
-45727
-52341
-56574
-60976
-65120
-66972
-70411
-71703
-72247
-72811
-70443
-68265
-64110
-58918
-55541
-52121
-50588
-49939
-49389
-50289
-51688
-54234
-57600
-62338
-69333
-78550
-90607
-103086
-114416
-123561
-129527
-133288
-133454
-130649
-126204
-120093
-114467
-108622
-102350
-96868
-91138
-85513
-79620
-73480
-68148
-62485
-56644
-50958
-45260
-40983
-38351
-37736
-39300
-41470
-43915
-46034
-47486
-48943
-49886
-50435
-50360
-49117
-47202
-44252
-40663
-37296
-34324
-32582
-31967
-32126
-33243
-34440
-35276
-35575
-34929
-33627
-31616
-29604
-27936
-26601
-26822
-27363
-28253
-29948
-30236
-30699
-30284
-28242
-27583
-26097
-25784
-27431
-28566
-32175
-35828
-39971
-44985
-46379
-46975
-44962
-39737
-34018
-26029
-19814
-15559
-12448
-12768
-13793
-17380
-23959
-31866
-42544
-53008
-62486
-70455
-74677
-76730
-75529
-71134
-65867
-59138
-52781
-48357
-45138
-43579
-43144
-43373
-44193
-44813
-45620
-47117
-49482
-53558
-59017
-65087
-71210
-75998
-78902
-79197
-76580
-71835
-65536
-59501
-54863
-53035
-54807
-58818
-65778
-74430
-83191
-92431
-100161
-106785
-112183
-115607
-118497
-119522
-119890
-120298
-119708
-119678
-118402
-115915
-112593
-107129
-101593
-95256
-88621
-82721
-76296
-71467
-67729
-65122
-65377
-67187
-71378
-76737
-81682
-86444
-88656
-88442
-85414
-79226
-71786
-62840
-54604
-48391
-43755
-41818
-41759
-43315
-45788
-49193
-53361
-56046
-58413
-59400
-58144
-56765
-53690
-50631
-48153
-44198
-40876
-36346
-31348
-27634
-22523
-18933
-15821
-11733
-9671
-6739
-4155
-3063
-1456
-1704
-2642
-4666
-8093
-10539
-13525
-15471
-16306
-16774
-15437
-13975
-11790
-10026
-10067
-11554
-16102
-22256
-29346
-36151
-40720
-43811
-44288
-42810
-39909
-35246
-30822
-26451
-23129
-20976
-19169
-19499
-21088
-24978
-31359
-38915
-48963
-58746
-67899
-76316
-82059
-87155
-89957
-91071
-92165
-90633
-88398
-85664
-82068
-79915
-78052
-77204
-77475
-77827
-79674
-82094
-84920
-88065
-90724
-93223
-94356
-95102
-95842
-95614
-96041
-96070
-95575
-95825
-95346
-94965
-94428
-92812
-90893
-87614
-83725
-79264
-73871
-68870
-63594
-58679
-54100
-49332
-45388
-42019
-39673
-38494
-37733
-37035
-36421
-35319
-33718
-32886
-32794
-34491
-37971
-42519
-48342
-53756
-58264
-60908
-61166
-59180
-54758
-50002
-45426
-42357
-41574
-42003
-44810
-48477
-52500
-57414
-61326
-65316
-69324
-72658
-76160
-78389
-79087
-78287
-75446
-71807
-67558
-63266
-60467
-59207
-60393
-63812
-68761
-75773
-82433
-87793
-91182
-91132
-89085
-84141
-77152
-69829
-61925
-55097
-48600
-43060
-39278
-36045
-34856
-34685
-35122
-36571
-36880
-36640
-35522
-33371
-31251
-28633
-26898
-25585
-24432
-24138
-22728
-21627
-21490
-21786
-23504
-25285
-27752
-29775
-29845
-29550
-28038
-26939
-26701
-26050
-26830
-28045
-29909
-32606
-34292
-36018
-36995
-36949
-37130
-36680
-36722
-37204
-37402
-38584
-39193
-39694
-40731
-40906
-42018
-43634
-45940
-49669
-53114
-57273
-61161
-64601
-68983
-73058
-77485
-81359
-83698
-85503
-86517
-88227
-90641
-92200
-93040
-93035
-92770
-92785
-93175
-93939
-94839
-95950
-96033
-94954
-93509
-91216
-88588
-86368
-84703
-82525
-79553
-76420
-70888
-63291
-55367
-47092
-40775
-36401
-33661
-33752
-35440
-38354
-41114
-42884
-44197
-43816
-42704
-41066
-38448
-36423
-35077
-35055
-36641
-39404
-43270
-47233
-50871
-52522
-52246
-50903
-48161
-46457
-45610
-45686
-46815
-46804
-46876
-45892
-44285
-43798
-43439
-44828
-46561
-48175
-49497
-48644
-47615
-45688
-44457
-45560
-47586
-52603
-57932
-61724
-64069
-62489
-58904
-53856
-47910
-42389
-36797
-32863
-29856
-28174
-28211
-28619
-31391
-34836
-38435
-42949
-46713
-52133
-58749
-66084
-74487
-80559
-84185
-84726
-82192
-78459
-73166
-67930
-64102
-62234
-63155
-66309
-71445
-77176
-82103
-85949
-87797
-88163
-87043
-84614
-82263
-79566
-77726
-76277
-74517
-74233
-74349
-75632
-77821
-79730
-82283
-83812
-84938
-85518
-84300
-82529
-78917
-74108
-69243
-63523
-58305
-53087
-48110
-44727
-42001
-41040
-41593
-42637
-44281
-44723
-44151
-42594
-40012
-37463
-34263
-31173
-28365
-25649
-23988
-23072
-23411
-25133
-27590
-31305
-35893
-40756
-45850
-49998
-52928
-54778
-54824
-53597
-51483
-49042
-47375
-46808
-47722
-49506
-51379
-53453
-54931
-55204
-54982
-54031
-52486
-51919
-52375
-54527
-58920
-63884
-69566
-75555
-80679
-85018
-87330
-88110
-87965
-86081
-83344
-79238
-73894
-68468
-62573
-57233
-52722
-48643
-45446
-43437
-41971
-39023
-36019
-33310
-29109
-25856
-23385
-20861
-20084
-20088
-20652
-22293
-23899
-25679
-27933
-30522
-34124
-38047
-42288
-47255
-51564
-55120
-57315
-57615
-56677
-54494
-52064
-49705
-47608
-46174
-44688
-43560
-43158
-43439
-45132
-48443
-52689
-57495
-61294
-61981
-59917
-54991
-48166
-41879
-36657
-34180
-34695
-36825
-40954
-46160
-52095
-58999
-65691
-72500
-79053
-84344
-88413
-89942
-89582
-88303
-85561
-82972
-80443
-78335
-77747
-77507
-78835
-81333
-84169
-87884
-90580
-92577
-93788
-93866
-93600
-91654
-88805
-85089
-80189
-75768
-71715
-69001
-67808
-67648
-68717
-69082
-68682
-67282
-64135
-60689
-56990
-54131
-52818
-52255
-52868
-53438
-53818
-54041
-52697
-50348
-46534
-41492
-35998
-29214
-22134
-15001
-7892
-1558
3893
7489
9373
9358
7471
3974
-2132
-10310
-20987
-33284
-45006
-55845
-63343
-66954
-67323
-63825
-58430
-51788
-44897
-39676
-35991
-34709
-36052
-39337
-44101
-49195
-53968
-58025
-60822
-62492
-63382
-63579
-63720
-64176
-64921
-65934
-67295
-69226
-71261
-73526
-75199
-75419
-74960
-73054
-70202
-67364
-63739
-59940
-56075
-52018
-48900
-47429
-48414
-52008
-57151
-63113
-69375
-75178
-79677
-82239
-82277
-79658
-74845
-67898
-60103
-52617
-46035
-41936
-40093
-40964
-44357
-48695
-54768
-61193
-67797
-75137
-81060
-86825
-91608
-94024
-95552
-94469
-91314
-86360
-78890
-71197
-62915
-55472
-49693
-44757
-42514
-41114
-40505
-40899
-40447
-40876
-40981
-40900
-41391
-40601
-40449
-40261
-39722
-39877
-39231
-39710
-40431
-40508
-41557
-41541
-41582
-41751
-41184
-41686
-42119
-43326
-45336
-47490
-51339
-55525
-60593
-66103
-70210
-73497
-74180
-72852
-70373
-66039
-61979
-58063
-54927
-53503
-52817
-53788
-55397
-57680
-60990
-63707
-66988
-70266
-73252
-76474
-78508
-80578
-82323
-83093
-83732
-83000
-81164
-78283
-74639
-71343
-67979
-65024
-62392
-59870
-57807
-56025
-54588
-52712
-50471
-48216
-45778
-43822
-42015
-40780
-40256
-39405
-39052
-38871
-39016
-40697
-43282
-47270
-51594
-54946
-57586
-58231
-57642
-55934
-52661
-49080
-44695
-40230
-35990
-31638
-28062
-24534
-21707
-19708
-17820
-17136
-16817
-17302
-19631
-22933
-27869
-33753
-40007
-47043
-53762
-60042
-65243
-68782
-70845
-70822
-69183
-66356
-62881
-59320
-55418
-51660
-48124
-45462
-44226
-43845
-44647
-45718
-46635
-48149
-49329
-50693
-52189
-52980
-54180
-55314
-56928
-59628
-62482
-66001
-69204
-71890
-74547
-76807
-79287
-80802
-81060
-80591
-78964
-77405
-75864
-74068
-72886
-71907
-70979
-69930
-68559
-67042
-65299
-63994
-63399
-63630
-64927
-66714
-69163
-71959
-74697
-77848
-80415
-82147
-82926
-81874
-79785
-76626
-73108
-70688
-69294
-69737
-71620
-74385
-77859
-80584
-82556
-83123
-81707
-78521
-73424
-68377
-63821
-59637
-56603
-53785
-51481
-48717
-44958
-42480
-41013
-41293
-43631
-46034
-48199
-47817
-44129
-38617
-31220
-23516
-15577
-7707
-1706
2606
4128
2504
-2263
-10478
-20389
-31337
-41840
-49886
-55290
-57683
-57712
-57764
-56568
-52369
-49413
-46203
-40896
-38072
-36000
-35160
-37539
-40332
-43275
-46211
-48994
-51557
-52856
-52518
-51700
-51541
-51713
-52638
-53288
-53158
-52893
-50925
-48202
-45121
-40474
-36366
-33205
-31328
-30685
-30147
-31855
-34205
-37293
-43605
-49967
-56903
-64148
-69250
-74041
-77349
-78429
-77642
-73664
-67844
-60832
-53342
-46939
-42055
-39630
-39445
-42598
-49561
-58752
-69952
-80091
-87601
-92732
-94767
-94854
-93629
-92243
-91171
-92374
-94267
-96149
-100015
-100555
-100862
-99343
-94672
-91883
-85177
-80812
-76568
-70361
-69745
-65773
-64705
-65247
-61750
-62820
-60039
-57897
-58666
-56567
-59532
-60929
-62676
-66899
-66749
-68767
-67585
-64049
-62015
-55754
-52370
-49321
-46556
-48198
-48550
-51952
-55409
-57142
-60468
-60127
-59684
-58147
-54474
-52900
-50341
-49993
-50840
-51097
-53308
-52227
-50505
-47845
-41770
-37825
-32990
-28987
-27139
-23617
-21673
-19105
-16317
-14897
-12151
-10777
-9513
-8402
-9645
-11311
-15289
-20632
-25448
-30521
-33385
-34654
-35198
-34833
-35477
-36568
-38861
-42425
-46197
-50906
-54860
-58238
-60822
-61210
-60715
-58909
-56528
-54096
-50531
-46419
-41236
-35046
-28441
-21496
-15600
-11796
-10469
-11925
-15846
-21831
-29395
-37491
-45218
-51625
-56445
-60097
-62233
-63272
-63436
-62600
-61753
-60731
-59775
-59562
-59866
-61312
-63518
-66344
-69860
-73128
-76745
-80094
-82708
-85157
-86482
-87237
-87537
-87476
-88202
-89118
-90618
-92611
-94222
-96016
-97279
-98056
-98765
-98401
-97427
-95281
-92095
-89153
-85629
-83045
-81228
-79134
-78023
-76309
-74739
-73492
-71599
-70592
-68962
-67462
-66520
-64629
-63249
-61080
-58769
-57463
-55607
-55285
-55982
-57464
-61094
-64494
-68580
-72758
-75165
-76702
-75460
-72140
-66960
-59445
-52060
-44288
-37566
-32543
-28658
-27654
-27726
-29008
-31489
-33136
-34654
-34746
-33630
-31874
-28508
-25794
-23742
-22852
-24240
-26440
-30434
-34956
-39165
-44004
-48501
-51966
-52618
-52261
-50675
-46556
-43171
-38731
-33858
-30054
-26554
-25773
-25709
-27417
-31880
-36769
-44631
-52609
-59503
-65939
-67575
-65977
-61490
-54961
-48936
-42164
-37406
-33853
-30842
-30433
-29580
-29637
-30418
-30593
-32492
-34365
-37399
-41208
-43872
-46879
-47652
-47220
-46433
-44424
-44096
-44013
-44897
-47068
-48156
-49618
-49868
-49559
-50085
-50581
-53292
-57125
-62230
-68981
-75017
-81484
-86684
-90293
-93596
-94714
-95657
-96210
-95890
-96253
-95469
-94503
-92652
-89222
-86183
-82289
-79076
-76812
-74577
-73778
-72937
-72447
-71808
-70035
-68977
-67969
-67970
-69599
-72275
-76905
-82031
-87539
-93294
-98421
-103036
-105649
-106550
-105520
-102184
-98005
-92735
-86978
-80777
-73983
-67790
-61706
-56336
-52033
-48154
-45146
-42267
-39052
-35009
-29986
-24920
-19571
-15909
-14802
-15154
-18067
-20947
-23052
-25132
-25134
-25987
-26527
-25939
-26460
-24497
-22747
-20677
-16264
-13868
-10514
-8684
-9723
-10573
-15707
-21428
-26817
-33449
-36292
-38596
-39318
-37264
-36472
-33727
-31790
-31611
-31026
-34073
-37440
-41580
-47973
-52902
-59683
-66192
-71596
-78110
-81407
-83777
-84699
-82742
-81688
-78907
-76290
-75482
-74293
-75260
-76398
-77785
-80693
-82601
-85573
-87951
-88412
-88584
-85915
-82127
-77742
-72606
-69465
-66777
-66237
-67940
-70010
-73738
-76145
-77414
-77303
-73904
-69198
-61639
-52686
-43539
-33430
-25545
-19303
-15737
-15717
-17213
-21144
-25424
-29360
-33299
-35667
-38293
-40215
-41070
-41899
-40864
-39324
-36541
-33045
-29731
-24615
-21114
-16397
-10566
-7256
-2860
-1384
-1495
-1735
-5264
-7914
-12739
-18996
-24379
-31460
-36729
-42366
-48686
-53426
-59843
-67139
-74120
-81385
-91290
-101982
-108979
-114626
-115967
-113119
-111463
-108113
-105315
-103925
-100982
-99200
-97532
-96296
-95798
-94927
-95609
-95994
-96956
-98790
-99230
-100891
-102542
-102937
-103464
-102907
-100636
-96903
-93296
-88797
-83246
-77773
-70846
-65278
-61008
-57043
-54798
-51906
-49880
-48412
-47066
-47918
-48483
-49488
-49637
-48248
-47404
-44815
-42335
-38919
-33564
-28513
-21170
-14176
-7714
-563
4116
8541
11225
11411
11224
8603
5500
2072
-2565
-5990
-9177
-11186
-10993
-10888
-9095
-6513
-4233
445
2199
2971
706
-9797
-14777
-22736
-33550
-35147
-41676
-43515
-41681
-44014
-40951
-42914
-44054
-45739
-53540
-56910
-64970
-70580
-71802
-75516
-70909
-67919
-64559
-57637
-57376
-53188
-51504
-52398
-48307
-49835
-48304
-46890
-48852
-45402
-45784
-43648
-38964
-36649
-29681
-24391
-15502
-4982
723
8900
10923
9081
7229
-422
-7650
-16993
-27024
-33984
-41661
-45712
-48690
-51741
-52222
-54051
-54291
-53589
-53873
-52721
-53387
-54616
-55782
-59636
-63916
-69474
-77164
-84363
-91478
-97953
-102550
-106905
-110093
-112094
-113701
-113176
-112324
-111585
-110804
-111489
-111699
-111657
-111460
-110210
-109247
-107733
-106113
-104788
-102968
-102233
-101919
-102127
-104571
-108486
-113989
-120396
-126004
-130214
-132232
-132171
-130318
-127649
-125012
-122253
-120610
-119484
-118335
-118026
-117334
-116339
-114834
-112068
-109188
-106189
-103746
-102598
-102037
-102346
-103035
-103540
-103658
-102551
-100461
-97269
-92981
-87943
-81971
-76113
-70798
-66602
-64426
-63613
-64325
-65943
-67750
-70043
-72042
-73790
-74661
-74259
-73215
-71199
-69271
-67972
-67189
-67683
-69220
-71524
-74549
-76797
-77519
-76818
-73438
-68750
-63193
-56639
-51530
-47271
-44912
-44411
-44458
-45616
-45739
-45202
-43665
-41197
-39158
-36299
-34568
-33587
-33178
-34438
-35205
-36450
-37103
-36398
-35684
-33301
-30378
-26940
-22638
-19414
-16691
-15112
-14720
-14406
-14600
-14546
-14090
-13593
-13294
-13483
-14445
-16078
-18223
-22099
-25254
-28326
-32066
-33041
-35144
-35717
-33491
-31983
-26694
-21883
-17390
-12025
-10585
-8766
-8652
-9683
-9049
-9401
-7430
-6533
-8477
-10590
-16127
-23278
-29766
-35210
-37394
-38097
-39441
-39422
-38257
-37135
-34783
-32949
-31310
-29459
-30214
-32196
-36163
-42220
-48632
-57006
-64430
-69972
-74410
-76383
-78633
-80188
-80430
-79734
-75758
-71364
-65770
-59019
-54226
-49446
-46187
-42867
-38054
-33417
-27142
-22674
-19340
-16302
-16969
-18431
-21829
-26043
-28978
-33952
-39264
-45135
-50289
-52106
-51530
-47425
-42641
-38913
-37093
-39206
-41825
-44825
-48498
-51392
-54417
-55434
-54602
-53242
-49687
-45740
-41116
-34746
-28814
-20918
-12627
-6227
229
3180
4092
4031
1409
386
-1083
-2992
-3763
-6133
-7959
-10847
-15676
-20902
-28447
-35821
-43398
-52252
-60506
-69627
-78185
-86385
-96160
-106465
-117773
-131274
-146111
-155248
-160182
-165534
-163477
-160161
-158167
-150696
-147931
-147654
-147696
-152119
-152843
-154504
-156061
-154652
-156540
-155472
-155337
-156044
-151865
-149867
-144425
-136547
-129589
-117969
-107376
-95115
-81899
-71981
-60726
-52862
-45910
-39157
-36741
-33518
-33182
-33478
-31603
-32206
-30176
-28054
-26280
-21969
-20474
-19295
-20164
-23903
-26589
-29632
-29564
-28053
-25366
-19264
-13474
-5229
3662
11816
21138
27785
33690
37970
39620
41253
40689
39653
38252
35290
32027
27743
22688
16329
10697
6514
2029
-6704
-20644
-31202
-44684
-59671
-67675
-80493
-88965
-90720
-94459
-91684
-92392
-95436
-96797
-104409
-108156
-113317
-121304
-123833
-129605
-133167
-134033
-137428
-137870
-141782
-146742
-150309
-157330
-161020
-163687
-165335
-162261
-159235
-154949
-150405
-146337
-141253
-137761
-134716
-132163
-129288
-121682
-110759
-96525
-77098
-58625
-43376
-29848
-19889
-10535
-1980
3329
7598
9839
10918
12260
12277
12457
11921
9850
7931
5447
3582
3288
4207
6489
9286
12115
15110
17617
18973
20665
19367
18174
19843
16714
17416
18509
15163
17026
14101
12114
13092
11032
15117
18129
21776
24856
19143
9367
-9394
-30337
-46454
-68457
-83595
-85262
-95647
-104056
-108279
-123062
-127212
-128967
-131528
-123446
-123582
-119414
-115071
-118023
-111894
-114399
-116381
-116297
-124779
-123891
-128128
-130031
-124806
-127890
-122869
-123191
-125603
-121049
-125425
-121592
-119783
-122085
-116211
-118129
-110157
-97420
-89737
-74061
-67697
-60975
-52602
-52210
-45557
-44932
-44538
-39617
-41758
-37827
-35028
-34126
-27484
-25291
-19731
-13288
-8844
427
5095
9328
13055
12435
14415
13056
11635
11734
10888
12418
10943
11393
11526
8756
8100
3763
1239
-1226
-6038
-7881
-12305
-13747
-12999
-13185
-9634
-8916
-8368
-8579
-13650
-18289
-25860
-33342
-38997
-47020
-52807
-62245
-75200
-80258
-86528
-93423
-91161
-90848
-86240
-75084
-69719
-63997
-62606
-63170
-61209
-63101
-62377
-65178
-70296
-73236
-80200
-83803
-87962
-92685
-93255
-97048
-97704
-97544
-100570
-101230
-104936
-107569
-109131
-112782
-113035
-114807
-113633
-107792
-103095
-94362
-85424
-76386
-65551
-57708
-48837
-41570
-36088
-29395
-25454
-20885
-17449
-16025
-13247
-12604
-11785
-12330
-14756
-15083
-16361
-14936
-11491
-7750
-1827
712
4017
6165
4700
5406
2299
-764
-3852
-10248
-12983
-18407
-23970
-28109
-35736
-39558
-44258
-48685
-49437
-52771
-53621
-55437
-59087
-60658
-65529
-69070
-72726
-78218
-81426
-87637
-93872
-100939
-111107
-119424
-130127
-136973
-140452
-146534
-142574
-135224
-125863
-108939
-97487
-85633
-75961
-73085
-67655
-66709
-66041
-65966
-71008
-71192
-72510
-73099
-71728
-76129
-78235
-82256
-87055
-85698
-84843
-78457
-68226
-59294
-48148
-39970
-33172
-27794
-26440
-26064
-29390
-34806
-42133
-52728
-62041
-71708
-79983
-84796
-89003
-89125
-86456
-82650
-75785
-68942
-60842
-52397
-45082
-37313
-32686
-28506
-26269
-27973
-28120
-31407
-34727
-36374
-40561
-41428
-43044
-43194
-39115
-37274
-32218
-27438
-23889
-17513
-15033
-13900
-15860
-22432
-29741
-41886
-54166
-65744
-77417
-84465
-90796
-93867
-95240
-97572
-97100
-100088
-104950
-112769
-125512
-134562
-141471
-143119
-141505
-137786
-125794
-120397
-117606
-110174
-106615
-98994
-94168
-90015
-79173
-74819
-70373
-69266
-74442
-77471
-86094
-89288
-85698
-82221
-72137
-66061
-60946
-53495
-49494
-40769
-32791
-24456
-14576
-10878
-6547
-6077
-6711
-3227
-2663
-204
-433
-687
3137
4664
9592
12995
16416
20744
19391
19233
15056
11264
11334
7427
7042
3791
-2173
-4366
-9555
-11047
-11764
-14263
-16085
-25798
-34178
-39959
-47210
-49403
-53955
-59352
-62929
-66206
-61928
-54024
-44413
-34535
-31151
-31667
-37630
-47900
-56389
-64470
-68905
-69890
-70868
-70160
-71206
-73486
-72967
-71141
-69945
-69972
-71399
-71839
-70153
-69271
-67785
-66181
-64302
-60803
-57252
-49568
-42579
-37746
-32094
-31173
-31316
-34949
-42046
-47301
-56068
-64519
-72727
-81186
-84667
-86762
-84675
-80632
-78246
-74773
-75555
-77112
-77384
-78372
-75248
-71263
-65153
-56295
-48863
-39976
-33304
-29243
-26563
-28984
-32047
-36447
-42487
-46391
-51881
-56986
-61019
-65591
-67747
-70971
-75174
-79749
-86382
-91054
-95520
-98483
-97274
-94927
-89082
-81856
-75919
-69894
-66034
-63731
-63095
-64765
-66594
-68036
-67421
-64359
-60631
-56633
-53585
-51388
-49292
-47687
-45557
-43992
-43991
-44563
-46885
-49928
-51926
-53797
-55088
-55485
-54600
-52713
-51174
-49209
-47799
-47348
-46787
-46702
-45544
-43109
-40372
-36895
-33668
-30631
-28035
-26776
-26376
-27217
-28720
-30314
-32045
-32952
-33426
-32373
-29385
-25789
-20880
-16926
-14019
-11346
-11095
-11492
-13705
-17815
-22466
-30194
-39163
-48870
-58298
-65435
-71686
-76334
-81257
-86780
-91257
-95212
-95493
-92438
-87165
-79204
-72355
-66099
-60807
-58161
-55993
-56307
-58884
-63153
-71162
-80213
-90274
-101157
-110084
-117830
-121953
-122156
-121040
-116535
-111242
-106567
-100496
-95432
-90172
-84022
-78974
-74246
-70605
-68525
-67019
-66515
-67075
-68776
-72050
-75861
-80198
-84894
-88614
-92117
-94837
-96007
-96560
-95927
-94624
-93073
-90876
-88461
-85477
-82044
-77553
-71313
-62547
-51683
-40517
-28670
-19067
-12394
-7867
-7373
-8226
-10951
-14750
-17208
-20780
-22908
-23710
-24854
-24598
-25538
-26000
-25784
-27984
-30860
-36751
-43994
-51039
-59989
-66938
-73729
-79399
-82888
-86416
-83438
-79050
-75472
-66451
-59166
-51597
-42747
-38686
-34060
-31346
-31149
-29396
-29555
-29088
-28924
-29569
-28979
-29173
-25431
-19228
-12740
-5899
-4382
-5121
-8297
-13953
-17690
-21435
-22228
-22145
-22622
-21785
-23394
-23759
-24926
-27836
-29349
-33492
-36143
-38069
-41442
-42834
-45990
-49053
-51936
-56518
-59717
-63955
-66239
-66815
-67870
-66125
-66565
-66090
-64057
-63681
-59927
-57409
-54993
-51511
-50582
-47967
-46561
-46361
-45034
-45687
-45878
-45623
-46017
-45070
-44429
-43900
-43363
-44695
-46529
-49254
-51911
-53110
-54018
-52981
-51774
-50865
-49656
-50597
-51926
-54903
-59593
-64167
-69870
-74689
-78776
-82057
-83466
-84393
-84326
-83685
-83726
-83192
-81568
-79819
-76493
-72714
-69374
-65114
-62797
-60744
-58715
-58694
-57943
-59205
-61799
-64521
-69872
-73933
-77235
-79103
-77082
-74980
-71591
-68471
-67484
-65747
-65456
-65471
-65114
-66717
-68413
-70836
-73617
-74692
-74925
-73457
-70383
-67162
-63580
-60263
-57080
-53410
-49870
-46500
-43816
-41825
-39848
-38089
-35948
-33413
-31100
-29611
-30028
-32089
-35646
-40846
-46864
-52974
-58360
-62443
-65075
-66010
-65316
-63429
-60848
-57952
-54528
-50205
-45456
-40568
-35589
-31479
-28832
-28348
-30736
-35321
-42397
-51153
-59955
-69259
-77429
-84007
-89105
-90943
-91405
-90754
-89248
-88541
-86764
-84758
-82748
-79971
-78321
-77195
-76857
-77591
-78084
-78939
-79336
-78547
-77459
-75745
-73822
-72304
-70689
-69691
-69371
-69127
-69613
-70512
-72237
-74741
-76959
-79167
-80424
-81097
-81638
-81384
-80780
-79199
-76622
-72163
-65463
-58329
-50574
-43504
-39234
-37085
-36824
-37739
-38253
-37853
-36029
-33599
-31298
-28773
-25998
-22220
-18180
-14483
-11045
-8479
-6234
-5386
-5665
-6134
-7691
-8620
-9492
-10069
-9608
-10081
-9294
-8779
-8726
-7842
-9409
-10718
-13360
-18075
-22545
-29932
-37119
-44803
-53002
-58313
-63686
-65648
-64255
-61163
-54557
-49203
-44297
-40326
-39320
-38702
-40940
-43953
-46020
-48247
-48521
-49826
-52070
-54142
-57447
-60199
-63786
-66943
-68350
-69945
-69690
-69716
-70937
-71934
-75241
-77935
-79902
-82083
-81355
-80777
-79820
-77906
-77190
-75279
-74347
-74231
-73840
-74745
-74487
-75419
-77130
-78232
-81263
-82716
-83691
-83787
-80504
-77320
-72267
-66771
-61914
-55495
-51062
-47130
-44182
-43412
-42320
-43741
-46277
-49717
-55250
-59565
-64150
-67325
-68385
-69136
-67129
-65000
-62740
-59806
-58541
-56375
-55144
-54647
-52854
-52817
-53026
-54190
-57607
-61232
-65415
-69039
-71128
-72053
-72420
-70944
-68866
-67383
-64273
-62178
-59094
-55146
-52418
-47456
-43525
-38819
-34041
-32921
-31287
-33094
-37242
-41294
-48736
-54828
-60605
-65858
-66472
-65607
-61948
-56788
-52734
-47861
-45162
-44219
-44105
-46253
-48386
-51874
-56943
-62794
-70715
-78323
-84424
-87818
-88255
-87589
-85162
-81771
-77670
-72450
-67051
-61599
-56642
-51367
-45118
-37813
-29027
-19930
-10525
-1690
4963
9538
11194
10275
7456
2826
-3016
-10213
-18171
-26544
-34609
-41579
-47792
-52599
-56720
-60788
-64775
-69470
-73606
-76471
-77797
-77108
-75229
-72014
-68107
-63939
-59127
-54471
-49874
-46122
-43734
-42539
-43340
-45021
-47746
-51164
-53774
-56665
-58324
-58824
-59516
-59015
-58456
-57364
-55807
-55347
-54984
-55322
-55836
-55654
-54737
-52896
-50438
-47225
-44801
-42773
-42387
-44858
-48758
-56411
-65458
-74728
-84737
-92034
-98720
-104070
-107806
-112012
-114567
-117378
-120253
-122294
-124845
-126502
-127733
-127721
-126365
-124592
-120627
-114413
-105763
-94912
-83053
-70704
-58550
-47029
-36581
-26985
-19247
-13524
-9186
-6908
-5348
-4940
-6327
-9041
-14563
-21886
-30955
-42385
-53884
-65037
-73972
-78747
-81053
-80700
-78519
-74860
-68316
-60152
-49327
-36790
-24858
-13315
-4575
1817
6060
6610
4413
-1412
-9755
-19458
-29853
-39026
-47951
-54569
-58667
-62343
-63444
-63319
-61790
-57982
-54292
-50076
-46777
-45201
-44887
-46423
-47699
-49297
-51640
-52893
-53771
-54348
-55183
-57405
-59236
-61132
-63128
-62796
-61591
-59627
-56406
-52793
-48764
-45034
-40540
-36648
-33039
-28430
-25476
-22622
-20866
-20592
-20971
-24742
-29343
-35983
-44374
-51061
-57661
-60559
-59888
-57218
-50771
-44272
-37999
-32624
-29373
-26518
-25684
-25391
-25831
-28765
-32031
-36473
-41297
-45633
-50753
-55482
-59928
-63443
-65374
-66313
-66174
-67449
-71657
-78303
-87008
-96280
-105361
-113134
-119187
-124031
-127079
-129276
-130960
-132407
-135029
-138146
-141600
-145903
-150020
-153067
-154897
-154463
-152148
-149254
-144743
-139301
-133312
-126813
-120895
-114664
-109702
-106118
-102554
-99929
-96716
-93098
-89262
-83951
-78676
-73414
-68389
-64532
-61196
-58873
-57312
-56621
-57235
-58231
-60325
-62493
-63581
-64253
-62167
-57131
-49204
-37329
-23922
-8724
6740
19811
31093
38137
41433
41790
38680
35452
31898
29449
29860
31106
35305
41155
46925
53442
57962
61172
62982
62668
62233
60434
57750
54857
49491
43491
35497
22790
14048
7604
-665
-1595
-994
-1089
530
-3311
-9229
-18151
-28942
-39120
-51234
-59514
-67983
-75144
-77017
-80601
-81446
-82185
-85578
-85665
-88008
-89453
-87964
-89521
-87963
-87255
-89350
-88816
-91254
-91777
-91235
-92246
-89882
-90304
-90835
-90530
-90374
-87696
-86063
-81571
-77304
-76034
-73173
-73473
-75582
-77513
-81514
-84156
-86568
-88685
-90072
-93467
-96692
-101190
-106471
-110573
-115627
-118555
-119925
-120290
-117078
-112574
-105370
-95657
-85003
-72187
-60103
-48548
-37618
-29258
-21950
-17219
-14689
-12976
-13028
-12699
-11909
-11376
-10395
-10641
-12303
-14437
-17547
-21461
-26085
-31854
-38017
-44394
-51410
-58932
-66448
-72208
-75206
-75862
-74614
-72423
-71702
-72798
-77542
-87162
-92972
-97090
-103580
-104069
-105176
-108573
-108080
-109815
-111878
-113659
-117294
-119353
-120695
-120038
-118168
-115800
-111458
-108421
-104864
-101133
-98601
-94271
-91152
-86713
-80462
-76066
-70456
-66204
-62093
-58126
-56821
-53317
-51844
-51521
-50063
-52291
-53971
-57185
-62108
-65101
-69174
-70360
-69456
-67229
-61169
-54965
-46228
-36347
-27225
-16407
-7051
2521
11299
17318
23267
26483
28064
28182
24997
20834
14050
5096
-5216
-17366
-28538
-39667
-50017
-57950
-64926
-69084
-70245
-68875
-64143
-57470
-49574
-41188
-32974
-25502
-19803
-16369
-15000
-14783
-15794
-17956
-21020
-24587
-27984
-31174
-33280
-33970
-33681
-32407
-30502
-28941
-27963
-28438
-30967
-32999
-34674
-36262
-36912
-38398
-39334
-39673
-40785
-42068
-44932
-49495
-55264
-61541
-67269
-72266
-75367
-76840
-77194
-76735
-76398
-76296
-77247
-78941
-80442
-81771
-81732
-80600
-79068
-76186
-73251
-69804
-65852
-63152
-59446
-56097
-53729
-51120
-50834
-51180
-52006
-55438
-59953
-65588
-72245
-78306
-84041
-88727
-90777
-91433
-90272
-86970
-83395
-78982
-75595
-74679
-74984
-77878
-81542
-84893
-89199
-93005
-97982
-103804
-108817
-113557
-116137
-116726
-115996
-114614
-111925
-108208
-104816
-98408
-92118
-85512
-76616
-70770
-64008
-58272
-55173
-50758
-49650
-48267
-46800
-47383
-45453
-45095
-44400
-42286
-41654
-39111
-37161
-35016
-31794
-30412
-28226
-26925
-27112
-27838
-31895
-37594
-45311
-56150
-66773
-77261
-85652
-89746
-92225
-91701
-88367
-84589
-80534
-76986
-72709
-68608
-64797
-60692
-58131
-55316
-52400
-49645
-45435
-41278
-37738
-35285
-33945
-32420
-30378
-27281
-22743
-16771
-9391
-684
8967
19373
29537
38591
46499
51131
52547
50607
44480
37373
29577
22097
16954
13729
13504
15569
19482
23885
27170
29883
29845
27632
24426
19446
14237
8483
2906
-2005
-6745
-10163
-14068
-17915
-21276
-26033
-31339
-37539
-44754
-52489
-60970
-69867
-77606
-84261
-90599
-94761
-98274
-101658
-104329
-107945
-111011
-114902
-120586
-126677
-133888
-140384
-145912
-149712
-151237
-152657
-152097
-150814
-149712
-147080
-145002
-142636
-140246
-138601
-136527
-134405
-130383
-124453
-117239
-109114
-102310
-97226
-94003
-91338
-88223
-84018
-77922
-70871
-62169
-53116
-44646
-36745
-31700
-28975
-29287
-33555
-40381
-49715
-59741
-68964
-76877
-81976
-84522
-84618
-82214
-78194
-72453
-65724
-58280
-50623
-44184
-38777
-35276
-33580
-33844
-36332
-40404
-46252
-52132
-59572
-66186
-69808
-72304
-69191
-65356
-64917
-67980
-75731
-81964
-90335
-96174
-95229
-96593
-93878
-89586
-88074
-82981
-78545
-74246
-69330
-64608
-57048
-49871
-42549
-37091
-36168
-35080
-36438
-38222
-38588
-40746
-39788
-37837
-34797
-29452
-25396
-19737
-16686
-15672
-12805
-11877
-8706
-3155
990
6342
11408
15066
18688
20320
21056
21052
19064
17455
13871
8899
4730
-375
-3448
-5930
-8306
-8895
-10841
-12354
-14562
-18023
-21275
-26539
-30843
-35530
-40832
-45241
-50746
-54789
-61235
-67850
-73228
-82219
-87606
-91876
-95684
-95820
-97857
-98785
-100073
-102747
-103830
-106427
-107474
-106985
-107736
-106582
-104870
-102639
-98774
-95277
-90777
-86447
-82761
-78936
-77300
-76814
-78082
-79975
-80953
-83768
-86369
-90280
-95096
-97994
-102207
-104425
-106193
-108374
-107493
-108242
-108019
-107383
-106925
-102935
-99816
-93747
-85361
-77699
-67249
-59182
-51778
-44409
-40109
-34382
-29836
-26121
-22542
-21891
-20796
-21001
-21450
-20345
-19840
-16486
-12581
-8509
-2982
-232
2272
3436
3376
5527
7094
10739
15091
17608
20623
21647
22887
24755
26302
29281
30133
30056
28814
24858
20924
14735
8010
778
-8723
-17341
-27260
-34988
-41268
-48624
-53433
-64879
-73480
-75660
-85994
-87680
-84474
-85484
-78933
-77223
-75927
-72960
-77442
-78846
-83943
-89415
-92239
-101348
-106509
-114784
-125400
-131169
-140940
-145293
-147217
-148963
-143513
-139932
-132587
-123131
-116460
-106645
-100233
-93888
-87817
-83966
-77879
-76579
-75137
-74456
-77693
-77281
-79974
-81629
-80841
-83064
-80932
-80154
-79039
-74724
-73412
-69116
-66338
-66058
-65462
-69368
-71666
-74509
-77929
-77882
-80096
-80625
-80497
-81051
-77925
-75258
-70210
-62876
-55505
-45131
-35651
-25936
-16810
-11363
-6438
-4234
-3836
-4709
-8774
-12168
-15791
-19149
-20724
-23628
-26500
-30227
-35660
-40553
-46347
-50996
-52754
-54170
-53615
-51597
-53284
-53911
-53488
-58849
-61773
-63843
-66923
-64069
-61736
-59563
-58577
-58775
-57645
-59946
-58958
-57804
-58586
-56348
-57174
-55259
-50944
-48342
-42734
-40383
-39204
-38164
-41707
-43060
-45127
-46475
-43136
-40689
-35645
-30508
-25544
-18700
-16496
-14420
-13048
-14548
-13877
-12645
-11344
-10799
-10651
-11059
-14645
-19856
-25964
-32474
-38430
-42733
-45421
-44914
-40147
-34524
-27523
-21370
-16456
-10499
-7186
-5453
-6568
-12010
-19406
-30621
-44128
-59603
-75798
-88946
-98929
-102951
-103735
-104355
-104402
-104925
-101142
-96467
-93269
-90323
-92992
-95504
-97159
-98379
-94191
-91138
-90197
-92353
-98895
-104697
-110092
-111306
-107648
-103211
-98024
-96196
-95784
-94728
-95623
-94707
-94393
-96245
-97236
-99682
-102223
-102247
-99711
-94690
-88290
-82642
-79611
-77849
-75988
-74185
-72133
-70738
-69559
-67102
-65134
-63772
-61795
-60371
-58554
-55236
-50886
-44613
-36466
-27888
-19788
-12274
-5978
-2661
-1651
-1760
-3588
-5984
-8201
-9716
-9150
-7234
-4656
-1430
2471
6971
11564
16275
19750
21878
24030
25556
26487
25557
22477
18215
11150
2688
-7875
-21384
-35513
-51031
-65526
-77421
-87472
-95284
-98037
-95002
-92098
-84895
-74665
-67482
-57108
-49561
-46183
-43657
-48309
-56189
-67542
-82212
-95716
-110405
-122025
-130740
-137452
-138684
-139063
-138618
-138562
-140952
-142260
-144479
-145781
-144617
-142054
-135736
-128772
-120875
-110882
-101786
-92242
-83568
-76938
-72080
-70327
-70482
-73000
-75604
-77057
-79087
-78746
-76763
-72246
-63909
-54150
-41485
-27972
-15074
-3081
6185
12237
14302
13767
9642
3916
-2899
-10969
-16759
-24081
-28279
-29014
-29174
-22094
-14814
-5440
6597
13745
22941
29293
32495
36195
34804
33819
30247
22736
15482
3801
-7116
-16845
-27966
-35211
-42773
-49343
-50019
-50311
-48860
-43733
-38566
-32383
-27868
-26314
-25863
-27745
-29159
-32291
-38310
-43131
-49641
-55418
-58895
-63761
-67424
-71398
-76475
-80320
-85404
-90254
-94096
-98073
-100150
-101517
-102225
-101449
-100092
-97165
-93185
-87584
-80139
-72872
-64055
-54247
-45352
-36244
-28570
-22489
-17702
-15799
-15786
-18490
-24051
-30901
-39151
-46955
-53557
-58896
-62110
-64219
-65553
-66786
-68915
-71806
-75244
-79169
-83409
-86901
-89873
-92255
-94124
-96815
-99437
-101936
-103593
-103423
-102059
-98176
-93079
-87908
-82624
-79438
-77740
-78332
-81504
-85288
-90476
-95031
-98216
-100171
-99463
-98182
-95357
-91542
-89121
-86589
-85292
-84541
-83677
-84707
-85710
-87598
-90635
-92290
-94356
-95683
-95704
-95616
-93460
-91299
-88851
-85761
-84038
-82117
-81101
-80317
-79941
-80879
-81638
-83269
-84057
-84060
-83059
-80272
-76939
-70945
-64120
-56354
-47401
-39747
-31153
-24761
-21011
-18698
-20627
-23188
-27238
-31764
-33966
-36538
-35834
-33531
-31173
-26487
-23306
-20686
-19227
-18856
-17465
-18116
-19301
-21528
-24582
-25315
-25802
-24468
-22122
-20239
-17059
-14879
-11963
-8215
-4723
-210
2686
5200
6614
5797
4295
-437
-6182
-13403
-22440
-29502
-37158
-42983
-46897
-50419
-50100
-49415
-47169
-43570
-40871
-36347
-33841
-31743
-30070
-31196
-31404
-34548
-38575
-42172
-48283
-52541
-58324
-64341
-68567
-74552
-77552
-80164
-82573
-81907
-82125
-80132
-77486
-75123
-70787
-67320
-61398
-55163
-49312
-40917
-35655
-30836
-27816
-29913
-32117
-37966
-44698
-50530
-57893
-61941
-66288
-68615
-66924
-65493
-60232
-54747
-49719
-43778
-41030
-38373
-37132
-37008
-35580
-35024
-33347
-31270
-29135
-26884
-26576
-27244
-29580
-32337
-34365
-35925
-36039
-36268
-36564
-37644
-40384
-44602
-51361
-59085
-68264
-78404
-87658
-96873
-104238
-109928
-113559
-114056
-113191
-109259
-103696
-98350
-92169
-86854
-81939
-78806
-77477
-75745
-75626
-75470
-75793
-77656
-79468
-83973
-88346
-92084
-95956
-95814
-95522
-94309
-92097
-93149
-93892
-95905
-97649
-96677
-96082
-93808
-92066
-90929
-89649
-90841
-91715
-93346
-94205
-92053
-89610
-85144
-80854
-77584
-72916
-68606
-62955
-56363
-49987
-43003
-37727
-33142
-29451
-27105
-23722
-20685
-17029
-13217
-11762
-10898
-11930
-15246
-18166
-21029
-23124
-23521
-23960
-24065
-24347
-25696
-26803
-29916
-33925
-37877
-44355
-49084
-50891
-53211
-53461
-50776
-48739
-45222
-40984
-39988
-39326
-40511
-43824
-46647
-50897
-55242
-60084
-65379
-69263
-72791
-75481
-77778
-79062
-79545
-80120
-79627
-79383
-77215
-73301
-69276
-63367
-59553
-55844
-48496
-40887
-31287
-20319
-11601
-4641
-276
2005
3576
3651
2374
-109
-3995
-8188
-11945
-15740
-18492
-19853
-21169
-21336
-22285
-25750
-28342
-32336
-37190
-40064
-45107
-49354
-51980
-55200
-55535
-55324
-53506
-49760
-47675
-44566
-43123
-43475
-44224
-48844
-52949
-57561
-62982
-64608
-67007
-67565
-66504
-67555
-65540
-65165
-65575
-63286
-64050
-63768
-64248
-67916
-70614
-76775
-83829
-90578
-100069
-107487
-114986
-121104
-122678
-123931
-121334
-116366
-110418
-101851
-95461
-88903
-84649
-83173
-80496
-80337
-78527
-76394
-75479
-72344
-71398
-69530
-67193
-65874
-62934
-61530
-58907
-55813
-53553
-50193
-48395
-46664
-45690
-46532
-48299
-52039
-55993
-59947
-62470
-62306
-61253
-58644
-55582
-52957
-50143
-47988
-45838
-44289
-44082
-44258
-45322
-46363
-46558
-45762
-42667
-38391
-33775
-29405
-26534
-24968
-24579
-24200
-23559
-22730
-21715
-21793
-22587
-24971
-29849
-36787
-46366
-57961
-70635
-83011
-93074
-99242
-100448
-96739
-89027
-80023
-71599
-64425
-60159
-57966
-57165
-57835
-58171
-58080
-57385
-56310
-55048
-52456
-49254
-45002
-40364
-36642
-33697
-33355
-35136
-38798
-44829
-51286
-58342
-65302
-71285
-76221
-78442
-79025
-78213
-75495
-72469
-68825
-65712
-64082
-63570
-65447
-68514
-72326
-77032
-81241
-84852
-86626
-86392
-84095
-79487
-73221
-64352
-54553
-44275
-34121
-26794
-21740
-20725
-23056
-27765
-36030
-44610
-54118
-61833
-65358
-67384
-64593
-59488
-52775
-42436
-32580
-21327
-11112
-3681
3342
6220
6824
5252
191
-5753
-13963
-22383
-30257
-38477
-44829
-50682
-55804
-59387
-61997
-62623
-62074
-60739
-58589
-56414
-54295
-52681
-51062
-49001
-46738
-43800
-40840
-38138
-35596
-33803
-32760
-33411
-35834
-39564
-44706
-50067
-55795
-61345
-65615
-69404
-71667
-72602
-73092
-72310
-71392
-70096
-68876
-68813
-68655
-69692
-70985
-72195
-74220
-74689
-75539
-75996
-75101
-74936
-72580
-69533
-66119
-60754
-56438
-51674
-47652
-46017
-44960
-46330
-48393
-50368
-52901
-53609
-54040
-53357
-51189
-49899
-48040
-47112
-47722
-48956
-52318
-56573
-61628
-67677
-73150
-77987
-81418
-83024
-83248
-81957
-80452
-79072
-77404
-76279
-75728
-77074
-78298
-77943
-79770
-80444
-79808
-80352
-77499
-74548
-72985
-70716
-70744
-70737
-71150
-73424
-75734
-79884
-83843
-86414
-87271
-83765
-78330
-71325
-63843
-59277
-55982
-54801
-55601
-55928
-55817
-53287
-48884
-43964
-38124
-33299
-29046
-24811
-21749
-19480
-18295
-18065
-18709
-20366
-22172
-24138
-26053
-27800
-28730
-28294
-27725
-27079
-26737
-26443
-24862
-22377
-18962
-15177
-11394
-7711
-5287
-4086
-4364
-6636
-10262
-15101
-21777
-29140
-36647
-44776
-51669
-56971
-60243
-61081
-60919
-59259
-57016
-55328
-54019
-53744
-55476
-59233
-62821
-67440
-73374
-78202
-84157
-90320
-95273
-100784
-105425
-109612
-113854
-116749
-118382
-117487
-113927
-108805
-101900
-96194
-92412
-89387
-90964
-94548
-97342
-100950
-102975
-104392
-103493
-100352
-97615
-92925
-89505
-85081
-78181
-72985
-66766
-62487
-59881
-57833
-60117
-61954
-64802
-67875
-68373
-71655
-73503
-73966
-73660
-70020
-67942
-64354
-60231
-57188
-52102
-48726
-43671
-36551
-30159
-22557
-18113
-16340
-16190
-18738
-20737
-24073
-27026
-27425
-26831
-23119
-18995
-15040
-10461
-8106
-6154
-5463
-6294
-6950
-8865
-10281
-11446
-12219
-10856
-9360
-7421
-6545
-7444
-8165
-9644
-9933
-10451
-12546
-14724
-19612
-25076
-32116
-41564
-50565
-61900
-72696
-84646
-95875
-99268
-103392
-104278
-99503
-97098
-90186
-83515
-79522
-73620
-71973
-70166
-69796
-73238
-76068
-83617
-91200
-97270
-104257
-106494
-108014
-108031
-105508
-104847
-102029
-99476
-97237
-91649
-86657
-79320
-71002
-64446
-56261
-50278
-43182
-34413
-28572
-20131
-13236
-9204
-4004
-2528
-1518
-1428
-4903
-8195
-14102
-20428
-25900
-32302
-36057
-39363
-41589
-41688
-42402
-41264
-40181
-40143
-40579
-43731
-46685
-50297
-54332
-56593
-59809
-61789
-63859
-67285
-69778
-74905
-80384
-85229
-90571
-92793
-94424
-94566
-92747
-91771
-88905
-86753
-84771
-80529
-75859
-67681
-58335
-49200
-39902
-33939
-28895
-26646
-26832
-27209
-30618
-33213
-37281
-42743
-45101
-47720
-47134
-44770
-43212
-40430
-40995
-42177
-44017
-48295
-50495
-53248
-54497
-53744
-54490
-53513
-54300
-56250
-57339
-60196
-60750
-61212
-60879
-57778
-55259
-49836
-43636
-36614
-27347
-19644
-11295
-4876
-1472
588
-632
-2619
-5735
-9692
-13531
-18380
-22226
-26900
-32187
-37160
-43601
-48936
-53888
-58079
-59912
-61410
-60945
-59865
-59132
-57740
-58160
-58973
-60785
-64187
-67093
-70585
-72904
-74351
-75361
-74616
-74509
-74000
-73484
-73756
-73891
-76359
-80143
-85738
-92575
-97281
-101033
-102160
-101060
-98636
-92966
-86257
-77938
-68676
-60190
-51132
-44067
-38849
-35483
-36026
-38304
-43674
-50951
-57461
-64721
-69835
-73551
-76649
-77303
-77722
-75820
-72546
-68923
-63901
-60900
-57974
-57012
-58886
-61405
-67491
-72345
-77538
-83744
-86230
-90340
-91754
-91777
-93780
-90850
-89642
-87525
-83209
-83000
-80047
-79106
-78777
-75899
-76583
-74515
-73990
-75745
-75858
-80077
-83121
-86088
-89712
-89639
-89691
-86559
-81065
-75187
-65795
-56820
-47377
-37872
-31587
-25420
-21237
-19823
-19647
-22658
-26136
-29172
-33156
-36091
-38770
-41012
-40848
-39393
-35930
-30258
-24564
-18363
-13813
-11702
-9107
-8826
-11128
-14727
-19329
-22402
-27414
-34681
-42484
-49369
-51156
-51445
-49570
-45060
-41910
-38520
-37502
-36899
-35401
-37250
-40054
-44776
-50211
-54093
-58412
-60866
-62462
-64394
-66660
-69836
-72269
-75493
-78623
-81562
-85762
-87926
-87850
-85745
-81158
-74767
-65927
-56438
-46698
-37184
-29868
-23684
-19288
-15988
-12462
-9229
-5187
-2117
-755
-1456
-5781
-12794
-23094
-34822
-46075
-56299
-63529
-68701
-70989
-70993
-70490
-68152
-65786
-62701
-58564
-55750
-52194
-49048
-46518
-43142
-41725
-41542
-43064
-47124
-52198
-59108
-65863
-72264
-79154
-85176
-91961
-97758
-100869
-102509
-100675
-96277
-90542
-83219
-77622
-73292
-69213
-66212
-63042
-61156
-59678
-58642
-59319
-59077
-60692
-63854
-66316
-70007
-72416
-74302
-75436
-74123
-72526
-69016
-65038
-61642
-57976
-55565
-52452
-48594
-43238
-35781
-28505
-21867
-18202
-17461
-19593
-24284
-28643
-33744
-37685
-40817
-44784
-47359
-50839
-53135
-53560
-53780
-50684
-47134
-42954
-37552
-33605
-28768
-24808
-21151
-16663
-14048
-11275
-10491
-12253
-14902
-20714
-26955
-33481
-40888
-47273
-54542
-61597
-67700
-74972
-81801
-87853
-94116
-98037
-100041
-100174
-98119
-96056
-91600
-86988
-83062
-78375
-77176
-76379
-76444
-77574
-75450
-74338
-72449
-69867
-69281
-66399
-63879
-60823
-55903
-52754
-48724
-45556
-43540
-40289
-38543
-36618
-34565
-33315
-31555
-31443
-31616
-31281
-31751
-31273
-30769
-30327
-29250
-29264
-29489
-30636
-33703
-37816
-44006
-50796
-57730
-64998
-70755
-76238
-80477
-83020
-85134
-85200
-84620
-83265
-81227
-80813
-80274
-81040
-82373
-82981
-85119
-85961
-86829
-86575
-83071
-79360
-72490
-65193
-57889
-48887
-43473
-39589
-40137
-46771
-55950
-70255
-85042
-99600
-114158
-124347
-132905
-135710
-133024
-127822
-115832
-101810
-85151
-66576
-51453
-36500
-25653
-18258
-12339
-11966
-12654
-15620
-20598
-24600
-30613
-34947
-38440
-42633
-45101
-48209
-49734
-50090
-51340
-51835
-54049
-57374
-60383
-63513
-64826
-64655
-63127
-59895
-56039
-51571
-46715
-41224
-35142
-29416
-23511
-17735
-12732
-7546
-2807
1105
4964
7939
10550
12790
13442
13377
11654
8119
3893
-2449
-9594
-17366
-25852
-32236
-38160
-42810
-46516
-51359
-55641
-62094
-68860
-75319
-83370
-89265
-94660
-98260
-97728
-95111
-89825
-83243
-77180
-72079
-69003
-68638
-69244
-71362
-75775
-79814
-85426
-91325
-95998
-102054
-105834
-107971
-109140
-107270
-106858
-106209
-105304
-106649
-105558
-104573
-103224
-99278
-96728
-92148
-86827
-81659
-73189
-66189
-59823
-54105
-50860
-46819
-45002
-45108
-46211
-49918
-53530
-57978
-61978
-64194
-66140
-66141
-65454
-63768
-60276
-57143
-53461
-49874
-47110
-45131
-45000
-45625
-47403
-50085
-52797
-55698
-57193
-57793
-56779
-53434
-49826
-45060
-40567
-37118
-33457
-32303
-32807
-34148
-36860
-38821
-40265
-40360
-39107
-37700
-35792
-35129
-35904
-38314
-42193
-45327
-47910
-49085
-49458
-50303
-50187
-50371
-50410
-49869
-51371
-54691
-60042
-66712
-71758
-74758
-74637
-70218
-63147
-55104
-47080
-41756
-39208
-37792
-39931
-43299
-47430
-54271
-59925
-66536
-72813
-76790
-80793
-81569
-81251
-79758
-76117
-73484
-68977
-64476
-61067
-56915
-54492
-51873
-49377
-47749
-45601
-44670
-43387
-41763
-40042
-36928
-33904
-29769
-25148
-21587
-18528
-17445
-17370
-17146
-16884
-15726
-14583
-13617
-12753
-12142
-11799
-11970
-10985
-9641
-8126
-5458
-4135
-3086
-2734
-4928
-7948
-14336
-23228
-33550
-46925
-59340
-71174
-81608
-88237
-93676
-98309
-102021
-103449
-105358
-108095
-106579
-104586
-100818
-93970
-89974
-84938
-79731
-76940
-72022
-68484
-64865
-60380
-58451
-54422
-52641
-52288
-49753
-50966
-50660
-50161
-52143
-52138
-54423
-55838
-55795
-56305
-53594
-51549
-48022
-43360
-41363
-38268
-37592
-38019
-37560
-39130
-39093
-39530
-40587
-40362
-41486
-41905
-43060
-45726
-48076
-52440
-57321
-62252
-67909
-72633
-77751
-82497
-86135
-89248
-91054
-91938
-91216
-88950
-84940
-78832
-72187
-64763
-56839
-49126
-41342
-34550
-28438
-22275
-17757
-15432
-15849
-19392
-23736
-28204
-32072
-34196
-35096
-34601
-33942
-33381
-33060
-34141
-34753
-36114
-38796
-41222
-44863
-47810
-50458
-54035
-56790
-60819
-65124
-69482
-75332
-79646
-83903
-88503
-91112
-92843
-92133
-89380
-85681
-80704
-77168
-73543
-70238
-67804
-63658
-61010
-57406
-52446
-48552
-41718
-35304
-29186
-23101
-21308
-20751
-23388
-29262
-35069
-42256
-48090
-52674
-56616
-58284
-60370
-62228
-63962
-67206
-70020
-73264
-76741
-79657
-83537
-86402
-87894
-89189
-88225
-85852
-82641
-77386
-72148
-66489
-60742
-57297
-54795
-54038
-54558
-55758
-59930
-64223
-68521
-72422
-73616
-75198
-76050
-77884
-81320
-82279
-84252
-85154
-84187
-84078
-81272
-77716
-72745
-65060
-57006
-47977
-40752
-34527
-28779
-26013
-23369
-22146
-23768
-26184
-30465
-34384
-36962
-40525
-43225
-45264
-46005
-43280
-40367
-37922
-37344
-40783
-45802
-53624
-62433
-69756
-77013
-80934
-81475
-78870
-71923
-65067
-58054
-50122
-42984
-34370
-27389
-25660
-28453
-35586
-44795
-55502
-65038
-70011
-71952
-70821
-67002
-61446
-54984
-47441
-39130
-34318
-32743
-35617
-42371
-46877
-51336
-52801
-49905
-48246
-44229
-41834
-42959
-43256
-46891
-50860
-54435
-58738
-60631
-65018
-71005
-77480
-86207
-93011
-99232
-103906
-105150
-104706
-100714
-95173
-88412
-79842
-71973
-64470
-58941
-54833
-51683
-50835
-51441
-54427
-58463
-63033
-66845
-69105
-72223
-74406
-76834
-78906
-79157
-79011
-75579
-70809
-65465
-59824
-57131
-54730
-53662
-53959
-54781
-58073
-60648
-64567
-70142
-75211
-82538
-88468
-93646
-98752
-100709
-103541
-104716
-103874
-103026
-98993
-95737
-92047
-86589
-81475
-73666
-65799
-56959
-46650
-37967
-28696
-21563
-16132
-11899
-11850
-12651
-15266
-18708
-20428
-22581
-22391
-20398
-17019
-10301
-3384
3136
7351
9402
10696
8237
5807
3240
-964
-3403
-8841
-15464
-20207
-26832
-32425
-38828
-47004
-54737
-64510
-71804
-76671
-80459
-80105
-80504
-80459
-79982
-81856
-81748
-82328
-82108
-80033
-79887
-77890
-78067
-80026
-79921
-82265
-83754
-85742
-87753
-86200
-85944
-83637
-80569
-78167
-72664
-67681
-60062
-50551
-40978
-28824
-20240
-15358
-13652
-15805
-17686
-19578
-20570
-20596
-20812
-22595
-27519
-34021
-43208
-53544
-63365
-72641
-79391
-85383
-89835
-92438
-93595
-91524
-88652
-84029
-77876
-72367
-65329
-58956
-53459
-47477
-42959
-37907
-32847
-29046
-25846
-25211
-26269
-29706
-35752
-41193
-47110
-52670
-57294
-62638
-66080
-68476
-69704
-68007
-68049
-67328
-65630
-69800
-73591
-76333
-81019
-80570
-78556
-76847
-74373
-76242
-78521
-80925
-84018
-84776
-86460
-86118
-83737
-80395
-73149
-65134
-54924
-43932
-33068
-21280
-12205
-4307
-672
-559
-1869
-5891
-9337
-15719
-23129
-30421
-39037
-44092
-47458
-48288
-46884
-45360
-41259
-36117
-29232
-20557
-11761
-2770
4742
10971
15394
17443
16714
11406
4033
-4818
-14260
-21399
-29043
-36517
-43441
-50964
-56989
-62797
-66985
-70728
-74569
-75793
-78375
-79789
-80871
-84675
-86975
-91657
-96702
-100156
-104897
-106709
-108218
-109139
-108007
-107709
-105014
-101652
-97558
-90872
-83948
-74836
-64589
-54162
-43272
-33962
-25715
-19214
-14514
-11470
-11459
-13572
-17615
-23901
-30831
-35828
-38738
-40895
-42556
-46607
-51356
-53706
-55422
-55099
-54958
-55021
-54158
-54322
-52043
-50197
-47236
-42727
-41582
-38604
-37736
-37259
-34046
-33437
-30183
-28412
-28016
-26323
-28517
-29531
-32737
-38442
-43138
-50100
-54910
-58205
-61131
-62565
-64017
-65230
-66753
-67567
-70549
-76772
-81021
-84206
-88649
-89788
-89685
-92292
-92125
-92415
-93416
-90430
-88284
-84620
-80484
-78225
-75257
-75291
-74855
-74321
-76159
-76413
-78469
-79581
-78364
-77143
-72574
-68814
-64763
-59038
-54768
-49251
-46206
-44383
-40796
-39111
-35331
-29571
-24542
-18074
-12224
-6760
-397
4867
9615
13013
14170
14181
11668
7304
2124
-4516
-11829
-20575
-30809
-41293
-51584
-60226
-66728
-70647
-70525
-67587
-62428
-55602
-50586
-47069
-45240
-46511
-48537
-52575
-59521
-67542
-78126
-89130
-97230
-103655
-105737
-103853
-99722
-91219
-82703
-75873
-72562
-72996
-73388
-76730
-79227
-80933
-85496
-88104
-91020
-93129
-91905
-89590
-84159
-77757
-70860
-63012
-56266
-49722
-46049
-44611
-43924
-45102
-46943
-50770
-55238
-60466
-65981
-69477
-74018
-76981
-78269
-78921
-75929
-75530
-75678
-75665
-78276
-75780
-75646
-73437
-69671
-72751
-66475
-65884
-64158
-54530
-57616
-50671
-50922
-56367
-52653
-64854
-64151
-64700
-70150
-60946
-67206
-64449
-63006
-73023
-70790
-82971
-89893
-93092
-105000
-102219
-107462
-108507
-102089
-105023
-95580
-90543
-86549
-75115
-74185
-66594
-61731
-63129
-59316
-64697
-67609
-71267
-79772
-81185
-86726
-88626
-87387
-87861
-81623
-77487
-70183
-60531
-51741
-37405
-25308
-12305
-1069
5072
11525
11630
10913
11214
7513
5672
2438
-1228
-3512
-7664
-8468
-8336
-8189
-7074
-7813
-6886
-6109
-4558
-1241
680
3958
5991
6800
7666
5153
1956
-2741
-8990
-13616
-18024
-19977
-20823
-21999
-20893
-21145
-21236
-20724
-23297
-26446
-32017
-39782
-46998
-55647
-64864
-74853
-85703
-95470
-104530
-111871
-116509
-119010
-119311
-118298
-115674
-112174
-109737
-107605
-107875
-109610
-110517
-113544
-116736
-119246
-120639
-118316
-115021
-110438
-106101
-104996
-104723
-107567
-112015
-114773
-118321
-120007
-120647
-120519
-116175
-110723
-102953
-93092
-83776
-71640
-59298
-47389
-32098
-19916
-7593
7133
13496
21638
28233
26998
29348
24174
17567
11480
-1733
-9799
-20410
-30863
-39192
-51767
-59632
-68386
-76145
-78820
-81815
-79409
-74028
-68283
-59980
-54611
-50788
-50008
-53566
-55919
-62203
-67969
-69364
-72907
-69951
-65635
-65813
-63140
-65794
-67636
-68417
-77068
-85417
-99157
-109194
-108459
-107033
-97291
-90143
-89819
-87666
-89087
-84446
-75334
-66439
-52761
-42951
-35035
-27941
-24600
-21060
-20589
-19699
-17749
-19509
-20796
-22300
-23990
-23560
-23165
-20657
-13922
-3610
8290
20394
32491
40286
44852
46536
43153
42106
43802
47095
53767
59961
66488
70332
71455
72294
68766
64834
59396
51346
44437
34840
24823
13886
648
-10632
-22064
-32422
-41608
-50793
-57407
-62938
-66691
-67985
-68993
-70613
-72181
-76561
-82829
-87414
-95718
-103007
-109884
-119312
-125023
-135955
-147410
-156509
-167795
-171136
-171569
-168486
-161140
-156359
-151412
-153243
-159712
-165640
-171558
-171372
-167985
-162554
-155911
-150852
-144927
-140852
-138619
-138331
-142532
-149074
-157570
-166400
-172681
-176681
-178441
-177443
-174035
-167295
-157112
-144093
-127227
-110298
-93680
-77106
-65502
-55382
-48154
-45354
-43193
-45666
-49849
-54777
-61406
-65358
-68806
-68814
-65110
-60067
-50826
-40777
-28925
-15635
-3646
8880
18535
26983
34457
39492
46174
51842
58174
65541
70087
74455
74863
70647
66459
61034
55076
50004
45674
41123
36068
32323
29861
29190
30416
31719
32174
31016
27448
20896
12874
2456
-11935
-28441
-47197
-64383
-77184
-85820
-88527
-88603
-87434
-86007
-84925
-81708
-77977
-72519
-65908
-60010
-53861
-49891
-47252
-46921
-50085
-55284
-62615
-67163
-70186
-72514
-69966
-65221
-56883
-44518
-31660
-19415
-8780
-838
4529
8300
7919
5461
1763
-5089
-11441
-19181
-27917
-36443
-47273
-58745
-71089
-82994
-93505
-102697
-109194
-114730
-118810
-121892
-124189
-123637
-121641
-117320
-111902
-107105
-101257
-97408
-94602
-92326
-93545
-94072
-95406
-98976
-99779
-101836
-104242
-103809
-106903
-112466
-118840
-125373
-128165
-125300
-116451
-106738
-94358
-81596
-73599
-63935
-56863
-52117
-47138
-48386
-51701
-58074
-67934
-77242
-88677
-99011
-107556
-115053
-120225
-123543
-122506
-119157
-114020
-108258
-103183
-94936
-88189
-80728
-69025
-58866
-48626
-43497
-45515
-47269
-49106
-49269
-49133
-50833
-52398
-56014
-58510
-57778
-55763
-50910
-44762
-39514
-33169
-25080
-18754
-13533
-7420
-637
5851
12195
20757
26782
32897
39868
43193
48490
52541
56309
60414
61642
62818
60554
56869
49749
39213
28695
13829
-173
-14494
-29794
-41460
-53088
-60281
-64856
-69173
-69799
-73469
-77369
-81262
-88373
-93115
-99546
-103678
-104605
-107965
-108565
-112603
-116151
-115844
-119504
-120618
-126117
-136479
-143985
-153270
-158214
-160146
-160199
-156621
-154391
-150539
-148133
-146657
-144219
-143071
-140444
-138779
-135971
-131392
-126739
-120275
-114055
-106639
-99142
-92787
-87467
-85398
-85259
-86551
-87817
-89082
-89871
-88112
-86472
-83763
-80229
-77143
-71807
-66199
-58930
-49340
-39072
-25603
-12876
-678
12296
20551
28531
35284
37991
41933
41504
39224
37122
30447
26769
22282
18337
17444
12351
10102
6814
4677
8135
9921
17381
23590
27765
33801
32296
31978
28336
22068
19217
10086
7008
2615
-6425
-6512
-13726
-18748
-20672
-31153
-36013
-45502
-56793
-63155
-73318
-77836
-83862
-92823
-99430
-111186
-119909
-125724
-130080
-126764
-122889
-118089
-112724
-111302
-107563
-104421
-102395
-97916
-96590
-94532
-93032
-96000
-98664
-104081
-109256
-112318
-117757
-121810
-125472
-128945
-128787
-126959
-122921
-116520
-105763
-88769
-72048
-53778
-33102
-16245
433
13796
23985
35052
40206
44228
45506
41177
36994
27021
15773
4292
-9574
-18160
-24882
-27254
-26154
-25300
-21076
-19323
-17614
-16835
-20401
-22861
-28217
-32581
-35231
-38784
-37769
-37603
-35361
-31740
-31187
-27806
-27341
-26907
-26799
-31719
-35461
-44161
-54263
-65232
-79742
-87368
-96695
-105341
-108390
-114138
-113564
-112021
-111680
-102577
-98756
-99016
-95301
-94538
-86926
-74662
-67180
-59743
-60008
-63582
-65912
-71939
-71859
-72367
-73761
-71357
-76369
-81252
-87316
-95074
-97957
-103176
-102054
-98736
-96464
-87336
-83018
-77254
-71405
-71766
-68375
-69626
-70249
-68419
-70869
-67272
-64471
-58781
-46043
-36642
-24115
-15630
-11628
-5937
-7064
-6458
-7299
-10424
-7858
-8776
-5646
-1703
-1847
1756
-669
-3186
-6185
-14061
-18140
-25917
-31545
-35896
-44655
-49005
-56708
-62536
-64823
-70172
-70251
-71436
-71794
-70012
-72048
-70691
-71396
-71904
-69661
-70335
-66539
-63253
-59115
-50888
-45382
-36832
-30718
-27910
-26616
-33095
-40404
-51468
-63231
-71123
-80684
-86257
-92982
-99791
-102356
-106814
-108543
-110718
-113170
-112751
-114145
-113429
-112953
-112624
-110274
-109711
-107675
-105702
-103200
-98319
-93564
-85977
-76942
-67139
-56126
-45272
-32743
-20698
-9763
-152
6337
10786
11171
7614
1747
-6219
-14581
-24104
-33613
-42180
-50195
-56652
-61967
-63696
-61535
-55940
-46219
-35501
-25002
-16881
-12157
-10919
-14487
-20150
-28254
-38490
-49431
-61493
-71456
-79684
-85418
-87364
-88874
-89085
-89559
-90719
-90471
-91238
-91105
-91244
-93023
-93277
-93644
-92281
-90705
-94395
-100154
-104623
-106350
-103331
-97572
-93929
-91280
-87775
-86197
-83575
-80206
-77899
-75057
-75954
-78488
-80729
-83515
-83435
-82172
-77923
-72342
-69132
-64301
-60057
-55530
-49215
-43948
-36888
-29778
-23262
-16746
-13129
-10326
-9291
-8787
-6861
-5853
-3212
-922
708
3226
3177
3073
1771
-1074
-3062
-6515
-8411
-9905
-11503
-11903
-15668
-20374
-26501
-34120
-39452
-45375
-51286
-54156
-52956
-52307
-52825
-49783
-48284
-44381
-37069
-34192
-30554
-30291
-32457
-33350
-40015
-42606
-45148
-51521
-54672
-61969
-64182
-62446
-62122
-58940
-63639
-68824
-73113
-79042
-78309
-79004
-76590
-72551
-73678
-72700
-74492
-75168
-74025
-76366
-76598
-79757
-83709
-85704
-88576
-87603
-85498
-80171
-72398
-66484
-59421
-56036
-54608
-53946
-57182
-61328
-66967
-68145
-62521
-56919
-57693
-67493
-74506
-71232
-63470
-58886
-59972
-61507
-66053
-74384
-78644
-76187
-66554
-55714
-45458
-32269
-21114
-12244
-6679
-3750
-2925
-12260
-23271
-31401
-41185
-44633
-47704
-53587
-56371
-60716
-62120
-61904
-61762
-56434
-52078
-46505
-41852
-41235
-40023
-42521
-44138
-45687
-49612
-51233
-55008
-55757
-54907
-56804
-56991
-61625
-67077
-71849
-78059
-79886
-81383
-79741
-76068
-71980
-60358
-48873
-36696
-23835
-17173
-11287
-9177
-10077
-9598
-11101
-12604
-15722
-20883
-26285
-34081
-42071
-49842
-57293
-62729
-67810
-71521
-73181
-73629
-71931
-68850
-64584
-60036
-57134
-55350
-55597
-59130
-65711
-74351
-82051
-87874
-94008
-102185
-112748
-124205
-133582
-138507
-139611
-138635
-136637
-134337
-129578
-120690
-109328
-96429
-82986
-70604
-59265
-48628
-38714
-29079
-20131
-12559
-7036
-3936
-1601
443
3357
8668
14326
20333
26366
31109
35158
36770
35652
31348
23862
16370
8398
758
-5680
-11613
-14814
-16163
-16111
-14242
-12674
-11974
-12797
-15761
-20364
-25919
-31735
-37541
-43619
-49590
-55255
-61297
-66281
-70727
-73954
-73892
-73222
-70827
-67805
-66189
-65078
-67833
-72649
-78750
-85953
-92504
-100115
-106882
-113389
-119447
-125202
-129749
-130260
-129230
-124464
-120716
-121363
-122661
-128586
-132149
-131224
-129952
-123487
-118551
-114491
-108469
-105704
-100237
-95034
-89549
-80463
-73957
-64079
-55847
-52610
-48747
-51071
-55146
-60942
-69855
-75174
-80620
-83344
-84105
-84921
-82842
-82327
-80207
-77762
-76851
-73913
-73402
-72164
-70447
-70333
-68540
-69211
-69471
-69747
-72353
-73062
-74962
-75400
-73699
-72558
-69405
-67960
-67052
-65538
-66124
-65362
-65241
-66599
-67579
-70992
-74495
-77445
-79644
-77317
-71964
-62837
-51097
-39719
-26529
-14459
-4899
1588
3046
1063
-7089
-18934
-31152
-42730
-49081
-52336
-51690
-47593
-42841
-34166
-23949
-13519
-4393
275
2149
397
-4042
-9639
-14986
-16409
-14247
-8611
-597
6700
12022
13644
12633
11742
12052
13944
15621
15942
16439
17562
18619
18964
17909
15429
12318
8957
5233
2772
1755
1555
1925
1147
-28
-2134
-5232
-8023
-12161
-16475
-21911
-30041
-41054
-57962
-76628
-90940
-98989
-101345
-100480
-98990
-100834
-103387
-106800
-111037
-110937
-111859
-112402
-111851
-113418
-112737
-113846
-114306
-113894
-115809
-114078
-114239
-114637
-114634
-120194
-124702
-132201
-140191
-143468
-147315
-146303
-144910
-143615
-139172
-137624
-132578
-127518
-123184
-114777
-109656
-103236
-96491
-91545
-83568
-75525
-63996
-50522
-37623
-22592
-10465
-746
7383
10105
12021
13176
9848
7167
2431
-3914
-7694
-14962
-19757
-23264
-28958
-29047
-30134
-29627
-27352
-28558
-27074
-30109
-34951
-39490
-48115
-52540
-59000
-64648
-65542
-67516
-62846
-56576
-51055
-46275
-45405
-45864
-52966
-62741
-78352
-94984
-106005
-118360
-120486
-120330
-117084
-104874
-98231
-88943
-84934
-85446
-79390
-77646
-70827
-64233
-63433
-58812
-59876
-58037
-52438
-50411
-42823
-38070
-32615
-23820
-21553
-19328
-21515
-25414
-25909
-31038
-34482
-38658
-44389
-45203
-46099
-42120
-34770
-27671
-17001
-8219
1459
11054
18457
27060
30735
32421
30047
24395
21479
15108
14868
14691
12343
21301
24747
27450
27197
12493
2518
-10017
-19374
-16894
-19171
-18325
-19586
-26256
-28845
-35224
-42400
-53266
-71056
-88767
-107651
-118395
-119090
-119317
-121430
-130664
-144707
-158083
-168437
-173973
-176546
-174792
-175118
-177709
-178542
-184541
-189924
-192518
-190859
-181419
-172825
-161808
-150916
-143442
-134171
-128823
-123510
-117546
-115398
-114223
-117034
-119089
-118557
-117866
-112381
-107240
-101843
-94833
-91648
-88291
-89062
-90874
-87054
-85526
-77531
-63276
-50720
-33773
-19616
-7056
6052
13162
19449
21909
22622
24325
22993
24560
24672
24204
24702
21619
18168
11065
7617
7593
10645
22827
32205
44024
54113
56810
61318
58622
54560
48935
36830
25828
7367
-11880
-24647
-35149
-39275
-40364
-37605
-33160
-32023
-33109
-40441
-51066
-64402
-77813
-86132
-95739
-100349
-100764
-104116
-102342
-101555
-104539
-106837
-111850
-114525
-114395
-113818
-112792
-116488
-121877
-126779
-132640
-134079
-135001
-134836
-128681
-124936
-119654
-115598
-117872
-114373
-111950
-109392
-100936
-95573
-86971
-78214
-71158
-59918
-51471
-41906
-32764
-24605
-13606
-6167
3714
12581
19450
29057
34655
40296
41350
38058
34376
25959
19574
11981
5617
4182
3274
8700
15781
23977
34046
41120
48872
56045
62119
66809
70296
70654
68570
65780
56645
45227
28496
3993
-22172
-50529
-75250
-93536
-108498
-112696
-107509
-106318
-101678
-98303
-104123
-104833
-110167
-116285
-116379
-121740
-121179
-122101
-127908
-130249
-141366
-150712
-155841
-164903
-167946
-172170
-176046
-176535
-179950
-180355
-182267
-183828
-184546
-187845
-189060
-191940
-190851
-187113
-181731
-171011
-163808
-150043
-133563
-120025
-96541
-76495
-56164
-32404
-18104
-1372
9545
13552
20735
18226
16699
16016
10550
12792
12300
14831
23082
26844
37183
45186
49716
57507
59074
63233
68019
69435
75090
77697
81448
86587
86362
88661
88102
84686
83954
77806
71694
66333
57241
49693
39565
29353
21370
13140
8791
4836
1983
-117
-3912
-8020
-16351
-27690
-41404
-54775
-65742
-74070
-83209
-95432
-98139
-108016
-120302
-118603
-132827
-142017
-143337
-155315
-153319
-159255
-168570
-168543
-178934
-181370
-184095
-189519
-186706
-191193
-189433
-185486
-186001
-178590
-177325
-175227
-172065
-175933
-173813
-177203
-179581
-175295
-177229
-171954
-167547
-165403
-156572
-154624
-149255
-141664
-137197
-125956
-116505
-103251
-88311
-78888
-66683
-60667
-54928
-47903
-47798
-44048
-45414
-48684
-49406
-57065
-59363
-64916
-70476
-67083
-69288
-62633
-54309
-48754
-34104
-27304
-17304
-7242
-4685
5139
8990
15518
25703
28541
36578
39061
39151
42594
39782
40882
40250
37860
39851
36624
35623
31954
23145
16554
2814
-9007
-20253
-33809
-40619
-50870
-56955
-61829
-68721
-63474
-62854
-59500
-47206
-44405
-38034
-34847
-41312
-45615
-56794
-67511
-77634
-90388
-93499
-98445
-103789
-105872
-110557
-106226
-101037
-97171
-90312
-88351
-83421
-80396
-79214
-74870
-75196
-70961
-66126
-63356
-56014
-53840
-50883
-48186
-49395
-44584
-42755
-40236
-33961
-31527
-24404
-20963
-21311
-20093
-24987
-25569
-25603
-26263
-21369
-20237
-16034
-11786
-10379
-5554
-5183
-2759
471
740
4593
5634
8014
11709
14536
20307
23136
27250
29968
29023
28982
24257
19267
13286
4867
-1631
-10405
-16918
-21335
-25220
-24942
-25331
-23971
-22760
-23950
-23586
-26428
-29230
-33304
-42081
-50846
-64286
-78198
-90901
-105445
-114301
-121783
-125471
-122689
-120360
-113211
-106816
-102184
-95969
-94283
-91091
-89456
-89420
-88631
-93481
-98435
-107221
-118518
-127318
-139099
-147730
-154757
-161536
-164954
-168967
-169786
-170804
-172955
-172720
-175065
-175552
-175188
-175686
-172675
-169891
-164525
-157145
-149797
-139350
-128921
-117150
-105943
-95908
-83731
-74116
-64370
-54715
-47582
-39338
-33629
-28958
-25457
-25035
-24233
-26548
-29276
-31400
-34883
-35421
-35072
-32018
-26112
-20418
-13457
-8052
-3082
1592
3976
5353
4202
1823
-795
-3211
-4222
-4902
-3948
-2357
-987
983
1640
2579
3749
4253
5886
6191
6397
6813
5851
5455
2663
-598
-3893
-8545
-10918
-13807
-16088
-20279
-27273
-31191
-35832
-38175
-38639
-40220
-38597
-38083
-36698
-34186
-34475
-35229
-39191
-44888
-53597
-65203
-73111
-79873
-83133
-83189
-83780
-82442
-83295
-85803
-88636
-93507
-97709
-102163
-105950
-108040
-109237
-109618
-110649
-111406
-111539
-110608
-107956
-103175
-96431
-89673
-81839
-75204
-69544
-62776
-58449
-53629
-49687
-47955
-45184
-44277
-42163
-40246
-39595
-36742
-35789
-33567
-31445
-31890
-31149
-33943
-36759
-38585
-42707
-44751
-48512
-51644
-51845
-52745
-50274
-47493
-45069
-42120
-42926
-44360
-47941
-54336
-61382
-72380
-84465
-96245
-107945
-116019
-120403
-119733
-113992
-105096
-93813
-82613
-71682
-61701
-53781
-48112
-45854
-45680
-47213
-49923
-53270
-57922
-61939
-66017
-70034
-72866
-75244
-74364
-70798
-65735
-59247
-54577
-50984
-49390
-50456
-51912
-55050
-58093
-60950
-64625
-66809
-67950
-66428
-63455
-60819
-56429
-53373
-51023
-48635
-48432
-47172
-46465
-46615
-45786
-46539
-46611
-48063
-52092
-56157
-61921
-66019
-69028
-69009
-63456
-57382
-49122
-41381
-34306
-26123
-20377
-14325
-10216
-7770
-5276
-5966
-6453
-8182
-11597
-14193
-18217
-20588
-21565
-21329
-17987
-14488
-9263
-4220
-1250
878
-185
-1679
-3001
-4527
-4463
-4774
-4354
-3548
-3833
-4377
-6377
-10021
-15290
-22383
-30690
-39118
-47493
-56007
-63519
-70622
-77032
-82560
-87713
-92127
-96080
-98318
-99889
-99971
-97316
-95223
-91840
-87906
-85799
-83429
-82951
-83292
-83043
-84028
-84752
-86413
-88354
-89207
-90313
-90075
-89875
-90206
-90035
-91524
-92794
-93817
-95453
-94468
-93048
-90523
-85119
-79839
-72633
-65718
-60067
-52995
-47374
-40898
-34242
-29850
-25412
-23702
-24036
-25319
-29414
-34117
-40549
-48551
-55554
-62296
-68165
-73076
-76716
-78200
-77992
-76143
-73139
-69298
-64775
-59549
-54465
-49581
-43950
-38493
-32486
-26546
-21699
-17292
-15163
-14599
-14989
-16217
-16354
-16015
-14066
-10532
-6756
-2276
1026
2294
950
-2641
-6833
-12063
-17520
-23717
-30638
-37476
-45341
-52714
-59890
-66534
-71197
-74913
-75816
-75428
-74661
-72341
-71408
-70198
-69990
-72053
-73514
-76994
-80008
-81941
-84094
-83378
-82947
-81602
-79470
-79231
-77202
-76217
-76496
-76713
-79038
-79582
-79682
-80119
-78110
-75799
-71893
-67910
-65307
-61740
-59388
-56459
-52639
-49873
-45937
-42682
-40397
-38850
-39159
-40290
-43503
-47395
-51311
-55669
-58630
-61887
-65051
-67681
-71423
-74825
-78091
-81608
-84113
-87162
-91856
-97207
-103472
-108714
-111854
-114704
-115829
-116278
-115873
-112854
-109752
-104714
-98941
-93848
-87842
-83949
-79725
-75085
-70806
-64904
-60286
-55557
-51998
-50681
-50071
-52074
-53704
-55178
-56494
-56297
-56776
-56705
-57167
-57735
-57952
-58015
-57398
-55979
-52477
-50019
-45134
-40691
-37939
-32775
-33055
-32209
-33357
-39177
-41891
-50759
-58758
-67128
-78896
-84644
-92937
-97037
-96368
-97777
-92980
-89941
-87706
-83326
-82709
-78763
-75420
-72152
-64885
-60568
-53438
-46362
-42194
-34986
-30926
-26690
-22009
-19503
-13799
-10512
-7676
-4426
-4349
-2019
-1065
-1118
-624
-2672
-3544
-5533
-7773
-8622
-11174
-12293
-14062
-16400
-17687
-20700
-22623
-25513
-29721
-33534
-39098
-42383
-44629
-47462
-49130
-53116
-57477
-61831
-66962
-69987
-73425
-75612
-76487
-78327
-78454
-79836
-81000
-81400
-83739
-85343
-89434
-94124
-97864
-102796
-105264
-107823
-109201
-108264
-107844
-104780
-101433
-97734
-92363
-88492
-83904
-79050
-74403
-68662
-63896
-59826
-56756
-55119
-54190
-54622
-55647
-56914
-58827
-60399
-61509
-62070
-60735
-58361
-56055
-53677
-51715
-49903
-48501
-46939
-45483
-44471
-42563
-41399
-39975
-37889
-36958
-35608
-35215
-35234
-33956
-32244
-28548
-23782
-18375
-11743
-4925
2411
9193
15312
20326
22929
24010
22597
18898
13813
6453
-1917
-11983
-22662
-29724
-35094
-37838
-36160
-34667
-32378
-29205
-27012
-23763
-21247
-19328
-18110
-18720
-19036
-20510
-22502
-25245
-30451
-35629
-42113
-48326
-53157
-59131
-61827
-63348
-65132
-63735
-64637
-65438
-65069
-66349
-64505
-63317
-62156
-59044
-57838
-54957
-51207
-46978
-41529
-37104
-32051
-28327
-24877
-20102
-17231
-14245
-11831
-10652
-7794
-4863
-858
4560
9555
15267
19816
23197
26565
28493
30417
31273
30085
27599
21627
12750
958
-13641
-29795
-48490
-67896
-88421
-109782
-129601
-148791
-165109
-177306
-183658
-182362
-177711
-171889
-167326
-165282
-164277
-165005
-165002
-165338
-167736
-170023
-174444
-178832
-183191
-189655
-194001
-198569
-201273
-200076
-198702
-194484
-190744
-187091
-181880
-177869
-170482
-162406
-153393
-141274
-130119
-116283
-101670
-87376
-71979
-59601
-46878
-35294
-26124
-16063
-9759
-4603
446
1902
3722
3835
2878
3931
4407
6782
9681
11717
14323
14342
13880
13963
13537
14269
15221
17461
19794
20050
19947
18730
18156
20090
23759
29729
35300
39049
40590
38516
33169
24889
15419
3691
-8068
-18379
-31341
-43230
-58455
-71923
-77310
-89411
-93845
-94633
-103566
-100697
-101977
-103643
-99620
-104907
-103919
-106359
-109904
-107095
-111096
-108529
-107606
-109321
-105750
-109516
-109944
-110743
-114025
-110602
-110355
-105752
-96171
-86084
-71924
-61236
-50314
-41567
-38154
-32909
-30366
-27999
-25131
-26819
-28076
-31801
-38272
-43552
-51566
-58497
-64940
-72798
-77565
-82922
-85678
-84559
-81855
-73687
-65047
-56191
-48516
-46374
-46359
-50906
-58084
-65522
-72885
-77266
-81094
-81732
-79962
-76628
-69408
-64623
-61144
-58527
-57223
-52985
-51451
-51757
-52737
-57742
-60493
-61387
-60024
-53892
-48680
-43334
-38295
-34895
-30559
-28171
-26825
-27306
-30740
-33891
-39625
-46623
-54186
-64289
-72309
-77478
-78058
-74552
-71308
-66681
-62602
-57884
-49900
-40988
-29565
-18057
-7912
1481
6944
10339
12305
11856
10583
6591
-368
-7645
-17054
-28930
-39897
-49395
-55775
-57166
-54422
-48869
-41776
-32917
-24186
-17471
-12641
-11091
-11641
-13947
-19779
-27990
-38412
-50081
-61281
-72170
-80838
-86778
-91164
-93962
-96980
-100991
-105406
-110655
-116348
-122641
-129007
-134452
-138872
-141292
-142053
-140958
-136746
-129688
-119708
-107463
-93940
-79858
-66895
-55542
-46148
-39261
-34726
-32257
-30475
-29565
-29675
-28920
-27266
-24333
-20137
-15852
-11302
-7973
-6792
-7917
-11999
-17476
-23680
-30184
-35913
-40485
-43090
-44530
-45831
-47029
-47994
-47543
-45025
-40770
-35805
-30975
-26760
-23658
-21196
-20093
-20985
-22907
-25664
-28807
-32080
-35558
-39683
-44036
-46996
-49858
-52221
-54515
-59270
-64956
-73087
-82709
-92310
-103438
-111034
-115882
-118482
-116416
-114169
-111041
-110162
-113829
-117867
-123580
-128081
-132393
-136767
-136446
-134297
-126980
-116266
-105419
-90789
-77181
-62324
-46035
-31454
-15740
-2698
8572
18251
24101
28826
29245
25563
21032
14339
8803
4734
251
-2352
-5309
-6804
-6608
-8400
-9193
-11489
-13887
-13044
-11808
-6879
-1086
3354
10290
17578
27788
40235
45740
45060
39606
27804
10806
-18054
-48415
-68830
-83682
-85243
-86297
-93407
-96209
-102378
-102445
-96976
-96322
-96387
-103834
-113198
-119169
-126467
-129529
-131914
-135291
-137035
-140251
-141292
-139937
-132500
-119437
-108896
-96540
-87112
-80468
-71292
-63909
-50419
-35329
-19955
-1368
4719
4289
-494
-12565
-20639
-29171
-34465
-35514
-38219
-36097
-35500
-36653
-39150
-47759
-54454
-60409
-62952
-60963
-61841
-64419
-70698
-76218
-76898
-74884
-68252
-61352
-54961
-48934
-45052
-39840
-36614
-34916
-34196
-39832
-46363
-51324
-53009
-47957
-46942
-50597
-56531
-72377
-87579
-100877
-115645
-119164
-118775
-115198
-108365
-110348
-111688
-114641
-117824
-113646
-112547
-107650
-102263
-99941
-92249
-88237
-82977
-77764
-77136
-73065
-72208
-70590
-66655
-65719
-61856
-58101
-54420
-48265
-42762
-35283
-25814
-16736
-5491
5741
14731
23029
28074
32412
36865
39923
44084
47594
51052
52975
53178
52685
48345
43075
35059
24569
13779
46
-11969
-24579
-37658
-46629
-54759
-58455
-58330
-57576
-56926
-60688
-66469
-73517
-81334
-86959
-90305
-89932
-88035
-86903
-85843
-85965
-89732
-95707
-104426
-118044
-132475
-151538
-171108
-184298
-197750
-204723
-207808
-211923
-209725
-209122
-206669
-200652
-197587
-191732
-189323
-188387
-186984
-190848
-191612
-193614
-195901
-194080
-193614
-187731
-179991
-171895
-160487
-151832
-140543
-129552
-121253
-110718
-102586
-91716
-77987
-65216
-49174
-35220
-22539
-10623
-3401
4384
10090
14698
21682
27856
37946
49872
61071
74277
86355
99277
112816
125902
138709
148105
156929
162257
163597
163604
157903
152213
144450
131862
119547
100304
78921
57002
31304
10419
-9826
-27501
-40734
-52476
-64952
-80366
-85806
-86055
-79967
-64525
-50839
-36194
-29959
-25796
-23432
-30621
-36626
-52033
-66212
-74981
-88413
-90957
-91924
-92526
-87353
-88233
-87545
-89060
-94761
-97403
-102953
-105153
-106562
-111065
-113394
-118278
-121446
-123539
-126424
-125727
-126090
-125083
-122790
-119548
-112934
-106522
-97340
-88939
-79175
-65970
-57328
-47388
-41480
-39913
-35902
-37545
-38103
-37836
-38400
-33466
-29301
-21831
-12483
-5682
5041
13636
20267
29146
34178
39378
45312
47965
52213
52973
50474
48333
40511
33294
24407
11359
1684
-10634
-21156
-28284
-37468
-41659
-45627
-49730
-52355
-61019
-69343
-79841
-93882
-103097
-112369
-117118
-116076
-113628
-106069
-101983
-101428
-103539
-112975
-119662
-124811
-128852
-126765
-124910
-121279
-116305
-112939
-107771
-103673
-101205
-98777
-96719
-95219
-96445
-100044
-103734
-106164
-106544
-104771
-103377
-104155
-105957
-108478
-109667
-109541
-108584
-104460
-99061
-91393
-82299
-74566
-64281
-53995
-43464
-31611
-22007
-11043
-1211
7514
16682
22693
28823
32683
33986
34756
32119
29470
25823
20463
15941
9932
3848
-3157
-12093
-20617
-30101
-37630
-41798
-43761
-41555
-37248
-31003
-23778
-18227
-13782
-12757
-13352
-15860
-21118
-25112
-31255
-35375
-38292
-41564
-39767
-43915
-48572
-55069
-69692
-81849
-103309
-126429
-145997
-168981
-179249
-187687
-195858
-194469
-195458
-191111
-182405
-174379
-160924
-150948
-143318
-135986
-131865
-126378
-123437
-122697
-122156
-124275
-126720
-130016
-133523
-136312
-138254
-137741
-136276
-131176
-122414
-112135
-97409
-82260
-66707
-49749
-36395
-24036
-15650
-11706
-8543
-10025
-12767
-17313
-24422
-29844
-35655
-39608
-39486
-37160
-32705
-26457
-21201
-16554
-12162
-9715
-6961
-6680
-8911
-12793
-19083
-25926
-35343
-41429
-45471
-47309
-42762
-39131
-30031
-20878
-16283
-7991
-4009
1719
9113
13635
22173
26200
29517
33859
34259
38225
39004
36680
33714
24026
14835
4458
-7623
-17306
-28877
-36897
-41652
-45118
-44168
-43884
-42548
-38612
-33450
-25189
-17649
-10911
-5216
-3396
-4718
-11100
-20513
-31334
-43308
-54151
-65703
-75598
-84352
-92503
-96412
-99296
-99458
-97652
-97461
-96398
-96919
-96901
-95439
-95446
-93167
-91582
-89752
-84620
-81512
-77059
-73170
-72862
-72312
-76251
-81075
-84932
-89731
-89589
-89190
-88512
-86844
-87936
-87611
-88887
-89558
-89434
-92619
-94823
-101070
-107952
-113469
-121645
-124881
-127479
-127738
-122261
-117819
-109857
-101468
-93700
-83271
-74750
-65168
-56223
-47982
-37898
-30146
-21740
-13903
-8174
-1188
4735
10718
16385
19736
21407
18063
11499
5078
-1173
-4397
-6765
-9332
-10638
-13281
-15255
-17615
-20882
-21574
-22781
-23769
-25038
-28935
-32765
-37571
-42018
-45916
-50134
-53011
-57167
-60588
-63542
-67226
-67974
-68857
-68422
-66584
-67031
-66924
-68482
-70930
-73608
-78942
-83920
-91134
-99145
-104689
-109748
-111524
-111651
-110914
-108535
-107686
-106109
-104991
-105218
-104415
-105318
-106418
-108012
-111759
-114542
-118090
-120976
-120866
-118865
-112259
-102439
-90199
-74912
-59808
-44030
-28743
-15670
-3026
6434
13433
18636
19906
22432
24371
24969
27726
27085
26014
24084
18694
14494
6799
-2782
-12990
-27152
-41781
-58837
-77145
-93781
-109333
-120682
-127284
-129576
-127675
-122429
-115345
-107390
-97094
-86487
-75658
-65434
-59285
-53792
-50593
-51008
-51965
-56268
-60589
-64277
-69253
-71306
-72468
-71435
-68735
-68417
-67884
-69667
-72889
-75058
-77343
-77264
-77079
-77318
-77352
-78558
-78234
-76993
-74516
-70330
-66862
-64263
-63014
-61885
-61403
-61012
-59896
-60387
-60048
-60940
-62163
-61192
-61450
-58929
-55614
-51970
-45455
-39949
-32269
-25419
-20230
-14302
-11684
-7999
-4428
-1757
3133
6057
9828
13514
15070
17897
18905
19777
20292
18455
16983
13695
10605
6748
1565
-2500
-9918
-16175
-22834
-31877
-38190
-47513
-56237
-64384
-73698
-78519
-83460
-85088
-84338
-84019
-80585
-79847
-77818
-75260
-74579
-70067
-67634
-64709
-61087
-59902
-57734
-60281
-64556
-71938
-84430
-94750
-106273
-114017
-118007
-122161
-121434
-120997
-118875
-115205
-113280
-107678
-102825
-97423
-89865
-83789
-75708
-68919
-63713
-59760
-59136
-58656
-61099
-64134
-66618
-71612
-75358
-80022
-84543
-86591
-88522
-88295
-87987
-87402
-84623
-81328
-75514
-68224
-61318
-55156
-51409
-49059
-48469
-50963
-54952
-60173
-65536
-68648
-70242
-68525
-64427
-59738
-51840
-44956
-37982
-30133
-26004
-20477
-15480
-11170
-4025
1989
9468
15807
19626
23406
24367
26287
28105
28810
30591
31212
31917
30997
28105
23634
16463
10605
5410
482
-2209
-3613
-1952
1669
5114
6643
5190
2582
-3368
-10925
-20126
-33953
-49582
-67921
-86018
-102597
-118886
-129062
-137103
-141692
-138376
-133762
-125091
-114852
-105859
-96140
-90391
-83963
-78104
-75000
-70720
-69242
-68293
-66742
-66432
-63706
-60556
-57743
-52941
-48237
-41702
-34909
-29476
-21651
-19149
-19790
-21466
-31411
-40778
-52609
-67369
-78081
-90504
-100023
-107346
-113905
-115111
-114500
-111330
-105425
-98496
-89920
-82056
-76716
-73014
-71646
-71447
-70728
-70576
-69243
-68091
-67285
-64891
-63596
-60934
-57970
-57303
-56020
-57590
-60697
-63742
-69438
-73831
-76945
-77869
-75502
-72008
-66717
-63125
-61925
-62195
-65165
-67665
-69841
-72386
-72395
-71320
-69984
-68082
-68732
-72170
-78058
-87216
-98830
-113508
-127559
-136242
-140886
-141085
-139061
-134990
-126353
-117519
-107614
-97613
-90531
-84343
-81079
-78273
-73063
-66058
-55987
-46496
-39896
-35024
-31851
-28896
-24760
-19549
-13793
-7586
-3293
-1396
-2009
-6229
-10093
-12673
-11785
-7069
1516
17292
33138
48310
60783
67743
72903
71179
67134
59704
49162
41599
29330
19942
12804
4749
3401
-461
-3071
-2252
-3312
398
2809
4900
10479
11698
14265
12646
2450
-9329
-33688
-57433
-75325
-97954
-107109
-116168
-126334
-126476
-133921
-134539
-134162
-136477
-127683
-125296
-118187
-107294
-102882
-92489
-89519
-90054
-91171
-99584
-104332
-112690
-120465
-125848
-135582
-141095
-149175
-155437
-157058
-160626
-158513
-157288
-155130
-149292
-146737
-141073
-136539
-132283
-125867
-122743
-115728
-108530
-100197
-87067
-76338
-61542
-46970
-34789
-20488
-12474
-5007
129
-150
942
-3242
-7448
-11626
-19993
-23985
-29340
-33590
-34670
-37936
-36241
-33417
-29074
-21720
-15761
-6235
2196
10827
20836
27245
35176
40634
44708
49502
50074
50832
49812
46071
40618
30667
19155
5204
-11525
-30848
-47223
-52002
-52671
-50997
-46739
-46248
-45411
-48777
-58163
-68416
-89496
-108538
-119291
-139956
-147818
-147240
-150078
-134340
-127042
-122251
-112885
-118302
-111464
-110863
-113323
-103423
-107132
-102147
-100800
-107446
-102665
-108987
-107422
-103779
-108576
-101724
-102968
-100543
-92908
-93806
-86507
-86418
-89994
-90876
-101263
-107039
-115077
-123837
-125116
-129626
-126818
-120731
-115137
-103650
-95313
-85222
-74872
-66661
-55837
-47991
-39826
-32867
-28803
-22934
-19012
-13822
-6587
-567
7602
14995
21776
28927
32915
36996
39787
40849
42508
41262
39550
37092
32589
28060
20551
12480
3988
-7201
-18130
-29811
-40409
-48123
-54892
-58557
-58477
-54729
-47437
-40474
-35418
-32821
-33916
-36613
-41012
-47804
-55263
-64676
-74790
-84774
-96734
-107045
-115331
-122016
-124505
-127982
-131929
-134983
-141358
-144094
-144204
-144643
-139474
-135199
-130747
-123083
-118000
-110837
-103513
-98282
-92203
-88674
-84941
-82081
-80051
-74692
-69660
-62395
-54654
-48476
-40020
-34288
-28312
-21601
-17786
-12024
-8417
-5139
-144
2082
6670
10034
12231
17343
20330
24620
28820
30996
35039
37511
40002
43715
45457
48276
50370
50186
52695
53823
55930
60763
61467
64203
63362
58439
55804
46812
39850
34224
27786
25951
19136
12781
6881
1831
930
-5866
-11509
-18314
-25817
-27547
-32842
-35538
-41225
-53071
-63838
-81737
-96193
-108413
-123043
-129073
-138400
-146074
-148883
-158484
-162913
-168972
-176717
-176537
-181416
-181374
-178293
-178691
-172671
-171572
-169871
-166515
-168362
-166128
-165705
-165173
-163379
-165673
-166692
-168942
-172032
-172189
-172285
-169847
-163036
-157289
-151560
-144799
-140324
-135463
-131403
-129715
-128834
-129574
-129595
-128217
-125450
-119961
-112893
-105356
-97257
-88722
-80641
-72080
-65147
-59454
-52398
-47205
-40639
-33224
-27113
-18393
-11476
-5339
834
3993
7386
8549
8824
10201
10950
14393
19474
26780
35802
43453
51417
56643
60426
63788
64554
68177
69793
67904
64654
54434
45509
35235
19983
9361
-3657
-15765
-22113
-28183
-25749
-21459
-20602
-16335
-16729
-17280
-15356
-15728
-11781
-8823
-6677
-2037
886
5930
11085
16292
22477
24895
25474
21225
12696
3709
-7457
-16363
-23246
-26555
-26371
-26278
-23013
-24063
-28410
-31923
-39818
-45307
-49676
-55671
-58643
-63200
-68432
-72158
-78363
-84198
-89725
-97442
-103243
-110615
-118181
-122429
-128791
-131708
-133159
-134556
-131385
-129541
-125502
-121190
-119339
-116364
-115787
-116011
-116824
-118480
-119810
-121991
-124250
-126852
-130046
-132663
-134420
-137001
-139467
-140763
-141429
-141629
-141628
-142712
-142470
-139415
-139783
-137633
-134129
-132969
-126302
-121681
-115429
-106851
-101870
-93850
-89035
-84741
-80124
-79958
-77222
-77222
-78074
-75399
-74981
-72058
-68494
-65470
-57784
-47842
-35117
-21932
-9991
542
7289
11105
10441
7932
4479
-837
-4978
-9330
-13339
-16735
-19134
-18405
-15130
-9439
-3629
1837
6568
9548
12245
13705
15066
15249
12672
8648
3144
-1537
-6567
-11309
-14461
-17465
-17788
-18240
-18072
-15999
-15400
-13131
-12895
-14676
-15198
-18073
-18777
-19232
-21348
-22744
-28582
-36320
-45662
-55867
-63292
-70746
-75366
-79693
-84472
-87273
-92472
-95354
-97122
-99573
-98400
-97150
-93596
-88677
-84421
-78821
-75046
-69946
-64345
-58359
-48873
-41660
-34073
-27514
-25405
-23842
-27967
-34132
-41723
-54270
-65296
-79460
-92876
-102336
-112843
-117171
-118969
-117549
-109375
-102064
-92211
-82802
-76098
-68010
-65004
-64193
-63576
-66795
-69826
-73392
-77354
-80547
-84040
-86707
-89265
-90950
-91974
-92149
-91725
-91472
-89952
-89355
-87737
-86050
-85135
-81694
-79193
-74623
-69325
-64782
-57499
-51442
-43110
-34360
-26853
-17894
-12591
-8023
-5920
-7253
-8116
-11938
-15083
-17638
-20130
-18185
-14990
-9028
-1714
3596
9103
10949
10795
9658
5498
2085
-2845
-7896
-11511
-15959
-19001
-22545
-26214
-30076
-35806
-41245
-47563
-53402
-57678
-61583
-63388
-63921
-64194
-63790
-63535
-63915
-64531
-65017
-65725
-66121
-66795
-68103
-68479
-69243
-69892
-69672
-69420
-67532
-65115
-62358
-58077
-53809
-49301
-43427
-38154
-33113
-27732
-24894
-22983
-23544
-27291
-32139
-40185
-47610
-54778
-61039
-63587
-66143
-66196
-66175
-66264
-64021
-63341
-60084
-56074
-52198
-46027
-41792
-36830
-32946
-30968
-28627
-29304
-30346
-32327
-35560
-37823
-41187
-43805
-46780
-50938
-55291
-61369
-67198
-73448
-79694
-84168
-87349
-87408
-86059
-84255
-81936
-80640
-79203
-77880
-76481
-74511
-72608
-71035
-70174
-70966
-74023
-78035
-84304
-91683
-99636
-110176
-119723
-129797
-138154
-142015
-145558
-144276
-141303
-138152
-131557
-127235
-120756
-113856
-109308
-102315
-97528
-91694
-85433
-81694
-76074
-72914
-69972
-66393
-64197
-58624
-52753
-45810
-36644
-27699
-16852
-6969
1824
10103
15769
20533
22810
22764
21147
16112
9587
2025
-5406
-11229
-16521
-20038
-22469
-24118
-24730
-25543
-26123
-27357
-28861
-30832
-33251
-35598
-39442
-43093
-47668
-53248
-57687
-62273
-64641
-65297
-65176
-62682
-60618
-58428
-56012
-54579
-52628
-52132
-52317
-52518
-53995
-54576
-55586
-56465
-56741
-58557
-59460
-60458
-61092
-59384
-57814
-55321
-54038
-55620
-58195
-63992
-70926
-78463
-87448
-95216
-103364
-110620
-116185
-121232
-124332
-125963
-125972
-125230
-123682
-121453
-119232
-116311
-113889
-110436
-106479
-102603
-97683
-93031
-87211
-81301
-75273
-68729
-63276
-57644
-53981
-51304
-48910
-48434
-47820
-48700
-50513
-53140
-57109
-59830
-62066
-62182
-60069
-56493
-50813
-45529
-40251
-35298
-31129
-27869
-26555
-26064
-27452
-28616
-29126
-29954
-28066
-26595
-23985
-20076
-18402
-15004
-13377
-12156
-9030
-7402
-3073
510
3835
8623
10198
12590
13001
11621
11685
9339
8936
9056
8558
11341
13693
16946
20105
21537
23331
22705
21196
18431
13580
8419
1927
-4712
-12119
-17485
-20922
-26380
-30774
-36270
-42892
-49183
-57301
-64928
-73217
-80735
-87117
-94273
-99380
-105388
-111547
-116345
-122533
-126868
-130010
-131661
-130155
-129024
-126699
-124556
-123982
-122027
-121308
-119761
-116342
-113668
-109340
-106014
-103704
-100890
-100123
-99557
-99876
-100108
-101009
-104696
-107663
-112764
-117371
-119723
-124201
-126440
-129011
-132643
-133941
-136769
-138383
-139369
-141326
-141400
-142985
-143347
-142975
-144925
-144162
-144089
-143565
-140489
-139278
-135656
-131114
-126835
-119530
-113136
-106439
-98539
-92544
-85975
-79363
-73983
-67146
-61474
-55832
-48377
-43075
-35319
-27166
-20710
-10761
-3749
4723
14355
19483
28022
32645
36165
41603
41376
43893
43257
40058
40319
37373
36571
34453
31089
30405
28471
29285
29191
29966
28267
25418
28705
22261
21996
27309
28171
41829
44896
45012
45557
34385
30450
18810
12422
13362
7180
11232
10507
11126
15752
14390
19782
18555
17742
20538
16067
17718
14664
11018
12865
7801
8621
8227
4768
4534
-2595
-5608
-8635
-14433
-16912
-27019
-36287
-45236
-57590
-63621
-71306
-77563
-80321
-86876
-89194
-91362
-95035
-95152
-99343
-102632
-104428
-109511
-110413
-111803
-114583
-114828
-117457
-117992
-117687
-119055
-117477
-117853
-118237
-116856
-117636
-117104
-118647
-122568
-126639
-134523
-141958
-150263
-160633
-169056
-179329
-188803
-195903
-203059
-206458
-206673
-204366
-199258
-194063
-188695
-183798
-179884
-174761
-169179
-163023
-155062
-146483
-136138
-124203
-110827
-95448
-80416
-65734
-52340
-40915
-31109
-24660
-19621
-16206
-15068
-13802
-14755
-16130
-16984
-19497
-19360
-18839
-18574
-16539
-16099
-14204
-12981
-12629
-8778
-4981
869
6130
8467
10852
9174
6902
4956
2621
3286
6367
9953
8411
10474
16310
16648
20930
25858
26884
25761
22457
17777
10213
5917
313
-5764
-8776
-13732
-16360
-19890
-21037
-19389
-18851
-16971
-17402
-15676
-14431
-15118
-16078
-18923
-20002
-21412
-18571
-16168
-16036
-12817
-11671
-7629
-7263
-7592
-6094
-13591
-14908
-19828
-27476
-27959
-38057
-36032
-31205
-33475
-24364
-25156
-21496
-14168
-17226
-10240
-11457
-14284
-12876
-23062
-26727
-36585
-50101
-56432
-73441
-84697
-96975
-113058
-118339
-129219
-132180
-130357
-132635
-126179
-126105
-124875
-123278
-129328
-128510
-129225
-126074
-119028
-121655
-125834
-135555
-146561
-151208
-157080
-160023
-164577
-170298
-168722
-164927
-153564
-138013
-127923
-122088
-125510
-134019
-142145
-149899
-153901
-155463
-154064
-152009
-151580
-151235
-151976
-150478
-147164
-144186
-139884
-135534
-130708
-124615
-117890
-110120
-101295
-92176
-81802
-71091
-61266
-50957
-43722
-37570
-32103
-30616
-27461
-25099
-21419
-12815
-4361
6382
15821
23559
32489
39633
49127
59540
67982
74305
73187
65932
55368
41859
29891
21112
15935
15911
19484
26295
35481
44916
54200
61486
66188
67832
65255
59578
50087
37751
24578
9808
-4858
-17509
-28671
-37208
-42696
-47453
-49928
-51974
-56786
-61289
-68247
-75811
-81051
-87478
-92483
-99395
-107944
-114425
-121802
-124941
-124985
-123292
-117418
-114285
-111844
-109908
-109485
-105428
-102377
-96475
-88510
-83736
-74270
-67179
-61570
-53356
-49507
-43627
-40164
-37739
-33714
-36354
-37234
-43122
-54055
-61146
-74732
-84367
-91252
-101395
-101919
-103101
-100549
-89656
-81060
-66583
-54981
-45518
-30296
-18264
-716
11191
8968
907
-22101
-43147
-56657
-68541
-67676
-73282
-84044
-89786
-101040
-103850
-101968
-102034
-100431
-106491
-109635
-111603
-116688
-116422
-119833
-121103
-118544
-117358
-111117
-107240
-103265
-98429
-97054
-90624
-84821
-79222
-72781
-72758
-73173
-76304
-80279
-81665
-83741
-79231
-72326
-64249
-53714
-47503
-39940
-34422
-32663
-29919
-31171
-32130
-32035
-33130
-32746
-34819
-37143
-36473
-33539
-26577
-18675
-12322
-7670
-4317
-882
1857
4916
7299
8689
10627
11985
13954
16537
20400
25080
27451
28174
26344
23643
24937
28707
33630
41228
47719
52708
55548
51732
45580
34819
20814
9102
-4913
-16744
-29309
-43399
-55087
-70619
-83854
-97500
-113142
-123748
-135822
-145345
-151765
-158367
-159761
-159209
-154707
-145532
-134011
-119437
-107460
-95939
-85247
-77371
-69470
-66194
-65365
-67233
-73457
-79289
-87477
-95039
-100215
-106425
-111296
-116938
-125029
-135997
-150846
-166210
-181271
-194438
-203029
-208039
-207689
-201731
-192214
-178602
-163347
-147288
-130294
-114406
-98176
-82713
-68889
-55709
-44626
-33845
-23900
-15985
-8593
-4635
-2304
-420
-1127
1599
2768
925
2986
510
-1000
-262
-3650
-2117
-1950
-1254
3237
4109
8711
12612
14160
17223
18997
21562
19904
17389
15118
10702
9888
8039
9208
15363
23683
38000
51708
65726
78249
84997
90375
89129
84353
77105
64022
50698
34602
19014
6648
-5230
-13234
-19084
-23167
-24705
-25512
-26051
-26610
-27934
-30808
-34213
-39287
-44796
-50414
-57787
-63094
-69129
-77056
-83738
-93004
-101567
-108807
-117764
-120614
-122532
-125965
-123057
-122955
-121778
-116907
-114779
-108188
-104408
-100445
-94531
-94781
-91497
-93257
-99956
-105507
-117757
-128682
-140031
-152540
-161591
-171423
-177817
-182468
-186721
-187218
-188620
-189370
-188659
-189235
-187803
-186303
-185385
-182897
-181079
-178439
-175548
-173309
-170135
-168350
-165447
-160621
-155544
-145932
-134688
-122201
-106258
-91394
-74843
-57944
-43408
-28839
-18508
-11845
-8732
-11195
-15227
-20705
-24663
-24835
-23645
-18694
-12659
-7389
-1303
2849
6473
8828
8827
7675
3659
-627
-4321
-6345
-4931
-3420
-1168
705
991
2379
3827
6773
12171
16921
20428
21180
18546
14420
6238
-4513
-13741
-21799
-24126
-21927
-19754
-15099
-10868
-8721
-6728
-4853
-3757
-5265
-6826
-10592
-19769
-29195
-40843
-54995
-64958
-72691
-78294
-80176
-80486
-77138
-71169
-63878
-55371
-48687
-44155
-42139
-41859
-43009
-46556
-50600
-53694
-55639
-57526
-58466
-58328
-58312
-56995
-54928
-51591
-48485
-45275
-39042
-34680
-28981
-20787
-15839
-8772
-1984
2803
9090
12657
16472
18987
17590
16487
12177
6771
1251
-7106
-13938
-21375
-29240
-35034
-41214
-45365
-47342
-48228
-46982
-45811
-45146
-43857
-43352
-43410
-43738
-46121
-47618
-48368
-49896
-49326
-52054
-57337
-60624
-68078
-75947
-80989
-86333
-89389
-93538
-99358
-104135
-107303
-107503
-107174
-103356
-98635
-97352
-95553
-96386
-96443
-94310
-94653
-92790
-91655
-91496
-89655
-89185
-85045
-79184
-73639
-66344
-64098
-63206
-63780
-68992
-69833
-71016
-70588
-64116
-59784
-52667
-49089
-53063
-56324
-62340
-64209
-61317
-59328
-55393
-54467
-55275
-56807
-60330
-62081
-64829
-67927
-70708
-74217
-75293
-75149
-73577
-70043
-66958
-62755
-57708
-52712
-47240
-44098
-42585
-44089
-49160
-54888
-63846
-71583
-80122
-89042
-91923
-98169
-101018
-102028
-107700
-106574
-108315
-108439
-104611
-106654
-104589
-106397
-109485
-109121
-113348
-112964
-114775
-118123
-117203
-119357
-116473
-111975
-108282
-101238
-98708
-97021
-95843
-96140
-94049
-92335
-87213
-79993
-71749
-60615
-50859
-39574
-28422
-19022
-8305
521
8607
15717
19720
22662
23841
24282
24293
22585
20925
18397
14600
9902
3983
-1690
-7318
-11933
-14111
-15364
-15066
-12104
-9401
-6832
-3647
-550
4532
10801
16874
21704
24344
24061
20345
14196
5164
-5162
-15167
-24460
-31638
-38256
-44637
-50185
-56058
-59836
-62115
-63259
-63047
-63066
-61119
-61153
-62701
-64256
-68228
-69493
-70463
-70861
-68339
-66928
-63047
-59181
-55789
-51014
-49796
-46812
-45772
-48095
-46212
-48111
-50711
-48909
-46958
-43439
-40693
-39440
-40722
-43549
-46757
-52846
-57965
-63792
-69575
-73831
-79890
-83647
-88470
-93061
-95553
-101627
-103852
-105672
-107182
-102033
-99681
-93840
-85423
-81102
-73423
-70321
-68463
-64904
-66927
-65507
-67043
-71511
-71538
-75238
-74900
-72610
-72033
-66587
-64029
-59958
-55308
-54644
-50864
-50603
-51206
-49913
-51490
-50837
-52026
-54734
-57602
-66145
-77063
-92748
-111569
-129049
-148790
-162427
-169967
-177994
-177116
-172840
-170345
-162518
-156364
-149011
-138348
-130467
-120507
-113381
-107885
-99781
-95095
-88585
-82205
-77384
-69192
-62526
-53835
-44727
-38393
-30717
-26990
-23548
-20262
-20545
-17941
-16464
-13548
-7546
-4429
2199
9210
15626
26496
34585
43349
53089
58833
65759
69731
70072
69350
64291
58331
51661
44210
38380
31627
24771
19050
13836
9531
5762
1687
-2548
-5299
-9546
-13918
-18357
-26232
-32259
-41676
-51755
-58330
-67767
-70974
-73194
-75181
-71552
-72284
-70433
-69481
-72134
-72039
-77495
-82164
-86892
-95650
-102212
-113140
-123753
-131328
-139167
-142122
-144994
-147742
-149208
-152075
-153499
-156440
-159923
-162560
-166387
-168545
-170552
-172045
-171699
-171016
-168669
-166191
-163546
-160901
-158742
-154994
-151530
-146799
-140245
-133341
-123482
-112395
-100255
-85899
-71578
-56760
-42048
-29349
-17949
-8067
-460
5673
9962
12814
14906
15414
15883
15815
15160
15350
14750
15013
15916
16495
18562
19855
21123
22722
22781
23372
23460
22968
22590
21001
18882
15901
15219
14817
11675
11937
12059
10834
10501
6885
3181
-1579
-7919
-13649
-22279
-30971
-39697
-48983
-55378
-60403
-62941
-64405
-64947
-63284
-63186
-61206
-61082
-63317
-62606
-65015
-65050
-64814
-66955
-65777
-66180
-63779
-61647
-58684
-55621
-57627
-55856
-59764
-61777
-61406
-66523
-65478
-70116
-74210
-76013
-81844
-85155
-88905
-89772
-92059
-88081
-83429
-80752
-67865
-62409
-52873
-41413
-40179
-31319
-32043
-34997
-33584
-43772
-44305
-49695
-58630
-57563
-68043
-68830
-70712
-77971
-72403
-78318
-76536
-73760
-78844
-72332
-77178
-77052
-74946
-81973
-78904
-87423
-94628
-97780
-109633
-110580
-118015
-124535
-124132
-132986
-133299
-135411
-138848
-135054
-136702
-130419
-122332
-114372
-99114
-88699
-74214
-61765
-53661
-40916
-35253
-27705
-21384
-21211
-17713
-20104
-21481
-22990
-29042
-31322
-38322
-44757
-49284
-56680
-60844
-67113
-72670
-74965
-76658
-74062
-70803
-66746
-61614
-57527
-51100
-45982
-41576
-35224
-31500
-28558
-27756
-28857
-27133
-22188
-13332
-5779
1228
8635
14164
22012
26204
27249
27316
22334
18806
15686
13342
12673
10184
11639
14260
18412
26288
32079
38479
41988
41627
41499
38811
37263
36249
35992
38477
39437
40967
39076
32308
24260
12082
323
-10201
-19376
-24611
-29858
-33229
-35327
-37073
-37160
-39588
-43294
-47964
-52554
-55464
-58205
-58293
-57491
-55578
-51099
-47585
-44522
-43328
-45550
-50268
-57553
-66830
-77842
-89112
-100391
-110580
-119372
-128676
-136464
-143996
-151295
-156506
-162332
-166835
-171014
-176066
-179428
-183673
-186998
-189387
-192431
-193962
-197178
-201008
-203982
-207575
-208972
-208977
-207997
-204361
-199467
-194324
-188171
-181145
-174805
-168187
-161213
-155183
-148950
-143148
-137784
-131651
-125743
-119217
-112004
-104914
-96963
-89269
-81410
-72992
-65203
-56573
-47745
-38770
-29135
-20373
-11511
-3900
2497
8988
13071
17598
22284
24350
28204
31274
32682
36144
37264
38372
40015
39562
40307
37983
36346
36446
34315
36100
35976
35749
37837
36425
36504
33601
28088
22268
12595
1136
-10495
-19062
-27689
-33629
-35449
-37461
-40482
-44999
-48924
-54809
-57993
-62697
-67828
-68159
-73540
-76103
-80419
-86584
-89013
-97425
-99857
-102612
-107480
-105515
-110611
-111213
-110808
-116270
-112975
-112930
-110827
-104473
-102492
-93559
-86901
-79305
-65518
-58246
-48203
-40044
-36706
-28191
-23997
-19477
-14894
-15051
-10512
-10706
-10977
-7854
-12122
-11268
-12799
-18956
-19812
-26880
-31010
-33510
-39742
-40208
-44023
-46477
-45716
-47034
-44114
-43107
-41264
-37136
-34843
-27776
-21606
-16797
-11976
-12265
-11761
-12631
-14355
-14378
-19703
-27402
-38351
-51428
-60073
-68462
-73440
-74243
-75910
-76316
-80284
-87471
-93129
-99964
-103697
-105165
-107509
-105432
-103378
-100765
-95192
-93698
-88806
-84799
-86635
-82028
-83464
-86179
-83384
-88553
-86125
-84277
-83730
-72963
-70587
-62002
-54449
-54340
-44570
-44944
-42241
-37717
-43759
-41352
-45539
-50095
-49692
-54274
-50313
-47088
-41802
-32122
-27933
-20707
-17555
-15397
-10924
-12050
-10796
-11623
-12888
-11502
-13384
-12335
-12667
-12701
-9884
-10880
-9785
-10287
-13905
-16267
-21382
-26018
-31507
-37950
-41953
-46800
-49846
-53747
-59293
-63391
-70973
-76353
-79089
-82389
-81469
-82091
-82079
-79782
-79457
-76669
-76887
-78924
-79303
-82795
-82806
-81634
-81854
-78941
-76902
-72878
-67793
-64154
-58936
-56507
-54250
-52538
-53633
-52872
-54531
-56192
-56580
-58781
-58308
-58559
-58865
-58518
-60812
-62873
-68221
-75946
-83442
-92376
-99591
-106526
-112088
-114958
-118081
-118856
-119136
-119220
-116648
-114935
-111877
-108059
-105676
-101660
-98655
-94951
-89949
-86470
-82134
-79559
-77686
-76419
-77248
-76890
-77882
-77451
-76575
-76876
-74111
-73196
-70917
-67457
-66072
-62151
-60539
-58875
-55514
-54438
-51582
-49872
-49709
-48461
-48374
-46822
-44180
-40964
-35762
-31182
-26019
-21116
-17687
-13263
-9878
-6262
-1851
1178
5529
10128
14754
20740
25461
29676
32252
31764
30340
26045
20237
14947
8621
3726
-1100
-6010
-8136
-11048
-13658
-15048
-17488
-18461
-19473
-20528
-19689
-19169
-18388
-18087
-19462
-22229
-27109
-32795
-39198
-46532
-53645
-60763
-67826
-73890
-79268
-84403
-88364
-92029
-95812
-98596
-102017
-105396
-107897
-111546
-114628
-117616
-120827
-121980
-123233
-123324
-122311
-122325
-120256
-118173
-115860
-111840
-109078
-104312
-99075
-94249
-87938
-84378
-80900
-78199
-77988
-77289
-78122
-78224
-78486
-79677
-79158
-79788
-79144
-77804
-77210
-74978
-73913
-72111
-69958
-68418
-65207
-62912
-59495
-55631
-52174
-46916
-42686
-37589
-32027
-27243
-21872
-18228
-14684
-11970
-11046
-10421
-12009
-13640
-14702
-15676
-15195
-15764
-16567
-17281
-18271
-17550
-16727
-15078
-13515
-14315
-16251
-21164
-27816
-34899
-43933
-52519
-61021
-69285
-74637
-78491
-80726
-81144
-83039
-84726
-85808
-88377
-89419
-89800
-88186
-84593
-80958
-75442
-71009
-65343
-60652
-57653
-53878
-54026
-53174
-53390
-55443
-55664
-58445
-60197
-61613
-62951
-62752
-64060
-64102
-64707
-65632
-64545
-64205
-62458
-59325
-56890
-53637
-50893
-49119
-46313
-44015
-40954
-36680
-32995
-27317
-23070
-18836
-14590
-14450
-11534
-12357
-14757
-13892
-18470
-18977
-20691
-24194
-23044
-27633
-27375
-27464
-31130
-29032
-33329
-34707
-35327
-41657
-41702
-47808
-53686
-55941
-65362
-67936
-72115
-77552
-75681
-79478
-78635
-77546
-81245
-79238
-82197
-83076
-80537
-81682
-77615
-76230
-76545
-75162
-78273
-79793
-82360
-87316
-91177
-96890
-103417
-107939
-109294
-110808
-109751
-105694
-104132
-99642
-95493
-93401
-88769
-87463
-85073
-82306
-81656
-77122
-75666
-73802
-70210
-70120
-66514
-65025
-64675
-61033
-60720
-58473
-55794
-54654
-51167
-50067
-48425
-46583
-46511
-44193
-43035
-41065
-37391
-34491
-29366
-24514
-19759
-14327
-10442
-6255
-3382
-1859
-794
-1210
-1124
-1050
-582
629
973
1001
-112
-1150
-1143
-885
481
528
-297
-1562
-4863
-6523
-8117
-9002
-7908
-8916
-8784
-10461
-14363
-16663
-21425
-25228
-29603
-36349
-41996
-49868
-56667
-62660
-70020
-74857
-80401
-84821
-87373
-91833
-94389
-97921
-101934
-104348
-108928
-110891
-113158
-114706
-113078
-113647
-110545
-108263
-106493
-102314
-101294
-97926
-96356
-94545
-90383
-89773
-88085
-87161
-87843
-88850
-88896
-89522
-91277
-90873
-92568
-92033
-90244
-89625
-85855
-84462
-81865
-78519
-77359
-73098
-70548
-67007
-61800
-59202
-53801
-50094
-47228
-42380
-41002
-38248
-36210
-35901
-33322
-32396
-30043
-27485
-26486
-24255
-24273
-24293
-25423
-29375
-32642
-38296
-44119
-49247
-55770
-60301
-64823
-68134
-69497
-70792
-68974
-67138
-64770
-60896
-58871
-55208
-52134
-49904
-46274
-45496
-45122
-45816
-48738
-51005
-54957
-58487
-61741
-66310
-69733
-73833
-76827
-78023
-78935
-77594
-75987
-74032
-71710
-70578
-69037
-68305
-67623
-66130
-64948
-62831
-60800
-58456
-55474
-52931
-50061
-47966
-45758
-43376
-41809
-40072
-39444
-38704
-37743
-37465
-36412
-35973
-34949
-33226
-32070
-29622
-27710
-26079
-24076
-23345
-22086
-21207
-20672
-19494
-19282
-18741
-18354
-18775
-18853
-19438
-20009
-20431
-21524
-22580
-23665
-25205
-26986
-29383
-32408
-35517
-38985
-42496
-45399
-47705
-49313
-50724
-52275
-54135
-56705
-59641
-62421
-64399
-64940
-64106
-62247
-59655
-56525
-53129
-50147
-47800
-46529
-47055
-49028
-52798
-58137
-64209
-71187
-77662
-83594
-89201
-93071
-96061
-97519
-97330
-96783
-94862
-93012
-91613
-90214
-90387
-90490
-91005
-92490
-93141
-94058
-94372
-94070
-93644
-92257
-91320
-90125
-89029
-88573
-87894
-87638
-86800
-85257
-83145
-80194
-76770
-72632
-68548
-64504
-60709
-57628
-54855
-53049
-52027
-51495
-51175
-50296
-48616
-45487
-41351
-36976
-33472
-31816
-31080
-31134
-31735
-33108
-36252
-40464
-45092
-49066
-51519
-52394
-51334
-49131
-46073
-42371
-38688
-34554
-30798
-27387
-23831
-21205
-19048
-17760
-17552
-17812
-18989
-20588
-22730
-24751
-26338
-28040
-29390
-31525
-33771
-35731
-37836
-38767
-39937
-40682
-40212
-40132
-39531
-39993
-41579
-42670
-44407
-45453
-46679
-48526
-49806
-52474
-55306
-58517
-62264
-64699
-67445
-69135
-69869
-70322
-69138
-68259
-66596
-64574
-63155
-61523
-61737
-62001
-62932
-65036
-66042
-68074
-69323
-70063
-71487
-71771
-73127
-73936
-74304
-75674
-76355
-78327
-80274
-81945
-84462
-85585
-86688
-87053
-86198
-85573
-83681
-81908
-80153
-77910
-76773
-75094
-73521
-72202
-70319
-69404
-68228
-67247
-66638
-65456
-64747
-63160
-61206
-59300
-56633
-54188
-51349
-48527
-45758
-42882
-40729
-38573
-37228
-36692
-36752
-38291
-39984
-42141
-44596
-46585
-48948
-50642
-52274
-53848
-54512
-55170
-54708
-53532
-52034
-49962
-48499
-47173
-46702
-47203
-48251
-50416
-52488
-54763
-56763
-57905
-59036
-58960
-58792
-58430
-57403
-57349
-56800
-56669
-56441
-55141
-54205
-51824
-49761
-47830
-45326
-43950
-41151
-39078
-37184
-34467
-34000
-32728
-32725
-34233
-35144
-38976
-42783
-47320
-53100
-57034
-61861
-64994
-66825
-68874
-68470
-68736
-68265
-66893
-66368
-64299
-63171
-61873
-59985
-59237
-57076
-55519
-53984
-51448
-49932
-47794
-46484
-46159
-45992
-47498
-49019
-51122
-53710
-55600
-58224
-60249
-62014
-63990
-64797
-65620
-65627
-64862
-64218
-62649
-61251
-59650
-57789
-56511
-54683
-53450
-52662
-51870
-52186
-52372
-52875
-53633
-53827
-54423
-54267
-53697
-53083
-51609
-50683
-49550
-48403
-48069
-47247
-47183
-47151
-46696
-47131
-46927
-47057
-47553
-47708
-49010
-50138
-51560
-53551
-54819
-56607
-57941
-58806
-60160
-60915
-62280
-63942
-65254
-67206
-68676
-70059
-71493
-71974
-72575
-72754
-72084
-71386
-69947
-68551
-67290
-65416
-64017
-62157
-60203
-58952
-57315
-56500
-55910
-55611
-56359
-56712
-57995
-59398
-60488
-62242
-62903
-63627
-63893
-63102
-62554
-60867
-59019
-56902
-54004
-51624
-48722
-45962
-43304
-40132
-37392
-34189
-31202
-28523
-25704
-23729
-21786
-20494
-19828
-19244
-19444
-19398
-19571
-19883
-19709
-19667
-19034
-18387
-17779
-16971
-16750
-16508
-16949
-18093
-19484
-21864
-24468
-27501
-30882
-34002
-37371
-40294
-43048
-45882
-48246
-50771
-52927
-54737
-56705
-58385
-60368
-62437
-64464
-66720
-68750
-70982
-73158
-75158
-77388
-79369
-81214
-83048
-84460
-85748
-87188
-88325
-89548
-90940
-91987
-93185
-94088
-94742
-95496
-95735
-96034
-95986
-95624
-95531
-94979
-94518
-93734
-92502
-91475
-90017
-88840
-87601
-86033
-84973
-83464
-81901
-80375
-78318
-76732
-75030
-73271
-72087
-70803
-69719
-68544
-67036
-65458
-63513
-61414
-59122
-56577
-53845
-51108
-48457
-45681
-43139
-40604
-38026
-35661
-33134
-30882
-28814
-26795
-25195
-23507
-22268
-21511
-20858
-20897
-20904
-21013
-21282
-21145
-21350
-21371
-21471
-22147
-22790
-24182
-25807
-27469
-29667
-31479
-33331
-35055
-36340
-37777
-38705
-39377
-39936
-39978
-40242
-40565
-40859
-41767
-42733
-43655
-44945
-46171
-47480
-49059
-50614
-52300
-53979
-55556
-57002
-57907
-58525
-58919
-58992
-59023
-58813
-58494
-58204
-57771
-57328
-56956
-56693
-56518
-56381
-56139
-55951
-55781
-55440
-55381
-55290
-55160
-55167
-54825
-54514
-54005
-53359
-52947
-52378
-52169
-52147
-52136
-52397
-52616
-53006
-53457
-54340
-55744
-57410
-59788
-62225
-64736
-67214
-69194
-71203
-72790
-74263
-75680
-76592
-77788
-78908
-79975
-81385
-82685
-84279
-85984
-87676
-89598
-91358
-93170
-94821
-96242
-97590
-98649
-99646
-100325
-100829
-101045
-100749
-100273
-99278
-98169
-97023
-95599
-94306
-92952
-91589
-90344
-89033
-87468
-85573
-83336
-80612
-77659
-74573
-71530
-68961
-66535
-64331
-62462
-60454
-58417
-56059
-53314
-50372
-47011
-43852
-40786
-37708
-35007
-32226
-29697
-27285
-24801
-22530
-19981
-17570
-15209
-12744
-10767
-8873
-7419
-6550
-5841
-5643
-5628
-5683
-5934
-6135
-6589
-7256
-8087
-9189
-10229
-11283
-12294
-13164
-13984
-14547
-15182
-15975
-16560
-17279
-18078
-18775
-19943
-21247
-22666
-24663
-26572
-28681
-30980
-32896
-35173
-37394
-39381
-41754
-43810
-46027
-48536
-50964
-54078
-57178
-60344
-63747
-66655
-69644
-72231
-74281
-76355
-77692
-78913
-80498
-81402
-82495
-83737
-84588
-85820
-86903
-88067
-89446
-90809
-91958
-93485
-94894
-95793
-98040
-98899
-100059
-102031
-102014
-103843
-104179
-103905
-104641
-102663
-102083
-100059
-96901
-94858
-90287
-87089
-83192
-78289
-75152
-70094
-66125
-62213
-57282
-54305
-50219
-47260
-45175
-42243
-41422
-40263
-39875
-40890
-41351
-43347
-45359
-47385
-50171
-52173
-54514
-56473
-57559
-58409
-58265
-57690
-56592
-54849
-53049
-51028
-49229
-47635
-46200
-45204
-44464
-44062
-44040
-44231
-44547
-45148
-45506
-45634
-45792
-45349
-44850
-44086
-42964
-42236
-41281
-40621
-40183
-39537
-39392
-39138
-39517
-40489
-41444
-43183
-44362
-45418
-46396
-46497
-47227
-47527
-47867
-48617
-48941
-50108
-50786
-51730
-53120
-53737
-55054
-55631
-56252
-57207
-57196
-57913
-57983
-57880
-57998
-57129
-56714
-55363
-53735
-52330
-49889
-48314
-46146
-43680
-42081
-39804
-38404
-37091
-35863
-35769
-35432
-35951
-36705
-37483
-39094
-40223
-41450
-42455
-43029
-43730
-44068
-44565
-44985
-45394
-45729
-45887
-46004
-45657
-45459
-44908
-44455
-44141
-43437
-43151
-42388
-41942
-41692
-41213
-41364
-41172
-41434
-41772
-42022
-42845
-43313
-44420
-45746
-47195
-49453
-51685
-54369
-56987
-59346
-61722
-63603
-65486
-67131
-68609
-69834
-70350
-70825
-70944
-71022
-71616
-72210
-73262
-74392
-75269
-76405
-77432
-78269
-78464
-78138
-77530
-76074
-74568
-72917
-70938
-69252
-67348
-65762
-64768
-64001
-63946
-64142
-64450
-65050
-65555
-66210
-66832
-67130
-67215
-66822
-66014
-64948
-63652
-62356
-61087
-59929
-58766
-57410
-56059
-54575
-53217
-52175
-51165
-50471
-49814
-49106
-48460
-47519
-46654
-45797
-45233
-45340
-45830
-47155
-49010
-51234
-53864
-56398
-59139
-61824
-64252
-66426
-68020
-69232
-69904
-70200
-70182
-69777
-69275
-68470
-67788
-67069
-66421
-66278
-66100
-66510
-66978
-67393
-68152
-68228
-68418
-68418
-68008
-68032
-67483
-66937
-66523
-65630
-65370
-64900
-64464
-64690
-64310
-64542
-64715
-64485
-64827
-64335
-64239
-64025
-63304
-63347
-62505
-61989
-61477
-60156
-59599
-58230
-57005
-56055
-54261
-53264
-51714
-50177
-49200
-47626
-46944
-46163
-45539
-45621
-45315
-45794
-46012
-45996
-46378
-46007
-46089
-46082
-45852
-46192
-45998
-46321
-46738
-46947
-47953
-48367
-49233
-50232
-50590
-51767
-52211
-52685
-53327
-53083
-53487
-53325
-53200
-53467
-52961
-53128
-52986
-52778
-53095
-52746
-52801
-52476
-51565
-50750
-49056
-47373
-45632
-43709
-42140
-40293
-38766
-37472
-36228
-35356
-34442
-33983
-33739
-33431
-33470
-33339
-33295
-33352
-33131
-32991
-32726
-32440
-32268
-32041
-31863
-31603
-31431
-31418
-31393
-31493
-31562
-31600
-31882
-32249
-32900
-33956
-35250
-36944
-38981
-41292
-43855
-46680
-49657
-52507
-55224
-57713
-59984
-62097
-63904
-65372
-66481
-67286
-67806
-68045
-68114
-68137
-68312
-68618
-69088
-69827
-70574
-71481
-72561
-73580
-74877
-75914
-77048
-78408
-79182
-80521
-81217
-81695
-82712
-82535
-83376
-83726
-83803
-84977
-84640
-85637
-86014
-85508
-86323
-85002
-84635
-83765
-81602
-81026
-78519
-77012
-75665
-73208
-72687
-70604
-69379
-68778
-66755
-66469
-64950
-63726
-63273
-61147
-60297
-58328
-56103
-54699
-51951
-50707
-49003
-47406
-47206
-45806
-45894
-45656
-44796
-45353
-43991
-43690
-43078
-40858
-40896
-38622
-37354
-37151
-34995
-35816
-35134
-35257
-36753
-36176
-38064
-38226
-38623
-40255
-39629
-41239
-41559
-41741
-43377
-42794
-44140
-44791
-44878
-46982
-47334
-49220
-51122
-52072
-54894
-55632
-57177
-58820
-58788
-60863
-60943
-61452
-62677
-61596
-62332
-61406
-60228
-60169
-57876
-57270
-55940
-54265
-54207
-52473
-52588
-52457
-51673
-52939
-52431
-53149
-53776
-52924
-53774
-52663
-52061
-51723
-49687
-49392
-47705
-46323
-45875
-43876
-43576
-42683
-41923
-42377
-41522
-41908
-41915
-41680
-42533
-42315
-42990
-43422
-43407
-44241
-44089
-44645
-45039
-44921
-45822
-45994
-46780
-47701
-48184
-49531
-49975
-50817
-51734
-51792
-52704
-52807
-53061
-53864
-53932
-54849
-55447
-56086
-57341
-57993
-59323
-60249
-60888
-61988
-62040
-62318
-62181
-61348
-60927
-59700
-58867
-58190
-57212
-57218
-56958
-57252
-58146
-58756
-60251
-61500
-62856
-64624
-65916
-67742
-69342
-70970
-72883
-74182
-75738
-76880
-77745
-78808
-79416
-80165
-80590
-80844
-81113
-80843
-80634
-79987
-78972
-77980
-76669
-75483
-74177
-72995
-71972
-70885
-70372
-69560
-68684
-68089
-67060
-66257
-65214
-64178
-63257
-61764
-60706
-59219
-57283
-55889
-53984
-52387
-51240
-49582
-48246
-47203
-46219
-45330
-44655
-43831
-42991
-42629
-41749
-41646
-41548
-40965
-41429
-41030
-41207
-41678
-41567
-42295
-42436
-43129
-43861
-44333
-45426
-45916
-46673
-47312
-47895
-48570
-48829
-49439
-49641
-49711
-49988
-50243
-50811
-51216
-51816
-52353
-52525
-53032
-53354
-53596
-53939
-54210
-54529
-54461
-54853
-55295
-55557
-56539
-57226
-58097
-58921
-59556
-60604
-60930
-61605
-61894
-61040
-60787
-59344
-57523
-56254
-53739
-52119
-50065
-47918
-47403
-45422
-44568
-43928
-42366
-42666
-41770
-41612
-41686
-40450
-40845
-39468
-38873
-38831
-36915
-37429
-36187
-35610
-36481
-34695
-35773
-35067
-33827
-35291
-33149
-33732
-34191
-32477
-34870
-34460
-35400
-38571
-38567
-42017
-44344
-45471
-49377
-50322
-52215
-54466
-54258
-55593
-55408
-54641
-55077
-54091
-53842
-53878
-52946
-52865
-52746
-52346
-53102
-53775
-54453
-56264
-57523
-59158
-61430
-62639
-64725
-66748
-67989
-70216
-71402
-72581
-74243
-74562
-75734
-76211
-75757
-76321
-75603
-75486
-75935
-75233
-75713
-75625
-75313
-76267
-76332
-76686
-77250
-76792
-76965
-76942
-76137
-75957
-75055
-73768
-72874
-70957
-69898
-69045
-67757
-67698
-66602
-65777
-65240
-63528
-62713
-61093
-59366
-58139
-56104
-54772
-53067
-51511
-50500
-49051
-48263
-47366
-46739
-46280
-45699
-45778
-45123
-44962
-45233
-45392
-46488
-46744
-47970
-49389
-49429
-50922
-51475
-52076
-53492
-53884
-55265
-55291
-55985
-57474
-57034
-58948
-59804
-59896
-61697
-61662
-62884
-63906
-64388
-65979
-65789
-66519
-66858
-66262
-66791
-66173
-65904
-65615
-64768
-64338
-63488
-63058
-62576
-62278
-62133
-61702
-61745
-61378
-61352
-61190
-60584
-60483
-59357
-58730
-58222
-57004
-56719
-55826
-55531
-55659
-55321
-55746
-55411
-55334
-55314
-54460
-54129
-53272
-52211
-51314
-49885
-48879
-47599
-46061
-45026
-43433
-42335
-41457
-40521
-40453
-39884
-39797
-39850
-39646
-40187
-40214
-40721
-41484
-41957
-43120
-43805
-44645
-45619
-45941
-46603
-46663
-46617
-46726
-46433
-46681
-46467
-46427
-46412
-45840
-45759
-45063
-44811
-45010
-44929
-45915
-46813
-48140
-50256
-52005
-54387
-56636
-58682
-61007
-62653
-64502
-65959
-66871
-68021
-68179
-68275
-68200
-67316
-66876
-65784
-64629
-63870
-62463
-61555
-60434
-59152
-58310
-57053
-56248
-55597
-54858
-54833
-54917
-55324
-56351
-57355
-58720
-60145
-61111
-62203
-62809
-63113
-63495
-63310
-63244
-62958
-62546
-62379
-61730
-61557
-61413
-61298
-61960
-62403
-63169
-64089
-64746
-65493
-65924
-66173
-66050
-65616
-64932
-64051
-63283
-62331
-61594
-60854
-60103
-59819
-59426
-59271
-59235
-59128
-59259
-59165
-59119
-59059
-58873
-58778
-58604
-58333
-58031
-57838
-57415
-57126
-56822
-56086
-55625
-54836
-54129
-53786
-53180
-53227
-53229
-53125
-53306
-53075
-53144
-52764
-51975
-51615
-51052
-51005
-50992
-51050
-51819
-52322
-53405
-54778
-55947
-57599
-58962
-60549
-62091
-63132
-64308
-64805
-65202
-65347
-64925
-64873
-64300
-63868
-63509
-62576
-62086
-60993
-59909
-59217
-58012
-57448
-56686
-55867
-55536
-54674
-54319
-53684
-52695
-52092
-50751
-49874
-49052
-47868
-47085
-45527
-43952
-42112
-39742
-37914
-35749
-33969
-32666
-31268
-30599
-30024
-29605
-29410
-28958
-28673
-28200
-27526
-26999
-26396
-25928
-25689
-25520
-25533
-25785
-26282
-27098
-28183
-29444
-30759
-32060
-33456
-34716
-35850
-36967
-37846
-38773
-39653
-40452
-41393
-42283
-43285
-44283
-45187
-46122
-46956
-47657
-48282
-48829
-49106
-49486
-50015
-50560
-51496
-52282
-53150
-54044
-54556
-55461
-55942
-56602
-57568
-57865
-59080
-59904
-60459
-61765
-62646
-64357
-65533
-66469
-68003
-68870
-70534
-71659
-72767
-74067
-74525
-75972
-76612
-77399
-78515
-78663
-79709
-79963
-80429
-81322
-81475
-82722
-83255
-83793
-84668
-84398
-84657
-84034
-83010
-82242
-80420
-79197
-77474
-75496
-74147
-72000
-70493
-68854
-66852
-65527
-63693
-62319
-60816
-58933
-57652
-55817
-54349
-52893
-51062
-49882
-48240
-47048
-46138
-44861
-44304
-43434
-42873
-42660
-42129
-42301
-42321
-42602
-43286
-43757
-44888
-45945
-47103
-48610
-49885
-51533
-53072
-54481
-56069
-57409
-58775
-60101
-61111
-61768
-62052
-62031
-61875
-61439
-60621
-59836
-58942
-58009
-57201
-56239
-55675
-55282
-54551
-54118
-53473
-52891
-52762
-52123
-52036
-51952
-51511
-51775
-51014
-50541
-50645
-49908
-50347
-50435
-50339
-51155
-50847
-51262
-51514
-50911
-51218
-50427
-50068
-50087
-49402
-50127
-50275
-50716
-51722
-51668
-52582
-52655
-52479
-53050
-52509
-52645
-52387
-51817
-51927
-51108
-50976
-50900
-50586
-51129
-51353
-52241
-53076
-53570
-54630
-55070
-55802
-56443
-56623
-57279
-57538
-57880
-58202
-58363
-58906
-59178
-59844
-60588
-61331
-62629
-63494
-64791
-66060
-66976
-68316
-68876
-69565
-70061
-70019
-70252
-69550
-68938
-68122
-66872
-66183
-64723
-63584
-62593
-60975
-60027
-58724
-57422
-56485
-55189
-54274
-52992
-51439
-50281
-48784
-47522
-46637
-45574
-44647
-43722
-42855
-42331
-41717
-41230
-41172
-41176
-41363
-41502
-41476
-41785
-42073
-42299
-42743
-43103
-43753
-44450
-44953
-45761
-46509
-47459
-48457
-49447
-50768
-52100
-53711
-54863
-56042
-57123
-57292
-57903
-57792
-57594
-58035
-58018
-59054
-60067
-61298
-63207
-64376
-66164
-67567
-68823
-70621
-71420
-72771
-73909
-74239
-74855
-74414
-74131
-73841
-72866
-72700
-72019
-71596
-71458
-70653
-70905
-70523
-69930
-69964
-68926
-68511
-67594
-65971
-65202
-63327
-61933
-60745
-58898
-58089
-56563
-55631
-55146
-54130
-54345
-54107
-54420
-55230
-55487
-56456
-56664
-56973
-57183
-56434
-56114
-55068
-53913
-52765
-51209
-50330
-49161
-48404
-47871
-47015
-46935
-46477
-46372
-46812
-46923
-47797
-48613
-49695
-50965
-51566
-52534
-52878
-52940
-53136
-52648
-52348
-51616
-50780
-50236
-49359
-49088
-48800
-48691
-49307
-49687
-50494
-51403
-52226
-53426
-54193
-55136
-56119
-56519
-57174
-57414
-57217
-57111
-56278
-55467
-54747
-53800
-53376
-52823
-52341
-52064
-51551
-51401
-51192
-50909
-50772
-50433
-50352
-50132
-49734
-49635
-49245
-49131
-49407
-49453
-49887
-50333
-50688
-51185
-51190
-51156
-50813
-50095
-49571
-48582
-47694
-46890
-45780
-45085
-44273
-43520
-42889
-41970
-41330
-40592
-39937
-39635
-39354
-39501
-39792
-40109
-40615
-41106
-41731
-42441
-43314
-44447
-45580
-46700
-47799
-48626
-49225
-49674
-49599
-49174
-48968
-49007
-49331
-49691
-49822
-49952
-49914
-49853
-49807
-49682
-50121
-50873
-51784
-53016
-54096
-55287
-56471
-57517
-58835
-60069
-61469
-63035
-64197
-65484
-66819
-68229
-69809
-71050
-72277
-73043
-73632
-74079
-73752
-73628
-72928
-72051
-71592
-70744
-70637
-70424
-70323
-70984
-71317
-72268
-73060
-73747
-74991
-75686
-76709
-77477
-77941
-78785
-78952
-79294
-79349
-78872
-78734
-77986
-77160
-76261
-75002
-73868
-72424
-71002
-69455
-67651
-65821
-63653
-61469
-59362
-57372
-55667
-54289
-53262
-52366
-51518
-50577
-49484
-48185
-46523
-44646
-42494
-40085
-37714
-35293
-33012
-31036
-29166
-27691
-26455
-25406
-24648
-23827
-23195
-22451
-21585
-21102
-20612
-20515
-20941
-21229
-21548
-22265
-23852
-26068
-27821
-29180
-30330
-30979
-31625
-32046
-32405
-33487
-34878
-36724
-38661
-40428
-42340
-43868
-45493
-46991
-48351
-50127
-51891
-54168
-56333
-58181
-60555
-62669
-64783
-66900
-68611
-70315
-71374
-72050
-72443
-72419
-72679
-72819
-73422
-74278
-74869
-76061
-77160
-78435
-79791
-80982
-82365
-83197
-84259
-85022
-85469
-86106
-86140
-86535
-86687
-86769
-86984
-86441
-86082
-85172
-83682
-82421
-81183
-79927
-78935
-78105
-77182
-77173
-77166
-77095
-77027
-75959
-75177
-74002
-73023
-72561
-71424
-70658
-68815
-66310
-63968
-60702
-58025
-55245
-52448
-50459
-48031
-46242
-44758
-43242
-42400
-41375
-40873
-40472
-39843
-39649
-38797
-37885
-36952
-35541
-34568
-33300
-32002
-31148
-30509
-30517
-30480
-30234
-29543
-28377
-27513
-26934
-26825
-26857
-27045
-27314
-27415
-27668
-27344
-26812
-26400
-25877
-25990
-26404
-27194
-28564
-29958
-31489
-32852
-34247
-35852
-37431
-39416
-41290
-43236
-45442
-47295
-49407
-51471
-53390
-55532
-57189
-58608
-59939
-61116
-62392
-63453
-64490
-65731
-66897
-68039
-69488
-71041
-72535
-73959
-75094
-76463
-77670
-78574
-79399
-79429
-79567
-79338
-78670
-78636
-77850
-77098
-76589
-75454
-74931
-74299
-73428
-72791
-71719
-71055
-70760
-70855
-71657
-72058
-72499
-72156
-70940
-69979
-67605
-65667
-64250
-61941
-61068
-59831
-58351
-57445
-55563
-54617
-53616
-52464
-52286
-51545
-51411
-51049
-50156
-49719
-48100
-46677
-45367
-43927
-43846
-43712
-43909
-43908
-42802
-41625
-39852
-38583
-38443
-39144
-41128
-43063
-44680
-45876
-45977
-45665
-44835
-44473
-45300
-46577
-49065
-51694
-53919
-56329
-57776
-59201
-60373
-60988
-62296
-63129
-63787
-64064
-63359
-62794
-61808
-61258
-61127
-60685
-60989
-60854
-60940
-61581
-61517
-62327
-63044
-63987
-65476
-65256
-65346
-64947
-64139
-64296
-62944
-62421
-62370
-61789
-61903
-60575
-59561
-58531
-56826
-55953
-54540
-53825
-53549
-53174
-53048
-51662
-50320
-49292
-48377
-48159
-47057
-45835
-45034
-44013
-43926
-43782
-44128
-45418
-45701
-46235
-46165
-45730
-46268
-46064
-46697
-47038
-47132
-48061
-47413
-47814
-48380
-49321
-51875
-52878
-55077
-56101
-55766
-56582
-55130
-55154
-54958
-53980
-54931
-54044
-55274
-56549
-56908
-59064
-57779
-57732
-57299
-55115
-55736
-53744
-54050
-55174
-54409
-57002
-56184
-56555
-57640
-55494
-57075
-55586
-54942
-56017
-53383
-55098
-54334
-54057
-56685
-54485
-56406
-56002
-54283
-56578
-53651
-54746
-55108
-52491
-54808
-52021
-51891
-52692
-49141
-50826
-48369
-47075
-48916
-46473
-49507
-50052
-49797
-53519
-52064
-53991
-55137
-53849
-56397
-54683
-54820
-55664
-53768
-55860
-55773
-56322
-58677
-58519
-60319
-60917
-61030
-61959
-61291
-61673
-61464
-61692
-62524
-62620
-63606
-63013
-62829
-62410
-60471
-60247
-58525
-57673
-57981
-56778
-58200
-58756
-58966
-60399
-59312
-59627
-59834
-59148
-60428
-60509
-60643
-60713
-59718
-59123
-58103
-57431
-56352
-55562
-55464
-54618
-54801
-54155
-52973
-52800
-51719
-51943
-52642
-53380
-55481
-56511
-57958
-59059
-58968
-59539
-58570
-57743
-57751
-57330
-58431
-59194
-59587
-59916
-58778
-58063
-57382
-57690
-59369
-60463
-62450
-63850
-64255
-64787
-63311
-60995
-58403
-55473
-53625
-52504
-52793
-53449
-53521
-53919
-53422
-52764
-52525
-51693
-50949
-49919
-48841
-48207
-47710
-47778
-47640
-47686
-48035
-47879
-48362
-48994
-49668
-50762
-51359
-51986
-52075
-51531
-51001
-49842
-48770
-47870
-46922
-46233
-45499
-45155
-44917
-44709
-44906
-44922
-44972
-44957
-44684
-44553
-44300
-44253
-44668
-45227
-45991
-46657
-47200
-47721
-47915
-48215
-48868
-49691
-50787
-51778
-52335
-52622
-52675
-52834
-53392
-54105
-55233
-56565
-57590
-58400
-58373
-57680
-56980
-56368
-56453
-57137
-58252
-59495
-60239
-60793
-60993
-60888
-60816
-60506
-60214
-60020
-59831
-59554
-59252
-59179
-59011
-59075
-59301
-59424
-59697
-59470
-58969
-58067
-56837
-56503
-56837
-57856
-59017
-60166
-61700
-62301
-62285
-61732
-60928
-61312
-61756
-62480
-63937
-65059
-66056
-66146
-65632
-65445
-65283
-65644
-65934
-66221
-66785
-66840
-67057
-67198
-67421
-68064
-68390
-69155
-69515
-69199
-68920
-67724
-66646
-65507
-64067
-63261
-62084
-61429
-61125
-60637
-60879
-60797
-60847
-60893
-60414
-60267
-59653
-58985
-58311
-57050
-56057
-54871
-53614
-52563
-51189
-49934
-48645
-47336
-46133
-44822
-43702
-42538
-41593
-40866
-40166
-39860
-39457
-39301
-39268
-39025
-39126
-38871
-38590
-38297
-37565
-37049
-36286
-35684
-35209
-34476
-34283
-33968
-33857
-34273
-34579
-35551
-36744
-38050
-39703
-40908
-42289
-43479
-44192
-45127
-45661
-46216
-46841
-47098
-47561
-47820
-48070
-48458
-48656
-49196
-49611
-49961
-50522
-50816
-51265
-51672
-52114
-52810
-53288
-53971
-54684
-55302
-56140
-56846
-57626
-58388
-58920
-59336
-59447
-59469
-59330
-59127
-58998
-58858
-59051
-59346
-59833
-60130
-60356
-60896
-60751
-60932
-61260
-61435
-62281
-62502
-62822
-62883
-62506
-62622
-61860
-61590
-61355
-60476
-60452
-59940
-59848
-59990
-59587
-59907
-59663
-59707
-60107
-59961
-60576
-60941
-61378
-62083
-62349
-63149
-63600
-63992
-64746
-65019
-65585
-66067
-66452
-67071
-67342
-67962
-68510
-68934
-69871
-70464
-71100
-71674
-71881
-72070
-71650
-71158
-70321
-68901
-67790
-66216
-64415
-62805
-60922
-59179
-57249
-55489
-54099
-52513
-51513
-50513
-49408
-48922
-48157
-47576
-47380
-47165
-47219
-47324
-47775
-48188
-48480
-49126
-49345
-49423
-49626
-49414
-49109
-48830
-48443
-47834
-47246
-46868
-46351
-46065
-46065
-45991
-46230
-46674
-47128
-47847
-48539
-49071
-49729
-50298
-50577
-50946
-51227
-51206
-51318
-51301
-51221
-51446
-51654
-51918
-52289
-52738
-53139
-53557
-54328
-54888
-55672
-56896
-57610
-58571
-59528
-60018
-60796
-61122
-61302
-61598
-61514
-61579
-61494
-61330
-61281
-61254
-61325
-61230
-61289
-61139
-60740
-60595
-60098
-59547
-59188
-58549
-57892
-57240
-56473
-55700
-55063
-54465
-53889
-53640
-53340
-53023
-52823
-52349
-51941
-51472
-50861
-50418
-49939
-49585
-49391
-49366
-49360
-49396
-49652
-49603
-49892
-50505
-50890
-51699
-52521
-53367
-54498
-55726
-57042
-57878
-58358
-58754
-59153
-59705
-60229
-60952
-61625
-61883
-62391
-62637
-62259
-62282
-62156
-61808
-61783
-61419
-60875
-60509
-60195
-59704
-59397
-59306
-58867
-58664
-58468
-58150
-57913
-57353
-57187
-56957
-56541
-56511
-56262
-56359
-56600
-56679
-56963
-56834
-56826
-56870
-56658
-56821
-56795
-56786
-56911
-56682
-56794
-57125
-57497
-58179
-58749
-59353
-60066
-60604
-61190
-61704
-61989
-62285
-62417
-62224
-61970
-61516
-60783
-60253
-59737
-59270
-59197
-59009
-58871
-58818
-58480
-58085
-57379
-56389
-55409
-54325
-53332
-52699
-52034
-51365
-51164
-50796
-50858
-51449
-51743
-52736
-53408
-54017
-55160
-55415
-56210
-56464
-56129
-56325
-55620
-55601
-55056
-54076
-53950
-52810
-52178
-51317
-50536
-50951
-50750
-51266
-51494
-50925
-50524
-49531
-49190
-48407
-47320
-46655
-44972
-44158
-43297
-42092
-42037
-41125
-40924
-40963
-40193
-40746
-40431
-40226
-41022
-40973
-41756
-42209
-42438
-43054
-42577
-42670
-42340
-41782
-42317
-42558
-43784
-45420
-47147
-49651
-51411
-53398
-55258
-56523
-58213
-59363
-60705
-62212
-63278
-64516
-65199
-65930
-66456
-66477
-67078
-67220
-67392
-67812
-67559
-67597
-67403
-67050
-67052
-66802
-66808
-66641
-66345
-66194
-65871
-65981
-65745
-65415
-65411
-64824
-64885
-65019
-64725
-65304
-65040
-64488
-63964
-62229
-61169
-59628
-58104
-57868
-57154
-57458
-57659
-57269
-57526
-56932
-56778
-56568
-56107
-56435
-56202
-56658
-57102
-57034
-57547
-57337
-57334
-57357
-57199
-57692
-57727
-58107
-58465
-58416
-58889
-58946
-59119
-59237
-58871
-58766
-58097
-57556
-57182
-56390
-56034
-55373
-54739
-54226
-53395
-52893
-52160
-51655
-51370
-50952
-50940
-50882
-50969
-51139
-51392
-51746
-52082
-52677
-53015
-53698
-54378
-54942
-56000
-56521
-57391
-58217
-58604
-59397
-59541
-59889
-60148
-59906
-60089
-59550
-59085
-58789
-58073
-57945
-57437
-57005
-56905
-56430
-56529
-56343
-56193
-56327
-55907
-55714
-54895
-53954
-53159
-52025
-51670
-51214
-51191
-51307
-50610
-50249
-49175
-48151
-47506
-46423
-46122
-45574
-45307
-45622
-45525
-46216
-46599
-46881
-47593
-47741
-48549
-49278
-49879
-50795
-51002
-51440
-51441
-51165
-51213
-50451
-50143
-49880
-49572
-50110
-50283
-51085
-52006
-52587
-53765
-54329
-55121
-55978
-56552
-57686
-58335
-59107
-59587
-59420
-59507
-59048
-58781
-58615
-58194
-58346
-58218
-58266
-58451
-58176
-58269
-58110
-58090
-58495
-58604
-59067
-59494
-59806
-60443
-60736
-61113
-61597
-61632
-62002
-62098
-61958
-62323
-61984
-61782
-61632
-60921
-60748
-60178
-59818
-59619
-58863
-58693
-58069
-57571
-57387
-56569
-56208
-55469
-54801
-54504
-53708
-53488
-53082
-52661
-52702
-52361
-52458
-52496
-52295
-52245
-51775
-51643
-51672
-51748
-52366
-52764
-53159
-53600
-53685
-53663
-53267
-52739
-52426
-51989
-51671
-51388
-50726
-50421
-49980
-49195
-48980
-48324
-48137
-48385
-48056
-48725
-48888
-49123
-50086
-50131
-51242
-52081
-52703
-54148
-54529
-55675
-56286
-56202
-56856
-56282
-56392
-56441
-55919
-56416
-55956
-55973
-56099
-55510
-55719
-55114
-54694
-54433
-53549
-53246
-52442
-51933
-51646
-51016
-51067
-50752
-50704
-50923
-50736
-50981
-50833
-50702
-50512
-49798
-49377
-48555
-47893
-47365
-46581
-46296
-45893
-45940
-46273
-46602
-47540
-48197
-49161
-50180
-50798
-51752
-52179
-52705
-53234
-53211
-53504
-53295
-53044
-52964
-52564
-52585
-52360
-52063
-51874
-51325
-50988
-50523
-50085
-49904
-49578
-49480
-49416
-49338
-49425
-49421
-49454
-49363
-49230
-49280
-49276
-49449
-49780
-50059
-50501
-50952
-51450
-52155
-52879
-53876
-55072
-56328
-57864
-59353
-60666
-61890
-62881
-63742
-64588
-65268
-65822
-66324
-66635
-66880
-66983
-66985
-67008
-66751
-66523
-66209
-65742
-65516
-65073
-64704
-64414
-63911
-63580
-62993
-62251
-61467
-60450
-59598
-58684
-57798
-57219
-56718
-56553
-56635
-56707
-57004
-57256
-57341
-57550
-57487
-57230
-57125
-56798
-56582
-56365
-56018
-55961
-55662
-55641
-55626
-55273
-55509
-55426
-55538
-55739
-55316
-55512
-55288
-55015
-55201
-54842
-55034
-55299
-55517
-56084
-56197
-56460
-56533
-56419
-56397
-55822
-55577
-55229
-54622
-54433
-53818
-53553
-53445
-53057
-53295
-53210
-53193
-53323
-52937
-52968
-52848
-52613
-52405
-51755
-51276
-50671
-50305
-50175
-49955
-50181
-50243
-50599
-51143
-51418
-51983
-52034
-52193
-52434
-52301
-52700
-52773
-53019
-53548
-53714
-54306
-54575
-54887
-55384
-55370
-55647
-55616
-55379
-55346
-55015
-55024
-55061
-55149
-55523
-55657
-55987
-56191
-56189
-56185
-55823
-55618
-55358
-55077
-55170
-55125
-55314
-55576
-55678
-56043
-56222
-56473
-56771
-56918
-57283
-57456
-57761
-58235
-58462
-58873
-59189
-59428
-59836
-60046
-60386
-60841
-61069
-61422
-61635
-61600
-61720
-61472
-61148
-60890
-60109
-59585
-58904
-58032
-57588
-56635
-56010
-55574
-54859
-54863
-54463
-54247
-54438
-54080
-54429
-54423
-54200
-54529
-54022
-54038
-54027
-53518
-53834
-53460
-53493
-53973
-53725
-54316
-54328
-54131
-54333
-53485
-53106
-52368
-51251
-50879
-49835
-49416
-49305
-48708
-48966
-48833
-48812
-49222
-49085
-49461
-49641
-49739
-50280
-50348
-50655
-50902
-50933
-51325
-51542
-52051
-52765
-53439
-54441
-55286
-56245
-57258
-58044
-58993
-59687
-60249
-60879
-61208
-61542
-61674
-61533
-61438
-61078
-60817
-60689
-60573
-60796
-60937
-61393
-61999
-62266
-62786
-62973
-62995
-63069
-62711
-62626
-62396
-62099
-62089
-61810
-61828
-61710
-61413
-61316
-60802
-60509
-60136
-59629
-59605
-59333
-59454
-59666
-59618
-60068
-60077
-60228
-60427
-60084
-60103
-59598
-59124
-58812
-57953
-57672
-57011
-56287
-56008
-55200
-54933
-54569
-54120
-54134
-53671
-53677
-53648
-53425
-53757
-53684
-53865
-54098
-53984
-54237
-54111
-54060
-54068
-53766
-53771
-53500
-53327
-53271
-52963
-52942
-52763
-52650
-52678
-52507
-52529
-52395
-52226
-52111
-51798
-51677
-51384
-51152
-51150
-50913
-51018
-51136
-51200
-51510
-51573
-51763
-51826
-51815
-51965
-51841
-51925
-51949
-52028
-52389
-52614
-53095
-53516
-53921
-54355
-54528
-54878
-54989
-55000
-55095
-54918
-54872
-54663
-54416
-54177
-53732
-53497
-53071
-52837
-52788
-52630
-52812
-52811
-52970
-53177
-53047
-53247
-53255
-53279
-53530
-53481
-53660
-53680
-53531
-53522
-53160
-52909
-52599
-52219
-52119
-51836
-51804
-51932
-51998
-52350
-52593
-52963
-53387
-53696
-54251
-54717
-55306
-55988
-56587
-57350
-57972
-58637
-59253
-59730
-60277
-60510
-60647
-60664
-60445
-60228
-59776
-59284
-58704
-58005
-57451
-56769
-56176
-55690
-55132
-54737
-54350
-54096
-53897
-53675
-53642
-53559
-53653
-53869
-54131
-54526
-54820
-55242
-55522
-55683
-55864
-55672
-55479
-55305
-55068
-55011
-54847
-54668
-54464
-54155
-53961
-53675
-53502
-53472
-53381
-53439
-53497
-53617
-53733
-53745
-53751
-53482
-53268
-53028
-52680
-52606
-52445
-52461
-52516
-52581
-52955
-53144
-53563
-53964
-54234
-54609
-54573
-54524
-54213
-53762
-53532
-53033
-52830
-52713
-52542
-52784
-52887
-53104
-53475
-53764
-54220
-54539
-54888
-55215
-55333
-55530
-55611
-55724
-55853
-55850
-56065
-56229
-56452
-56813
-57016
-57422
-57901
-58373
-58884
-59321
-59798
-60139
-60451
-60725
-60813
-60891
-60813
-60641
-60482
-60254
-60109
-60011
-59980
-60008
-60038
-60117
-60240
-60485
-60699
-60970
-61323
-61593
-61959
-62282
-62593
-62854
-62950
-63069
-63064
-63098
-63062
-62818
-62645
-62296
-61907
-61541
-61115
-60782
-60339
-60022
-59606
-59044
-58708
-58133
-57800
-57558
-57102
-56978
-56488
-56110
-55851
-55234
-55016
-54608
-54312
-54217
-53861
-53891
-53678
-53450
-53418
-53033
-52939
-52687
-52272
-52125
-51737
-51539
-51350
-50974
-50775
-50413
-50262
-50210
-50091
-50265
-50334
-50534
-50837
-51078
-51464
-51721
-52000
-52252
-52384
-52565
-52687
-52852
-53033
-53286
-53612
-53942
-54517
-55039
-55668
-56474
-57103
-57938
-58594
-59188
-59864
-60238
-60864
-61254
-61515
-62007
-62131
-62437
-62677
-62718
-62990
-62922
-62841
-62661
-62151
-61836
-61289
-60761
-60425
-59844
-59438
-58951
-58349
-57864
-57120
-56442
-55715
-54818
-54095
-53286
-52476
-51742
-50975
-50364
-49868
-49435
-49117
-48737
-48326
-47948
-47443
-47029
-46666
-46221
-45916
-45589
-45301
-45137
-44946
-44980
-45120
-45348
-45824
-46267
-46823
-47407
-47924
-48541
-49020
-49550
-50066
-50458
-51061
-51598
-52127
-52797
-53336
-53943
-54546
-55108
-55766
-56325
-56959
-57604
-58248
-59053
-59743
-60496
-61209
-61792
-62313
-62551
-62827
-62759
-62612
-62534
-61988
-61719
-61088
-60466
-60196
-59440
-59360
-59138
-58896
-59141
-58757
-58818
-58589
-58057
-57879
-57114
-56756
-56260
-55557
-55345
-54644
-54290
-53948
-53267
-53022
-52408
-52047
-51920
-51628
-51889
-52010
-52284
-52755
-52985
-53458
-53691
-53954
-54286
-54350
-54650
-54750
-54870
-55171
-55226
-55485
-55678
-55694
-55761
-55739
-55731
-55622
-55459
-55206
-54859
-54539
-54147
-53861
-53511
-53194
-52993
-52609
-52519
-52354
-52209
-52408
-52299
-52542
-52664
-52673
-53100
-52985
-53140
-53263
-53018
-53141
-52853
-52691
-52668
-52339
-52310
-52037
-51764
-51699
-51338
-51144
-50870
-50463
-50185
-49745
-49401
-49099
-48795
-48621
-48399
-48282
-48253
-48194
-48142
-48156
-48250
-48384
-48676
-48970
-49334
-49744
-49949
-50220
-50369
-50495
-50687
-50663
-50872
-50948
-50982
-51286
-51318
-51589
-51814
-51965
-52408
-52568
-52973
-53422
-53739
-54355
-54806
-55255
-55727
-56092
-56543
-56985
-57371
-57628
-57778
-57938
-58048
-58000
-57975
-57988
-57861
-57789
-57691
-57463
-57321
-57139
-56961
-56840
-56644
-56587
-56506
-56362
-56303
-56015
-55690
-55288
-54673
-54130
-53418
-52710
-52085
-51403
-51014
-50624
-50301
-50210
-49994
-49957
-50047
-50206
-50622
-51021
-51606
-52185
-52596
-53107
-53234
-53218
-53262
-53093
-53144
-53135
-53180
-53538
-53743
-54283
-54928
-55513
-56505
-57320
-58249
-59249
-59919
-60648
-61024
-61309
-61565
-61527
-61674
-61702
-61752
-61887
-61940
-62097
-62075
-62130
-62040
-61805
-61671
-61189
-60756
-60256
-59739
-59369
-58921
-58868
-58783
-58904
-59287
-59533
-60115
-60419
-60870
-61355
-61472
-61982
-62039
-62167
-62401
-62097
-62154
-61788
-61275
-60897
-59977
-59397
-58679
-57859
-57454
-56870
-56652
-56543
-56374
-56576
-56575
-56712
-56956
-56979
-57224
-57314
-57433
-57755
-57908
-58227
-58554
-58837
-59224
-59578
-59992
-60360
-60670
-60999
-61274
-61525
-61848
-62120
-62261
-62446
-62538
-62513
-62410
-62099
-61761
-61236
-60613
-60057
-59348
-58817
-58219
-57596
-57093
-56494
-56151
-55531
-55052
-54760
-54101
-53816
-53342
-52986
-52802
-52407
-52467
-52150
-51997
-51960
-51535
-51603
-51289
-51084
-51041
-50568
-50496
-49953
-49433
-49176
-48359
-47952
-47272
-46489
-46163
-45461
-45272
-45134
-44919
-45134
-44910
-44998
-45061
-44887
-45079
-44894
-44942
-45003
-44918
-45243
-45263
-45572
-46005
-46209
-46749
-47045
-47467
-47944
-48169
-48654
-48899
-49180
-49608
-49882
-50463
-50982
-51547
-52317
-53042
-54034
-55003
-56070
-57319
-58437
-59685
-60832
-61880
-62826
-63529
-64181
-64504
-64717
-64857
-64784
-64822
-64688
-64578
-64567
-64470
-64530
-64577
-64801
-65090
-65306
-65643
-65808
-65910
-65975
-65977
-65919
-65833
-65816
-65678
-65675
-65641
-65675
-65800
-65788
-66060
-66101
-66148
-66177
-65825
-65629
-65050
-64413
-63680
-62597
-61790
-60662
-59547
-58551
-57280
-56359
-55369
-54465
-53924
-53250
-52938
-52747
-52533
-52633
-52512
-52476
-52501
-52252
-52119
-51792
-51470
-51247
-50766
-50508
-50181
-49742
-49542
-49182
-48929
-48693
-48354
-48243
-48013
-47930
-47979
-47913
-48093
-48102
-48067
-48147
-48099
-48202
-48183
-48237
-48374
-48333
-48520
-48616
-48713
-48956
-49137
-49544
-49888
-50237
-50639
-50785
-50975
-50951
-50767
-50601
-50201
-49882
-49513
-49176
-48996
-48757
-48713
-48642
-48613
-48715
-48773
-49028
-49234
-49486
-49796
-49910
-50088
-50057
-49920
-49831
-49540
-49317
-49066
-48845
-48820
-48778
-48937
-49222
-49472
-49867
-50191
-50478
-50796
-50982
-51239
-51557
-51881
-52212
-52454
-52703
-52908
-53039
-53106
-53141
-53213
-53264
-53438
-53718
-54060
-54603
-55205
-55868
-56567
-57219
-57856
-58402
-58973
-59486
-59906
-60378
-60775
-61118
-61472
-61862
-62344
-62840
-63407
-64062
-64742
-65548
-66296
-67048
-67815
-68376
-69000
-69428
-69828
-70268
-70433
-70795
-70959
-70992
-71065
-70828
-70757
-70648
-70560
-70640
-70528
-70548
-70526
-70320
-70173
-69818
-69403
-68971
-68323
-67739
-67077
-66441
-65972
-65359
-64984
-64697
-64353
-64195
-63872
-63640
-63396
-62987
-62675
-62155
-61605
-60985
-60189
-59389
-58437
-57476
-56421
-55373
-54388
-53240
-52247
-51231
-50167
-49296
-48389
-47716
-47188
-46721
-46572
-46348
-46196
-46095
-45790
-45582
-45157
-44669
-44245
-43671
-43302
-42857
-42459
-42219
-41781
-41569
-41418
-41230
-41225
-41143
-41181
-41276
-41367
-41555
-41622
-41761
-41970
-42204
-42566
-42971
-43477
-44031
-44595
-45222
-45833
-46478
-47251
-47974
-48733
-49591
-50254
-50851
-51376
-51715
-52027
-52253
-52479
-52762
-53058
-53516
-54085
-54703
-55437
-56240
-57082
-58002
-58928
-59873
-60780
-61599
-62428
-63154
-63829
-64493
-65114
-65628
-66207
-66672
-66824
-67342
-67455
-67416
-67710
-67399
-67521
-67376
-66909
-66895
-66177
-65876
-65467
-64672
-64388
-63478
-62860
-62224
-61181
-60590
-59481
-58581
-57811
-56754
-56225
-55331
-54595
-54146
-53367
-53011
-52525
-52165
-52104
-51843
-51943
-51908
-51865
-51969
-51857
-51958
-51948
-51998
-52142
-52157
-52410
-52473
-52486
-52508
-52303
-52122
-51802
-51628
-51502
-51281
-51269
-51048
-50787
-50505
-50021
-49619
-49090
-48653
-48354
-48111
-48151
-48156
-48242
-48429
-48546
-48720
-48741
-48716
-48639
-48476
-48407
-48246
-48101
-48067
-48102
-48319
-48710
-49232
-49812
-50500
-51227
-51895
-52640
-53368
-54064
-54781
-55426
-56077
-56631
-57070
-57449
-57633
-57768
-57853
-57873
-57831
-57692
-57621
-57414
-57223
-57146
-56946
-56971
-57011
-56971
-57021
-56899
-56803
-56654
-56449
-56330
-56147
-56113
-56105
-56119
-56288
-56431
-56645
-56862
-57078
-57295
-57399
-57534
-57570
-57516
-57469
-57319
-57184
-56988
-56835
-56817
-56701
-56693
-56732
-56650
-56671
-56607
-56417
-56266
-56081
-55988
-55927
-55868
-55919
-55907
-55876
-55884
-55880
-55941
-56059
-56266
-56567
-56878
-57184
-57455
-57685
-57868
-57898
-57851
-57777
-57517
-57213
-56997
-56740
-56565
-56394
-56216
-56146
-55967
-55945
-55973
-55932
-56185
-56265
-56405
-56724
-56748
-57020
-57092
-57010
-57077
-56637
-56522
-56176
-55538
-55333
-54554
-54140
-53756
-53110
-53010
-52422
-52226
-52130
-51734
-51957
-51723
-51664
-51725
-51338
-51273
-50807
-50461
-50208
-49571
-49355
-48821
-48278
-47950
-47302
-46967
-46569
-46280
-46233
-46005
-46128
-46191
-46164
-46269
-46160
-46120
-46043
-45988
-45905
-45724
-45756
-45718
-45805
-46037
-46294
-46706
-47006
-47456
-47832
-48173
-48801
-49286
-49916
-50521
-51069
-51764
-52235
-52918
-53546
-54085
-54960
-55602
-56370
-57325
-58176
-59217
-60093
-60989
-61877
-62539
-63321
-63857
-64315
-64804
-65015
-65280
-65520
-65778
-66090
-66302
-66606
-66711
-66732
-66799
-66588
-66427
-66097
-65697
-65334
-64678
-64278
-63717
-63242
-62924
-62289
-62163
-61752
-61422
-61313
-60673
-60577
-60064
-59561
-59464
-58848
-58818
-58507
-58205
-58255
-57749
-57775
-57450
-56990
-56862
-56129
-55807
-55258
-54577
-54193
-53352
-52904
-52279
-51635
-51428
-50914
-50773
-50656
-50534
-50720
-50760
-51087
-51300
-51413
-51686
-51633
-51595
-51494
-51336
-51262
-51127
-51201
-51261
-51506
-52043
-52590
-53472
-54429
-55399
-56420
-57241
-58114
-58767
-59255
-59688
-59730
-59703
-59429
-58910
-58440
-57854
-57453
-57080
-56761
-56759
-56610
-56608
-56772
-56784
-56978
-57104
-57207
-57318
-57256
-57330
-57228
-57065
-57032
-56758
-56571
-56364
-56011
-55802
-55523
-55323
-55158
-54878
-54685
-54325
-53934
-53644
-53265
-52999
-52764
-52561
-52425
-52234
-52112
-51895
-51672
-51546
-51348
-51285
-51332
-51401
-51516
-51752
-52109
-52389
-52830
-53361
-53816
-54330
-54776
-55255
-55731
-56187
-56764
-57261
-57669
-58023
-58263
-58422
-58600
-58784
-58914
-59133
-59406
-59708
-60071
-60463
-60850
-61138
-61453
-61693
-61849
-62037
-62129
-62153
-61983
-61738
-61394
-60900
-60575
-60251
-60047
-59989
-59960
-60102
-60200
-60353
-60410
-60271
-60177
-59859
-59482
-59175
-58803
-58529
-58274
-58095
-57906
-57629
-57488
-57237
-56990
-56783
-56446
-56189
-55767
-55315
-54782
-53972
-53239
-52281
-51246
-50309
-49261
-48365
-47485
-46703
-46026
-45344
-44897
-44393
-43939
-43641
-43287
-43180
-43173
-43316
-43691
-44052
-44653
-45199
-45700
-46410
-46991
-47620
-48270
-48866
-49507
-50040
-50612
-51090
-51428
-51883
-52260
-52690
-53267
-53792
-54430
-55063
-55717
-56368
-56860
-57468
-57919
-58202
-58535
-58652
-58709
-58694
-58571
-58453
-58251
-58134
-58010
-57822
-57760
-57670
-57533
-57423
-57271
-57029
-56796
-56623
-56377
-56164
-56010
-55879
-55794
-55679
-55729
-55677
-55557
-55644
-55550
-55609
-55765
-55843
-56078
-56160
-56306
-56425
-56397
-56589
-56704
-56838
-57106
-57175
-57317
-57373
-57273
-57244
-57005
-56865
-56705
-56422
-56316
-56089
-55970
-55877
-55708
-55698
-55584
-55709
-55899
-55939
-56237
-56327
-56432
-56671
-56724
-56930
-57086
-57285
-57540
-57704
-58034
-58348
-58551
-58814
-59039
-59070
-59228
-59341
-59334
-59476
-59370
-59213
-58980
-58574
-58212
-57579
-56932
-56261
-55398
-54672
-53989
-53313
-52696
-52200
-51816
-51469
-51246
-51078
-50966
-50915
-50967
-51122
-51250
-51487
-51662
-51754
-51962
-51924
-51846
-51713
-51284
-50940
-50332
-49733
-49320
-48674
-48435
-48173
-47910
-48098
-48039
-48285
-48657
-48919
-49595
-50064
-50738
-51555
-52112
-53038
-53775
-54465
-55361
-55934
-56591
-57155
-57650
-58251
-58672
-59249
-59746
-60162
-60692
-61121
-61579
-61914
-62203
-62425
-62498
-62648
-62669
-62727
-62815
-62852
-62953
-62847
-62864
-62771
-62489
-62402
-62068
-61853
-61598
-61242
-61081
-60627
-60429
-60046
-59482
-59293
-58688
-58277
-57801
-57133
-56823
-56167
-55795
-55456
-54911
-54777
-54381
-54130
-53989
-53684
-53631
-53327
-53061
-52727
-52129
-51783
-51215
-50678
-50269
-49699
-49322
-48887
-48640
-48547
-48388
-48507
-48557
-48710
-49048
-49315
-49710
-50030
-50400
-50814
-51107
-51497
-51807
-52147
-52556
-52937
-53412
-53793
-54194
-54577
-54866
-55184
-55338
-55565
-55850
-56075
-56429
-56625
-56803
-56975
-57009
-57175
-57289
-57440
-57620
-57729
-57930
-58056
-58236
-58320
-58310
-58437
-58413
-58437
-58414
-58180
-57925
-57499
-57030
-56480
-55830
-55253
-54597
-53902
-53267
-52534
-51794
-51149
-50482
-49934
-49416
-48917
-48488
-47925
-47513
-47149
-46737
-46494
-46184
-45990
-45991
-46063
-46369
-46771
-47261
-47861
-48439
-49074
-49659
-50159
-50675
-51113
-51536
-51968
-52404
-52855
-53304
-53802
-54251
-54717
-55163
-55526
-55866
-56071
-56279
-56430
-56532
-56799
-57035
-57296
-57605
-57827
-58038
-58124
-58168
-58193
-58109
-58072
-57977
-57809
-57695
-57498
-57261
-57072
-56775
-56515
-56323
-56116
-56052
-55933
-55851
-55891
-55878
-55992
-56065
-56138
-56319
-56395
-56559
-56689
-56800
-57048
-57161
-57354
-57561
-57662
-57945
-58146
-58329
-58636
-58862
-59112
-59375
-59700
-60027
-60223
-60465
-60622
-60654
-60675
-60618
-60534
-60367
-60152
-59942
-59634
-59370
-59151
-58894
-58750
-58634
-58489
-58393
-58389
-58476
-58541
-58842
-59082
-59236
-59665
-59711
-59877
-59959
-59723
-59844
-59529
-59585
-59714
-59589
-59958
-59836
-59955
-59950
-59734
-59744
-59217
-59003
-58457
-57774
-57333
-56497
-55976
-55257
-54540
-53960
-53209
-52779
-52206
-51863
-51696
-51380
-51317
-50997
-50766
-50530
-50013
-49783
-49330
-48952
-48727
-48314
-48170
-47866
-47645
-47524
-47221
-47276
-47179
-47146
-47360
-47392
-47758
-48137
-48609
-49283
-49763
-50577
-51286
-51917
-52778
-53361
-54075
-54703
-55139
-55607
-55796
-56009
-56086
-56018
-56094
-56051
-56108
-56292
-56456
-56683
-56916
-57239
-57536
-57877
-58330
-58736
-59205
-59612
-60049
-60456
-60770
-61215
-61482
-61798
-62160
-62357
-62684
-62896
-63255
-63625
-63832
-64194
-64250
-64401
-64574
-64526
-64694
-64655
-64700
-64693
-64544
-64630
-64365
-64219
-64087
-63637
-63371
-62822
-62351
-61933
-61273
-60896
-60348
-59939
-59669
-59169
-58871
-58310
-57786
-57274
-56477
-55969
-55174
-54395
-53791
-52887
-52238
-51479
-50756
-50180
-49456
-49101
-48712
-48521
-48647
-48647
-48913
-49093
-49299
-49559
-49599
-49856
-49911
-49939
-50105
-49967
-50008
-49964
-49801
-49792
-49589
-49556
-49510
-49482
-49705
-49731
-49886
-50084
-50237
-50544
-50781
-51161
-51471
-51746
-52100
-52188
-52383
-52461
-52384
-52411
-52217
-52196
-52118
-52020
-52144
-52033
-52174
-52260
-52237
-52437
-52375
-52590
-52807
-52871
-53228
-53291
-53542
-53928
-54079
-54512
-54802
-55105
-55501
-55740
-56157
-56403
-56585
-56787
-56759
-56795
-56739
-56648
-56608
-56495
-56512
-56550
-56695
-56958
-57235
-57614
-57934
-58268
-58485
-58662
-58902
-58917
-59049
-59155
-59164
-59352
-59437
-59670
-59887
-60090
-60524
-60696
-61011
-61312
-61377
-61607
-61531
-61507
-61494
-61273
-61296
-61052
-60863
-60745
-60405
-60351
-60175
-60099
-60129
-60064
-60235
-60178
-60162
-60093
-59814
-59667
-59293
-59011
-58736
-58368
-58189
-57837
-57579
-57331
-57001
-56843
-56525
-56324
-56142
-55835
-55694
-55341
-55018
-54725
-54249
-53946
-53555
-53238
-53055
-52823
-52835
-52813
-52877
-53069
-53136
-53313
-53371
-53363
-53315
-53086
-52923
-52621
-52360
-52177
-51863
-51695
-51447
-51175
-50959
-50631
-50400
-50054
-49660
-49303
-48839
-48511
-48207
-47983
-47891
-47798
-47875
-47951
-48042
-48232
-48312
-48420
-48474
-48422
-48382
-48223
-48033
-47812
-47606
-47499
-47403
-47456
-47666
-48004
-48480
-49034
-49665
-50303
-51021
-51733
-52348
-52956
-53448
-53864
-54210
-54496
-54804
-54992
-55196
-55458
-55671
-55956
-56215
-56444
-56671
-56848
-57087
-57291
-57534
-57865
-58113
-58404
-58720
-58979
-59230
-59387
-59473
-59450
-59308
-59126
-58824
-58556
-58244
-57914
-57710
-57345
-57134
-56925
-56617
-56612
-56414
-56378
-56500
-56430
-56689
-56820
-57005
-57310
-57436
-57785
-57942
-58168
-58487
-58650
-59002
-59196
-59486
-59749
-59847
-60068
-60005
-60005
-60014
-59828
-59766
-59526
-59286
-58966
-58499
-58197
-57731
-57437
-57260
-56961
-56908
-56760
-56689
-56675
-56501
-56476
-56228
-55993
-55846
-55498
-55366
-55122
-54867
-54724
-54400
-54273
-54022
-53795
-53754
-53535
-53510
-53411
-53304
-53382
-53354
-53460
-53456
-53396
-53439
-53313
-53240
-53128
-52918
-52698
-52345
-51970
-51466
-50856
-50224
-49520
-48883
-48291
-47832
-47483
-47170
-46988
-46803
-46733
-46732
-46733
-46939
-47103
-47291
-47573
-47797
-48118
-48393
-48692
-49044
-49290
-49579
-49804
-50037
-50366
-50693
-51150
-51610
-52115
-52673
-53126
-53644
-54106
-54547
-55028
-55430
-55914
-56361
-56794
-57246
-57576
-57910
-58150
-58331
-58536
-58670
-58855
-59023
-59220
-59562
-59916
-60369
-60873
-61308
-61778
-62193
-62595
-62991
-63314
-63725
-63952
-64104
-64298
-64136
-64011
-63765
-63260
-62857
-62220
-61608
-60982
-60173
-59553
-58840
-58169
-57653
-57093
-56725
-56388
-56110
-55947
-55759
-55676
-55504
-55317
-55103
-54686
-54290
-53859
-53440
-53058
-52706
-52454
-52166
-51971
-51793
-51563
-51387
-51143
-50910
-50665
-50372
-50094
-49770
-49537
-49352
-49137
-49044
-48951
-48832
-48781
-48735
-48739
-48741
-48782
-48879
-48988
-49220
-49387
-49534
-49739
-49861
-49998
-50102
-50228
-50366
-50450
-50613
-50739
-50868
-51044
-51197
-51382
-51557
-51791
-52044
-52330
-52781
-53230
-53724
-54333
-54917
-55491
-56060
-56610
-57085
-57508
-57936
-58300
-58692
-59142
-59567
-60004
-60432
-60807
-61084
-61280
-61485
-61577
-61593
-61600
-61513
-61440
-61361
-61305
-61196
-61012
-60941
-60717
-60444
-60271
-60004
-59831
-59706
-59650
-59660
-59683
-59855
-59905
-59934
-59994
-59893
-59810
-59651
-59467
-59289
-59085
-58988
-58814
-58662
-58569
-58410
-58269
-58110
-58000
-57837
-57657
-57554
-57316
-57079
-56820
-56441
-56073
-55643
-55200
-54713
-54241
-53813
-53332
-53016
-52755
-52530
-52426
-52364
-52424
-52434
-52474
-52578
-52581
-52634
-52650
-52595
-52506
-52393
-52317
-52118
-51937
-51827
-51633
-51553
-51529
-51444
-51372
-51288
-51243
-51206
-51211
-51264
-51257
-51344
-51505
-51680
-51989
-52309
-52654
-53007
-53344
-53737
-53997
-54256
-54490
-54535
-54621
-54600
-54487
-54374
-54166
-54056
-53837
-53661
-53623
-53425
-53429
-53423
-53343
-53435
-53404
-53492
-53593
-53647
-53861
-53872
-53907
-53986
-53902
-53878
-53798
-53718
-53625
-53534
-53536
-53420
-53345
-53307
-53161
-53035
-52900
-52733
-52577
-52506
-52527
-52557
-52697
-52954
-53247
-53591
-53948
-54302
-54585
-54877
-55186
-55399
-55740
-56118
-56444
-56845
-57201
-57578
-57914
-58206
-58550
-58718
-58918
-59156
-59224
-59358
-59454
-59509
-59540
-59500
-59517
-59426
-59443
-59604
-59703
-59945
-60228
-60513
-60783
-61053
-61393
-61661
-62032
-62374
-62713
-63116
-63421
-63812
-63991
-64248
-64524
-64495
-64748
-64755
-64698
-64770
-64570
-64647
-64498
-64410
-64501
-64272
-64381
-64289
-64189
-64260
-64082
-64109
-63891
-63782
-63666
-63231
-63079
-62624
-62200
-61798
-61134
-60700
-59978
-59342
-58747
-57889
-57342
-56570
-55825
-55242
-54449
-53892
-53252
-52716
-52290
-51655
-51310
-50871
-50450
-50191
-49754
-49497
-49171
-48928
-48821
-48539
-48488
-48368
-48221
-48218
-48079
-48005
-47834
-47663
-47575
-47368
-47281
-47223
-47175
-47209
-47273
-47372
-47440
-47608
-47733
-47865
-48131
-48274
-48465
-48679
-48866
-49092
-49264
-49602
-49961
-50316
-50840
-51303
-51778
-52293
-52707
-53034
-53266
-53512
-53680
-53788
-53983
-54044
-54126
-54315
-54427
-54590
-54751
-54925
-55141
-55348
-55692
-56036
-56314
-56687
-56969
-57203
-57479
-57670
-57964
-58195
-58393
-58655
-58657
-58715
-58634
-58325
-58199
-57921
-57722
-57605
-57383
-57345
-57171
-57044
-56955
-56604
-56440
-56182
-55801
-55627
-55340
-55100
-54876
-54566
-54318
-53879
-53466
-53082
-52561
-52192
-51764
-51269
-50859
-50433
-50037
-49619
-49320
-49054
-48752
-48614
-48407
-48186
-48093
-48041
-48066
-48100
-48237
-48449
-48699
-49081
-49453
-49833
-50215
-50563
-50841
-51026
-51245
-51374
-51453
-51574
-51634
-51731
-51891
-52059
-52219
-52373
-52560
-52728
-52885
-53117
-53374
-53639
-53997
-54401
-54827
-55338
-55860
-56396
-56964
-57545
-58150
-58678
-59248
-59816
-60293
-60847
-61351
-61799
-62308
-62827
-63245
-63601
-63982
-64194
-64363
-64531
-64548
-64594
-64527
-64419
-64373
-64257
-64239
-64157
-64001
-63910
-63693
-63457
-63182
-62863
-62608
-62194
-61773
-61391
-60841
-60366
-59879
-59303
-58803
-58246
-57657
-57056
-56423
-55885
-55355
-54793
-54299
-53744
-53210
-52756
-52236
-51843
-51500
-51136
-50844
-50570
-50382
-50134
-49927
-49802
-49604
-49523
-49453
-49420
-49449
-49450
-49535
-49494
-49471
-49487
-49364
-49358
-49268
-49152
-49129
-49107
-49255
-49396
-49614
-49885
-50118
-50495
-50794
-51100
-51441
-51759
-52165
-52478
-52881
-53320
-53683
-54110
-54393
-54668
-54856
-54883
-54966
-54890
-54758
-54594
-54343
-54203
-54087
-54055
-54096
-54161
-54313
-54498
-54760
-55010
-55276
-55600
-55844
-56092
-56310
-56545
-56802
-56959
-57169
-57299
-57358
-57455
-57491
-57521
-57470
-57460
-57435
-57327
-57374
-57351
-57335
-57316
-57140
-57003
-56721
-56473
-56225
-55917
-55847
-55667
-55599
-55693
-55704
-55921
-56089
-56307
-56591
-56727
-56981
-57095
-57154
-57275
-57229
-57219
-57164
-57099
-57084
-57041
-57104
-57131
-57177
-57316
-57433
-57607
-57796
-57960
-58097
-58258
-58459
-58576
-58700
-58816
-58821
-58747
-58613
-58540
-58442
-58342
-58362
-58313
-58330
-58410
-58380
-58391
-58368
-58296
-58164
-57952
-57738
-57365
-56961
-56549
-56046
-55636
-55177
-54753
-54416
-53971
-53641
-53312
-52974
-52813
-52554
-52329
-52140
-51857
-51711
-51547
-51421
-51360
-51249
-51248
-51203
-51141
-51119
-51041
-50997
-50955
-50961
-50996
-51052
-51166
-51217
-51274
-51281
-51226
-51194
-51081
-51061
-51091
-51094
-51239
-51361
-51568
-51882
-52161
-52550
-52957
-53360
-53751
-54139
-54572
-54949
-55383
-55791
-56119
-56487
-56795
-57132
-57480
-57735
-57968
-58085
-58163
-58254
-58279
-58314
-58360
-58416
-58478
-58559
-58645
-58729
-58852
-58981
-59125
-59248
-59372
-59531
-59690
-59862
-60070
-60295
-60549
-60959
-61305
-61657
-62098
-62290
-62553
-62680
-62630
-62743
-62585
-62510
-62440
-62208
-62170
-61957
-61871
-61829
-61656
-61707
-61592
-61542
-61562
-61414
-61437
-61304
-61139
-61051
-60751
-60564
-60255
-59843
-59571
-59090
-58764
-58505
-58129
-57968
-57701
-57541
-57454
-57224
-57128
-56860
-56638
-56436
-56089
-55899
-55625
-55526
-55500
-55383
-55505
-55473
-55507
-55616
-55513
-55535
-55348
-55077
-54826
-54356
-54056
-53625
-53133
-52799
-52256
-51788
-51301
-50713
-50286
-49772
-49320
-48958
-48585
-48362
-48075
-47875
-47754
-47517
-47440
-47325
-47191
-47118
-46929
-46813
-46620
-46408
-46302
-46040
-45841
-45683
-45416
-45236
-45057
-44926
-44879
-44915
-45089
-45236
-45496
-45856
-46190
-46648
-47098
-47538
-47992
-48363
-48794
-49166
-49515
-49958
-50329
-50821
-51393
-51948
-52574
-53156
-53775
-54328
-54859
-55474
-55979
-56559
-57160
-57688
-58298
-58841
-59371
-59874
-60264
-60646
-60916
-61116
-61305
-61429
-61496
-61534
-61565
-61570
-61595
-61533
-61466
-61353
-61111
-61038
-60822
-60687
-60784
-60673
-60794
-60922
-61011
-61285
-61396
-61614
-61719
-61717
-61827
-61711
-61668
-61588
-61414
-61306
-61031
-60790
-60487
-60215
-60027
-59705
-59593
-59485
-59386
-59452
-59473
-59617
-59667
-59720
-59799
-59643
-59571
-59378
-59074
-58784
-58342
-57969
-57552
-57162
-56906
-56616
-56430
-56281
-56112
-55970
-55852
-55757
-55675
-55700
-55656
-55643
-55733
-55760
-55881
-55889
-55924
-55999
-55878
-55977
-55967
-55884
-55967
-55760
-55629
-55441
-55137
-54991
-54669
-54500
-54274
-53922
-53828
-53532
-53264
-53070
-52756
-52538
-52205
-51961
-51765
-51446
-51321
-51128
-50888
-50818
-50673
-50564
-50524
-50481
-50518
-50537
-50675
-50882
-50978
-51231
-51466
-51580
-51815
-51983
-52098
-52203
-52238
-52256
-52208
-52226
-52318
-52323
-52334
-52379
-52344
-52286
-52228
-52103
-51941
-51780
-51639
-51510
-51457
-51497
-51504
-51522
-51605
-51652
-51682
-51759
-51727
-51609
-51531
-51341
-51113
-50904
-50661
-50445
-50143
-49903
-49717
-49474
-49428
-49406
-49432
-49594
-49694
-49910
-50097
-50285
-50543
-50651
-50905
-51118
-51281
-51663
-51933
-52268
-52618
-52873
-53219
-53407
-53620
-53790
-53703
-53672
-53558
-53336
-53219
-53145
-53145
-53208
-53295
-53416
-53537
-53692
-53832
-53878
-53881
-53885
-53843
-53769
-53760
-53737
-53683
-53678
-53660
-53660
-53713
-53835
-53977
-54102
-54325
-54506
-54679
-54984
-55244
-55500
-55825
-56143
-56394
-56625
-56933
-57165
-57347
-57607
-57776
-57886
-58003
-58021
-58002
-57926
-57807
-57654
-57428
-57264
-57086
-56935
-56892
-56843
-56839
-56877
-56965
-56994
-56961
-56983
-56871
-56687
-56525
-56251
-55943
-55611
-55287
-55047
-54810
-54716
-54711
-54738
-54977
-55196
-55471
-55824
-56082
-56404
-56610
-56815
-56949
-56858
-56906
-56843
-56750
-56848
-56858
-56933
-57050
-57212
-57420
-57477
-57582
-57618
-57517
-57447
-57278
-57083
-56936
-56768
-56574
-56419
-56311
-56238
-56266
-56343
-56459
-56554
-56635
-56753
-56737
-56686
-56611
-56410
-56259
-56114
-55986
-55830
-55634
-55548
-55321
-55127
-55064
-54841
-54699
-54576
-54431
-54367
-54268
-54275
-54234
-54173
-54210
-54132
-54135
-54154
-54101
-54103
-54002
-53945
-53870
-53779
-53836
-53746
-53730
-53787
-53719
-53748
-53705
-53668
-53605
-53499
-53522
-53452
-53497
-53629
-53732
-53945
-54117
-54403
-54724
-55070
-55538
-55916
-56424
-56933
-57321
-57751
-58088
-58479
-58822
-59157
-59596
-59872
-60258
-60645
-60869
-61146
-61306
-61447
-61510
-61506
-61674
-61719
-61791
-61956
-61994
-62107
-62186
-62246
-62285
-62283
-62358
-62306
-62300
-62258
-62098
-61977
-61744
-61546
-61214
-60851
-60585
-60071
-59704
-59335
-58854
-58620
-58254
-57970
-57728
-57408
-57308
-56981
-56804
-56798
-56545
-56544
-56476
-56357
-56318
-56093
-55972
-55636
-55264
-54996
-54461
-54119
-53770
-53338
-53078
-52725
-52481
-52214
-51925
-51769
-51426
-51194
-50976
-50559
-50307
-50055
-49832
-49679
-49487
-49418
-49320
-49277
-49346
-49320
-49361
-49441
-49456
-49521
-49672
-49832
-49936
-50077
-50198
-50257
-50329
-50412
-50491
-50502
-50562
-50623
-50632
-50790
-50930
-51045
-51245
-51427
-51658
-51878
-52156
-52527
-52832
-53232
-53659
-54011
-54436
-54863
-55280
-55683
-56057
-56448
-56735
-56993
-57278
-57397
-57501
-57638
-57655
-57743
-57861
-57904
-58042
-58126
-58135
-58182
-58100
-58145
-58087
-57918
-58093
-57965
-57990
-58182
-58061
-58353
-58335
-58343
-58522
-58289
-58530
-58436
-58306
-58524
-58281
-58426
-58413
-58339
-58575
-58433
-58638
-58685
-58584
-58807
-58674
-58708
-58737
-58630
-58721
-58665
-58785
-58854
-58858
-59040
-58997
-59058
-59095
-59040
-59092
-58951
-58897
-58782
-58561
-58447
-58164
-57900
-57599
-57208
-56847
-56372
-55975
-55584
-55098
-54686
-54225
-53776
-53484
-53153
-52873
-52722
-52508
-52401
-52349
-52335
-52474
-52545
-52738
-52941
-52990
-53158
-53187
-53087
-52998
-52781
-52617
-52458
-52316
-52306
-52243
-52257
-52322
-52334
-52472
-52583
-52663
-52866
-53083
-53326
-53625
-53892
-54167
-54439
-54630
-54837
-54938
-54954
-55026
-54949
-54920
-54946
-54883
-55001
-55097
-55218
-55448
-55521
-55677
-55797
-55864
-56100
-56235
-56347
-56497
-56550
-56637
-56670
-56607
-56573
-56445
-56341
-56298
-56174
-56155
-56113
-56042
-56126
-56196
-56333
-56583
-56812
-57093
-57318
-57435
-57545
-57539
-57548
-57536
-57402
-57326
-57143
-56928
-56781
-56572
-56490
-56420
-56396
-56527
-56563
-56703
-56869
-56963
-57100
-57092
-57124
-57080
-56977
-57010
-56932
-56962
-57061
-57099
-57270
-57384
-57492
-57674
-57784
-57924
-58052
-58122
-58226
-58277
-58301
-58361
-58348
-58341
-58401
-58430
-58486
-58519
-58460
-58397
-58283
-58104
-57882
-57511
-57083
-56606
-55982
-55409
-54857
-54276
-53757
-53210
-52701
-52168
-51627
-51180
-50608
-50104
-49666
-49156
-48820
-48473
-48166
-47927
-47585
-47377
-47132
-46939
-46921
-46825
-46903
-47068
-47219
-47517
-47846
-48237
-48597
-48949
-49342
-49618
-49936
-50246
-50514
-50845
-51137
-51447
-51713
-51989
-52314
-52543
-52828
-53078
-53307
-53598
-53831
-54175
-54497
-54801
-55242
-55618
-56061
-56547
-57074
-57639
-58081
-58623
-59062
-59389
-59762
-59962
-60179
-60376
-60508
-60675
-60804
-60998
-61172
-61287
-61437
-61573
-61663
-61748
-61773
-61695
-61651
-61575
-61454
-61262
-61015
-60771
-60385
-60070
-59693
-59220
-58913
-58515
-58197
-57897
-57521
-57253
-56818
-56426
-56000
-55371
-54870
-54252
-53613
-53090
-52503
-52045
-51542
-51048
-50671
-50146
-49713
-49363
-48995
-48752
-48480
-48264
-48151
-48052
-48093
-48114
-48114
-48199
-48263
-48400
-48521
-48592
-48673
-48697
-48714
-48669
-48638
-48596
-48515
-48549
-48525
-48520
-48615
-48685
-48869
-49080
-49320
-49623
-49861
-50155
-50431
-50667
-50951
-51188
-51457
-51748
-52097
-52541
-52881
-53179
-53430
-53582
-53747
-53833
-53884
-53934
-53932
-53955
-53929
-53895
-53862
-53736
-53568
-53367
-53184
-52995
-52833
-52705
-52576
-52599
-52692
-52870
-53157
-53439
-53799
-54161
-54574
-54997
-55319
-55730
-56018
-56223
-56525
-56706
-56899
-57071
-57211
-57362
-57379
-57490
-57585
-57656
-57872
-58025
-58301
-58623
-58886
-59264
-59529
-59794
-60036
-60170
-60378
-60489
-60616
-60736
-60800
-60948
-60997
-61125
-61278
-61340
-61519
-61657
-61813
-61974
-62075
-62144
-62201
-62346
-62427
-62580
-62786
-62914
-63077
-63171
-63309
-63413
-63423
-63501
-63450
-63364
-63301
-63142
-63006
-62805
-62569
-62268
-61853
-61414
-60794
-60143
-59530
-58843
-58195
-57542
-56917
-56259
-55533
-54851
-54104
-53414
-52775
-52144
-51647
-51148
-50787
-50483
-50155
-49997
-49801
-49680
-49605
-49479
-49485
-49448
-49475
-49559
-49607
-49752
-49786
-49837
-49922
-49887
-49933
-49954
-49974
-50034
-50071
-50176
-50273
-50415
-50628
-50927
-51340
-51791
-52295
-52745
-53156
-53548
-53885
-54314
-54694
-55040
-55432
-55715
-56028
-56320
-56620
-56989
-57224
-57505
-57770
-57965
-58251
-58451
-58638
-58807
-58873
-58981
-59072
-59252
-59482
-59631
-59830
-59980
-60087
-60156
-60184
-60184
-60094
-60009
-59846
-59757
-59664
-59455
-59376
-59152
-58999
-58924
-58659
-58570
-58414
-58280
-58234
-58018
-57916
-57740
-57592
-57448
-57082
-56883
-56582
-56197
-55944
-55566
-55255
-54927
-54591
-54328
-53935
-53676
-53465
-53241
-53176
-53033
-52928
-52827
-52696
-52638
-52472
-52423
-52413
-52379
-52505
-52594
-52744
-52870
-52974
-53099
-53057
-53122
-53128
-53094
-53192
-53204
-53335
-53452
-53600
-53815
-53884
-54113
-54253
-54321
-54542
-54701
-54985
-55248
-55508
-55842
-56061
-56373
-56571
-56693
-56894
-56965
-57067
-57123
-57178
-57226
-57132
-57116
-57003
-56953
-57036
-57009
-57151
-57315
-57516
-57769
-57876
-58097
-58173
-58168
-58228
-58083
-58027
-57954
-57850
-57816
-57712
-57771
-57737
-57678
-57766
-57709
-57759
-57765
-57694
-57724
-57654
-57682
-57579
-57364
-57265
-56986
-56795
-56624
-56380
-56234
-55981
-55789
-55547
-55302
-55200
-54941
-54749
-54552
-54287
-54103
-53872
-53728
-53525
-53322
-53198
-52977
-52892
-52815
-52724
-52762
-52828
-52989
-53095
-53216
-53416
-53431
-53442
-53414
-53261
-53165
-53030
-52892
-52715
-52530
-52443
-52293
-52224
-52223
-52194
-52254
-52268
-52234
-52205
-52156
-52093
-51964
-51893
-51877
-51814
-51797
-51810
-51827
-51820
-51840
-51911
-51932
-52023
-52085
-52035
-52006
-51948
-51924
-51856
-51774
-51739
-51534
-51404
-51288
-51012
-50862
-50646
-50447
-50337
-50160
-50127
-50086
-50130
-50327
-50432
-50653
-50909
-51114
-51392
-51608
-51796
-51968
-52121
-52257
-52282
-52356
-52518
-52657
-52863
-53157
-53491
-53866
-54309
-54809
-55278
-55736
-56244
-56664
-57045
-57495
-57780
-58043
-58312
-58403
-58544
-58631
-58737
-58889
-58937
-59139
-59251
-59334
-59508
-59524
-59581
-59551
-59451
-59302
-59011
-58862
-58605
-58332
-58186
-57906
-57760
-57635
-57574
-57660
-57653
-57829
-57913
-57959
-58155
-58157
-58262
-58291
-58215
-58213
-58017
-57891
-57610
-57217
-56974
-56524
-56211
-55927
-55509
-55259
-54898
-54582
-54293
-53980
-53845
-53610
-53452
-53355
-53251
-53292
-53298
-53434
-53585
-53687
-53911
-54043
-54234
-54457
-54622
-54819
-54874
-54971
-55077
-55132
-55348
-55448
-55509
-55658
-55680
-55711
-55747
-55790
-55836
-55868
-56000
-56049
-56123
-56233
-56220
-56274
-56266
-56257
-56265
-56141
-56192
-56137
-56028
-56123
-55971
-55956
-56034
-56001
-56159
-56175
-56292
-56451
-56557
-56893
-57031
-57240
-57469
-57438
-57502
-57484
-57515
-57582
-57536
-57591
-57562
-57547
-57581
-57522
-57519
-57480
-57360
-57206
-57052
-56913
-56712
-56538
-56371
-56134
-55902
-55665
-55405
-55080
-54729
-54424
-54045
-53743
-53617
-53440
-53238
-53089
-52932
-52725
-52547
-52453
-52324
-52230
-52188
-52112
-52093
-52159
-52278
-52365
-52464
-52646
-52804
-53020
-53304
-53541
-53766
-53968
-54115
-54241
-54443
-54622
-54682
-54796
-54880
-54870
-54847
-54784
-54653
-54447
-54313
-54200
-54064
-54017
-53961
-53939
-53964
-54020
-54065
-54045
-54123
-54176
-54243
-54399
-54436
-54484
-54507
-54499
-54531
-54492
-54564
-54646
-54652
-54755
-54805
-54843
-54944
-55006
-55081
-55164
-55266
-55395
-55497
-55596
-55674
-55760
-55893
-56019
-56111
-56182
-56215
-56150
-56041
-55998
-55965
-55886
-55827
-55806
-55714
-55531
-55383
-55209
-55026
-54940
-54914
-54952
-55002
-55064
-55163
-55238
-55324
-55375
-55366
-55396
-55371
-55309
-55280
-55197
-55153
-55144
-55210
-55340
-55378
-55476
-55555
-55596
-55703
-55790
-55877
-55931
-56061
-56167
-56258
-56463
-56565
-56696
-56830
-56936
-57087
-57164
-57411
-57652
-57823
-58138
-58315
-58524
-58764
-58845
-58987
-59018
-59060
-59157
-59087
-59143
-59137
-59003
-59004
-58870
-58697
-58525
-58261
-58063
-57764
-57479
-57224
-56922
-56769
-56614
-56531
-56505
-56415
-56412
-56308
-56164
-56060
-55812
-55629
-55474
-55280
-55166
-55030
-54927
-54793
-54590
-54438
-54216
-53980
-53750
-53464
-53232
-52995
-52813
-52666
-52472
-52323
-52064
-51805
-51586
-51275
-51074
-50906
-50781
-50763
-50690
-50718
-50744
-50730
-50808
-50704
-50586
-50498
-50260
-50115
-50013
-49952
-49948
-49931
-49987
-50044
-50164
-50344
-50448
-50561
-50678
-50807
-50969
-51155
-51428
-51720
-52048
-52460
-52846
-53251
-53693
-54074
-54421
-54688
-54862
-55027
-55134
-55231
-55303
-55291
-55330
-55342
-55318
-55388
-55461
-55572
-55695
-55753
-55843
-55915
-56015
-56184
-56351
-56610
-56907
-57162
-57481
-57782
-58013
-58318
-58616
-58883
-59167
-59404
-59650
-59801
-59910
-60092
-60169
-60257
-60296
-60139
-59964
-59599
-59177
-58818
-58365
-58109
-57837
-57529
-57354
-57051
-56868
-56680
-56404
-56241
-55892
-55596
-55370
-55036
-54908
-54727
-54560
-54494
-54241
-54152
-54089
-53932
-53889
-53727
-53620
-53524
-53334
-53266
-53113
-52910
-52752
-52577
-52474
-52367
-52295
-52230
-52077
-51990
-51910
-51821
-51876
-51971
-52089
-52252
-52393
-52593
-52807
-53029
-53294
-53506
-53742
-53958
-54094
-54282
-54441
-54590
-54803
-55004
-55208
-55418
-55661
-55911
-56125
-56379
-56685
-57007
-57306
-57616
-57868
-58046
-58265
-58407
-58557
-58811
-59075
-59364
-59604
-59840
-60041
-60186
-60372
-60498
-60608
-60702
-60750
-60824
-60911
-61021
-61072
-61087
-61145
-61176
-61185
-61216
-61253
-61259
-61239
-61212
-61122
-61000
-60895
-60706
-60449
-60174
-59875
-59578
-59284
-59025
-58672
-58263
-57899
-57381
-56853
-56387
-55851
-55373
-54868
-54322
-53798
-53266
-52810
-52302
-51862
-51495
-51006
-50565
-50058
-49549
-49069
-48508
-48090
-47567
-47086
-46855
-46540
-46380
-46391
-46393
-46512
-46599
-46689
-46792
-46835
-47019
-47208
-47421
-47791
-48075
-48355
-48591
-48726
-48882
-48932
-49083
-49269
-49371
-49656
-49850
-50033
-50338
-50541
-50829
-51076
-51399
-51875
-52250
-52806
-53340
-53801
-54375
-54778
-55183
-55550
-55896
-56309
-56562
-56902
-57204
-57434
-57766
-57982
-58241
-58425
-58568
-58718
-58713
-58867
-58814
-58712
-58779
-58657
-58727
-58774
-58951
-59129
-59098
-59456
-59484
-59597
-59937
-59867
-60207
-60322
-60399
-60715
-60552
-60732
-60648
-60452
-60603
-60279
-60329
-60274
-60088
-60209
-59912
-60037
-60034
-59866
-60102
-59837
-59831
-59808
-59546
-59642
-59387
-59354
-59252
-58883
-58828
-58328
-58014
-57783
-57319
-57230
-56925
-56765
-56569
-56239
-56210
-55821
-55587
-55382
-54970
-54851
-54602
-54491
-54426
-54271
-54398
-54399
-54520
-54805
-54963
-55270
-55529
-55798
-56065
-56168
-56287
-56274
-56284
-56381
-56409
-56428
-56389
-56319
-56160
-56005
-55884
-55683
-55619
-55593
-55544
-55579
-55544
-55501
-55427
-55307
-55216
-55051
-54917
-54797
-54623
-54496
-54380
-54316
-54245
-54157
-54142
-54002
-53826
-53689
-53358
-53086
-52948
-52791
-52787
-52751
-52743
-52823
-52806
-52964
-53060
-53147
-53442
-53616
-53897
-54181
-54344
-54520
-54601
-54808
-54954
-55016
-55258
-55367
-55490
-55729
-55836
-55969
-56029
-56055
-56081
-55981
-56015
-55963
-55858
-55905
-55837
-55836
-55839
-55815
-55810
-55645
-55536
-55258
-54897
-54740
-54448
-54223
-54056
-53823
-53653
-53369
-53101
-52798
-52523
-52388
-52143
-51966
-51852
-51746
-51627
-51387
-51247
-51092
-50873
-50831
-50774
-50754
-50906
-50974
-51099
-51231
-51320
-51473
-51434
-51486
-51543
-51441
-51542
-51521
-51532
-51672
-51650
-51780
-51780
-51714
-51814
-51720
-51832
-52037
-52098
-52415
-52611
-52771
-53071
-53185
-53453
-53639
-53744
-54000
-53971
-54092
-54238
-54278
-54551
-54717
-54999
-55309
-55626
-55998
-56234
-56624
-56899
-57211
-57607
-57920
-58414
-58855
-59447
-60028
-60390
-60794
-61010
-61231
-61429
-61587
-61842
-61939
-62143
-62280
-62288
-62432
-62370
-62331
-62289
-62106
-62100
-62030
-62038
-62103
-62071
-62199
-62215
-62274
-62334
-62196
-62110
-61805
-61518
-61195
-60732
-60467
-59994
-59564
-59169
-58626
-58244
-57713
-57249
-56798
-56212
-55778
-55189
-54637
-54210
-53670
-53240
-52842
-52479
-52186
-51893
-51651
-51380
-51170
-50987
-50851
-50793
-50704
-50767
-50759
-50726
-50811
-50716
-50723
-50716
-50606
-50609
-50478
-50415
-50361
-50225
-50188
-50060
-50000
-49926
-49725
-49616
-49460
-49288
-49160
-49013
-48910
-48829
-48773
-48813
-48854
-48922
-49156
-49369
-49538
-49780
-50002
-50270
-50568
-50826
-51119
-51352
-51554
-51765
-51939
-52153
-52294
-52412
-52639
-52808
-52980
-53203
-53370
-53561
-53755
-53992
-54279
-54515
-54834
-55147
-55419
-55740
-55948
-56137
-56298
-56372
-56449
-56441
-56482
-56591
-56668
-56809
-56936
-57085
-57252
-57360
-57485
-57576
-57678
-57756
-57770
-57849
-57905
-57990
-58096
-58198
-58403
-58519
-58656
-58876
-59080
-59350
-59577
-59825
-60006
-60099
-60207
-60236
-60251
-60166
-60123
-60103
-60053
-60165
-60120
-60160
-60241
-60122
-60273
-60270
-60258
-60435
-60371
-60564
-60666
-60645
-60824
-60703
-60740
-60736
-60563
-60669
-60513
-60447
-60436
-60210
-60213
-59994
-59834
-59796
-59532
-59556
-59512
-59359
-59328
-59123
-58984
-58855
-58573
-58335
-58030
-57639
-57336
-56928
-56480
-56111
-55613
-55162
-54793
-54431
-54203
-54049
-53967
-53919
-53851
-53785
-53636
-53424
-53181
-52893
-52606
-52344
-52142
-51972
-51786
-51610
-51466
-51368
-51305
-51290
-51269
-51258
-51306
-51302
-51278
-51248
-51163
-51124
-51108
-51120
-51214
-51322
-51427
-51561
-51734
-51897
-52066
-52263
-52495
-52783
-53061
-53365
-53605
-53809
-54031
-54156
-54344
-54532
-54734
-55037
-55298
-55669
-56079
-56453
-56873
-57216
-57545
-57817
-58023
-58253
-58397
-58544
-58650
-58714
-58851
-58909
-59017
-59115
-59173
-59348
-59376
-59433
-59550
-59530
-59603
-59557
-59524
-59602
-59503
-59547
-59442
-59284
-59330
-59076
-58938
-58740
-58377
-58194
-57771
-57493
-57272
-56948
-56858
-56606
-56398
-56191
-55754
-55437
-55042
-54593
-54204
-53797
-53459
-53090
-52790
-52563
-52349
-52172
-51977
-51832
-51629
-51482
-51407
-51285
-51322
-51310
-51271
-51307
-51320
-51459
-51518
-51569
-51642
-51566
-51613
-51641
-51609
-51591
-51444
-51347
-51247
-51203
-51333
-51462
-51710
-52001
-52261
-52542
-52758
-52968
-53112
-53274
-53387
-53356
-53351
-53238
-53070
-52894
-52661
-52463
-52276
-52167
-52030
-51858
-51789
-51678
-51553
-51493
-51418
-51328
-51231
-51181
-51120
-51052
-51095
-51154
-51237
-51369
-51526
-51675
-51779
-51991
-52197
-52345
-52562
-52710
-52878
-53084
-53243
-53423
-53532
-53646
-53714
-53724
-53838
-53855
-53853
-53918
-53931
-54006
-54074
-54155
-54260
-54366
-54588
-54764
-54964
-55257
-55533
-55877
-56228
-56655
-57061
-57406
-57868
-58222
-58569
-58974
-59260
-59601
-59857
-60116
-60418
-60557
-60838
-60942
-60992
-61196
-61171
-61237
-61144
-61003
-60905
-60583
-60514
-60311
-60158
-60233
-60141
-60274
-60303
-60339
-60364
-60099
-60024
-59689
-59371
-59190
-58809
-58678
-58359
-58123
-57951
-57552
-57478
-57102
-56749
-56554
-56017
-55705
-55188
-54657
-54225
-53536
-53169
-52606
-52062
-51803
-51310
-51092
-50872
-50604
-50460
-50146
-49987
-49721
-49431
-49319
-49020
-48820
-48657
-48443
-48278
-48079
-47957
-47779
-47685
-47698
-47678
-47819
-47979
-48212
-48511
-48810
-49270
-49611
-49975
-50396
-50653
-50981
-51237
-51464
-51701
-51919
-52271
-52522
-52865
-53302
-53613
-54047
-54492
-54843
-55136
-55405
-55618
-55725
-55933
-56098
-56183
-56359
-56553
-56788
-57018
-57335
-57666
-57841
-58104
-58338
-58453
-58587
-58618
-58628
-58602
-58522
-58537
-58410
-58298
-58301
-58101
-58072
-58091
-58000
-58078
-58104
-58206
-58294
-58367
-58502
-58481
-58530
-58488
-58432
-58417
-58309
-58318
-58256
-58339
-58472
-58473
-58663
-58773
-58878
-58964
-58973
-59064
-58968
-58970
-58941
-58698
-58589
-58298
-57985
-57709
-57355
-57142
-56811
-56573
-56347
-55977
-55799
-55568
-55408
-55299
-55191
-55226
-55123
-55213
-55296
-55266
-55431
-55357
-55376
-55441
-55400
-55543
-55494
-55596
-55668
-55556
-55717
-55647
-55645
-55728
-55603
-55699
-55700
-55807
-56004
-56040
-56321
-56481
-56587
-56791
-56808
-56831
-56763
-56663
-56578
-56435
-56395
-56281
-56160
-56145
-56100
-56028
-55972
-55976
-55932
-55933
-56022
-56003
-56015
-56057
-56098
-56158
-56178
-56328
-56388
-56468
-56710
-56788
-57015
-57245
-57402
-57631
-57711
-57935
-58049
-58146
-58384
-58382
-58552
-58643
-58676
-58826
-58755
-58880
-58862
-58754
-58860
-58755
-58821
-58848
-58747
-58766
-58613
-58587
-58493
-58316
-58326
-58143
-58037
-57992
-57851
-57824
-57690
-57616
-57519
-57336
-57282
-57078
-56909
-56813
-56612
-56491
-56376
-56245
-56078
-55917
-55817
-55667
-55527
-55410
-55256
-55035
-54848
-54596
-54281
-54080
-53789
-53558
-53278
-52916
-52701
-52329
-52104
-51907
-51578
-51407
-51078
-50851
-50658
-50365
-50246
-49955
-49736
-49564
-49258
-49173
-49026
-48939
-49003
-49013
-49154
-49270
-49454
-49685
-49810
-50074
-50300
-50513
-50846
-51094
-51338
-51573
-51794
-52062
-52262
-52506
-52776
-52999
-53329
-53657
-53949
-54318
-54704
-55054
-55355
-55634
-55864
-56073
-56356
-56613
-56827
-57075
-57312
-57545
-57766
-58001
-58237
-58369
-58508
-58638
-58666
-58725
-58777
-58789
-58798
-58792
-58838
-58767
-58705
-58696
-58535
-58515
-58459
-58335
-58342
-58224
-58183
-58129
-58008
-57977
-57824
-57750
-57674
-57505
-57433
-57308
-57247
-57168
-57038
-56978
-56769
-56586
-56415
-56189
-56053
-55872
-55747
-55577
-55394
-55251
-54978
-54810
-54577
-54265
-54057
-53742
-53492
-53256
-53021
-52918
-52741
-52677
-52686
-52617
-52644
-52651
-52681
-52766
-52845
-52968
-53034
-53165
-53290
-53286
-53359
-53413
-53405
-53396
-53339
-53301
-53248
-53191
-53156
-53092
-53053
-53059
-53069
-53104
-53204
-53318
-53442
-53618
-53793
-53973
-54145
-54310
-54480
-54630
-54809
-54941
-55054
-55220
-55288
-55346
-55435
-55461
-55468
-55432
-55408
-55381
-55311
-55284
-55251
-55188
-55166
-55100
-54936
-54838
-54749
-54649
-54666
-54670
-54749
-54892
-54972
-55191
-55361
-55477
-55621
-55555
-55550
-55537
-55383
-55322
-55189
-55080
-55019
-54901
-54878
-54836
-54815
-54877
-54897
-54969
-55078
-55202
-55378
-55571
-55779
-55975
-56177
-56364
-56501
-56627
-56724
-56804
-56846
-56884
-56965
-56993
-57028
-57059
-57039
-57052
-57021
-56935
-56776
-56552
-56298
-55949
-55630
-55359
-55089
-54891
-54716
-54565
-54468
-54408
-54344
-54233
-54200
-54190
-54097
-54011
-53864
-53689
-53537
-53343
-53166
-52986
-52792
-52604
-52399
-52232
-52089
-51927
-51809
-51719
-51620
-51546
-51479
-51436
-51432
-51434
-51462
-51505
-51584
-51713
-51837
-51982
-52104
-52173
-52261
-52285
-52250
-52249
-52247
-52302
-52374
-52419
-52485
-52533
-52620
-52714
-52827
-53009
-53201
-53480
-53747
-53987
-54278
-54489
-54670
-54812
-54921
-55027
-55020
-55014
-54962
-54821
-54754
-54638
-54556
-54508
-54407
-54429
-54357
-54360
-54457
-54389
-54492
-54544
-54560
-54724
-54764
-54926
-55075
-55161
-55380
-55485
-55680
-55918
-56072
-56305
-56474
-56678
-56824
-56891
-57006
-56990
-57003
-56987
-56902
-56863
-56704
-56602
-56473
-56324
-56322
-56173
-56080
-56034
-55913
-55924
-55868
-55896
-55972
-56022
-56209
-56237
-56296
-56352
-56284
-56273
-56118
-56017
-55877
-55743
-55735
-55533
-55491
-55429
-55297
-55314
-55211
-55215
-55164
-55083
-55106
-55034
-55075
-55076
-55068
-55083
-55046
-55102
-55027
-55003
-54980
-54815
-54784
-54642
-54586
-54680
-54684
-54810
-54828
-54830
-54877
-54766
-54769
-54733
-54675
-54715
-54675
-54711
-54740
-54812
-54889
-54860
-54986
-55057
-55107
-55239
-55294
-55426
-55519
-55626
-55781
-55830
-55931
-55956
-55941
-55991
-55955
-55940
-55921
-55912
-55915
-55909
-56030
-56093
-56165
-56282
-56321
-56396
-56375
-56372
-56367
-56262
-56313
-56325
-56338
-56458
-56474
-56573
-56684
-56744
-56865
-56906
-56998
-57035
-56969
-56981
-56891
-56833
-56834
-56827
-56930
-57018
-57191
-57343
-57413
-57581
-57634
-57693
-57788
-57790
-57846
-57837
-57821
-57736
-57525
-57380
-57125
-56839
-56611
-56359
-56146
-56008
-55989
-55949
-55926
-55944
-55932
-55949
-55913
-55887
-55753
-55606
-55604
-55472
-55447
-55447
-55296
-55216
-55048
-54903
-54751
-54600
-54609
-54497
-54445
-54478
-54410
-54454
-54460
-54417
-54398
-54302
-54275
-54223
-54174
-54148
-53986
-53928
-53916
-53824
-53794
-53808
-53868
-53885
-53961
-54098
-54127
-54241
-54390
-54484
-54582
-54718
-54840
-54864
-54989
-55043
-55025
-55111
-55140
-55231
-55272
-55354
-55513
-55529
-55704
-55812
-55848
-56062
-56165
-56292
-56364
-56392
-56447
-56338
-56365
-56307
-56128
-56092
-55909
-55747
-55626
-55517
-55492
-55383
-55406
-55388
-55242
-55215
-55087
-54969
-54908
-54790
-54676
-54519
-54452
-54325
-54134
-54077
-53966
-53874
-53843
-53851
-53919
-53933
-54001
-54017
-54009
-54091
-54046
-54021
-54021
-54018
-54109
-54153
-54330
-54466
-54490
-54690
-54792
-54939
-55214
-55396
-55657
-55842
-56021
-56189
-56204
-56330
-56359
-56331
-56392
-56347
-56356
-56364
-56332
-56337
-56298
-56346
-56467
-56555
-56700
-56850
-56916
-56980
-57051
-57063
-57083
-57168
-57234
-57258
-57290
-57326
-57360
-57416
-57507
-57578
-57650
-57749
-57780
-57754
-57747
-57686
-57528
-57351
-57136
-56887
-56676
-56451
-56214
-56002
-55799
-55587
-55376
-55197
-54998
-54777
-54629
-54487
-54337
-54223
-54116
-54014
-53868
-53745
-53652
-53526
-53456
-53416
-53344
-53279
-53193
-53086
-52989
-52923
-52924
-52879
-52852
-52899
-52858
-52892
-53005
-53085
-53245
-53415
-53582
-53706
-53786
-53895
-53856
-53767
-53705
-53545
-53450
-53432
-53424
-53461
-53487
-53529
-53568
-53600
-53684
-53710
-53725
-53792
-53797
-53837
-53958
-54072
-54220
-54417
-54607
-54777
-54984
-55221
-55443
-55695
-56003
-56325
-56605
-56886
-57151
-57346
-57571
-57777
-57941
-58131
-58282
-58430
-58529
-58581
-58644
-58603
-58589
-58613
-58555
-58498
-58402
-58260
-58100
-57927
-57731
-57481
-57268
-57072
-56830
-56648
-56502
-56362
-56278
-56163
-56073
-56035
-55952
-55923
-55807
-55622
-55512
-55272
-55064
-54875
-54608
-54423
-54164
-53946
-53728
-53447
-53316
-53133
-52989
-52963
-52911
-52928
-52941
-52985
-53084
-53180
-53304
-53361
-53431
-53540
-53569
-53567
-53527
-53469
-53422
-53332
-53243
-53174
-53140
-53145
-53112
-53141
-53246
-53337
-53465
-53586
-53680
-53761
-53813
-53872
-53912
-53930
-53969
-54006
-54056
-54129
-54160
-54200
-54267
-54349
-54459
-54554
-54699
-54827
-54857
-54889
-54887
-54867
-54869
-54918
-55012
-55075
-55198
-55310
-55395
-55540
-55668
-55835
-55981
-56141
-56378
-56587
-56911
-57270
-57551
-57897
-58210
-58455
-58712
-58910
-59138
-59375
-59495
-59675
-59817
-59917
-60108
-60150
-60225
-60308
-60266
-60333
-60325
-60324
-60277
-60151
-60125
-59938
-59830
-59707
-59483
-59393
-59155
-58985
-58814
-58556
-58434
-58209
-58071
-57976
-57814
-57788
-57715
-57712
-57716
-57620
-57618
-57497
-57401
-57314
-57079
-56928
-56696
-56497
-56354
-56185
-56177
-56054
-55936
-55854
-55640
-55512
-55337
-55199
-55126
-55002
-54959
-54827
-54692
-54584
-54357
-54158
-53966
-53769
-53605
-53444
-53306
-53148
-52936
-52692
-52411
-52159
-51970
-51774
-51620
-51461
-51268
-51148
-51035
-50987
-50998
-50966
-50994
-50971
-50894
-50858
-50782
-50745
-50737
-50752
-50779
-50812
-50952
-51082
-51190
-51350
-51501
-51650
-51801
-51961
-52098
-52201
-52337
-52438
-52494
-52567
-52609
-52611
-52593
-52551
-52504
-52493
-52506
-52446
-52380
-52384
-52319
-52255
-52254
-52229
-52248
-52268
-52282
-52298
-52306
-52374
-52415
-52442
-52512
-52584
-52679
-52781
-52908
-53024
-53044
-53115
-53225
-53310
-53515
-53758
-53995
-54231
-54484
-54770
-54985
-55288
-55552
-55696
-55908
-55999
-56088
-56199
-56262
-56377
-56398
-56474
-56511
-56468
-56566
-56591
-56631
-56737
-56812
-56969
-57079
-57200
-57359
-57416
-57549
-57652
-57687
-57777
-57796
-57819
-57796
-57749
-57737
-57677
-57699
-57703
-57673
-57699
-57683
-57644
-57643
-57718
-57732
-57690
-57660
-57558
-57454
-57310
-57151
-56966
-56779
-56670
-56412
-56200
-56081
-55914
-55793
-55611
-55540
-55455
-55311
-55263
-55039
-54876
-54723
-54415
-54222
-54013
-53875
-53712
-53451
-53315
-53042
-52798
-52662
-52432
-52298
-52177
-52107
-52110
-52120
-52254
-52326
-52415
-52575
-52642
-52765
-52900
-53011
-53101
-53194
-53368
-53456
-53584
-53735
-53779
-53882
-53925
-53924
-53898
-53860
-53892
-53801
-53780
-53846
-53848
-53955
-54104
-54309
-54548
-54791
-55126
-55397
-55673
-56003
-56253
-56491
-56711
-56916
-57114
-57285
-57501
-57689
-57831
-57982
-58094
-58164
-58225
-58249
-58210
-58159
-58074
-57945
-57881
-57805
-57651
-57536
-57374
-57184
-57028
-56870
-56784
-56624
-56464
-56330
-56076
-55900
-55717
-55473
-55287
-55042
-54783
-54538
-54318
-54137
-53913
-53750
-53591
-53376
-53216
-53067
-52903
-52745
-52616
-52497
-52402
-52374
-52395
-52435
-52474
-52593
-52719
-52804
-53008
-53225
-53433
-53709
-53940
-54154
-54362
-54567
-54777
-54919
-55124
-55329
-55447
-55643
-55819
-55940
-56085
-56225
-56397
-56580
-56807
-57063
-57276
-57498
-57680
-57829
-58022
-58193
-58301
-58410
-58566
-58712
-58839
-58990
-59118
-59165
-59175
-59164
-59066
-58966
-58926
-58841
-58738
-58625
-58469
-58276
-58101
-57988
-57801
-57594
-57405
-57174
-56965
-56772
-56643
-56477
-56285
-56209
-56091
-55992
-55931
-55789
-55713
-55647
-55554
-55550
-55594
-55677
-55755
-55852
-55968
-55976
-56000
-56010
-55960
-55962
-55935
-55922
-55890
-55862
-55915
-55890
-55903
-55925
-55897
-55925
-55927
-55982
-56016
-56022
-56101
-56135
-56211
-56303
-56411
-56523
-56604
-56757
-56831
-56978
-57161
-57213
-57399
-57489
-57527
-57625
-57625
-57743
-57769
-57788
-57874
-57796
-57884
-57936
-57892
-57937
-57853
-57806
-57749
-57687
-57715
-57604
-57508
-57361
-57083
-56882
-56661
-56435
-56221
-56008
-55785
-55551
-55408
-55234
-55086
-55000
-54924
-54875
-54773
-54725
-54616
-54428
-54294
-54067
-53821
-53588
-53361
-53170
-52953
-52828
-52718
-52607
-52620
-52614
-52582
-52604
-52625
-52604
-52592
-52653
-52694
-52705
-52775
-52806
-52820
-52919
-53001
-53061
-53186
-53328
-53464
-53582
-53684
-53791
-53877
-53971
-54065
-54120
-54234
-54367
-54455
-54592
-54741
-54905
-55089
-55256
-55435
-55583
-55726
-55860
-55914
-55981
-56054
-56045
-56024
-56032
-56009
-55937
-55905
-55888
-55814
-55776
-55751
-55710
-55730
-55800
-55895
-55981
-56082
-56178
-56228
-56276
-56272
-56218
-56144
-56045
-55951
-55850
-55809
-55866
-55909
-55983
-56085
-56137
-56190
-56219
-56253
-56238
-56179
-56175
-56110
-56067
-56056
-56000
-55962
-55891
-55803
-55703
-55624
-55578
-55475
-55418
-55378
-55304
-55295
-55265
-55225
-55181
-55065
-54942
-54800
-54645
-54486
-54315
-54213
-54144
-54064
-54030
-54010
-53996
-53996
-53963
-53939
-53913
-53897
-53910
-53876
-53791
-53674
-53564
-53503
-53478
-53478
-53504
-53564
-53607
-53608
-53617
-53624
-53597
-53535
-53468
-53423
-53363
-53391
-53486
-53545
-53681
-53825
-53902
-53994
-54060
-54139
-54228
-54294
-54386
-54445
-54524
-54618
-54636
-54684
-54722
-54714
-54772
-54851
-54907
-54980
-55073
-55126
-55191
-55290
-55325
-55377
-55457
-55513
-55563
-55590
-55668
-55748
-55827
-55930
-56031
-56189
-56324
-56463
-56634
-56722
-56777
-56759
-56654
-56581
-56527
-56506
-56531
-56533
-56536
-56568
-56569
-56598
-56655
-56688
-56731
-56695
-56611
-56508
-56339
-56177
-55957
-55750
-55552
-55307
-55183
-55056
-54929
-54887
-54790
-54727
-54710
-54697
-54673
-54582
-54526
-54452
-54359
-54313
-54275
-54250
-54178
-54091
-54007
-53952
-53949
-53907
-53870
-53847
-53843
-53887
-53936
-54030
-54081
-54063
-54059
-53975
-53880
-53845
-53825
-53841
-53895
-54038
-54191
-54361
-54559
-54664
-54763
-54830
-54838
-54843
-54830
-54845
-54852
-54853
-54883
-54945
-55033
-55123
-55245
-55345
-55439
-55553
-55616
-55684
-55780
-55840
-55887
-55908
-55893
-55899
-55865
-55868
-55912
-55827
-55800
-55754
-55597
-55497
-55295
-55087
-54878
-54626
-54470
-54232
-54042
-53892
-53660
-53538
-53377
-53228
-53175
-53112
-53109
-53084
-53100
-53179
-53240
-53376
-53496
-53558
-53652
-53770
-53846
-53940
-54115
-54234
-54347
-54513
-54630
-54781
-54995
-55224
-55465
-55709
-55979
-56191
-56372
-56610
-56769
-56839
-56931
-57021
-57147
-57345
-57562
-57784
-57983
-58183
-58370
-58523
-58753
-59017
-59243
-59543
-59859
-60136
-60404
-60640
-60828
-60902
-61018
-61081
-61060
-61187
-61240
-61301
-61382
-61395
-61476
-61443
-61429
-61385
-61183
-61019
-60783
-60523
-60284
-60084
-59926
-59662
-59484
-59293
-58964
-58753
-58542
-58294
-58075
-57840
-57601
-57297
-57041
-56745
-56340
-56022
-55661
-55281
-54941
-54579
-54277
-53947
-53677
-53435
-53128
-52957
-52752
-52518
-52340
-52109
-51908
-51679
-51479
-51275
-50998
-50805
-50577
-50351
-50218
-50080
-49977
-49890
-49868
-49885
-49894
-50006
-50085
-50155
-50290
-50353
-50388
-50401
-50400
-50387
-50310
-50253
-50190
-50093
-50041
-50027
-50039
-50088
-50216
-50370
-50533
-50788
-51018
-51208
-51429
-51598
-51752
-51955
-52170
-52394
-52632
-52882
-53112
-53329
-53573
-53789
-53999
-54230
-54458
-54690
-54913
-55170
-55372
-55534
-55740
-55883
-56009
-56166
-56326
-56462
-56564
-56704
-56790
-56860
-57006
-57103
-57208
-57384
-57551
-57749
-57982
-58197
-58390
-58517
-58648
-58748
-58755
-58857
-58890
-58824
-58781
-58650
-58539
-58363
-58195
-58089
-57883
-57784
-57647
-57431
-57316
-57164
-57023
-56854
-56651
-56424
-56110
-55918
-55716
-55442
-55276
-55105
-54962
-54856
-54779
-54751
-54693
-54680
-54597
-54390
-54229
-54011
-53747
-53561
-53364
-53162
-53034
-52969
-52910
-52872
-52914
-52967
-52996
-53067
-53166
-53237
-53347
-53513
-53637
-53754
-53872
-53940
-53953
-53916
-53856
-53749
-53653
-53648
-53646
-53665
-53790
-53877
-53899
-53964
-54018
-54066
-54138
-54219
-54253
-54284
-54373
-54418
-54478
-54588
-54709
-54819
-54918
-55045
-55115
-55204
-55336
-55425
-55536
-55668
-55793
-55876
-55925
-55962
-55916
-55914
-55976
-55916
-55901
-55920
-55862
-55888
-55893
-55937
-56007
-56010
-56122
-56142
-56160
-56264
-56227
-56235
-56227
-56187
-56180
-56147
-56203
-56182
-56161
-56219
-56136
-56140
-56221
-56246
-56307
-56351
-56414
-56423
-56424
-56502
-56525
-56546
-56548
-56501
-56429
-56333
-56268
-56197
-56147
-56136
-56129
-56113
-56101
-56105
-56058
-56016
-55919
-55736
-55594
-55405
-55217
-55060
-54910
-54790
-54632
-54558
-54508
-54430
-54421
-54403
-54419
-54481
-54587
-54679
-54713
-54793
-54799
-54787
-54821
-54813
-54870
-54906
-54918
-54944
-54899
-54917
-54916
-54868
-54880
-54823
-54806
-54840
-54860
-54946
-54972
-55023
-55068
-55011
-55013
-54975
-54914
-54898
-54824
-54714
-54625
-54620
-54614
-54624
-54721
-54802
-54947
-55102
-55250
-55450
-55566
-55705
-55837
-55927
-56061
-56135
-56235
-56334
-56418
-56544
-56602
-56692
-56778
-56797
-56852
-56829
-56814
-56864
-56853
-56871
-56884
-56942
-57049
-57096
-57214
-57303
-57337
-57402
-57398
-57383
-57357
-57331
-57310
-57189
-57086
-56950
-56694
-56476
-56298
-56092
-55844
-55614
-55396
-55162
-54948
-54746
-54599
-54487
-54393
-54317
-54238
-54177
-54102
-53996
-53896
-53809
-53718
-53681
-53644
-53556
-53491
-53394
-53282
-53181
-53070
-53021
-52960
-52895
-52866
-52790
-52783
-52785
-52729
-52753
-52718
-52685
-52736
-52740
-52840
-52928
-52981
-53123
-53214
-53386
-53557
-53650
-53803
-53844
-53898
-53994
-54024
-54131
-54149
-54109
-54128
-54064
-54046
-54054
-54032
-54068
-54078
-54054
-54011
-53987
-53985
-53985
-53986
-53959
-53938
-53926
-53970
-54024
-54063
-54169
-54252
-54328
-54430
-54484
-54526
-54490
-54435
-54438
-54355
-54292
-54262
-54222
-54266
-54323
-54401
-54484
-54599
-54747
-54804
-54894
-55019
-55095
-55250
-55448
-55616
-55817
-56029
-56196
-56365
-56540
-56667
-56769
-56845
-56923
-57010
-57094
-57212
-57294
-57344
-57379
-57367
-57380
-57354
-57324
-57295
-57148
-57090
-57009
-56924
-56987
-56972
-57048
-57034
-56953
-56959
-56756
-56745
-56733
-56608
-56639
-56505
-56448
-56343
-56144
-56047
-55760
-55605
-55458
-55191
-55145
-55043
-55007
-55047
-55032
-55125
-55108
-55156
-55254
-55267
-55459
-55613
-55789
-56002
-56106
-56243
-56238
-56281
-56359
-56330
-56478
-56551
-56554
-56602
-56560
-56535
-56447
-56388
-56327
-56151
-56068
-55948
-55817
-55795
-55734
-55751
-55826
-55895
-55981
-55979
-56048
-56082
-56036
-56092
-56056
-56062
-56112
-56089
-56100
-55981
-55895
-55835
-55658
-55539
-55361
-55170
-55050
-54925
-54858
-54768
-54675
-54564
-54396
-54322
-54262
-54210
-54258
-54323
-54408
-54453
-54468
-54435
-54280
-54180
-54068
-53901
-53828
-53752
-53674
-53639
-53640
-53654
-53614
-53611
-53617
-53565
-53611
-53692
-53724
-53810
-53875
-53930
-53975
-53987
-54081
-54074
-54114
-54246
-54227
-54428
-54606
-54723
-54964
-54972
-55157
-55267
-55309
-55593
-55576
-55737
-55956
-56021
-56230
-56199
-56248
-56198
-56070
-56199
-56113
-56289
-56560
-56630
-56884
-56958
-57067
-57159
-57185
-57430
-57454
-57545
-57667
-57564
-57608
-57535
-57408
-57284
-57033
-56872
-56564
-56314
-56160
-55797
-55533
-55239
-54902
-54650
-54423
-54245
-53978
-53815
-53661
-53481
-53380
-53271
-53249
-53106
-53112
-53173
-53129
-53366
-53423
-53428
-53478
-53375
-53438
-53420
-53515
-53668
-53641
-53819
-53879
-53879
-53972
-53936
-53981
-53950
-53939
-54004
-54016
-54230
-54384
-54533
-54753
-54809
-54937
-55028
-55124
-55247
-55257
-55415
-55501
-55522
-55640
-55667
-55753
-55910
-56190
-56465
-56657
-56956
-57077
-57256
-57435
-57477
-57642
-57640
-57790
-57827
-57743
-57960
-57913
-58062
-58245
-58238
-58431
-58325
-58295
-58257
-58095
-58216
-58097
-58105
-58196
-58054
-58092
-57909
-57770
-57672
-57411
-57412
-57176
-56984
-56941
-56643
-56486
-56216
-56006
-55926
-55742
-55800
-55675
-55560
-55576
-55334
-55264
-55149
-55016
-54946
-54733
-54724
-54580
-54469
-54562
-54462
-54466
-54365
-54197
-54074
-53825
-53782
-53602
-53397
-53404
-53255
-53245
-53279
-53266
-53335
-53267
-53281
-53233
-53111
-53225
-53167
-53070
-53101
-53021
-53067
-53138
-53166
-53241
-53222
-53257
-53260
-53210
-53284
-53298
-53282
-53313
-53279
-53270
-53258
-53229
-53211
-53112
-53071
-52991
-52805
-52711
-52508
-52312
-52201
-52047
-52064
-52085
-52166
-52306
-52275
-52338
-52326
-52225
-52234
-52154
-52138
-52151
-52151
-52288
-52351
-52438
-52535
-52494
-52485
-52455
-52408
-52415
-52447
-52488
-52532
-52620
-52710
-52840
-53013
-53166
-53342
-53524
-53708
-53873
-54031
-54255
-54451
-54630
-54844
-55024
-55258
-55507
-55766
-56031
-56172
-56376
-56547
-56589
-56700
-56698
-56664
-56684
-56642
-56734
-56859
-56993
-57194
-57275
-57423
-57589
-57694
-57899
-58023
-58181
-58370
-58511
-58756
-58820
-58866
-58948
-58884
-58948
-58933
-58930
-58957
-58913
-59021
-58966
-58971
-58984
-58863
-58944
-58873
-58848
-58853
-58753
-58819
-58713
-58664
-58624
-58426
-58392
-58258
-58203
-58210
-58108
-58137
-58024
-57934
-57876
-57654
-57546
-57345
-57163
-57087
-56935
-56948
-56889
-56813
-56828
-56636
-56523
-56392
-56230
-56193
-56013
-55937
-55825
-55639
-55596
-55443
-55405
-55355
-55242
-55224
-55092
-55072
-55003
-54855
-54810
-54664
-54588
-54488
-54364
-54362
-54329
-54350
-54328
-54293
-54314
-54261
-54270
-54258
-54250
-54262
-54162
-54108
-53969
-53799
-53714
-53540
-53436
-53368
-53283
-53286
-53317
-53449
-53594
-53687
-53855
-53969
-54033
-54119
-54146
-54249
-54411
-54572
-54810
-54999
-55172
-55283
-55275
-55292
-55207
-55087
-55044
-55000
-55019
-55043
-55087
-55190
-55293
-55410
-55527
-55649
-55774
-55851
-55900
-55999
-55996
-55897
-55856
-55722
-55651
-55652
-55663
-55814
-55907
-56019
-56113
-56090
-56108
-56008
-55856
-55721
-55557
-55513
-55464
-55448
-55522
-55566
-55716
-55849
-55968
-56207
-56356
-56509
-56601
-56600
-56668
-56659
-56682
-56743
-56820
-56996
-57080
-57122
-57151
-57149
-57179
-57167
-57166
-57147
-57052
-56996
-56902
-56743
-56654
-56555
-56476
-56502
-56559
-56609
-56604
-56640
-56686
-56643
-56682
-56738
-56728
-56725
-56662
-56497
-56300
-56122
-55903
-55690
-55541
-55396
-55280
-55191
-55094
-54977
-54842
-54739
-54612
-54475
-54388
-54266
-54110
-53964
-53849
-53745
-53626
-53559
-53514
-53490
-53495
-53405
-53280
-53199
-53067
-52905
-52759
-52610
-52490
-52396
-52363
-52409
-52428
-52476
-52542
-52516
-52480
-52415
-52272
-52130
-52020
-51957
-51926
-51957
-52062
-52151
-52265
-52453
-52590
-52700
-52845
-52927
-52973
-53028
-53092
-53157
-53273
-53448
-53543
-53649
-53776
-53805
-53866
-53932
-53946
-53981
-54036
-54100
-54164
-54265
-54396
-54529
-54649
-54774
-54921
-55009
-55150
-55341
-55455
-55591
-55696
-55759
-55846
-55948
-56104
-56225
-56397
-56609
-56685
-56826
-56977
-57066
-57226
-57399
-57614
-57814
-58027
-58242
-58331
-58437
-58529
-58563
-58645
-58720
-58803
-58852
-58848
-58871
-58794
-58699
-58651
-58517
-58368
-58186
-57944
-57670
-57453
-57265
-56992
-56772
-56581
-56398
-56282
-56193
-56061
-55873
-55733
-55475
-55208
-55045
-54816
-54695
-54629
-54661
-54759
-54756
-54843
-54771
-54620
-54526
-54273
-54119
-54023
-54000
-54066
-54023
-54092
-54111
-54081
-54209
-54261
-54337
-54391
-54356
-54366
-54317
-54341
-54334
-54285
-54360
-54348
-54389
-54495
-54542
-54631
-54681
-54730
-54699
-54648
-54726
-54756
-54834
-54990
-55127
-55240
-55338
-55515
-55605
-55641
-55772
-55862
-55958
-56102
-56316
-56566
-56808
-57131
-57372
-57593
-57845
-57953
-58063
-58115
-58102
-58118
-58128
-58256
-58350
-58451
-58629
-58662
-58734
-58773
-58714
-58683
-58531
-58441
-58353
-58253
-58332
-58327
-58371
-58470
-58435
-58445
-58439
-58434
-58411
-58341
-58297
-58183
-58070
-57970
-57872
-57788
-57690
-57589
-57406
-57239
-57043
-56769
-56580
-56375
-56192
-56059
-55906
-55784
-55604
-55451
-55291
-55051
-54895
-54689
-54454
-54273
-54062
-53906
-53744
-53627
-53566
-53446
-53378
-53259
-53087
-52964
-52805
-52633
-52408
-52209
-52039
-51846
-51796
-51799
-51836
-51926
-51982
-52004
-51939
-51935
-51914
-51858
-51911
-51872
-51887
-51940
-51972
-52101
-52122
-52236
-52359
-52381
-52534
-52573
-52625
-52721
-52718
-52786
-52805
-52853
-52918
-52907
-52990
-53045
-53068
-53181
-53319
-53435
-53578
-53760
-53917
-54097
-54286
-54440
-54542
-54631
-54739
-54765
-54821
-54924
-54956
-55035
-55123
-55164
-55194
-55219
-55254
-55238
-55261
-55310
-55296
-55331
-55361
-55321
-55245
-55199
-55172
-55121
-55139
-55188
-55241
-55299
-55326
-55324
-55273
-55241
-55216
-55153
-55088
-54996
-54920
-54834
-54765
-54809
-54836
-54902
-54983
-54953
-54971
-54980
-54934
-54894
-54857
-54847
-54820
-54818
-54804
-54759
-54719
-54623
-54531
-54442
-54342
-54240
-54100
-53972
-53850
-53723
-53663
-53658
-53639
-53631
-53658
-53668
-53632
-53598
-53590
-53535
-53479
-53434
-53359
-53338
-53346
-53357
-53344
-53316
-53316
-53278
-53272
-53361
-53443
-53545
-53709
-53845
-53979
-54104
-54205
-54335
-54419
-54526
-54636
-54671
-54741
-54810
-54885
-54995
-55115
-55296
-55488
-55651
-55785
-55858
-55911
-55985
-56041
-56131
-56291
-56385
-56489
-56625
-56688
-56797
-56880
-56936
-57068
-57138
-57238
-57336
-57389
-57551
-57639
-57824
-58076
-58192
-58438
-58597
-58741
-58948
-59008
-59177
-59242
-59247
-59349
-59280
-59278
-59254
-59156
-59176
-59111
-59094
-59106
-59051
-59067
-58980
-58907
-58875
-58722
-58619
-58469
-58289
-58130
-57885
-57716
-57530
-57293
-57129
-56935
-56778
-56656
-56560
-56501
-56381
-56323
-56274
-56196
-56207
-56172
-56105
-56007
-55818
-55643
-55450
-55242
-55035
-54815
-54646
-54515
-54436
-54415
-54375
-54321
-54255
-54159
-54065
-53908
-53730
-53605
-53389
-53183
-53047
-52852
-52777
-52766
-52708
-52695
-52664
-52691
-52700
-52729
-52813
-52762
-52773
-52762
-52743
-52798
-52780
-52852
-52848
-52879
-52936
-52818
-52864
-52864
-52840
-52931
-52923
-53026
-53122
-53193
-53288
-53237
-53256
-53256
-53226
-53311
-53355
-53475
-53608
-53716
-53913
-54003
-54107
-54237
-54260
-54334
-54373
-54418
-54472
-54498
-54577
-54578
-54647
-54781
-54836
-54959
-55062
-55115
-55174
-55202
-55242
-55275
-55336
-55445
-55524
-55622
-55721
-55786
-55869
-55964
-56054
-56095
-56151
-56259
-56329
-56417
-56521
-56573
-56597
-56651
-56730
-56798
-56950
-57127
-57263
-57446
-57589
-57704
-57852
-57974
-58077
-58133
-58202
-58301
-58370
-58491
-58596
-58650
-58697
-58682
-58691
-58681
-58677
-58724
-58679
-58647
-58559
-58365
-58242
-58101
-57943
-57824
-57746
-57703
-57593
-57514
-57448
-57269
-57125
-56983
-56799
-56693
-56567
-56418
-56294
-56191
-56124
-56004
-55924
-55882
-55752
-55640
-55526
-55386
-55247
-55075
-54898
-54674
-54480
-54315
-54139
-54087
-54060
-54011
-53993
-53950
-53893
-53803
-53718
-53633
-53486
-53377
-53263
-53152
-53164
-53183
-53227
-53245
-53206
-53206
-53142
-53163
-53210
-53156
-53205
-53227
-53241
-53341
-53423
-53523
-53576
-53620
-53659
-53660
-53728
-53830
-53925
-54001
-54111
-54221
-54273
-54394
-54547
-54669
-54790
-54956
-55124
-55265
-55486
-55619
-55645
-55669
-55608
-55579
-55569
-55603
-55717
-55771
-55874
-55969
-55966
-56047
-56120
-56082
-56070
-56085
-56076
-56098
-56181
-56277
-56329
-56408
-56485
-56523
-56579
-56619
-56636
-56580
-56507
-56446
-56338
-56308
-56297
-56281
-56321
-56340
-56367
-56387
-56372
-56299
-56160
-56015
-55808
-55615
-55497
-55399
-55341
-55291
-55242
-55151
-55046
-54994
-54863
-54712
-54614
-54503
-54407
-54336
-54291
-54216
-54108
-54022
-53876
-53728
-53657
-53570
-53476
-53438
-53422
-53424
-53482
-53565
-53630
-53723
-53834
-53932
-54064
-54204
-54309
-54384
-54433
-54479
-54470
-54478
-54514
-54478
-54461
-54454
-54425
-54372
-54333
-54396
-54438
-54489
-54577
-54613
-54681
-54790
-54949
-55088
-55227
-55436
-55550
-55647
-55784
-55836
-55842
-55894
-55988
-56016
-56124
-56312
-56352
-56423
-56489
-56465
-56489
-56461
-56428
-56380
-56273
-56202
-56090
-56037
-56037
-55991
-55982
-55934
-55872
-55807
-55708
-55665
-55557
-55418
-55337
-55211
-55143
-55179
-55218
-55276
-55326
-55317
-55280
-55233
-55185
-55113
-55010
-54914
-54768
-54598
-54467
-54341
-54245
-54155
-54055
-53988
-53907
-53859
-53859
-53837
-53840
-53865
-53865
-53876
-53929
-53993
-54035
-54068
-54075
-54043
-54043
-54044
-54043
-54103
-54133
-54138
-54154
-54190
-54283
-54358
-54433
-54523
-54609
-54725
-54813
-54850
-54855
-54859
-54883
-54903
-54971
-55048
-55118
-55243
-55350
-55431
-55535
-55671
-55770
-55799
-55862
-55886
-55872
-55930
-55969
-55988
-56047
-56102
-56121
-56113
-56136
-56132
-56078
-56052
-56015
-55985
-56058
-56187
-56280
-56394
-56542
-56624
-56699
-56830
-56918
-57056
-57240
-57333
-57433
-57403
-57343
-57287
-57076
-57046
-56963
-56832
-56883
-56805
-56802
-56762
-56665
-56664
-56542
-56543
-56431
-56213
-56176
-55968
-55817
-55689
-55546
-55565
-55437
-55406
-55396
-55254
-55276
-55183
-55045
-54926
-54686
-54522
-54315
-54209
-54183
-54036
-53960
-53753
-53526
-53445
-53309
-53248
-53171
-53121
-53123
-53034
-53090
-53136
-53150
-53239
-53227
-53255
-53209
-53144
-53120
-52984
-53007
-53001
-52968
-53056
-53071
-53145
-53123
-53171
-53211
-53097
-53212
-53101
-53081
-53175
-53075
-53271
-53206
-53395
-53616
-53527
-53948
-53924
-54100
-54367
-54278
-54650
-54549
-54742
-54889
-54736
-55171
-55061
-55325
-55584
-55463
-55837
-55686
-55860
-56001
-55850
-56215
-56099
-56269
-56501
-56451
-56796
-56693
-56734
-56843
-56719
-56967
-56885
-56904
-57086
-56994
-57143
-57168
-57277
-57412
-57305
-57471
-57395
-57324
-57436
-57261
-57311
-57273
-57212
-57271
-57066
-57118
-57038
-56871
-56940
-56788
-56778
-56707
-56563
-56617
-56512
-56528
-56532
-56413
-56473
-56393
-56269
-56211
-56018
-55887
-55789
-55674
-55623
-55571
-55543
-55479
-55412
-55414
-55400
-55352
-55354
-55382
-55355
-55373
-55387
-55339
-55302
-55260
-55230
-55170
-55182
-55284
-55280
-55326
-55398
-55315
-55289
-55266
-55168
-55132
-55054
-54994
-54918
-54810
-54815
-54688
-54568
-54562
-54410
-54342
-54309
-54220
-54185
-54110
-54132
-54140
-54143
-54264
-54272
-54338
-54439
-54397
-54394
-54355
-54275
-54206
-54119
-54120
-54133
-54151
-54300
-54440
-54481
-54557
-54591
-54565
-54636
-54729
-54803
-54872
-54893
-54873
-54827
-54802
-54767
-54698
-54683
-54698
-54718
-54812
-54938
-55022
-55072
-55120
-55210
-55284
-55369
-55561
-55697
-55810
-55940
-55936
-55993
-56036
-55990
-56031
-56001
-56022
-56040
-55941
-55923
-55824
-55762
-55799
-55799
-55828
-55830
-55853
-55826
-55726
-55618
-55472
-55383
-55277
-55180
-55101
-55009
-54954
-54825
-54785
-54772
-54648
-54618
-54610
-54595
-54582
-54564
-54560
-54444
-54353
-54353
-54268
-54224
-54262
-54276
-54293
-54288
-54269
-54179
-54064
-53998
-53863
-53811
-53870
-53854
-53819
-53765
-53693
-53591
-53474
-53417
-53373
-53442
-53477
-53368
-53348
-53324
-53343
-53476
-53565
-53608
-53491
-53333
-53246
-53138
-53156
-53184
-53194
-53246
-53229
-53239
-53183
-53137
-53158
-53075
-53057
-53033
-52971
-52951
-52882
-52890
-52919
-52982
-53113
-53109
-53131
-53168
-53121
-53158
-53211
-53255
-53296
-53339
-53400
-53395
-53440
-53504
-53481
-53462
-53500
-53572
-53621
-53728
-53882
-53987
-54130
-54327
-54581
-54912
-55216
-55454
-55632
-55787
-55935
-56026
-56080
-56121
-56214
-56318
-56360
-56386
-56331
-56310
-56367
-56378
-56447
-56512
-56494
-56470
-56417
-56354
-56329
-56336
-56302
-56265
-56212
-56120
-56061
-56004
-55983
-55917
-55833
-55837
-55789
-55772
-55773
-55719
-55709
-55645
-55563
-55495
-55405
-55404
-55408
-55408
-55413
-55306
-55202
-55152
-55193
-55334
-55458
-55629
-55734
-55770
-55872
-55864
-55862
-55897
-55860
-55883
-55887
-55918
-56031
-56124
-56225
-56278
-56282
-56260
-56195
-56127
-56106
-56167
-56231
-56330
-56491
-56607
-56718
-56786
-56779
-56721
-56616
-56553
-56455
-56350
-56318
-56255
-56246
-56259
-56214
-56207
-56210
-56195
-56098
-55978
-55917
-55805
-55726
-55716
-55731
-55771
-55824
-55928
-55964
-55960
-55971
-55946
-55953
-55944
-55945
-55911
-55877
-55937
-55852
-55812
-55812
-55627
-55543
-55409
-55242
-55205
-55191
-55339
-55454
-55560
-55774
-55843
-55902
-55955
-56012
-56144
-56192
-56251
-56296
-56376
-56607
-56774
-56935
-57049
-56963
-56873
-56812
-56839
-56985
-57077
-57174
-57279
-57413
-57674
-57881
-58052
-58158
-58105
-58013
-57856
-57816
-57865
-57873
-57997
-58068
-58157
-58255
-58226
-58209
-58095
-57979
-57880
-57706
-57585
-57395
-57221
-57119
-56971
-56879
-56775
-56695
-56634
-56444
-56250
-56040
-55834
-55688
-55518
-55390
-55263
-55119
-55008
-54878
-54776
-54654
-54502
-54389
-54260
-54130
-53985
-53830
-53700
-53549
-53425
-53308
-53185
-53108
-53050
-52961
-52842
-52732
-52614
-52539
-52530
-52528
-52542
-52561
-52578
-52579
-52566
-52572
-52566
-52556
-52575
-52609
-52677
-52797
-52948
-53108
-53291
-53487
-53664
-53823
-53947
-54062
-54171
-54271
-54443
-54570
-54694
-54921
-55061
-55184
-55272
-55332
-55489
-55600
-55783
-55945
-56035
-56241
-56366
-56499
-56643
-56698
-56805
-56861
-56953
-57053
-57064
-57142
-57143
-57139
-57240
-57286
-57388
-57488
-57541
-57591
-57528
-57456
-57299
-57109
-57016
-56861
-56779
-56787
-56768
-56704
-56604
-56513
-56330
-56175
-56081
-55919
-55813
-55732
-55644
-55573
-55502
-55474
-55383
-55290
-55258
-55133
-55017
-54925
-54787
-54725
-54710
-54709
-54710
-54679
-54625
-54507
-54397
-54322
-54219
-54118
-54045
-53999
-53958
-53950
-53912
-53810
-53749
-53652
-53540
-53455
-53389
-53376
-53295
-53259
-53250
-53198
-53304
-53382
-53394
-53432
-53401
-53384
-53328
-53322
-53377
-53345
-53473
-53617
-53700
-53919
-54102
-54291
-54435
-54562
-54727
-54679
-54668
-54679
-54564
-54592
-54630
-54692
-54888
-55085
-55273
-55378
-55489
-55632
-55655
-55694
-55776
-55778
-55800
-55889
-55907
-55911
-56037
-56138
-56230
-56382
-56434
-56395
-56346
-56321
-56273
-56248
-56366
-56460
-56522
-56674
-56761
-56757
-56783
-56813
-56835
-56866
-56901
-56867
-56707
-56550
-56419
-56333
-56393
-56492
-56562
-56670
-56738
-56685
-56598
-56557
-56495
-56381
-56341
-56314
-56175
-56073
-55983
-55847
-55766
-55677
-55596
-55558
-55496
-55427
-55311
-55244
-55211
-55059
-54968
-54913
-54813
-54743
-54640
-54548
-54455
-54435
-54505
-54475
-54459
-54511
-54526
-54512
-54436
-54337
-54220
-54077
-53951
-53826
-53782
-53863
-53964
-54028
-54076
-54104
-54059
-54042
-54111
-54163
-54271
-54429
-54568
-54727
-54868
-54967
-54997
-55049
-55136
-55134
-55203
-55301
-55267
-55275
-55357
-55412
-55424
-55471
-55601
-55702
-55843
-56010
-56040
-56017
-55974
-55875
-55769
-55738
-55807
-55920
-56082
-56283
-56439
-56561
-56738
-56819
-56807
-56864
-56870
-56939
-57127
-57262
-57428
-57612
-57766
-57879
-57887
-57883
-57836
-57753
-57788
-57849
-57890
-57969
-58059
-58122
-58153
-58163
-58043
-57844
-57691
-57489
-57279
-57150
-57085
-57069
-57088
-57178
-57242
-57274
-57338
-57299
-57177
-57001
-56772
-56532
-56246
-56031
-55816
-55600
-55534
-55443
-55331
-55262
-55177
-55094
-54976
-54852
-54682
-54449
-54242
-54044
-53860
-53761
-53732
-53713
-53704
-53653
-53569
-53444
-53281
-53146
-53002
-52990
-53018
-52947
-52942
-52918
-52882
-52881
-52816
-52699
-52561
-52460
-52358
-52234
-52194
-52246
-52345
-52490
-52632
-52684
-52653
-52615
-52573
-52545
-52593
-52670
-52747
-52838
-52914
-52970
-53012
-53091
-53165
-53183
-53233
-53355
-53555
-53745
-53870
-54008
-54126
-54258
-54370
-54378
-54375
-54359
-54402
-54568
-54737
-54920
-55119
-55320
-55572
-55766
-55911
-56020
-56070
-56186
-56261
-56271
-56288
-56275
-56298
-56327
-56420
-56587
-56776
-56947
-56933
-56826
-56651
-56414
-56287
-56193
-56182
-56293
-56454
-56670
-56825
-56904
-56940
-56968
-57004
-57002
-56996
-56958
-56935
-56899
-56867
-56941
-56954
-56945
-56942
-56822
-56715
-56594
-56420
-56296
-56203
-56213
-56247
-56221
-56248
-56184
-56078
-56040
-55959
-55891
-55816
-55754
-55642
-55477
-55371
-55240
-55268
-55356
-55395
-55550
-55648
-55749
-55826
-55839
-55909
-55904
-55920
-55953
-55930
-55962
-55990
-56019
-56037
-56003
-55960
-55889
-55867
-55907
-55903
-55901
-55928
-55929
-55938
-55972
-55995
-56006
-56009
-55993
-55942
-55875
-55821
-55745
-55629
-55518
-55409
-55350
-55419
-55494
-55534
-55605
-55611
-55582
-55577
-55581
-55617
-55618
-55618
-55638
-55564
-55525
-55517
-55421
-55403
-55393
-55330
-55276
-55186
-55186
-55213
-55338
-55593
-55730
-55915
-56049
-56009
-55989
-55934
-55929
-55950
-55966
-56090
-56106
-56084
-56137
-56100
-56150
-56284
-56350
-56436
-56509
-56540
-56528
-56531
-56586
-56602
-56657
-56808
-56930
-56982
-57005
-56914
-56742
-56625
-56502
-56404
-56400
-56422
-56391
-56331
-56278
-56125
-55914
-55793
-55705
-55612
-55562
-55486
-55324
-55123
-54955
-54746
-54513
-54397
-54259
-54121
-54070
-53997
-53917
-53846
-53795
-53709
-53609
-53584
-53513
-53385
-53282
-53186
-53012
-52829
-52751
-52621
-52524
-52555
-52562
-52589
-52605
-52540
-52404
-52252
-52159
-52045
-51954
-51916
-51863
-51889
-51976
-52077
-52186
-52274
-52363
-52319
-52230
-52166
-52050
-52076
-52198
-52314
-52426
-52538
-52677
-52725
-52816
-52977
-53078
-53253
-53432
-53593
-53811
-54064
-54381
-54612
-54855
-55161
-55334
-55575
-55843
-56013
-56189
-56278
-56325
-56361
-56417
-56532
-56533
-56518
-56544
-56520
-56566
-56732
-56945
-57124
-57272
-57363
-57322
-57262
-57232
-57186
-57176
-57214
-57247
-57250
-57276
-57232
-57046
-56887
-56694
-56475
-56340
-56226
-56162
-56150
-56174
-56135
-56026
-55995
-55941
-55823
-55699
-55537
-55369
-55199
-55062
-54953
-54781
-54650
-54508
-54313
-54230
-54206
-54215
-54236
-54243
-54278
-54271
-54303
-54338
-54261
-54249
-54255
-54216
-54244
-54262
-54278
-54242
-54161
-54070
-53915
-53864
-53822
-53769
-53809
-53833
-53908
-54000
-54131
-54297
-54353
-54386
-54315
-54166
-54097
-54029
-54037
-54077
-54089
-54141
-54114
-54104
-54124
-54090
-54102
-54105
-54130
-54229
-54346
-54498
-54624
-54701
-54752
-54714
-54618
-54537
-54508
-54625
-54808
-54946
-55159
-55373
-55547
-55740
-55847
-55973
-56100
-56197
-56408
-56599
-56773
-56925
-56959
-56978
-56932
-56872
-56851
-56839
-56912
-57027
-57196
-57443
-57637
-57788
-57887
-57854
-57791
-57762
-57745
-57735
-57767
-57799
-57773
-57742
-57612
-57466
-57347
-57184
-57135
-57065
-57071
-57194
-57172
-57232
-57199
-57031
-56910
-56691
-56588
-56456
-56327
-56320
-56159
-56104
-56002
-55807
-55714
-55433
-55211
-55025
-54773
-54695
-54594
-54573
-54579
-54479
-54455
-54314
-54154
-54039
-53837
-53727
-53581
-53428
-53324
-53151
-53046
-52940
-52895
-52941
-52954
-53035
-53088
-53130
-53158
-53145
-53246
-53301
-53369
-53499
-53557
-53642
-53657
-53662
-53729
-53807
-53924
-53883
-53811
-53726
-53563
-53631
-53779
-53981
-54323
-54538
-54693
-54748
-54673
-54623
-54506
-54434
-54408
-54369
-54455
-54560
-54673
-54797
-54888
-54990
-55054
-55114
-55121
-55040
-54946
-54838
-54742
-54653
-54618
-54600
-54532
-54569
-54614
-54596
-54672
-54718
-54730
-54748
-54739
-54764
-54749
-54794
-54851
-54812
-54852
-54831
-54715
-54630
-54529
-54451
-54363
-54359
-54436
-54478
-54615
-54742
-54768
-54789
-54776
-54756
-54758
-54821
-54910
-54951
-55040
-55144
-55223
-55390
-55582
-55721
-55849
-55959
-56030
-56057
-56098
-56176
-56248
-56375
-56502
-56550
-56589
-56634
-56662
-56632
-56661
-56721
-56736
-56829
-56889
-56895
-56882
-56825
-56789
-56729
-56716
-56708
-56629
-56601
-56575
-56539
-56585
-56625
-56631
-56654
-56637
-56580
-56518
-56496
-56513
-56442
-56341
-56278
-56200
-56174
-56181
-56113
-55979
-55805
-55607
-55473
-55470
-55578
-55682
-55761
-55816
-55746
-55673
-55622
-55508
-55393
-55230
-55055
-54853
-54663
-54640
-54675
-54746
-54898
-55009
-55110
-55260
-55303
-55160
-55010
-54848
-54588
-54473
-54490
-54521
-54650
-54797
-54936
-55018
-55045
-55030
-54860
-54721
-54681
-54649
-54713
-54816
-54900
-54954
-55057
-55155
-55148
-55258
-55363
-55343
-55354
-55301
-55233
-55195
-55174
-55174
-55052
-54859
-54668
-54464
-54328
-54223
-54099
-53971
-53888
-53829
-53682
-53605
-53551
-53392
-53288
-53159
-53021
-52931
-52912
-52994
-53015
-53126
-53213
-53174
-53262
-53255
-53249
-53293
-53271
-53347
-53300
-53308
-53345
-53193
-53151
-53060
-52971
-52964
-52941
-53021
-53040
-53135
-53278
-53326
-53487
-53569
-53612
-53699
-53766
-53915
-53949
-54012
-54121
-54162
-54352
-54504
-54621
-54735
-54788
-54885
-54928
-55074
-55190
-55113
-55078
-54931
-54845
-55005
-55242
-55626
-56004
-56274
-56455
-56456
-56457
-56457
-56449
-56590
-56724
-56873
-57053
-57180
-57340
-57446
-57576
-57658
-57590
-57611
-57596
-57614
-57745
-57844
-58034
-58210
-58320
-58341
-58198
-58111
-58048
-57912
-57774
-57608
-57426
-57270
-57190
-57174
-57167
-57170
-57109
-56996
-56903
-56777
-56584
-56369
-56197
-56043
-55899
-55842
-55844
-55844
-55888
-55926
-55873
-55776
-55605
-55331
-55003
-54692
-54434
-54204
-54036
-53950
-53858
-53700
-53577
-53477
-53357
-53371
-53438
-53499
-53607
-53627
-53582
-53490
-53363
-53253
-53107
-52987
-52863
-52715
-52621
-52544
-52498
-52464
-52448
-52461
-52473
-52504
-52452
-52372
-52324
-52240
-52217
-52239
-52343
-52592
-52838
-53023
-53096
-53019
-52899
-52879
-52980
-53176
-53445
-53702
-53909
-54042
-54100
-54117
-54174
-54354
-54565
-54814
-55094
-55245
-55371
-55432
-55431
-55536
-55563
-55635
-55753
-55775
-55922
-56072
-56251
-56493
-56656
-56853
-56992
-57100
-57213
-57242
-57354
-57419
-57381
-57359
-57274
-57249
-57293
-57388
-57556
-57689
-57935
-58188
-58296
-58387
-58375
-58281
-58149
-57947
-57720
-57525
-57553
-57696
-57829
-58068
-58234
-58272
-58212
-58025
-57839
-57612
-57423
-57246
-56982
-56869
-56746
-56578
-56558
-56519
-56495
-56450
-56324
-56197
-55981
-55804
-55646
-55388
-55233
-55165
-55114
-55166
-55281
-55383
-55400
-55347
-55249
-55073
-54899
-54703
-54444
-54249
-54122
-54057
-54138
-54297
-54460
-54634
-54758
-54822
-54864
-54939
-55098
-55196
-55220
-55243
-55139
-55030
-55014
-55026
-55143
-55340
-55578
-55765
-55866
-55930
-55840
-55675
-55583
-55494
-55446
-55593
-55843
-56085
-56361
-56626
-56813
-56915
-56946
-56851
-56655
-56460
-56265
-56094
-56036
-56110
-56207
-56322
-56441
-56448
-56394
-56304
-56174
-56005
-55822
-55691
-55521
-55401
-55320
-55169
-55080
-54976
-54855
-54746
-54640
-54680
-54672
-54584
-54552
-54411
-54270
-54193
-54083
-54057
-54081
-54167
-54251
-54287
-54413
-54450
-54423
-54377
-54162
-53952
-53746
-53531
-53398
-53319
-53320
-53287
-53267
-53337
-53347
-53387
-53503
-53601
-53649
-53623
-53531
-53381
-53286
-53321
-53419
-53603
-53862
-54068
-54181
-54201
-54141
-54053
-54003
-54047
-54159
-54354
-54621
-54869
-55060
-55249
-55405
-55425
-55372
-55289
-55166
-55097
-55143
-55198
-55240
-55421
-55619
-55778
-55994
-56097
-56113
-56148
-56143
-56122
-56073
-56084
-56121
-56162
-56373
-56567
-56720
-56914
-56988
-56994
-56897
-56781
-56685
-56503
-56480
-56515
-56586
-56816
-56951
-57062
-57092
-57000
-56918
-56770
-56737
-56734
-56714
-56822
-56845
-56853
-56904
-56890
-56849
-56768
-56728
-56639
-56509
-56536
-56524
-56516
-56572
-56528
-56505
-56451
-56409
-56378
-56221
-56174
-56181
-56206
-56368
-56514
-56672
-56785
-56793
-56721
-56527
-56397
-56294
-56166
-56142
-56115
-56118
-56097
-56057
-56088
-56055
-56068
-56060
-55882
-55645
-55351
-55087
-54900
-54793
-54782
-54833
-54901
-54858
-54747
-54580
-54370
-54246
-54174
-54153
-54065
-53926
-53863
-53739
-53661
-53626
-53550
-53521
-53445
-53361
-53275
-53178
-53123
-53055
-53037
-53060
-53097
-53122
-53149
-53185
-53186
-53231
-53235
-53270
-53329
-53290
-53283
-53226
-53192
-53211
-53165
-53162
-53128
-53145
-53267
-53442
-53708
-53826
-53823
-53831
-53819
-53858
-53881
-53900
-53937
-54014
-54191
-54346
-54491
-54628
-54739
-54900
-55051
-55188
-55332
-55478
-55604
-55662
-55758
-55886
-55986
-56154
-56336
-56473
-56585
-56687
-56848
-56995
-57102
-57179
-57122
-57055
-57066
-57113
-57214
-57299
-57393
-57473
-57532
-57626
-57600
-57578
-57631
-57640
-57745
-57854
-57924
-58067
-58191
-58297
-58329
-58303
-58259
-58152
-58157
-58210
-58191
-58172
-58097
-58072
-58052
-57983
-57975
-57869
-57718
-57599
-57423
-57272
-57141
-57062
-57022
-56979
-56971
-56892
-56787
-56652
-56460
-56387
-56293
-56159
-56082
-55932
-55865
-55790
-55618
-55519
-55353
-55241
-55118
-54901
-54753
-54492
-54312
-54166
-53959
-53909
-53771
-53680
-53601
-53403
-53309
-53138
-53044
-52980
-52773
-52758
-52641
-52396
-52217
-51954
-51873
-51809
-51698
-51704
-51555
-51433
-51422
-51472
-51663
-51688
-51537
-51475
-51524
-51619
-51746
-51806
-51808
-51857
-51869
-51961
-52127
-52278
-52541
-52713
-52865
-53142
-53323
-53556
-53765
-53797
-53888
-53926
-53981
-54145
-54228
-54469
-54650
-54762
-55121
-55270
-55365
-55530
-55554
-55642
-55644
-55696
-55876
-56092
-56504
-56753
-56841
-56970
-56965
-56962
-56957
-56873
-56819
-56801
-56856
-57011
-57218
-57434
-57652
-57778
-57797
-57834
-57797
-57746
-57780
-57750
-57721
-57777
-57875
-57978
-58070
-58171
-58189
-58173
-58186
-58113
-58080
-58113
-58061
-58001
-57976
-57943
-57942
-57987
-58026
-58022
-57964
-57906
-57873
-57787
-57745
-57690
-57490
-57364
-57242
-57109
-57112
-57072
-56993
-56861
-56732
-56702
-56582
-56551
-56555
-56445
-56462
-56435
-56381
-56409
-56370
-56386
-56370
-56355
-56442
-56411
-56443
-56501
-56357
-56230
-56029
-55809
-55695
-55531
-55448
-55294
-55148
-55129
-54982
-54959
-54964
-54853
-54812
-54722
-54614
-54470
-54345
-54256
-54097
-54083
-54124
-54142
-54142
-53996
-53807
-53502
-53221
-53070
-52892
-52842
-52796
-52744
-52730
-52645
-52658
-52594
-52511
-52488
-52341
-52311
-52277
-52208
-52267
-52304
-52361
-52418
-52513
-52627
-52639
-52703
-52752
-52749
-52842
-52962
-53042
-53164
-53333
-53393
-53439
-53491
-53461
-53489
-53550
-53709
-53879
-53985
-54143
-54180
-54280
-54413
-54423
-54523
-54582
-54678
-54796
-54876
-55082
-55182
-55289
-55441
-55463
-55511
-55488
-55483
-55508
-55483
-55558
-55635
-55802
-55935
-55978
-56110
-56175
-56345
-56474
-56472
-56588
-56558
-56513
-56458
-56332
-56322
-56230
-56233
-56285
-56260
-56334
-56287
-56220
-56130
-55925
-55857
-55771
-55708
-55708
-55659
-55735
-55704
-55601
-55580
-55470
-55393
-55267
-55144
-55089
-55025
-55073
-55100
-55200
-55340
-55372
-55438
-55405
-55366
-55303
-55174
-55201
-55131
-55078
-55133
-55114
-55197
-55245
-55334
-55440
-55402
-55499
-55510
-55468
-55517
-55456
-55497
-55524
-55505
-55537
-55470
-55412
-55246
-55060
-54998
-54888
-54837
-54826
-54823
-54867
-54895
-54918
-54847
-54768
-54733
-54559
-54434
-54375
-54233
-54183
-54133
-54118
-54202
-54249
-54389
-54431
-54369
-54389
-54263
-54208
-54229
-54169
-54239
-54286
-54358
-54488
-54503
-54535
-54570
-54652
-54821
-54986
-55108
-55128
-55144
-55129
-55071
-55080
-55072
-55095
-55228
-55384
-55529
-55668
-55774
-55824
-55872
-55887
-55848
-55841
-55897
-56003
-56075
-56177
-56259
-56209
-56177
-56087
-55944
-55847
-55760
-55750
-55770
-55835
-55941
-56017
-56077
-56103
-56122
-56147
-56159
-56169
-56134
-56071
-56037
-55983
-55965
-55978
-55965
-55998
-56022
-56013
-56058
-56150
-56221
-56269
-56238
-56083
-55853
-55603
-55438
-55334
-55313
-55406
-55486
-55590
-55700
-55740
-55733
-55657
-55583
-55524
-55411
-55353
-55335
-55279
-55285
-55292
-55249
-55247
-55247
-55209
-55168
-55186
-55226
-55251
-55326
-55348
-55336
-55339
-55265
-55159
-55031
-54933
-54855
-54754
-54767
-54801
-54805
-54862
-54890
-54929
-54934
-54903
-54892
-54773
-54734
-54743
-54636
-54619
-54580
-54512
-54518
-54480
-54478
-54470
-54455
-54467
-54429
-54456
-54451
-54413
-54421
-54351
-54319
-54277
-54189
-54147
-54060
-54026
-54040
-54003
-54032
-54138
-54266
-54416
-54583
-54723
-54814
-54845
-54824
-54799
-54743
-54707
-54719
-54712
-54765
-54881
-54997
-55210
-55482
-55661
-55776
-55812
-55788
-55750
-55713
-55723
-55748
-55877
-56051
-56203
-56389
-56463
-56488
-56494
-56481
-56552
-56547
-56533
-56576
-56576
-56663
-56775
-56862
-56975
-56999
-57005
-56985
-56896
-56855
-56805
-56796
-56855
-56898
-57030
-57178
-57244
-57296
-57300
-57272
-57216
-57130
-57043
-56901
-56740
-56599
-56477
-56423
-56408
-56424
-56427
-56397
-56344
-56195
-56048
-55907
-55719
-55512
-55256
-55042
-54841
-54666
-54577
-54440
-54301
-54184
-54063
-54008
-53989
-53993
-53959
-53921
-53938
-53863
-53783
-53707
-53562
-53498
-53449
-53384
-53349
-53286
-53260
-53174
-53048
-53046
-53000
-52994
-53136
-53230
-53364
-53489
-53493
-53525
-53489
-53414
-53409
-53381
-53439
-53534
-53612
-53777
-53928
-54036
-54138
-54244
-54291
-54314
-54430
-54500
-54486
-54509
-54575
-54643
-54761
-54878
-54878
-54907
-54991
-55056
-55131
-55208
-55275
-55268
-55250
-55244
-55198
-55211
-55246
-55225
-55223
-55282
-55350
-55361
-55344
-55335
-55289
-55243
-55236
-55197
-55177
-55221
-55282
-55346
-55376
-55391
-55355
-55295
-55270
-55174
-55047
-54972
-54939
-54926
-54935
-55009
-55042
-55083
-55141
-55095
-55025
-54881
-54672
-54477
-54346
-54332
-54302
-54305
-54363
-54391
-54453
-54530
-54598
-54660
-54756
-54792
-54717
-54668
-54655
-54686
-54775
-54909
-55051
-55159
-55285
-55438
-55584
-55696
-55779
-55789
-55720
-55643
-55512
-55392
-55369
-55344
-55323
-55370
-55475
-55631
-55795
-55932
-55983
-55946
-55899
-55798
-55730
-55744
-55705
-55680
-55677
-55717
-55789
-55733
-55737
-55768
-55694
-55697
-55616
-55480
-55420
-55289
-55200
-55118
-55067
-55098
-55072
-55181
-55233
-55190
-55233
-55112
-54996
-54853
-54715
-54684
-54596
-54696
-54787
-54849
-55005
-54986
-54986
-54967
-54952
-54985
-54906
-54957
-54965
-54974
-55163
-55215
-55325
-55443
-55471
-55554
-55511
-55512
-55466
-55321
-55316
-55265
-55302
-55429
-55537
-55739
-55898
-56104
-56244
-56277
-56408
-56448
-56490
-56567
-56571
-56621
-56624
-56628
-56690
-56828
-57127
-57370
-57565
-57721
-57730
-57775
-57781
-57730
-57654
-57598
-57699
-57701
-57683
-57766
-57774
-57763
-57697
-57628
-57589
-57563
-57566
-57445
-57330
-57256
-57123
-57009
-56870
-56753
-56570
-56371
-56341
-56229
-56117
-56099
-55989
-55924
-55876
-55755
-55604
-55436
-55296
-55023
-54706
-54484
-54228
-54043
-53937
-53853
-53817
-53761
-53711
-53645
-53574
-53550
-53392
-53154
-52991
-52789
-52638
-52646
-52723
-52810
-52887
-52987
-53032
-53031
-53094
-53087
-53006
-52977
-52916
-52834
-52804
-52839
-52958
-53137
-53335
-53442
-53485
-53541
-53614
-53702
-53788
-53958
-54136
-54331
-54628
-54863
-55067
-55210
-55238
-55299
-55380
-55494
-55621
-55735
-55915
-56099
-56314
-56563
-56713
-56784
-56829
-56896
-56953
-57004
-57079
-57081
-57098
-57159
-57191
-57274
-57424
-57544
-57567
-57589
-57605
-57548
-57537
-57595
-57633
-57603
-57563
-57546
-57510
-57551
-57614
-57621
-57708
-57785
-57756
-57751
-57765
-57755
-57720
-57650
-57583
-57476
-57379
-57343
-57212
-57113
-57107
-57010
-56932
-56869
-56779
-56723
-56668
-56645
-56540
-56428
-56406
-56287
-56219
-56159
-56010
-55872
-55668
-55546
-55416
-55232
-55173
-55056
-54948
-54930
-54862
-54768
-54681
-54586
-54471
-54365
-54297
-54249
-54150
-54012
-53919
-53790
-53684
-53671
-53677
-53771
-53837
-53828
-53842
-53786
-53740
-53675
-53517
-53382
-53185
-53005
-52965
-52935
-52966
-53010
-53048
-53132
-53167
-53251
-53252
-53172
-53211
-53158
-53103
-53100
-53023
-53002
-52946
-52909
-52974
-53019
-53059
-53059
-53051
-53073
-53109
-53155
-53199
-53252
-53276
-53341
-53398
-53419
-53507
-53601
-53742
-53897
-53977
-54020
-54007
-54033
-54101
-54141
-54282
-54455
-54605
-54801
-54921
-55013
-55126
-55215
-55324
-55353
-55359
-55419
-55474
-55591
-55716
-55835
-55988
-56092
-56151
-56188
-56187
-56195
-56198
-56106
-56012
-55916
-55871
-56042
-56243
-56442
-56613
-56645
-56640
-56598
-56598
-56596
-56540
-56556
-56594
-56690
-56842
-56966
-57086
-57213
-57268
-57177
-57040
-56826
-56595
-56483
-56444
-56562
-56716
-56849
-57059
-57177
-57268
-57365
-57345
-57300
-57187
-57022
-56923
-56813
-56755
-56737
-56698
-56724
-56700
-56652
-56709
-56726
-56695
-56663
-56569
-56539
-56549
-56533
-56592
-56586
-56561
-56547
-56418
-56300
-56146
-56002
-55962
-55907
-55836
-55747
-55610
-55430
-55273
-55194
-55081
-54898
-54776
-54683
-54597
-54529
-54381
-54236
-54088
-53929
-53837
-53756
-53728
-53702
-53635
-53551
-53460
-53400
-53312
-53222
-53163
-53136
-53154
-53209
-53290
-53340
-53363
-53374
-53294
-53215
-53245
-53236
-53197
-53165
-53116
-53049
-52886
-52796
-52781
-52894
-53142
-53207
-53331
-53461
-53517
-53714
-53791
-53918
-54060
-54054
-54200
-54307
-54394
-54582
-54663
-54765
-54849
-54865
-54957
-55039
-55213
-55399
-55538
-55783
-55877
-55877
-55850
-55702
-55601
-55452
-55350
-55295
-55191
-55214
-55194
-55177
-55245
-55271
-55367
-55433
-55452
-55443
-55331
-55206
-54978
-54738
-54547
-54347
-54294
-54294
-54351
-54491
-54553
-54620
-54654
-54640
-54668
-54621
-54537
-54431
-54251
-54093
-53946
-53882
-53881
-53872
-53933
-53922
-53911
-54004
-54014
-54015
-54058
-54064
-54044
-54036
-54050
-54022
-54070
-54268
-54499
-54718
-54934
-55078
-55101
-55197
-55347
-55417
-55526
-55624
-55734
-55886
-56052
-56264
-56402
-56565
-56696
-56726
-56841
-56892
-56963
-57125
-57206
-57339
-57460
-57551
-57675
-57691
-57710
-57740
-57716
-57705
-57674
-57693
-57683
-57637
-57658
-57632
-57649
-57659
-57600
-57566
-57461
-57400
-57328
-57234
-57209
-57101
-57031
-56963
-56850
-56765
-56652
-56594
-56523
-56452
-56426
-56326
-56214
-56113
-56004
-55905
-55817
-55734
-55575
-55373
-55184
-54933
-54692
-54526
-54347
-54225
-54164
-54058
-53955
-53885
-53826
-53741
-53689
-53709
-53692
-53674
-53720
-53769
-53793
-53805
-53783
-53742
-53770
-53837
-53869
-53887
-53909
-53888
-53815
-53813
-53852
-53830
-53820
-53775
-53688
-53676
-53700
-53690
-53575
-53470
-53540
-53613
-53766
-53972
-54025
-54206
-54406
-54518
-54663
-54687
-54692
-54636
-54591
-54640
-54571
-54578
-54643
-54622
-54697
-54824
-54928
-55010
-55080
-55157
-55131
-55099
-55102
-55009
-54955
-54943
-54898
-54880
-54885
-54919
-54907
-54942
-55009
-54963
-54989
-55036
-55082
-55174
-55246
-55346
-55359
-55373
-55381
-55305
-55338
-55386
-55466
-55625
-55731
-55818
-55847
-55873
-55935
-55903
-55895
-55955
-55971
-56010
-56083
-56132
-56161
-56184
-56179
-56128
-56095
-56074
-55997
-55951
-56021
-56018
-55918
-55894
-55790
-55629
-55623
-55704
-55833
-55958
-56033
-56062
-56029
-56097
-56205
-56185
-56174
-56098
-55988
-55995
-55976
-55994
-55984
-55943
-55953
-55829
-55811
-55839
-55763
-55841
-55899
-55915
-55944
-55892
-55844
-55733
-55613
-55576
-55448
-55341
-55339
-55307
-55372
-55476
-55498
-55517
-55560
-55608
-55589
-55551
-55465
-55291
-55125
-54988
-54884
-54769
-54688
-54618
-54488
-54416
-54324
-54188
-54129
-54064
-54006
-53958
-53919
-53917
-53816
-53746
-53732
-53636
-53653
-53721
-53784
-53868
-53889
-53904
-53769
-53659
-53652
-53525
-53542
-53596
-53584
-53634
-53615
-53631
-53664
-53754
-53910
-53963
-54055
-54132
-54136
-54193
-54262
-54255
-54197
-54214
-54277
-54459
-54774
-55062
-55307
-55452
-55573
-55659
-55687
-55903
-56096
-56183
-56350
-56371
-56397
-56542
-56651
-56778
-56803
-56827
-56862
-56840
-56934
-56958
-56919
-56915
-56834
-56766
-56745
-56754
-56765
-56732
-56704
-56663
-56566
-56492
-56418
-56334
-56349
-56398
-56462
-56530
-56555
-56563
-56485
-56364
-56234
-56098
-56003
-55912
-55834
-55779
-55787
-55776
-55724
-55738
-55745
-55737
-55695
-55631
-55536
-55386
-55320
-55280
-55247
-55279
-55302
-55304
-55314
-55359
-55396
-55437
-55487
-55483
-55461
-55462
-55471
-55421
-55351
-55279
-55183
-55124
-55063
-54996
-54947
-54906
-54948
-55014
-55132
-55273
-55323
-55378
-55374
-55337
-55396
-55454
-55497
-55516
-55482
-55450
-55435
-55463
-55543
-55580
-55574
-55567
-55527
-55507
-55488
-55452
-55466
-55488
-55490
-55451
-55404
-55385
-55350
-55350
-55370
-55396
-55449
-55486
-55554
-55598
-55645
-55702
-55676
-55729
-55781
-55780
-55794
-55730
-55682
-55603
-55505
-55521
-55506
-55481
-55505
-55497
-55489
-55485
-55453
-55419
-55369
-55321
-55282
-55244
-55278
-55308
-55295
-55308
-55292
-55268
-55256
-55235
-55253
-55255
-55244
-55254
-55257
-55287
-55324
-55387
-55462
-55519
-55604
-55658
-55717
-55811
-55868
-55917
-55960
-56007
-56034
-56046
-56088
-56042
-55939
-55853
-55768
-55755
-55749
-55780
-55812
-55753
-55766
-55719
-55621
-55576
-55448
-55368
-55277
-55205
-55228
-55126
-55043
-54937
-54798
-54771
-54681
-54699
-54772
-54735
-54751
-54681
-54628
-54643
-54620
-54696
-54725
-54726
-54730
-54609
-54573
-54559
-54468
-54465
-54469
-54491
-54573
-54638
-54760
-54898
-55000
-55130
-55185
-55185
-55250
-55260
-55204
-55192
-55158
-55145
-55210
-55286
-55417
-55532
-55628
-55782
-55873
-56007
-56150
-56162
-56191
-56172
-56129
-56114
-56052
-56054
-56043
-56028
-56086
-56119
-56214
-56349
-56452
-56565
-56620
-56595
-56524
-56443
-56359
-56239
-56158
-56120
-56076
-56037
-56014
-56050
-56060
-56008
-55979
-55904
-55820
-55775
-55735
-55719
-55673
-55638
-55614
-55575
-55560
-55475
-55398
-55348
-55251
-55200
-55174
-55144
-55092
-55041
-55003
-54921
-54884
-54851
-54768
-54702
-54621
-54540
-54510
-54506
-54489
-54439
-54379
-54330
-54219
-54110
-54075
-54025
-54008
-54014
-53963
-53921
-53872
-53796
-53723
-53633
-53562
-53481
-53383
-53332
-53248
-53153
-53090
-53024
-53012
-53032
-53054
-53033
-52949
-52855
-52708
-52558
-52439
-52372
-52390
-52412
-52478
-52567
-52694
-52858
-52928
-53001
-53055
-53064
-53075
-53058
-53107
-53128
-53168
-53312
-53372
-53531
-53820
-54024
-54313
-54600
-54813
-55062
-55155
-55205
-55176
-55093
-55239
-55362
-55570
-55885
-56089
-56340
-56532
-56731
-56876
-56967
-57200
-57284
-57392
-57585
-57668
-57833
-57948
-57979
-57945
-57872
-57900
-57900
-57997
-58220
-58378
-58548
-58678
-58732
-58718
-58619
-58531
-58368
-58212
-58148
-58006
-57913
-57898
-57851
-57767
-57657
-57586
-57432
-57252
-57129
-56897
-56661
-56457
-56205
-55944
-55665
-55456
-55240
-55024
-54916
-54753
-54660
-54647
-54561
-54494
-54378
-54230
-54030
-53796
-53661
-53511
-53398
-53339
-53261
-53232
-53225
-53220
-53167
-53096
-53034
-52905
-52826
-52841
-52854
-52868
-52903
-52938
-52940
-52991
-53079
-53116
-53253
-53400
-53432
-53548
-53644
-53697
-53775
-53841
-54000
-54124
-54274
-54492
-54586
-54764
-54970
-55083
-55221
-55314
-55436
-55549
-55659
-55869
-55975
-56109
-56323
-56409
-56496
-56569
-56564
-56569
-56624
-56699
-56738
-56836
-56954
-57026
-57147
-57254
-57288
-57289
-57286
-57251
-57194
-57207
-57214
-57177
-57166
-57135
-57067
-57015
-57072
-57157
-57172
-57216
-57209
-57160
-57147
-57091
-57016
-56930
-56844
-56762
-56660
-56564
-56520
-56487
-56404
-56363
-56292
-56159
-56055
-55889
-55717
-55579
-55421
-55298
-55183
-55096
-55004
-54849
-54737
-54599
-54472
-54411
-54312
-54267
-54253
-54216
-54170
-54080
-54033
-53987
-53882
-53817
-53759
-53721
-53756
-53767
-53764
-53742
-53679
-53625
-53591
-53640
-53738
-53858
-53973
-54007
-53992
-53983
-53997
-54005
-54015
-54020
-54032
-54082
-54112
-54089
-54035
-53998
-53935
-53897
-53888
-53836
-53833
-53811
-53787
-53775
-53736
-53782
-53795
-53780
-53776
-53729
-53664
-53587
-53589
-53564
-53562
-53663
-53665
-53696
-53731
-53695
-53736
-53739
-53775
-53821
-53824
-53941
-54017
-54127
-54323
-54434
-54551
-54631
-54691
-54774
-54783
-54819
-54876
-54916
-55013
-55104
-55203
-55354
-55500
-55637
-55791
-55941
-56081
-56221
-56314
-56389
-56483
-56557
-56649
-56729
-56803
-56913
-56997
-57099
-57218
-57329
-57435
-57490
-57540
-57557
-57563
-57595
-57618
-57697
-57748
-57813
-57942
-58009
-58108
-58193
-58183
-58131
-58033
-57953
-57867
-57824
-57855
-57825
-57778
-57727
-57661
-57638
-57636
-57567
-57420
-57325
-57191
-56950
-56779
-56614
-56405
-56282
-56153
-55986
-55853
-55773
-55700
-55562
-55477
-55400
-55287
-55293
-55295
-55217
-55137
-55036
-54881
-54718
-54605
-54496
-54373
-54276
-54207
-54112
-54060
-54131
-54101
-54008
-54030
-54000
-53961
-53941
-53866
-53789
-53705
-53693
-53683
-53666
-53750
-53767
-53761
-53793
-53777
-53791
-53854
-53982
-54085
-54154
-54308
-54386
-54449
-54577
-54633
-54685
-54723
-54768
-54847
-54941
-55134
-55277
-55389
-55560
-55652
-55742
-55852
-55930
-55983
-56048
-56192
-56256
-56351
-56531
-56595
-56663
-56692
-56705
-56748
-56745
-56820
-56789
-56735
-56764
-56687
-56713
-56782
-56744
-56717
-56663
-56595
-56555
-56519
-56565
-56543
-56417
-56448
-56354
-56157
-56116
-55986
-55903
-55837
-55741
-55773
-55751
-55787
-55801
-55689
-55649
-55544
-55414
-55319
-55163
-54977
-54772
-54652
-54524
-54345
-54304
-54242
-54078
-53961
-53829
-53652
-53480
-53325
-53125
-52890
-52751
-52585
-52373
-52274
-52189
-52131
-52107
-52073
-52028
-51953
-51986
-51960
-51878
-51907
-51841
-51786
-51766
-51762
-51850
-51876
-51959
-51980
-51940
-52012
-51998
-52024
-52042
-52031
-52120
-52099
-52193
-52319
-52341
-52525
-52598
-52653
-52808
-52889
-52998
-53038
-53121
-53236
-53268
-53368
-53417
-53454
-53524
-53584
-53724
-53879
-54069
-54215
-54331
-54551
-54715
-54877
-55034
-55097
-55173
-55181
-55215
-55293
-55328
-55466
-55575
-55665
-55766
-55778
-55855
-55928
-56003
-56098
-56125
-56190
-56195
-56184
-56229
-56225
-56287
-56335
-56317
-56345
-56365
-56417
-56400
-56307
-56290
-56252
-56223
-56235
-56252
-56295
-56287
-56279
-56286
-56292
-56306
-56267
-56242
-56219
-56143
-56077
-56003
-55958
-55901
-55819
-55779
-55680
-55612
-55593
-55570
-55643
-55686
-55706
-55715
-55647
-55663
-55657
-55606
-55661
-55652
-55649
-55692
-55697
-55793
-55856
-55880
-55940
-55952
-56002
-56025
-56000
-55991
-55936
-55935
-55950
-55936
-55972
-55978
-55994
-56056
-56060
-56078
-56122
-56102
-56068
-56008
-55974
-56020
-56077
-56191
-56237
-56208
-56256
-56231
-56187
-56180
-56084
-56040
-55970
-55896
-55944
-55904
-55917
-55929
-55820
-55783
-55664
-55598
-55626
-55610
-55678
-55646
-55602
-55604
-55483
-55405
-55311
-55233
-55238
-55238
-55334
-55429
-55498
-55584
-55587
-55570
-55522
-55435
-55381
-55343
-55352
-55352
-55357
-55421
-55474
-55590
-55662
-55696
-55794
-55761
-55733
-55748
-55698
-55696
-55682
-55717
-55813
-55859
-55993
-56139
-56204
-56325
-56423
-56504
-56629
-56695
-56757
-56802
-56764
-56697
-56631
-56611
-56639
-56677
-56745
-56894
-57029
-57143
-57303
-57386
-57418
-57425
-57408
-57370
-57282
-57280
-57268
-57242
-57324
-57354
-57378
-57415
-57356
-57295
-57211
-57077
-56948
-56845
-56799
-56682
-56544
-56535
-56491
-56444
-56438
-56314
-56133
-55948
-55785
-55609
-55443
-55395
-55288
-55165
-55130
-55029
-54918
-54870
-54803
-54693
-54623
-54568
-54486
-54422
-54386
-54369
-54302
-54257
-54236
-54103
-54008
-53986
-53938
-53926
-53935
-53914
-53888
-53915
-53956
-53922
-53887
-53870
-53751
-53661
-53684
-53684
-53711
-53820
-53930
-53999
-54117
-54239
-54274
-54307
-54371
-54443
-54491
-54582
-54711
-54770
-54868
-54953
-54993
-55090
-55176
-55285
-55408
-55564
-55764
-55900
-56080
-56267
-56391
-56541
-56618
-56656
-56736
-56792
-56861
-56951
-57058
-57175
-57239
-57304
-57359
-57341
-57310
-57273
-57186
-57087
-57005
-56894
-56778
-56696
-56614
-56508
-56381
-56318
-56263
-56178
-56179
-56108
-55959
-55892
-55758
-55581
-55443
-55322
-55233
-55110
-55034
-54956
-54802
-54729
-54635
-54509
-54461
-54366
-54225
-54079
-53948
-53832
-53676
-53558
-53460
-53325
-53270
-53251
-53159
-53107
-53092
-52969
-52838
-52745
-52621
-52559
-52523
-52487
-52450
-52418
-52485
-52514
-52567
-52726
-52821
-52923
-53034
-53127
-53227
-53337
-53490
-53560
-53656
-53809
-53872
-53953
-54057
-54173
-54284
-54351
-54464
-54559
-54662
-54860
-55051
-55216
-55425
-55637
-55775
-55944
-56129
-56229
-56335
-56408
-56479
-56597
-56686
-56838
-56978
-57066
-57228
-57325
-57409
-57554
-57639
-57724
-57745
-57726
-57678
-57556
-57503
-57400
-57296
-57240
-57126
-57106
-57090
-57091
-57149
-57099
-57049
-56968
-56819
-56704
-56601
-56482
-56351
-56283
-56249
-56206
-56186
-56118
-56049
-56009
-55938
-55898
-55852
-55767
-55676
-55540
-55418
-55280
-55143
-55059
-54943
-54891
-54855
-54825
-54860
-54810
-54803
-54779
-54645
-54574
-54416
-54277
-54264
-54213
-54286
-54395
-54464
-54551
-54496
-54478
-54447
-54300
-54235
-54106
-54029
-54057
-54034
-54091
-54094
-54111
-54162
-54120
-54209
-54216
-54131
-54121
-53998
-53954
-53977
-53991
-54049
-54026
-54056
-54096
-54090
-54124
-54075
-53986
-53878
-53759
-53662
-53592
-53659
-53733
-53798
-53930
-54023
-54129
-54165
-54146
-54108
-53912
-53782
-53699
-53585
-53586
-53566
-53573
-53645
-53711
-53787
-53817
-53883
-53927
-53876
-53885
-53948
-54033
-54177
-54335
-54455
-54548
-54673
-54748
-54765
-54789
-54744
-54700
-54635
-54563
-54542
-54549
-54675
-54751
-54855
-55068
-55126
-55183
-55221
-55202
-55161
-55018
-54981
-54883
-54785
-54883
-54854
-54888
-55018
-55058
-55163
-55193
-55187
-55162
-55019
-54984
-54923
-54809
-54855
-54876
-54907
-55005
-55073
-55166
-55222
-55315
-55381
-55313
-55307
-55241
-55106
-55075
-55033
-55020
-55070
-55135
-55217
-55288
-55400
-55485
-55502
-55531
-55504
-55430
-55429
-55445
-55378
-55312
-55286
-55232
-55206
-55226
-55235
-55265
-55340
-55404
-55433
-55452
-55499
-55499
-55447
-55458
-55381
-55300
-55357
-55371
-55411
-55483
-55548
-55605
-55600
-55641
-55622
-55566
-55595
-55555
-55490
-55463
-55481
-55525
-55556
-55676
-55750
-55806
-55937
-55953
-55957
-55957
-55928
-55959
-55983
-56116
-56202
-56203
-56293
-56312
-56383
-56500
-56554
-56598
-56569
-56575
-56581
-56607
-56736
-56797
-56889
-57037
-57157
-57314
-57432
-57538
-57621
-57602
-57587
-57512
-57415
-57387
-57329
-57331
-57368
-57391
-57436
-57424
-57477
-57527
-57511
-57557
-57530
-57450
-57355
-57262
-57179
-57056
-57014
-56921
-56798
-56738
-56600
-56497
-56398
-56300
-56290
-56291
-56298
-56197
-56065
-55919
-55630
-55399
-55177
-54938
-54794
-54609
-54483
-54386
-54285
-54299
-54250
-54189
-54107
-53947
-53884
-53769
-53689
-53656
-53502
-53421
-53290
-53169
-53169
-53086
-53101
-53121
-53085
-53139
-53107
-53091
-53100
-53060
-53066
-53026
-53031
-53085
-53098
-53166
-53219
-53273
-53327
-53342
-53417
-53435
-53416
-53427
-53406
-53451
-53531
-53623
-53741
-53799
-53834
-53838
-53839
-53903
-53964
-54062
-54212
-54383
-54563
-54722
-54899
-55063
-55182
-55288
-55382
-55482
-55588
-55706
-55841
-55953
-56058
-56169
-56254
-56359
-56459
-56546
-56697
-56835
-56980
-57190
-57342
-57424
-57473
-57442
-57374
-57317
-57259
-57253
-57273
-57314
-57436
-57539
-57596
-57642
-57663
-57660
-57600
-57554
-57521
-57458
-57460
-57478
-57427
-57407
-57380
-57288
-57248
-57203
-57128
-57090
-57068
-57080
-57051
-57019
-57055
-56996
-56883
-56813
-56688
-56587
-56589
-56565
-56536
-56525
-56493
-56450
-56364
-56327
-56239
-56085
-56046
-55958
-55922
-55947
-55894
-55888
-55794
-55716
-55632
-55441
-55398
-55346
-55299
-55309
-55267
-55309
-55307
-55308
-55293
-55186
-55184
-55106
-55016
-55012
-54913
-54839
-54788
-54719
-54666
-54638
-54638
-54562
-54485
-54439
-54377
-54359
-54362
-54372
-54353
-54355
-54408
-54431
-54500
-54551
-54531
-54533
-54503
-54475
-54476
-54493
-54576
-54597
-54659
-54837
-54899
-55041
-55182
-55107
-55081
-55052
-55003
-54990
-55011
-55126
-55168
-55253
-55401
-55466
-55578
-55636
-55670
-55703
-55661
-55645
-55508
-55371
-55332
-55239
-55228
-55298
-55371
-55410
-55478
-55562
-55523
-55554
-55582
-55460
-55342
-55201
-55085
-54984
-54914
-54955
-54903
-54900
-54954
-54905
-54971
-54969
-54883
-54834
-54701
-54666
-54549
-54386
-54371
-54213
-54162
-54273
-54337
-54523
-54618
-54616
-54601
-54492
-54509
-54519
-54448
-54417
-54284
-54160
-54134
-54155
-54218
-54290
-54391
-54424
-54401
-54379
-54291
-54200
-54136
-54088
-54066
-54069
-54090
-54126
-54173
-54208
-54211
-54178
-54107
-54039
-54023
-54071
-54167
-54200
-54227
-54280
-54245
-54221
-54178
-54091
-54040
-53972
-53920
-53834
-53768
-53771
-53696
-53686
-53752
-53730
-53717
-53675
-53579
-53511
-53458
-53448
-53480
-53562
-53675
-53760
-53828
-53909
-53964
-53982
-54049
-54093
-54040
-53997
-53969
-53962
-54034
-54179
-54344
-54454
-54596
-54755
-54809
-54883
-54979
-55015
-55092
-55208
-55323
-55392
-55428
-55525
-55601
-55709
-55906
-56113
-56369
-56557
-56610
-56622
-56603
-56603
-56559
-56513
-56615
-56710
-56808
-56997
-57176
-57338
-57474
-57594
-57677
-57718
-57713
-57622
-57545
-57488
-57438
-57411
-57365
-57404
-57507
-57626
-57768
-57848
-57902
-57894
-57813
-57702
-57525
-57366
-57209
-57021
-56897
-56771
-56671
-56631
-56523
-56387
-56206
-56029
-55921
-55759
-55665
-55561
-55418
-55391
-55307
-55226
-55135
-54951
-54806
-54622
-54489
-54398
-54279
-54254
-54162
-54039
-53980
-53872
-53782
-53672
-53609
-53606
-53528
-53532
-53485
-53384
-53387
-53318
-53275
-53238
-53166
-53124
-53055
-53088
-53130
-53200
-53395
-53520
-53639
-53721
-53707
-53702
-53640
-53625
-53652
-53672
-53775
-53829
-53858
-53912
-53937
-53976
-54022
-54095
-54119
-54100
-54185
-54270
-54351
-54489
-54602
-54706
-54811
-54914
-54987
-55044
-55114
-55108
-55101
-55166
-55220
-55277
-55381
-55528
-55636
-55706
-55798
-55848
-55889
-55925
-55934
-55960
-55997
-56064
-56067
-56012
-56052
-56087
-56125
-56274
-56405
-56536
-56654
-56708
-56698
-56581
-56526
-56465
-56365
-56420
-56450
-56415
-56402
-56355
-56304
-56244
-56257
-56304
-56300
-56362
-56359
-56291
-56308
-56288
-56224
-56190
-56153
-56080
-56065
-56109
-56102
-56147
-56190
-56147
-56083
-55989
-55874
-55685
-55538
-55492
-55411
-55354
-55284
-55185
-55083
-54954
-54888
-54802
-54754
-54810
-54784
-54783
-54830
-54786
-54659
-54489
-54329
-54148
-54049
-54094
-54188
-54315
-54415
-54437
-54359
-54266
-54147
-53957
-53878
-53881
-53904
-54012
-54106
-54126
-54100
-54080
-54069
-54013
-53995
-54012
-53994
-54042
-54118
-54175
-54308
-54482
-54611
-54664
-54727
-54801
-54840
-54943
-55058
-55118
-55200
-55285
-55356
-55460
-55621
-55773
-55855
-55984
-56149
-56245
-56348
-56467
-56496
-56460
-56437
-56385
-56391
-56549
-56767
-56968
-57082
-57161
-57175
-57102
-57127
-57122
-57051
-57087
-57096
-57086
-57110
-57120
-57133
-57102
-57087
-57058
-56952
-56928
-56946
-56921
-56942
-56981
-56970
-56901
-56774
-56564
-56326
-56137
-56014
-56012
-56068
-56136
-56159
-56067
-55967
-55772
-55537
-55404
-55234
-55137
-55118
-55073
-55081
-55058
-55048
-55084
-55057
-55034
-54981
-54910
-54924
-54925
-54915
-54924
-54936
-54971
-54958
-54972
-55003
-54973
-54985
-54982
-54940
-54922
-54904
-54913
-54954
-54994
-55030
-55077
-55080
-55049
-55014
-54919
-54834
-54805
-54800
-54819
-54837
-54854
-54856
-54863
-54918
-54962
-54997
-55023
-55006
-54990
-54939
-54866
-54869
-54926
-55039
-55148
-55194
-55274
-55360
-55407
-55405
-55326
-55258
-55248
-55267
-55338
-55456
-55557
-55654
-55699
-55647
-55583
-55520
-55477
-55433
-55408
-55468
-55448
-55443
-55486
-55389
-55374
-55355
-55269
-55250
-55134
-55092
-55045
-54930
-54945
-54878
-54879
-54910
-54833
-54868
-54820
-54743
-54734
-54664
-54654
-54619
-54534
-54492
-54457
-54453
-54454
-54459
-54480
-54485
-54518
-54544
-54527
-54529
-54481
-54392
-54288
-54148
-54072
-54029
-54069
-54192
-54262
-54373
-54454
-54447
-54438
-54384
-54377
-54419
-54423
-54439
-54466
-54547
-54583
-54567
-54644
-54700
-54784
-54867
-54903
-54914
-54827
-54814
-54803
-54776
-54936
-55124
-55291
-55458
-55523
-55548
-55530
-55506
-55539
-55557
-55661
-55802
-55926
-56141
-56307
-56395
-56451
-56457
-56464
-56461
-56490
-56550
-56554
-56544
-56555
-56562
-56669
-56854
-56924
-56934
-56950
-56864
-56767
-56711
-56654
-56649
-56644
-56650
-56637
-56613
-56684
-56687
-56686
-56736
-56677
-56684
-56708
-56690
-56658
-56501
-56353
-56154
-55935
-55905
-55881
-55865
-55935
-56003
-56013
-55947
-55899
-55802
-55679
-55589
-55459
-55401
-55395
-55406
-55367
-55261
-55202
-55008
-54845
-54782
-54638
-54630
-54653
-54687
-54741
-54703
-54744
-54655
-54496
-54417
-54236
-54138
-54065
-53978
-53964
-53954
-54056
-54137
-54225
-54385
-54413
-54406
-54355
-54247
-54197
-54150
-54143
-54200
-54256
-54309
-54408
-54563
-54724
-54892
-54986
-55026
-55035
-54988
-55019
-55052
-55105
-55238
-55359
-55514
-55645
-55782
-55879
-55883
-55944
-55959
-55948
-56000
-56094
-56220
-56319
-56445
-56514
-56554
-56656
-56657
-56630
-56616
-56588
-56593
-56540
-56494
-56513
-56560
-56613
-56639
-56682
-56747
-56810
-56830
-56782
-56742
-56674
-56574
-56490
-56335
-56169
-56001
-55805
-55654
-55494
-55401
-55360
-55266
-55203
-55104
-54993
-54946
-54813
-54634
-54477
-54334
-54241
-54119
-54051
-54001
-53863
-53796
-53670
-53533
-53497
-53402
-53361
-53300
-53236
-53260
-53254
-53334
-53374
-53343
-53356
-53312
-53283
-53201
-53145
-53190
-53192
-53328
-53465
-53541
-53689
-53740
-53854
-53932
-53922
-53994
-53930
-53995
-54126
-54133
-54296
-54360
-54441
-54618
-54699
-54888
-54959
-54937
-54980
-54947
-55005
-55058
-55096
-55194
-55222
-55355
-55449
-55428
-55486
-55471
-55467
-55524
-55525
-55601
-55647
-55591
-55538
-55427
-55332
-55295
-55269
-55336
-55426
-55462
-55528
-55542
-55470
-55399
-55239
-55040
-54856
-54661
-54593
-54573
-54587
-54686
-54726
-54745
-54719
-54622
-54526
-54423
-54359
-54300
-54272
-54314
-54365
-54389
-54386
-54433
-54472
-54455
-54416
-54346
-54266
-54107
-53956
-53852
-53759
-53796
-53902
-54094
-54305
-54403
-54538
-54614
-54631
-54666
-54612
-54572
-54544
-54550
-54602
-54656
-54852
-55021
-55105
-55212
-55222
-55172
-55123
-55084
-55089
-55114
-55175
-55217
-55263
-55332
-55352
-55385
-55426
-55493
-55545
-55591
-55705
-55676
-55632
-55666
-55586
-55540
-55542
-55554
-55567
-55527
-55571
-55555
-55490
-55532
-55481
-55391
-55356
-55297
-55258
-55243
-55303
-55348
-55363
-55471
-55489
-55484
-55502
-55439
-55422
-55380
-55370
-55360
-55338
-55417
-55378
-55394
-55437
-55338
-55330
-55265
-55183
-55139
-55068
-55140
-55173
-55210
-55345
-55391
-55477
-55533
-55520
-55535
-55468
-55431
-55370
-55324
-55421
-55436
-55527
-55658
-55709
-55864
-55930
-55993
-56005
-55872
-55840
-55686
-55573
-55640
-55663
-55820
-55994
-56086
-56160
-56114
-56008
-55856
-55670
-55570
-55528
-55524
-55610
-55734
-55849
-56001
-56140
-56156
-56115
-56013
-55780
-55590
-55464
-55401
-55416
-55442
-55559
-55578
-55501
-55482
-55345
-55218
-55159
-55064
-54996
-54975
-55005
-54996
-54995
-55062
-55070
-55060
-55060
-55005
-54814
-54608
-54502
-54333
-54308
-54424
-54446
-54531
-54589
-54652
-54654
-54544
-54607
-54509
-54413
-54462
-54290
-54350
-54479
-54532
-54634
-54545
-54651
-54603
-54555
-54730
-54560
-54681
-54669
-54589
-54788
-54592
-54799
-54804
-54610
-54782
-54517
-54667
-54817
-54766
-55031
-54927
-55078
-55115
-54940
-55168
-54974
-54843
-54855
-54673
-54844
-54884
-54953
-55113
-55054
-55212
-55200
-55182
-55266
-55117
-55167
-55103
-55076
-55234
-55213
-55399
-55468
-55461
-55605
-55605
-55745
-55758
-55695
-55717
-55596
-55625
-55537
-55493
-55639
-55540
-55626
-55727
-55662
-55783
-55784
-55820
-55905
-55855
-55905
-55833
-55776
-55810
-55728
-55782
-55833
-55881
-56009
-55995
-56042
-56054
-56018
-56143
-56156
-56177
-56300
-56294
-56245
-56231
-56198
-56167
-56214
-56307
-56369
-56426
-56499
-56500
-56434
-56360
-56233
-56067
-55926
-55818
-55739
-55708
-55756
-55782
-55812
-55928
-55996
-56026
-56056
-56041
-55951
-55792
-55658
-55500
-55402
-55430
-55411
-55423
-55517
-55570
-55599
-55601
-55577
-55495
-55343
-55210
-55028
-54860
-54793
-54750
-54767
-54830
-54903
-54948
-54950
-54932
-54841
-54725
-54670
-54624
-54604
-54697
-54800
-54894
-55013
-55064
-55080
-55025
-54954
-54918
-54779
-54710
-54702
-54710
-54904
-55085
-55271
-55505
-55602
-55641
-55613
-55615
-55651
-55592
-55615
-55582
-55541
-55626
-55631
-55693
-55696
-55647
-55663
-55533
-55493
-55484
-55419
-55433
-55399
-55414
-55424
-55468
-55539
-55506
-55529
-55451
-55377
-55387
-55317
-55371
-55403
-55393
-55424
-55378
-55419
-55416
-55384
-55430
-55370
-55341
-55300
-55232
-55245
-55148
-55111
-55099
-54947
-54907
-54845
-54736
-54693
-54609
-54556
-54467
-54402
-54427
-54401
-54438
-54504
-54556
-54681
-54781
-54844
-54864
-54858
-54838
-54726
-54649
-54616
-54591
-54625
-54631
-54701
-54790
-54847
-54969
-55047
-55162
-55272
-55360
-55477
-55453
-55471
-55502
-55466
-55512
-55507
-55557
-55670
-55665
-55676
-55717
-55719
-55670
-55616
-55623
-55604
-55596
-55627
-55628
-55681
-55741
-55737
-55682
-55569
-55496
-55438
-55392
-55396
-55416
-55501
-55570
-55617
-55670
-55637
-55595
-55531
-55463
-55422
-55383
-55463
-55533
-55609
-55712
-55725
-55783
-55785
-55781
-55804
-55760
-55784
-55713
-55642
-55680
-55622
-55641
-55663
-55655
-55735
-55706
-55781
-55889
-55854
-55876
-55756
-55676
-55674
-55597
-55696
-55707
-55764
-55926
-55866
-55892
-55881
-55825
-55854
-55810
-55907
-55953
-55988
-56145
-56139
-56163
-56127
-56031
-56017
-55910
-55915
-55911
-55914
-56048
-55987
-55965
-55965
-55865
-55859
-55780
-55765
-55729
-55605
-55661
-55613
-55566
-55631
-55571
-55598
-55627
-55629
-55661
-55592
-55599
-55520
-55379
-55338
-55177
-55085
-55085
-55079
-55151
-55214
-55289
-55262
-55180
-55156
-55051
-54985
-54940
-54877
-54869
-54826
-54891
-54972
-54988
-55106
-55154
-55167
-55181
-55118
-55092
-55046
-55005
-54955
-54926
-55003
-55008
-55057
-55202
-55293
-55355
-55334
-55283
-55223
-55184
-55245
-55258
-55314
-55453
-55470
-55493
-55564
-55551
-55564
-55595
-55592
-55587
-55563
-55609
-55626
-55625
-55750
-55804
-55888
-56057
-56104
-56132
-56104
-56044
-56020
-55951
-55996
-56082
-56161
-56362
-56525
-56650
-56791
-56802
-56671
-56508
-56354
-56196
-56091
-56071
-56133
-56268
-56429
-56579
-56612
-56556
-56516
-56377
-56214
-56175
-56139
-56115
-56160
-56159
-56085
-55993
-55947
-55895
-55828
-55865
-55823
-55746
-55784
-55703
-55572
-55457
-55265
-55113
-55033
-55055
-55119
-55103
-55134
-55093
-54936
-54848
-54681
-54558
-54571
-54564
-54637
-54638
-54599
-54619
-54492
-54420
-54352
-54172
-54121
-54078
-54053
-54118
-54177
-54257
-54273
-54260
-54217
-54090
-54020
-53954
-53891
-53923
-53959
-53991
-53998
-54022
-54069
-54036
-54059
-54096
-54061
-54048
-54046
-54051
-54029
-54057
-54088
-54052
-54121
-54170
-54121
-54109
-54109
-54074
-54015
-53991
-53948
-53892
-53926
-53969
-54043
-54163
-54235
-54246
-54224
-54266
-54332
-54370
-54464
-54532
-54529
-54564
-54590
-54588
-54616
-54632
-54618
-54548
-54440
-54361
-54331
-54417
-54600
-54814
-55020
-55167
-55246
-55210
-55090
-54946
-54781
-54678
-54611
-54589
-54683
-54795
-54889
-54959
-54955
-54900
-54830
-54801
-54837
-54873
-54952
-55048
-55081
-55082
-55027
-54974
-54934
-54943
-55050
-55129
-55236
-55352
-55414
-55484
-55459
-55404
-55372
-55349
-55413
-55463
-55554
-55698
-55822
-56003
-56119
-56143
-56159
-56115
-56060
-56018
-56005
-56037
-56022
-56002
-56014
-55998
-55988
-56014
-56044
-56047
-56007
-55888
-55779
-55739
-55670
-55588
-55532
-55497
-55481
-55484
-55503
-55459
-55378
-55293
-55158
-55049
-54972
-54917
-54911
-54878
-54897
-54955
-54963
-55014
-55040
-55025
-55018
-54953
-54873
-54764
-54609
-54474
-54336
-54240
-54200
-54165
-54197
-54254
-54283
-54326
-54347
-54353
-54332
-54263
-54205
-54099
-54023
-54071
-54123
-54192
-54264
-54311
-54332
-54260
-54163
-54076
-53988
-53938
-53948
-54021
-54126
-54266
-54383
-54455
-54533
-54547
-54530
-54536
-54543
-54563
-54566
-54605
-54668
-54716
-54819
-54902
-54917
-54928
-54891
-54857
-54882
-54928
-55034
-55101
-55136
-55193
-55208
-55270
-55331
-55331
-55389
-55508
-55575
-55642
-55738
-55761
-55754
-55743
-55741
-55724
-55730
-55836
-55863
-55889
-55994
-55972
-55932
-55895
-55782
-55695
-55601
-55571
-55607
-55632
-55735
-55839
-55937
-56056
-56073
-56064
-56064
-56040
-56086
-56160
-56231
-56243
-56169
-56133
-56094
-56093
-56189
-56255
-56320
-56416
-56439
-56395
-56360
-56382
-56399
-56372
-56382
-56350
-56294
-56343
-56327
-56275
-56317
-56312
-56209
-56067
-56002
-55940
-55872
-55933
-55989
-56043
-56103
-56085
-55996
-55866
-55804
-55735
-55646
-55599
-55500
-55390
-55332
-55326
-55285
-55231
-55271
-55288
-55323
-55366
-55301
-55263
-55232
-55166
-55087
-54959
-54942
-54964
-54954
-55054
-55107
-55162
-55247
-55148
-55023
-54919
-54752
-54603
-54498
-54478
-54454
-54390
-54397
-54402
-54371
-54389
-54342
-54214
-54240
-54285
-54261
-54352
-54360
-54342
-54374
-54312
-54308
-54239
-54202
-54222
-54185
-54333
-54423
-54494
-54634
-54625
-54633
-54606
-54639
-54713
-54703
-54802
-54840
-54813
-54773
-54700
-54699
-54644
-54669
-54779
-54821
-54914
-54971
-54967
-54989
-55001
-54996
-54991
-55016
-55039
-55035
-55077
-55128
-55105
-55171
-55275
-55234
-55223
-55256
-55258
-55259
-55300
-55399
-55421
-55448
-55493
-55459
-55468
-55485
-55484
-55553
-55668
-55784
-55842
-55897
-56005
-56000
-55954
-55950
-55873
-55827
-55798
-55784
-55833
-55866
-55939
-55957
-55953
-55995
-55960
-55958
-55955
-55946
-55969
-55927
-55903
-55850
-55772
-55751
-55672
-55616
-55676
-55677
-55672
-55737
-55777
-55826
-55845
-55860
-55887
-55885
-55902
-55892
-55857
-55839
-55820
-55820
-55819
-55814
-55852
-55881
-55923
-55965
-55897
-55801
-55720
-55626
-55568
-55568
-55603
-55670
-55734
-55765
-55820
-55848
-55856
-55892
-55825
-55741
-55698
-55617
-55606
-55610
-55607
-55648
-55619
-55574
-55528
-55440
-55347
-55222
-55147
-55109
-55081
-55117
-55130
-55186
-55227
-55186
-55187
-55135
-55109
-55139
-55120
-55171
-55238
-55291
-55355
-55360
-55367
-55316
-55203
-55111
-55009
-54996
-55003
-55022
-55115
-55136
-55181
-55228
-55279
-55375
-55343
-55333
-55268
-55126
-55116
-55082
-55056
-55037
-55012
-54996
-54886
-54855
-54815
-54738
-54740
-54701
-54717
-54756
-54772
-54808
-54757
-54786
-54899
-54919
-55034
-55131
-55030
-54972
-54952
-54873
-54818
-54846
-54876
-54844
-54867
-54905
-54895
-54907
-54924
-54905
-54836
-54818
-54851
-54820
-54810
-54824
-54789
-54797
-54827
-54841
-54914
-54988
-55019
-55048
-55086
-55134
-55132
-55167
-55269
-55288
-55306
-55351
-55366
-55381
-55394
-55380
-55281
-55231
-55264
-55279
-55371
-55491
-55565
-55624
-55650
-55644
-55599
-55598
-55613
-55539
-55489
-55455
-55357
-55312
-55317
-55294
-55280
-55294
-55349
-55385
-55403
-55434
-55315
-55146
-55059
-54952
-54899
-54869
-54854
-54896
-54910
-54907
-54821
-54772
-54801
-54697
-54614
-54614
-54650
-54697
-54684
-54692
-54688
-54711
-54734
-54705
-54734
-54748
-54768
-54804
-54809
-54780
-54707
-54706
-54743
-54765
-54804
-54852
-54885
-54920
-55001
-55021
-55047
-55126
-55173
-55209
-55209
-55288
-55359
-55392
-55571
-55674
-55757
-55901
-55890
-55904
-55936
-55933
-55979
-55988
-56113
-56229
-56274
-56382
-56317
-56255
-56212
-56077
-56062
-56022
-56036
-56062
-56012
-56123
-56179
-56224
-56339
-56317
-56301
-56261
-56164
-56071
-55989
-56024
-56056
-56067
-56125
-56162
-56177
-56183
-56241
-56301
-56304
-56282
-56193
-56108
-56035
-55945
-55895
-55851
-55847
-55806
-55705
-55685
-55561
-55408
-55334
-55166
-55080
-55022
-54952
-54999
-54996
-55019
-55047
-54960
-54924
-54910
-54899
-54909
-54867
-54840
-54788
-54754
-54786
-54767
-54775
-54801
-54765
-54717
-54683
-54724
-54766
-54748
-54753
-54751
-54730
-54770
-54826
-54864
-54967
-55032
-54972
-54916
-54907
-54936
-54967
-54972
-55022
-55055
-55102
-55205
-55248
-55354
-55434
-55391
-55438
-55463
-55481
-55495
-55489
-55581
-55616
-55704
-55783
-55783
-55883
-55930
-55979
-56046
-56073
-56095
-56065
-56168
-56269
-56222
-56233
-56233
-56240
-56287
-56264
-56187
-56068
-56031
-56036
-56012
-56048
-56025
-55984
-56021
-55994
-55912
-55820
-55751
-55718
-55630
-55657
-55744
-55724
-55802
-55846
-55843
-55829
-55659
-55547
-55434
-55397
-55456
-55401
-55520
-55618
-55584
-55651
-55616
-55544
-55463
-55405
-55431
-55366
-55369
-55351
-55195
-55168
-55155
-55100
-55148
-55216
-55225
-55181
-55185
-55193
-55161
-55233
-55312
-55262
-55180
-55072
-54910
-54791
-54659
-54544
-54477
-54411
-54476
-54513
-54531
-54623
-54537
-54414
-54332
-54180
-54091
-54080
-54082
-54062
-54162
-54312
-54259
-54189
-54168
-54121
-54095
-54049
-54049
-54033
-54025
-54078
-54018
-54058
-54182
-54211
-54322
-54367
-54412
-54509
-54501
-54544
-54498
-54478
-54539
-54505
-54649
-54800
-54941
-55180
-55255
-55324
-55280
-55151
-55157
-55074
-55096
-55188
-55230
-55388
-55422
-55403
-55394
-55338
-55384
-55387
-55423
-55502
-55502
-55618
-55775
-55924
-56061
-56071
-56034
-55914
-55759
-55635
-55460
-55347
-55330
-55410
-55600
-55779
-55898
-55951
-55961
-55927
-55870
-55819
-55711
-55587
-55481
-55449
-55520
-55610
-55716
-55733
-55642
-55556
-55435
-55320
-55229
-55185
-55253
-55270
-55232
-55200
-55085
-55001
-54927
-54841
-54869
-54902
-54900
-54882
-54857
-54887
-54964
-55056
-55049
-55025
-55034
-54961
-54975
-55078
-55109
-55067
-54972
-54912
-54874
-54874
-54907
-54899
-54955
-55046
-55167
-55325
-55387
-55426
-55406
-55295
-55217
-55069
-54946
-54926
-54891
-54993
-55094
-55165
-55393
-55532
-55637
-55675
-55566
-55551
-55461
-55381
-55409
-55327
-55382
-55447
-55352
-55401
-55434
-55435
-55503
-55503
-55594
-55701
-55715
-55723
-55630
-55572
-55610
-55572
-55514
-55519
-55560
-55566
-55579
-55632
-55635
-55646
-55652
-55582
-55512
-55460
-55367
-55280
-55287
-55336
-55396
-55523
-55578
-55492
-55453
-55463
-55391
-55361
-55411
-55431
-55461
-55441
-55320
-55217
-55202
-55231
-55190
-55176
-55209
-55213
-55251
-55248
-55245
-55255
-55261
-55262
-55107
-54995
-54951
-54804
-54742
-54718
-54711
-54814
-54905
-54998
-55036
-55080
-55202
-55199
-55181
-55183
-55117
-55070
-54999
-54898
-54795
-54781
-54873
-54917
-55019
-55156
-55187
-55253
-55298
-55236
-55153
-55071
-55007
-54932
-54919
-54952
-54978
-55130
-55295
-55351
-55358
-55323
-55277
-55146
-54997
-54915
-54786
-54777
-54841
-54827
-54932
-55017
-55031
-55033
-54991
-55010
-54938
-54877
-54849
-54692
-54624
-54574
-54556
-54664
-54739
-54788
-54761
-54700
-54643
-54534
-54525
-54569
-54520
-54479
-54480
-54478
-54464
-54469
-54492
-54406
-54337
-54353
-54276
-54272
-54332
-54274
-54223
-54177
-54121
-54088
-54100
-54207
-54246
-54289
-54403
-54377
-54316
-54283
-54262
-54314
-54377
-54498
-54601
-54696
-54818
-54832
-54899
-54969
-54984
-55039
-55023
-55065
-55117
-55185
-55355
-55319
-55255
-55265
-55196
-55250
-55311
-55395
-55513
-55526
-55622
-55626
-55619
-55688
-55586
-55605
-55652
-55650
-55751
-55742
-55784
-55823
-55778
-55847
-55863
-55914
-56020
-56047
-56127
-56136
-56129
-56181
-56172
-56212
-56226
-56214
-56285
-56305
-56330
-56355
-56282
-56232
-56183
-56160
-56228
-56301
-56426
-56526
-56535
-56563
-56558
-56555
-56586
-56532
-56468
-56417
-56335
-56313
-56332
-56404
-56472
-56525
-56582
-56483
-56417
-56387
-56284
-56287
-56262
-56254
-56287
-56225
-56218
-56156
-56083
-56077
-55989
-55981
-55909
-55765
-55753
-55669
-55673
-55703
-55666
-55759
-55679
-55660
-55743
-55620
-55622
-55543
-55400
-55329
-55150
-55151
-55126
-55068
-55121
-54997
-54971
-54969
-54883
-54891
-54769
-54680
-54636
-54516
-54447
-54386
-54459
-54486
-54449
-54546
-54539
-54520
-54488
-54378
-54323
-54225
-54177
-54120
-54063
-54141
-54160
-54165
-54176
-54162
-54126
-54072
-54079
-53993
-53974
-54051
-54014
-54044
-54060
-54057
-54123
-54114
-54152
-54190
-54198
-54250
-54152
-54127
-54211
-54182
-54221
-54292
-54392
-54478
-54515
-54656
-54711
-54724
-54759
-54706
-54721
-54815
-54885
-54890
-54890
-54902
-54855
-54834
-54805
-54730
-54741
-54795
-54842
-54838
-54799
-54851
-54865
-54928
-55016
-54950
-55015
-55074
-55093
-55180
-55167
-55249
-55224
-55142
-55166
-54993
-54942
-54958
-54898
-54986
-55019
-55102
-55112
-55039
-55177
-55210
-55265
-55343
-55249
-55220
-55133
-55109
-55160
-55149
-55264
-55314
-55410
-55579
-55544
-55583
-55608
-55550
-55582
-55550
-55533
-55495
-55488
-55529
-55456
-55526
-55627
-55629
-55659
-55645
-55696
-55767
-55823
-55902
-55838
-55829
-55851
-55771
-55812
-55789
-55763
-55809
-55754
-55788
-55727
-55672
-55739
-55620
-55590
-55567
-55495
-55544
-55518
-55574
-55652
-55748
-55941
-55969
-55977
-55955
-55851
-55806
-55787
-55825
-55889
-56002
-56078
-56017
-55963
-55874
-55786
-55791
-55814
-55846
-55861
-55901
-55916
-55821
-55787
-55742
-55585
-55477
-55412
-55373
-55391
-55445
-55514
-55508
-55466
-55343
-55117
-54979
-54861
-54749
-54738
-54784
-54848
-54852
-54881
-54916
-54844
-54738
-54597
-54521
-54524
-54517
-54559
-54609
-54647
-54671
-54653
-54671
-54725
-54732
-54699
-54672
-54650
-54625
-54686
-54808
-54857
-54842
-54798
-54749
-54706
-54670
-54715
-54797
-54888
-55034
-55120
-55186
-55238
-55180
-55118
-55017
-54947
-54929
-54889
-54984
-55061
-55147
-55354
-55428
-55434
-55406
-55320
-55307
-55311
-55393
-55501
-55574
-55750
-55877
-55911
-55885
-55716
-55560
-55454
-55392
-55433
-55509
-55644
-55794
-55916
-56010
-56054
-56100
-56086
-56148
-56254
-56219
-56234
-56193
-56087
-56092
-56092
-56141
-56293
-56456
-56602
-56694
-56711
-56683
-56626
-56547
-56441
-56274
-56150
-56039
-55929
-56057
-56256
-56409
-56559
-56579
-56543
-56355
-56162
-56116
-55904
-55736
-55750
-55724
-55783
-55971
-56145
-56231
-56331
-56369
-56167
-56046
-55958
-55705
-55558
-55436
-55375
-55475
-55627
-55862
-55948
-55975
-56005
-55706
-55463
-55342
-55155
-55198
-55293
-55422
-55516
-55455
-55473
-55324
-55121
-55003
-54777
-54734
-54834
-54938
-55100
-55249
-55339
-55220
-55070
-54955
-54773
-54706
-54703
-54780
-54919
-55023
-55129
-55135
-55153
-55219
-55139
-54970
-54805
-54727
-54769
-54885
-55024
-55134
-55321
-55532
-55580
-55503
-55344
-55212
-55143
-55081
-55166
-55293
-55436
-55644
-55664
-55683
-55652
-55364
-55169
-54987
-54858
-54976
-55096
-55301
-55444
-55407
-55441
-55263
-55020
-54949
-54787
-54716
-54695
-54659
-54714
-54791
-54917
-54936
-54861
-54729
-54488
-54265
-54223
-54413
-54643
-54923
-55129
-55061
-54958
-54865
-54734
-54637
-54487
-54228
-53947
-53752
-53733
-53930
-54266
-54628
-54890
-54963
-54876
-54608
-54243
-53917
-53636
-53423
-53351
-53437
-53582
-53839
-54158
-54308
-54385
-54418
-54317
-54166
-53962
-53779
-53692
-53679
-53849
-54041
-54207
-54468
-54609
-54718
-54826
-54777
-54761
-54730
-54658
-54652
-54695
-54835
-54932
-54951
-55004
-55057
-55193
-55400
-55476
-55462
-55403
-55200
-55000
-54873
-54864
-55077
-55412
-55821
-56125
-56157
-56009
-55769
-55456
-55138
-54950
-54939
-55109
-55395
-55701
-55971
-56123
-56124
-55964
-55694
-55475
-55290
-55095
-55094
-55240
-55456
-55780
-55969
-56043
-56064
-55906
-55675
-55391
-55179
-55103
-55022
-55120
-55305
-55480
-55646
-55698
-55780
-55724
-55654
-55682
-55543
-55479
-55439
-55374
-55389
-55297
-55283
-55295
-55271
-55345
-55341
-55372
-55433
-55469
-55577
-55631
-55618
-55478
-55331
-55316
-55308
-55426
-55631
-55741
-55745
-55658
-55517
-55314
-55229
-55275
-55299
-55471
-55630
-55656
-55678
-55616
-55560
-55426
-55278
-55301
-55249
-55259
-55311
-55256
-55330
-55409
-55478
-55512
-55439
-55381
-55176
-54963
-54849
-54754
-54844
-55017
-55142
-55232
-55283
-55263
-55125
-54919
-54691
-54438
-54265
-54266
-54292
-54334
-54496
-54586
-54647
-54799
-54856
-54827
-54742
-54558
-54330
-54113
-54039
-54075
-54190
-54508
-54805
-54952
-55033
-54950
-54809
-54625
-54443
-54385
-54315
-54390
-54568
-54704
-55019
-55300
-55395
-55458
-55411
-55234
-55043
-54891
-54810
-54843
-55016
-55283
-55515
-55690
-55759
-55605
-55376
-55197
-55081
-55085
-55183
-55319
-55437
-55501
-55510
-55443
-55328
-55270
-55197
-55166
-55323
-55409
-55448
-55568
-55624
-55632
-55562
-55433
-55344
-55320
-55367
-55414
-55433
-55483
-55511
-55455
-55396
-55311
-55131
-54935
-54858
-54873
-54964
-55212
-55458
-55617
-55732
-55723
-55579
-55366
-55138
-54914
-54780
-54821
-54983
-55200
-55442
-55653
-55712
-55660
-55559
-55366
-55215
-55166
-55177
-55321
-55512
-55638
-55701
-55699
-55730
-55764
-55745
-55781
-55758
-55698
-55697
-55709
-55807
-55909
-56050
-56186
-56249
-56329
-56189
-55991
-55851
-55633
-55554
-55541
-55650
-55927
-56102
-56237
-56346
-56431
-56435
-56248
-56002
-55670
-55403
-55333
-55372
-55619
-55843
-55953
-56047
-55988
-55893
-55664
-55365
-55197
-54970
-54867
-54881
-54950
-55209
-55355
-55424
-55467
-55385
-55268
-55014
-54779
-54666
-54576
-54593
-54653
-54743
-54874
-54966
-55004
-54893
-54666
-54465
-54340
-54263
-54272
-54424
-54640
-54825
-54913
-54945
-54948
-54864
-54709
-54525
-54381
-54332
-54423
-54683
-54977
-55144
-55193
-55142
-55048
-55010
-54927
-54815
-54729
-54654
-54688
-54740
-54828
-54989
-55060
-55176
-55283
-55307
-55321
-55170
-55043
-55039
-55106
-55299
-55429
-55517
-55598
-55621
-55688
-55707
-55658
-55617
-55530
-55440
-55365
-55347
-55373
-55400
-55499
-55689
-55899
-56003
-56073
-56017
-55817
-55691
-55428
-55191
-55192
-55243
-55455
-55622
-55657
-55710
-55651
-55662
-55641
-55517
-55536
-55548
-55582
-55647
-55704
-55775
-55725
-55704
-55678
-55590
-55572
-55480
-55424
-55547
-55694
-55730
-55627
-55564
-55521
-55501
-55640
-55794
-55930
-56019
-55969
-55871
-55831
-55848
-55770
-55637
-55599
-55647
-55758
-55873
-55912
-55807
-55745
-55785
-55729
-55690
-55661
-55604
-55523
-55437
-55456
-55436
-55453
-55475
-55492
-55613
-55609
-55547
-55368
-55159
-55106
-54957
-54948
-55075
-55169
-55419
-55594
-55619
-55568
-55386
-55113
-54804
-54699
-54777
-54871
-55056
-55232
-55288
-55275
-55178
-54967
-54740
-54629
-54642
-54770
-55016
-55282
-55345
-55220
-55067
-54819
-54620
-54551
-54539
-54729
-54956
-55158
-55410
-55470
-55420
-55331
-55148
-55080
-55035
-55027
-55202
-55299
-55353
-55400
-55315
-55206
-55035
-54936
-54969
-55065
-55317
-55479
-55519
-55536
-55346
-55084
-54970
-54979
-55094
-55328
-55613
-55794
-55743
-55472
-55098
-54782
-54706
-54768
-54863
-55030
-55124
-55210
-55290
-55270
-55215
-55038
-54930
-54857
-54693
-54672
-54566
-54397
-54418
-54499
-54595
-54689
-54763
-54751
-54612
-54434
-54229
-54009
-53847
-53822
-53930
-54125
-54378
-54556
-54656
-54673
-54518
-54302
-54023
-53767
-53686
-53731
-53889
-54051
-54168
-54257
-54284
-54313
-54374
-54455
-54575
-54656
-54648
-54637
-54571
-54513
-54551
-54572
-54652
-54751
-54841
-54985
-55058
-55116
-55168
-55114
-55050
-55033
-55034
-55138
-55312
-55510
-55800
-56010
-56095
-56044
-55869
-55782
-55700
-55686
-55830
-55973
-56222
-56479
-56584
-56626
-56516
-56426
-56415
-56390
-56539
-56644
-56680
-56744
-56673
-56649
-56692
-56808
-57038
-57138
-57153
-57087
-56901
-56822
-56770
-56748
-56955
-57162
-57238
-57217
-56957
-56590
-56369
-56305
-56335
-56417
-56561
-56667
-56680
-56716
-56661
-56513
-56428
-56321
-56189
-56084
-55994
-55843
-55708
-55695
-55656
-55688
-55743
-55709
-55680
-55573
-55538
-55455
-55349
-55411
-55343
-55275
-55187
-55060
-55004
-54848
-54789
-54622
-54427
-54469
-54397
-54440
-54527
-54491
-54535
-54512
-54529
-54510
-54431
-54397
-54217
-54042
-53975
-53921
-53854
-53866
-53934
-53936
-54059
-54192
-54217
-54240
-54163
-54096
-53985
-53929
-53996
-53916
-53969
-54086
-54115
-54223
-54272
-54311
-54227
-54106
-54075
-53984
-54020
-54072
-54056
-54164
-54255
-54281
-54305
-54330
-54346
-54255
-54133
-54112
-54095
-54177
-54395
-54502
-54581
-54609
-54444
-54299
-54227
-54196
-54224
-54355
-54537
-54625
-54737
-54845
-54860
-54839
-54779
-54658
-54487
-54482
-54607
-54694
-54897
-55094
-55187
-55229
-55199
-55160
-55066
-55089
-55190
-55215
-55431
-55656
-55778
-55915
-55895
-55771
-55573
-55368
-55304
-55263
-55342
-55575
-55792
-56058
-56326
-56431
-56483
-56456
-56235
-55993
-55844
-55791
-55831
-55994
-56262
-56454
-56568
-56650
-56651
-56553
-56433
-56303
-56106
-55996
-55950
-55895
-55944
-56046
-56203
-56385
-56534
-56632
-56579
-56413
-56122
-55830
-55678
-55551
-55592
-55739
-55878
-56082
-56199
-56321
-56395
-56272
-56073
-55799
-55572
-55433
-55395
-55422
-55411
-55497
-55630
-55823
-56000
-56026
-55973
-55724
-55539
-55424
-55262
-55345
-55453
-55657
-55911
-55992
-56107
-56040
-55954
-55923
-55740
-55714
-55664
-55613
-55741
-55827
-55997
-56121
-56149
-56221
-56174
-56143
-56154
-56086
-56048
-56015
-55989
-56027
-56081
-56182
-56245
-56226
-56205
-56104
-56002
-55957
-55920
-56008
-56153
-56265
-56347
-56341
-56327
-56273
-56146
-56085
-55972
-55841
-55818
-55787
-55851
-55945
-56035
-56182
-56170
-56137
-55985
-55674
-55484
-55263
-55142
-55099
-55114
-55291
-55401
-55626
-55779
-55760
-55817
-55663
-55444
-55250
-55004
-54897
-54786
-54796
-54823
-54752
-54894
-54944
-55011
-55173
-55111
-55087
-54974
-54836
-54733
-54499
-54584
-54745
-54797
-54905
-54800
-54713
-54707
-54695
-54753
-54693
-54652
-54602
-54475
-54474
-54486
-54491
-54574
-54612
-54607
-54652
-54684
-54704
-54689
-54591
-54503
-54338
-54223
-54221
-54151
-54207
-54317
-54353
-54453
-54505
-54492
-54438
-54359
-54389
-54429
-54423
-54474
-54482
-54465
-54505
-54525
-54599
-54716
-54789
-54850
-54893
-54907
-54846
-54747
-54656
-54603
-54659
-54773
-54877
-54963
-55043
-55066
-55026
-54986
-54931
-54890
-54876
-54891
-54932
-54945
-55018
-55053
-54937
-54912
-54902
-54893
-55029
-55137
-55240
-55266
-55265
-55333
-55255
-55263
-55279
-55157
-55237
-55308
-55289
-55301
-55286
-55365
-55412
-55501
-55639
-55617
-55666
-55709
-55607
-55538
-55447
-55417
-55502
-55602
-55719
-55750
-55776
-55805
-55712
-55633
-55546
-55449
-55384
-55312
-55243
-55158
-55186
-55248
-55288
-55407
-55443
-55409
-55356
-55254
-55040
-54710
-54508
-54345
-54257
-54383
-54536
-54790
-54988
-55065
-55157
-55016
-54877
-54763
-54499
-54426
-54389
-54361
-54404
-54387
-54471
-54461
-54456
-54563
-54587
-54713
-54782
-54760
-54766
-54668
-54614
-54570
-54497
-54511
-54502
-54533
-54595
-54621
-54670
-54682
-54734
-54773
-54753
-54803
-54758
-54713
-54678
-54582
-54628
-54649
-54694
-54767
-54699
-54709
-54686
-54680
-54779
-54830
-54949
-55042
-55145
-55262
-55303
-55439
-55455
-55370
-55335
-55251
-55335
-55462
-55552
-55659
-55679
-55830
-55908
-55888
-55928
-55816
-55790
-55748
-55664
-55741
-55751
-55862
-55949
-55895
-55961
-55863
-55705
-55661
-55521
-55462
-55467
-55505
-55622
-55691
-55796
-55826
-55782
-55815
-55744
-55613
-55511
-55366
-55235
-55148
-55112
-55090
-55101
-55207
-55306
-55378
-55431
-55425
-55350
-55225
-55131
-55016
-54917
-54920
-54958
-55074
-55248
-55346
-55333
-55273
-55164
-54977
-54836
-54755
-54685
-54653
-54674
-54733
-54744
-54810
-54922
-54923
-54990
-55047
-55035
-55178
-55247
-55203
-55174
-55027
-54931
-54815
-54731
-54854
-54830
-54894
-55071
-55038
-55133
-55257
-55301
-55361
-55253
-55133
-55013
-54925
-55028
-55025
-55018
-55144
-55150
-55185
-55289
-55350
-55462
-55611
-55740
-55776
-55724
-55693
-55593
-55426
-55348
-55259
-55169
-55234
-55310
-55319
-55374
-55434
-55478
-55541
-55613
-55650
-55638
-55659
-55699
-55695
-55658
-55601
-55487
-55382
-55320
-55235
-55226
-55308
-55440
-55623
-55754
-55818
-55806
-55716
-55638
-55523
-55397
-55334
-55257
-55273
-55370
-55444
-55547
-55584
-55586
-55528
-55368
-55210
-54994
-54863
-54838
-54817
-54935
-55067
-55157
-55239
-55220
-55183
-55121
-55019
-54968
-54887
-54823
-54834
-54835
-54893
-54953
-54966
-54950
-54851
-54758
-54681
-54650
-54697
-54703
-54682
-54666
-54608
-54523
-54488
-54453
-54394
-54391
-54358
-54363
-54417
-54462
-54573
-54607
-54662
-54743
-54711
-54770
-54748
-54647
-54589
-54444
-54387
-54354
-54379
-54559
-54691
-54924
-55096
-55096
-55170
-55156
-55180
-55305
-55379
-55560
-55700
-55743
-55743
-55632
-55543
-55478
-55518
-55662
-55811
-56043
-56210
-56317
-56398
-56364
-56365
-56320
-56254
-56236
-56117
-56060
-56051
-56054
-56141
-56221
-56360
-56470
-56566
-56616
-56501
-56401
-56214
-55972
-55846
-55790
-55834
-55935
-56120
-56284
-56350
-56450
-56459
-56333
-56193
-56043
-55868
-55722
-55672
-55683
-55734
-55834
-55911
-55919
-55907
-55878
-55775
-55659
-55617
-55575
-55544
-55625
-55683
-55676
-55667
-55583
-55462
-55345
-55227
-55146
-55104
-55171
-55280
-55287
-55368
-55421
-55333
-55297
-55218
-55106
-55018
-54968
-54961
-54896
-54917
-54926
-54839
-54870
-54853
-54780
-54813
-54858
-54935
-54991
-55003
-55028
-54976
-54943
-54960
-54904
-54892
-54938
-54932
-54965
-55033
-55013
-55012
-55079
-55114
-55153
-55235
-55336
-55353
-55336
-55364
-55267
-55208
-55279
-55313
-55451
-55648
-55797
-55922
-55975
-55986
-55847
-55644
-55558
-55457
-55444
-55578
-55699
-55788
-55857
-55923
-55917
-55873
-55898
-55891
-55846
-55841
-55745
-55584
-55539
-55501
-55486
-55569
-55653
-55750
-55821
-55836
-55832
-55763
-55649
-55550
-55420
-55355
-55431
-55490
-55591
-55728
-55779
-55864
-55917
-55896
-55832
-55726
-55676
-55557
-55486
-55556
-55565
-55640
-55774
-55864
-55961
-56028
-56115
-56138
-56108
-56165
-56089
-55965
-55942
-55835
-55791
-55836
-55832
-55857
-55901
-55911
-55897
-55882
-55870
-55854
-55808
-55742
-55690
-55611
-55568
-55556
-55523
-55524
-55505
-55511
-55507
-55421
-55418
-55405
-55336
-55331
-55355
-55407
-55390
-55323
-55353
-55366
-55399
-55485
-55439
-55423
-55386
-55216
-55147
-55040
-54914
-54869
-54786
-54825
-54837
-54804
-54875
-54857
-54950
-55043
-55016
-55156
-55238
-55305
-55348
-55282
-55231
-55056
-54941
-54810
-54632
-54580
-54568
-54658
-54696
-54764
-54790
-54772
-54935
-54944
-55040
-55139
-55199
-55446
-55414
-55491
-55497
-55270
-55316
-55142
-55038
-55050
-54963
-55079
-55006
-55069
-55177
-55068
-55234
-55265
-55288
-55402
-55350
-55398
-55324
-55325
-55363
-55241
-55273
-55166
-55072
-55054
-54914
-54928
-54922
-55006
-55152
-55190
-55417
-55498
-55489
-55540
-55364
-55241
-55087
-54877
-54768
-54640
-54694
-54735
-54745
-54940
-54992
-55060
-55138
-55069
-55118
-55112
-55139
-55179
-55065
-55107
-55038
-54884
-54851
-54695
-54616
-54589
-54636
-54773
-54786
-54899
-54934
-54880
-54964
-54929
-54904
-54948
-54955
-54970
-54931
-54937
-54911
-54847
-54897
-54925
-54948
-54986
-54965
-54874
-54768
-54796
-54790
-54779
-54898
-54915
-54972
-55112
-55174
-55211
-55143
-55077
-54916
-54657
-54611
-54500
-54435
-54577
-54617
-54761
-54941
-55032
-55113
-55074
-55070
-54900
-54622
-54516
-54302
-54212
-54312
-54385
-54555
-54665
-54765
-54832
-54760
-54730
-54579
-54398
-54331
-54239
-54277
-54376
-54437
-54502
-54467
-54424
-54402
-54386
-54430
-54469
-54482
-54497
-54494
-54433
-54420
-54488
-54507
-54554
-54612
-54586
-54614
-54626
-54595
-54605
-54548
-54557
-54588
-54584
-54714
-54763
-54834
-54929
-54850
-54825
-54753
-54673
-54640
-54544
-54580
-54609
-54661
-54815
-54886
-55006
-55108
-55084
-55055
-54980
-54876
-54778
-54694
-54652
-54615
-54663
-54765
-54881
-55035
-55139
-55214
-55233
-55192
-55139
-55051
-54954
-54889
-54877
-54906
-54984
-55117
-55253
-55362
-55443
-55494
-55523
-55499
-55431
-55418
-55364
-55375
-55557
-55665
-55838
-56006
-56003
-56022
-55960
-55881
-55841
-55806
-55902
-55937
-55987
-56149
-56195
-56295
-56408
-56406
-56475
-56483
-56462
-56446
-56363
-56374
-56318
-56289
-56399
-56420
-56482
-56570
-56597
-56597
-56500
-56388
-56248
-56092
-55973
-55810
-55671
-55628
-55636
-55674
-55803
-55942
-55983
-56010
-55963
-55798
-55612
-55425
-55268
-55151
-55093
-55088
-55070
-55106
-55155
-55070
-54956
-54848
-54708
-54589
-54478
-54387
-54293
-54239
-54225
-54151
-54140
-54175
-54146
-54118
-54065
-53984
-53915
-53878
-53838
-53733
-53638
-53622
-53656
-53712
-53825
-53895
-53915
-53981
-53924
-53810
-53770
-53712
-53627
-53547
-53549
-53539
-53541
-53722
-53868
-53955
-54140
-54277
-54364
-54507
-54611
-54637
-54664
-54681
-54638
-54598
-54647
-54729
-54801
-54982
-55149
-55210
-55339
-55399
-55403
-55458
-55429
-55422
-55446
-55482
-55564
-55610
-55758
-55945
-56051
-56191
-56301
